frame,t_s,x_px_filt,y_px_filt,x_mm_abs,y_mm_abs,angle_deg_raw,mm_per_px,x_mm,y_mm,angle_deg_unwrapped,vx_mm_s,vy_mm_s,speed_mm_s,angular_vel_dps
507,4.193480400001135,197.46677530975208,322.6442907569782,37.990052089823415,62.07258610019139,1.792508314903848,0.19238705868484013,0.0,-0.0,1.0525084859852059,,,,
564,4.664099700001316,197.32757542142247,322.6465427331757,37.96327183273842,62.07301935126825,1.768572165325084,0.19238705868484013,-0.026780257084993764,-0.0004332510768634279,1.3901164863729922,,,,
565,4.67460630000096,197.32025139930093,322.64640741180955,37.961862785664714,62.07299331718864,1.701461949697097,0.19238705868484013,-0.028189304158701134,-0.00040721699725310145,1.7271875897769655,,,,
566,4.679212100001678,197.30416105539163,322.64561827140943,37.95876721172678,62.07284149678817,1.6880400019389312,0.19238705868484013,-0.03128487809663483,-0.0002553965967848626,1.7056496508034067,-0.31948753551936654,0.016102167832895538,0.3198930526928605,4.304014484454523
567,4.690617500000371,197.28797339983424,322.64473434080156,37.955652916287086,62.07267143997844,1.6853555170198664,0.19238705868484013,-0.03439917353632893,-8.533978705571599e-05,1.688877465866248,-0.20466014353014977,0.014777129321556821,0.20519292848626025,4.07121318349356
568,4.695527300000322,197.276201723982,322.64394115355975,37.953388198194084,62.072518841018,1.6848186200360535,0.19238705868484013,-0.03666389162933115,6.725917338457066e-05,1.663678756265291,0.10477467172422766,-0.02548058829654666,0.10782853154364008,-2.382791777043066
569,4.7068111000007775,197.30653822396425,322.64438372588995,37.95922454819646,62.072603986206865,1.684711240639291,0.19238705868484013,-0.030827541626955224,-1.788601547758617e-05,1.658638995271613,0.22289665798660363,-0.032296042348323915,0.2252242315847957,-1.4516891796735802
570,4.712167400000908,197.34587970369614,322.6499188684842,37.96679333976639,62.073668876009975,1.5754684016923113,0.19238705868484013,-0.023258750057024713,-0.0010827758185882885,1.6576310430728776,0.524500337581538,-0.03540011033687115,0.5256936103235514,-1.5064448111660447
571,4.721881900000881,197.34176472572872,322.64997513948435,37.96600167125869,62.073679701822186,1.6628411969705426,0.19238705868484013,-0.024050418564726783,-0.0010936016307994123,1.6574294526331306,0.5866623699741242,-0.03746163558977695,0.587857219471461,-0.26711530765647096
572,4.726317700000436,197.3702388498892,322.6499892072344,37.97147972425455,62.07368240827524,1.6803157560261888,0.19238705868484013,-0.018572365568864768,-0.0010963080838521932,1.6496919719170071,0.44161330657121195,-0.03642126040133219,0.443112650180494,-0.23876838171976578
573,4.738155900000493,197.360980885568,322.6487109858906,37.969698611729385,62.073436495030556,1.6838106678373181,0.19238705868484013,-0.02035347809403021,-0.0008503948391691551,1.6622915857591343,0.014801885313499796,-0.00021950971775834245,0.014803512871956822,-0.24245600911578832
574,4.755135900000823,197.34262177778848,322.64891785877734,37.9661665569836,62.07347629469676,1.6460238370586748,0.19238705868484013,-0.023885532839813095,-0.0008901945053736426,1.6571143458993856,-0.026105103000291112,-0.0020562249182578866,0.026185959282987375,-0.3985946503417143
575,4.760147200000574,197.3238413270155,322.6493815643037,37.96255344129861,62.073565505639074,1.6384664709029462,0.19238705868484013,-0.02749864852480499,-0.0009794054476870429,1.6560789170009222,-0.42650204600320074,-0.012321583994915557,0.4266799932936393,0.25878567962919946
576,4.770009700001538,197.30917841036717,322.64990947799,37.9597324858929,62.073667069400415,1.6369549976718003,0.19238705868484013,-0.030319603930514916,-0.0010809692090276712,1.6481746685930558,-0.4286819351914932,-0.017843728702947915,0.42905314381035364,0.1866138404658664
577,4.773974700001418,197.2933704998086,322.6509798719389,37.95669124847658,62.07387299934388,1.6751386115338718,0.19238705868484013,-0.033360841346834036,-0.0012868991524896956,1.6542909815396563,-0.3809975913397038,-0.00653270898041379,0.3810535932034741,0.32882752683666977
578,4.786655500000052,197.28273517255957,322.6514305758949,37.954645149148995,62.07395970895231,1.6442894257979854,0.19238705868484013,-0.035406940674420184,-0.0013736087609217407,1.6632114067571502,-0.2655017579013818,0.0032395069898353565,0.2655215205106003,0.3761778251206332
579,4.791048000000956,197.2834294596438,322.65019284905185,37.95477872099901,62.073721586325526,1.6766054017916774,0.19238705868484013,-0.03527336882440579,-0.00113548613413883,1.664995491800649,-0.263262803473628,0.005478561915898181,0.2633198023952252,2.5599714972893874
580,4.802888900001562,197.27459653117072,322.6482812444895,37.9530793798705,62.073353818346405,1.6830685969904158,0.19238705868484013,-0.03697270995291291,-0.0007677181550178602,1.6653522897358626,-0.13590535404415263,0.02055314409600267,0.13745070749216798,2.2686865023540936
581,4.8072065000014845,197.26842864329072,322.6482611070208,37.95189275806297,62.07334994415803,1.6458754228892942,0.19238705868484013,-0.038159331760446946,-0.0007638439666450836,1.7090357098697804,-0.22981299276498962,0.10245254279822516,0.2516158484066998,1.813887449683658
582,4.819272800001272,197.26026054217033,322.6467912289036,37.95032132111338,62.073067158630444,1.6769226012099392,0.19238705868484013,-0.03973076871003656,-0.0004810584390568806,1.71007523126839,-0.1121854288118096,0.09014855681794146,0.143917798531131,1.847070638301329
583,4.824041400001079,197.24462293583554,322.63681072226495,37.94731284802575,62.071147038314045,1.862706526467574,0.19238705868484013,-0.042739241797661975,0.001439061877341885,1.7025859729199382,-0.06249894548577957,0.06884966812131188,0.09298599350036131,1.5272096683581884
584,4.834877799999958,197.27946322907607,322.6372223949217,37.95401566956602,62.07122623880562,1.6818030087847258,0.19238705868484013,-0.03603642025739617,0.0013598613857652708,1.7087852838784217,-0.02001370744683022,0.06037653264191822,0.0636071865407355,-1.1240915362980077
585,4.838992900000449,197.28170739052098,322.6388359332031,37.95444741718562,62.07153666268965,1.6456223052481562,0.19238705868484013,-0.03560467263779543,0.0010494375017344737,1.7023279834419442,0.320913872367776,0.029975365128074957,0.32231077548329445,-1.4682740283846198
586,4.850845900000422,197.2778624555404,322.64139080703126,37.95370770145387,62.07202818735076,1.6768719776817116,0.19238705868484013,-0.03634438836954246,0.0005579128406267841,1.665121625435948,0.6056483452618282,-0.04584227709864804,0.6073807969371273,-1.0349859019117345
587,4.8553977999999915,197.315113044305,322.6444327847656,37.96087423266057,62.072613424499664,1.6446360990275535,0.19238705868484013,-0.029177857162842713,-2.7324308277343334e-05,1.6576803538347487,0.47118935024961056,-0.052009742742932304,0.4740510701694873,-1.4357672401999866
588,4.8658171000006405,197.3580484331954,322.6431562308594,37.969134445842684,62.07236783204839,1.676674736437591,0.19238705868484013,-0.020917643980730816,0.00021826814299430453,1.6638892621426824,0.5352665180714781,-0.03907326542071336,0.5366907540092353,-1.0168167707185451
589,4.870325600000797,197.35678887221485,322.6440501661133,37.9688921226104,62.07253981362254,1.6445966507787293,0.19238705868484013,-0.021159967213016273,4.628656884619886e-05,1.6574338811760956,0.8663725236165796,-0.05360863424259121,0.8680295129447596,-0.7169248963201335
590,4.882514200000514,197.38373380862987,322.6447314135986,37.974075979673735,62.07267087682248,1.676666846787826,0.19238705868484013,-0.015976110149679812,-8.477663109118794e-05,1.6638399676109519,0.6493370502016371,-0.030396974426588508,0.6500481373089643,-0.41183082279385863
591,4.886427500001446,197.41613914063402,322.64705321472775,37.98031034618372,62.073117561312564,1.6445950728487764,0.19238705868484013,-0.009741743639693823,-0.0005314611211773013,1.6574240222697494,0.3442072297957965,-0.043232811516365294,0.346911650186767,-0.5436873935380171
592,4.898168500001702,197.4459956921409,322.6478167704788,37.986054360310604,62.07326445955765,1.6766665312018356,0.19238705868484013,-0.003997729512811077,-0.0006783593662618159,1.6561408332015088,0.2813650557454002,-0.03785634904892944,0.28390033067597253,-0.13998122859924655
593,4.902217500000916,197.4305716464239,322.6486714167408,37.98308697352209,62.073428882438215,1.6445950097315782,0.19238705868484013,-0.006965116301323349,-0.0008427822468277668,1.6558842144613473,-0.08043571216864631,-0.024145231164594487,0.08398152165845187,-0.16886946248425302
594,4.915249300000141,197.4056470619966,322.64943439471256,37.97829180603518,62.073575669526036,1.6381807054375268,0.19238705868484013,-0.01176028378823446,-0.0009895693346493317,1.6635300533414887,-0.4700810812714623,0.002948691154597668,0.4700903293505115,0.16358061704877855
595,4.919261400000323,197.37679094640737,322.64822896000624,37.9727402628319,62.07334375948845,1.6753837530870173,0.19238705868484013,-0.017311826991516455,-0.0007576592970650609,1.6650592211175168,-0.39423303035578167,0.007263956301305293,0.3942999458339424,0.1881492048722498
596,4.932718000000023,197.35195301614286,322.6467374157828,37.967961766484486,62.07305680568241,1.6828242672494838,0.19238705868484013,-0.022090323338929352,-0.00047070549102556924,1.6653650546727226,-0.08805644524155037,0.01609537412504105,0.08951535408410784,0.051994150538930084
597,4.937231600000814,197.37232815882086,322.6465247470121,37.97188168025459,62.07301589096314,1.684312370081977,0.19238705868484013,-0.018170409568824653,-0.00042979077175431257,1.6654262213837636,0.18521439725956484,0.02316158007317536,0.1866569895388598,-0.9755311285836765
598,4.947558700001537,197.41516455923647,322.64633425071787,37.980122849335196,62.072979241941404,1.6461241775076065,0.19238705868484013,-0.009929240488219193,-0.0003931417500169232,1.6577412730243117,0.5369296756732639,0.005605944808898957,0.5369589399905702,-1.2677903391009038
599,4.952696400001514,197.4418267233052,322.6456915338709,37.98525230465856,62.072855591537646,1.6384865389927323,0.19238705868484013,-0.004799785164856019,-0.00026949134625908755,1.6343600107388958,0.6538422586537671,-0.006104659979843946,0.6538707563998631,-1.304401890730042
600,4.96415160000106,197.46414778190052,322.6474763502646,37.98954658746844,62.07319896711392,1.6369590112897576,0.19238705868484013,-0.0005055023549758175,-0.0006128669225304861,1.6219865956536388,0.29562395194013685,-0.013573781405677984,0.2959354127210082,-1.3240097329665779
601,4.97958650000146,197.48255687345363,322.65046314274196,37.993088258445404,62.07377358733354,1.5659179558224048,0.19238705868484013,0.003036168621989077,-0.0011874871421539979,1.6195119126365873,0.011492756586696296,-0.015332930170427436,0.01916199889291968,-1.0401087506920748
602,4.9854446000008465,197.45446337607825,322.65132428177924,37.98768343311718,62.073939259340044,1.622445294655692,0.19238705868484013,-0.00236865670623132,-0.0013531591486568573,1.6190169760331772,-0.12628564252149482,-0.030370379919256923,0.12988619435300577,0.493466039018578
603,4.996695300000283,197.41805157400003,322.6516311192729,37.98067827361394,62.07399829090295,1.6337507624223495,0.19238705868484013,-0.009373816209475194,-0.001412190711562289,1.626615151340669,-0.14241443446777385,-0.013021414556880861,0.14300849059352386,0.6237676524866449
604,5.001721600001474,197.4261376493594,322.652966678744,37.98223392986863,62.07425523526129,1.6360118559756809,0.19238705868484013,-0.007818159954787518,-0.0016691350699034047,1.6422818963875188,-0.05012145589171721,-0.011351469027984947,0.051390818146811554,0.6207120031255746
605,5.011371800001143,197.44089644236914,322.65011911109224,37.98507333064551,62.07370740009636,1.6749498878272164,0.19238705868484013,-0.004978759177902248,-0.0011212999049732275,1.6381453479359513,0.050580869718029914,-0.01144039628547826,0.05185852917892196,0.5159291382896576
606,5.016082900001493,197.45781551073878,322.6508262865621,37.98832834044484,62.073843451504985,1.6442516810566543,0.19238705868484013,-0.0017237493785771107,-0.00125735131359761,1.6373180382456378,-0.09649237433977936,-0.01214958058419147,0.09725425756284335,0.3210580073301816
607,5.028304000001299,197.4311920063468,322.6526510296483,37.98320632274298,62.074194508460195,1.6017625523978545,0.19238705868484013,-0.006845767080434939,-0.001608408268808148,1.629882697920124,-0.2588989576684736,0.0007136844494673535,0.2588999413428197,-0.17384035563435105
608,5.03327740000168,197.39608611804178,322.65287833358394,37.97645240414946,62.07423823879579,1.629614213970782,0.19238705868484013,-0.013599685673952422,-0.0016521386044061614,1.628395629855021,-0.5259817377990612,0.023287648494643175,0.52649701145451,0.5498773736385709
609,5.044795200001317,197.36600074703975,322.6520882967749,37.970664368112935,62.07408624593785,1.5988351543481116,0.19238705868484013,-0.019387721710479866,-0.0015001457464620671,1.6357953788701745,-0.7526540352232998,0.047104072858886306,0.75412657453362,0.7937183580521598
610,5.0499511000016355,197.338097476799,322.6475420326898,37.96529614002363,62.07321160356251,1.6675145475017026,0.19238705868484013,-0.024755949799782684,-0.0006255033711255464,1.6522423887623165,-0.5000100793405127,0.07837888820808982,0.5061159250199918,1.2994632920548086
611,5.060478700001113,197.31388685699272,322.64260602819195,37.96063833009016,62.07226198017552,1.6812504261324208,0.19238705868484013,-0.02941375973325222,0.0003241200158683455,1.6632289533689186,-0.11936988338553971,0.08027973325084689,0.14385410884053496,1.3946561861550464
612,5.065408700000262,197.33551746009778,322.6393349787277,37.96479977819912,62.071632672590276,1.6839976018585645,0.19238705868484013,-0.025252311624292645,0.0009534276011109455,1.6726961446776902,0.17721526687716388,0.07771150938682854,0.1935053733246794,0.99292833034823
613,5.076108500001283,197.36583889871585,322.6392954146038,37.97063323058995,62.07162506096485,1.6845470370037932,0.19238705868484013,-0.01941885923346831,0.0009610392265386736,1.6745895829394446,0.38342478751741144,0.05211051424913568,0.3869497039384854,0.3288551582739353
614,5.081465400000525,197.3931374285364,322.6392855235728,37.975885114448545,62.07162315805849,1.6461711108919697,0.19238705868484013,-0.014166975374870105,0.0009629421328938292,1.6672711079636215,0.6348507574354606,0.013421045174938848,0.6349926052088841,0.10619651852628992
615,5.092687800000931,197.39254628950715,322.63685690335416,37.97577138694943,62.07115592295796,1.6769817388104742,0.19238705868484013,-0.01428070287398242,0.0014301772334235352,1.665807412968457,0.5381171493690836,-0.00838796774416074,0.53818251964179,-0.5423634894313283
616,5.096887700001389,197.41033139659555,322.6391107712487,37.979193011390564,62.071589537972855,1.644658051253306,0.19238705868484013,-0.010859078432851277,0.000996562218531949,1.6655146930429106,0.245875222625951,0.013782279521294832,0.24626119533975316,-0.692609010849988
617,5.107629400001315,197.43045607912936,322.63807206537075,37.98306473987021,62.07138970440416,1.6766791268827415,0.19238705868484013,-0.00698734995320649,0.0011963957872254127,1.6513090390724496,0.09247205343995038,-0.005045997720197346,0.09260962563574737,-0.4291864647872823
618,5.11257680000017,197.40689990845422,322.6352031359716,37.978532837480145,62.070837759515484,1.6830834373760601,0.19238705868484013,-0.01151925234326967,0.001748340675902682,1.6484679082783573,0.23007195339888029,-0.030320055393090233,0.23206121929313522,-0.40772073751901555
619,5.124158000000534,197.4197448440569,322.64084881866086,37.981004036859744,62.07192391580234,1.5751428410396653,0.19238705868484013,-0.009048052963670727,0.000662184389049969,1.6478996821195389,0.12543139069753975,-0.01143208826255494,0.1259512858781589,-0.39420114146603796
620,5.129077400000824,197.43707808723494,322.64301554939175,37.98433872853223,62.072340766754614,1.6627760848400133,0.19238705868484013,-0.0057133612911854925,0.00024533343677290986,1.6477860559612614,-0.16402278963208947,0.007942912520840676,0.1642149974210833,0.4471767367008941
621,5.139913700000761,197.45349635896693,322.6435114557073,37.987497391539435,62.07243617271205,1.6418169204592137,0.19238705868484013,-0.002554698283979917,0.0001499274793346217,1.6477633116561194,0.03902663141775248,-0.015233029727022746,0.04189418998478743,0.6051770604234581
622,5.144816800000626,197.42579779579643,322.64056841568464,37.982168546441265,62.0718699698985,1.6761109960913545,0.19238705868484013,-0.007883543382149583,0.0007161302928864188,1.6619058727804428,0.0990867337287101,0.00114414646968042,0.09909333919173567,0.8904463483171416
623,5.157927900001596,197.43256028879284,322.6408626239407,37.98346956257823,62.07192657175952,1.6829697158503512,0.19238705868484013,-0.006582527245186043,0.0006595284318677841,1.6647343850053076,0.026761881796104642,0.01359392748371154,0.030016548464156984,0.26148766748318153
624,5.1639273000000685,197.44857891497165,322.6412337223914,37.986551338952935,62.07199796629894,1.6458556466612813,0.19238705868484013,-0.0035007508704794077,0.0005881338924496049,1.6729972500784545,0.05491674470070283,0.0077870026791216065,0.055466082061443815,0.056830110378310705
625,5.172357900000861,197.46243693455347,322.6422191361643,37.98921744257948,62.07218754715628,1.6769186459643366,0.19238705868484013,-0.0008346472439342278,0.0003985530351044986,1.6462900284763846,0.1698663859283569,-0.03803446384804615,0.17407242604321288,-0.39389978895866185
626,5.177567100001397,197.47414118554266,322.6432436878497,37.9914691890014,62.072384657641514,1.6831312458249477,0.19238705868484013,0.0014170991779849373,0.00020144254987286558,1.6409485841559706,0.15753647426557557,-0.03487918146566181,0.16135147357165017,-0.4214357733440419
627,5.1880764000015915,197.4461682004384,322.6494507535054,37.986087548674554,62.07357881674608,1.5425748880810053,0.19238705868484013,-0.00396454114886069,-0.000992716554691242,1.6475774579200615,0.1505190598719438,-0.03135959518385925,0.15375113526354636,-1.8025779927771728
628,5.205061700000442,197.4494860808713,322.6484390433568,37.986725865932115,62.07338417680635,1.6562624942482813,0.19238705868484013,-0.0033262238912996622,-0.0007980766149628948,1.6489032326728799,0.12726437594677353,-0.02728273932936609,0.13015594204812875,-0.7687175830387607
629,5.208965000001626,197.45919616621393,322.64832344492123,37.98859396069076,62.07336193716334,1.6790000154817366,0.19238705868484013,-0.0014581291326578594,-0.000775836971953936,1.627324115009918,0.13255366784231423,-0.041104882434444816,0.13878071270317105,-0.6841422267197426
630,5.220978500001365,197.47168304423903,322.6484547625975,37.990996274426166,62.07338720098483,1.6835475197284275,0.19238705868484013,0.0009441846027513634,-0.0008011007934456416,1.6513680670205386,0.27283053961768516,-0.01986527051482733,0.2735527962216883,-0.8216905252238665
631,5.225772400001006,197.48311317438984,322.65111973312986,37.993195283546264,62.07389990682703,1.5752356575101387,0.19238705868484013,0.0031431937228489915,-0.0013138066356432887,1.6484796947944889,0.3242872736869588,-0.03288133473394408,0.32595002385213323,-1.1287873090964085
632,5.235910800000056,197.4930889320252,322.6515113175598,37.99511449021588,62.073975242603744,1.662794648134108,0.19238705868484013,0.0050624003924681915,-0.0013891424123571028,1.647902020349279,0.2509412312823036,-0.025284417084722247,0.2522118222938663,0.19273515770697758
633,5.241271400000187,197.50130491733248,322.65300539286653,37.99669513946335,62.07426268335745,1.6418206331180327,0.19238705868484013,0.0066430496399334515,-0.0016765831660663366,1.640089322832063,0.2341363210436359,-0.031148243856198587,0.23619913193569056,-0.4310407499149247
634,5.252932600000349,197.5080853235714,322.65035767145883,37.997999601876344,62.07375329602361,1.6761116432556868,0.19238705868484013,0.00794751205292954,-0.0011671958322239107,1.6526738933139713,0.1555876599007143,-0.01512447336555646,0.1563210465931116,-0.33018361850590805
635,5.257568300001367,197.51087905794364,322.6511148084897,37.998537080214966,62.07389895939,1.6444840321423484,0.19238705868484013,0.00848499039155115,-0.0013128591986131255,1.647493644782179,0.1399769723929865,-0.006941993994691652,0.14014900670689479,-0.3264860968966333
636,5.268116100000043,197.5144957349449,322.65258583102866,37.99923288206545,62.07418196508953,1.6381585099196807,0.19238705868484013,0.009180792242034386,-0.0015958648981424517,1.646457595075821,0.08068476584850937,0.008911759442628304,0.08117543283772534,-0.29231884107797124
637,5.273499400000219,197.517608613912,322.6516489601986,37.99983175969397,62.074001723266164,1.6368934054751472,0.19238705868484013,0.009779669870553676,-0.0014156230747772724,1.6462503851345494,0.0692038937011936,0.0064105203512285725,0.069500170320508,-0.633496035080255
638,5.284527400001025,197.51751708267722,322.650178780577,37.99981415026893,62.07371887973302,1.6366403845862405,0.19238705868484013,0.009762060445517307,-0.0011327795416349318,1.6320618331609433,0.04953381417680102,0.00515031390192188,0.04980084818745745,-0.42093006373517955
639,5.289055400000507,197.51879882633335,322.64944502473406,38.00006074116093,62.07357771460461,1.6750755935493284,0.19238705868484013,0.010008651337514607,-0.000991614413223374,1.6292241227662223,-0.25944069603571307,0.00727483799368644,0.2595426709181549,-0.11121276143974629
640,5.299442600000475,197.51974868729621,322.651481739582,38.00024348211773,62.073969552183584,1.573541272274319,0.19238705868484013,0.01019139229431687,-0.0013834519921971378,1.6286565806872781,-0.42090317349494494,0.0005217595067638066,0.42090349688627987,-0.20165165243317507
641,5.304671400001098,197.47955417621858,322.6519222537431,37.99251057835623,62.07405430140735,1.623969957946075,0.19238705868484013,0.002458488532816716,-0.0014682012159639157,1.6362402348996632,-0.4488309488954162,0.019987347940393405,0.44927576694503574,0.5790055740328085
642,5.317266900001414,197.43398308751168,322.65194082954906,37.98374329063884,62.07405787515202,1.6340556950804261,0.19238705868484013,-0.006308799184573388,-0.0014717749606347752,1.6300598031139661,-0.6006004810765544,0.025917404740526964,0.6011594212335634,0.9237282322793835
643,5.3222010000008595,197.43036085366504,322.6487869041646,37.983046419723216,62.073451100723986,1.6745586556481655,0.19238705868484013,-0.007005670100198813,-0.0008650005325989696,1.6429708267421783,-0.8733914357962689,0.05316081560487465,0.8750078127868594,1.3264464238390323
644,5.3315722000006645,197.39604999124828,322.6458240453771,37.97644545382192,62.07288108503656,1.644173434620844,0.19238705868484013,-0.013606636001497918,-0.00029498484517631596,1.6532501940959945,-0.5432634641136789,0.06580473288655282,0.5472343687224561,0.9348330622624125
645,5.336550900001384,197.36120808497026,322.6432751641763,37.969742321954115,62.07239071327941,1.63809639041538,0.19238705868484013,-0.020309767869299833,0.0001953869119759588,1.6630032301949316,-0.268687983038652,0.06661049592257014,0.2768215858570818,0.9865337266253875
646,5.347869600000195,197.37131169531483,322.6405093428019,37.97168612583041,62.07185860504034,1.6753667947151563,0.19238705868484013,-0.018365963993005607,0.0007274951510467531,1.6572566747865451,-0.31467555487641424,0.037688677155957355,0.3169245039793313,0.604437937958081
647,5.352819800000361,197.3887263613287,322.64041298023176,37.975036482202796,62.0718400661289,1.6828208755751115,0.19238705868484013,-0.01501560762061871,0.0007460340624874107,1.6561073255578953,-0.3609719026903748,0.015582675793346767,0.3613080878098219,0.4403384122043814
648,5.363393500001621,197.36832645727554,322.64160196331966,37.97111180466455,62.07206881108801,1.6458258786062334,0.19238705868484013,-0.01894028515886248,0.0005172891033780047,1.663574618340339,-0.1915753037890363,0.006445273181943072,0.19168369405938374,0.05411208704048258
649,5.368796500000826,197.34204346734623,322.64299784190416,37.96605529753861,62.072337360063166,1.6384266884775944,0.19238705868484013,-0.023996792284805224,0.0002487401282209589,1.6650680768968278,-0.40561965570159697,0.005201620292939357,0.40565300682375566,0.157903196838077
650,5.379532800001471,197.31417526502992,322.64005091311276,37.96069381606414,62.07177040910083,1.6754328543275991,0.19238705868484013,-0.02935827375927147,0.0008156910905583459,1.6653667686081255,-0.4653817550843159,0.002030612990971125,0.46538618517794156,0.34709542565038315
651,5.384842400000707,197.2893783194313,322.6389250817938,37.95592320463606,62.0715538137248,1.6828340874976,0.19238705868484013,-0.03412888518735713,0.0010322864665894826,1.6654265069503849,-0.45215774747780046,0.012007873725834454,0.4523171648695348,-0.03663109765666106
652,5.395642900000894,197.31059912697697,322.639604927675,37.960005813382686,62.07168460727425,1.6843143341316003,0.19238705868484013,-0.030046276440728548,0.0009014929171371477,1.6731356744674697,-0.3256532759949966,0.02337548980199302,0.3264911479500731,-0.26067170437126497
653,5.4007197999999335,197.30254907373643,322.63885936180156,37.95845708731748,62.071541170048796,1.6461245703175311,0.19238705868484013,-0.03159500250593794,0.001044930142590772,1.6669803453427128,-0.03530963478061369,-0.007333687366233636,0.036063184533897986,-0.6317253696346441
654,5.411300900001152,197.2858652347427,322.6384669766809,37.9552473326059,62.07146568022956,1.676972526063018,0.19238705868484013,-0.03480475721751475,0.0011204199618291,1.6580521168895876,0.261018956576086,-0.02662723930754491,0.2623735992153363,-0.5282052880526266
655,5.416490000001431,197.3115519104923,322.6411841269827,37.960189116600766,62.07198842478413,1.6446562087038146,0.19238705868484013,-0.029862973222648748,0.000597675407256304,1.648569308570789,0.16349105934662703,-0.028716805123062836,0.16599391971623023,-0.6558523110732621
656,5.4274583000005805,197.3447985306016,322.6443582265699,37.9665853360548,62.07259908046769,1.6381929452319741,0.19238705868484013,-0.0234667537686164,-1.2980276302698712e-05,1.6543699095352031,0.09090473626462822,-0.03101433624147494,0.09604977942629998,-0.06501594437008024
657,5.442815000000337,197.33604704475977,322.6461588315448,37.96490166343457,62.07294549356266,1.636900292537606,0.19238705868484013,-0.02515042638884779,-0.00035939337127643967,1.6555300106545996,0.2249637567723928,-0.03333263032539908,0.2274197794950079,0.3825630494752401
658,5.447367400000076,197.32024070406104,322.6457621199956,37.96186072803897,62.07286917139456,1.6751275751396015,0.19238705868484013,-0.028191361784443814,-0.00028307120317094814,1.6634592125801388,-0.06006888479785344,0.014412362368139087,0.061773676512640395,1.232113742559685
659,5.459881700000551,197.34410970604455,322.6460520412294,37.96645281512432,62.07292494848798,1.6827730316600005,0.19238705868484013,-0.023599274699094508,-0.00033884829659314164,1.6809054579335085,-0.08637896426753533,0.01433660731945077,0.08756062915125881,1.0289959645653133
660,5.464503600000171,197.33275060155995,322.6427370703659,37.96426747042324,62.07228719099393,1.684302218331512,0.19238705868484013,-0.025784619400177178,0.0002989091974541225,1.6920918696323561,0.17253980756545262,0.010518075530901462,0.17286010270619756,0.9686830020965594
661,5.475720899999942,197.35908181542905,322.64600531251335,37.96933325521111,62.07291595848775,1.7254241719988221,0.19238705868484013,-0.020718834612303283,-0.0003298582963608965,1.6866319893439519,0.2593970174590142,0.012194950753504704,0.2596835179415754,0.6163433556236343
662,5.480552200000602,197.388838904785,322.64705125488615,37.97505813410732,62.073117184264405,1.6928323510318446,0.19238705868484013,-0.01499395571609341,-0.0005310840730174959,1.685540013286271,-0.004819844522536587,0.023406908867661304,0.02389799748850157,-0.014487086323044296
663,5.491508400000384,197.37553003869624,322.64561901489344,37.97249768050608,62.07284163982487,1.64782817369758,0.19238705868484013,-0.01755440931733432,-0.00025553963348556863,1.6853215990012487,0.014213268200657048,-0.0006386529433962083,0.014227609445227173,-0.5263255028402536
664,5.496171300001151,197.35240454336548,322.64436831573505,37.96804863447876,62.072601021492495,1.6773131513715962,0.19238705868484013,-0.022003455344652423,-1.4921301108472562e-05,1.6771146738041562,-0.27331379603545536,0.019055097297392066,0.2739772396319146,-0.4433789643281754
665,5.507989499999894,197.32920526181795,322.64327744270327,37.963585392938235,62.072391151638506,1.6832101469063996,0.19238705868484013,-0.026466696885179886,0.00019494855288115787,1.675473288764738,-0.5846487175475924,0.030565332975940628,0.5854471474949507,-0.39939084933829877
666,5.512548600001537,197.30583876052285,322.64227230257035,37.95908998048231,62.07219777568477,1.6843895460133602,0.19238705868484013,-0.030962109341103883,0.0003883245066162999,1.6751450117568543,-0.3150245566670895,0.00667587810613221,0.3150952850357876,-0.3959760233774019
667,5.52334300000075,197.28498248676158,322.6413801483965,37.95507750331826,62.07202613676736,1.6846254258347524,0.19238705868484013,-0.03497458650515739,0.0005599634240240903,1.6750793754287638,-0.1472714839170285,-0.0030079037023252346,0.1473021977426204,-0.17595121293252663
668,5.527931200000239,197.31156010533297,322.6436290336811,37.96019069318206,62.072458793192595,1.6461867886581616,0.19238705868484013,-0.02986139664135834,0.0001273069987917097,1.6750662481631458,0.17709937266731146,-0.011134502295347612,0.17744904885775062,-0.21806792443593037
669,5.539598900000783,197.30456315255395,322.6434359449437,37.95884457001714,62.07242164541834,1.676984969731144,0.19238705868484013,-0.0312075198062729,0.0001644547730492718,1.6673664600818483,0.49788846006863646,-0.027812475884228367,0.4986646693764548,-0.07235288201666204
670,5.5440054000009695,197.33306064897835,322.6439598773492,37.96432711953411,62.07252244323278,1.6831445105783092,0.19238705868484013,-0.025724970289303428,6.365695860921505e-05,1.665826521539075,0.49283953696226945,-0.027613671614633316,0.4936125242062087,-0.010878456683235484
671,5.555259600001591,197.3692072398813,322.6463567906263,37.971281255839415,62.07298357832809,1.645890605606873,0.19238705868484013,-0.018770833984000035,-0.0003974781367048763,1.6732156964586942,0.20292656876259932,-0.005270023362059896,0.20299498874602448,-0.005074963859842263
672,5.560164600001372,197.35908647793906,322.6459260506839,37.9693341522177,62.072900709537514,1.6769257331208864,0.19238705868484013,-0.02071793760571694,-0.0003146093461268151,1.6746935314426181,0.05859743772738857,0.003113611981271941,0.05868010129324166,0.4637071264058838
673,5.571464600001491,197.33940159385,322.6449028383546,37.96554703526726,62.07270385672707,1.6831326632562575,0.19238705868484013,-0.024505054556158257,-0.00011775653567980271,1.674989098439403,-0.24168195376921112,0.010752555380499813,0.2419210289018171,0.5600604956115078
674,5.576070500001151,197.31936272756406,322.64382306066284,37.961691816723125,62.072496121472916,1.6843741446507634,0.19238705868484013,-0.0283602731002901,8.997871847071792e-05,1.6827453744669336,-0.1114525291309153,-0.006508753635407399,0.11164242080662687,0.4428909902600326
675,5.587795900000856,197.3036871174379,322.6428893589157,37.958676032197864,62.07231648934009,1.684622345562233,0.19238705868484013,-0.0313760576255504,0.00026961085129784124,1.6842966105989534,-0.05147553394338205,-0.00916090888073129,0.05228434609208897,0.24712104442867766
676,5.592182700000194,197.33262420245518,322.64579161463126,37.96424315287125,62.07287484578077,1.684671985744527,0.19238705868484013,-0.025808936952167016,-0.0002887455893798574,1.6846068578253572,0.2384211006848435,-0.015209423332123672,0.23890572996449463,0.1812910776939527
677,5.603451300001325,197.32693809407084,322.6455787630328,37.96314921920382,62.0728338958878,1.6846819137809856,0.19238705868484013,-0.026902870619593955,-0.00024779569640998034,1.676971725568978,0.3823815723455583,-0.02750614347371197,0.38336960599173464,-0.2984016789778423
678,5.608491100001629,197.35612951253137,322.6459146492543,37.96876527034028,62.07289851605,1.6846838993882773,0.19238705868484013,-0.021286819483137265,-0.00031241585861607746,1.675444699117702,0.2823107424168356,-0.02328888192936821,0.2832697077088635,-0.3952798892014696
679,5.619691700001567,197.34930535786918,322.64686837178624,37.96745239129681,62.07308199992273,1.6461984833688665,0.19238705868484013,-0.02259969852660504,-0.0004958997313408986,1.667442131199273,-0.024019705581253444,-0.00010532411358458267,0.024019936498229966,-0.41520015125839305
680,5.6242374000012205,197.33140592931105,322.6460081696067,37.96400877288438,62.07291650815554,1.6769872133058537,0.19238705868484013,-0.026043316939038164,-0.000330407964149515,1.6658416176155875,-0.11921741429216309,0.006224364462106717,0.11937979135291865,0.04349717480373588
681,5.635321900001145,197.3162766227086,322.6466628700384,37.96109809008719,62.07304246404591,1.6446591461523818,0.19238705868484013,-0.028953999736224034,-0.00045636385452496597,1.6655215148988503,-0.2393517702526634,0.008429690897117724,0.23950016620391879,0.1315293512096482
682,5.640045600001031,197.30220605753263,322.6457965768846,37.95839109543895,62.07287580045409,1.6766793458625566,0.19238705868484013,-0.03166099438446679,-0.00028970026270513927,1.673154676057163,-0.23481625748138957,0.02030502075678161,0.23569252988904754,0.2783508391967858
683,5.651175300001341,197.33192205881676,322.64590043816645,37.96410806952188,62.072895782020616,1.6830833858045917,0.19238705868484013,-0.025944020301537307,-0.0003096818292291914,1.6746813082888254,-0.19518147271348868,0.025236719305104037,0.19680624810175854,0.35154766530713333
684,5.666728800000783,197.3242791902413,322.64242451139705,37.96263768051673,62.072227058693244,1.6843642891604302,0.19238705868484013,-0.027414409306686593,0.00035904149814314223,1.6749866347351579,-0.18065714704627167,0.02420489783469142,0.18227145102315415,0.22552976655610474
685,5.671125100001518,197.3114965858904,322.6410291014821,37.96017847286333,62.07195859988405,1.6846203744641663,0.19238705868484013,-0.029873616960081506,0.00062750030733838,1.6750477000244242,-0.18843136397512472,0.020466171888781,0.18953955555848248,-0.1863261059421619
686,5.682787200001258,197.29998108006635,322.6420306518354,37.95796303856857,62.072151285210644,1.6461857783840443,0.19238705868484013,-0.03208905125484307,0.00043481498074271485,1.6673627504541038,-0.31691628852372633,0.01710495385049977,0.3173775565125573,0.04612081633034307
687,5.68625400000019,197.28895401025096,322.6417317230174,37.95584157304088,62.072093775174594,1.676984672308889,0.19238705868484013,-0.034210516782536615,0.0004923250167934157,1.6658257414665536,-0.37707552058787275,0.01138598646169895,0.37724738423787807,1.9716723002304333
688,5.698974300001282,197.2804408646233,322.6429616172778,37.95420375399342,62.07233039091385,1.6446586379529888,0.19238705868484013,-0.03584833582999636,0.00025570927753904016,1.682354525124366,-0.3064529632688079,0.015208600516702284,0.3068301162303172,1.9636939035495888
689,5.702816900000471,197.27254475595075,322.6426739980694,37.95268464487085,62.07227505670033,1.6766792442226781,0.19238705868484013,-0.037367444952565165,0.0003110434910595927,1.719425578791963,-0.3457787545447573,0.07480197154581024,0.3537771643869397,2.093135236102939
690,5.7136989000009635,197.26087758303066,322.63813889746655,37.95044003178958,62.0714025620345,1.7672642927532272,0.19238705868484013,-0.03961205803383194,0.0011835381568872094,1.719142626897309,-0.23231888715291582,0.0688704994833926,0.2423122180721831,2.181633674955792
691,5.718510500000775,197.25120877564046,322.63109997094864,37.948579878374794,62.07004836366542,1.831541046722032,0.19238705868484013,-0.04147221144862101,0.0025377365259657836,1.719086036518378,-0.21341139831676023,0.05093333409377995,0.21940517189306066,1.2125726508947618
692,5.7316905000006955,197.2481507046523,322.63199526861604,37.94799154509213,62.070220607350294,1.6755699128356176,0.19238705868484013,-0.04206054473128518,0.0023654928410934417,1.7190747184425916,-0.13763809822414944,0.04424924390412969,0.14457607571395678,-1.2445421092444784
693,5.73643919999995,197.24730607826268,322.63466812867745,37.947829049905344,62.070734831035786,1.6443756860583347,0.19238705868484013,-0.042223039918070526,0.0018512691556011873,1.7022362884455988,-0.11883354613189509,0.02354029980513541,0.12114271501496447,-0.8480194133507655
694,5.747596800001702,197.24635105569848,322.6357712191811,37.94764531592324,62.070947051373246,1.6766226538437472,0.19238705868484013,-0.042406773900175665,0.0016390488181414753,1.6728004681383388,-0.05159032382411171,-0.03446364658516588,0.06204276306084316,0.009881050118765167
695,5.752694000000702,197.24337716211798,322.6363903145609,37.947073177284445,62.071066157312416,1.6830721427682613,0.19238705868484013,-0.04297891253897035,0.001519942878971392,1.6827737090451487,-0.04909461026742501,-0.02141877764225315,0.05356346509514332,0.3653836005456665
696,5.763355400000364,197.24058519629122,322.63686552297617,37.94653603919109,62.07115758126169,1.6843619451857326,0.19238705868484013,-0.04351605063232711,0.0014285189296998624,1.7283804177733857,-0.05626569915227851,0.028548458787330065,0.06309392522443502,0.9664392947340842
697,5.768489400001272,197.23972698754937,322.6354737049628,37.94637093093551,62.070889813487874,1.7254361173696662,0.19238705868484013,-0.04368115888790669,0.0016962867035132945,1.737501759519033,0.2603128958391501,0.02624591578209296,0.2616326658416432,1.1588318329567409
698,5.779352600000493,197.23577021734633,322.62748109713914,37.945609699554254,62.069352139177454,1.8724092296995194,0.19238705868484013,-0.04444239026916108,0.00323396101393314,1.7316288461665024,0.2967006351354735,0.010191211544392582,0.29687560978048694,0.7333028755651807
699,5.784645300000193,197.27886366639711,322.6283210799488,37.95390032146572,62.069513740999554,1.7222293625719842,0.19238705868484013,-0.03615176835769773,0.0030723591918331294,1.7227571008678224,0.30215228839307934,-0.01839661558695819,0.3027118115406614,-1.259723855880642
700,5.79501960000016,197.28262180038834,322.6339097987958,37.95462333781043,62.07058893818034,1.653707576005608,0.19238705868484013,-0.03542875201298301,0.0019971620110439403,1.7209827518080862,0.28579810244672427,-0.035744734963529784,0.28802472366059356,-1.717123805473636
701,5.799961500000791,197.28202782558537,322.63780179051923,37.95450906474515,62.07133770702044,1.6400032186923328,0.19238705868484013,-0.03554302507826179,0.0012483931709468266,1.6928762264175257,0.26312005385884646,-0.07491326799008398,0.2735766080344524,-1.345987370240744
702,5.810976200000368,197.27550497275377,322.63978186852825,37.95325415227465,62.07171864840456,1.7165643720709862,0.19238705868484013,-0.03679793754876215,0.000867451786824347,1.6872549213394135,-0.06003874589314984,-0.07041606705377738,0.09253687647497234,-0.16464270460467456
703,5.815974400000414,197.27073857839352,322.64119241537423,37.95233715968315,62.0719900193634,1.731876602746717,0.19238705868484013,-0.037714930140268166,0.0005960808279894536,1.6938278420254513,-0.12457051440524157,-0.05042497120140085,0.13438932539397838,-0.08218619219162791
704,5.826594100000875,197.26801347150268,322.6416366048201,37.95181288438382,62.07207547566439,1.6941228371814236,0.19238705868484013,-0.038239205439595025,0.0005106245269956844,1.7387544867095341,-0.1416632567379987,0.00522823200574252,0.14175970061876544,0.9267662337145401
705,5.8300018000009,197.2635327563034,322.6417018758144,37.95095085276582,62.072088032959,1.6865721794357964,0.19238705868484013,-0.03910123705759361,0.0004980672323853241,1.7395765923797488,-0.16691905048206734,0.024810960792554432,0.16875293535012842,2.477826533581811
706,5.8424488000000565,197.2565074261364,322.6335013356528,37.94959927015871,62.07051035515768,1.8646364421127455,0.19238705868484013,-0.04045281966470782,0.0020757450337072214,1.731577771173704,-0.1321104829092271,0.033510708678261544,0.13629434064049945,2.295177577680884
707,5.845826100001432,197.25229061385832,322.6323896161398,37.9487880100475,62.07029647471049,1.720674900422061,0.19238705868484013,-0.04126407977591384,0.002289625480898394,1.7560461603138426,0.276606881335547,0.07012283281001236,0.28535693172495097,-0.3596795889973041
708,5.85800510000081,197.25169417446068,322.63307298997245,37.948673262826105,62.07042794699214,1.6918824967164925,0.19238705868484013,-0.04137882699730966,0.0021581531992467262,1.7609398381418704,0.33663386799407063,0.06955284780421361,0.3437440322657624,-0.5193332964923695
709,5.86186810000072,197.2917367150019,322.629558835872,37.956376929423094,62.06975186922099,1.816464782882117,0.19238705868484013,-0.03367516040032115,0.0028342309704001423,1.726003694862261,0.3437396008092656,0.03453633292271751,0.34547021790056237,-0.5113247075093427
710,5.874412099999972,197.29481223050828,322.6299849238118,37.95696861880531,62.069833843026466,1.7110405685759351,0.19238705868484013,-0.03308347101810227,0.0027522571649214456,1.7190164471328528,0.7962164912634174,-0.011335872430896461,0.7962971825666579,-1.5065486798031587
711,5.889504700000543,197.28908086524427,322.63377644335526,37.95586597829992,62.07056328231938,1.6899557257146989,0.19238705868484013,-0.034186111523496265,0.0020228178720103074,1.7099218349587975,0.8254800456879889,-0.019120441808423604,0.825701457624966,-1.4351465746812044
712,5.893043000000034,197.3262718337427,322.63683003613176,37.963021039338976,62.07115075405207,1.68573866177502,0.19238705868484013,-0.02703105048443888,0.001435346139317062,1.71794965706134,0.3073855162493667,0.018444193257618702,0.30793837673277114,0.4762605731064212
713,5.905916600000637,197.33543224676575,322.64015691088844,37.96478338425681,62.07179080170112,1.6464094358462151,0.19238705868484013,-0.02526870556660299,0.0007952984902672711,1.72771844474845,0.2523074591874155,0.027778152907602098,0.2538319911685039,0.5941154642033372
714,5.909723200000371,197.32363467301957,322.63297776531977,37.96251368374417,62.0704096270013,1.8566038933948292,0.19238705868484013,-0.027538406079244737,0.002176473190090178,1.7296721832123856,0.16861705313042288,0.03069125495796814,0.1713874666866946,2.4221731507426827
715,5.921837400001095,197.30926407596974,322.6304505570526,37.959748966846206,62.06992342483609,1.7598845070114855,0.19238705868484013,-0.03030312297720883,0.0026626753552960736,1.7300629309051727,-0.1323658413084507,0.055837569729344116,0.14366123394490707,2.0765190427783424
716,5.925801400000637,197.29913685029126,322.63114626963426,37.95780061968529,62.07005727093337,1.6997244180343773,0.19238705868484013,-0.03225147013812801,0.002528829258018561,1.7639063773797652,-0.21453111441575146,0.10766768666890435,0.24003318479972224,1.5862425266130722
717,5.938322900001367,197.33280270622515,322.6337692334242,37.96427749468652,62.07056189522194,1.6876924002389557,0.19238705868484013,-0.025774595136894618,0.002024204969444554,1.7706750666746838,0.0032091767826151196,0.06550647355424884,0.0655850355884296,1.459775022779833
718,5.942346100000577,197.3270742727477,322.62938957398103,37.96317541821892,62.06971930542364,1.815626668219178,0.19238705868484013,-0.026876671604497915,0.002866794767747649,1.7638655621935797,0.3694006249527142,0.0425803112028162,0.3718466143688611,1.439828617999992
719,5.953782100001263,197.35634666266935,322.6203524594132,37.96880704721662,62.06798068153293,1.8904473398694217,0.19238705868484013,-0.021245042606793163,0.004605418658456983,1.7625036803708451,0.4320574770294217,0.041029916351067675,0.43400128743219746,-0.826776131661833
720,5.957818700000644,197.38997472719078,322.6219155074314,37.97527665163916,62.068281391743746,1.7258369846059647,0.19238705868484013,-0.014775438184251755,0.004304708447641303,1.7622313040062982,0.14291198771482486,0.025193301759816655,0.14511560455775743,-3.2811789987442306
721,5.969917400001577,197.37876656998128,322.62452642324456,37.97312034724035,62.0687836981575,1.6929150089207048,0.19238705868484013,-0.0169317425830684,0.0038024020338838227,1.7284115317973536,0.27380704347878604,-0.034812634692738154,0.27601126171380014,-3.1153163426524917
722,5.97421150000082,197.358043082925,322.6271933123541,37.9691334165199,62.06929677310913,1.6863305184162212,0.19238705868484013,-0.02091867330351249,0.003289327082256932,1.6780355168086898,0.05344230316177945,-0.10632865859050789,0.11900362769635356,-1.4347772491975215
723,5.985882800001491,197.3811291178992,322.6326894413698,37.97357487088528,62.07035415720461,1.6465278071744553,0.19238705868484013,-0.016477218938135252,0.002231942986774982,1.6679603138109567,-0.1950332186876091,-0.10129762257636327,0.2197707094479883,-1.0398656123820627
724,5.989975200000117,197.3681666483713,322.6370618256745,37.97108105949952,62.07119534736043,1.638567264926102,0.19238705868484013,-0.018971030323896798,0.0013907528309573536,1.7018601520566252,-0.3862602313645931,-0.017876435776623095,0.3866736780411937,2.202331492930202
725,6.002358600000662,197.39136188304008,322.6402377464577,37.97554352247295,62.07180635341852,1.6754609696173006,0.19238705868484013,-0.014508567350468127,0.000779746772863632,1.725476305161081,-0.1430457162129597,0.015115367829891788,0.14384210534996883,4.835939515335853
726,6.005961500000922,197.37011830279127,322.6332039678644,37.97145653255294,62.07045314544352,1.8624142001490462,0.19238705868484013,-0.018595557270472796,0.0021329547478643462,1.7738115963288472,-0.4442907262203111,0.11664958173685956,0.4593488590654773,5.692702213956511
727,6.018048600000839,197.3881876872701,322.6303468904036,37.97493284828507,62.0699034807144,1.8044112839385007,0.19238705868484013,-0.015119241538343431,0.0026826194769853373,1.7911758171905743,-0.2615471770018463,0.1522703848936727,0.3026436781320607,3.5155358518800863
728,6.021450400001413,197.36828334149527,322.62297215961263,37.971103509746406,62.06848467794894,1.8882042630132863,0.19238705868484013,-0.018948580077008614,0.00410142224244936,1.802811903703008,-0.5057840111674613,0.1276768145295692,0.5216501077552507,2.2744603184341603
729,6.034357700000328,197.38870169474882,322.62481347447346,37.975031736672044,62.06883892309912,1.7253883692347376,0.19238705868484013,-0.015020353151371069,0.0037471770922650194,1.7692242230867932,-0.3543046211374712,0.04465122082229371,0.35710712129596106,-0.7703127060918924
730,6.037938299999951,197.37268048960516,322.62802038521994,37.971949464137865,62.069455891225104,1.733641402179467,0.19238705868484013,-0.018102625685550322,0.0031302089662830213,1.753833743848316,-0.6101795361903416,-0.012472650764700263,0.6103069993065445,-0.4855450734143949
731,6.050191800000903,197.34867091585832,322.6305387266761,37.967330332864435,62.06994038753062,1.6944757970679736,0.19238705868484013,-0.02272175695897971,0.002645712660765298,1.7316769355372417,-0.4538582454660929,-0.10803610079955765,0.4665395010645212,-0.651994445937024
732,6.0545285000007425,197.32631491524387,322.6359519424112,37.96302932766227,62.07098182018393,1.7274588877461143,0.19238705868484013,-0.02702276216114541,0.0016042800074558272,1.7440817593303493,-0.2608942874593884,-0.17567699693229535,0.3145285940579834,2.2047673015820624
733,6.066208900001584,197.30542516435784,322.6396398410716,37.959010409932645,62.07169132415992,1.7774202214579145,0.19238705868484013,-0.031041679890769558,0.0008947760314654829,1.7743143796675838,0.008893135263220817,-0.16811840016306717,0.16835345059783932,3.6462062895761393
734,6.069801000001462,197.32912194660705,322.64646696710383,37.963569364169864,62.073004774856535,1.7874124882002744,0.19238705868484013,-0.026482725653551142,-0.0004186746651484441,1.816275801653732,-0.08950380916206387,-0.23963033177389764,0.2557999760762057,15.172379881494505
735,6.082226300000912,197.36064657551896,322.655154644608,37.969634294802354,62.07467617157837,1.8848045038656411,0.19238705868484013,-0.02041779502106067,-0.0020900713869806964,1.8524197416295747,0.18319484107068007,-0.23024136877261975,0.294230246047549,18.31812856546636
736,6.085429800001293,197.34617742146764,322.66176687160123,37.96685061681277,62.07594827848095,1.9042829069987144,0.19238705868484013,-0.023201473010644236,-0.0033621782895636443,2.0312476507184933,0.15494780288143595,-0.21241519181211246,0.2629240105626735,18.98550362716992
737,6.097879300001296,197.37023194691966,322.67426892737296,37.97147839621254,62.078353512218385,1.908178587625329,0.19238705868484013,-0.018573693610875353,-0.005767412026997931,2.2626735566329566,0.14009161332960457,-0.1804732716960909,0.22846501246795423,28.160325417367673
738,6.1136149000012665,197.33053787564592,322.67194705362056,37.96384177059296,62.07790681375653,2.671559766902507,0.19238705868484013,-0.026210319230457912,-0.005320713565140522,2.3559100699081346,-0.05284898897090384,-0.27323321153117663,0.2782973293419961,30.301281603544926
739,6.1170068999999785,197.35160495841342,322.6755780109637,37.96789480468167,62.07860536295998,2.9445420177725916,0.19238705868484013,-0.022157285141744865,-0.006019262768596434,2.551138984196471,0.39354183264565445,-0.3359602202031331,0.5174402802266538,22.575446846811126
740,6.1294790000010835,197.32070839902718,322.7143656941472,37.961950706497866,62.08606761124086,2.3509870702415303,0.19238705868484013,-0.028101383325548568,-0.01348151104946993,2.7209301588998414,0.41997930393105204,-0.35049161412947244,0.547016441531234,19.041453132096382
741,6.132853500001147,197.34461572890717,322.72683208515787,37.966550167374486,62.08846598353981,2.8804274784403963,0.19238705868484013,-0.023501922448929236,-0.015879883348425494,2.7789495968434452,0.7928415015966921,-0.4629362714444355,0.9181000152886251,22.6603788760819
742,6.145477300000493,197.3776807266604,322.74427668584025,37.97291144503765,62.09182209895503,2.757134461142181,0.19238705868484013,-0.01714064478576205,-0.019235998763640794,2.7905534462851933,0.6454793728104158,-0.49648600551528765,0.8143352960520955,11.51838069062933
743,6.1499690000000555,197.40987657204596,322.75674025300304,37.97910550903325,62.0942199279822,2.9616569566205264,0.19238705868484013,-0.01094658079016142,-0.02163382779081502,2.8984432927116286,0.9338808546247376,-0.7948767249520932,1.2263614713881041,14.609502488311755
744,6.161659900000814,197.43771236810915,322.77944842995,37.984460755964,62.098588687353114,3.002561264981332,0.19238705868484013,-0.005591333859413794,-0.02600258716172732,2.9200212238499432,0.7050244074842154,-0.7601509532772361,1.0367684827948618,11.958565344443553
745,6.165331800000786,197.4561382971054,322.81934330865937,37.988005666247126,62.1062639457246,2.8904363023737076,0.19238705868484013,-0.002046423576288703,-0.03367784553321229,3.0267607450141294,0.1554380851225684,-0.9970731435684781,1.0091163718482115,13.697468167717236
746,6.1775372000010975,197.47001449370995,322.85341828566095,37.99067526689761,62.11281953032469,2.988317134131968,0.19238705868484013,0.000623177074196235,-0.0402334301333056,3.074835448258197,-0.27530544894437226,-0.9650015542831577,1.0035044045679982,10.305374691045085
747,6.181317399999898,197.42592189735328,322.8819184141887,37.982192421974766,62.11830258622428,3.2908320669631124,0.19238705868484013,-0.00785966784864911,-0.045716486032894466,3.1111772260652137,-0.8810087961418611,-1.1279084511588284,1.4312071733592027,13.766498835426093
748,6.193771400001424,197.3757713984106,322.90609514309796,37.97254411499161,62.122953875987754,3.202030472840865,0.19238705868484013,-0.017507974831808326,-0.0503677757963672,3.1990944616315,-1.2028844436129524,-0.788805152043554,1.4384521377426835,8.748080484579104
749,6.19764430000032,197.32402631517883,322.930014996712,37.96258903062725,62.12755574626873,3.1842701540164153,0.19238705868484013,-0.027463059196165318,-0.05496964607734611,3.273265623893683,-1.5536738955652332,-0.8324428615658334,1.7626297658705188,9.85014613572224
750,6.209817200000543,197.28328090130447,322.95499215249833,37.954750140297065,62.132361027804784,3.330022480205139,0.19238705868484013,-0.035301949526349574,-0.059774927613396756,3.321679644554128,-1.1870038992397698,-0.5778047704983273,1.3201653720731514,9.113259192594253
751,6.21400210000138,197.24988592967182,322.9714216831441,37.94832537992979,62.1355218568813,3.3591729454428836,0.19238705868484013,-0.04172670989362359,-0.06293575668991025,3.361223326676939,-1.272613545995749,-0.6888311256232629,1.4470775919346155,10.315197832521072
752,6.226035500001672,197.22419938769139,322.98250996180167,37.94338362167039,62.137655098198096,3.5329021702653347,0.19238705868484013,-0.0466684681530225,-0.06506899800670851,3.432572767447205,-0.8258204171257055,-0.4840461615780778,0.9572251813863574,6.897139631720832
753,6.229696800000966,197.2013097041006,323.0001822389856,37.93897994277013,62.141055015625774,3.3997488834549228,0.19238705868484013,-0.05107214705328289,-0.06846891543438716,3.4804224819562384,-0.8486323347517069,-0.5989685039854297,1.038720418761794,4.477292393859123
754,6.2422405000015715,197.1793710051267,323.01089455876985,37.934759221003176,62.143115927320764,3.5410173578677426,0.19238705868484013,-0.05529286882023854,-0.07052982712937705,3.5062754601363655,-0.44749180542349687,-0.5215002344791361,0.6871764041954399,3.663055909391568
755,6.245738300000085,197.16558936383052,323.02851862260263,37.932107811570354,62.14650656912362,3.569271052750307,0.19238705868484013,-0.05794427825306059,-0.07392046893223636,3.477866191270438,-0.01661628791761316,-0.5892819813125648,0.5895162037839359,3.1334458158706537
756,6.257998800001587,197.19557214564514,323.0519676073108,37.93787611077486,62.15101785032078,3.4884378363435187,0.19238705868484013,-0.05217597904855609,-0.07843175012938985,3.5438025702243032,0.20470194162144456,-0.41444702802196004,0.46224368458619813,0.0088796113752303
757,6.2620178000015585,197.2319985051613,323.06275081296053,37.944884070940766,62.15309239953892,3.390855825935696,0.19238705868484013,-0.04516801888264865,-0.08050629934753317,3.556989846015076,0.5101501924508981,-0.5064486355208021,0.7188486901139701,-1.5164391858774353
758,6.274134100000083,197.22594167340947,323.06617903624795,37.943718814895085,62.1537519453337,3.729430778224249,0.19238705868484013,-0.046333274928329615,-0.08116584514231562,3.52604747481825,0.7755592927658626,-0.3844274320692367,0.8656076866126089,0.5976946781605352
759,6.2781717000016215,197.25093198207307,323.0792812702924,37.948526626874504,62.15627264560372,3.606953736821608,0.19238705868484013,-0.04152546294891124,-0.08368654541233411,3.503575965300565,1.021047795185456,-0.5712793500666501,1.1699994426774976,3.3624167622843775
760,6.290050000001429,197.2860644469343,323.10146246845204,37.9552856584535,62.160540021075754,3.4145591967661773,0.19238705868484013,-0.03476643136991697,-0.08795392088436671,3.532661527898981,0.7500943284425836,-0.5299791720525566,0.9184331354928588,3.940801348175247
761,6.293872000000192,197.31979568326676,323.1273324750232,37.96177511179731,62.16551707554814,3.3760802887550914,0.19238705868484013,-0.028276978026106292,-0.09293097535675088,3.606049898963586,0.7707736380585849,-0.6898088605590821,1.0343733683887484,12.093711743255218
762,6.305809800000134,197.3439297862952,323.1465486949277,37.966418200892946,62.1692140275746,3.5362836389277765,0.19238705868484013,-0.023633888930469027,-0.09662792738321002,3.679743800898675,0.49325534501553436,-0.6228504608456491,0.7945083586483098,16.488185134729886
763,6.3098382000007405,197.34408104886873,323.16442190273585,37.96644730185456,62.172652601454075,4.096372633547274,0.19238705868484013,-0.02360478796885701,-0.10006650126268823,3.8336720725576656,0.2871750523250476,-0.6870245848123943,0.744628961842431,29.980042132058685
764,6.321781100001317,197.33186224219764,323.18239423300815,37.964096561578465,62.176110245212875,3.9754232464970527,0.19238705868484013,-0.025955528244949733,-0.10352414502148832,4.029616914206358,-0.12432776944123644,-0.43005098503093336,0.4476619751333693,26.867983350924206
765,6.325059100001454,197.3240010219752,323.1939826524903,37.96258416454219,62.178339707151856,4.184200555061129,0.19238705868484013,-0.027467925281221994,-0.10575360696046943,4.25877505978219,-0.22251445724917612,-0.3697609700997546,0.43155052855257525,26.31948662740971
766,6.337645800000246,197.30047504797426,323.19511736722416,37.95805807160146,62.17855801158195,4.355804496998554,0.19238705868484013,-0.03199401822195824,-0.1059719113905615,4.304606612603411,-0.319371634268502,-0.47601513406186946,0.5732265247101475,22.512529289528942
767,6.35389910000049,197.29185841653458,323.1958130332123,37.95640034322301,62.17869184871523,4.682074366806938,0.19238705868484013,-0.033651746600405374,-0.10610574852384502,4.36036636036248,-0.35631386726564196,-0.44720185939534474,0.571794609149519,19.884639059185744
768,6.357296900001529,197.28343289636996,323.2202713125023,37.95477938218065,62.183397305128324,4.32553039765338,0.19238705868484013,-0.03527270764276835,-0.11081120493693675,4.425522521340074,-0.4689996702445239,-0.5084472342942735,0.6917219678100212,6.381663868346061
769,6.369865399999981,197.25850699728585,323.22977333349667,37.949983961770776,62.185225370999,4.254221985292395,0.19238705868484013,-0.040068128052638485,-0.11263927080761249,4.466588268916453,-0.4221215920542349,-0.5589189220149696,0.7004120215021853,6.559637983454623
770,6.3732975000002625,197.2402248938527,323.2473694808351,37.946466721664706,62.18861064202962,4.509981359949104,0.19238705868484013,-0.04358536815870906,-0.11602454183823596,4.474801418431729,-0.6020964102747788,-0.604745566782577,0.8533682017798384,10.968690306351592
771,6.385578500001429,197.23223258454715,323.2645859004822,37.94492910478531,62.19192285836661,4.561133234880446,0.19238705868484013,-0.04512298503810541,-0.11933675817522271,4.53044833605451,-0.5452697799809046,-0.3993271597864435,0.6758559857717708,7.933465535706588
772,6.389326700000311,197.21271360267974,323.2692104399643,37.94117390527531,62.192812559915346,4.723140114383316,0.19238705868484013,-0.048878184548101444,-0.12022645972395907,4.625937231908169,-0.6638961973743563,-0.464842934447972,0.8104548812823154,7.873348486287867
773,6.401690400000007,197.20031508890236,323.2922019019833,37.93878859167762,62.19723581966804,4.603764985767288,0.19238705868484013,-0.05126349814579356,-0.12464971947665049,4.67539031198222,-0.4885172683832536,-0.3205624565528625,0.5843024987622778,6.949817841380093
774,6.405024200001208,197.18342532984278,323.30039880313257,37.93553922061025,62.19881279737048,4.731666464560685,0.19238705868484013,-0.054512869213162674,-0.12622669717909218,4.68528092799703,-0.5742952236120754,-0.44047006959460977,0.7237602407374448,7.310848860602455
775,6.417780200001289,197.173618173281,323.3179662168964,37.93365245060527,62.20219254043321,4.757246760319364,0.19238705868484013,-0.05639963921814228,-0.12960644024182244,4.656903750296672,-0.3855043682966885,-0.4638922863310573,0.6031663711558234,2.6599561616339473
776,6.421675200001118,197.16240020982417,323.33556455227097,37.93149425961138,62.20557823241367,4.610586314954498,0.19238705868484013,-0.0585578302120382,-0.13299213222228445,4.68158361565992,-0.43481493215060507,-0.5548363247739057,0.7049165713116341,3.1004203457903996
777,6.433652900001107,197.15879463253418,323.357633813849,37.930800593201695,62.20982407273602,4.5812542258815245,0.19238705868484013,-0.05925149662171947,-0.13723797254463221,4.708191723131985,-0.2731252626303951,-0.48117745705956183,0.5532893946834954,3.424476296876934
778,6.4380052000014985,197.14885240569214,323.3760142884232,37.92888783742278,62.21336023817658,4.727164312583532,0.19238705868484013,-0.061164252400637054,-0.1407741379851899,4.7351854790258106,-0.3451361570354345,-0.45502885978002683,0.5711131500201159,7.472857116766183
779,6.450524400001086,197.13803555015352,323.38282956087534,37.92680681440149,62.21467140839778,4.864707001921003,0.19238705868484013,-0.06324527542192726,-0.14208530820638998,4.792611665507311,-0.31242607319282073,-0.27731009358042297,0.41774506485686785,6.78511621178097
780,6.45404950000011,197.12872809530205,323.38528868904694,37.92501618053877,62.21514451283364,4.892215539788498,0.19238705868484013,-0.06503590928464575,-0.1425584126422521,4.85612441440029,-0.243049543721221,-0.2734972441164644,0.36588771944736637,7.243006850530371
781,6.465912700001354,197.1046460130833,323.38409530458597,37.9203830995737,62.214914921107315,4.897717247361997,0.19238705868484013,-0.06966899024971696,-0.14232882091592813,4.8904990985783,-0.1615072589962254,-0.15315557030317178,0.22257857808729845,6.441369850987681
782,6.46994260000065,197.11069900937434,323.3911211772207,37.92154761772636,62.21626660807821,4.898817970346423,0.19238705868484013,-0.06850447209705379,-0.1436805078868204,4.9086776700574575,-0.16691441039263846,-0.22704780038605443,0.28179979428109553,8.503943891084985
783,6.482054300000527,197.10869892226546,323.404390401727,37.92116282685037,62.21881943515201,4.899037733473582,0.19238705868484013,-0.06888926297304465,-0.14623333496061974,4.935250701247821,-0.1297203002930058,-0.2017680215430867,0.23987015409491674,5.832767064977315
784,6.485582400000567,197.10515477207028,323.4130864309982,37.920480978218784,62.22049243864572,4.955599859316787,0.19238705868484013,-0.06957111160463114,-0.14790633845433376,4.987819106924369,-0.2905674052923845,-0.2567270217348099,0.38773467823651575,8.494569794127244
785,6.4979751000009855,197.0844132352539,323.4135896009136,37.916490574958075,62.22058924202577,5.025080695740311,0.19238705868484013,-0.07356151486533946,-0.1480031418343799,5.04558651120421,-0.3883089770607327,-0.22875803736168354,0.4506818182748468,8.344318751160692
786,6.501603700000487,197.06187860788575,323.4184074710292,37.912155204280154,62.221516137886425,5.160559275744742,0.19238705868484013,-0.07789688554326091,-0.1489300376950382,5.104393791498655,-0.5505970777708145,-0.37832006351058767,0.6680443192666302,9.61984672120547
787,6.51429410000128,197.04870329454957,323.4313078003745,37.909620444500156,62.223997994305236,5.187654991745628,0.19238705868484013,-0.08043164532325875,-0.15141189411384914,5.152105488646411,-0.5320774845166606,-0.27197943998343815,0.5975610975484279,7.199909594780283
788,6.518244200000481,197.03139045376435,323.4509894867147,37.90628967798401,62.22778449605019,5.193074134945805,0.19238705868484013,-0.0837624118394018,-0.1551983958588039,5.185964310619908,-0.5027987834547251,-0.33135693595496696,0.6021661196455805,6.6030225827066324
789,6.52988440000081,197.0252998534313,323.44750994492085,37.90511792530031,62.2271150772389,5.194158345055568,0.19238705868484013,-0.08493416452310498,-0.15452897704751223,5.21855959186031,-0.2850047575403886,-0.3001481505629791,0.41390412429333495,4.717950880735868
790,6.533771800000977,197.0217515991,323.4536667318357,37.90443528708605,62.228299563364395,5.194374805607794,0.19238705868484013,-0.08561680273736272,-0.15571346317300794,5.225078648108391,-0.18863099624251256,-0.401213958263555,0.44334444064288486,9.086037384576247
791,6.546142700000928,197.01494794005822,323.46005822348627,37.9031263511347,62.22952920364366,5.323535681946755,0.19238705868484013,-0.08692573868871278,-0.1569431034522708,5.308968747810155,-0.16998825905644926,-0.18275198028953898,0.24958824995738593,7.704642808772588
792,6.550024100000883,197.02063990859853,323.47419882100826,37.9042214122203,62.23224967160896,5.22025027298603,0.19238705868484013,-0.0858306776031128,-0.1596635714175747,5.408332979908712,-0.1993981681389806,-0.1697004535777574,0.26183558467419543,7.373794898982355
793,6.56196220000129,196.9741007120129,323.4659007794708,37.89526787307563,62.23065323580472,5.612524633454628,0.19238705868484013,-0.09478421674778303,-0.15806713561333652,5.428205902622368,-0.13926578988481425,-0.26008210218001643,0.29502145702748084,11.225128289772252
794,6.577228900001501,196.95444360451688,323.45615872758253,37.891486099982224,62.228778991096384,5.690979505548348,0.19238705868484013,-0.09856598984119103,-0.15619289090499677,5.445701452741271,-0.13986164479096086,-0.28718086022964684,0.3194278105705151,9.442806773703476
795,6.581341200000679,196.95711676050422,323.4723313078722,37.89200038060004,62.23189038624966,5.293739419176076,0.19238705868484013,-0.0980517092233768,-0.15930428605827274,5.5317868512172,-0.3971516491721079,-0.13577500498306982,0.419719292406577,2.159260778112806
796,6.593557300000612,196.95020906073154,323.4872463401516,37.89067142855849,62.23475984544008,5.41101343254127,0.19238705868484013,-0.09938066126492373,-0.162173745248694,5.5057621248821125,-0.24527570108486288,-0.16775501625288985,0.2971563814234491,3.0872467137450617
797,6.598035800001526,196.92682991410868,323.4859396978309,37.88617358330516,62.234508464367245,5.650677265365676,0.19238705868484013,-0.10387850651825659,-0.16192236417585804,5.457315373584822,-0.04811836477186146,-0.21640703883246085,0.22169209161481637,8.40356444866396
798,6.60959830000138,196.9273938188592,323.48751275648897,37.886282071281485,62.23481110049561,5.48240100177919,0.19238705868484013,-0.10377001854192969,-0.16222500030422538,5.5302122354835666,-0.0744997497994022,-0.10393730796613193,0.1278795398311242,5.317391388607246
799,6.613405600000988,196.94200012707807,323.48989729312615,37.88909213595796,62.235269854485566,5.448745749061893,0.19238705868484013,-0.10095995386545553,-0.16268375429417858,5.635779461867221,-0.1550819317144923,-0.12793488609596881,0.20104163903203479,8.268037428675719
800,6.62591920000159,196.9415547192695,323.50253261185577,37.88900644525975,62.2377007262915,5.6582237286698005,0.19238705868484013,-0.10104564456366205,-0.16511462610011307,5.704638955117585,0.007659625972158482,-0.09999196915278255,0.10028491294848085,9.931464934184481
801,6.630435900000521,196.92954151184864,323.51086417103033,37.88669525961868,62.23930361045536,5.938849564459547,0.19238705868484013,-0.10335683020473141,-0.16671751026397175,5.761652659797932,-0.02904664227947213,-0.27098265906082125,0.2725349682873464,11.123714683041001
802,6.6416103999999905,196.9184701252766,323.49948880887086,37.884565268120525,62.23711513798802,5.994974731617496,0.19238705868484013,-0.1054868217028897,-0.1645290377966333,5.733710918312125,-0.1033246601358921,-0.2630932409936764,0.28265533578680996,5.70864056521904
803,6.645047400001204,196.9153589558797,323.5152301734091,37.88396671939119,62.24014357281122,5.767469525180921,0.19238705868484013,-0.10608537043222555,-0.16755747261983345,5.775868617988598,-0.15187054056382607,-0.3061551716324139,0.34175378594599587,4.700489045744208
804,6.657975000000079,196.93999849141133,323.5206761346609,37.88870704715948,62.241191305278164,5.309037041632864,0.19238705868484013,-0.10134504266393662,-0.16860520508677723,5.784300157923892,-0.08303904382610539,-0.2578135467977005,0.2708566183647059,3.8471382601488626
805,6.661624900001698,196.9352635999036,323.52844631638004,37.887796115309115,62.242686187684555,5.86901222705216,0.19238705868484013,-0.10225597451429991,-0.17010008749316796,5.785986465910951,-0.14412423961591295,-0.3520664965524227,0.38042425585070433,14.304025284439883
806,6.673720600001616,196.92473005402863,323.53556159130204,37.8857695974007,62.24405507449853,5.981007264136019,0.19238705868484013,-0.10428249242271193,-0.17146897430714603,5.887059506316956,-0.16411784155032622,-0.18659955618738652,0.2485036423967818,13.22224079737316
807,6.677809000000707,196.91418880012824,323.5414145067122,37.88374159656796,62.24518109967903,6.00340627155279,0.19238705868484013,-0.1063104932554566,-0.172594999487643,6.0905961816589,-0.44913057088958197,-0.19889474868960966,0.49119994988182236,17.210612232802223
808,6.6914736000017,196.89471922761996,323.54523521847494,37.87999590277924,62.24591615517714,6.272834727210949,0.19238705868484013,-0.1100561870441723,-0.1733300549857546,6.18429324756225,-0.45654936572849436,-0.1521445552638496,0.4812330922157423,19.60115103108039
809,6.694956600000296,196.87555816383858,323.5478154574508,37.87630956207707,62.24641255976441,6.326720418342581,0.19238705868484013,-0.11374252774634641,-0.17382645957302145,6.25602239157788,-0.5855939585386516,-0.15327550968415615,0.6053211264658668,23.26067009332333
810,6.70685770000091,196.85782463007098,323.5586915352611,37.87289785967543,62.24850497638437,6.337497556568907,0.19238705868484013,-0.11715423014798176,-0.17591887619298063,6.403771082929834,-0.571935037201466,-0.10262199211512822,0.5810688083560498,14.562699992890074
811,6.710185300000376,196.84376676542792,323.56074679738947,37.870193308445366,62.248900382220064,6.3396529842141724,0.19238705868484013,-0.11985878137804917,-0.17631428202867738,6.492463963900421,-0.7668361040425995,-0.172933109473547,0.7860938053536755,17.3442076167228
812,6.722400200000266,196.8166088056148,323.56215325208177,37.86496846843704,62.24917096590149,6.742149728312562,0.19238705868484013,-0.12508362138637352,-0.17658486571010457,6.569345682794733,-0.614722803553598,-0.16865168228407032,0.6374382441821658,12.613848171738988
813,6.725989000000482,196.79331693529042,323.56971464358685,37.86048741401406,62.25062567977272,6.71629913206388,0.19238705868484013,-0.12956467580935538,-0.17803957958133054,6.643865169273791,-0.7098525661647761,-0.19963905910430013,0.7373916324523679,7.614792390498177
814,6.738444600001458,196.7740357157562,323.5775559191975,37.85677795690002,62.25213423972379,6.711129012814144,0.19238705868484013,-0.13327413292339685,-0.17954813953240034,6.605779335734642,-0.5219606997290421,-0.25148866089088673,0.5793871923147099,3.2227403899990286
815,6.742367300001206,196.75849229685898,323.58429986847125,37.853787604256475,62.25343168828849,6.7100949889641965,0.19238705868484013,-0.13626448556694015,-0.1808455880970996,6.556429533528765,-0.47165923117053676,-0.37821905517565213,0.604575953910131,0.9638010648930015
816,6.754417900001499,196.76642818896084,323.60798140022325,37.855314367195994,62.2579877085274,6.149223816518425,0.19238705868484013,-0.13473772262742045,-0.18540160833601504,6.612988406095402,-0.3128472294017392,-0.232964457795246,0.3900587488317335,-4.218148821164267
817,6.758236200001193,196.7629304420156,323.62099712007534,37.85464144594917,62.26049176458641,6.495400717283178,0.19238705868484013,-0.13541064387424484,-0.18790566439502498,6.593894601995448,-0.3883191743540451,-0.35550776338900414,0.5264765436378523,1.5689059598967336
818,6.770473000000493,196.73401798037696,323.60058466820243,37.84907906249518,62.25656467301004,6.999093494897066,0.19238705868484013,-0.14097302732823636,-0.1839785728186527,6.5309326984752625,-0.25320814339283776,-0.3863323253317482,0.4619166910566056,3.7626034033082068
819,6.774319600001036,196.7205185026626,323.6152569458592,37.846481937683926,62.25938742935263,6.615659992314374,0.19238705868484013,-0.14357015213948898,-0.18680132916124137,6.630473267600327,-0.2963599456057329,-0.338357877485639,0.44979469829692265,1.18580208759375
820,6.785964400000012,196.71526680217931,323.64460555726555,37.84547157847486,62.26503372237758,6.395285471363266,0.19238705868484013,-0.14458051134855765,-0.1924476221861937,6.611700885209519,-0.16976249687091394,-0.47707565159480425,0.5063797810818024,2.445286299269723
821,6.801754100000835,196.70795717295692,323.6559481422461,37.84406530040868,62.267215888939866,6.6469266621437475,0.19238705868484013,-0.14598678941473509,-0.19462978874847892,6.48237443302335,-0.0466628156400238,-0.6422457199488223,0.6439386485963052,4.4117023159655755
822,6.805255200000829,196.71626923098336,323.68050467472165,37.84566443280401,62.271940247994344,6.401538805329141,0.19238705868484013,-0.1443876570194078,-0.19935414780295702,6.486914721199398,0.0928307021972388,-0.6754724685907532,0.6818215273035301,0.9150101782148433
823,6.8180681000012555,196.72698753479662,323.7141325163367,37.84772649574873,62.27840980953258,6.352461233966219,0.19238705868484013,-0.14232559407468415,-0.2058237093411961,6.546966074122693,0.0313720403655858,-0.5777343356477396,0.5785854885002172,2.6843923609178892
824,6.82203280000067,196.72744695694135,323.7326789420724,37.84781488262385,62.281977901828995,6.6383614331946115,0.19238705868484013,-0.1422372071995639,-0.20939180163760795,6.580246104839188,-0.06603637489671624,-0.5376546620038172,0.5416948757224297,12.3042931999174
825,6.8340674999999464,196.70279679782908,323.7324403654009,37.843072511016125,62.2819320027649,6.695542235979743,0.19238705868484013,-0.14697957880729007,-0.20934590257351005,6.667315090108463,-0.17570764504737238,-0.2612568198665153,0.3148464744202454,12.83326822940626
826,6.83765029999995,196.69206806542405,323.7312820884205,37.84100844174531,62.28170916526349,6.813326815726223,0.19238705868484013,-0.14904364807810566,-0.20912306507210587,6.810300862870325,-0.4038087561036073,0.07052960689261109,0.4099218668897389,16.294546585638617
827,6.850301500000569,196.68604420751814,323.72913857630436,37.839849529440855,62.28129678127221,6.836883731675518,0.19238705868484013,-0.15020256038256008,-0.2087106810808237,6.86016800643637,-0.41062257223709114,0.2664291128900115,0.4894847995862217,15.574971140969117
828,6.8537754000008135,196.66835629724085,323.70830087942767,37.83644660440832,62.277287878060335,7.067390097775533,0.19238705868484013,-0.1536054854150919,-0.20470177786894794,6.936570115569501,-0.48633018475166456,0.2588300065333335,0.55091743563136,16.985848439459776
829,6.866376900001342,196.66758498495474,323.7030914552085,37.83629821390627,62.276285652257364,6.887697151024834,0.19238705868484013,-0.15375387591714684,-0.20369955206597723,6.997009533978159,-0.3965906298878916,0.20542251805041845,0.44663468140869794,9.972796505344325
830,6.870383200001015,196.65149631337735,323.70380325930995,37.83320296170335,62.27642259415481,7.077552781645396,0.19238705868484013,-0.15684912812006502,-0.20383649396342207,7.054256414241921,-0.4316030502513032,0.04699503411634348,0.4341540351278855,12.303760512902024
831,6.882867900001656,196.64322838742638,323.71709613953453,37.83161231974822,62.27897997228266,7.115523907769509,0.19238705868484013,-0.15843977007519783,-0.2063938720912759,7.114728388561276,-0.30432626900374066,-0.1655795619035371,0.3464550033206396,8.09418198390196
832,6.88653880000129,196.63814016570424,323.7315887931844,37.83063341173716,62.281768171290906,7.123118132994332,0.19238705868484013,-0.15941867808625432,-0.20918207109951936,7.171981627419287,-0.4800510723023027,-0.38066295628075053,0.6126608509632318,7.2690660485745955
833,6.898652200001379,196.61653195915068,323.72585068950707,37.82647627243487,62.28066423440199,7.369749969372305,0.19238705868484013,-0.16357581738854776,-0.20807813421060217,7.1834322751908894,-0.36460845803800446,-0.4401482288037255,0.5715503398580986,5.231008819576184
834,6.902067100001659,196.60072722806893,323.7435277968885,37.823435646708745,62.284065081097154,7.173963345314891,0.19238705868484013,-0.16661644311466972,-0.2114789809057669,7.18572240474521,-0.5387939108261588,-0.5772803501326726,0.7896527597575075,5.31925495110395
835,6.914138699999967,196.58846763465397,323.76433501318695,37.82107705959097,62.28806812024024,7.134806020503408,0.19238705868484013,-0.16897503023244553,-0.21548202004885297,7.235203028922676,-0.5805578793548776,-0.45309165218846004,0.7364370282406372,2.7663641481607835
836,6.917962400000761,196.568625697726,323.7820337655038,37.817259727706784,62.29147313114087,7.1269745555411115,0.19238705868484013,-0.17279236211663118,-0.2188870309494817,7.255410967112661,-0.7042900100786922,-0.5008414546289659,0.8642144299718113,4.55183939132281
837,6.929600700001174,196.5398615025565,323.7904181093447,37.81172586880269,62.293086170391426,7.370521253881661,0.19238705868484013,-0.17832622102072548,-0.22050007020003903,7.28837131695769,-0.549566953126194,-0.33440935742089073,0.6433144287975059,5.457485820516586
838,6.933197600001222,196.52187867519967,323.79317795262915,37.80826620554067,62.293617128523344,7.470789660322231,0.19238705868484013,-0.18178588428274622,-0.2210310283319572,7.323882301721618,-0.4406217718371478,-0.48061476936461667,0.6520261515831334,5.757903213493648
839,6.945976700000756,196.51412140219836,323.80405315514946,37.80677380660453,62.29570937674883,7.338765094540033,0.19238705868484013,-0.18327828321888262,-0.22312327655744468,7.390319062883387,-0.3271955187317074,-0.3704245840166662,0.4942380802022759,5.348525197176951
840,6.950190100000327,196.52177223287381,323.8273255446467,37.80824572741468,62.30018668331278,7.312360944323046,0.19238705868484013,-0.18180636240873582,-0.22760058312139364,7.4139183810581235,-0.5914651463227584,-0.4778581703536877,0.7603811217332898,11.230287972225245
841,6.9615399000012985,196.49633356114813,323.8473572040328,37.803351656184525,62.30404051534264,7.459158361349961,0.19238705868484013,-0.18670043363889022,-0.23145441515125498,7.45066934210518,-0.45417086648419613,-0.48732542170153836,0.6661510658999111,11.977462074044238
842,6.9658588000002055,196.4559963846718,323.8625274723949,37.79559130544659,62.306959078652284,7.488517844755344,0.19238705868484013,-0.19446078437682246,-0.23437297846089677,7.589914447034317,-0.6407603131950864,-0.4872856447403145,0.804997564304296,17.334346860793193
843,6.977597300001435,196.43919440866796,323.87442245647765,37.79235882270312,62.30924751965307,7.654544465557515,0.19238705868484013,-0.19769326712029311,-0.23666141946168295,7.749658228151981,-0.7779437854267506,-0.27645103342062394,0.8256038439611537,17.393900548985968
844,6.981769100000747,196.41643159777246,323.87796840708813,37.78797955246754,62.30992971466126,8.034990619185722,0.19238705868484013,-0.20207253735587472,-0.2373436144698715,7.8830860950932875,-0.9546910858514859,-0.184405410991854,0.9723376085534097,22.96815838624502
845,6.9935978000012256,196.39573769070287,323.8784886838033,37.78399831255372,62.3100298091682,8.111079849911363,0.19238705868484013,-0.20605377726969465,-0.23744370897681222,7.952861039209088,-0.6623099607810854,-0.11767854130348027,0.6726832265139051,16.95829552664427
846,6.997805599999992,196.36697794074212,323.87584928276726,37.77846530885026,62.309522022566185,8.126297696056492,0.19238705868484013,-0.21158678097315686,-0.23693592237479777,8.083762820634787,-0.8062965934048181,-0.029590178065939984,0.8068393738373137,14.484016642087596
847,7.009751600000527,196.34618097810545,323.89709342420747,37.77446424237901,62.31360912045215,7.837392565334346,0.19238705868484013,-0.21558784744440374,-0.24102302026076217,8.109943176919927,-0.6664232305529375,-0.05034734268978139,0.6683223601949406,8.911686495879305
848,7.013984000001074,196.32428480751463,323.8916927896456,37.770251702522586,62.31257010825376,8.30905337268601,0.19238705868484013,-0.21980038730082896,-0.23998400806237186,8.115179248176954,-0.6429847532474438,-0.09530908779582559,0.6500101654013948,8.600433016130284
849,7.025762300001588,196.30283481271852,323.90805808510675,37.76612500111496,62.31571857931203,8.16589240061142,0.19238705868484013,-0.22392708870845723,-0.2431324791206464,8.163725089137344,-0.3582150217188049,-0.2005517528944681,0.4105350257579098,0.2752734457307464
850,7.0414442000001145,196.2849524775937,323.92707250467515,37.76268467125787,62.319376707565404,8.137260206196503,0.19238705868484013,-0.22736741856554232,-0.2467906073740167,8.231823997319658,-0.3164623260277628,-0.1710756601043097,0.3597433602931781,0.7294994256482639
851,7.044665700001133,196.28677614430077,323.93386315790707,37.76303552113167,62.32068314136724,8.369026900858442,0.19238705868484013,-0.22701656869174514,-0.2480970411758534,8.197945152247136,-0.48956270488309467,-0.3248169178848212,0.5875182313398,1.170084043862988
852,7.05751230000169,196.27835144574317,323.9468675839104,37.76141471815587,62.3231850246359,8.177887106245908,0.19238705868484013,-0.2286373716675456,-0.2505989244445104,8.25527552336935,-0.43783335701173515,-0.2769219029690076,0.5180577080366067,-0.3685631824717637
853,7.060845400001199,196.2461129774026,323.955932289044,37.75521245405532,62.3249289565944,8.1396591473234,0.19238705868484013,-0.23483963576809685,-0.25234285640301124,8.266741597593793,-0.3133152524652148,-0.43990447819847667,0.5400762884689674,-1.7079929639120104
854,7.073502300001564,196.2400789645655,323.95776358983915,37.75405158807352,62.325281275167946,8.452544256222494,0.19238705868484013,-0.23600050174989207,-0.2526951749765587,8.221536185729697,-0.2993569806698551,-0.4286201686170298,0.522809574148239,0.36609072476222276
855,7.077342000000499,196.24812627800662,323.9786834511707,37.75559978703678,62.32930598575762,8.194590577318717,0.19238705868484013,-0.23445230278663587,-0.25671988556623404,8.212495103356877,-0.536261496786616,-0.5563752995381277,0.7727417853798014,1.4709090714922501
856,7.089721700000155,196.25962525846649,324.0011482187497,37.757812042065325,62.33362791631618,8.142999841537963,0.19238705868484013,-0.23224004775808993,-0.26104181612479493,8.210686886882314,-0.21161404743259304,-0.48835259073848836,0.5322299859570083,1.6123967662434238
857,7.093136400000731,196.2363616979174,324.01594257226554,37.75333643407675,62.33647415847424,8.132681694381812,0.19238705868484013,-0.2367156557466643,-0.263888058282852,8.244788744563964,-0.2849425881787371,-0.5847365274970606,0.650468358298325,7.762108009853494
858,7.106233200000133,196.22018890470395,324.0284073349609,37.75022499795969,62.3388722175064,8.130618064950582,0.19238705868484013,-0.23982709186372375,-0.26628611731501195,8.299107742809278,-0.3474283823211653,-0.38733631665942403,0.520322883453718,10.331193020135032
859,7.110259900000528,196.2105953218791,324.03907662622066,37.74837931677777,62.34092485107012,8.623053544630743,0.19238705868484013,-0.24167277304564294,-0.2683387508787334,8.408541183571622,-0.41837839007586386,-0.43191029977864315,0.6013210326750172,17.551446884023775
860,7.121742000001177,196.21601324087015,324.0427281409302,37.74942165427665,62.34162735524483,8.46618556854529,0.19238705868484013,-0.24063043554676256,-0.2690412550534447,8.528997512837373,-0.2123960466508537,-0.29729621818665575,0.3653725796786059,15.458984823955829
861,7.12575199999992,196.2123437643191,324.05465023591614,37.74871569447608,62.34392101203254,8.690167045349684,0.19238705868484013,-0.2413363953473322,-0.27133491184115144,8.673177890018648,-0.2944167092581037,-0.3624061010321884,0.4669254552449711,16.173727159811854
862,7.137586000000738,196.19507278800359,324.06452010292435,37.74539298214213,62.34581984671586,8.734963340710562,0.19238705868484013,-0.24465910768128651,-0.2732337465244754,8.66755046447834,-0.2302218879654837,-0.31362325242049904,0.3890522614729335,10.494982280446376
863,7.141350100000636,196.182400856913,324.0744720057115,37.742955066591755,62.3477344640214,8.851519950856957,0.19238705868484013,-0.24709702323166027,-0.27514836383001295,8.696613883178873,-0.26885669397235834,-0.47497148449336535,0.5457855192065629,10.065217158119664
864,7.153735000001689,196.1735566046091,324.0915855307247,37.74125354690474,62.35102688476242,8.594916416929205,0.19238705868484013,-0.24879854291867787,-0.27844078457103194,8.681544303735386,-0.25669142876936385,-0.4068793057465674,0.48108342213016037,2.6259728845316155
865,7.157717300000513,196.1714370942675,324.10955104576715,37.74084578054426,62.35448321735919,8.61150266204795,0.19238705868484013,-0.24920630927915255,-0.2818971171678015,8.714764518706062,-0.288816021758344,-0.3941776795781953,0.488662191602713,5.942893709939909
866,7.169703800000207,196.16425819934813,324.1239758962074,37.73946465406612,62.35725837190736,8.614819148132247,0.19238705868484013,-0.25058743575729636,-0.2846722717159764,8.699889091485353,-0.15038735276926168,-0.30534485590051735,0.3403701468957788,6.068960319214632
867,7.173907800000961,196.1546128286456,324.1260943768839,37.73760900956674,62.35766594017359,8.90106441556395,0.19238705868484013,-0.2524430802566755,-0.28507983998220254,8.767611637877149,-0.2725156075899488,-0.336612371644609,0.43309657713300775,10.025505204513617
868,7.186003300001175,196.1574085477376,324.13014877732644,37.73814686973975,62.35844595434946,8.777142814753416,0.19238705868484013,-0.251905220083664,-0.28585985415807613,8.868627765807853,-0.27686429064697865,-0.16874357140203125,0.32423483515033835,8.611781980043228
869,7.190167900000233,196.14121599801837,324.13928768261286,37.73503163272666,62.36020416145712,8.933529148888184,0.19238705868484013,-0.25502045709675514,-0.2876180612657322,8.945947538024853,-0.2782250810169117,-0.2172202585125484,0.35297852118099965,11.23975696958292
870,7.202312200000961,196.13337986620382,324.141091757079,37.733524062375395,62.3605512420373,9.116583301701466,0.19238705868484013,-0.25652802744802017,-0.28796514184591615,8.961411492468251,-0.23329582778273256,-0.23079786210481013,0.328168548787024,8.648333081744832
871,7.205617300000085,196.1312835041486,324.14923320538304,37.73312074944565,62.36211755132996,9.001418009217247,0.19238705868484013,-0.25693134037776133,-0.28953145113857204,9.000738414216308,-0.42826510258762085,-0.42984347421311575,0.6067754200838947,6.73831264641142
872,7.217743400000472,196.11762159625198,324.1596227544708,37.7304923751694,62.36411636612001,8.97838418778095,0.19238705868484013,-0.25955971465401717,-0.2915302659286212,9.038959328351076,-0.32046610772544043,-0.36415694209217425,0.485086388877916,3.0128651207614503
873,7.220986500000436,196.1019380528716,324.1774865601997,37.72747506438869,62.36755313116112,8.97377742349369,0.19238705868484013,-0.26257702543472305,-0.29496703096972965,9.035072291695606,-0.2798643341885368,-0.47234390396621817,0.5490289693311646,2.749125350363046
874,7.233674400000382,196.08815235989758,324.1836691254015,37.724822875465485,62.36874257669541,9.12463371956202,0.19238705868484013,-0.26522921435793023,-0.29615647650402366,9.034294731776622,-0.29178132080857827,-0.41310311931807703,0.5057573789507414,1.6042808929672165
875,7.237103700001171,196.08955823157595,324.1938207237332,37.725093346982575,62.3706956128394,9.097148118424123,0.19238705868484013,-0.26495874284083953,-0.29810951264801133,9.034139219792825,-0.27295778604714405,-0.42706643654397963,0.5068448423197492,1.7693166009734282
876,7.2497879000002285,196.0775844126303,324.2055367849372,37.7227897391744,62.3729496313938,8.997530209622324,0.19238705868484013,-0.2672623506490126,-0.30036353120241444,9.112459557825753,-0.22074806641021297,-0.3950750444438209,0.4525638071765515,6.262576071158588
877,7.265794400000232,196.0673811800619,324.22505973334364,37.72082676927148,62.37670559401458,8.977606627861965,0.19238705868484013,-0.26922532055193216,-0.3041194938231939,9.176119536076868,-0.21060270961900845,-0.41521549850294254,0.4655721335044823,7.747480222802633
878,7.269192000001567,196.05556065756429,324.2409496867539,37.71855265371605,62.37976261541382,9.365379113658332,0.19238705868484013,-0.27149943610736216,-0.30717651522243017,9.248378814441937,-0.31258463400369274,-0.4038678970460981,0.5107038590804461,12.943591851002655
879,7.281795599999896,196.0451897554555,324.2536883494229,37.71655742636344,62.38221336925628,9.442933610817605,0.19238705868484013,-0.27349466345997797,-0.30962726906489024,9.341182110544638,-0.2538112659189373,-0.39902876672140775,0.4729102614435229,12.023830758586275
880,7.285532300000341,196.03681776357092,324.26364791743384,37.71494676346943,62.38412946125168,9.458444510249459,0.19238705868484013,-0.2751053263539873,-0.3115433610602949,9.438094210194865,-0.26058942880492375,-0.4105011721811504,0.48622840596470185,11.433900566970603
881,7.29783210000096,196.04399447995524,324.2734620281866,37.716327470825625,62.38601756915301,9.46154669013583,0.19238705868484013,-0.27372461899778955,-0.31343146896162466,9.457476630124912,-0.14095269092977147,-0.24146646112684916,0.27959562394549,7.193035654971413
882,7.301604900001621,196.04092492003764,324.2791885661287,37.71573692722162,62.38711928094414,9.462167126113103,0.19238705868484013,-0.2743151626017948,-0.31453318075275405,9.46135311411092,-0.17437215418418925,-0.3654424002385652,0.40491208434295756,5.72884846348585
883,7.3138303000014275,196.03640386794888,324.282657248954,37.714867135308104,62.387786610630414,9.462291213308559,0.19238705868484013,-0.27518495451531066,-0.31520051043902697,9.462128410908122,-0.05595204608026914,-0.27710227907657947,0.28269471967124377,0.5423082875740611
884,7.317495900000722,196.03020387226064,324.29817285716035,37.713674336373785,62.39077161285694,9.46231603074765,0.19238705868484013,-0.2763777534496299,-0.3181855126655506,9.462283470267563,0.05258549694549658,-0.41696033473877375,0.4202631975732292,4.146151727929422
885,7.32991580000089,196.04060150517455,324.30276129290337,37.715674706387375,62.3916543685135,9.462320994235467,0.19238705868484013,-0.2743773834360397,-0.31906826832211266,9.46231463472734,0.07452186052062253,-0.396920955362286,0.40385610370671005,4.1472567460688445
886,7.3332107000005635,196.05181831452606,324.31736665379225,37.71783267534634,62.39446425093594,9.46232198693303,0.19238705868484013,-0.2722194144770782,-0.3218781507445527,9.526878362736484,0.002804203485649401,-0.4352844176932219,0.4352934502651243,4.274111927212097
887,7.3457109999999375,196.04877458595573,324.3298299446981,37.717247101359256,62.39686202681485,9.462322948411996,0.19238705868484013,-0.27280498846415924,-0.3242759266234643,9.539791260926203,0.04931846780564805,-0.2947279326602335,0.2988258113966594,5.329908957237946
888,7.349412600000505,196.0405063295944,324.3345708284597,37.71565639583745,62.397774111497306,9.785109853354275,0.19238705868484013,-0.27439569398596575,-0.3251880113059187,9.542373840564146,-0.04588597948743406,-0.4635977496601992,0.46586306636555974,12.414602029068611
889,7.361641600000439,196.0346054947521,324.34166120076725,37.71452115157835,62.39913820737054,9.526880521696246,0.19238705868484013,-0.2755309382450619,-0.32655210717915395,9.607447851608923,-0.15132789622838866,-0.3049261083394974,0.34041160926734104,8.622152056232007
890,7.365814200000386,196.0277744510806,324.3615154588832,37.71320694717865,62.40295790969184,9.475233892425187,0.19238705868484013,-0.2768451426447669,-0.3303718095004555,9.755266273202645,-0.25137086183117985,-0.10648479489331109,0.2729950946834405,10.839895690546113
891,7.377583000001323,196.03558817453774,324.3651515087638,37.71471020645194,62.4036574386336,9.787692042156912,0.19238705868484013,-0.2753418833714747,-0.33107133844221437,9.762713563478421,-0.14171590101119477,-0.06248036887002216,0.15487799421980125,12.34169194135703
892,7.381930800000191,196.0232250465641,324.3470633288511,37.71233170062495,62.40017750690323,10.201415056380602,0.19238705868484013,-0.2777203891984641,-0.3275914067118464,9.815416400439826,-0.28160357914220974,-0.16086504463639145,0.3243117919095311,11.149995627878251
893,7.393853500001569,196.03057127628946,324.34869820525967,37.713745020154235,62.40049203596679,9.822346304733152,0.19238705868484013,-0.27630706966917984,-0.32790593577540506,9.913262113095778,-0.2004178867299144,-0.0025951732817697075,0.2004346882294759,3.2423810627225502
894,7.39785110000048,196.0141087309376,324.36123766166645,37.710577839475526,62.4029044651024,9.790394706503271,0.19238705868484013,-0.27947425034788864,-0.3303183649110153,9.910714861584,-0.13099852010730478,-0.13258979305081242,0.1863884800398383,4.79350793741809
895,7.409525900000517,196.0196290198926,324.3687670570182,37.711639871630666,62.4043530233278,9.96446245570495,0.19238705868484013,-0.27841221819274864,-0.33176692313641354,9.86270693716055,-0.0394307446400093,-0.33028647430610275,0.3326318366188382,3.3744607474689006
896,7.413729600000806,196.0300041482837,324.3842678750944,37.71363591206531,62.40733518012468,9.774955784598022,0.19238705868484013,-0.276416177758108,-0.33474907993329595,9.897969396465314,-0.006707817122897086,-0.4429996199461036,0.44305040128968,6.29219967538737
897,7.4260274000007485,196.02430096382875,324.3962912729728,37.712538693182886,62.40964832627791,9.961375434263354,0.19238705868484013,-0.2775133966405292,-0.33706222608652325,9.959784156392672,0.12097938531794196,-0.3258377424766597,0.3475719293818088,8.308913285778662
898,7.429963399999906,196.03007350145523,324.40836084314554,37.71364925471799,62.41197035538303,9.998658601256967,0.19238705868484013,-0.2764028351054222,-0.3393842551916464,10.04950672751877,-0.1743523009092754,-0.16020293513895503,0.23677775499293582,10.151916144601559
899,7.441640600000028,196.0207363013892,324.4094327400833,37.711852898260936,62.412176574482096,10.099468506140065,0.19238705868484013,-0.27819919156247863,-0.3395904742907092,10.159813912642427,-0.33048383095582745,0.006675057275573288,0.33055123492867505,8.86094633338031
900,7.445963900001516,195.98959722231996,324.3936103212513,37.70586214242865,62.40913254586173,10.413075311335437,0.19238705868484013,-0.2841899473947649,-0.33654644567034353,10.181875349667157,-0.3757874126326226,-0.07553883578390777,0.3833044419318789,9.376899935841173
901,7.4579018000004,195.9706201307753,324.38585527806674,37.70221119560398,62.40764057591348,10.326491710216308,0.19238705868484013,-0.2878408942194355,-0.3350544757220959,10.204958291368978,-0.4560596417241501,-0.008055928349347041,0.45613078693630177,4.415480435924865
902,7.462298800001008,195.963403934061,324.3995491466651,37.700822892743226,62.41027509901514,10.071682619387012,0.19238705868484013,-0.28922919708018924,-0.3376889988237508,10.238403004709344,-0.46459987498283856,0.008049461608588111,0.4646696005402735,3.096832927155994
903,7.473817200001577,195.9562669381051,324.4146684756311,37.69944982708343,62.413183862244196,10.114073309766074,0.19238705868484013,-0.2906022627399878,-0.3405977620528091,10.215231107533668,-0.3937979669132703,-0.18890930485085725,0.4367648843534233,4.106289231209187
904,7.489847000000736,195.9398914720751,324.40943036353667,37.69629939933932,62.41217611726529,10.266692072841886,0.19238705868484013,-0.2937526904840979,-0.3395900170739026,10.260966295969626,-0.3858684472566958,-0.19310436177839707,0.4314901541473866,4.741385512612172
905,7.493389000001116,195.92089739804806,324.4145981914701,37.69264518530481,62.41317034048119,10.29721582545705,0.19238705868484013,-0.29740690451860274,-0.3405842402898003,10.29691829581502,-0.45949281321598867,-0.1868817219797352,0.4960427636880257,6.3438271297462325
906,7.506283600001552,195.90305683852569,324.4076275141761,37.689212892533014,62.411829272379556,10.555167652396099,0.19238705868484013,-0.30083919729040076,-0.33924317218816924,10.362797660627848,-0.4805218744661756,-0.1713482426820684,0.5101583010308859,7.44586384919711
907,7.5103522000008525,195.88859456241462,324.41964064319245,37.686430537770114,62.41414044293661,10.251442618613986,0.19238705868484013,-0.30362155205330055,-0.34155434274522634,10.426342948873618,-0.6030687532111001,-0.3732277040965295,0.7092184714210124,7.360797805859722
908,7.522520400001667,195.87440465256654,324.43070056607155,37.68370058275144,62.416268228968605,10.44347013383022,0.19238705868484013,-0.3063515070719731,-0.3436821287772176,10.468912846366521,-0.4217660728467217,-0.3657219047238055,0.5582464794330139,6.527663383561058
909,7.526027200001408,195.8596534092354,324.4479537670062,37.680862634435016,62.41958752154932,10.584418514070732,0.19238705868484013,-0.3091894553883989,-0.34700142135793044,10.477426673277211,-0.6238063590603881,-0.399553259953579,0.7407949656576441,7.5458061897355835
910,7.538186200001292,195.85174272852956,324.46332205991564,37.679340721841825,62.42254418221917,10.510065312921569,0.19238705868484013,-0.3107113679815896,-0.3499580820277828,10.550192518493335,-0.5172956740470829,-0.31813245388845623,0.6072915877936368,3.7220151576414375
911,7.541623700000855,195.82893681128277,324.46448621566253,37.674953158502106,62.42276815071917,10.597736786949548,0.19238705868484013,-0.31509893132130884,-0.35018205052778484,10.585254262976012,-0.527210118349238,-0.40288101692162404,0.6635236413916383,3.6981927725587265
912,7.554009700001188,195.8191955675668,324.47484805538045,37.67307906927566,62.42476163458506,10.615271844694599,0.19238705868484013,-0.31697302054775633,-0.3521755343936732,10.541897196589344,-0.3647503543132005,-0.25237483167502334,0.4435491817539535,3.250834324421374
913,7.557512500001394,195.8142082241671,324.48574692595446,37.67211956894834,62.42685843623778,10.618778856243608,0.19238705868484013,-0.3179325208750754,-0.3542723360463924,10.553734358751464,-0.35648058939004135,-0.3398910152599498,0.49254879237118293,2.07953699338061
914,7.569906600001559,195.81440334388355,324.49824489799255,37.672157107456684,62.429262884317716,10.367633182137393,0.19238705868484013,-0.31789498236673097,-0.3566767841263285,10.556101791183888,-0.12032603983795348,-0.3588276342930122,0.3784648292713663,-0.2862205682231025
915,7.573603400000138,195.81279273050214,324.51132575086535,37.67184724628555,62.431779471127,10.569251123732167,0.19238705868484013,-0.31820484353786327,-0.3591933709356141,10.556575125082482,-0.15604914000876008,-0.41587755556023037,0.44419080958100216,4.551715699547025
916,7.586134900000616,195.80656503443217,324.5217370773648,37.67064911815627,62.433782475609235,10.609573949111669,0.19238705868484013,-0.31940297166714515,-0.36119637541784755,10.536161216422746,-0.10428890001811154,-0.36307516412174606,0.37775620374657054,4.111963535675587
917,7.589645400001245,195.8005449146139,324.52987884941933,37.6694909250115,62.43534884718729,10.617638514187568,0.19238705868484013,-0.3205611648119131,-0.36276274699590516,10.608790623411503,-0.15198453885157603,-0.44525982807327513,0.4704844466566018,4.232227685855928
918,7.601949400001104,195.7995777569738,324.55127769575324,37.66930485639784,62.43946570829272,10.516709312944936,0.19238705868484013,-0.3207472334255783,-0.36687960810133546,10.623316504809255,-0.13404273661572622,-0.35244211202310843,0.377071475408499,4.216345523720224
919,7.605616200000441,195.79509020950712,324.56280721690706,37.66844151034002,62.441683838955555,10.730780217081175,0.19238705868484013,-0.3216105794833979,-0.36909773876416807,10.626221833676695,-0.08654308706617189,-0.3879846172095792,0.39751952041403793,5.6140857140082705
920,7.617565400001695,195.79545605457406,324.5762639380158,37.66851189419638,62.444272737949206,10.641880530720924,0.19238705868484013,-0.32154019562703695,-0.3716866377578185,10.626802899450183,-0.031341993204173565,-0.3393611712764879,0.34080540651251445,1.1159224179906049
921,7.621413500000926,195.79829409787203,324.5830155694649,37.66905789699889,62.44557166446503,10.624100593448873,0.19238705868484013,-0.32099419282452146,-0.37298556427364105,10.647427535456444,-0.06194727097410859,-0.34925181629061186,0.3547031090411119,2.961712609941137
922,7.633745700000873,195.79483795928246,324.59603312820605,37.66839298066124,62.448076074302485,10.620543843055009,0.19238705868484013,-0.32165910916217655,-0.3754899741110975,10.625209536632305,-0.025677945613046392,-0.25850545496723276,0.2597776494210435,4.725368358356925
923,7.637405400000716,195.7916393299085,324.60333872638745,37.66777760576416,62.44948157684854,10.619832492976236,0.19238705868484013,-0.32227448405925685,-0.37689547665715395,10.663305304543258,-0.08072530629525274,-0.3721043188843005,0.38076002837589396,12.516468270789078
924,7.649690100000953,195.78818464326815,324.61299288472185,37.667112968762744,62.451338911974574,10.619690222960482,0.19238705868484013,-0.3229391210606707,-0.37875281178318687,10.781368794062951,-0.117268314593821,-0.296819636672799,0.31914534983647774,13.5912666341378
925,7.653127100000347,195.78337275993812,324.62701073338746,37.66618722468215,62.45403576464844,10.83235937027569,0.19238705868484013,-0.32386486514126744,-0.3814496644570511,10.915425980492278,-0.1233388619620111,-0.1884047013010256,0.22518615930472438,21.16786006322578
926,7.665914500001236,195.78065916898845,324.624426938718,37.665665164900865,62.45353867599174,11.214418041047328,0.19238705868484013,-0.3243869249225497,-0.38095257580035025,11.052681906303537,-0.09278578733070238,-0.08760852626010938,0.12761056462553014,20.645297662456507
927,7.669736300000295,195.7789851352647,324.61769273321465,37.66534310247661,62.45224310200237,11.290829775201654,0.19238705868484013,-0.32470898734680276,-0.3796570018109833,11.190577579991178,-0.08636553543969382,0.016441487459862333,0.08791659810114254,14.088590317163831
928,7.6819830000004,195.77800586633572,324.61005825410444,37.6651547038077,62.45077432702176,11.30611212203252,0.19238705868484013,-0.3248973860157136,-0.3781882268303747,11.286061682990427,-0.03263984149666997,0.19670497392940559,0.19939459877713805,5.978077573750557
929,7.685925000001589,195.7775550554511,324.6024962529792,37.66506797362759,62.44931949586751,11.309168591398693,0.19238705868484013,-0.32498411619582157,-0.3767333956761263,11.194714015064886,-0.028407145262301772,0.15617907603058562,0.1587415184875115,3.348745155615729
930,7.697723700001006,195.77751101728074,324.59534147047134,37.66505950125352,62.44794300830529,11.309779885271928,0.19238705868484013,-0.32499258856989144,-0.37535690811390054,11.176444481479775,-0.010726814760924514,0.09987851489658682,0.10045288593595957,-5.812823486469311
931,7.719554300001619,195.77527985392956,324.61392325824283,37.66463025429895,62.451517903799754,10.75767970141962,0.19238705868484013,-0.325421835524466,-0.3789318036083671,11.123767747614316,-0.01261305755885895,0.04147566076968873,0.04335112059988052,-7.796972296507636
932,7.729284100001678,195.77548881724215,324.61101560459974,37.66467045613603,62.450958508867686,11.199482107276113,0.19238705868484013,-0.3253816336873854,-0.37837240867629873,11.029130838341224,-0.025887140268909932,-0.16441874841985532,0.16644419143741213,-1.7673473614263593
933,7.738195200001428,195.77433942843163,324.6189862009546,37.66444932860349,62.45249194845636,11.042728452705223,0.19238705868484013,-0.32560276121992615,-0.37990584826497553,11.010203456486606,-0.14946945490384314,-0.2384604144942688,0.28143291781529484,-2.608143438344932
934,7.745323300001473,195.77106517327002,324.6434550463324,37.66381940428356,62.45719943764801,10.835984045033232,0.19238705868484013,-0.32623268553985696,-0.38461333745662074,11.05992338172701,-0.19170546285215373,-0.39460317381109855,0.4387056521964933,-2.1493599832798713
935,7.751076500000636,195.75256548765344,324.6510371014268,37.66026030418119,62.45865812692641,11.215142975998836,0.19238705868484013,-0.32979178564222167,-0.3860720267350217,11.026828578933294,-0.20308215171722996,-0.5155422722355499,0.5540994448723928,0.8405536846598141
936,7.756409300000087,195.74616673202078,324.67721697799345,37.65902926640578,62.4636947963758,11.006279327621643,0.19238705868484013,-0.33102282341763356,-0.3911086961844106,11.02619365768119,-0.2960869658861191,-0.6359471483630933,0.7014957354672928,1.6605009432477276
937,7.764246800001274,195.74401772670637,324.69950901744755,37.65861582559425,62.46798349627846,11.034008093307532,0.19238705868484013,-0.3314362642291684,-0.3953973960870698,11.067129448088973,-0.35100400396693865,-0.6038360660196167,0.6984424138229791,1.3662439281972558
938,7.768390700000964,195.7334668950555,324.7161827963541,37.65658598212625,62.471191315559444,11.03955384644471,0.19238705868484013,-0.3334661076971628,-0.3986052153680575,11.07531660617053,-0.39295522602644456,-0.7653336181088213,0.8603193341248545,4.706452951005085
939,7.779033400000117,195.71338839124434,324.7438345174479,37.65272313783523,62.47651114884826,11.040662997072145,0.19238705868484013,-0.3373289519881837,-0.4039250486568733,11.133893124700903,-0.4051711549730267,-0.6489173047089047,0.7650211325008257,5.581245368300584
940,7.784034400001474,195.69185494082865,324.7714154775065,37.64858038064642,62.481817368629635,11.256078766406617,0.19238705868484013,-0.341471709176993,-0.40923126843824775,11.188647216248775,-0.5264724685241133,-0.6992806073058516,0.8753094469202959,6.81095794599082
941,7.796723200000997,195.67260133896693,324.7953166379313,37.64487623681516,62.48641564258292,11.299161920273512,0.19238705868484013,-0.34517585300825715,-0.41382954239153236,11.242636822400147,-0.47995471429563596,-0.6052503786127343,0.7724535899233453,5.643418841504026
942,7.801457500001561,195.65637817898002,324.8149790618266,37.641755110782704,62.49019843848275,11.30777855104689,0.19238705868484013,-0.3482969790407111,-0.417612338291363,11.29647353147222,-0.500731800936202,-0.6119912792135781,0.790737416784032,4.190089888304479
943,7.8113632000004145,195.6431327832704,324.83062922590585,37.63920686806101,62.493209327517896,11.309501877201567,0.19238705868484013,-0.3508452217624054,-0.4206232273265087,11.258217893550306,-0.3449754850930605,-0.4910475760877462,0.6001131620759899,1.973543754512405
944,7.8157037000000855,195.63260021241916,324.84266707210145,37.63718053773455,62.49552525334037,11.309846542432503,0.19238705868484013,-0.3528715520888639,-0.422939153148981,11.250566765965921,-0.3317151351745522,-0.48931072348767035,0.5911513469695377,1.1092253514694572
945,7.827114600000641,195.62965807922785,324.8697320146074,37.63661450938362,62.50073219802256,11.064800576797047,0.19238705868484013,-0.35343758043979534,-0.4281460978311742,11.249036540449044,-0.27144446712698,-0.32630034144448405,0.4244455342686939,-0.3610707991423888
946,7.831703700001526,195.62427624466048,324.87816908763625,37.635579114060874,62.50235538168649,11.260906282351598,0.19238705868484013,-0.35447297576254044,-0.42976928149510485,11.24873049534567,-0.2709576898964999,-0.2576878557848863,0.37392659805509976,6.2363738808865445
947,7.842921600000409,195.60340716541316,324.87723422747547,37.63156417328702,62.502175526689875,11.30012742346251,0.19238705868484013,-0.3584879165363972,-0.4295894264984881,11.293828130319135,-0.23479154584236508,-0.13885953502716641,0.27278020541639064,7.796181884568568
948,7.846998900000472,195.5980067901326,324.87640541966186,37.630525210970994,62.5020160747924,11.30797165168469,0.19238705868484013,-0.35952687885242085,-0.42942997460101395,11.412580475917345,-0.341507427025204,-0.1145115362959983,0.3601946899362132,10.391336722295726
949,7.858414700000139,195.5810355110097,324.87281076653653,37.62726015649842,62.50132451005062,11.535334717299829,0.19238705868484013,-0.36279193332499204,-0.4287384098592355,11.481489789031128,-0.3837110946878685,-0.08131650113883063,0.3922328103869229,11.399303622905675
950,7.863004500000898,195.56712243366064,324.8807927184896,37.624583460469985,62.502860134309444,11.658562304788092,0.19238705868484013,-0.3654686293534297,-0.43027403411805665,11.540430495648025,-0.48785861846091466,-0.18920740923232654,0.5232642499875195,11.1400254674445
951,7.874455400000443,195.5411336357589,324.89196636809896,37.619583552082915,62.50500979989256,11.605452847920509,0.19238705868484013,-0.3704685377404999,-0.4324236997011752,11.597377480965541,-0.48312066474251736,-0.22707184967515806,0.5338231932167705,5.098982135258238
952,7.878636900000856,195.52203649121512,324.903342849349,37.615909508614855,62.507198487658435,11.594830956546993,0.19238705868484013,-0.3741425812085595,-0.4346123874670482,11.608766878029048,-0.5196129730592585,-0.28592335393799634,0.5930849906199231,5.026046403643221
953,7.890927100001136,195.5072715129405,324.9129389838216,37.61306891787306,62.50904465974437,11.592706578272288,0.19238705868484013,-0.37698317195035713,-0.43645855955298174,11.595493762568701,-0.45152902940801726,-0.23253006915268143,0.507886500567102,2.5454260495154637
954,7.8954272999999375,195.49631327008083,324.91840503404137,37.61096069376093,62.510096257068774,11.592281702617349,0.19238705868484013,-0.3790913960624849,-0.43751015687738715,11.62101724006257,-0.4387225626834545,-0.23753987257553455,0.4989014713054461,1.598079179271966
955,7.907066700001451,195.48162607752997,324.92249524044394,37.608135067985735,62.51088315984798,11.59219672748636,0.19238705868484013,-0.3819170218376797,-0.43829705965659116,11.626121935561342,-0.24060807478382,-0.150365893643774,0.28372900384427935,2.4707610106406492
956,7.91138520000095,195.47326220175555,324.9272714541539,37.606525966526284,62.51180204155529,11.73307023538985,0.19238705868484013,-0.38352612329713054,-0.43921594136390496,11.627142874661098,-0.08524307359486225,-0.16511433748867907,0.18582014433377375,8.0661829427718
957,7.922760299999936,195.47988018666936,324.93244805152676,37.60779918117827,62.512797951897845,11.62035443404086,0.19238705868484013,-0.3822529086451425,-0.44021185170645794,11.707760117900971,-0.04903754867342821,-0.08091404279994602,0.09461375958141785,8.081711616965892
958,7.926349400000618,195.49006053128647,324.9366261120028,37.60975774773556,62.51360175666383,11.597811273771063,0.19238705868484013,-0.38029434208785773,-0.44101565647244456,11.804296621968867,-0.059540338476288056,-0.028004895407245572,0.06579761449050954,8.834210713844115
959,7.938793100000112,195.47146837989192,324.9245099215554,37.606180858414135,62.5112707584212,11.995367918816715,0.19238705868484013,-0.38387123140928026,-0.4386846582298105,11.875838877616431,-0.017903345651764595,0.12146528749447583,0.122777627651141,17.090074686901158
960,7.953490700001566,195.44891033838118,324.90946457755683,37.6018409831582,62.50837622894241,12.074879247825844,0.19238705868484013,-0.3882111066652172,-0.4357901287510231,11.937584462535007,-0.02244684840795089,0.14399173885668265,0.14573085418819387,16.142918019339053
961,7.957397900001524,195.44557109045468,324.8986079046431,37.6011985550714,62.506287545573436,12.09078151362767,0.19238705868484013,-0.3888535347520161,-0.4337014453820487,12.099794724538253,-0.23593542257279282,0.14591133647330926,0.27740879895206927,11.090206898321565
962,7.971194900001137,195.45196894448867,324.8968092637584,37.602429419390894,62.505941510344,11.929082358633739,0.19238705868484013,-0.3876226704325205,-0.4333554101526147,12.132236776938903,-0.19012063217699637,0.13138623254212395,0.2311021351718625,11.10422077092227
963,7.975166800000807,195.44119734476476,324.9012347866427,37.60035710300268,62.50679292367485,12.408862583787297,0.19238705868484013,-0.3896949868207358,-0.4342068234834642,12.138725187419032,-0.12161493197477456,-0.009449587123869743,0.12198150013850727,13.908384221980542
964,7.987323800000013,195.43750880884744,324.8939869803521,37.59964747642669,62.505398539540685,12.15757818081996,0.19238705868484013,-0.3904046133967256,-0.4328124393492985,12.209470959114668,-0.1105721000782068,-0.10768724708701934,0.1543461450794471,4.962486743488433
965,7.990838200001235,195.43837195318844,324.9032529096388,37.59981353422768,62.50718118442214,12.107321300226493,0.19238705868484013,-0.3902385555957366,-0.4345950842307502,12.273509944996764,-0.15128267143413757,-0.2502767645289514,0.29244641481702155,4.931019088746472
966,8.003199600001608,195.43135507325803,324.9004653270191,37.59846357733672,62.50664488960109,12.444510372105848,0.19238705868484013,-0.3915885124866918,-0.4340587894097041,12.233783409897793,0.0016480961395121257,-0.29418867191930675,0.294193288343787,4.914227353797278
967,8.007287300000826,195.42892565185943,324.91508062618834,37.597996188099536,62.50945668402006,12.249277288044217,0.19238705868484013,-0.3920559017238787,-0.4368705838286715,12.242752012790106,0.019592716641957483,-0.5241890938611474,0.5245551264341841,1.5084611084910118
968,8.019359700001587,195.44416836364846,324.9423092800822,37.60092868858701,62.51469512465465,12.210229908292437,0.19238705868484013,-0.38912340123640377,-0.4421090244632637,12.26145964328068,0.002514669257169971,-0.48755654513547,0.48756303004422774,-2.1269338346635194
969,8.023712500000329,195.44487769271876,324.96573326484474,37.60106515432049,62.51920159618579,12.202421195281536,0.19238705868484013,-0.3889869355029276,-0.44661549599440065,12.212666989691293,-0.11069931218434365,-0.5972058754401359,0.6073789553304476,-1.479985879989922
970,8.035518000000593,195.44253732479103,324.9856197175784,37.60061489781863,62.52302749233489,12.200859452679355,0.19238705868484013,-0.38943719200478455,-0.4504413921435031,12.21319715526248,-0.15869308048903152,-0.4960257567130907,0.5207927083954733,-1.918401632855647
971,8.040578600001027,195.42477465102198,324.9988997414063,37.597197589257824,62.52558239705841,12.200547104158918,0.19238705868484013,-0.39285450056559057,-0.4529962968670205,12.213303340964607,-0.3522000326241742,-0.4719170960057045,0.5888553374836019,1.957535229717291
972,8.051372600000832,195.40489590274572,325.00910909062503,37.59337317534662,62.527546543725684,12.251928115900144,0.19238705868484013,-0.3966789144767944,-0.4549604435342971,12.213324578105034,-0.4075025418793929,-0.28325587871862884,0.49627836389150487,6.216747015448062
973,8.055988699999943,195.38750937607705,325.01662816376955,37.590028232620085,62.528993116091996,12.210760836803077,0.19238705868484013,-0.40002385720332967,-0.4564070159006093,12.309936338960853,-0.5178916551713029,-0.18675328760400955,0.5505347917497836,9.501158424854534
974,8.067482200000086,195.3728630617927,325.0221242650635,37.58721047129435,62.53005049485417,12.202527380983664,0.19238705868484013,-0.40284161852906664,-0.4574643946627859,12.425866357147642,-0.48044256524294227,-0.052125368115022074,0.48326195018679613,10.686180266343051
975,8.071455700001025,195.36067563483294,325.0188519891174,37.584865768068624,62.5294209513097,12.683918256958453,0.19238705868484013,-0.4051863217547904,-0.456834851118316,12.491297844183437,-0.40153734851165546,-0.29951183590169644,0.500938700935529,14.721205169089746
976,8.08249160000014,195.3326806579758,325.0091990812637,37.579479896813126,62.52756385675997,12.780197195092864,0.19238705868484013,-0.4105721930102888,-0.4549777565685815,12.556918321278095,-0.2855466499596405,-0.30816430357257885,0.4201215625263074,10.071756920285512
977,8.085745700000189,195.33336089935722,325.0331988181675,37.579610766451694,62.5321810955521,12.579085551079121,0.19238705868484013,-0.410441323371721,-0.45959499536071036,12.622576596384526,-0.34168589701262,-0.5050502431512345,0.6097745487673619,5.4901292087533395
978,8.099094500001229,195.32332282981977,325.0579441747567,37.57767957177851,62.5369417819224,12.538863222276373,0.19238705868484013,-0.41237251804490427,-0.46435568173101416,12.591634917665578,-0.19426533120926778,-0.6126413528886457,0.6427040113295363,2.0198435252813303
979,8.103014600001188,195.31260789861705,325.07987758421655,37.57561815768041,62.541161486055316,12.530818756515822,0.19238705868484013,-0.4144339321430053,-0.4685753858639288,12.541373095593663,0.02043517774392571,-0.9531733487041072,0.9533923794373581,0.7178039686125267
980,8.114380100001654,195.32129314897065,325.10229819244086,37.57728908744988,62.545474920925514,12.529209863363713,0.19238705868484013,-0.4127630023735378,-0.4728888207341271,12.53132073117928,-0.009227086837264406,-0.7374855329019432,0.7375432532205589,-3.3240545925924
981,8.117944100000386,195.3321390831411,325.1307228635399,37.57937570482362,62.55094345979234,12.52888808473329,0.19238705868484013,-0.4106763849997961,-0.47835735960095604,12.529310258296405,-0.07328194514176285,-0.8302598754586875,0.8334876749421287,-2.8643880389205987
982,8.130431200001112,195.32512308865637,325.15282079156856,37.57802591828096,62.555194815168804,12.528823729007208,0.19238705868484013,-0.4120261715424576,-0.48260871497741675,12.52890816371983,0.0014718441548522976,-0.6602910376286033,0.6602926780586574,-0.3003493637384215
983,8.13453330000084,195.315209452584,325.17031579359525,37.57611866299612,62.558560627150406,12.52881085786199,0.19238705868484013,-0.41393342682729184,-0.4859745269590192,12.528827744804515,0.0949070415018891,-0.6395044469406762,0.6465085337283194,-0.12362484648260953
984,8.146137100000487,195.30603624986475,325.18398214664103,37.574353857506246,62.56118985661583,12.528808283632946,0.19238705868484013,-0.41569823231716896,-0.4886037564244461,12.528811813609341,0.0007562414622905786,-0.3327245350620392,0.33272539448229593,-0.010814298195279275
985,8.149928300001193,195.3181396166654,325.1894128950587,37.5766823886452,62.56223466233036,12.528807768787138,0.19238705868484013,-0.4133697011782118,-0.48964856213897434,12.528808627370307,0.00971079094864546,-0.2761941936726133,0.27636485319105486,-0.004375744996744931
986,8.161950500001694,195.32530821959602,325.1894430675147,37.57806153507791,62.562240467120425,12.528808428757428,0.19238705868484013,-0.4119905547455076,-0.4896543669290381,12.5288079901225,0.22894107365956395,-0.1074993282340652,0.25292315192399684,-0.0004562141918137506
987,8.177819500000624,195.32008514205722,325.1942113528162,37.577056682552936,62.563157823504554,12.528807797812034,0.19238705868484013,-0.4129954072704791,-0.4905717233131668,12.528807862672938,0.27345191515766354,-0.07621609025223097,0.28387469474528765,-0.00018416617856390505
988,8.181638600000952,195.33261527965493,325.1937554749228,37.57946731887027,62.56307011849752,12.528807671622955,0.19238705868484013,-0.41058477095314316,-0.49048401830613386,12.528807837183026,0.1720468467861711,-0.06114252121500932,0.18258840431306722,-1.753222348788157e-05
989,8.19406550000167,195.33716688143716,325.198287806719,37.58034298814946,62.56394208048078,12.52880764638514,0.19238705868484013,-0.409709101673954,-0.4913559802893914,12.528807679497154,0.1546668415596502,-0.07199077844658086,0.17060042221337737,-7.0359913915946915e-06
990,8.198409200000242,195.33958652016398,325.2028083408399,37.58080849532719,62.56481177274399,12.528807641337576,0.19238705868484013,-0.4092435944962247,-0.49222567255259975,12.52880764795998,0.09291518284432246,-0.06278305484872639,0.11213805410801483,2.3905633903128025e-06
991,8.210428800000955,195.34132439493357,325.2062272927295,37.58114283994248,62.56546953484181,12.528807640328063,0.19238705868484013,-0.408909249880935,-0.49288343465042317,12.528807641652545,-0.06050980486085238,-0.06416322902052624,0.08819499102919016,6.663135357574769e-06
992,8.214298900000358,195.33383955210252,325.2064640497449,37.57970285304549,62.56551508382763,12.52880764012616,0.19238705868484013,-0.41034923677792534,-0.49292898363624005,12.528807792978949,-0.14161810591410992,-0.03594739430778117,0.14610921627405696,3.1855732087267516
993,8.226747600001545,195.32504466585766,325.2054246061862,37.57801083074938,62.5653151083387,12.52880764008578,0.19238705868484013,-0.4120412590740372,-0.4927290081473146,12.52880797583212,-0.18574497294831788,0.010829889762438476,0.18606042429231937,3.433764194393983
994,8.231426800000918,195.31689501656206,325.20369990154654,37.576442943692086,62.56498329748597,12.528808403017157,0.19238705868484013,-0.4136091461313285,-0.4923971972945864,12.603337431348066,-0.4055322289036505,0.2378000395893296,0.4701119521010389,6.925704524218706
995,8.243438500001503,195.30981075975575,325.2015978879843,37.57508002436215,62.56457889727942,12.528808555603431,0.19238705868484013,-0.41497206546126364,-0.4919927970880309,12.618243322451256,-0.3870923211078895,0.26517623600311374,0.4692109346567624,7.20602689558645
996,8.247877900001185,195.28509429150142,325.1766735808828,37.57032489573362,62.5597837831464,12.901454917907795,0.19238705868484013,-0.41972719408979486,-0.48719768295501353,12.695753919617207,-0.43782424410336657,0.26730376481122115,0.5129730708399194,11.202095830482323
997,8.25893780000115,195.26900459094176,325.1694812003965,37.56722944556783,62.5584000622197,12.603337095642107,0.19238705868484013,-0.42282264425558225,-0.48581396202830973,12.711256039050397,-0.37140566441439854,0.2502846670414009,0.4478667012796617,7.068869872945098
998,8.262823100001697,195.2611369509581,325.1689419553726,37.565715813452584,62.55829631845564,12.916360625915532,0.19238705868484013,-0.4243362763708305,-0.4857102182642521,12.788885729294456,-0.3706251234153984,0.23260016857224122,0.4375680753054481,9.605098000299979
999,8.275275500000134,195.2609438751907,325.1698600005619,37.56567866817359,62.55847293846936,12.606319000183106,0.19238705868484013,-0.4243734216498254,-0.4858868382779704,12.729882400985845,-0.11840791000246431,0.005830502795867658,0.11855137246782219,6.336590556489894
1000,8.279781200000798,195.25837790605354,325.1711423683046,37.56518500891861,62.558719649427516,12.916957006823731,0.19238705868484013,-0.42486708090480363,-0.48613354923612917,12.792611154269437,-0.06305927157237132,-0.031875002581975,0.0706575369004538,6.180328310415753
1001,8.291011200000867,195.26946660786103,325.17427820682224,37.56731833164399,62.559322944176444,12.606438276364747,0.19238705868484013,-0.42273375817942593,-0.48673684398505657,12.805156904926154,-0.05527064235423558,-0.045679713380352045,0.0717041150894489,2.192532135404169
1002,8.29505600000084,195.26940064854728,325.1756114828579,37.56730564192562,62.55957944923136,12.91698086206006,0.19238705868484013,-0.4227464478977936,-0.48699334903997027,12.807666055057497,-0.05601877755716396,-0.04888559435550815,0.07434988079674579,6.428857213003893
1003,8.30718380000144,195.24729706155088,325.1782793965934,37.563053197837,62.560092721307754,12.979089379199122,0.19238705868484013,-0.4269988919864147,-0.487506621116367,12.808167885083765,-0.07874906041773674,-0.04994718131829849,0.09325307200472989,4.60094283440082
1004,8.3117224000016,195.2471384438545,325.1789921513944,37.56302268184494,62.56022984610749,12.618864750839824,0.19238705868484013,-0.42702940797847333,-0.4876437459161025,12.882797517446441,-0.28963480614685244,-0.0589902634318928,0.295581075360871,4.852453160468153
1005,8.323070100001132,195.2339724161394,325.18253490308297,37.560489708498274,62.560911425684495,12.919466156955075,0.19238705868484013,-0.429562381325141,-0.4883253254931077,12.937068078928743,-0.38338140070206256,-0.04306076609055827,0.3857920786908166,5.78071485623609
1006,8.327640800000154,195.21343466287274,325.18488543475513,37.5565385105553,62.561363637559246,12.979586438178124,0.19238705868484013,-0.43351357926811573,-0.48877753736785934,12.947922191225203,-0.4873667876294766,0.019268938833661167,0.4877475552865957,6.403721534350406
1007,8.33858070000133,195.1866022265092,325.183962447556,37.55137629704597,62.5611860667668,13.188333669471564,0.19238705868484013,-0.4386757927774454,-0.48859996657541416,13.005484096448168,-0.5245588369948964,-0.010259388919473207,0.5246591546236845,3.1537890087816858
1008,8.342228000001342,195.1700979748402,325.17885651765073,37.54820109261158,62.56020375193048,13.033359940681423,0.19238705868484013,-0.4418509972118372,-0.4876176517390931,13.01699647749276,-0.5882819478371097,-0.0299024923582758,0.5890414324988189,4.445272228900568
1009,8.354117700000643,195.15818992950108,325.18984810158065,37.5459101387941,62.56231839043304,12.906674276954645,0.19238705868484013,-0.44414195102931586,-0.48973229024165477,13.019298953701679,-0.4403563090553229,-0.012692718622971416,0.44053919692902355,3.7982739596887627
1010,8.357791600001292,195.1478429230491,325.1928706557662,37.54391950865661,62.56289989074252,12.97702806217804,0.19238705868484013,-0.44613258116680754,-0.49031379055113433,13.060593341765728,-0.46183834402136786,0.016546212869554475,0.46213464831012613,2.627694205799897
1011,8.37043790000098,195.13963712236384,325.193717847047,37.54234081879862,62.56306287938118,12.991098819222717,0.19238705868484013,-0.4477112710247937,-0.49047677918979105,13.049714035784788,-0.18589229443453092,-0.10190595348048712,0.21199237836512316,1.6767320131056467
1012,8.374118000001545,195.1285562837648,325.19061085824615,37.540209008852784,62.56246513494441,13.39480560979181,0.19238705868484013,-0.44984308097063064,-0.48987903475302375,13.047538174588599,-0.1356702227574664,-0.08776947063058048,0.1615855479856812,2.1034685711778134
1013,8.38636360000055,195.1609652122986,325.2111658981553,37.54644406728853,62.56641965861368,12.978963410776723,0.19238705868484013,-0.44360802253488174,-0.4938335584222955,13.027964818755613,-0.060787322156743685,-0.17747432609187003,0.18759593534176364,-1.984041535448469
1014,8.40158700000029,195.16558844052582,325.21964633293726,37.5473335165688,62.56805118451775,12.895794970973705,0.19238705868484013,-0.4427185732546164,-0.49546508432636216,13.063394782598781,-0.0738722733156447,-0.16070582598763217,0.17687135231910345,-0.9808484486087965
1015,8.405256200001531,195.16239549269983,325.231219261457,37.54671923472802,62.570277666196034,12.8791612830131,0.19238705868484013,-0.44333285509539166,-0.49769156600464726,13.029646882545148,-0.10046305412115292,-0.10369026432322809,0.14437623128053526,3.1101242564253306
1016,8.4177049000009,195.15008449939566,325.22662805755175,37.544350758936744,62.569394377980885,13.168248638438559,0.19238705868484013,-0.44570133088667063,-0.49680827778949777,13.081379815962155,-0.23625628183193947,-0.07463556928131862,0.24776500743042654,4.58433317941067
1017,8.421170000001439,195.1372563848587,325.21856802513014,37.5418827957125,62.567843732050385,13.22606610952365,0.19238705868484013,-0.44816929411091166,-0.4952576318589976,13.150209221249073,-0.4031215077520782,-0.20455043483511423,0.45204848235951767,7.343623668132311
1018,8.43368570000166,195.12621015334358,325.2301257098958,37.53975764372176,62.570067281027654,13.23762807786176,0.19238705868484013,-0.45029444610165825,-0.49748118083626736,13.222457920909973,-0.4071792691230294,-0.11993171199152766,0.4244744665404306,9.354212671619392
1019,8.43711440000152,195.11238215869722,325.2436123600911,37.53709731650424,62.57266193799024,13.239941997408291,0.19238705868484013,-0.45295477331917766,-0.5000758377988532,13.277741553664418,-0.3209443953654447,-0.3038526745524551,0.44196351970402614,14.108804053178943
1020,8.450041300000521,195.09976988659812,325.2559561906087,37.53467087857176,62.57503673123642,13.240404781317597,0.19238705868484013,-0.4553812112516553,-0.5024506310450363,13.288798280215309,-0.2000722711808473,-0.4261408756900448,0.4707706019170491,10.582111302660207
1021,8.454679100001158,195.1055775424503,325.27641427958577,37.53578819639901,62.57897260280104,13.444666802210786,0.19238705868484013,-0.4542638934244039,-0.5063865026096508,13.418325757117284,-0.5282052605428855,-0.36699213484496307,0.6431827301033829,9.736722567182609
1022,8.466295000000173,195.09906436852273,325.28631243220116,37.53453514602438,62.58087687926913,13.281349742278096,0.19238705868484013,-0.45551694379903296,-0.5082907790777398,13.444230947321898,-0.31892909955176035,-0.3031861627988319,0.440042747757052,6.105948247087219
1023,8.469646900000953,195.0675212190838,325.2842551100034,37.52846665228217,62.58048107710273,13.885265462371637,0.19238705868484013,-0.46158543754124537,-0.507894976911345,13.44941198536282,-0.3074561599164928,-0.43716650810055635,0.5344565895144617,12.67880031309426
1024,8.482629500000257,195.08577373738814,325.3137929645126,37.531978200592334,62.58616377805161,13.369467948431359,0.19238705868484013,-0.4580738892310805,-0.5135776778602263,13.423056225197564,-0.3753931812683724,-0.29168434571392554,0.4753943605863977,5.574450581661365
1025,8.486248900000646,195.08332163869272,325.3298520497219,37.53150644853672,62.58925333822021,13.266309971522212,0.19238705868484013,-0.4585456412866975,-0.5166672380288233,13.54510089958053,-0.2363205890736894,-0.2578160327035707,0.34973779827056756,4.905363978996271
1026,8.498031300001458,195.07727267041537,325.3372771603797,37.53034270532176,62.59068183342007,13.31288800138452,0.19238705868484013,-0.4597093845016573,-0.5180957332286837,13.455635933089937,0.1678074005196653,-0.3410399715832022,0.38008891839494446,5.453167643185153
1027,8.50202200000058,195.0894590062269,325.3371650542551,37.532687198624686,62.59066026565249,13.891573114192921,0.19238705868484013,-0.45736489119872914,-0.5180741654611012,13.451185170016426,0.03815357913559263,-0.44105374567199396,0.4427009172930997,13.420379580790314
1028,8.51413390000016,195.102690831879,325.3559282264544,37.535232830642926,62.59427005716352,13.437940629918662,0.19238705868484013,-0.45481925918048915,-0.521683956972133,13.503081272284536,0.014323456374284414,-0.26057539843698946,0.26096877145187664,5.8846837293905025
1029,8.517420500000298,195.0962369779893,325.3719486703831,37.533991192675906,62.59735218324979,13.347214133063812,0.19238705868484013,-0.4560608971475091,-0.5247660830584024,13.627334394105347,-0.07016618616998482,-0.08734207749543157,0.11203540593428019,13.490099183242858
1030,8.529969200000778,195.07996363292506,325.36876689171686,37.53086041168403,62.5967400502108,13.525790482862764,0.19238705868484013,-0.45919167813938344,-0.5241539500194108,13.577655446936305,-0.15671965971735025,-0.1217539854679886,0.19845675780698735,15.852032415290138
1031,8.533384400001523,195.070711123075,325.3555431633589,37.529080348528524,62.594195976007164,13.93415361048857,0.19238705868484013,-0.46097174129489105,-0.521609875815777,13.681593558869688,-0.033979579302657464,-0.0037542059588273474,0.03418634042957629,16.364191131159775
1032,8.54597620000095,195.0808377233957,325.36645079328116,37.5310285753787,62.59629446284513,13.643178378347717,0.19238705868484013,-0.45902351444471634,-0.5237083626537427,13.816255082623549,0.09453881945617704,0.21396749171426324,0.23392237151384418,8.891014966170243
1033,8.549910499999896,195.09768593231377,325.3604801909961,37.53426995273656,62.595145796232934,13.95763118958556,0.19238705868484013,-0.45578213708685666,-0.5225596960415473,13.843187387374321,0.07666707597855472,0.14414561591989636,0.1632660378891696,9.736192058032687
1034,8.562149800000043,195.11453226188704,325.3508851234326,37.53751096853279,62.593299829406504,14.02052175183313,0.19238705868484013,-0.4525411212906221,-0.5207137292151174,13.84857384832448,0.08819332166668323,0.049443190613428695,0.10110732458451713,3.652966053762452
1035,8.566184700001031,195.10742563749324,325.35718386630737,37.536143745968495,62.59451162602159,13.660452006616627,0.19238705868484013,-0.45390834385491985,-0.5219255258302056,13.849651140514508,0.11804843931875607,-0.03028185472368737,0.12187052453772627,-2.393536264674321
1036,8.578258500001539,195.07833193427564,325.34015045876436,37.53054649398021,62.591234618845014,13.961085915239343,0.19238705868484013,-0.45950559584320416,-0.5186485186536274,13.849866598952513,-0.05918599945981726,-0.0550989134649338,0.08086329697133152,-3.9716181129030113
1037,8.58160769999995,195.08362412126422,325.34999122797234,37.531564642268954,62.593127855488135,13.64856483929787,0.19238705868484013,-0.4584874475544609,-0.5205417552967475,13.784429496548318,-0.19545116101571697,-0.14746380084445626,0.2448402109578514,-4.1942710697114
1038,8.594132800000807,195.07956844486682,325.339061832872,37.53078438261588,62.59102518131158,13.958708481775592,0.19238705868484013,-0.4592677072075375,-0.5184390811201922,13.77134207606748,-0.09421118129023814,-0.13038303433373355,0.1608585786402878,-3.0855597027153845
1039,8.598021100000551,195.0711501983749,325.34534742843283,37.529164820934014,62.592234448553604,13.693336239812151,0.19238705868484013,-0.460887268889401,-0.5196483483622174,13.76872459197131,-0.2420207813405881,-0.21732674474010466,0.32527676304962116,-5.447098901575814
1040,8.610757600001307,195.08222923050192,325.3595759928504,37.53129628333801,62.594971840211215,13.595014904212432,0.19238705868484013,-0.4587558064854065,-0.5223857400198284,13.84273066668528,-0.39531855589187126,-0.040393243797274075,0.3973768674405954,-1.8739182158801486
1041,8.615056100001311,195.0553587907798,325.36322468668914,37.5261267584743,62.595673801686885,13.947998494758503,0.19238705868484013,-0.46392533134911673,-0.5230877014954984,13.792051992712059,-0.3659545730669089,-0.0879924176514226,0.37638466375866847,-1.6146270222731571
1042,8.626528900000267,195.02777860150354,325.3441783640551,37.52082068698147,62.59200953569656,14.018595212867718,0.19238705868484013,-0.46923140284194176,-0.5194234355051748,13.772866880476005,-0.28102022554931266,-0.07788138717624297,0.29161254711737356,-3.4780769914201617
1043,8.647250200001508,195.0368823945165,325.35173062617,37.52257213894211,62.59346249319127,13.705315111909481,0.19238705868484013,-0.46747995088130523,-0.520876392999881,13.778079540645983,-0.38639572541676875,-0.13981601537122706,0.4109138288919444,-4.954044104488368
1044,8.653700100001515,195.0371556267053,325.3604622585933,37.52262470527925,62.595142346270706,13.597410678631897,0.19238705868484013,-0.4674273845441661,-0.5225562460793185,13.713642336351853,-0.12891891836741903,-0.31381859948573976,0.33926715269270674,-2.4212755273660322
1045,8.661912400000801,195.0218087431021,325.3828554328124,37.51967216348285,62.59945050319333,13.621078205062318,0.19238705868484013,-0.4703799263405628,-0.5268644030019445,13.700754895493029,-0.042378677505120685,-0.403015651804525,0.40523766842003855,-0.3011600023708072
1046,8.667075500001374,195.02408316722085,325.41058659990233,37.52010973324926,62.60478562086366,13.625812473287855,0.19238705868484013,-0.4699423565741583,-0.5321995206722718,13.705267403659155,-0.025563889935213274,-0.5673910386029533,0.5679666391220154,3.053121526941302
1047,8.675524100000985,195.02277494219584,325.41614610065915,37.5198580476846,62.605855196862024,13.954158008573588,0.19238705868484013,-0.47019404213881444,-0.5332690966706366,13.780699476825582,-0.1156147712561617,-0.5691123911223688,0.5807371944878635,6.535672544584452
1048,8.68025690000104,195.02692252583216,325.4380895647156,37.520655989101044,62.6100768353692,13.727877652740109,0.19238705868484013,-0.4693961007223706,-0.537490735177812,13.861265780374882,-0.13023137208115237,-0.620350864063377,0.6338733349955006,7.642368132509483
1049,8.69124980000015,195.001660898792,325.45346312604215,37.515795978977195,62.61303450961432,13.974571044464039,0.19238705868484013,-0.47425611084621977,-0.540448409422936,13.942858777412868,-0.23081238956603817,-0.4473331836567472,0.5033699796150598,8.577365828336157
1050,8.695366300000387,194.9924043604402,325.4701696755535,37.514015140790086,62.616248633535584,14.023909722808824,0.19238705868484013,-0.47603694903332894,-0.5436625333441967,13.959177376820465,-0.2780957812458166,-0.5480896025573934,0.6146051382621549,7.499036493995436
1051,8.706477100000484,194.9682548987038,325.47988525336103,37.5093690968778,62.6181177849734,14.033777458477783,0.19238705868484013,-0.4806829929456171,-0.5455316847820129,14.02083098928011,-0.37368602825867725,-0.3857178585151457,0.5370470315468235,4.135659998040337
1052,8.709963600000265,194.96343060700016,325.4913092039653,37.50844096558669,62.62031560522871,14.035751005611573,0.19238705868484013,-0.48161112423672137,-0.5477295050373243,14.033161711772042,-0.515933954564497,-0.35873698164029166,0.6283948340565407,2.680817051734183
1053,8.721930200001225,194.9441886454024,325.49629379269055,37.50473906119157,62.621274575592324,14.036145715038332,0.19238705868484013,-0.4853130286318432,-0.5486884754009367,14.035627856270425,-0.4829036021424994,-0.20512458528566885,0.5246636869946489,1.8895469116966042
1054,8.725260100000014,194.92422617746388,325.49861568450075,37.500898540700796,62.621721277528266,14.036224656923682,0.19238705868484013,-0.4891535491226193,-0.5491351773368791,14.036121085170102,-0.2892240719849122,-0.010223558497141322,0.289404707915884,0.7808489821875377
1055,8.737839200000963,194.90673861223706,325.49944792747283,37.49753415946325,62.62188139030578,14.036240445300754,0.19238705868484013,-0.4925179303601652,-0.5492952901143937,14.036219730950037,-0.2627735312098332,0.12466711930624061,0.29084672826181424,0.07357244414631624
1056,8.741432300001179,194.91701515843036,325.48438956975883,37.49951123395881,62.618984357156556,14.036243602976167,0.19238705868484013,-0.4905408558646016,-0.5463982569651691,14.036239460106028,-0.1049062089168082,0.08701434348770606,0.13629676680645622,0.03240126203960786
1057,8.75366910000048,194.9084949700275,325.48158628404127,37.49787205997255,62.6184450412627,14.036244234511251,0.19238705868484013,-0.4921800298508643,-0.5458589410713159,14.03624340593722,0.16165459427602608,0.09692983040859574,0.18848766504359304,0.0027794465133858526
1058,8.757104199999958,194.91706514875688,325.48637862667437,37.4995208514507,62.61936702596609,14.036244360818268,0.19238705868484013,-0.49053123837271784,-0.5467809257747049,14.036244195103462,0.33200133798045584,0.050746458241232965,0.33585724861143323,0.0012126171712840954
1059,8.770086900000024,194.92917549739428,325.49208568450064,37.501850725804694,62.62046499003504,14.03624438607967,0.19238705868484013,-0.48820136401872105,-0.547878889843652,14.036244352936711,0.25833482937078356,-0.12376486894843147,0.28645178800603477,0.00011455410470955778
1060,8.774087100000543,194.94132402571574,325.4971516701486,37.50418794543581,62.621439620113186,14.036244391131952,0.19238705868484013,-0.4858641443876053,-0.5488535199217992,14.036244384503359,0.39549100228739226,-0.16724177843667815,0.42939835275062366,5.01344700676606e-05
1061,8.786001400001624,194.95258945979808,325.5012563013262,37.50635526916372,62.62222929803243,14.036244392142407,0.19238705868484013,-0.483696820659695,-0.5496431978410428,14.036244390816691,0.32733003242245745,-0.1209203033073247,0.3489508129774488,4.19137271722241e-06
1062,8.789528799999971,194.96270714888507,325.5044339483784,37.508301781607855,62.62284063620234,14.036244392344498,0.19238705868484013,-0.48175030821555964,-0.5502545360109536,14.036244392079354,0.3786517027694397,-0.12260377824992483,0.39800602815956554,1.762909292213914e-06
1063,8.801820700000462,194.97159948619588,325.50678475662585,37.51001255222791,62.623292901286604,14.036244392384916,0.19238705868484013,-0.480039537595502,-0.5507068010952167,14.036244392331888,0.28185118757807215,-0.07702414547361237,0.2921862606713564,1.848166305756293e-07
1064,8.805214900001374,194.97929284640247,325.508425315133,37.51149265516946,62.623608523512395,14.036244392393,0.19238705868484013,-0.47855943465395256,-0.5510224233210081,14.036244392382395,0.08819838471791111,-0.01526012798170339,0.08950880723630844,7.89529811188573e-08
1065,8.81777570000122,194.98583959954007,325.50945343571686,37.51275216574954,62.62380632060749,14.036244392394616,0.19238705868484013,-0.47729992407387556,-0.5512202204161056,14.036244392392495,-0.01578350045217442,0.0208224470300377,0.026128398091779678,7.367747775606178e-09
1066,8.82127550000041,194.97153466795143,325.50504127640966,37.51000008203651,62.622957478255934,14.03624439239494,0.19238705868484013,-0.4800520077869024,-0.550371378064547,14.036244392394515,0.011577102337540002,0.025173491380314536,0.02770801268241092,3.2631073537449472e-09
1067,8.833796000000802,194.97361181640193,325.5045791057235,37.510399698517354,62.62286856259701,14.036244392395005,0.19238705868484013,-0.4796523913060611,-0.550282462405626,14.03624439239492,-0.05839623820306055,0.04290447871741002,0.07246319707466183,2.872785831651829e-10
1068,8.83758840000155,194.9790520629872,325.50487555035664,37.511446331556414,62.62292559470804,14.036244392395018,0.19238705868484013,-0.47860575826700114,-0.5503394945166562,14.036244392395002,-0.06625313036515365,0.045768668418238734,0.08052483028209825,1.2650047597327087e-10
1069,8.850023000000874,194.98462355041477,325.5051556551673,37.512518213635104,62.62297948324869,14.03624439239502,0.19238705868484013,-0.47753387618831056,-0.5503933830573047,14.036244392395018,0.13234974986808296,-0.002346606416353014,0.13237055130132758,1.1172756727556309e-11
1070,8.865643900000578,194.9895755348205,325.50527145773714,37.51347091134958,62.62300176216449,14.036244392395021,0.19238705868484013,-0.4765811784738361,-0.5504156619731049,14.036244392395021,0.13655223435354108,-0.0032410700976156625,0.13659069237075439,4.703217022742777e-12
1071,8.869534400000703,194.9937546625137,325.5052317438288,37.51427492143434,62.62299412172248,14.036244392395021,0.19238705868484013,-0.47577716838907236,-0.5504080215310907,14.036244392395023,-0.09465873403484387,0.05363052869059743,0.10879572388983082,3.93945079050259e-13
1072,8.881984100000409,194.99717981553079,325.50506159806656,37.514933876548845,62.622961387879734,14.036244392395021,0.19238705868484013,-0.4751182132745697,-0.5503752876883468,14.036244392395023,-0.11280383972365338,0.057427957246363695,0.12658071152387262,1.3680433378347757e-13
1073,8.885709600001064,194.98013754421473,325.4998463321338,37.511655164097036,62.62195803820667,14.036244392395021,0.19238705868484013,-0.47839692572637915,-0.549371938015284,14.036244392395023,-0.2877892816615261,0.10609194940659664,0.3067216529170203,9.13176629915519e-14
1074,8.898019600001135,194.97984807623922,325.4989087265881,37.51159947420465,62.62177765503353,14.036244392395021,0.19238705868484013,-0.47845261561876384,-0.549191554842146,14.036244392395023,-0.32431450163499986,0.10673958004324101,0.34142822659904054,0.0
1075,8.901883200000157,194.9635022107102,325.49405091211577,37.50845474121386,62.62084307439556,14.036244392395021,0.19238705868484013,-0.4815973486095544,-0.5482569742041719,14.036244392395023,-0.27369811839316843,0.09781568239119706,0.2906519701182436,0.0
1076,8.913784900001701,194.96498901703302,325.4937290976578,37.50874078350914,62.62078116145855,14.036244392395021,0.19238705868484013,-0.4813113063142751,-0.5481950612671653,14.036244392395023,-0.08054745111685187,0.04119583861054038,0.09047092903384672,0.0
1077,8.917191500000627,194.97040756309616,325.4944726186527,37.50978324164858,62.62092420527583,14.036244392395021,0.19238705868484013,-0.4802688481748376,-0.54833810508444,14.036244392395023,-0.026643995733912955,0.02921636843250738,0.039541101313099326,0.0
1078,8.930331999999908,194.9762597276881,325.49541380896005,37.51090912238136,62.62110527811072,14.036244392395021,0.19238705868484013,-0.4791429674420513,-0.5485191779193315,14.036244392395023,0.0891679436225842,-0.006287902903693219,0.08938937237058234,0.0
1079,8.93425230000139,194.9816595364142,325.49633575204473,37.51194797569964,62.62128264802906,14.036244392395021,0.19238705868484013,-0.4781041141237736,-0.5486965478376717,14.036244392395023,0.10033641732108615,-0.008435892342066327,0.10069042119505754,0.0
1080,8.946560400001545,194.9666329932344,325.49221748293303,37.50905706325508,62.620490346347786,14.036244392395021,0.19238705868484013,-0.4809950265683369,-0.5479042461563992,14.036244392395023,0.05641589865507339,-0.003579329182544619,0.05652933060329414,0.0
1081,8.950550000001385,194.96828941285938,325.4923323248348,37.509375736954674,62.620512440443484,14.036244392395021,0.19238705868484013,-0.4806763528687412,-0.5479263402520971,14.036244392395023,0.09634680016947991,-0.01337600821289093,0.09727087692937193,0.0
1082,8.96230100000139,194.9735672567793,325.4934138917556,37.51039112582262,62.620720519922145,14.036244392395021,0.19238705868484013,-0.47966096400079294,-0.5481344197307578,14.036244392395023,0.059608185894924864,-0.007922437439542719,0.06013236101025294,0.0
1083,8.966076500000781,194.9791668080913,325.4946455871967,37.51146840702949,62.620957482185254,14.036244392395021,0.19238705868484013,-0.47858368279392494,-0.5483713819938671,14.036244392395023,0.15042741532231524,-0.030575964516768528,0.15350341001646514,0.0
1084,8.978190499999982,194.9842860257533,325.4957774856664,37.512453278258256,62.621175244802565,14.036244392395021,0.19238705868484013,-0.4775988115651586,-0.5485891446111779,14.036244392395023,0.14665362552466726,-0.03225643283945028,0.15015912672580148,0.0
1085,8.982095700001082,194.98873584359654,325.4967699939752,37.5133093656248,62.62136619055681,14.036244392395021,0.19238705868484013,-0.4767427241986155,-0.5487800903654261,14.036244392395023,0.11110598481841305,-0.23704640020520903,0.2617929252533719,0.0
1086,8.994048700000349,194.9925262155378,325.49763610200944,37.5140385841339,62.62153281853403,14.036244392395021,0.19238705868484013,-0.47601350568951517,-0.5489467183426413,14.036244392395023,0.0286813077906564,-0.36063597297395156,0.36177468460279405,1.324234044389098
1087,8.997838300001604,194.99072722649186,325.51815444786564,37.513692481922746,62.62548028274238,14.036244392395021,0.19238705868484013,-0.4763596079006689,-0.5528941825509932,14.036244392395023,-0.07197610695924021,-0.7799187140600292,0.7832328903423665,7.9116650355852745
1088,9.009877500000584,194.98279304319522,325.56075199087263,37.512166047735235,62.633675498748694,14.036244392395021,0.19238705868484013,-0.47788604208817986,-0.5610893985573071,14.11595798492432,-0.14661904373361107,-0.9084379260823792,0.9201937891173863,11.825679619923996
1089,9.013797500001601,194.97419481231248,325.60383393277675,37.510511859385815,62.64196390683406,14.036244392395021,0.19238705868484013,-0.47954023043759975,-0.5693778066426702,14.245071632385258,-0.46795842982777464,-1.2571848995537356,1.3414540483046047,28.261253533981932
1090,9.026447900001585,194.96406872260937,325.6493029045809,37.508563730771854,62.65071154858089,14.434812355041505,0.19238705868484013,-0.4814883590515606,-0.5781254483894998,14.49264088287354,-0.6084897807102888,-1.0841989491657174,1.2432808108391689,35.14487023587789
1091,9.030177300001014,194.93410571214648,325.68337522565696,37.50279923531955,62.657266622215275,14.681812629699708,0.19238705868484013,-0.4872528545038648,-0.5846805220238878,14.799115029602055,-1.1227292370823863,-1.169564735405176,1.6212349028142023,52.45579830622586
1092,9.041966700000557,194.8854505613374,325.69420501246896,37.49343861396552,62.65935013304622,15.274090644836427,0.19238705868484013,-0.49661347585789173,-0.5867640328548305,15.20488358331299,-1.2550731600061948,-0.7564945403830328,1.4654325732005795,52.32248638991651
1093,9.04602320000049,194.82856326289294,325.7175576007735,37.482494233941274,62.663842868822805,15.5686151260376,0.19238705868484013,-0.5075578558821405,-0.5912567686314176,15.582851258898929,-1.8719412946703193,-0.6424898719538601,1.9791304773195928,66.88156454176527
1094,9.058062100000825,194.76074875639705,325.7206262776348,37.46944760050037,62.6644332425382,16.06508716094971,0.19238705868484013,-0.5206044893230484,-0.5918471423468148,15.97135372956299,-1.7757819844092544,-0.30516721520059464,1.8018126110630248,57.68078086949073
1095,9.062249800001155,194.69025966834732,325.7232702779048,37.4558864121811,62.664941913973315,16.324650732971193,0.19238705868484013,-0.5341656776423136,-0.5923558137819285,16.3581525818501,-1.8235593041780689,-0.2640203126367626,1.842573000274132,56.50814858053538
1096,9.07401580000078,194.62513297128606,325.72761627553086,37.44335687849163,62.665778027673646,16.62432498302002,0.19238705868484013,-0.5466952113317873,-0.593191927482259,16.783775291760648,-2.0921108512348434,-0.033057989500769124,2.092372013893422,59.33471419378564
1097,9.089580300000307,194.54157148134692,325.72526954739834,37.42728072922291,62.66532654755069,17.208084906271974,0.19238705868484013,-0.5627713606005074,-0.5927404473593043,17.228218376223225,-2.1647420855493733,0.049980997572120454,2.1653190058434704,58.59525185070971
1098,9.0934584000006,194.46011897507304,325.7243166544277,37.411610321118374,62.66514322327483,17.696728675590332,0.19238705868484013,-0.5784417687050407,-0.592557123083445,17.64437200776418,-2.5121048081722357,-0.14932279308708168,2.516538865938174,58.53397696258396
1099,9.106090600000243,194.36511748180538,325.70027472024753,37.39333326325794,62.66051786627281,18.2873025832626,0.19238705868484013,-0.5967188265654784,-0.5879317660814252,18.0053154415919,-2.653470630060107,-0.2036696140949279,2.6612755769174226,56.84497569968366
1100,9.110046600000715,194.2628148623947,325.7232635653158,37.37365156321376,62.664940622558056,18.40541889067596,0.19238705868484013,-0.6164005266096524,-0.5923545223666693,18.369501198669944,-3.5201238022525763,-0.14863335121436466,3.523260344663498,70.51778279052269
1101,9.122585099999924,194.14734586647756,325.74560470968834,37.351436822719975,62.669238769611546,18.42904215215863,0.19238705868484013,-0.6386152671034395,-0.596652669420159,18.717180574206647,-3.075247904240041,-0.14444364691260367,3.078638276846791,55.948723306925416
1102,9.12650770000073,194.03793509943188,325.7394025812307,37.3303876070596,62.66804556036,19.029013691662197,0.19238705868484013,-0.6596644827638158,-0.5954594601686125,19.097354877048364,-3.8948742926836104,-0.2088308460236593,3.9004686997921945,74.76495490782999
1103,9.138561400000981,193.9241337382369,325.7351283552686,37.308493697904964,62.667223254598994,19.435125553273846,0.19238705868484013,-0.6815583919184505,-0.5946371544076072,19.51276565314405,-3.2753664045689934,0.009979036023351234,3.2753816060635086,66.03868811055895
1104,9.142911599999934,193.79875194041858,325.7341284633289,37.28437186261009,62.667030888329705,20.188174097471176,0.19238705868484013,-0.7056802272133282,-0.5944447881383184,20.04633700514053,-3.9203908265042657,0.017136209857410267,3.920428277908815,84.5746891095024
1105,9.153779300000679,193.69268801562222,325.7354806631955,37.263966536085945,62.667291034084805,20.482472771154395,0.19238705868484013,-0.7260855537374695,-0.5947049338934178,20.57263532094998,-3.1290060904977546,-0.0842148179253416,3.1301391742109868,73.21984971892435
1106,9.157662900001014,193.59181977001884,325.7416780881622,37.24456079099961,62.66848333844556,21.096898912141036,0.19238705868484013,-0.7454912988238078,-0.5958972382541745,21.04025551877984,-3.4983499088742493,-0.3553497095739254,3.5163511629265276,92.00690481240294
1107,9.169786000000386,193.50301933459457,325.75444265436477,37.2274767364184,62.67093907579266,21.660505270709457,0.19238705868484013,-0.7625753534050119,-0.5983529756012729,21.526934465572374,-2.639918145877943,-0.3694078239843006,2.6656387522236487,76.56210486513241
1108,9.173837000000276,193.4258875851135,325.7815519477709,37.21263758600452,62.676154553014086,21.773226542423142,0.19238705868484013,-0.7774145038188962,-0.6035684528226994,22.047077261766823,-3.4047972820483725,-0.6407264143442029,3.4645598378267857,100.17584949979818
1109,9.185678100000587,193.3487776518936,325.7831565416302,37.19780263275696,62.67646325610707,22.621568831433848,0.19238705868484013,-0.792249457066454,-0.6038771559156828,22.585023667685398,-2.748883441588753,-0.6526811710790432,2.8253058040718244,85.04434827768517
1110,9.189182000000073,193.24492833020975,325.8082998165599,37.177823367211786,62.6813004968165,23.083186752126615,0.19238705868484013,-0.8122287226116285,-0.6087143966251105,23.168410678361298,-3.853012990336488,-0.9641203233811934,3.971805269856313,106.91456812857474
1111,9.201879300000655,193.13159035891962,325.8325070830462,37.156018608277975,62.6859576616146,23.786630941733918,0.19238705868484013,-0.8340334815454398,-0.6133715614232145,23.736633185476947,-3.4783298477690083,-0.8910673494290573,3.5906516889137685,91.14758101466659
1112,9.205173300000752,193.01293909363616,325.86263726880844,37.133191640340854,62.69175431943102,24.577440324088972,0.19238705868484013,-0.8568604494825607,-0.6191682192396328,24.22907254773992,-4.804959746769368,-1.9360171784213223,5.180328240875901,110.13466838014986
1113,9.21802790000038,192.89336004806725,325.924254593081,37.11018617948351,62.70360869521185,24.61433907800139,0.19238705868484013,-0.8798659103399018,-0.6310225950204611,24.86619384304408,-4.023795013694199,-1.9257471556296826,4.460877539189584,85.37616209373378
1114,9.221902300001602,192.73454759258323,326.0299985847937,37.07963271829042,62.72395247075105,25.083765642748716,0.19238705868484013,-0.9104193715329956,-0.6513663705596642,25.410027403862724,-5.239093581103763,-3.071722042210872,6.073185149175577,112.74748171786993
1115,9.234312300000965,192.618684047804,326.11573786641327,37.05734207170155,62.74044759895559,26.268793228647404,0.19238705868484013,-0.9327100181218668,-0.6678614987642035,25.939983386045984,-4.305712638895357,-3.2032713311027066,5.366573259483906,93.03902046325618
1116,9.238135600000533,192.46379881956818,326.23689650273616,37.027544158207526,62.763756952632015,26.50579874582714,0.19238705868484013,-0.9625079316158889,-0.6911708524406279,26.634325412560763,-6.17139750347259,-4.342185842625933,7.545907833903671,107.83179042985219
1117,9.249877400001424,192.32568557525337,326.38444232636766,37.00097295736838,62.792142859661716,27.227220235005273,0.19238705868484013,-0.9890791324550321,-0.7195567594703292,27.232611847648876,-5.139565779007485,-3.7352367311230577,6.353513188329406,89.14950429477422
1118,9.253495400000247,192.11660053199694,326.5088760845216,36.960747700881285,62.81608230439405,28.086049210575275,0.19238705868484013,-1.0293043889421298,-0.743496204202664,27.679534454490714,-6.544158804815553,-5.0517420228905925,8.267170732994671,110.02013029096199
1119,9.266234500000792,191.93604100213986,326.6556156275757,36.92601038401456,62.84431309347498,28.075197818189277,0.19238705868484013,-1.0640417058088545,-0.7717269932835933,28.277691864042673,-5.664572267299432,-4.406413634730812,7.176618987503756,82.99936966550062
1120,9.2701476000002,191.75666192289825,326.8165375738861,36.89150017056967,62.87527239340348,28.503406262856608,0.19238705868484013,-1.0985519192537438,-0.8026862932120906,28.853140911871037,-7.144145925737404,-5.629967535657299,9.095897727040771,107.48531022860539
1121,9.281784600001629,191.5512565451777,326.9901375062645,36.851982834111965,62.90867077378165,29.49658579358695,0.19238705868484013,-1.13806925571145,-0.8360846735902641,29.394310738526556,-5.438805263130025,-4.767811220347046,7.232746817296873,92.15119131213142
1122,9.285671000001457,191.35609874322802,327.1625581802771,36.81443699861547,62.94184228011139,30.10446547414708,0.19238705868484013,-1.1756150912079448,-0.8692561799200007,30.068147426025625,-5.214436929537329,-4.550208590722309,6.920603348784395,87.48674209888472
1123,9.29817340000045,191.18769564527966,327.31241383706146,36.78203842192777,62.97067256914742,30.791898343852857,0.19238705868484013,-1.2080136678956421,-0.8980864689560306,30.65397158725591,-4.139636071619943,-3.7122574307761624,5.5603454962627845,69.16531042499282
1124,9.31843580000168,191.01865700458163,327.43122235574975,36.749517575039796,62.99352979060456,31.444381255684636,0.19238705868484013,-1.2405345147836186,-0.9209436904131749,31.13281671735353,-4.027819417786198,-3.743625163017394,5.498914313159695,69.33550291921593
1125,9.326196500000151,190.87968332463174,327.5813621074921,36.72278083751963,63.02241473583395,31.43252706900802,0.19238705868484013,-1.267271252303786,-0.9498286356425609,31.563146900599616,-3.014147896742276,-2.861807623881078,4.156324147553911,47.64940517348471
1126,9.334974500001408,190.75025148911692,327.71946772413867,36.69787982738475,63.048984469208435,31.89081144407504,0.19238705868484013,-1.2921722624386618,-0.9763983690170477,31.978830857170706,-3.341108499973936,-3.1137975187555615,4.567137067836521,54.92878359650781
1127,9.341384500001368,190.59723847042375,327.856945178105,36.66844210277788,63.07543335221249,32.256116390377514,0.19238705868484013,-1.3216099870455338,-1.0028472520211054,32.39517809770367,-4.520301243389988,-4.026369254542613,6.053492603854332,75.38135585329961
1128,9.348168300000907,190.4482178512485,327.9826841705028,36.639772464171365,63.09962390712191,32.87031812670831,0.19238705868484013,-1.3502796256520497,-1.0270378069305224,32.95995541934542,-4.684679130605757,-3.881114279712666,6.083524193173122,77.05784866712823
1129,9.353266900001472,190.2494293407418,328.13350368422726,36.60152812733464,63.12863962975963,33.526117458349475,0.19238705868484013,-1.388523962488776,-1.0560535295682456,33.60184398914252,-6.128481950613353,-4.6778315903731285,7.709760009681653,98.25863803858512
1130,9.363274600000295,190.02746429929678,328.2893344781857,36.558824925880174,63.158619457861825,34.25641367721677,0.19238705868484013,-1.431227163943241,-1.0860333576704377,34.24065932517225,-6.151729345603247,-4.517188349962536,7.632087822515763,98.21527777264131
1131,9.36761370000022,189.8006664288281,328.4474480604644,36.515191950664715,63.189038464894544,35.100254293060544,0.19238705868484013,-1.4748601391587002,-1.1164523647031572,34.90610000468289,-8.215235393013051,-5.758887357342983,10.032690374828636,122.28875508029446
1132,9.378852200001347,189.52560224563476,328.6415632480263,36.4622731615106,63.22638371487563,35.45019307052617,0.19238705868484013,-1.527778928312813,-1.153797614684244,35.63363516206939,-7.754029438792858,-5.197503683562215,9.33482817615349,112.18047455311658
1133,9.382883400001447,189.22085902698487,328.8463725624948,36.4036445100204,63.26578637647749,36.19752152426148,0.19238705868484013,-1.5864075798030157,-1.193200276286106,36.454473004093565,-9.85644131024711,-6.293087510762485,11.694117569122543,150.2554476498826
1134,9.39460500000132,188.904347294588,329.02208660986196,36.342751748785325,63.29959148522006,37.16379324528199,0.19238705868484013,-1.6473003410380898,-1.2270053850286757,37.33773847288903,-8.851949303040243,-5.495396480053313,10.419039731979957,135.28613549831766
1135,9.398487000000387,188.60613366812942,329.1930674288327,36.285379306331215,63.33248598207337,38.36060288733765,0.19238705868484013,-1.7046727834921995,-1.259899881881985,38.324571010007496,-10.634851589480544,-5.982863942647,12.202242797391898,158.3955992152622
1136,9.410785900001429,188.28436499051867,329.3862566643371,36.223475176868774,63.36965309086164,39.516581637037845,0.19238705868484013,-1.7665769129546405,-1.2970669906702526,39.29018947055619,-8.668164815526993,-4.387723717780532,9.715410474741349,131.86202789293654
1137,9.415609600000607,187.94279153449492,329.5306843443069,36.15776086433955,63.3974391074037,40.38435575611851,0.19238705868484013,-1.8322912254838641,-1.3248530072123117,40.15982195172843,-10.707504842836299,-4.909769759911831,11.77949485566794,159.43936589121284
1138,9.427192700000887,187.6591979446589,329.63898059535404,36.10320112772912,63.41827390460926,41.02561382700496,0.19238705868484013,-1.886850962094293,-1.3456878044178708,40.98168179757225,-8.523242918254601,-3.375195718646283,9.167203280321944,122.491790600487
1139,9.43037920000097,187.40426710701433,329.7299813548932,36.05415573370662,63.43578127307508,41.51195565114318,0.19238705868484013,-1.9358963561167926,-1.3631951728836924,41.66117217494414,-9.955551703195866,-3.289259614120483,10.484857582441935,149.25759353553894
1140,9.44246640000165,187.16189212465397,329.78028891782486,36.00752592375152,63.445459797137104,42.46990211655676,0.19238705868484013,-1.9825261660718922,-1.3728736969457174,42.50086236467634,-7.960458174107973,-2.0748821094908205,8.226422679999342,125.14446477270528
1141,9.446131200000309,186.92959122574356,329.82967000777654,35.9628342370803,63.45496007978756,42.91403352389729,0.19238705868484013,-2.0272178527431137,-1.3823739795961743,43.27905186746652,-8.950373070835749,-1.728428927665084,9.115736101112802,148.32316600047588
1142,9.45775710000089,186.7091586706937,329.81084157420975,35.920425866175876,63.451337732834,44.58280670477946,0.19238705868484013,-2.069626223647539,-1.3787516326426115,43.973323190876116,-6.331999696001088,-0.48706836099041273,6.350705137103734,121.34053557249064
1143,9.462152900001456,186.48844307953865,329.81236005175555,35.87796304278767,63.451629868262714,44.916561340955894,0.19238705868484013,-2.112089047035745,-1.3790437680713268,44.79466463817523,-7.2634306559453545,0.2947732150516166,7.269409614407392,145.8317475218599
1144,9.473853400000735,186.34857790245303,329.76902324047796,35.85105479275573,63.443292426608245,44.98331226819118,0.19238705868484013,-2.1389972970676823,-1.3707063264168582,45.711132024314736,-5.29474726511111,1.010302973004833,5.390274640374457,116.4859275710003
1145,9.477614900000845,186.18209610525193,329.708247021057,35.81902584946765,63.43159986851586,46.5766093530523,0.19238705868484013,-2.171026240355765,-1.3590137683244734,46.43305953474576,-5.906480586784672,1.61664405377597,6.123728514448808,148.25700016974167
1146,9.489778500001194,186.0334276212837,329.64594908436584,35.790423957117866,63.419614551713714,47.49637045459484,0.19238705868484013,-2.1996281327055485,-1.347028451522327,47.231143767300715,-4.510459449910191,1.9034952608081217,4.895665292603562,124.01620193705918
1147,9.494311200000084,185.8754223350084,329.5671803252907,35.76002578483471,63.40446046183899,48.19244425693459,0.19238705868484013,-2.230026304988705,-1.3318743616475999,48.22186962260077,-5.783497962065149,2.6946125743909737,6.380422055262307,147.48421567892836
1148,9.505776400001196,185.715723717297,329.4856671516352,35.729301837497175,63.38877838211534,48.90698250373067,0.19238705868484013,-2.2607502523262397,-1.3161922819239535,48.97447829463734,-4.57723566055491,2.3084159423132333,5.126389612093626,121.0727345644984
1149,9.509500800000751,185.54798000158988,329.3952967927916,35.697030117419416,63.37139229458513,49.93694154469145,0.19238705868484013,-2.2930219724039986,-1.298806194393741,49.703221464591536,-5.968846398005051,2.8318218090136833,6.606537828619723,148.77649269806997
1150,9.521980200001053,185.38687674478223,329.3189169716354,35.66603593569764,63.35669780545002,50.33965271323517,0.19238705868484013,-2.324016154125772,-1.2841117052586313,50.4503385067855,-5.1507670785742246,2.4189328017294387,5.690486569442607,116.78302954062556
1151,9.525882300000376,185.1980566190569,329.2458516794323,35.629709387088845,63.34264098879111,51.14008630436579,0.19238705868484013,-2.3603427027345703,-1.2700548885997236,51.246879224794604,-4.905535937675914,2.262621083688226,5.4021974236583015,111.47389314103677
1152,9.537940900001558,185.03408751902202,329.165695707944,35.59816385421794,63.32722001720045,51.92802946790441,0.19238705868484013,-2.391888235605478,-1.2546339170090661,51.95358177757611,-4.182263883431253,1.45970126310745,4.42967933017402,96.99788179383046
1153,9.55732380000154,184.88763793810512,329.1066323620446,35.569988850099705,63.315856993806776,52.8896860937762,0.19238705868484013,-2.42006323972371,-1.2432708936153887,52.7113987285621,-4.358658325396055,1.4010709599664861,4.578307791357605,104.0273964080852
1154,9.563698400001158,184.72035690273918,329.084977182308,35.5378061437319,63.31169081747197,53.47045430859899,0.19238705868484013,-2.452245946091516,-1.2391047172805827,53.49730538047805,-3.626034706594727,1.2361502021463577,3.8309522335440294,90.6291762907862
1155,9.572399800001222,184.56813549033325,329.0449793419637,35.50852071393027,63.303995750614384,54.12873746816511,0.19238705868484013,-2.481531375893148,-1.2314096504229965,54.324074113204986,-3.644921751514742,1.389127722950329,3.900657688817933,96.38556346402407
1156,9.57731540000168,184.42386752126495,328.9740057607839,35.480765423698784,63.29034135208686,55.06961956394553,0.19238705868484013,-2.5092866661246305,-1.2177552518954755,54.99820044275819,-5.266361910227414,1.9316821257426413,5.609453057509952,138.00365736605335
1157,9.586875800001508,184.2891753458924,328.87244583716864,35.45485239225099,63.27080253710227,56.061873131539116,0.19238705868484013,-2.5351996975724234,-1.198216436910883,55.8336610846454,-4.779117577441158,2.0559495931079956,5.202585275457576,126.51176925668113
1158,9.590205100001185,184.12372358500826,328.8153557219875,35.42302161462027,63.25981913776259,56.260317741542195,0.19238705868484013,-2.567030475203147,-1.187233037571204,56.6566229639994,-5.862800239289193,2.932607934847745,6.55535017717142,149.8805451884347
1159,9.602416700001413,183.9579061464962,328.7344328025672,35.39112048534628,63.24425061531513,57.64775751803501,0.19238705868484013,-2.598931604477137,-1.1716645151237444,57.46048535940145,-5.1948510329986135,2.681772774797416,5.846228054967698,136.23175161529818
1160,9.605768700001136,183.80486044775688,328.64265361079805,35.361676473521456,63.226593486562194,58.243546864935134,0.19238705868484013,-2.628375616301959,-1.1540073863708074,58.17063833164593,-6.006781486902258,2.860647788752364,6.653174400441153,160.86218403572147
1161,9.617891300000338,183.6595166561287,328.5466497308245,35.333714208952,63.20812358247175,59.088931540955784,0.19238705868484013,-2.656337880871412,-1.1355374822803626,59.00583970246201,-4.461328170283849,2.4426649591196496,5.086262001261756,124.04226058518688
1162,9.621673500001634,183.52642091207906,328.48888869003036,35.30810831023083,63.19701110572679,59.61263799276148,0.19238705868484013,-2.6819437795925865,-1.1244250055354001,59.80214328228929,-5.042876548243471,3.2467271329865124,5.997652954022498,152.86123142280104
1163,9.633607600000687,183.4126835666428,328.41388629604273,35.286226716879725,63.182581615753186,60.43632459562261,0.19238705868484013,-2.7038253729436903,-1.109995515561799,60.55504230391881,-3.700444574746682,2.5179263218121934,4.475851093685628,122.58531808639292
1164,9.637476300000344,183.3016801079693,328.30740528983097,35.26487108796168,63.162096048162304,61.6292754171714,0.19238705868484013,-2.725181001861735,-1.0895099479709174,61.367169959807214,-4.48004592304386,3.707195724693574,5.814990250530797,151.7666578913662
1165,9.649927500000558,183.16759074232436,328.2023243449187,35.239074029304334,63.1418798342468,62.008041973082726,0.19238705868484013,-2.7509780605190812,-1.0692937340554138,62.120217439227076,-3.485448299542261,3.3922135909862154,4.863688198852146,120.30371257886493
1166,9.653724800000418,183.0451249194678,328.0548840647453,35.21551318985554,63.11351423241258,63.1495698203978,0.19238705868484013,-2.7745388999678724,-1.0409281322211896,62.935888580618865,-4.102196528278825,3.92443060241893,5.677074238533882,149.43125483677022
1167,9.665975200001412,182.93069193543334,327.9680819781004,35.193497764640625,63.096814634275255,63.37787538986082,0.19238705868484013,-2.7965543251827896,-1.0242285340838677,63.58791685186598,-3.4046524240147815,3.191305295362767,4.6664855744510945,118.69344304382466
1168,9.669616200000746,182.83763056442473,327.89483726698603,35.1755939611951,63.08272329973975,64.51468030258154,0.19238705868484013,-2.814458128628317,-1.0101371995483603,64.34788732545132,-4.181457017526801,4.0442412962264624,5.817256264900802,144.9213541294751
1169,9.68189760000132,182.70788939159445,327.79080984164887,35.15063343856396,63.06270976935657,64.88941677340694,0.19238705868484013,-2.8394186512594572,-0.990123669165186,65.03851423266839,-3.2736674713599045,2.8959540080223833,4.370749172581385,113.43794698416924
1170,9.685734100001355,182.58911986987127,327.6733875800411,35.127783719618236,63.04011924582173,65.80789434100951,0.19238705868484013,-2.8622683702051788,-0.9675331456303411,65.77366231918994,-4.079245587882839,3.4202733535846424,5.323393126522101,147.30936966336824
1171,9.697775100001309,182.48486923138384,327.5652051103423,35.10772724591362,63.019306338675115,66.60270435648316,0.19238705868484013,-2.8823248439097924,-0.9467202384837279,66.46464579391612,-3.444312977309446,2.9253115546899764,4.51893124285654,117.12931144265458
1172,9.701602600000115,182.3689818952483,327.48592865795666,35.08543202217568,63.004054575177676,67.05361582246852,0.19238705868484013,-2.904620067647734,-0.9314684749862892,67.31657906112699,-4.021076709718576,4.1600356239188025,5.785754427705576,151.080360103204
1173,9.714891000001444,182.24861754412458,327.3895485707392,35.06227547869248,62.98551229368211,67.96959767621246,0.19238705868484013,-2.9277766111309376,-0.9129261934907262,68.08498695480353,-3.1309965699082025,3.3159128117886656,4.560528181708906,126.341390853055
1174,9.718232100000023,182.16324004887295,327.2540338712004,35.04584995350314,62.959441019229295,69.14908310946124,0.19238705868484013,-2.9442021363202784,-0.8868549190379085,68.8400381624451,-3.7673196514466123,4.044644485837169,5.527372465556201,152.97138530209259
1175,9.730816700001014,182.0647624963491,327.14494462502665,35.026904146826595,62.938453660023775,69.64993380939225,0.19238705868484013,-2.9631479429968195,-0.8658675598323882,69.6948423492859,-2.8644124872656933,3.573264647048,4.579637445807987,118.56453467729864
1176,9.734540900000866,181.97092924103063,327.040951122077,35.00885184282905,62.918446655868955,70.37796039469096,0.19238705868484013,-2.981200246994362,-0.845860555677568,70.40443599915407,-3.3655442102468056,3.8750561223740685,5.132538142349704,144.78355925106513
1177,9.747483900000589,181.88276603218148,326.93143376440594,34.991890382394345,62.89737693355169,71.32763675667258,0.19238705868484013,-2.9981617074290696,-0.8247908333603036,71.05867772717457,-2.692886070563537,2.5957445828501324,3.7402573879922936,112.73822682790681
1178,9.751424699999916,181.79574567674655,326.8719423034062,34.97514879216651,62.88593154635308,71.51756592555327,0.19238705868484013,-3.0149032976569075,-0.8133454461616907,71.80317597512243,-2.565257828528038,2.510442707699758,3.589271557777048,107.55577373119411
1179,9.763216400000601,181.70056529491904,326.78572696989454,34.95683731846221,62.86934483192525,72.42029174956379,0.19238705868484013,-3.0332147713612017,-0.7967587317338598,72.57862347627449,-2.114002018058077,2.6805729119150516,3.4138652094724478,110.67467888570202
1180,9.778381800000716,181.63219546191334,326.68788682059864,34.943683847387476,62.850521653380916,73.37242504913151,0.19238705868484013,-3.046368242435939,-0.7779355531895291,73.21575765423928,-2.07032425942799,2.6948885636485955,3.398332960388085,112.88926627447896
1181,9.78241430000162,181.5778868171385,326.5574544932356,34.93323556695808,62.82542816156212,74.25519790045131,0.19238705868484013,-3.056816522865333,-0.7528420613707354,74.04697843514474,-1.5818081972042826,3.297556382152182,3.6573207770463956,99.95259854136282
1182,9.795130300000892,181.50570446185299,326.4451268679378,34.91934861593576,62.80381778012203,74.51330764649651,0.19238705868484013,-3.0707034738876544,-0.7312316799306444,74.83054925148208,-1.4864535182154042,3.4291445323021845,3.737455857295564,97.91560121221326
1183,9.800339000001259,181.456817045639,326.2849114777266,34.90994330972365,62.77299441244325,75.67366983008056,0.19238705868484013,-3.0801087800997635,-0.7004083122518665,75.47766380537455,-1.9324930861279324,4.246899506371549,4.665906658426759,119.10970422284227
1184,9.811837000001105,181.39250168572616,326.161521753709,34.89756986680176,62.74925582636757,76.33814583125049,0.19238705868484013,-3.092482223021655,-0.6766697261761863,76.11668998763741,-1.6348919363818937,3.4760345592175517,3.8413133041345766,87.88924966532859
1185,9.81652110000141,181.31708522978116,326.0317515932124,34.883060716666066,62.72428972688457,76.60799781859386,0.19238705868484013,-3.1069913731573493,-0.6517036266931839,76.809856552215,-1.7405907067057167,4.092817736233188,4.44756259430885,104.22328717588556
1186,9.828011500001594,181.25120734260153,325.89029263463124,34.87038666371921,62.69707485391852,77.45032881176566,0.19238705868484013,-3.1196654261042056,-0.6244887537271353,77.38469958192738,-1.5590192568481445,3.3233623225987445,3.670868857708249,92.80529602675725
1187,9.832708300000377,181.21164369356055,325.773514625943,34.86277512964937,62.67460827630792,77.97914046938439,0.19238705868484013,-3.1272769601740436,-0.6020221761165345,78.05770895935423,-1.569730423590847,4.020969797765114,4.316509205050526,107.32306337373875
1188,9.842954400000963,181.16382706108544,325.6632501774818,34.85357582837128,62.65339482339097,78.5478849786425,0.19238705868484013,-3.136476261452138,-0.5808087231995813,78.74570683093336,-1.0685085345826375,3.3965819293842983,3.5606852278031957,88.00930831020446
1189,9.847619300000588,181.13643482313267,325.528613142515,34.848305916280744,62.62749240024365,79.70319271838476,0.19238705868484013,-3.1417461735426713,-0.5549063000522665,79.34358838767105,-1.174280515594808,3.945906189100128,4.1169297276592305,103.64170788859485
1190,9.859019700001227,181.101388521457,325.39777065623423,34.84156346138358,62.60231999915708,80.04798717648946,0.19238705868484013,-3.1484886284398357,-0.529733898965695,79.92972964042484,-1.0063724535543273,3.3570162364534415,3.5046174580237692,83.18358360991566
1191,9.863659000000553,181.06203688866503,325.27442282763275,34.83399271649629,62.578589473217285,80.43973659545415,0.19238705868484013,-3.1560593733271247,-0.5060033730258979,80.52444202183497,-1.2658873908713721,3.831647428931685,4.035342972537269,92.12738649195379
1192,9.875582100001338,181.01363239111157,325.16045598766993,34.82468031758486,62.556663728089234,80.90984673315333,0.19238705868484013,-3.165371772238558,-0.4840776278978467,81.01329416608574,-1.2168179898033022,3.079027563050659,3.3107486697625705,78.88938478760153
1193,9.880376200000683,180.95892491296343,325.0497270340269,34.814155306775874,62.53536091038659,81.52144688569317,0.19238705868484013,-3.1758967830475413,-0.4627748101952065,81.54959242696715,-1.3497025200914474,3.4640644251622783,3.71771962826893,97.14296628983212
1194,9.891022100000555,180.90998879660023,324.9507023273544,34.8047406312853,62.516309838332745,82.14745343963864,0.19238705868484013,-3.1853114585381164,-0.4437237381413581,82.20938259672155,-1.0570232138611313,2.727658560220286,2.9253067011485,82.31399327741936
1195,9.895604900000762,180.88007364568327,324.8522461995144,34.79898534339027,62.49736815348811,82.72947848089647,0.19238705868484013,-3.191066746433144,-0.4247820532967239,82.86326567950056,-1.0155130549549678,3.252660987360869,3.407502056269865,99.82575961601697
1196,9.907294600001478,180.86983683183098,324.76517031452704,34.79701591288293,62.48061588009301,83.73868744422617,0.19238705868484013,-3.1930361769404882,-0.40802977990162503,83.49503838980637,-0.6343736059648342,2.686215164583793,2.760105393347283,87.27623296434336
1197,9.911927000001015,180.85602808613157,324.6576850957216,34.79435928891369,62.459937114994936,84.17926214704836,0.19238705868484013,-3.1956928009097254,-0.3873510148035493,84.09057628147691,-0.6294446499869213,3.0566533870042574,3.1207900435116995,89.07882223938506
1198,9.92323260000012,180.83900320683563,324.562996103032,34.791083922461475,62.44172017820156,84.68031043722218,0.19238705868484013,-3.19896816736194,-0.36913407801016973,84.64589235590476,-0.4252665296618362,2.4512256028471264,2.4878421528111225,65.33670531385914
1199,9.927604000000429,180.8194691244628,324.4802494530041,34.787325817809666,62.42580079358666,85.12514289799132,0.19238705868484013,-3.2027262720137486,-0.3532146933952731,84.95621338329033,-0.6059822282112151,2.2756604592407235,2.3549617802969816,59.89668655302606
1200,9.938949400000638,180.80561343590085,324.41502238522366,34.784660162641174,62.413251949869746,85.50605885303577,0.19238705868484013,-3.205391927182241,-0.3406658496783592,85.22817871181432,-0.5478941568876523,1.4642709573990111,1.5634185120542254,36.9173067968768
1201,9.942735800001174,180.78451416830137,324.4040943414231,34.78060093660731,62.41114953566578,85.29029258115403,0.19238705868484013,-3.209451153216108,-0.3385634354743914,85.32982519548789,-1.0484798092023861,1.0508587365953876,1.4844574748317738,31.00300288488391
1202,9.955344200001491,180.76596420491714,324.3774212904339,34.7770321637131,62.40601798583982,85.53908878966831,0.19238705868484013,-3.213019926110313,-0.3334318856484302,85.50208564456634,-0.887644090987263,0.24543705285065928,0.9209513446304434,21.513887235874943
1203,9.959669500000018,180.70317928365117,324.38766739536237,34.76495315738099,62.407989203829985,85.18854285558992,0.19238705868484013,-3.225098932442428,-0.3354031036385976,85.58663294922579,-0.9167503128130946,-0.056655360306890626,0.9184993009765496,19.32434540115983
1204,9.971151300000201,180.69986556065888,324.4106680695437,34.764315639961204,62.412414235883496,85.98644514338362,0.19238705868484013,-3.225736449862211,-0.3398281356921089,85.8569530546889,-0.6496407300336131,-0.19129267041394155,0.6772192878770529,18.66279361069535
1205,9.975302500000907,180.69165569070182,324.4193937019562,34.76273616722798,62.414092934638504,85.92879537633297,0.19238705868484013,-3.2273159225954373,-0.3415068344471166,85.91101707578154,-0.6573807126622695,-0.2433582732458826,0.7009797789790879,16.968888438705243
1206,9.987448900001255,180.70829142511687,324.42683939228596,34.76593666724115,62.41552538910092,86.64189310846973,0.19238705868484013,-3.2241154225822655,-0.34293928890953396,86.19691166710945,0.009029136311706418,-0.23796765096198444,0.2381388842816314,18.83469549027822
1207,10.00224049999997,180.6835540269335,324.41556299748555,34.76117751196514,62.4133559566727,85.80940889513144,0.19238705868484013,-3.228874577858278,-0.34076985648131597,86.27372193303128,0.028249045039224548,-0.1318620713312712,0.13485404851691102,15.016299206817626
1208,10.006757300001482,180.69621809657713,324.4256299461487,34.763613915074856,62.41529270731594,86.61801581222942,0.19238705868484013,-3.2264381747485587,-0.3427066071245548,86.4041499041844,0.004047884085244313,-0.12681512555079918,0.1268797124603951,21.897027198414584
1209,10.01862170000095,180.6987203566638,324.41667970333407,34.764095317533,62.41357079642631,86.37049647299276,0.19238705868484013,-3.2259567722904166,-0.34098469623492633,86.4569627933369,-0.06865033093899553,-0.1546318013792277,0.1691858798358141,19.047355635884127
1210,10.022956400000112,180.68742117803313,324.42522247710303,34.76192150179069,62.41521431554474,86.58093523209855,0.19238705868484013,-3.2281305880327267,-0.34262821535335064,86.6625461231205,-0.316853769529013,-0.20311468629406337,0.3763666922737461,26.291581267400396
1211,10.035194500000216,180.68106015901023,324.441571732557,34.76069772405063,62.41835970071321,86.90595755423222,0.19238705868484013,-3.2293543657727852,-0.3457736005218237,86.77622626563972,-0.5893001016045725,-0.13221194223887384,0.6039491761909562,23.57136827095093
1212,10.038946200000282,180.6505850165592,324.4434388926119,34.75483470103148,62.418718918144265,86.83732554404958,0.19238705868484013,-3.2352173887919378,-0.34613281795287776,86.93159901289357,-1.1924847507592435,-0.18865354605339435,1.2073152203264297,30.580648650830565
1213,10.052249500000471,180.5936879716691,324.4485748720788,34.743888445917214,62.41970701412737,87.18641652482555,0.19238705868484013,-3.2461636439062005,-0.34712091393598143,87.13480857210996,-1.2718239001449088,-0.12213932875792591,1.2776752516227445,23.242714762552065
1214,10.056203900001492,180.5325314899876,324.45139237524626,34.732122730286996,62.42024906527459,87.14736020926199,0.19238705868484013,-3.257929359536419,-0.3476629650832024,87.29099857965637,-1.6844495670962292,-0.012289270235311657,1.6844943960291439,-1286.7029679612306
1215,10.067715000001044,180.4787902211297,324.4541795757452,34.721783605641434,62.420785286580546,87.59698302818052,0.19238705868484013,-3.2682684841819807,-0.34819918638915937,87.41460108311878,-1.6088535094161358,0.21446389492047602,1.623084833576199,-1393.3521795739734
1216,10.072047900001053,180.43007276890546,324.4475979334871,34.71241099830139,62.419519063785195,87.68690759196423,0.19238705868484013,-3.277641091522028,-0.3469329635938081,59.07553130060813,-1.5522426638798117,0.997553185937027,1.8451475947310574,-2744.3536892190773
1217,10.083306000000448,180.36074161141582,324.3868552328835,34.69907258083674,62.40783295427949,87.4553380613616,0.19238705868484013,-3.2909795089866734,-0.33524685408810484,53.53843633824663,-1.2028275062417897,1.1167221301015897,1.6412989750896922,-3361.845534170194
1218,10.087689100000716,180.34844422243404,324.29934289757637,34.696706722341034,62.39099671349111,-54.50893238772768,0.19238705868484013,-3.293345367482381,-0.31841061329972575,23.99751514850871,-1.8317078527065283,1.761338760211154,2.541154833119959,-5133.357318601895
1219,10.09895620000134,180.2765107748468,324.27247518972615,34.682867657938665,62.38582771420421,59.46188539745447,0.19238705868484013,-3.3071844318847496,-0.31324161401282424,-10.344171286704507,-1.6217302696842326,1.8983302898201706,2.4967312544322477,-3933.523737835926
1220,10.102940900000249,180.19278110557693,324.20668386090813,34.66675915314318,62.37317031396594,-60.1076229205091,0.19238705868484013,-3.3232929366802324,-0.300584213774556,-45.5960998823409,-1.9292913477602127,2.1882522984282566,2.9172955328726924,-5177.300211288648
1221,10.115966500001377,180.11740914358174,324.14052289393794,34.65225856306762,62.3604418001308,-84.02152458410183,0.19238705868484013,-3.337793526755796,-0.2878556999394135,-52.646485601468186,-1.9941061918594718,1.5820340990486286,2.545445225292599,-3935.1804162252483
1222,10.120419500000935,180.054391958747,324.08294413901183,34.64013487223067,62.34936439282784,-88.80430491682037,0.19238705868484013,-3.349917217592747,-0.2767782926364504,-82.52929712029365,-2.071747093342211,2.4886350265698547,3.2381229615692857,-3360.814122664915
1223,10.13171450000118,180.00367596209887,324.035384472253,34.630377770807264,62.34021452842807,-89.76086098336407,0.19238705868484013,-3.3596743190161504,-0.26762842823668365,-88.50585942405874,-1.660857209283651,1.992278137766235,2.5937653802629828,-1588.2954062492825
1224,10.13642020000043,179.96413767948957,323.91328795155937,34.622771116910606,62.31672473793617,-89.95217219667282,0.19238705868484013,-3.367280972912809,-0.24413863774478273,-89.33467427281224,-2.0805760228758015,2.2577903587182178,3.070246552133334,-1462.4909873541476
1225,10.14742760000081,179.8503865316888,323.87353988339765,34.600886868163194,62.30907772401414,-89.99043443933456,0.19238705868484013,-3.389165221660221,-0.2364916238227508,-89.16106182294624,-1.7837029905222694,2.0686612165574125,2.731474983829594,-110.57494626830236
1226,10.151839400001336,179.77673313804917,323.82068752211893,34.58671690839871,62.29890961368317,-88.16559882786936,0.19238705868484013,-3.4033351814247084,-0.22632351349178492,-88.77392363778262,-2.374593577169267,2.50924160910616,3.45470521312647,26.084790856372994
1227,10.16328860000067,179.70304482626034,323.7289221857055,34.57254023083421,62.281255150521375,-87.93624266749038,0.19238705868484013,-3.417511858989208,-0.20866905032998773,-88.21445002601844,-2.317142676103778,1.7759303442133403,2.919431240656147,67.66844943649895
1228,10.167726100000436,179.61497400563735,323.65942628617245,34.55559654469859,62.26788503881954,-87.82517005754593,0.19238705868484013,-3.434455545124827,-0.19529893862815584,-87.53034178743025,-2.799220570159381,2.5864585796540136,3.811220773540844,89.1829165390504
1229,10.179698300000382,179.53225683759098,323.5769583171486,34.5396828320354,62.25201926882333,-87.15480413785195,0.19238705868484013,-3.4503692577880116,-0.17943316863194525,-87.14976575281077,-2.421023315811863,2.400848281075409,3.4096079487893345,82.14353002698442
1230,10.183419400000275,179.44718164103836,323.4851361857325,34.52331546520361,62.23435387903801,-86.56989324639363,0.19238705868484013,-3.4667366246198057,-0.16176777884662386,-86.69078788261783,-2.8181536797385816,3.496212203764638,4.490600175519626,100.81734426829456
1231,10.195023400001446,179.36751364146076,323.40209917094484,34.507988373093575,62.21837863200105,-86.26271865477189,0.19238705868484013,-3.48206371672984,-0.14579253180966134,-86.08095489402845,-2.2246859322236094,3.501654398339335,4.148591450413361,79.88568558222129
1232,10.199623900000006,179.29042195894917,323.2342604494745,34.4931569310461,62.18608863404395,-85.64135331652568,0.19238705868484013,-3.4968951587773134,-0.11350253385256082,-85.4266036527559,-2.3244270529036615,4.708838505087716,5.251297096077036,99.98911176221056
1233,10.211199800000031,179.239220022208,323.051332446353,34.483306341037505,62.15089565357231,-84.77600511459909,0.19238705868484013,-3.50674574878591,-0.07830955338092593,-84.85351622615667,-1.6157308426478487,4.158382567818987,4.461247777945578,83.24671221120005
1234,10.21512100000109,179.20196351385277,322.9012989929359,34.47613867097817,62.12203115876507,-83.88304793148916,0.19238705868484013,-3.5139134188452417,-0.04944505857368142,-84.33472012145205,-1.464813846692225,4.179474931664683,4.428734617232645,77.48688700473984
1235,10.227140500001042,179.14854385697882,322.7766553146402,34.46586142031624,62.0980513281141,-83.70445611339746,0.19238705868484013,-3.5241906695071776,-0.025465227922715883,-83.85835515710292,-1.2592796807587248,3.748078421587976,3.9539697986637696,57.95370243014228
1236,10.242498500001602,179.10334003528962,322.6583361919413,34.45716479002014,62.07528826011189,-83.66873813124883,0.19238705868484013,-3.532887299803278,-0.0027021599205028224,-83.49353260368622,-1.1831156837078842,3.4823366602518138,3.6778297046450277,52.795574165558364
1237,10.24695310000061,179.05248829861733,322.54576385755564,34.44738157397274,62.05363079981014,-83.25952849478004,0.19238705868484013,-3.5426705158506735,0.01895530038124349,-83.29499604100093,-1.1958577455303034,2.91173599087882,3.1477424018054405,45.33230174248854
1238,10.259198800000377,179.02256345038677,322.43682548587327,34.44162442044008,62.03267246690426,-82.95189234751558,0.19238705868484013,-3.5484276693833365,0.039913633287127936,-83.00457332013866,-1.1615901614792161,2.8383907283923535,3.0668801134490056,44.31154266062735
1239,10.263154600001144,178.9836682063467,322.34413068787455,34.43414147884238,62.0148391873619,-82.89036511806269,0.19238705868484013,-3.5559106109810372,0.05774691282948652,-82.62881551241641,-1.4070851179948345,3.3726950031020424,3.654443885631851,59.81750974833609
1240,10.275200400001268,178.9408595259519,322.2421758604452,34.425905642735046,61.995224397994036,-82.25234250908616,0.19238705868484013,-3.564146447088369,0.07736170219735072,-82.2128875073905,-1.0457590122013312,2.7041256613411617,2.8992943113668335,59.067619634559506
1241,10.279240100000607,178.9031950755798,322.1549577224355,34.41865948991097,61.97844475695839,-81.78994909263756,0.19238705868484013,-3.5713925999124427,0.09414134323299805,-81.80372892970077,-1.3302581799976647,3.257058191192093,3.5182403110450267,78.15358879149218
1242,10.291661000001113,178.87804333676604,322.0568897601987,34.41382062085978,61.95957775015244,-81.17988846965056,0.19238705868484013,-3.576231468963634,0.11300835003894605,-81.29671479533957,-1.0653646151090173,2.646513144145663,2.852899154415057,69.21692424397197
1243,10.295731900001556,178.83799533126182,321.9621747105575,34.40611590287463,61.94135580033878,-80.90609945906684,0.19238705868484013,-3.583936186948783,0.1312302998526036,-80.81168274178276,-1.288530100981868,3.2098022121870655,3.458777249621219,83.47790038398063
1244,10.307151900000463,178.80432839214163,321.8757823251003,34.39963881948238,61.924735023407905,-80.35529444625674,0.19238705868484013,-3.5904132703410383,0.14785107678348197,-80.23719097950891,-0.9644280243750337,2.8041619400177207,2.965374445166053,71.93321906037937
1245,10.311771100001351,178.7611216182991,321.76906307395086,34.39132639534755,61.90420362057421,-79.82718224130213,0.19238705868484013,-3.598725694475867,0.16838247961717911,-79.74832366343108,-1.1703759658588326,3.5780409458702644,3.7645925293163103,89.20185916632883
1246,10.323297400000229,178.75074335623492,321.64172102971816,34.38932975203476,61.87970465923736,-78.91749028126824,0.19238705868484013,-3.6007223377886532,0.19288144095402515,-79.24622662233466,-0.911399274463361,3.051718188473746,3.1849069906912235,73.147442904146
1247,10.327542700000777,178.71942412030873,321.5228188682694,34.38330433635467,61.85682942212497,-78.73555188926147,0.19238705868484013,-3.6067477534687455,0.21575667806641974,-78.70638308081459,-0.8934627902281318,3.823061069817684,3.926075865425651,82.9177065991411
1248,10.339473600000929,178.68235465678617,321.40842993679394,34.376172651300536,61.8348224720523,-78.39561425358471,0.19238705868484013,-3.613879438522879,0.23776362813908491,-78.24258047968831,-0.6285591861687285,3.3095701994714766,3.3687299618323165,70.92881630050746
1249,10.343936100000064,178.67127912440162,321.2852129529485,34.37404186220171,61.81111711895026,-77.6560767386564,0.19238705868484013,-3.6160102276217074,0.26146898124112994,-77.80009202367205,-0.6572208673069937,3.8983048575735912,3.953317598044156,83.15590175731366
1250,10.355370300001596,178.64304713705744,321.1736363070848,34.36861039319573,61.789651216234624,-77.50816923567074,0.19238705868484013,-3.6214416966276843,0.2829348839567629,-77.27538446308402,-0.34723412906899914,3.2526239604306237,3.27110595492682,65.72367790708867
1251,10.359959200000958,178.63549704427413,321.05272456749384,34.367157853052355,61.76638936229425,-76.70504800118688,0.19238705868484013,-3.62289423677106,0.30619673789713886,-76.79494307303673,-0.4657363027295923,3.9131927462496883,3.94081054771495,76.21524894558708
1252,10.371220000000903,178.6431424495451,320.9262975969516,34.36862873008489,61.7420664492932,-76.11201408632137,0.19238705868484013,-3.6214233597385217,0.33051965089818935,-76.34449398570109,-0.40851733074041113,3.235099429911754,3.2607905070596956,62.65263850366206
1253,10.375607600000876,178.6159972517906,320.80890594220665,34.36340634533148,61.719481814122666,-75.99340730334826,0.19238705868484013,-3.626645744491938,0.3531042860687208,-75.94376604567537,-0.7377390509047557,3.8097444889444603,3.880516973068477,70.95053922461233
1254,10.387145600001531,178.6045188747152,320.69365867549305,34.36119805412747,61.69730973145817,-75.40383130197824,0.19238705868484013,-3.6288540356959444,0.3752763687332177,-75.5821186876507,-0.7349587606839412,3.128836109297381,3.213997476469023,58.35443688293272
1255,10.39103570000043,178.56162929143272,320.5976013754162,34.35294665335154,61.67882955003118,-75.50452953554213,0.19238705868484013,-3.6371054364718773,0.39375655016020517,-75.24220636082116,-0.7706470390917959,3.5731404362646364,3.6553015520105023,66.08966930751419
1256,10.402879200000825,178.54299902818045,320.49512635703763,34.34936243180191,61.65911468265665,-74.89681121106351,0.19238705868484013,-3.6406896580215076,0.41347141753473693,-74.7481440309533,-0.5574846464189757,2.8004279370213156,2.8553783919898166,57.70362816243418
1257,10.407482399999935,178.54185479854902,320.39029159902503,34.34914229682866,61.63894583191467,-74.41245245217364,0.19238705868484013,-3.640909792994755,0.43364026827671864,-74.38597493656175,-0.5712019422787726,3.1739140757075663,3.2249034433355765,84.36409195356646
1258,10.41924730000028,178.53424452239116,320.31178341001015,34.34767817818287,61.62384187234743,-73.52309565400896,0.19238705868484013,-3.642373911640547,0.4487442278439602,-73.80476868726353,-0.15488040598862743,2.529168012600815,2.533905834107171,76.0855186939484
1259,10.423043400000097,178.52911471946499,320.2370187284791,34.34669127048627,61.60945811517416,-73.59298583002054,0.19238705868484013,-3.643360819337147,0.4631279850172305,-73.17975470180818,0.018858550263083862,3.167952510497502,3.168008641668367,89.00083294260295
1260,10.435247400000662,178.52660775091118,320.1401644111237,34.346208962179986,61.59082459793722,-72.59849828905098,0.19238705868484013,-3.6438431276434287,0.4817615022541659,-72.61854218792024,0.07259558075903659,2.53270644985381,2.533746648636527,82.65278072759297
1261,10.438916099999915,178.53740221238598,320.04751516283955,34.34828567687321,61.57300008157047,-71.77174128378677,0.19238705868484013,-3.6417664129502043,0.4995860186209171,-72.22858697762311,0.154884125324752,2.4868589571565627,2.491677460079342,78.8374967858496
1262,10.450976200001605,178.55124737316487,319.9719617985224,34.35094930663248,61.55846459203575,-71.60638988273392,0.19238705868484013,-3.6391027831909355,0.5141215081556396,-71.66251701710667,0.14393394062659814,2.5289867641162305,2.5330793576868813,61.447956172262856
1263,10.466046600000482,178.57372874392598,319.8893527543181,34.35527443142841,61.542571681000524,-71.57331960252336,0.19238705868484013,-3.634777658395002,0.5300144191908629,-71.20550267099948,0.1445614185469214,2.4723153409437675,2.476538137965615,58.164029204491854
1264,10.47041100000024,178.56658892426276,319.798616875103,34.35390082252386,61.525115272081145,-70.76263602743828,0.19238705868484013,-3.636151267299553,0.5474708281102423,-70.86639472365303,-0.19643246009265575,2.3913810372487143,2.399435137004289,62.35206049666303
1265,10.482391100000314,178.56432331749147,319.72118437014296,34.353464949100996,61.510218260205285,-70.313426558515,0.19238705868484013,-3.636587140722419,0.5623678399861021,-70.5121873309611,-0.32509531525737734,2.380801670294436,2.402894828593018,59.13047083896102
1266,10.486078600000837,178.54249379324006,319.63581672241855,34.34926523113778,61.493794629552745,-70.07620154705457,0.19238705868484013,-3.6407868586856367,0.5787914706386417,-70.04301699500083,-0.413897145285403,3.144075554081969,3.1712019703341583,76.21020774337691
1267,10.498518300000796,178.51517819684517,319.56130555999914,34.34401006389115,61.479459646175684,-69.8353529192742,0.19238705868484013,-3.6460420259322674,0.5931264540157031,-69.65950763484003,-0.3534145783627371,2.625564118850539,2.64924306291339,66.41154400415856
1268,10.501949800000148,178.51237761805896,319.4744252059178,34.34347126877585,61.46274499039647,-69.22746792272204,0.19238705868484013,-3.6465808210475643,0.6098411097949139,-69.26240079454614,-0.18381639150500867,3.442499930044952,3.447403984760913,83.8457094117121
1269,10.514851600000839,178.51155158835263,319.3800580226708,34.343312351350264,61.44458996557522,-68.84508922663426,0.19238705868484013,-3.6467397384731512,0.6279961346161684,-68.89205047140923,-0.0037764482619687956,2.8347100648742822,2.834712580397002,65.69613562557241
1270,10.518768700001601,178.52807634313308,319.27157395390986,34.34649150031796,61.42371903467213,-68.32789235704561,0.19238705868484013,-3.643560589505455,0.648867065519255,-68.43477941801233,0.1290582216284472,3.534799372865376,3.537154595289744,87.9123752598044
1271,10.531248100000084,178.51259235848835,319.1797938180673,34.34351258205544,61.40606172429169,-68.22444993137006,0.19238705868484013,-3.646539507767976,0.6665243758996979,-67.9794714475673,0.23987843970868883,2.8828763101887365,2.8928390009961666,75.50179955639916
1272,10.535490300000674,178.51792241213184,319.0771979052004,34.34453801539855,61.38632359838214,-67.54899765228964,0.19238705868484013,-3.6455140744248666,0.6862625018092459,-67.3774580102166,0.7609028149829641,3.660089668635502,3.738345820854638,104.35902438631241
1273,10.54731940000056,178.54233765869702,318.97812363401493,34.349235192872285,61.367262990757425,-66.950928070497,0.19238705868484013,-3.6408168969511294,0.7053231094339623,-66.74257717333239,0.7051120042385597,2.930206812346285,3.0138505108319316,90.02368685124785
1274,10.551197800001319,178.59460693664693,318.87141536895297,34.35929112551665,61.34673370150479,-65.83502203988066,0.19238705868484013,-3.6307609643067664,0.7258523986865981,-66.07164714853369,1.0865374734533921,3.5998992932721006,3.7602976747751566,103.8269324606525
1275,10.56334120000065,178.62822784500156,318.7654536347187,34.36575935318531,61.326348035122315,-65.15348817262458,0.19238705868484013,-3.624292736638104,0.7462380650690719,-65.52446004494111,1.094464044751103,2.94094844771122,3.137997660507091,79.1000775375003
1276,10.567415500001516,178.66356102008828,318.66457660448043,34.37255699881424,61.30694059998591,-64.86979980737648,0.19238705868484013,-3.617495091009175,0.7656455002054798,-65.09461735078511,1.0628931521145617,3.219679219422775,3.3905863989573954,82.62226013834106
1277,10.579418500001339,178.6811147118092,318.5798480695771,34.37593410193349,61.29063992636918,-64.81306213432687,0.19238705868484013,-3.6141179878899266,0.781946173822206,-64.87524579681718,0.6063868067243166,2.420780417715152,2.4955726377251493,52.79959188246848
1278,10.58350900000005,178.68620122433902,318.51595658526537,34.376912681118064,61.27834803162744,-64.80171459971695,0.19238705868484013,-3.6131394087053508,0.7942380685639492,-64.5836667130744,0.7597124460512172,2.7891989737766547,2.8908119821257605,62.86923090351468
1279,10.595090500000879,178.70487931609452,318.43777363117965,34.38050610425275,61.2633066430516,-64.73816427004105,0.19238705868484013,-3.609545985570662,0.8092794571397874,-64.30712244173598,0.5070878477869637,2.0246142030029235,2.087151349656842,48.72311770476669
1280,10.599115100001654,178.73205936759786,318.36412022664257,34.38573519441638,61.249136681190585,-63.69559275391056,0.19238705868484013,-3.604316895407038,0.8234494190008022,-63.923140796940956,0.7135866472815069,2.5280078383522717,2.626790728997837,68.0818442106096
1281,10.611211500001446,178.757542582378,318.30498879689503,34.39063783515376,61.237760559345624,-63.487078450684464,0.19238705868484013,-3.5994142546696537,0.8348255408457632,-63.502543808802265,0.6489857497482929,2.102932380020607,2.2007969234610196,61.01341658016881
1282,10.61539200000152,178.78609203597534,318.2207860786183,34.39613038055842,61.22156104604309,-62.89315391035174,0.19238705868484013,-3.593921709264997,0.8510250541482947,-63.02149356400655,0.4468889319871294,2.4005469459071467,2.4417893760594356,80.40893947035033
1283,10.627174900000682,178.78096133296845,318.1669137437757,34.395143299697935,61.21119670599824,-62.69872965902348,0.19238705868484013,-3.59490879012548,0.8613893941931465,-62.59801758487163,0.1764900972342359,1.8881184329542393,1.896349116403233,67.61562352933396
1284,10.631171600000016,178.76641495482414,318.10901969570955,34.392344764792234,61.20005864037544,-62.33291304606251,0.19238705868484013,-3.5977073250311804,0.8725274598159487,-62.114993531622765,0.2217509904480166,2.2200873649924957,2.231134556669319,80.98617014011049
1285,10.6434001000016,178.76306446258297,318.0480831709977,34.39170017344481,61.18833524161965,-61.57821285823594,0.19238705868484013,-3.598351916378604,0.8842508585717397,-61.73050419948862,0.028681832881741004,1.6368032946019582,1.6370545723210577,65.64693487069627
1286,10.647927600000912,178.777928133468,317.9868895671635,34.39455975136764,61.17656238416765,-61.07195818444016,0.19238705868484013,-3.5954923384557773,0.8960237160237341,-61.27040534429226,0.328074716612997,2.406015575547728,2.428280043458531,81.8465494435114
1287,10.659385800001473,178.7986843038748,317.92979734296273,34.39855296994177,61.1655785790799,-60.970707249681006,0.19238705868484013,-3.5914991198816466,0.9070075211114883,-60.83071009717877,0.5729089451639817,2.1850308645809564,2.2588901121170784,64.19911119789286
1288,10.663357700001143,178.82786016288276,317.8322341868149,34.40416602764091,61.14680869043261,-60.39823538304167,0.19238705868484013,-3.585886062182503,0.9257774097587799,-60.36624425332248,0.7502858026292117,2.2281997441708588,2.3511280027999413,64.49630154388838
1289,10.67557030000171,178.86112077192186,317.72546882502405,34.410564938384006,61.126268416508246,-60.13443681049506,0.19238705868484013,-3.579487151439409,0.9463176836831408,-59.96788721736371,0.9926906967298292,2.534711722509998,2.7221679477217338,67.92454499078448
1290,10.690394600000218,178.92539753306835,317.63496522871696,34.42293095540277,61.108856695814325,-59.25588363895448,0.19238705868484013,-3.5671211344206455,0.9637294043770623,-59.47975237023056,1.0529358830113809,2.6059685032340605,2.81064864641259,68.47191226068867
1291,10.694459900001675,178.96435490694873,317.54763443462065,34.4304258499777,61.092055381205526,-59.08017300464637,0.19238705868484013,-3.559626239845713,0.980530718985861,-58.99693954875315,1.1922939818229146,2.283839788510629,2.5763324938127488,61.524763234916776
1292,10.706693000000087,179.0056684996864,317.46402652857705,34.43837405056821,61.075970302079,-58.53003301401522,0.19238705868484013,-3.551678039255208,0.9966157981123871,-58.49402841268032,1.1991184417705767,2.1304691323971707,2.4447461548167837,61.303677768605354
1293,10.710850700001174,179.0512675887888,317.396707315738,34.447146725199325,61.063018956727916,-57.98417127565461,0.19238705868484013,-3.5429053646240902,1.009567143463471,-58.15225630509467,1.1868822089375577,2.5711564649978222,2.831878342265535,73.50029177584975
1294,10.723479500000394,179.08790158347648,317.33664173371966,34.45419463168516,61.05146311607521,-57.61988113013093,0.19238705868484013,-3.5358574581382527,1.0211229841161753,-57.75428365847988,0.8643048349120119,2.032066030620235,2.2082380307505254,55.1417526892628
1295,10.727875200000199,179.10556304235348,317.25946103157446,34.45759246781059,61.036614547802266,-57.54702310102619,0.19238705868484013,-3.532459622012823,1.035971552389121,-57.34147867993817,1.0150977758584256,2.6925237780676543,2.877517643736079,65.9592906211817
1296,10.740058500001396,179.12017509286375,317.16843428865536,34.46040363722962,61.0191021804704,-57.09030977157243,0.19238705868484013,-3.529648452593797,1.053483919720989,-57.01287459340952,0.6219173972374181,2.3754844669652133,2.4555463143218392,57.90774418252015
1297,10.744173000000956,179.15019529299133,317.0696888333943,34.46617913523329,61.00010483277423,-56.46600812130668,0.19238705868484013,-3.523872954590125,1.0724812674171602,-56.62118087571316,0.8430418836266332,2.8129283671473932,2.936543140539781,67.88782601713814
1298,10.756517000001622,179.15943984497636,316.9715314002431,34.46795766739855,60.98122061292222,-56.34115084301134,0.19238705868484013,-3.522094422424864,1.0913654872691652,-56.103418304048894,0.8851456920348713,2.4279283968028404,2.5842444149363084,55.2981541780734
1299,10.761656900000162,179.20388812896869,316.88865006197483,34.47650894201942,60.965275316032915,-55.66141254164914,0.19238705868484013,-3.5135431478039933,1.1073107841584715,-55.68496100455979,1.1225750780675936,2.767829810918836,2.986813798700793,67.77890134898354
1300,10.77182240000002,179.2558556076816,316.8118765657867,34.48650681239627,60.95050508891633,-54.95821024270483,0.19238705868484013,-3.5035452774271434,1.122081011275057,-55.3702093639979,0.934167014422054,2.0941647278183773,2.29307520985964,56.06692109945189
1301,10.776711000000432,179.29188443414697,316.73216683431775,34.493438292347804,60.93516996813047,-54.99802327412691,0.19238705868484013,-3.496613797475611,1.1374161320609204,-54.93328869897147,1.120056652680986,2.4444904540573575,2.6888771792687893,61.78933957568103
1302,10.787918800000625,179.3187787562418,316.65941347371614,34.49861241187096,60.92117316307488,-54.892249918497264,0.19238705868484013,-3.4914396779524566,1.151412937116504,-54.522652002489615,0.8273488091369604,2.119781874753077,2.27551779788953,54.19628081051411
1303,10.792829700001676,179.3461818106425,316.57565048756965,34.50388440490608,60.9050582485435,-54.15654751787915,0.19238705868484013,-3.4861676849173335,1.1675278516478897,-54.17615576670887,0.7837212476386365,2.32445773326553,2.453023185324221,69.08894141982026
1304,10.803913000001558,179.35771320778758,316.4904626096854,34.50610289648535,60.888669203281744,-53.608229059239896,0.19238705868484013,-3.483949193338063,1.1839168969096434,-53.69460615334178,0.572128885102099,1.8882951282811495,1.9730661298239585,58.971286302138665
1305,10.808521100001599,179.37604558099963,316.4311483672651,34.50962980784633,60.87725791064439,-53.225729063801104,0.19238705868484013,-3.4804222819770843,1.1953281895469985,-53.20879244648867,0.36990945224152744,2.2892684202073053,2.318961600073636,68.50425545441414
1306,10.819357400001536,179.39631852415616,316.37729545363266,34.513530059751105,60.86689730698903,-52.59027520729147,0.19238705868484013,-3.47652203007231,1.2056887932023557,-52.788483342813365,0.17700136639827246,1.9299942249291253,1.9380937005126018,62.71797756811293
1307,10.824398900000233,179.3819203597988,316.29203199329095,34.510760039259935,60.8504937206406,-52.46318138423174,0.19238705868484013,-3.4792920505634797,1.2220923795507872,-52.36346815293768,0.37120834840486916,2.375123956568098,2.4039570393393404,71.94291403019383
1308,10.835741200000484,179.38834584312355,316.20447772488524,34.511996219097405,60.83364941246672,-52.0550019995026,0.19238705868484013,-3.47805587072601,1.2389366877246673,-51.89134292257973,0.3321718363256126,2.1826633060080924,2.2077946544554603,60.511276986736995
1309,10.84079120000024,179.41908887166954,316.1072412573932,34.51791077993443,60.81494237448902,-51.48315310986146,0.19238705868484013,-3.4721413098889826,1.2576437257023656,-51.43899978568783,0.5112595899909189,2.684646280681306,2.732894440100761,74.39526934207127
1310,10.851508700001432,179.4508529979467,316.02289643495374,34.52402178676059,60.7987155221846,-50.86510291201136,0.19238705868484013,-3.466030303062823,1.273870578006786,-50.92168911729382,0.8000999063293466,2.3401296758407986,2.4731289412117174,66.00547764468264
1311,10.85655780000161,179.48379937009213,315.9319326048322,34.530360242391986,60.781215258460804,-50.328559522831966,0.19238705868484013,-3.4596918474314293,1.2913708417305827,-50.37534063107596,1.155792034728015,2.681949768350758,2.9203954847755482,74.56670074593993
1312,10.867654700001367,179.53540907103866,315.8436170013057,34.54028928095669,60.76422447926237,-49.87662804226171,0.19238705868484013,-3.4497628088667227,1.3083616209290199,-49.90533851195739,1.0788879552984103,2.1758965686824867,2.4286879374864534,66.4193595156356
1313,10.872362000000066,179.5815909152206,315.76546205061936,34.5491740701235,60.74918847817817,-49.323259568413285,0.19238705868484013,-3.440878019699916,1.3233976220132178,-49.50789509496961,1.3601328032230038,2.3419104935461164,2.7082293112261895,82.33257129730764
1314,10.883503300001394,179.62714821708641,315.69746902827984,34.55793870543108,60.736107500599175,-49.1331425142686,0.19238705868484013,-3.4321133843923377,1.336478599592212,-48.9637964262205,1.3567773906962706,1.902529557322331,2.3367634891853486,68.93856859695185
1315,10.888144400001693,179.67482675764074,315.64091999144495,34.56711143961071,60.72522819773105,-48.877885827072475,0.19238705868484013,-3.422940650212702,1.3473579024603382,-48.37050647762692,1.7785889273274282,2.20315637010854,2.8314795714540426,77.5771216061863
1316,10.899596600000223,179.74855593257425,315.5653737356542,34.58129597871543,60.71069407578481,-47.60806617908637,0.19238705868484013,-3.4087561111079836,1.361892024406579,-47.89825107579883,1.6005539726794695,1.7430738562369166,2.3664487080341856,67.3579441814961
1317,10.904057900001135,179.81821198119044,315.4950116468042,34.59469690102831,60.69715732046804,-46.91017829929384,0.19238705868484013,-3.395355188795108,1.3754287797233502,-47.5165996780504,1.570823842839498,1.6089585415670644,2.248607376514331,60.06825977120341
1318,10.916323200000988,179.88179145965307,315.4380305606268,34.60692876988245,60.68619489689771,-46.961982559272826,0.19238705868484013,-3.383123319940964,1.3863912032936767,-47.10773094635226,1.5273149502258883,1.4275862067866805,2.0906203230120695,34.30874576606927
1319,10.930091500000344,179.9274524120324,315.40199573830125,34.61571334620746,60.679262263420256,-47.22488552552644,0.19238705868484013,-3.374338743615958,1.3933238367711311,-46.93717240997358,1.3703042078855494,1.2422090450038354,1.8495450612618725,24.228538791042737
1320,10.934413200000563,179.96696289548856,315.369709750005,34.6233146519068,60.673050857095205,-46.83354216858185,0.19238705868484013,-3.366737437916612,1.3995352430961816,-46.941337069885336,1.1330131619719848,0.6722463098805653,1.3174346004070911,5.971003096981418
1321,10.947623000000021,179.9981036389112,315.3462116171887,34.62930572793915,60.6685301204381,-46.75527349719293,0.19238705868484013,-3.3607463618842672,1.4040559797532879,-47.06239094913332,0.8991964032094562,0.5132450955495492,1.0353621103992983,-1.8561921972362647
1322,10.951840500001708,180.0379437258899,315.34216813867215,34.636970445090725,60.66775220749944,-46.931001598852646,0.19238705868484013,-3.35308164473269,1.404833892691947,-47.08660172498291,0.6523388381424894,0.5123903004911771,0.8295117719396945,-7.539203167521714
1323,10.96330560000024,180.0277049256131,315.33628208593757,34.63500063242101,60.66661980712657,-47.56725195551272,0.19238705868484013,-3.3550514574024035,1.4059662930648145,-47.15310586745752,0.21713643815965913,0.3055178114979236,0.374819110931052,-7.613984834523099
1324,10.967982800000755,180.01320903779975,315.3241446791992,34.63221181120157,60.664284727144114,-47.34593940477442,0.19238705868484013,-3.3578402786218433,1.4083013730472729,-47.22806868325713,-0.10863750627609683,0.427076594660972,0.44067734849558715,-0.8960117732951538
1325,10.979191600001286,179.98890559196946,315.3006711795654,34.62753614274238,60.659768729592535,-47.16606288095488,0.19238705868484013,-3.362515947081036,1.4128173705988516,-47.24306124641705,-0.558903191448479,0.4635291834132726,0.7261074860425765,1.5079002802615742
1326,10.983990700000504,179.95958678007244,315.27697290963744,34.621895582757375,60.65520948914517,-47.130087576190974,0.19238705868484013,-3.3681565070660398,1.4173766110462154,-47.12583881178341,-0.7408749799001587,0.596926835664332,0.9514291266186321,4.423847898804888
1327,10.99576850000085,179.93301955878763,315.25452307360075,34.616784393196966,60.650890431222116,-47.005964414652254,0.19238705868484013,-3.373267696626449,1.4216956689692708,-47.05188590200512,-0.6982390028172378,0.5381770531613522,0.8815737323699292,8.182858315137928
1328,11.00011700000141,179.90857074663052,315.2372147527752,34.612080758137715,60.647560534287706,-46.98113978234451,0.19238705868484013,-3.3779713316857,1.425025565903681,-47.01370969993228,-0.7856532075872628,0.5194805135900911,0.9418656839443612,7.6905012541029745
1329,11.011324900000545,179.88625370960685,315.22524301924847,34.607787249026174,60.64525732768715,-46.97617485588297,0.19238705868484013,-3.382264840797241,1.4273287725042394,-46.98268883940052,-0.6311043141460219,0.3598024918887027,0.7264643752470183,1.8562212770260527
1330,11.015847100001338,179.8661747860443,315.21796999553476,34.603924323980415,60.64385809204712,-46.97518187059065,0.19238705868484013,-3.386127765843,1.4287280081442688,-46.999870287411355,-0.7760707976622692,0.37077718507602236,0.860093950657165,1.0536444625742565
1331,11.027214700001423,179.84238674460678,315.2090106263251,34.59934781265638,60.6421344253572,-46.97498327353219,0.19238705868484013,-3.390704277167032,1.4304516748341882,-47.05381499986509,-0.6918781367673535,0.26983577325865915,0.742634971346464,-0.32477983894382423
1332,11.03144340000108,179.81691611364192,315.1997441116594,34.594447592882204,60.640351667856415,-47.09187165470644,0.19238705868484013,-3.3956044969412105,1.4322344323349725,-47.04423223825427,-0.8841658971977582,0.3434747306231932,0.9485379403820344,1.8478217543323314
1333,11.043254600001092,179.77635350961165,315.1837174610203,34.586643872800224,60.63726834767938,-47.250863344613165,0.19238705868484013,-3.403408217023191,1.435317752512006,-47.02194398183054,-0.7730820912347378,0.294565498482716,0.8272996752593623,2.804977909730956
1334,11.0475533000008,179.74631158296933,315.17089884767694,34.58086419489628,60.63480221236183,-46.92826104782888,0.19238705868484013,-3.409187894927136,1.4377838878295535,-46.96334936765518,-0.8684540554663585,0.3101952379629049,0.9221895315556494,5.293602921047225
1335,11.059433500000523,179.72786054955094,315.1668931079153,34.57731445484722,60.63403155987124,-46.86374058847203,0.19238705868484013,-3.412737634976196,1.4385545403201476,-46.9516304448201,-0.7306940738125121,0.2776991728764262,0.7816845016507467,3.7997565275476703
1336,11.063261500001317,179.71036174383306,315.1623211163343,34.57394791108466,60.63315196785863,-46.68201020265535,0.19238705868484013,-3.416104178738756,1.4394341323327566,-46.922163857518704,-0.9240795984567947,0.4100572695390322,1.010974811054102,-0.592150641331846
1337,11.075751500000479,179.67984873673953,315.1454997126773,34.56807760339831,60.629915747486116,-47.03327704053107,0.19238705868484013,-3.421974486425107,1.4426703527052709,-46.98715066701156,-0.7413829641574818,0.32286690968775944,0.8086357281954946,-4.835668410086071
1338,11.079228700000385,179.6504309341849,315.1288203017045,34.562417998891846,60.62670684466846,-47.10353040810621,0.19238705868484013,-3.4276340909315692,1.4458792555229252,-47.05694673496481,-1.1788350789973372,0.05558661476569371,1.1801449128034098,-5.904997550171325
1339,11.091286700000637,179.6234155338392,315.1201872531605,34.557220585480145,60.625045957851604,-47.253195095293115,0.19238705868484013,-3.4328315043432696,1.4475401423397827,-47.148428531563276,-1.0366004746220883,-0.008012328955344393,1.036631439520347,-7.960735930534426
1340,11.095482900000206,179.56919159097933,315.14792095879795,34.546788600603044,60.63038156390562,-47.21272092823831,0.19238705868484013,-3.443263489220371,1.4422045362857645,-47.166724890882975,-0.9533624640464963,-0.09838351812519658,0.9584254298021823,-5.851273340761753
1341,11.10740910000095,179.55875984232492,315.1533895414573,34.54478166716248,60.63143364843862,-47.13941918564766,0.19238705868484013,-3.4452704226609328,1.4411524517527639,-47.19750696548128,-0.6462890101317297,-0.27290681197040895,0.7015465862199767,-1.184533778190283
1342,11.111332300000868,179.5576625252785,315.15732016368463,34.544570557563475,60.63218984928774,-47.124758837129534,0.19238705868484013,-3.44548153225994,1.440396250903646,-47.17654057766658,-0.5862895076291404,-0.3307201317054361,0.6731353446902643,0.7219866003462467
1343,11.123787900000025,179.55168903830204,315.15406850527665,34.54342133597398,60.63156427229079,-47.257440781097785,0.19238705868484013,-3.4466307538494334,1.4410218279005989,-47.1359202981505,-0.06669039941833135,-0.05436587289657621,0.08604218448170206,1.6231764392598573
1344,11.12796310000158,179.5488452637259,315.1573525755379,34.54287423054771,60.63219608490886,-47.14836315621956,0.19238705868484013,-3.4471778592757047,1.4403900152825244,-47.127796242247285,-0.021439277937984967,-0.00508366341934318,0.022033753022654513,2.5180774194987006
1345,11.139112700000624,179.5553326538221,315.1509638152712,34.54412232044686,60.63096697011251,-47.00961953065797,0.19238705868484013,-3.445929769376555,1.4416191300788768,-47.126171431066645,0.002117060138553813,0.11237226718747385,0.11239220781034273,1.7185960921433556
1346,11.153608800001166,179.5597010833774,315.1390440544037,34.54496274976008,60.62867376237899,-47.09879890613159,0.19238705868484013,-3.4450893400633333,1.4439123378123995,-47.09872366609614,0.043960617785732146,0.10324820799329452,0.11221732651391154,0.7158833560974909
1347,11.157684800000425,179.56105640487755,315.13068539104233,34.545223496077064,60.62706566372035,-47.11663478122632,0.19238705868484013,-3.444828593746351,1.4455204364710355,-47.093234113102035,0.06165342905105374,0.26125146770082,0.2684277830061298,1.2761677933691875
1348,11.170403500000248,179.56878811855336,315.1303810035223,34.546710977729745,60.627007103500674,-47.12020195624526,0.19238705868484013,-3.4433411120936697,1.4455789966907133,-47.11552182262041,0.05256823522900042,0.2656547958314147,0.2708060004935676,1.692262472454482
1349,11.174390700000004,179.5679058003903,315.1171442010759,34.54654123113353,60.62446051401162,-47.12091539124905,0.19238705868484013,-3.4435108586898835,1.4481255861797635,-47.096593744406896,0.07815755512207534,0.30124240950236414,0.31121631175992415,1.5764122141052748
1350,11.186595900000611,179.5721255284667,315.1087538237065,34.5473530522066,60.62284631398826,-47.12105807824981,0.19238705868484013,-3.442699037616812,1.449739786203125,-47.069422508647,0.07784004240738185,0.24080902311633445,0.2530771775886287,1.526796182325196
1351,11.190730900001654,179.5761215920776,315.10152927623915,34.54812184313102,60.62145640455069,-47.00415851506402,0.19238705868484013,-3.441930246692394,1.4511296956406952,-47.06398826149503,0.041511488958009456,0.33118983120183343,0.3337812277630512,3.762533341203498
1352,11.202740900000208,179.58001596320494,315.09576348361054,34.548871069737636,60.620347140665885,-46.98077860242687,0.19238705868484013,-3.4411810200857786,1.452238959525502,-47.050792647416195,0.041746472278083875,0.23202265471428263,0.2357483409238081,2.9339334671500623
1353,11.206618300000628,179.5787121817192,315.0865629412151,34.548620239052426,60.61857707537612,-47.09303072048537,0.19238705868484013,-3.4414318507709893,1.4540090248152637,-47.01424300213949,-0.0059118099093817406,0.29170649468374177,0.29176639377604907,3.6680957083786687
1354,11.218716600000334,179.5761088620802,315.0775794560069,34.548119394044264,60.61684876908018,-47.05493732085489,0.19238705868484013,-3.441932695779151,1.4557373311112087,-47.00693307308415,-0.06892222538542483,0.2609049357629054,0.26985488444259276,8.815868563616716
1355,11.22241910000048,179.57280300287357,315.0692911042361,34.54748338951507,60.615254197461645,-46.93830985186629,0.19238705868484013,-3.4425687003083425,1.4573319027297416,-46.985099383171516,-0.06608416279891761,0.34376173536320775,0.3500560630424188,26.17567745624206
1356,11.235125300001528,179.5642746642926,315.0572626564301,34.54584264754001,60.61294007976771,-46.96760886978732,0.19238705868484013,-3.4442094422834018,1.4596460204236763,-46.641357645189,0.325355402732735,0.16244922286527053,0.3636562774061662,30.94049468025281
1357,11.239630699999907,179.5660679031337,315.04539781742784,34.54618764348617,60.610657438290296,-46.87161015286372,0.19238705868484013,-3.443864446337244,1.4619286619010907,-46.24534306224093,0.7789860430032355,-0.2100633067156514,0.8068121516326787,51.74596237409102
1358,11.251199500000439,179.679869942092,315.07246090455226,34.5680816830337,60.61586402602109,-45.37432203057274,0.19238705868484013,-3.4219704067897183,1.456722074170294,-45.86067566811225,1.0166661315917944,-0.2646409936502271,1.0505450388469804,56.670453387077245
1359,11.254954800000633,179.72333510026908,315.1060287393217,34.57644381697065,60.622322043018805,-45.07486440611455,0.19238705868484013,-3.4136082728527626,1.450264057172582,-45.4677528094037,1.5796104248562344,-0.13855664799295517,1.585675578110963,54.628830026310865
1360,11.267215900001247,179.78812595036024,315.0959728220374,34.58890873804938,60.620387414670105,-45.01497288122291,0.19238705868484013,-3.4011433517740315,1.4521986855212816,-45.09355056188074,1.737927962112407,-0.17918755528424207,1.7471410307874198,37.30060112434572
1361,11.271658800000296,179.85014580643772,315.0772082323648,34.60084055574019,60.61677735045556,-45.00299457624458,0.19238705868484013,-3.3892115340832234,1.45580874973583,-45.01871011237615,1.7512743186715205,0.05718004979019613,1.752207549730456,30.786774496130555
1362,11.283570200001122,179.90389692524224,315.0584179638529,34.61118157538801,60.61316234596465,-45.000598915248915,0.19238705868484013,-3.3788705144354054,1.4594237542267336,-45.00374202247523,1.4284104053095095,0.44936203647662143,1.497425298912401,9.870983513820526
1363,11.287964300001477,179.9486457400996,315.0417041003382,34.61979066825805,60.60994681492381,-45.00011978304978,0.19238705868484013,-3.370261421565367,1.4626392852675778,-45.00074840449505,1.1013977015423688,0.9125919210727169,1.4303499261963852,3.772803632677893
1364,11.299348000000464,179.98488406075734,315.0274319454947,34.62676245218107,60.60720103703237,-45.00002395660996,0.19238705868484013,-3.363289637642346,1.4653850631590188,-45.000149680899014,0.47712723332365636,0.9451695492267411,1.0587709259157847,0.40424021745192124
1365,11.303539500000625,179.97141022417372,314.9735327910612,34.624170260391544,60.59683153724531,-45.00000479132199,0.19238705868484013,-3.3658818294318706,1.4757545629460793,-45.00002993617981,0.07466549184206323,1.3107223811329967,1.3128473239775331,9.428997170235736
1366,11.314742700000352,179.94603477650242,314.9167306709098,34.61928835265125,60.58590354442232,-45.0000009582644,0.19238705868484013,-3.3707637371721617,1.4866825557690646,-45.000005987235966,-0.401029089977398,1.3015260766462595,1.3619083886951813,13.505859356523292
1367,11.319338600000265,179.91870245022912,314.8658174943876,34.61402996679252,60.57610850814291,-45.00000019165288,0.19238705868484013,-3.376022123030893,1.4964775920484783,-44.78684629022064,-0.5433086396163952,1.9123076868476252,1.9879901828375142,25.678998390444484
1368,11.331481000001077,179.89224275122916,314.8225334751594,34.60893946312823,60.567781222995535,-45.000000038330576,0.19238705868484013,-3.3811126266951845,1.504804877195852,-44.531059443591005,-0.44984912397447974,1.6922673211182928,1.7510376696306365,30.41191739797501
1369,11.335819800000536,179.89001091363735,314.7482206490633,34.60851008645848,60.55348439696035,-43.9342254715333,0.19238705868484013,-3.3815420033649346,1.519101703231037,-44.26674716703852,-0.4414131906901711,2.2225252763534975,2.2659356144748393,52.01158583131681
1370,11.34704740000052,179.88119031996206,314.6680503404885,34.60681311838544,60.538060667099785,-43.72107055817385,0.19238705868484013,-3.383238971437976,1.534525433091602,-44.00072980450146,-0.2945281723263975,2.0499916861282306,2.0710414668684916,45.41580327234555
1371,11.350933500001702,179.87324023746123,314.5947927364893,34.6052836253968,60.523966852140084,-43.678439575501955,0.19238705868484013,-3.384768464426614,1.5486192480513026,-43.58102913961123,-0.21572427067377958,2.127508210932499,2.1384172063802094,42.50050279040504
1372,11.36335020000115,179.8467966926661,314.5129178496497,34.60019622959246,60.50821518348086,-43.66991337896758,0.19238705868484013,-3.389855860230952,1.56437091671053,-43.41462684843006,-0.22211412042451842,2.0888652846987554,2.1006410593225033,34.92731695276225
1373,11.378427500001635,179.84482066364504,314.42879708936556,34.59981606718123,60.49203143783546,-42.90149671387945,0.19238705868484013,-3.390236022642185,1.5805546623559295,-43.316788895076634,-0.25267215360020945,1.9669288666986677,1.9830916226582858,31.57852009755542
1374,11.382853500001147,179.84180895619446,314.3574357835719,34.59923665364319,60.47830244610991,-43.10221401562745,0.19238705868484013,-3.390815436180226,1.5942836540814795,-43.21475914620283,-0.30027294417280564,1.5957241754984426,1.6237301146657313,7.25676762093531
1375,11.395079900001292,179.82249371243728,314.3088795147406,34.59552065070896,60.46896084836875,-43.231880791406745,0.19238705868484013,-3.394531439114452,1.6036252518226348,-43.129795701310876,-0.25163237731565113,1.4474709781380073,1.4691804129736163,5.592282988814649
1376,11.399039800000537,179.80949381995504,314.2724331965562,34.59301963963109,60.46194904841336,-43.168290831132914,0.19238705868484013,-3.3970324501923272,1.6106370517780277,-43.18368313928561,-0.2723841424701367,1.4693045104990043,1.4943389393447226,5.820481909706084
1377,11.410873200000424,179.79925150674657,314.2399985579281,34.59104915111878,60.455709043688195,-43.245096154507834,0.19238705868484013,-3.3990029387046334,1.616877056503192,-43.123580499927435,-0.22857578540768286,0.9043631458793638,0.932802009699571,1.3080817216986198
1378,11.414795200000299,179.79662226389368,314.2158910579391,34.59054331881975,60.45107107267306,-43.17093390375313,0.19238705868484013,-3.399508771003667,1.6215150275183277,-43.09365530896987,-0.1282017029380154,0.877388401133785,0.8867051838578067,4.525844712680326
1379,11.42700060000061,179.80221342730155,314.198305650227,34.591618986302414,60.44768786780755,-42.801700818836565,0.19238705868484013,-3.3984331035210005,1.6248982323838348,-43.087670270778354,0.0003533407329970816,0.5387900706691153,0.5387901865302521,7.249009917192867
1380,11.430906400000822,179.806231915175,314.1855322231036,34.59239209136475,60.44523042573397,-43.08225483661888,0.19238705868484013,-3.397659998458664,1.6273556744574194,-42.99768847310099,0.09685410206163483,0.4450458305286597,0.45546296046672125,6.23420012093042
1381,11.443062100001043,179.80693899075663,314.18062225255323,34.592528123556164,60.44428581094155,-43.138365640175344,0.19238705868484013,-3.3975239662672507,1.628300289249836,-42.997596776651456,0.09110518579595625,0.18522262204879425,0.20641602311241777,4.419982783018019
1382,11.446716300000844,179.81294080237666,314.17950920083365,34.593682794440525,60.44407167419505,-42.79518716612101,0.19238705868484013,-3.3963692953828897,1.628514425996336,-42.99757843736155,0.11129361084990053,0.08089936939020463,0.1375898825631517,4.155056216654212
1383,11.459138900001562,179.80275683755707,314.1870358085092,34.59172353140313,60.44551969610763,-43.17047542150546,0.19238705868484013,-3.398328558420282,1.627066404083756,-43.0154794325895,0.057018629918263466,-0.06647645980887018,0.08757992844525635,-1.6621007822150269
1384,11.463430300000255,179.80697430460413,314.19248801706874,34.59253491748341,60.44656863047573,-42.801609122387035,0.19238705868484013,-3.3975171723400024,1.6260174697156557,-43.0190596316351,0.05277602467721034,-0.165148492180345,0.17337627649182857,2.162888124909964
1385,11.475268700000015,179.8024553986608,314.1991153514351,34.59166553846051,60.4478436438414,-43.17175981275866,0.19238705868484013,-3.398386551362904,1.6247424563499848,-43.09065579839734,-0.03457669303837263,-0.2318448091860381,0.23440896580118317,1.9571878181045306
1386,11.47916080000141,179.80225264361053,314.2075241991869,34.59162653101275,60.44946139732729,-43.1562666354033,0.19238705868484013,-3.398425558810665,1.6231247028640965,-43.01619024171072,0.06859254417159588,-0.3194441916011675,0.3267254637515352,2.0953088645148172
1387,11.49110870000004,179.79475185108817,314.2245952831952,34.59018347560157,60.45274565296821,-43.15316799993222,0.19238705868484013,-3.3998686142218446,1.6198404472231758,-43.028418712404644,0.04454510733787615,-0.28204144842312434,0.2855374672724349,2.25427113221948
1388,11.494367900000725,179.80081885266463,314.23399000732223,34.5913506881899,60.45455307631017,-42.798147638072386,0.19238705868484013,-3.3987014016335166,1.6180330238812175,-43.03086440654343,0.01806122893419048,-0.3358679854781948,0.33635325427263835,3.458236899880535
1389,11.506763200000933,179.80525384646694,314.23768909118604,34.59220392360281,60.455264732174555,-42.86275147585666,0.19238705868484013,-3.397848166220605,1.6173213680168317,-43.03135354537119,0.004744263462967245,-0.2931405906975432,0.29317897938002074,-0.7977330277997414
1390,11.51026180000008,179.80151029999564,314.24454190170275,34.59148371370815,60.45658312423359,-43.183988283452585,0.19238705868484013,-3.3985683761152643,1.616002975957798,-43.03145137313674,-0.043298553887528055,-0.3943807861777394,0.3967505126334722,-3.037099784643843
1391,11.522901100001036,179.79647742851455,314.25781363704675,34.590515454367164,60.45913643436007,-43.158712329542084,0.19238705868484013,-3.3995366354562506,1.6134496658313182,-43.0585925207211,-0.11605842256435132,-0.30279537817888563,0.32427549783266063,-2.7484330207209644
1392,11.52692610000122,179.78892496015598,314.2741549473476,34.58906245719385,60.462280290983905,-43.15365713875998,0.19238705868484013,-3.4009896326295674,1.6103058092074818,-43.107779295159844,-0.07396354589864468,-0.31342755100401026,0.32203638901570175,-2.658585004851305
1393,11.538568300000406,179.78858179545892,314.28000266505956,34.58899643674714,60.463405316194525,-42.93385337599418,0.19238705868484013,-3.401055653076277,1.6091807839968624,-43.09971198696165,-0.038435618682979004,-0.26711309278455175,0.2698642271966996,-2.9453943554036184
1394,11.54250570000113,179.79429815882565,314.2822656809133,34.590096191081635,60.46384069115839,-43.1086853480504,0.19238705868484013,-3.39995589874178,1.6087454090329985,-43.09809852532202,0.0010520734069676893,-0.271072565063654,0.2710746066835523,-3.918927229138687
1395,11.5545316000007,179.79253434805602,314.29134583917363,34.58975685671559,60.46558759609848,-43.14365174246164,0.19238705868484013,-3.400295233107826,1.606998504092907,-43.11568049608003,0.06506855429470634,-0.12179487674058712,0.13808659876417392,-0.833519986063409
1396,11.558366600000227,179.79494297422104,314.2957673679965,34.59022024521895,60.46643824102361,-43.15064502134389,0.19238705868484013,-3.3998318446044635,1.606147859167777,-43.14258312070039,0.04138676290554365,-0.12440516828397552,0.1311087717872605,-0.6064456710316555
1397,11.570334600000933,179.79239800551815,314.2979256066476,34.58973062617575,60.46685345820963,-43.241566992550034,0.19238705868484013,-3.400321463647664,1.60573264198176,-43.10420510070258,-0.0002239067986153781,-0.09191223432586008,0.09191250705440626,-0.9622998333293433
1398,11.57453280000118,179.7896903827272,314.30031910918143,34.58920971459097,60.467313937122064,-43.068366499095944,0.19238705868484013,-3.4008423752324433,1.6052721630693227,-43.09652949670302,0.014876895162020825,-0.06435126266445815,0.06604852016640375,-0.7112951638260113
1399,11.586485800000446,179.79411754197088,314.2970951581547,34.59006144273619,60.466693690666695,-42.916795248061376,0.19238705868484013,-3.399990647087222,1.6058924095246923,-43.11289903898904,-0.0066779877187341866,-0.004784642358347713,0.008215127659924694,1.6570954936439404
1400,11.602302900000723,179.79800524608842,314.29770823778085,34.59080938669641,60.466811639252704,-43.10527372246384,0.19238705868484013,-3.3992427031270083,1.605774460938683,-43.116172947446245,-0.00859679826495461,0.0016602979908148,0.008755657018558358,0.05595661535855889
1401,11.6070122000001,179.7983248588854,314.29584734753115,34.59087087606233,60.46645362805103,-43.23249273277402,0.19238705868484013,-3.399181213761082,1.6061324721403594,-43.09344149866894,0.056975147008027256,0.062418296765740254,0.08451160362768143,1.4572919330580696
1402,11.618914100001348,179.7952004163815,314.29600010592577,34.59026977375898,60.46648301678926,-43.257936534836055,0.19238705868484013,-3.3997823160644316,1.6061030834021253,-43.15055841692129,0.043430239181004575,0.05981452223383923,0.07391862245322021,2.1283823126716515
1403,11.622574000000895,179.79907705111685,314.2923075215986,34.59101558811331,60.46577261135161,-42.954709255209394,0.19238705868484013,-3.399036501710107,1.6068134888397765,-43.11822325564989,0.11368589462549653,0.13344470546560228,0.17530536801136706,3.438733884517453
1404,11.634846000000834,179.79930234383392,314.28982797903245,34.591058931516486,60.46529557945043,-43.20237983932313,0.19238705868484013,-3.3989931583069293,1.6072905207409605,-43.093851560309666,0.11269240617767645,0.10700233678164814,0.15539973773094876,2.5486135874350886
1405,11.638436200000797,179.80674010622215,314.2830969483714,34.59248986074556,60.464000616259625,-42.94359791610681,0.19238705868484013,-3.397562229077856,1.608585483931762,-43.07107255815569,0.14117175160039708,0.07497707650208886,0.15984688126680577,3.561551360869504
1406,11.650542200000928,179.80724914398718,314.2866326965655,34.59258779302393,60.46468084845494,-43.11063425607293,0.19238705868484013,-3.397464296799484,1.6079052517364474,-43.06651675772489,0.12081933370959569,0.05279092376909608,0.13184912980533908,0.8118414758469563
1407,11.653971300000194,179.80888702354562,314.28953079377027,34.59290289985466,60.46523840485195,-43.144041524066154,0.19238705868484013,-3.397149189968758,1.6073476953394348,-43.065605597638736,0.11061654941356723,0.06277795063409587,0.1271891980082473,1.8888137837703338
1408,11.666483800001515,179.81552207937273,314.2841212848683,34.594179398729445,60.464197685345376,-42.93193025305542,0.19238705868484013,-3.3958726910939703,1.6083884148460115,-43.12708657362932,0.012927296577153888,-0.014348192543617383,0.01931283578510448,0.4189962565427062
1409,11.670752300000458,179.81446859357365,314.28215092668586,34.5939767216952,60.463818613930094,-43.197824038892335,0.19238705868484013,-3.3960753681282156,1.6087674862612928,-43.09562422390556,-0.04277593662875427,-0.04647114582139545,0.06316128678566169,0.21105442976366862
1410,11.682314600000609,179.8090668249071,314.2836496091129,34.59293749130974,60.46410694103414,-43.25100279605972,0.19238705868484013,-3.3971145985136744,1.6084791591572483,-43.10723641704674,-0.07812002315454893,-0.021386808993844677,0.08099465177779613,1.6043982217255288
1411,11.6858155000009,179.8041458260998,314.28759483636026,34.591990754823414,60.4648659517001,-42.95332250745413,0.19238705868484013,-3.3980613350000013,1.607720148491289,-43.10955885567498,-0.1407705287744594,-0.07607877650028617,0.16001350569630488,4.573302968940089
1412,11.69802720000007,179.79876137107573,314.28995443418773,34.59095485535871,60.465319907785805,-43.20210248977208,0.19238705868484013,-3.399097234464705,1.6072661924055822,-43.02123855336157,-0.10817418785574791,-0.09770912145969404,0.14576943209972343,3.6491259312560467
1413,11.701608800000031,179.7948288925736,314.29349690932816,34.59019829738635,60.466001434158535,-42.9435424461966,0.19238705868484013,-3.3998537924370638,1.6065846660328518,-42.98566982981294,-0.055204257683498605,-0.11006676471282346,0.12313489660016837,4.216073671327539
1414,11.714058300000033,179.80230295678598,314.29474873905076,34.591636210616585,60.46624226999684,-42.756222527325264,0.19238705868484013,-3.39841587920683,1.6063438301945467,-42.951434503071965,0.024449378682701157,-0.06810777164246766,0.07236325501297357,4.8158656012435035
1415,11.717799000000014,179.80570498113985,314.29643498749704,34.5922907160756,60.466566682375635,-43.073159178316615,0.19238705868484013,-3.3977613737478123,1.6060194178157516,-42.94458743772377,0.008863229230808914,-0.06532395799003601,0.06592250237879214,-0.8387088753918266
1416,11.72999770000024,179.81381104142753,314.2968794377922,34.59385021717187,60.46665218886065,-42.782145873749265,0.19238705868484013,-3.3962018726515453,1.6059339113307374,-42.91609644262288,0.06972027288654509,-0.027211226670770423,0.07484228289077212,-1.9529498789118485
1417,11.733946600001218,179.8104702774467,314.2973567613035,34.59320749741584,60.46674401972703,-43.167867163031104,0.19238705868484013,-3.396844592407575,1.605842080464356,-42.99918303364177,0.008518478808394236,-0.0251676966421833,0.026570235894361686,-3.2690607762045505
1418,11.746392900000501,179.81649009743785,314.2973387630798,34.59436563287775,60.46674055710171,-42.80108747069216,0.19238705868484013,-3.3956864569456684,1.6058455430896785,-42.94492022489242,-0.019744204677174488,-0.017850956281040636,0.026617480318050075,-3.691625333076758
1419,11.750640000000203,179.812284450629,314.2975402571762,34.59355652085833,60.466779321958256,-43.17165548241969,0.19238705868484013,-3.3964955689650864,1.6058067782331307,-42.9611892451738,0.015528641962342646,0.05586736687777081,0.05798535507393286,-8.151756553112207
1420,11.762162000000899,179.81430005552835,314.3005432063839,34.59394429715638,60.46735705052371,-42.80184513456988,0.19238705868484013,-3.3961077926670313,1.6052290496676775,-42.964443049230084,0.03311872830105515,0.06388810128789266,0.07196207091552566,-4.173912143299942
1421,11.765744800000903,179.81996524215356,314.2938095076507,34.59503420574811,60.466061574030356,-42.86349097515616,0.19238705868484013,-3.3950178840753082,1.6065245261610315,-43.03597393699445,-0.02157687543769016,0.08187461387689776,0.08467002982841507,-9.688166028425997
1422,11.778171800000564,179.81513306468878,314.2927211757408,34.59410455733862,60.46585219305534,-43.18413618331249,0.19238705868484013,-3.395947532484797,1.6067339071360465,-43.050280114547334,-0.0027493512182099195,0.0827217528731177,0.0827674291646311,-9.217607907021215
1423,11.782120100000611,179.81143020831087,314.29086980809535,34.593392175691335,60.46549601387949,-43.15874190951406,0.19238705868484013,-3.39665991413208,1.6070900863118993,-43.14192614009697,-0.14446439749818857,0.014022109043420952,0.1451433143019003,-4.903584027324216
1424,11.794522900001539,179.80521732380623,314.29118516442617,34.59219689711554,60.465556684356415,-43.24318637018406,0.19238705868484013,-3.3978551927078726,1.6070294158349725,-43.16025534520689,-0.20210653899452533,-0.050446502825900234,0.20830723163565193,-0.9250188075106979
1425,11.798521400000027,179.79119004262148,314.2993664205011,34.589498229747065,60.46713065214902,-43.26007526231807,0.19238705868484013,-3.40055386007635,1.6054554480423704,-43.07513639618982,-0.1318128053673412,-0.07963134061229432,0.15399924047384067,2.776616798666014
1426,11.810712800001056,179.79220363858505,314.2968798741682,34.58969323249319,60.46665227281375,-42.955137000705804,0.19238705868484013,-3.4003588573302252,1.6059338273776405,-43.076017269472345,-0.10355483685802049,-0.09880041920125916,0.14312626268800488,7.616110591794342
1427,11.814255300001605,179.79729788840604,314.2992565896358,34.59067330023245,60.46710952211188,-42.7585414382271,0.19238705868484013,-3.399378789590962,1.6054765780795037,-43.01453023612103,-0.08342093334426211,-0.09433339351067435,0.12592792085660576,7.944147164044992
1428,11.82672790000106,179.79476056829293,314.2996218866667,34.59018515267895,60.467179800533216,-43.16314627592667,0.19238705868484013,-3.3998669371444663,1.6054062996581706,-43.002232829450776,0.017493824722618373,-0.010748372943533521,0.02053196104513588,-1.1823112693154787
1429,11.841876700000284,179.7950989860674,314.2982483671745,34.590250259879184,60.46691555315806,-42.93575120342752,0.19238705868484013,-3.3998018299442307,1.605670547033327,-42.99977334811672,0.03581585539569679,0.003975161349570072,0.03603577951814805,-1.4472308552415183
1430,11.845503500000632,179.7918876920735,314.29779054638345,34.589632448473125,60.46682747436267,-43.198588228966756,0.19238705868484013,-3.4004196413502896,1.6057586258287202,-43.088066241888974,-0.01270487586429465,0.06567448367731347,0.06689208979400219,-5.1055109866729955
1431,11.858145200001672,179.79895840373126,314.29037476061933,34.590992761891776,60.465400773151664,-42.94283959403554,0.19238705868484013,-3.3990593279316386,1.6071853270397227,-43.105724820643424,-0.0072974877642264764,0.07367277073430148,0.07403330652711645,-5.3138918617931825
1432,11.8619247000006,179.7996274488332,314.2868499767759,34.59112147751107,60.46472265035553,-43.20000590708836,0.19238705868484013,-3.3989306123123484,1.607863449835854,-43.10925653639431,0.06383774673389744,0.13558299463448442,0.14985995576576105,-8.629033217614307
1433,11.874549100000877,179.79883340639776,314.2845954897995,34.59096871402244,60.464288916237294,-43.251439169698926,0.19238705868484013,-3.399083375800977,1.6082971839540932,-43.10996287954449,0.08985162808973123,0.12887466092507308,0.15710503906281278,-3.6708004484972787
1434,11.878314600000522,179.80587900589632,314.2781953812389,34.59232419618664,60.46305761817606,-42.95340978218197,0.19238705868484013,-3.3977278936367767,1.6095284820153282,-43.17176735618234,0.05058387754943161,0.10854644937597818,0.1197541662743626,-0.33920988576235
1435,11.89072810000107,179.80328020679633,314.2787926197238,34.59182422087168,60.463172519131504,-43.20211994471765,0.19238705868484013,-3.398227868951736,1.6094135810598829,-43.166223588423975,0.0491667243723422,0.08089600183582893,0.09466535743622535,0.05612587252868845
1436,11.894841300001644,179.8013831010155,314.27855283022393,34.59145924227049,60.46312638673492,-43.251861977224785,0.19238705868484013,-3.3985928475529263,1.6094597134564665,-43.10345162686449,0.09526215371143806,0.0989931491765708,0.13738457523913103,3.812739511766869
1437,11.906886900000245,179.8030717579199,314.2759751826536,34.59178411800546,60.46263048070054,-43.17228706829653,0.19238705868484013,-3.3982679718179583,1.6099556194908473,-43.09089723455259,0.03546200145048809,0.03915156189391213,0.05282422120208922,8.281212128310026
1438,11.910313700000188,179.80696148196046,314.2737514860931,34.59253245057271,60.462202670259856,-42.93757936190149,0.19238705868484013,-3.397519639250703,1.610383429931531,-43.0267231480824,0.04676730102585441,0.025718131262779,0.053372302937876065,21.32309925951469
1439,11.922878700001093,179.81094370911316,314.2719367118553,34.59329857954164,60.461853531182065,-42.89063782062249,0.19238705868484013,-3.3967535102817763,1.610732569009322,-42.95222512278055,0.08364360416737351,0.03557125769477286,0.09089316196555274,19.14581756398649
1440,11.926807000001645,179.81127550857713,314.2734971784521,34.59336241346458,60.4621537447608,-42.881249512366686,0.19238705868484013,-3.3966896763588323,1.6104323554305893,-42.69430854994674,0.6811088209476003,0.033402994603441746,0.6819274052427485,19.436193065838264
1441,11.938598300001104,179.81713772480055,314.269790310238,34.594490228001185,60.46144059128817,-42.87937185071552,0.19238705868484013,-3.3955618618222303,1.6111455089032205,-42.64272523537998,0.6687548717162478,0.010357889936363444,0.6688350800669391,14.694174446933797
1442,11.942734700000074,179.8819463269521,314.26913825138763,34.60695856434659,60.46131514360385,-41.88270420412748,0.19238705868484013,-3.3830935254768235,1.6112709565875392,-42.63240857246662,0.6173895249904542,0.008863463590374078,0.617453145230273,12.914851408738214
1443,11.954695400001583,179.89168256562473,314.26854036118675,34.60883169066748,60.461200117266685,-42.679662789067685,0.19238705868484013,-3.3812203991559358,1.611385982924702,-42.692008447891766,0.5657851412659318,0.011234456009202419,0.565896668199357,-4.670404192320979
1444,11.958712100000412,179.88759349296868,314.2681162304334,34.60804500600643,60.46111851999855,-42.839054506055724,0.19238705868484013,-3.382007083816987,1.611467580192837,-42.703928422976794,0.4112838415508887,-0.05748878462717658,0.415282263862504,-6.721088213391885
1445,11.970535300000847,179.87273531782225,314.27208429442476,34.605186485392586,60.46188192415852,-43.1792488894924,0.19238705868484013,-3.3848656044308285,1.6107041760328684,-42.96723404885317,-0.24013510456540357,-0.07814786620149979,0.2525311019191197,-7.304623266844535
1446,11.974879700001111,179.857450797229,314.2784779217507,34.602245941432244,60.463111975314085,-42.938971726140664,0.19238705868484013,-3.387806148391171,1.609474124877302,-42.9927735919972,-0.32200046988270636,-0.13785951827737264,0.3502706801665719,-6.355076390158551
1447,11.986939200000052,179.842231351651,314.2830517924494,34.59931791706268,60.46399192884461,-43.199232333509386,0.19238705868484013,-3.3907341727607374,1.6085941713467804,-42.99788150062601,-0.29497733364058026,-0.1393447096469283,0.3262339275248559,-5.7649964417055095
1448,11.991281900000104,179.8365267710182,314.2895739832686,34.5982204295737,60.4652467139525,-42.807360504787816,0.19238705868484013,-3.3918316602497143,1.607339386238884,-42.99890308235176,-0.33784974346691166,-0.14218566285100165,0.36655042201726723,393.42789856143025
1449,12.003157800001645,179.83277747522527,314.28877838351247,34.59749911358396,60.46509365085553,-42.86459404919975,0.19238705868484013,-3.3925529762394575,1.607492449335858,-42.99910739869692,-0.20270162870000538,-0.06811141957302272,0.21383899493284003,546.4350993173039
1450,12.00753530000111,179.8223987755446,314.29057075554607,34.595502386079424,60.46543848003914,-43.1843567981212,0.19238705868484013,-3.3945497037439907,1.6071476201522472,-34.35926093199504,-0.15414199737492862,-0.0535178869954068,0.16316837801236375,546.5198110985427
1451,12.018812900001649,179.82233324491153,314.2854570199412,34.595489778833674,60.464454663487224,-42.93999330786643,0.19238705868484013,-3.394562310989741,1.6081314367041628,-25.79778883103748,-0.10359798148786628,0.004270360310707669,0.1036859573208617,546.5668593277891
