frame,t_s,x_px_filt,y_px_filt,x_mm_abs,y_mm_abs,angle_deg_raw,mm_per_px,x_mm,y_mm,angle_deg_unwrapped,vx_mm_s,vy_mm_s,speed_mm_s,angular_vel_dps
1671,13.843500800000129,261.32953807158117,319.9765254277706,54.285724615084305,66.46840487624323,-3.814079284651887,0.20772900383046183,0.0,-0.0,-2.2884475707967935,,,,
1672,13.847347500000069,261.3281807215086,319.9767134492278,54.285442654105886,66.46844393375324,-3.8140792846647527,0.20772900383046183,-0.00028196097841970413,-3.905751000843338e-05,-3.051263427730362,,,,
1673,13.860869000000093,261.3392625876037,319.9760738090843,54.287744679110396,66.46831106194341,-3.8140792846673257,0.20772900383046183,0.0020200640260910063,9.381429981658584e-05,-3.8140792846639506,,,,
1674,13.865065700000287,261.34088864494777,319.97609700451716,54.288082458382654,66.46831588030757,-3.8140792846678404,0.20772900383046183,0.0023578432983484277,8.899593565558916e-05,-3.814079284667166,0.024249888451047197,-0.002496393956426852,0.02437804489030892,-50.46304501154716
1675,13.877419000000373,261.3513659600651,319.97553059878555,54.290258900614795,66.46819822140918,-3.814079284667943,0.20772900383046183,0.0045342855304895124,0.00020665483404513907,-3.794447937011559,0.04254388150055254,-0.020219478091305754,0.047104237043156215,-10.78894695396235
1676,13.882238800000323,261.3459744245866,319.97600697830967,54.289138922320724,66.46829717925317,-3.814079284667964,0.20772900383046183,0.0034143072364187788,0.00010769699005663824,-3.790521667480437,0.0847139515813061,-0.06662672017633822,0.1077755697455409,0.4999243900998971
1677,13.894042400000217,261.3470069118107,319.9816192372532,54.28935339986326,66.46946300821276,-3.715922546386718,0.20772900383046183,0.0036287847789537864,-0.0010581319695290858,-3.7897364135742126,0.06547963118914013,-0.06771545632122147,0.09419641779524882,0.5005219504891846
1678,13.89939800000002,261.3568322943589,319.9873481686883,54.29139441679226,66.47065307343277,-3.794447937011719,0.20772900383046183,0.005669801707952615,-0.0022481971895444985,-3.789579362792968,0.00183027315616845,-0.06106519328935258,0.06109261601283892,-0.651017520873829
1679,13.909910800000034,261.35603851792564,319.98768176873455,54.29122952640451,66.47072237183806,-3.810153015136719,0.20772900383046183,0.0055049113202017,-0.0023174955948377374,-3.7895479526367195,0.036583751119197254,-0.07279712010723426,0.08147264290458765,-0.8829694546682236
1680,13.91461870000012,261.352818833583,319.9867123123008,54.29056070458336,66.47052098761883,-3.813294030761719,0.20772900383046183,0.004836089499058005,-0.0021161113755994165,-3.809173018261719,0.023778673687836246,-0.05149556282889083,0.05672052814825369,-0.9066429189171673
1681,13.925990700000057,261.34961065322,319.99104758491114,54.289894272472445,66.4714215494795,-3.8139222338867187,0.20772900383046183,0.004169657388139569,-0.003016673236274414,-3.813098031386719,0.024511205665639753,0.016057097991103175,0.02930238214001005,-0.9196963413358799
1682,13.941133300000274,261.3462680197503,319.99048345384494,54.289199910551616,66.47130436309509,-3.814047874511719,0.20772900383046183,0.003475295467310957,-0.0028994868518594785,-3.8138830340117194,0.06185074950926505,0.026680416940279103,0.06735992772386995,-0.920821204610629
1683,13.945501400000012,261.35435875298447,319.98805360271905,54.2908805905066,66.47079961254126,-3.814073002636719,0.20772900383046183,0.005155975422297843,-0.002394736298029443,-3.8140400345367196,0.07102791914543247,0.03459757301354382,0.07900605898636881,-0.08739914154625805
1684,13.957411100000172,261.36416341871484,319.9853862034141,54.29291730395167,66.47024551634082,-3.814078028261719,0.20772900383046183,0.007192688867363017,-0.0018406400975976567,-3.8140714346417193,0.06564260165339314,0.055564648544771646,0.08600221694659996,-0.018392284896174366
1685,13.961806199999955,261.36212850116306,319.983643608959,54.292494592555755,66.46988352893058,-3.8140790333867187,0.20772900383046183,0.006769977471449806,-0.0014786526873535877,-3.814077714662719,0.12976351650388668,0.07048706786153375,0.14767192336788648,-0.008034632716981533
1686,13.972936699999991,261.3575456750955,319.9822695448179,54.29154260666201,66.46959809595535,-3.814079234411719,0.20772900383046183,0.00581799157770746,-0.001193219712121163,-3.8140789706669196,0.04238184124868796,0.050967744090903905,0.06628673627012314,-0.000846940287595039
1687,13.97772920000034,261.3638844046137,319.9803696322982,54.292859344630386,66.46920342902027,-3.814079274616719,0.20772900383046183,0.007134729546081076,-0.0007985527770415501,-3.814079221867759,-0.043032453580857014,0.04937921291317082,0.0654988452502246,-0.0003201361334475974
1688,13.99010780000026,261.3607770093565,319.9792995613949,54.2922138485091,66.4689811442575,-3.814079282657719,0.20772900383046183,0.0064892334247943495,-0.0005762680142709087,-3.8140792721079273,-0.04331838461841167,0.03516893857045202,0.055797282067506414,-3.440036809234501e-05
1689,13.994136000000253,261.3558116229446,319.97855139181354,54.29118239373612,66.46882572773566,-3.814079284265919,0.20772900383046183,0.005457778651816625,-0.0004208514924357587,-3.814079282155961,-0.07505894169727033,0.034840667400953075,0.08275093252440156,-1.1852709056458216e-05
1690,14.004717700000128,261.35083950241585,319.97797525029716,54.29014954009176,66.4687060464324,-3.814079284587559,0.20772900383046183,0.004424925007455727,-0.00030117018917508176,-3.8140792841655675,-0.14313109343008623,0.019507471436625866,0.1444543227056319,-1.3709244258636073e-06
1691,14.008539299999939,261.34634635021337,319.97753366853135,54.28921618206068,66.46861431709208,-3.814079284651887,0.20772900383046183,0.0034915669763719848,-0.00020944084884888525,-3.814079284567489,-0.1624114823471443,0.01809801435940822,0.16341673023882872,-5.598874139557073e-07
1692,14.020936500000062,261.3424307037643,319.97719439125393,54.28840278872446,66.46854383936122,-3.8140792846647527,0.20772900383046183,0.0026781736401559897,-0.0001389631179904427,-3.8140792846478737,-0.12244832503813294,0.010994941865083745,0.1229409657163178,-6.106499892379488e-08
1693,14.025602100000015,261.3390943092419,319.97694935464943,54.287709722813936,66.46849293815147,-3.8140792846673257,0.20772900383046183,0.001985107729630897,-8.806190824373061e-05,-3.8140792846639506,-0.12719904221101444,0.009859318768804047,0.12758057260407762,-2.3114945873804593e-08
1694,14.035952900000211,261.33629182682216,319.9767965427639,54.287127565932636,66.4684611946907,-3.8140792846678404,0.20772900383046183,0.0014029508483304198,-5.631844747711057e-05,-3.814079284667166,-0.08478246177561888,0.005152385687503474,0.08493887745318435,-2.0829053623574803e-09
1695,14.039894500000173,261.3339890333657,319.97668967524174,54.286649208941895,66.4684389952068,-3.814079284667943,0.20772900383046183,0.0009245938575901391,-3.411896356908528e-05,-3.814079284667809,-0.0844644053259024,0.004075620455464614,0.08456267763709549,0.8521844740637151
1696,14.05174820000002,261.3321544849039,319.9766629583612,54.28626812001745,66.4684334453358,-3.814079284667964,0.20772900383046183,0.0005435049331481423,-2.8569092577868105e-05,-3.814079284667937,-0.05871087741428725,0.0017297274193589216,0.05873635231865141,0.9224262525273731
1697,14.056355500000336,261.33073454407753,319.9766562791411,54.28597315712408,66.46843205786807,-3.814079284667968,0.20772900383046183,0.00024854203977753286,-2.7181624844274666e-05,-3.7944479370117126,-0.01507462525781568,-0.05314062804642074,0.05523740287008082,0.9608062089054298
1698,14.067534799999976,261.32967002517955,319.9767003857032,54.28575202567385,66.46844122008028,-3.8140792846679688,0.20772900383046183,2.741058954569553e-05,-3.634383705275468e-05,-3.7905216674804674,0.04619929673747804,-0.05421910085853078,0.07123261834963729,0.9633218993879055
1699,14.071626800000104,261.3328600111777,319.9820443591211,54.28641467828747,66.46955131835487,-3.715922546386719,0.20772900383046183,0.0006900632031658915,-0.0011464421116471613,-3.789736413574219,0.060946825558362255,-0.04853548052502042,0.07791154224783434,0.9651258366891026
1700,14.084112500000174,261.343980078478,319.98202994964356,54.2887246387903,66.46954832508845,-3.794447937011719,0.20772900383046183,0.0030000237059937263,-0.0011434488452266578,-3.7895793627929697,0.06773313136310341,-0.04657690148698437,0.08220209751812706,-0.2165621703404058
1701,14.087594900000113,261.3446772705961,319.98154569541873,54.288869465814464,66.46944773144074,-3.810153015136719,0.20772900383046183,0.003144850730159021,-0.0010428551975110167,-3.7895479526367195,0.14978113565154783,-0.035084711973296205,0.15383538478294428,-0.4499484968150772
1702,14.0995068000002,261.3429518493873,319.98096686819065,54.288511045785576,66.46932749223726,-3.813294030761719,0.20772900383046183,0.0027864307012706035,-0.0009226159940283196,-3.809173018261719,0.1553437488885909,0.02399731346258407,0.1571863587344115,-0.5019857793491014
1703,14.104318500000318,261.3519962020929,319.9796548640203,54.2903898201634,66.46905495091792,-3.8139222338867187,0.20772900383046183,0.004665205079092516,-0.0006500746746951336,-3.813098031386719,0.2298397506377185,0.03804986787397714,0.23296803089358792,-0.5131911349434891
1704,14.115814199999932,261.36249703636304,319.9783197828996,54.29257114800573,66.46877761584669,-3.814047874511719,0.20772900383046183,0.0068465329214220105,-0.0003727396034634012,-3.8138830340117194,0.24882792751919908,0.035650870057644966,0.2513688963443307,-0.5154865474457813
1705,14.11942769999996,261.3721946936611,319.9770933734593,54.294585632695735,66.46852285503537,-3.814073002636719,0.20772900383046183,0.0088610176114301,-0.00011797879214725526,-3.8140400345367196,0.35198592155785213,0.04577696539524079,0.3549501648622346,-0.1864013208012636
1706,14.132205600000361,261.3805929239036,319.9760543492242,54.29633018869795,66.46830701956607,-3.814078028261719,0.20772900383046183,0.010605573613645447,9.785667715789259e-05,-3.8140714346417193,0.25663830456856085,0.034418421450038164,0.25893599036622517,-0.02327614352217252
1707,14.135208200000307,261.38761344093683,319.97517661220843,54.29778855370765,66.46812468813015,-3.8140790333867187,0.20772900383046183,0.012063938623342096,0.000280188113080726,-3.814077714662719,0.24267400666782157,0.032015649258266776,0.24477678670503514,0.2475043467870435
1708,14.14817579999999,261.3822274569139,319.9751860597904,54.29666972861191,66.46812665066695,-3.814079234411719,0.20772900383046183,0.010945113527604633,0.0002782255762809882,-3.8140789706669196,0.24905522633793575,0.028511319370755954,0.25068187229734357,0.46099927476425573
1709,14.16344560000016,261.39104331442377,319.9742957825257,54.29850103791035,66.4679417142576,-3.814079274616719,0.20772900383046183,0.012776422826043188,0.000463161985621241,-3.794447874211509,0.25890314720844504,0.00890637937877748,0.25905629355041054,0.47460722245181547
1710,14.167279700000108,261.4019219003833,319.9733179031509,54.300760835734806,66.46773858034922,-3.814079282657719,0.20772900383046183,0.015036220650500809,0.0006662958940069075,-3.7905216549204273,0.06779489543518946,-0.0156291291039779,0.06957310919900793,0.4837188257997486
1711,14.179253100000096,261.4126295229474,319.9779943927799,54.30298511950344,66.46871002288127,-3.715922545984669,0.20772900383046183,0.017260504419134293,-0.00030514663804126485,-3.7897364110622105,0.0826614883839838,-0.013786610980030565,0.08380329530615241,0.48421271856886594
1712,14.182866200000262,261.40445742956496,319.9790719624528,54.3012875386859,66.46893386535598,-3.794447936931309,0.20772900383046183,0.015562923601592615,-0.0005289891127517876,-3.789579362290567,0.008082609258410194,-0.07305218179514521,0.07349795804956137,-0.8312648490318113
1713,14.196104699999978,261.4036961445006,319.978494492078,54.30112939769785,66.46881390801029,-3.810153015120637,0.20772900383046183,0.015404782613543944,-0.00040903176706308386,-3.7895479525362386,-0.10952386213229248,-0.08308605376694449,0.13747279260616263,-1.0973347843708257
1714,14.199813300000187,261.3991799565353,319.9835686303437,54.300191254470704,66.46986795369752,-3.8132940307585024,0.20772900383046183,0.014466639386398583,-0.0014630774542894187,-3.809173018241623,-0.2935198280506608,-0.05800628390023597,0.2991966216901592,-1.164801146295397
1715,14.212626600000021,261.39926398327447,319.9833952093437,54.300208709261526,66.46983192912595,-3.8139222338860757,0.20772900383046183,0.014484094177220186,-0.0014270528827182716,-3.8130980313826996,-0.22050144104275649,-0.041901185514725124,0.22444730973988444,-1.1761196075640605
1716,14.215515300000334,261.38905397189285,319.98277964950387,54.298087793768126,66.46970405949361,-3.81404787451159,0.20772900383046183,0.012363178683820308,-0.0012991832503814749,-3.813883034010915,-0.14648148365437147,-0.023972108156695787,0.1484300745235352,-0.15525817875797276
1717,14.227476500000193,261.38302246514115,319.98171023220016,54.296834874878996,66.46948191050244,-3.814073002636693,0.20772900383046183,0.011110259794691046,-0.0010770342592110183,-3.814040034536558,-0.048588682742397984,0.04017946669368232,0.06304958076331776,0.9652654859376217
1718,14.231314600000132,261.389639893629,319.9798864813899,54.2982095067067,66.46910306456338,-3.8140780282617137,0.20772900383046183,0.012484891622392524,-0.0006981883201575556,-3.794440086985437,0.07623716815075034,-0.07442437904344068,0.10654151305311706,1.0732189329849677
1719,14.243925300000228,261.40399719264553,319.9776681535506,54.3011919341291,66.46864225353116,-3.814079033386718,0.20772900383046183,0.015467319044795147,-0.00023737728793093993,-3.790520097475213,0.227676270221278,-0.08425881750207764,0.24276744499360048,1.4493587082060813
1720,14.247283700000025,261.41410964972386,319.9868868259853,54.30329258476426,66.47055723917266,-3.715922496130469,0.20772900383046183,0.017567969679952,-0.0021523629294364355,-3.789736099573168,0.36806782534296884,-0.05861777679603091,0.37270627551627233,1.6744725970559156
1721,14.259582500000306,261.41547046663015,319.9871773339377,54.3035752659046,66.47061758610022,-3.794447926960469,0.20772900383046183,0.017850650820292913,-0.0022127098569910686,-3.7699479523365094,0.3334349911901616,-0.08678906170685886,0.3445449674308712,0.6653888006637964
1722,14.263140100000328,261.4256983661693,319.98466359617976,54.30569989728714,66.47009540985987,-3.810153013126469,0.20772900383046183,0.019975282202835842,-0.0016905336166388452,-3.765990322889178,0.4992018533771312,-0.06014087099529877,0.5028115101896893,0.6137500508791041
1723,14.276060700000016,261.4372046208392,319.9872852838106,54.30809008010755,66.47064001041977,-3.715137292078419,0.20772900383046183,0.02236546502324188,-0.0022351341765443067,-3.765198796999711,0.4049114535849081,0.04555659829824949,0.4074661812871729,0.5675611387553701
1724,14.279067299999952,261.452623909116,319.98482791274955,54.31129311350106,66.47012954317722,-3.794290886150059,0.20772900383046183,0.025568498416753016,-0.0017246669339954224,-3.765040491821818,0.5318754343936769,0.013737697359349349,0.532052818844332,-0.7815282182185712
1725,14.291735199999948,261.46201767161494,319.9873721393202,54.31324447042718,66.47065805282826,-3.711964866683137,0.20772900383046183,0.02751985534287371,-0.002253176585028882,-3.7650088307862393,0.4484974891743205,-0.024645724462402492,0.4491741416532639,-1.0656368486283496
1726,14.295555900000181,261.4741164784506,319.9903885670566,54.31575774351869,66.47128465235707,-3.7936564010710025,0.20772900383046183,0.03003312843438266,-0.0028797761138434907,-3.7846338462353737,0.6777380731133094,-0.0375309626904123,0.6787764498771378,-2.362744148685919
1727,14.308295300000282,261.4851749326009,319.99315683414693,54.31805490518323,66.47185970172208,-3.809994707948576,0.20772900383046183,0.032330290098926184,-0.003454825478854673,-3.7885588493252,0.4925657210302283,-0.05926009155198121,0.4961176755415774,-2.4388277573973154
1728,14.311473300000216,261.50554055932207,319.9947873164469,54.32228543653441,66.47219840018602,-3.8132623693240904,0.20772900383046183,0.03656082145010231,-0.003793523942789534,-3.8089751975994153,0.5793446604462137,0.008389855307623269,0.5794054066537708,-2.486477178483272
1729,14.323931200000061,261.5139049762563,319.9911208403422,54.32402296853178,66.47143676675722,-3.8139159015991932,0.20772900383046183,0.03829835344747323,-0.0030318905139949948,-3.8130584672542587,0.45726740860209886,0.055369708858457954,0.4606075201608732,-1.461701418225887
1730,14.327395300000262,261.52370939836095,319.98617590100355,54.32605963136871,66.4704095594344,-3.814046608054214,0.20772900383046183,0.04033501628440206,-0.0020046831911741947,-3.813875121185227,0.43297304302719586,0.04110400629192188,0.43491975733631183,-0.13246095170894745
1731,14.340339000000313,261.5266640439262,319.98175820864935,54.32667339694865,66.46949187660243,-3.814072749345218,0.20772900383046183,0.04094878186434414,-0.0010870003592060584,-3.8140384519714208,0.16589724878407064,0.05290347681659928,0.17412832915240498,1.2127693513077855
1732,14.34343119999994,261.5275400344191,319.9834919203264,54.3268553655811,66.46985201880203,-3.814077977603419,0.20772900383046183,0.04113075049679793,-0.0014471425588027387,-3.79443977047241,0.12949228572425445,-0.06740370439038304,0.14598462736753515,1.326948379635862
1733,14.356415799999922,261.5272783801868,319.98646593662454,54.326801012408076,66.47046980824503,-3.8140790232550588,0.20772900383046183,0.041076397323770664,-0.002064932001800912,-3.7905200341726077,-0.005151534724107882,-0.12242821331406367,0.12253654852854134,1.3758328530688544
1734,14.359640200000285,261.5266178738553,319.9948540940194,54.32666380608581,66.47221227182463,-3.715922494104137,0.20772900383046183,0.040939191001506,-0.0038073955814041938,-3.789736086912647,-0.06312628908125419,-0.12404784365044738,0.13918619143972547,1.3788731854813545
1735,14.377714799999922,261.5191971930732,319.99299147760644,54.325122315459204,66.47182535237265,-3.7944479265552027,0.20772900383046183,0.03939770037489865,-0.0034204761294205355,-3.7895792974606555,-0.09831848015735452,-0.10927155960906597,0.14699250756365023,-0.6224910837214298
1736,14.389854400000331,261.5050281801042,319.98932147780005,54.3221790005099,66.4710629869688,-3.8101530130454155,0.20772900383046183,0.03645438542559276,-0.0026581107255765346,-3.7895479395702565,-0.12406551720577386,-0.08636245314834615,0.1511645655348384,-0.7623980726196042
1737,14.395203700000366,261.5020123550846,319.9904181380047,54.32155252618285,66.47129079510067,-3.8132940303434584,0.20772900383046183,0.03582791109854355,-0.0028859188574443806,-3.8091730156484265,-0.12637954787230576,0.07146245844954913,0.1451849616456951,-0.8557204133155124
1738,14.40507400000024,261.49569657021647,319.9872361873332,54.32024055448378,66.47062981165743,-3.813922233803067,0.20772900383046183,0.03451593939947628,-0.002224935414204765,-3.8130980308640607,-0.14433668790690737,0.07771055282197074,0.1639268419016004,-0.8599049412706237
1739,14.408586600000035,261.49478138132366,319.98303036030984,54.32005044320676,66.46975613939959,-3.8140478744949884,0.20772900383046183,0.03432582812245499,-0.0013512631563656896,-3.8138830339071874,-0.09898674074281862,0.0476854905076855,0.10987393161184572,-0.09866689758428226
1740,14.42140500000005,261.48397824328015,319.979781637929,54.31780631810274,66.4690812855357,-3.8140730026333727,0.20772900383046183,0.03208170301843438,-0.0006764092924669285,-3.8140400345158127,-0.1186142476803839,0.06361991986027458,0.13459878883485993,0.7207587044537024
1741,14.426551000000018,261.4835891653122,319.98194492120103,54.31772549532405,66.4695306622148,-3.81407802826105,0.20772900383046183,0.03200088023974246,-0.0011257859715669838,-3.7944400869812878,-0.04009297200872136,0.03248149772748034,0.05159936142155661,0.8307205126202696
1742,14.435701100000188,261.4741077405468,319.9803113645776,54.31575592840264,66.46919132512471,-3.814079033386585,0.20772900383046183,0.03003131331833231,-0.0007864488814846027,-3.790520097474383,0.004007870139027932,-0.007580051592260634,0.008574392409532278,0.8781241908550269
1743,14.440853900000093,261.48054933503903,319.9825122283514,54.317094034409585,66.46964850836402,-3.7159224961304425,0.20772900383046183,0.031369419325280035,-0.0012436321207900392,-3.7897360995730027,0.15604694393981025,0.012865575264948106,0.1565764086312249,0.8817792128733187
1744,14.452437500000087,261.489827275166,319.9798123222246,54.31902133166977,66.46908765955385,-3.794447926960464,0.20772900383046183,0.033296716585461184,-0.0006827833106228809,-3.7895792999927256,0.17259905104166787,0.04272330499398193,0.1778080797098182,-0.2723317938964411
1745,14.457640699999956,261.5044834911548,319.9759329999897,54.32206585281704,66.46828181181046,-3.810153013126468,0.20772900383046183,0.03634123773273501,0.00012306443277054768,-3.7895479400766705,0.12020652395933984,-0.00020176830390165185,0.12020669329465727,-0.5290271354841879
1746,14.467644400000154,261.5077126696637,319.97294900927477,54.32273664685189,66.46766195039181,-3.8132940303596685,0.20772900383046183,0.03701203176758128,0.0007429258514122239,-3.8091730157497095,0.10146020438659252,0.004905423342406328,0.10157871948561545,-0.2460747585851903
1747,14.472234700000172,261.49716742522844,319.97687220104916,54.3205460937302,66.46847691111094,-3.813922233806309,0.20772900383046183,0.034821478645895354,-7.203486771345524e-05,-3.813098030884317,0.20371526377498178,-0.038951540512350474,0.20740571641879998,-0.06059615500131699
1748,14.484262400000262,261.50677629234224,319.98053091647324,54.32254213412369,66.46923693242128,-3.8140478744956368,0.20772900383046183,0.03681751903938135,-0.0008320561780550406,-3.7942516862549884,0.13153667693994253,-0.08080306618953634,0.1543730316021338,-0.048327859000181335
1749,14.488268300000072,261.5198444026754,319.983825966423,54.325256759665145,66.46992140986492,-3.8140730026335024,0.20772900383046183,0.0395321445808392,-0.0015165336216966807,-3.790482417329123,0.20541401733071696,-0.11335574188288255,0.2346155210845241,0.3498936797215474
1750,14.499458300000242,261.5319233809423,319.98675544180105,54.327765913787815,66.47052994686695,-3.7159212899798257,0.20772900383046183,0.042041298703509256,-0.0021250706237196937,-3.7897285635439504,0.31431382504842403,-0.08712725502886388,0.3261661220688562,0.521450797667659
1751,14.50459950000004,261.5427251079309,319.9892502007823,54.3300097457748,66.47104818066491,-3.7944476857303404,0.20772900383046183,0.044285130690497,-0.0026433044216815915,-3.7895777927869156,0.35371003730915906,-0.09342469239304091,0.36584007932699364,0.20837612450366344
1752,14.515692299999955,261.5463181788382,319.9917278333987,54.33075613081507,66.47156285682019,-3.810152964880443,0.20772900383046183,0.045031515730762806,-0.0031579805769581526,-3.7895476386355083,0.2214269534231717,-0.06505678106402701,0.23078622243253646,0.020209500666246077
1753,14.519612500000221,261.5531673742994,319.9935145389161,54.33217890736526,66.47193400737744,-3.8132940207104635,0.20772900383046183,0.046454292280955656,-0.0035291311342149356,-3.789541607805227,0.16442628887353225,-0.07412593735539923,0.180362576665834,0.006751099114864548
1754,14.532145200000286,261.5541472512897,319.9952658417603,54.33238245623633,66.47229780377268,-3.813922231876468,0.20772900383046183,0.04665784115202598,-0.0038929275294492527,-3.789540401639171,0.08996109133976157,-0.03793239234494389,0.09763126724595805,0.0008866862174904371
1755,14.535297899999932,261.55322492317396,319.99677941210024,54.33219086193565,66.47261221623162,-3.715891135828419,0.20772900383046183,0.04646624685134526,-0.004207339988397507,-3.78954016040596,0.06722387693505205,-0.030556757679586335,0.0738428403439899,0.0003434385812698024
1756,14.547602300000108,261.55702266145755,319.99203085156023,54.33297976232611,66.47162580248101,-3.794441654900059,0.20772900383046183,0.04725514724180613,-0.0032209262377875802,-3.7895401121593175,0.005981167908440598,-0.014676500713300112,0.01584847130597959,-0.32107103865540665
1757,14.552164000000175,261.5560037122394,319.99223989062443,54.332768097020065,66.47166922595758,-3.8101517587143867,0.20772900383046183,0.047043481935759246,-0.00326434971435674,-3.7895401025099895,0.054328669530604695,-0.021439714314860654,0.05840604149288407,-0.5817381540067368
1758,14.564391300000352,261.55934241975905,319.99313901318345,54.333461643407205,66.47185599979109,-3.8132937794772523,0.20772900383046183,0.04773702832289928,-0.003451123547861812,-3.8091714482363734,0.07744157695670534,-0.004213421978918428,0.07755611366174653,-0.5946018272805708
1759,14.567404000000352,261.5630838959554,319.99405043933103,54.33423885653033,66.4720453294368,-3.813922183629826,0.20772900383046183,0.048514241446021344,-0.00364045319356876,-3.81309771738165,0.09075252426315389,-0.026706988133514152,0.09460065472975332,-0.6022953334892711
1760,14.579627399999936,261.5663080833639,319.99485050045774,54.33490861376885,66.47221152533764,-3.81404786446034,0.20772900383046183,0.0491839986845477,-0.003806649094414638,-3.813882971210705,0.10542329090988671,-0.007213077956314602,0.10566976275110337,-0.6028190541421663
1761,14.583710500000052,261.56887652035266,319.9954853912277,54.33544215262594,66.47234341056483,-3.8140730006264434,0.20772900383046183,0.049717537541631884,-0.0039385343216054025,-3.8140400219765165,0.10444222164899686,0.05936152643200007,0.12013312816752601,-0.2820381641619983
1762,14.595715200000086,261.57043415694363,319.99040271987724,54.33576571892331,66.4712875923084,-3.8140780278596638,0.20772900383046183,0.05004110383900695,-0.0028827160651729855,-3.8140714321296785,0.054522003026290004,0.08892445143211009,0.10430823014748396,-0.021409135905870014
1763,14.599570300000323,261.5713957706812,319.9845086389537,54.33596547398708,66.47006322074965,-3.814079033306308,0.20772900383046183,0.05024085890277519,-0.0016583445064242142,-3.814077714160311,0.060747550282765725,0.09046745992528779,0.10897075832851079,-0.008564143662897164
1764,14.612908800000241,261.57193372050233,319.9790525747775,54.33607722176754,66.4689298379735,-3.8140792343956367,0.20772900383046183,0.0503526066832336,-0.0005249617302780507,-3.8140789705664377,-0.01688981343909192,0.06827116678546122,0.07032935384500268,-0.000874160357237457
1765,14.627787400000216,261.57808780024277,319.9794738370538,54.337355602621514,66.4690173463665,-3.8140792746135026,0.20772900383046183,0.05163098753720874,-0.0006124701232721463,-3.814079221847663,-0.008695174573584152,0.062224092354182504,0.0628286855677161,-0.00035102293564468287
1766,14.631457500000124,261.57353806334197,319.98200530008376,54.336410490307415,66.46954320465996,-3.8140792826570755,0.20772900383046183,0.05068587522310963,-0.0011383284167294505,-3.814079272103908,0.05156665433425603,0.055803769743559176,0.07598144876758284,1.2209815799275399
1767,14.644008000000213,261.5776420231597,319.9785182927944,54.33726300179211,66.46881885210938,-3.81407928426579,0.20772900383046183,0.05153838670780431,-0.0004139758661523274,-3.8140792821551566,0.04838301602801384,0.050443874447477985,0.06989635690964134,1.2794857891309925
1768,14.647223599999961,261.5831083207313,319.974098872515,54.33839851034131,66.46790081033724,-3.814079284587533,0.20772900383046183,0.05267389525700139,0.0005040659059858399,-3.7944479365091563,0.013618751799292301,-0.03559952325069794,0.03811556711171579,1.3213727216155329
1769,14.660650100000112,261.58262095225314,319.9703389881483,54.33829726977284,66.46711977330322,-3.8140792846518816,0.20772900383046183,0.05257265468853234,0.0012851029400025027,-3.7905216673799567,0.03996682984136926,-0.02304654245907056,0.04613556769875826,1.3239453445325289
1770,14.664399799999956,261.5810342663836,319.9782109677402,54.337967669097765,66.46875501178204,-3.7159225463835015,0.20772900383046183,0.0522430540134593,-0.0003501355388095817,-3.7897364135541167,0.002064726820713486,-0.06603677570180992,0.06606904601956445,1.3254215804137053
1771,14.67662220000011,261.5736338107365,319.98294843285305,54.3364303798183,66.4697391206906,-3.7944479370110753,0.20772900383046183,0.05070576473399768,-0.0013342444473778414,-3.7895793627889485,-0.07285490616495725,-0.13219104509445628,0.15093809908525185,-0.22874414158917616
1772,14.680878099999973,261.5711428276841,319.98616984747105,54.33591293039028,66.47040830194013,-3.8101530151365903,0.20772900383046183,0.050188315305973674,-0.0020034256968983755,-3.789547952635915,-0.23076818037043625,-0.10895748331369133,0.25519734763812796,0.6892896705496898
1773,14.692659300000287,261.5699249891476,319.9887375912623,54.33565995000425,66.47094169679997,-3.813294030761693,0.20772900383046183,0.04993533491994384,-0.002536820556741759,-3.8091730182615584,-0.22124355209790586,-0.007298064617797495,0.22136388841015675,0.6972271639582588
1774,14.695876100000078,261.5575813449432,319.9860378524054,54.33309581709003,66.47038088273662,-3.813922233886714,0.20772900383046183,0.04737120200572775,-0.0019760064933933563,-3.7934666837304376,-0.32046388551897453,-0.07989137794186736,0.33027221226038483,0.7310408547228905
1775,14.708486300000004,261.55513630303267,319.981655031949,54.33258791096964,66.46947044380926,-3.8140478745117177,0.20772900383046183,0.046863295885337664,-0.0010655675660302677,-3.790325416824213,-0.3153954093177883,-0.060191543048811164,0.3210876610418596,0.7316001186747352
1776,14.711939799999982,261.5447975645277,319.9890279547646,54.330440255119136,66.47100201372105,-3.715916264355469,0.20772900383046183,0.04471564003483053,-0.0025971374778208656,-3.7896971634429684,-0.3560115428531501,-0.07642801882435435,0.3641228648493476,1.0661353849547006
1777,14.724286699999993,261.5390771987491,319.99251913468726,54.329251969234406,66.47172723304858,-3.794446680605469,0.20772900383046183,0.04352735415010045,-0.003322356805355753,-3.7895715127667193,-0.18810884989349028,-0.11548761848767905,0.22073135126711693,-0.2178947833683955
1778,14.727938700000323,261.53512940710914,319.9947423324999,54.328431898409704,66.47218905571552,-3.810152763855469,0.20772900383046183,0.04270728332539875,-0.003784179472290816,-3.7895463826314693,-0.1361042250252153,-0.1394087289879656,0.1948310904033401,-0.4733871191685164
1779,14.740706600000067,261.5377359040234,319.9960305538281,54.328973343417196,66.47245665664875,-3.813293980505469,0.20772900383046183,0.04324872833289106,-0.004051780405518457,-3.809177730207309,-0.006744095904133794,-0.04025345403133807,0.040814499764387675,-0.28305398043208113
1780,14.744524800000363,261.54177497942385,319.9969019255664,54.329812376526526,66.47263766583191,-3.813922223835469,0.20772900383046183,0.0440877614422206,-0.004232789588684227,-3.8131042007603426,0.028114362847151228,0.004165130863130466,0.028421219421556832,-0.23404678193271786
1782,14.76115000000027,261.5437696123614,319.9927167554797,54.330226719639654,66.47176828461893,-3.814073002234669,0.20772900383046183,0.044502104555348865,-0.003363408375705035,-3.7942581472146992,0.08443404931285968,0.009613857129037267,0.08497961480416324,-0.2334385842279571
1784,14.775918900000306,261.54931877643173,319.9811026432868,54.33137944196407,66.46935569666273,-3.814079033370637,0.20772900383046183,0.045654826879761856,-0.000950820419504339,-3.7904889365055707,0.11317964093138325,-0.01705902069464335,0.11445803295713722,0.07575903795121276
1785,14.78858130000026,261.5527960027017,319.9871503556459,54.33210176271323,66.47061198192654,-3.7159224961272526,0.20772900383046183,0.046377147628923865,-0.0022071056833112834,-3.790363297810406,0.11131160414578543,0.0011557678307055133,0.1113176042537142,0.2815061416491222
1786,14.792156900000009,261.5559999039957,319.9898066929154,54.3327673059374,66.47116378022136,-3.7944479269598257,0.20772900383046183,0.04704269085309676,-0.002758903978133276,-3.790333144124732,0.13515589069706685,-0.0090672170240022,0.1354596959050102,-0.29905910660756596
1788,14.808596100000159,261.57265091868237,319.98635098593417,54.336226204631025,66.47044592965263,-3.813294030359643,0.20772900383046183,0.05050158954671957,-0.0020410534093997512,-3.790326912349732,0.18316992154767003,-0.05142381477378272,0.1902514885241845,-0.5305834293525495
1789,14.819691300000159,261.58034992449484,319.98628806386637,54.337825511438936,66.47043285891417,-3.813922233806304,0.20772900383046183,0.05210089635463078,-0.0020279826709383997,-3.809957013650982,0.1716646854813319,-0.03684897968620905,0.17557508805442545,-0.53516116055563
1790,14.824041900000339,261.58701252995183,319.9873023016111,54.33920952783343,66.47064354551053,-3.814047874495636,0.20772900383046183,0.053484912749127034,-0.0022386692672995423,-3.813883033911232,0.14364520154633867,-0.008733390141782179,0.14391044448078408,-0.5372126814502458
1791,14.83615009999994,261.58698445573015,319.9888375993286,54.33920369600333,66.47096247137596,-3.8140730026335024,0.20772900383046183,0.053479080919025535,-0.002557595132728352,-3.814040034516622,0.08792940608761171,-0.029455908020447737,0.09273203854240024,-0.5375642495690252
1792,14.853365500000109,261.59079976383487,319.98997673381655,54.33999624615523,66.47119910264837,-3.8140780282610756,0.20772900383046183,0.05427163107092525,-0.002794226405143263,-3.8140714426787037,-0.006198106708778378,-0.0391703278229634,0.039657674018174896,-0.18373233509884077
1793,14.857921499999975,261.58930455521653,319.99129148570023,54.33968564795842,66.47147221474745,-3.8140790333865904,0.20772900383046183,0.05396103287411336,-0.0030673385042234713,-3.81407772431112,-0.07869169670920112,-0.03255934455231719,0.08516157612825986,-0.003254902554689845
1795,14.873039699999936,261.56554285367076,319.99474075203597,54.334749653367005,66.47218872740731,-3.814079274616714,0.20772900383046183,0.049025038282699995,-0.003783851164087082,-3.814078980637604,-0.08323142480365463,-0.032414126096885806,0.08932046599448094,-0.0006637460417620322
1796,14.884587300000021,261.5630776079489,319.99559528322385,54.33423755032901,66.47236623831972,-3.814079282657718,0.20772900383046183,0.048512935244701794,-0.003961362076495334,-3.814079231915766,-0.09190319543795027,-0.03132302337008365,0.09709443405648384,-0.0002988851823917998
1797,14.889289900000222,261.5625528492528,319.9961751269583,54.33412854272782,66.47248668868106,-3.814079284265919,0.20772900383046183,0.048403927643512645,-0.0040818124378319,-3.8140792821719134,-0.07681213593583823,-0.02004331523167834,0.07938412128695586,-2.3138056851969775e-05
1799,14.906304999999975,261.5627722392355,319.9968541461185,54.33417411639037,66.47262774065479,-3.814079284651887,0.20772900383046183,0.04844950130606662,-0.0042228644115596126,-3.8140792841821387,-0.010214229436432931,-0.01065493162778084,0.014760015276847699,-6.5195244404730244e-06
1801,14.922529700000268,261.5633409895616,319.99713118869784,54.334292262329036,66.47268529043382,-3.8140792846673257,0.20772900383046183,0.04856764724473095,-0.004280414190588999,-3.8140792845841838,0.0016134330731333699,-0.007428920702254397,0.007602106884401492,0.8359968808491837
1802,14.933100400000058,261.5636715511013,319.99715419610027,54.33436092954839,66.4726900697386,-3.8140792846678404,0.20772900383046183,0.04863631446408334,-0.004285193495377371,-3.8140792846645923,0.007350058279831101,-0.002129894615924618,0.007652438029272657,1.1821575208199562
1803,14.937796900000194,261.5640059615058,319.9971370597673,54.33443039628858,66.47268651002521,-3.814079284667943,0.20772900383046183,0.04870578120427638,-0.004281633781985761,-3.794447937011559,0.021333860494555348,-0.02240893727004674,0.03094016924927915,1.2230613065637432
1804,14.949593000000277,261.56431844594283,319.9970869993168,54.3344953083694,66.47267611101772,-3.814079284667964,0.20772900383046183,0.04877069328509265,-0.004271234774492427,-3.7740313354491875,0.030998927302066874,-0.031099406883448026,0.04391021068477219,1.2335449385558825
1807,14.969558499999948,261.5712960180457,320.0076291784256,54.335944752471484,66.47486602738218,-3.715922546386719,0.20772900383046183,0.050220137387178454,-0.006461151138950072,-3.769948015136713,0.07137162831478841,-0.02467462106098925,0.07551652966607855,1.304342631267317
1809,14.985138300000017,261.5754665907275,320.01115416129807,54.33681110138007,66.47559826856279,-3.7119962768554693,0.20772900383046183,0.051086486295766065,-0.007193392319564396,-3.7691313510742184,0.0710382941588038,-0.007047401876399958,0.07138700939386818,-0.30052392054521426
1810,14.99632210000027,261.58668433567016,320.0094490017503,54.33914135236223,66.47524405746857,-3.793662683105469,0.20772900383046183,0.05341673727792795,-0.0068391812253452144,-3.76517241498047,0.10137427839068772,0.006255645179823759,0.10156710794272183,-0.6564097699031061
1811,15.001222700000199,261.58699395989413,320.007351874461,54.33920567029384,66.47480842330586,-3.809995964355469,0.20772900383046183,0.05348105520953794,-0.006403547062632242,-3.78401197541797,0.10080359572742827,0.03610789050016978,0.10707541579630239,-0.7000062200971721
1813,15.016716800000268,261.5987179147297,320.0023248791167,54.3416410757528,66.47376417057073,-3.794284604199219,0.20772900383046183,0.05591646066849165,-0.0053592943275049265,-3.784765557835469,0.0975142715449356,0.03996059364326757,0.10538444951349223,-0.7108595334335166
1814,15.027911300000142,261.60247641471756,320.0001921206581,54.34242182521116,66.4733211347807,-3.8101203485742188,0.20772900383046183,0.056697210126856135,-0.004916258537477347,-3.7849162743189693,0.0631180104039774,0.040020529422468476,0.07473637676935685,-0.9735522294519527
1816,15.04421880000018,261.6055506652021,320.0023694904513,54.34306043620184,66.47377343763883,-3.715764188942969,0.20772900383046183,0.057335821117533214,-0.0053685613955991585,-3.7849464176156693,0.06178899236413023,0.027608549395884013,0.06767652160919259,0.10555359170410997
1817,15.048181000000113,261.60624453885913,320.0017596699761,54.3432045738854,66.47364676023899,-3.794416265522969,0.20772900383046183,0.05747995880109613,-0.005241883995765306,-3.788748049556259,0.016081396509605408,0.017365434664083777,0.023667903049736184,-0.12192964757046998
1818,15.060346499999923,261.6066240009257,320.0001881474745,54.34328339916249,66.47332030943524,-3.810146680838969,0.20772900383046183,0.05755878407818216,-0.00491543319201071,-3.7698770282881275,0.046822786487730736,-0.028112297437790888,0.05461386821775623,0.6518402547636898
1819,15.07626190000019,261.60115703782907,319.99894840405614,54.34214775236444,66.47306277876993,-3.8132927639021688,0.20772900383046183,0.05642313728013448,-0.004657902526702173,-3.7887535350936523,0.013505286904509705,-0.03413055569602287,0.03670541658246696,0.9144439346865425
1820,15.080374600000141,261.60558100750416,320.00266678851403,54.34306673917803,66.47383519506923,-3.715765242233559,0.20772900383046183,0.05734212409372219,-0.005430318826000757,-3.772897488798507,0.0031831373483315164,-0.05327987017355998,0.053374871700920735,1.1895804567329462
1822,15.097765600000002,261.5949128693655,320.0075080591698,54.34085065746975,66.47484086739983,-3.8101467229705923,0.20772900383046183,0.05512604238544583,-0.0064359911566072014,-3.750094931883228,0.006708990303497542,-0.0965285251062715,0.09676139059606631,0.9229250077763268
1823,15.108722899999975,261.59410938189217,320.0108720709448,54.34068374981733,66.47553967021473,-3.715136034047244,0.20772900383046183,0.05495913473302494,-0.007134793971502518,-3.7455344205001726,0.023827623840765075,-0.09343914848425128,0.09642940488958207,1.1606915164558118
1824,15.11290850000023,261.59459515553164,320.0146885377557,54.34078465909155,66.4763324610635,-3.696133896262574,0.20772900383046183,0.055060044007241515,-0.007927584820279776,-3.7446223182235614,-0.01128625288291444,-0.08509922115660118,0.0858443763189949,-0.8144629365698868
1825,15.126034100000197,261.5954947971837,320.0126900787749,54.340971540755724,66.47591732317022,-3.79049020698689,0.20772900383046183,0.05524692567141898,-0.007512446926995153,-3.744585834132497,0.034114713037766295,-0.05733034979739993,0.06671268735061851,-1.3660472943839672
1826,15.12929370000029,261.59624613581934,320.0149828224281,54.34112761558205,66.47639359252535,-3.711204730850503,0.20772900383046183,0.05540300049774771,-0.007988716282127939,-3.7642098849705343,0.03750596997187421,-0.03350788647385133,0.05029389863070509,-1.2062869149034756
1828,15.145575800000188,261.60405119586665,320.0086325781351,54.34274895293051,66.47507446260428,-3.8099643025152705,0.20772900383046183,0.057024337846208084,-0.00666958636105619,-3.787766042794391,0.029575345688052868,0.04084375495754457,0.05042730799477376,-2.2497423323044177
1829,15.157851299999948,261.60415305775575,320.0053624902369,54.34277011259927,66.47439517050275,-3.8132562882374295,0.20772900383046183,0.05704549751496302,-0.005990294259518691,-3.772851193880068,0.010156557802533286,0.03158667184168021,0.033179413865078944,-2.250769251521269
1830,15.16118140000026,261.6039038650249,320.0024392553717,54.34271834804153,66.47378792983623,-3.813914685381861,0.20772900383046183,0.0569937329572241,-0.005383053593007503,-3.7894995717534536,-0.0031397665858661225,0.06440571398289154,0.06448220008544801,-1.0468135037614221
1832,15.177185700000337,261.5975202977164,320.0035685148621,54.34139229596365,66.47402250978524,-3.715915962415275,0.20772900383046183,0.05566768087934548,-0.005617633542016165,-3.7895372616059717,-0.022336932486099,0.0645152672708714,0.06827267582218025,-1.742915610389391
1833,15.189594800000123,261.59640918819866,320.0024943015671,54.34116148629038,66.47379936452757,-3.79444662021743,0.20772900383046183,0.05543687120607643,-0.005394488284338195,-3.7895447995764755,0.0009442143257268852,0.06276663104345881,0.06277373266931476,-2.3789158057913746
1834,15.194708900000023,261.5964976217567,320.0004862462902,54.341179856505306,66.47338223320527,-3.8101527517778613,0.20772900383046183,0.05545524142100078,-0.004977356962044155,-3.8147433119810725,0.010277598261285353,0.03576822344896888,0.037215518735008155,-1.435013828569497
1835,15.205212400000164,261.6024706578806,319.9981302895999,54.34242062934916,66.47289283266892,-3.8132939780899475,0.20772900383046183,0.05669601426485116,-0.004487956425691664,-3.835382600133507,0.02603734949266585,0.04405884161250499,0.051177388491784416,-1.4445982137806554
1837,15.219962500000292,261.6046805544232,319.99476763406676,54.34287968895653,66.4721943115848,-3.939907247404848,0.20772900383046183,0.05715507387222374,-0.0037894353415737214,-3.839510457763993,0.011299061456686351,0.046189944439203906,0.04755186386566482,-1.4521697199595984
1839,15.235742300000311,261.604372353377,319.9927321354544,54.342815666660215,66.47177147948575,-3.819112403177444,0.20772900383046183,0.057091051575909546,-0.003366603242525912,-3.8403038173316304,0.02256251295929179,0.03283815890781268,0.039842335166164235,-0.16683259680456003
1840,15.239867400000094,261.6025396215474,319.99216344157844,54.342434955102966,66.47165334527342,-3.815085908369864,0.20772900383046183,0.05671034001866104,-0.003248469030197043,-3.840462489245157,-0.023401642153505008,0.002559644017438939,0.02354121137445381,0.243705244625144
1842,15.256650700000137,261.60737994827053,319.9909672005723,54.343440431351375,66.47140485132087,-3.814119549616045,0.20772900383046183,0.0577158162670699,-0.0029999750776426026,-3.815297218817366,-0.04253434737626936,-0.011955662120838213,0.04418267266104211,0.30673654090124375
1843,15.268128300000171,261.60120869556374,319.9967576082486,54.34215848317421,66.47260768693924,-3.8140873376575843,0.20772900383046183,0.05643386808990414,-0.004202810696014581,-3.814290659539388,-0.04431880262540641,-0.015202927546323096,0.0468538714742814,0.7237037951509602
1844,15.27383060000011,261.5994370005511,319.997449900109,54.341790450734145,66.47275149603776,-3.8140808952658922,0.20772900383046183,0.05606583564983936,-0.004346619794532103,-3.814089347683792,-0.030862521538235134,0.02899543590596086,0.042346552859408894,0.8811843686592682
1845,15.28348350000033,261.59883385951275,319.99695921574994,54.34166516084707,66.47264956666466,-3.8140796067875535,0.20772900383046183,0.05594054576276619,-0.004244690421430164,-3.794449949614884,-0.044181662844941676,0.011047159714199286,0.04554183867055795,0.5951987949290478
1846,15.288728100000299,261.5982024223977,319.99065673508983,54.34153399304419,66.47134035863547,-3.8140793490918856,0.20772900383046183,0.055809377959882056,-0.0029354823922460582,-3.7905220700011024,-0.021965814604878016,0.030485252876720232,0.037574561264417335,0.5797082377145625
1847,15.300032099999953,261.5978385694666,319.9947344962725,54.341458410237266,66.4721874279038,-3.7159225592715024,0.20772900383046183,0.0557337951529604,-0.0037825516605778375,-3.7897364940783462,-0.008527949656849606,0.037825114874712636,0.03877454371923632,0.5740441233522751
1848,15.315368000000035,261.597793382601,319.99529617289625,54.34144902361469,66.47230410442933,-3.7944479395886757,0.20772900383046183,0.05572440853038785,-0.00389922818609989,-3.789579378893795,-0.0249103579322449,0.035770010195358894,0.04358921382278689,-0.2301630379027518
1849,15.31986790000019,261.59785075043544,319.9950474929311,54.34146094057779,66.4722524463879,-3.8101530156521104,0.20772900383046183,0.05573632549348417,-0.0038475701446714083,-3.789547955856885,-0.02664598300562002,-0.010149223033436832,0.028513420323037983,-1.909869055400643
1850,15.33186169999999,261.59237192833154,319.99503109930697,54.34032283031998,66.4722490409567,-3.8132940308647973,0.20772900383046183,0.05459821523567143,-0.003844164713470377,-3.813373357030092,-0.005482344364691253,0.007765283553540248,0.009505563023826867,-1.7469443274780252
1851,15.335226800000328,261.5918261974149,319.99470656633065,54.340209466180305,66.47218162604482,-3.8139222339073346,0.20772900383046183,0.05448485109599943,-0.003776749801588153,-3.839114999764734,0.021906417905638974,0.012024079445609879,0.02498939038813948,-1.7009663229739014
1853,15.351608100000249,261.5996436325777,319.99355229333025,54.34183337419918,66.47194185006428,-3.8350495651375436,0.20772900383046183,0.05610875911487767,-0.003536973821056222,-3.8246319806554125,0.027327217034227504,0.011762075634315142,0.029751020386923267,-0.5766399032420049
1854,15.363670500000353,261.60756013910145,319.9927575801685,54.34347786221318,66.47177676509087,-3.9231561532618837,0.20772900383046183,0.057753247128871976,-0.0033718888476386155,-3.8217353768335482,0.04518817370712715,-0.005806076410362765,0.0455596484432054,-0.48746206377768964
1855,15.36726120000003,261.6080744219824,319.99258179006165,54.343584693683724,66.47174024838709,-3.737737920105502,0.20772900383046183,0.05786007859941833,-0.0033353721438658113,-3.8015247084129253,0.07335577626005059,-0.09165022521786889,0.11739179568096185,3.461230466452366
1856,15.380352399999992,261.60772234084715,319.9980996711482,54.343511556220236,66.47288647232845,-3.7988110117554754,0.20772900383046183,0.05778694113593019,-0.004481596085227579,-3.8216928441761007,0.09867441272520724,-0.08819324449346076,0.13234306971257653,3.135296598716415
1857,15.383376600000247,261.6092822697821,320.00405677813865,54.34383559870394,66.47412393622929,-3.7128688918042205,0.20772900383046183,0.05811098361963474,-0.005719059986063257,-3.785118561172485,0.08409667382023556,-0.10381641245960482,0.13360425907735832,3.438223214532351
1859,15.39989659999992,261.6272334316563,320.00151812077723,54.347564575677666,66.47359658346454,-3.935890243953419,0.20772900383046183,0.06183996059336039,-0.005191707221314346,-3.7974350522280123,0.040520306158000875,-0.033112198371906806,0.05232889156248804,2.54431913024638
1860,15.411648600000262,261.63082264014065,320.0051631605654,54.348310158380656,66.47435376394866,-3.740284738243809,0.20772900383046183,0.06258554329635047,-0.005948887705429229,-3.7768130183487325,0.01985417584562685,-0.03576538330853593,0.04090661244487954,3.435103722187285
1861,15.415206900000157,261.62760006921485,319.9989333072312,54.34764073693247,66.47305964272152,-3.799320375383137,0.20772900383046183,0.06191612184816364,-0.004654766478296324,-3.7726886115728764,-0.011356175987571987,0.04733605808500185,0.048679206321461076,0.6439901326334313
1863,15.431980400000157,261.6188053113328,320.00707444498323,54.345813810638695,66.4747507931568,-3.695700842359076,0.20772900383046183,0.060089195554390074,-0.006345916913574001,-3.7238217749898155,-0.0764804574082306,0.02137280772490277,0.0794106874130796,1.1261216232556532
1864,15.45064900000034,261.6144104953137,320.0065064652497,54.34490087988503,66.47463280729256,-3.6922468579249403,0.20772900383046183,0.05917626480072613,-0.0062279310493380535,-3.758577060985609,-0.10828335687308577,0.07117412084631347,0.1295802487030708,0.4148093295060353
1865,15.458264300000337,261.6107483147464,320.0100952442421,54.34414013876394,66.47537830077762,-3.6915560610381135,0.20772900383046183,0.05841552367963487,-0.006973424534393757,-3.7458967705285175,-0.08382284959632263,-0.02338730869023306,0.08702434327370691,-0.4214745356443011
1867,15.469669200000226,261.6055011764099,319.99996147339505,54.34305015594434,66.47327322265451,-3.9140611682227746,0.20772900383046183,0.05732554086003461,-0.004868346411285529,-3.766446044527484,-0.026284488158658234,0.0659379753955886,0.07098373698976332,-3.203597217610919
1868,15.476390900000297,261.60337114371185,320.00349226043863,54.342607686373846,66.47400666952981,-3.7359189230976804,0.20772900383046183,0.05688307128954051,-0.0056017932865870534,-3.7867612037663276,0.022815840251509394,0.07612632686851167,0.07947188313406119,-2.361009941063408
1869,15.480452900000273,261.60686695584985,319.9967303038792,54.34333386794685,66.47260201502978,-3.7984472123539113,0.20772900383046183,0.05760925286254803,-0.004197138786551591,-3.8314321457703464,0.04223453844083998,0.10262441349449959,0.1109753417764542,-2.579067738511529
1871,15.495591500000046,261.62119448930605,319.99255725593093,54.346310112199056,66.47173515193656,-3.7938226541191566,0.20772900383046183,0.06058549711475081,-0.003330275693329554,-3.7958376808587446,0.05651662982017968,0.02065980704726881,0.060174388849921864,-1.2382379684583515
1872,15.507976100000178,261.62102738209217,319.9904946606624,54.34627539918398,66.47130669107612,-3.9149107710582065,0.20772900383046183,0.06055078409967507,-0.002901814832895866,-3.7887187878764244,0.08682225461400399,0.023107795991878434,0.08984472233727037,-0.6202680981391532
1873,15.512271000000055,261.62052784161676,319.9951517413375,54.346171630138656,66.47227410180551,-3.7360888436647666,0.20772900383046183,0.06044701505435057,-0.003869225562283418,-3.7676636616237102,0.05025205641224201,-0.04617662054973417,0.06824624135476828,2.04844534715402
1874,15.523896100000002,261.6253239159706,320.00057321365466,54.34716791388648,66.47340029884926,-3.7003244581860786,0.20772900383046183,0.061443298802174695,-0.004995422606029365,-3.7668786795903677,-0.08267210580219418,-0.05035495862071478,0.09680030441823562,2.8629315682283227
1875,15.540940500000033,261.62498942625825,320.00062395526913,54.347098430671736,66.47341083935427,-3.693171581090341,0.20772900383046183,0.06137381558743016,-0.00500596311104573,-3.7268875823303462,-0.1035495341678014,-0.03495531832878468,0.10929034863992035,2.569205525525558
1876,15.545051300000068,261.6157276422091,319.9999042187977,54.34517448949751,66.47326132921405,-3.7898977439524435,0.20772900383046183,0.05944987441320393,-0.004856452970827263,-3.700481159753342,-0.09638327646196955,-0.006462390354414127,0.09659968152451269,1.175126973992679
1878,15.561106200000268,261.6074431674574,319.9912793377715,54.34345356381009,66.47146969127033,-3.714955284758098,0.20772900383046183,0.05772894872578149,-0.003064815027101986,-3.714831222894191,-0.0031833346958985292,0.01582875309208852,0.016145681906826147,2.004774387513759
1879,15.572636700000203,261.60809095543857,319.99587433883744,54.343588128162104,66.47242420626435,-3.604056730779745,0.20772900383046183,0.057863513077798245,-0.004019330021122869,-3.738676727523495,0.01754421761734427,0.036774667579205354,0.04074525429256505,1.3398969430398875
1880,15.576162100000147,261.6174539522385,319.9956269099047,54.34553309416023,66.47237280809863,-3.772074773890324,0.20772900383046183,0.0598084790759259,-0.003967931855399343,-3.723814480793106,0.10069314162715015,0.011020935216404664,0.10129447064765928,-0.6224870846634754
1882,15.592402900000252,261.6252379057063,319.9874872256923,54.34715004705995,66.47068195960568,-3.8123991042368632,0.20772900383046183,0.06142543197564265,-0.002277083362457688,-3.7396995698003814,0.13847003229877128,-0.06804028271431223,0.15428360222870835,-0.8030105340213287
1883,15.604753500000243,261.6221297889266,319.99298081521215,54.346504401057516,66.47182313748411,-3.715586510300498,0.20772900383046183,0.06077978597321021,-0.003418261240881293,-3.7815464921390385,0.13422871154944213,-0.06771205488085025,0.15034051144123,-0.13540937962462968
1884,15.60941240000011,261.6239620126613,319.99934383661554,54.34688500706872,66.47314492158158,-3.794380729794475,0.20772900383046183,0.061160391984415696,-0.004740045338351706,-3.7899158766067695,0.028606569193797823,-0.0827705468607201,0.0875745352751712,-0.9675748857832468
1886,15.624610900000334,261.623264288389,320.005280492474,54.34674006950069,66.47437813718915,-3.813291342473029,0.20772900383046183,0.061015454416384785,-0.005973260945921766,-3.7706142614991816,-0.005003729533476435,-0.15827319153092353,0.15835226700817576,0.4459050021570957
1887,15.6376865000002,261.624749177566,320.00910210554036,54.34704852405022,66.47517199706445,-3.813921696228981,0.20772900383046183,0.06132390896591744,-0.006767120821223216,-3.7698959626686737,-0.01016442359824283,-0.142945902860352,0.1433068269540768,1.1835799705902763
1888,15.640934000000016,261.62367844429383,320.0133762954281,54.34682610169423,66.47605987027201,-3.7158910286989215,0.20772900383046183,0.061101486609921096,-0.007654994028783335,-3.7501209552463215,-0.030481539114411538,-0.09720835526543858,0.10187535796351894,1.5586206540604006
1890,15.656651700000111,261.6177705674412,320.0145689286205,54.34559886432088,66.476307614777,-3.711995016147957,0.20772900383046183,0.059874249236571586,-0.007902738533772435,-3.745403685418177,-0.0096963639375331,-0.0776887420370402,0.07829150728467851,1.1034668766927136
1891,15.668628400000216,261.6166237331689,320.0177413532489,54.345360633579936,66.47696661938478,-3.695505692682717,0.20772900383046183,0.05963601849563105,-0.008561743141555667,-3.7444602314525484,0.025386372069029474,-0.08812361189164955,0.09170735444694322,-0.8334877018283993
1893,15.684210400000211,261.6237040071268,320.0165068600908,54.34683141183605,66.47671017935082,-3.789704993332309,0.20772900383046183,0.06110679675174424,-0.00830530310759059,-3.7601326142489704,0.04009831717664973,-0.028676148183497927,0.04929702338925885,-2.386712645330095
1894,15.688426500000332,261.6277430183833,320.0187980407063,54.34767043162083,66.47718612401768,-3.8092044264008367,0.20772900383046183,0.06194581653652165,-0.008781247774450662,-3.800732976773496,0.06392697241189557,-0.012485292732859709,0.0651347859164092,-2.8987150531075123
1896,15.704976500000157,261.62814690251616,320.01689905967305,54.347754330069414,66.47679165057934,-3.794252942681034,0.20772900383046183,0.06202971498510834,-0.008386774336116787,-3.828484396934651,0.07734460716105158,0.08490615073575768,0.11485313530618393,-2.3164231843283463
1897,15.716773000000103,261.63047880326576,320.013196932887,54.348238733489154,66.47602261147003,-3.914996828770582,0.20772900383046183,0.06251411840484877,-0.007617735226801869,-3.855143158054604,0.06538088344367722,0.10082866269761932,0.12017104119240209,-2.132485744731942
1898,15.721555099999932,261.6315653184922,320.00325345685457,54.3484644342148,66.47395706309919,-3.8342627934884916,0.20772900383046183,0.06273981913049198,-0.005552186855965147,-3.8408435626223447,0.054316580534409284,0.1551445873429483,0.16437802134946353,1.7059013123334925
1899,15.732126700000208,261.63332467923243,319.9983643285691,54.34882990446874,66.47294144935086,-3.9229987989320736,0.20772900383046183,0.06310528938443127,-0.004536573107628783,-3.841753917602594,0.07381428140942205,0.17856834280564376,0.19322319009979952,2.5076591682800538
1900,15.736303300000145,261.636213555062,319.9951736627087,54.349430007767005,66.47227865551011,-3.73770644923954,0.20772900383046183,0.06370539268269937,-0.0038737792668825932,-3.8018168645891364,0.07049701052134366,0.1833992499607038,0.1964818398188371,3.1956081539322025
1901,15.74847520000003,261.6422229444296,319.986914448392,54.35067833223396,66.47056297714768,-3.798804717582283,0.20772900383046183,0.06495371714965614,-0.0021581009044524535,-3.7734324038698146,0.008498334759601031,0.07242367007051559,0.07292057103567647,2.379052347807494
1903,15.771065599999929,261.644884798895,319.9771980526827,54.351231276610406,66.46854459994617,-3.715311563703292,0.20772900383046183,0.06550666152610063,-0.00013972370294368375,-3.7467789492259502,0.020219512123802217,0.04836474137633717,0.052421149156848576,2.345328059758187
1905,15.784154899999976,261.62832562463797,319.9849449649626,54.347791455837736,66.47015385831683,-3.692340489891882,0.20772900383046183,0.06206684075343105,-0.001748982073607408,-3.761079605953427,0.0505457197345419,0.014997408129169807,0.0527237331196848,-0.4042368620554593
1906,15.795994500000234,261.63363627676495,319.98632565774454,54.348894632313765,66.47044066825302,-3.7897315257127513,0.20772900383046183,0.06317001722946003,-0.0020357920097922033,-3.764095562956236,0.0769801290883112,-0.010281313891382161,0.07766367033424433,-1.3597920899469704
1907,15.800711900000351,261.64034266294124,319.9865106136549,54.350287743233466,66.47047908896003,-3.8092097328769254,0.20772900383046183,0.06456312814916032,-0.0020742127168063007,-3.783841315866306,0.08968034948527207,-0.013132483460901618,0.09063678726461674,-1.3953935062712535
1909,15.816132599999946,261.65776776958324,319.9854297252431,54.35390744327785,66.47025455708699,-3.813884502596327,0.20772900383046183,0.06818282819354238,-0.0018496808437618029,-3.8215574155139582,0.15633275186342838,-0.019772197583867567,0.15757813649896918,-0.8928635869569859
1910,15.82819840000002,261.6628779165169,319.9810681246702,54.3549689690098,66.46934852614488,-3.8140403282536406,0.20772900383046183,0.0692443539254981,-0.0009436499016572952,-3.809469287787239,0.1484680071443037,-0.015580992328762798,0.14928334289983586,0.3201161319203627
1912,15.844578900000215,261.6684344931954,319.99338081418836,54.35612323114793,66.47190622887297,-3.880920988130146,0.20772900383046183,0.07039861606362763,-0.003501352629740495,-3.786207273777237,0.09269179190207155,-0.02739602404214872,0.09665562797548277,1.2189049880783158
1913,15.848793600000135,261.6695271413653,319.99344713225804,54.356350205863805,66.47192000505952,-3.7292908870791543,0.20772900383046183,0.0706255907794997,-0.003515128816289348,-3.7617191760293367,0.023431192353241172,-0.04051514338424771,0.04680275225390851,2.161056316374454
1915,15.864683799999966,261.6707841212621,319.9985890877339,54.356611317045605,66.47298813834826,-3.6928996628269166,0.20772900383046183,0.07088670196129954,-0.004583262105029462,-3.756821556479757,-0.010803398251843278,-0.05454941804228992,0.05560892394697487,2.083127895876089
1917,15.879686700000093,261.66272593323805,320.00227502293944,54.35493739767469,66.4737538139967,-3.691444013856827,0.20772900383046183,0.06921278259038388,-0.005348937753467453,-3.7228407859645825,-0.029791777244843783,-0.009045266527865598,0.031134656541650135,2.59985969734265
1918,15.891814000000068,261.6578689833095,320.0019878231177,54.35392846830439,66.47369415426382,-3.7895522305057403,0.20772900383046183,0.06820385322008349,-0.005289278020597976,-3.715416351101936,-0.03548193797624473,-0.030554559373346887,0.04682466253001145,1.2242240408671523
1919,15.896485900000243,261.6573185031516,320.0003825148615,54.35381411760955,66.47336068517892,-3.7110171355542736,0.20772900383046183,0.06808950252524681,-0.004955808935690698,-3.69671117058243,-0.03578741885006711,-0.04720105164232109,0.0592341001796364,1.1260648512341123
1921,15.91140970000015,261.65914347212083,320.00834376191517,54.35419321659555,66.47501446709862,-3.6921687127659215,0.20772900383046183,0.0684686015112419,-0.006609590855390479,-3.7126500037671155,-0.00943559079238089,-0.030064177762957837,0.03151008026273484,0.6579253972576818
1923,15.928869300000315,261.6603962198152,320.0209892432984,54.35445344862615,66.47764130034932,-3.5993737602293874,0.20772900383046183,0.06872883354184722,-0.009236424106092045,-3.715837770404052,0.02341166637486728,-0.04337104211455217,0.049286442522770396,-1.4878506502979372
1924,15.94091380000009,261.6615666452858,320.01898022098084,54.354696579943216,66.47722396814461,-3.7711381797802526,0.20772900383046183,0.06897196485891044,-0.008819091901386855,-3.7167501468027213,0.0464489722046028,-0.04839362991341949,0.06707794298471721,-2.6275082606257696
1925,15.945007900000292,261.6631638781183,320.020194579171,54.355028371528405,66.47747622556176,-3.805491063690426,0.20772900383046183,0.06930375644409992,-0.00907134931853193,-3.758168812998317,0.04885328043006007,-0.012562319124633932,0.05044258984793736,-2.184014726586325
1927,15.96077460000015,261.67004881660114,320.01668307489444,54.35645857294087,66.47674678427644,-3.7155790175476175,0.20772900383046183,0.070733957856568,-0.008341908033216328,-3.78488588059282,0.04498191959638047,0.01511945906630316,0.04745493792044042,-1.8544150988871368
1928,15.973204800000076,261.67228820512685,320.0125936202861,54.356923758888506,66.47589728594444,-3.8992620437438985,0.20772900383046183,0.07119914380420056,-0.007492409701214342,-3.770597946455471,0.03190766952929345,-0.009155951946847131,0.03319534351145617,-1.6241240455222572
1929,15.98873279999998,261.6719554130981,320.01349386405593,54.35685462833189,66.47608429268595,-3.732959098201905,0.20772900383046183,0.07113001324758272,-0.007679416442726961,-3.7478429272588842,0.009237464525537397,0.00954879842958059,0.01328571798245479,0.9011248161021339
1930,15.993218999999954,261.6709795759308,320.0153668742171,54.35665191864923,66.47647337122089,-3.699698509093506,0.20772900383046183,0.07092730356492183,-0.008068494977663931,-3.7430171003482853,-0.01240773870562133,-0.006493409107078756,0.014004154441410128,1.0425840727569833
1932,16.009784800000034,261.6684029745943,320.012822230786,54.35611668382033,66.47594477497584,-3.6917159677074904,0.20772900383046183,0.07039206873602666,-0.007539898732616734,-3.7014440248099154,-0.031158754038774578,0.01234715096320375,0.033515967689401335,0.7125579705970484
1933,16.0212475000003,261.66743643700795,320.01469542586057,54.35591590593035,66.47633389192266,-3.6914498829946236,0.20772900383046183,0.07019129084604714,-0.007929015679437157,-3.712760331622951,-0.018133657891235277,0.022667908442424507,0.02902866896139917,0.4104161688277173
1934,16.02576790000012,261.6662106107168,320.0111582925003,54.35566126625602,66.47559912673331,-3.69139666605205,0.20772900383046183,0.06993665117171588,-0.007194250490087484,-3.715023592985558,-0.008352531975616077,0.03563046325914959,0.036596375537275516,0.1949504604659212
1936,16.041637400000127,261.6708457742538,320.0081360529492,54.356624124160156,66.47497131992205,-3.7895406322670824,0.20772900383046183,0.07089950907585063,-0.006566443678821088,-3.7157423299709462,-0.012246568795464732,0.05277244755062202,0.05417480657782917,-1.0099792790463706
1937,16.052788299999975,261.6710454889736,320.00931245562015,54.356665610699956,66.47521569287697,-3.711014815906542,0.20772900383046183,0.07094099561565059,-0.006810816633745276,-3.715760436061847,0.006418919541863025,0.04879286810792862,0.04921327571176937,-0.6213712988904782
1938,16.058372800000143,261.6696534620871,320.0061504405652,54.356376446341514,66.47455885063951,-3.6953096526344336,0.20772900383046183,0.07065183125720864,-0.006153974396283957,-3.73539037928403,0.029384399622499963,0.023407459240865177,0.037567966264991516,-0.7471343030306864
1940,16.074803800000154,261.67565003327496,320.0104094269494,54.35762210810076,66.47544356563844,-3.6915404134491276,0.20772900383046183,0.07189749301645776,-0.0070386893952161245,-3.719685446007757,0.017299380678516274,0.03122786524054562,0.0356994137114589,-1.1502719745431658
1942,16.08940359999997,261.6797613149459,320.0079061433836,54.358476140546735,66.474923561037,-3.7895463821629654,0.20772900383046183,0.07275152546242936,-0.0065186847937752646,-3.7361758070087525,0.005196080533911808,0.02161449318363424,0.02223028493970035,-1.334919658870043
1943,16.10052910000013,261.67977461828724,320.0036931496154,54.35847890403658,66.47404840003838,-3.7110159658857182,0.20772900383046183,0.0727542889522752,-0.0056435237951575346,-3.7591052268652017,0.030331825367411025,-0.011467764544915821,0.032427291804539383,-0.3527482322375445
1944,16.10562340000024,261.67838176492336,320.0054093713882,54.35818956799482,66.4744049090776,-3.7934666209115186,0.20772900383046183,0.07246495291051502,-0.006000032834378999,-3.7638167521426684,0.043006347031045944,-0.01969180812334507,0.047300245159210254,-0.4290576371531841
1945,16.116740200000095,261.68233653009804,320.00796702790564,54.35901108742494,66.47493620851812,-3.809956751916679,0.20772900383046183,0.07328647234063368,-0.006531332274889223,-3.7483001350287672,0.04145703919729445,-0.021667552959616296,0.04677786816715556,-0.19508917367159515
1946,16.122144200000093,261.68595736250495,320.0104374967225,54.359763239333866,66.47544939654443,-3.715098039836461,0.20772900383046183,0.07403862424956031,-0.007044520301207058,-3.745196811605987,0.04769144603446787,-0.045484160545430176,0.0659035878035561,0.8905628729657354
1948,16.13752620000014,261.68971529169954,320.0085316007473,54.36054387022192,66.4750534866721,-3.711963296593459,0.20772900383046183,0.07481925513761212,-0.006648610428868551,-3.7445761469214314,0.034889962156808466,-0.0073738533304016675,0.03566066701902536,1.9834113548807668
1949,16.1486345000003,261.69139549772956,320.0106930808509,54.360892897746766,66.47550248878082,-3.695499348771817,0.20772900383046183,0.07516828266246023,-0.007097612537592113,-3.7071713747930057,0.014625860094877362,-0.02160626563275513,0.026091119142499453,1.805933907570655
1950,16.15385520000018,261.6883594335144,320.00766289423615,54.360262219151785,66.47487303113392,-3.7903632974887387,0.20772900383046183,0.07453760406747989,-0.0064681548906975195,-3.68347263229966,-0.02318388775030393,-0.04323807371724399,0.04906142751690495,1.466530735653242
1952,16.169408400000066,261.68630630858877,320.01656932395616,54.359835725556245,66.47672315490735,-3.6229328912745498,0.20772900383046183,0.07411111047193941,-0.008318278664120271,-3.6755654839663823,-0.03539809392887363,-0.05235213446837719,0.06319628974229743,1.7431887979650789
1954,16.18548490000012,261.6824472143552,320.0322893974445,54.35903407975542,66.47998867011322,-3.5966043273697323,0.20772900383046183,0.07330946467111232,-0.011583793869988313,-3.693615401955977,-0.012949051584264081,-0.037773279172915744,0.039931172740190875,0.41774909245639025
1955,16.19673869999997,261.681888048706,320.0333637922322,54.358917924832134,66.48021185307219,-3.6724275549270717,0.20772900383046183,0.073193309747829,-0.011806976828964366,-3.677594037897646,0.010394162183890616,-0.05789147804928795,0.05881718998928979,-1.1892514671738854
1956,16.201169800000116,261.6849526029968,320.0326710872182,54.359554521642146,66.48006795814969,-3.7857489387197893,0.20772900383046183,0.07382990655784027,-0.01166308190646248,-3.692039056621244,0.02031935249188917,-0.03070164798672942,0.03681667115303459,-1.6246980355065457
1957,16.21225170000025,261.684734549675,320.03160527180455,54.359509225642825,66.47984655737554,-3.710256477197083,0.20772900383046183,0.07378461055851915,-0.011441681132311032,-3.7307771960898743,0.10569928530752701,0.07588348236003889,0.13011779974165075,0.02200562916411042
1958,16.228657699999985,261.6864882028484,320.0302630733222,54.3598735102696,66.47956774382186,-3.6951579848925418,0.20772900383046183,0.07414889518529577,-0.011162867578633495,-3.75815617163985,0.1216193294054248,0.0873361688345274,0.1497293146705691,-0.5384776014564376
1959,16.233237200000076,261.69480015129807,320.02299240407274,54.36160014304094,66.47805741494149,-3.7902950247128837,0.20772900383046183,0.075875527956633,-0.009652538698261992,-3.7255924159685954,0.09704316439255466,0.03664096102946297,0.10373011028858985,-0.07298139598458142
1960,16.244340600000214,261.6985031994456,320.0209916312916,54.362369373543764,66.47764179640477,-3.809322432676952,0.20772900383046183,0.07664475845945873,-0.009236920161541207,-3.740901514937087,0.12449756978661958,0.03511635623822883,0.1293553375714524,0.6160949909176499
1961,16.248560400000315,261.69892542144345,320.02548106211975,54.36245708129877,66.47857438139846,-3.6229301603635156,0.20772900383046183,0.07673246621446594,-0.010169505155232628,-3.744836208734895,0.14560018415200757,0.023617993789654824,0.14750329913512678,0.9479051699714722
1963,16.26422380000031,261.70896794931383,320.02454941452703,54.36454320560922,66.4783808511721,-3.786801972039541,0.20772900383046183,0.07881859052491791,-0.009975974928877918,-3.7456231474944564,0.08646757178341126,-0.04118251837149627,0.09577390453321827,-1.0892597927806884
1965,16.280303000000004,261.7188538775694,320.0276840881638,54.3665967996377,66.47903201380402,-3.714831453881582,0.20772900383046183,0.0808721845533924,-0.010627137560788924,-3.745780535246369,0.06361498866908422,-0.03833166345108607,0.07427101188414657,-0.14008407740663842
1966,16.29272489999994,261.7237198170486,320.0273372818066,54.367607596398415,66.4789599720649,-3.7942297185106915,0.20772900383046183,0.08188298131410932,-0.010555095821672467,-3.783978600801408,0.0301309018113661,0.010963002626073188,0.032063354012727245,-0.16735263298335312
1967,16.29693690000022,261.7228077008442,320.0262892765063,54.367418123407894,66.47874227096787,-3.8101093714365133,0.20772900383046183,0.08169350832358901,-0.0103373947246439,-3.7697963638096734,-0.021400396380602607,0.029375071098822057,0.03634379957169806,-0.21942417249430704
1969,16.3118343000001,261.7122916464639,320.0244625988246,54.36523363390724,66.47836281703272,-3.8139204881387108,0.20772900383046183,0.07950901882293238,-0.009957940789490749,-3.785718390063467,-0.01772627420238304,0.11435938258803778,0.11572505857857783,0.7189802015469445
1970,16.32411000000002,261.7049360097605,320.018292163378,54.36370565482231,66.4770810386242,-3.7158907870808675,0.20772900383046183,0.07798103973800607,-0.008676162380979235,-3.7895312016987828,-0.039507998843281794,0.1437530046225928,0.14908322612092864,1.61755013093022
1971,16.328134500000033,261.7077662900378,320.0108444031492,54.36429358612487,66.4755339228111,-3.7944415851505484,0.20772900383046183,0.0785689710405677,-0.007129046567868613,-3.7706875526249783,-0.016450867801677184,0.14272969318925705,0.1436746197813925,1.002906581248688
1973,16.34472870000036,261.70556656988515,319.998640726857,54.36383664044886,66.47299886529186,-3.813293776687272,0.20772900383046183,0.07811202536455397,-0.00459398904862951,-3.7471604379305608,0.005377440726238339,0.12667949574754075,0.126793578353225,1.232358476939564
1975,16.360739800000374,261.71098519394303,319.9950513064149,54.36496224582653,66.47225323855909,-3.715891126067491,0.20772900383046183,0.07923763074222734,-0.003848362315864051,-3.742455014991677,0.029917751208827146,0.07568411476771035,0.08138278113683035,0.5223165776017458
1976,16.372731100000237,261.70882082241155,319.9982135101975,54.36451264308438,66.47291012000076,-3.6962849146666237,0.20772900383046183,0.07878802800007634,-0.004505243757535027,-3.7415139304039005,-0.003502782991247526,-0.012718495798780888,0.013192028807858936,-0.809758241524263
1977,16.37713759999997,261.70878326956773,320.00140732042047,54.36450484226954,66.4735735670168,-3.69236367238645,0.20772900383046183,0.07878022718523425,-0.005168690773572848,-3.758526579989139,0.017912499277280038,-0.04146578640456679,0.04516933774705706,-1.3979188674978331
1978,16.38876909999999,261.7076065839935,320.00463192043713,54.36426041054738,66.47424340996602,-3.789736162211665,0.20772900383046183,0.07853579546307543,-0.0058385337227946366,-3.7815353213070546,-0.009415612039419584,-0.06468703825437602,0.06536869792339427,-2.4257173475208296
1980,16.40468039999996,261.7136990595709,320.00394016031055,54.36552599442994,66.47409971132403,-3.8983570246134667,0.20772900383046183,0.07980137934563203,-0.005694835080802818,-3.8057684172268877,0.00824846665686996,-0.02223025654587691,0.02371121060353095,-2.524896185255973
1981,16.409732500000246,261.7120856535646,320.00563134134717,54.36519084320748,66.47445101867606,-3.8309348326570687,0.20772900383046183,0.07946622812317372,-0.006046142432836632,-3.8302463840671046,0.0552681793078685,-0.0010050050218929352,0.05527731613510857,0.3532132333446838
1982,16.421460900000056,261.71495531231693,319.9967386458837,54.36578695456143,66.47260374790606,-3.817450394265789,0.20772900383046183,0.0800623394771236,-0.004198871662836723,-3.835141977435148,0.07406165421149713,-3.959746561006672e-05,0.07406166479699638,0.46645983084323905
1983,16.42529880000029,261.71926617182925,319.99755960043575,54.366682445113575,66.47277428397736,-3.814753506587533,0.20772900383046183,0.08095783002926993,-0.004369407734131414,-3.79472989101362,0.06566084252779196,-0.014785849093345597,0.06730503380038289,0.7378293367478536
1984,16.437100699999974,261.7234109033089,320.00055719747223,54.367543426054986,66.47339697182363,-3.814214129051882,0.20772900383046183,0.081818810970681,-0.004992095580405476,-3.811393082378503,0.08772141671467111,0.0006776608884838963,0.08772403419080065,1.4463464806559396
1986,16.45715700000028,261.7270350045769,320.0068040051399,54.36829625700118,66.47469461495756,-3.6962965925058255,0.20772900383046183,0.08257164191687139,-0.006289738714329474,-3.8147257206514795,0.0809256497442248,0.00527552962192622,0.08109742288948997,1.5149780154318153
1988,16.473773300000175,261.73055168729775,320.0061816284951,54.369026773999565,66.47456532927713,-3.9142507894814833,0.20772900383046183,0.08330215891525938,-0.006160453033899671,-3.836368810806075,0.05923243553779368,0.0635965976858803,0.08690804713580094,-1.7233517721125922
1989,16.485141399999975,261.73147367621897,319.9963040130808,54.36921829783971,66.4725134620669,-3.834113585630672,0.20772900383046183,0.08349368275540314,-0.0041085858236726835,-3.8372129593108326,0.06630527497275547,0.058297488636333376,0.08828922171203081,-1.1875977081662603
1990,16.489332699999977,261.73399299180863,319.9913169090319,54.36974163275749,66.47147749591082,-3.9229689573605095,0.20772900383046183,0.08401701767318315,-0.0030726196675914252,-3.8609437212195687,0.08592566989351033,0.05751747729853725,0.10339961770449761,-1.0798702106823752
1992,16.505119299999933,261.7422246596443,319.9973401498321,54.371451588916855,66.47272869772208,-3.8184348715756706,0.20772900383046183,0.0857269738325499,-0.004323821478848799,-3.8409442649521277,0.12979267165504405,0.07692930555073392,0.15087828096804476,0.12027796923430101
1993,16.515873000000283,261.74924635045795,320.0008914339424,54.37291019775478,66.47346640243262,-3.8149504020495093,0.20772900383046183,0.08718558267047172,-0.005061526189393817,-3.836938798547397,0.14783516136575503,0.05730809213476282,0.1585542568339472,0.14539916482014986
1994,16.520508300000074,261.75512164620824,319.99855202108324,54.374130667088195,66.47298043852985,-3.8142535081442768,0.20772900383046183,0.08840605200389007,-0.004575562286618151,-3.815161142766452,0.13647678592195917,-0.0027773611389265065,0.1365050432419414,1.6541017682948456
1996,16.537471500000265,261.7638641855296,319.9918242504632,54.37594674607237,66.47158288544094,-3.8140862536070212,0.20772900383046183,0.0902221309880673,-0.0031780091977111624,-3.814290081136424,0.1339689156498559,0.027078068468442684,0.13667806024516108,2.0264223560359778
1997,16.547997399999986,261.76731339745663,319.99452283507674,54.376663247429974,66.47214345973447,-3.8140806784557792,0.20772900383046183,0.09093863234566868,-0.003738583491241343,-3.7944845122339266,0.10531861044110372,0.020588886110606736,0.10731221708883149,1.9965613977719041
1998,16.553193600000213,261.7697092087392,319.99277133376916,54.377160926921064,66.47177962211263,-3.814079563425531,0.20772900383046183,0.09143631183675893,-0.0033747458694080024,-3.778228378565367,0.034189162225618464,-0.0028502646901808607,0.03430776621253194,1.0643624671886767
2000,16.56773710000016,261.7691761614837,319.9998457547473,54.377050197545685,66.47324918453509,-3.715922557537022,0.20772900383046183,0.0913255824613799,-0.004844308291865218,-3.774982726982897,0.015831536401260893,-0.03193348245603577,0.035642458481344876,1.054574467548717
2002,16.585175300000174,261.76142380611327,320.00088299883186,54.37543980848725,66.4734646502155,-3.732972839801481,0.20772900383046183,0.0897151934029452,-0.005059773972277526,-3.774333596666403,0.019537642154265653,-0.05336894185358353,0.05683276709363462,-0.31936500434309767
2003,16.595967400000063,261.76221721861816,320.0041575172861,54.375604623276516,66.47414486267203,-3.797857995694671,0.20772900383046183,0.08988000819221043,-0.005739986428807242,-3.774307586852533,0.007693036860140149,-0.07942105532595234,0.07979277439229356,-1.137811026978295
2004,16.59990199999993,261.7638575273108,320.00719630070824,54.37594536296721,66.47477610612518,-3.8108350268733093,0.20772900383046183,0.09022074788290269,-0.006371229881949603,-3.793933741466251,0.013166520842933507,-0.06575344196696593,0.06705872353102585,-1.2387591338663901
2006,16.616732100000263,261.76681915942174,320.0120769660599,54.37656057985533,66.4757899618767,-3.8139495143561826,0.20772900383046183,0.09083596477102418,-0.007385085633472954,-3.810153992277055,0.035902690991118695,-0.024781728230542713,0.043624961598793796,-1.2753635860049772
2007,16.628253900000345,261.76791481182806,320.013891128722,54.376788178638236,66.47616681607929,-3.8140533306056117,0.20772900383046183,0.09106356355393075,-0.007761939836058218,-3.8133982085452147,0.03459232442265653,-0.002792015413294628,0.034704816078325415,-1.039984129225851
2008,16.632704200000262,261.76837183039845,320.0097670326688,54.376883114650596,66.47531012171446,-3.8140740938554973,0.20772900383046183,0.09115849956629063,-0.006905245471230614,-3.8140470517988465,0.016934789062588145,0.04783684368254323,0.05074594263684961,-0.35463387722819006
2010,16.649328700000297,261.7690696871538,320.0060120508699,54.3770280797392,66.47453010308597,-3.81407907703547,0.20772900383046183,0.09130346465489225,-0.006125226842740972,-3.7944416565438943,0.020792046487622708,0.05798798471597359,0.06160288604086217,-0.2061412973829924
2011,16.66025230000014,261.76898098380013,320.00113680178,54.37700965347991,66.4735173724491,-3.814079243141469,0.20772900383046183,0.09128503839560409,-0.005112496205867956,-3.8114971399929036,0.03381097983245816,0.0973688420503159,0.10307217742655027,-2.1122531598431866
2012,16.675666099999944,261.77312445737584,320.00184059692936,54.37787037311819,66.47366357111437,-3.7159225380814194,0.20772900383046183,0.0921457580338867,-0.005258694871145053,-3.8149082366827054,0.029149381754798486,0.0530108043237579,0.06049654396524423,-2.112812886084745
2013,16.68016340000031,261.7749614121955,319.99828577179096,54.378251961912966,66.47292513082958,-3.899330747850659,0.20772900383046183,0.09252734682866048,-0.0045202545863531896,-3.8590363348365417,0.10011633723253154,0.1351091472777541,0.16815993178810412,-3.2561887208935056
2014,16.69204209999998,261.7748484463106,319.99996054206883,54.378228495622224,66.47327302919105,-3.831129577304507,0.20772900383046183,0.0925038805379188,-0.0048681529478216135,-3.860801465406935,0.09727693722028023,0.10436476625426792,0.14267027353399978,-2.7367446978010896
2015,16.696446299999934,261.7825564108941,319.9902626574899,54.379829663426705,66.4712584972882,-4.034719567804651,0.20772900383046183,0.0941050483423993,-0.002853621044977217,-3.880785839177263,0.07949465071809877,0.09272646305004842,0.12213761272664746,-2.987886382704911
2017,16.712837900000068,261.7813030404514,319.99507699348567,54.37956930203322,66.47225857450871,-3.822904895993436,0.20772900383046183,0.09384468694891268,-0.0038536982654875374,-3.863806151431329,0.04469213990209619,0.025540094924984096,0.051475079580373034,0.9622287086414456
2018,16.72473310000032,261.77940931724174,319.9989523538402,54.379175920797344,66.47306359925464,-3.8158444069330626,0.20772900383046183,0.09345130571303883,-0.00465872301141701,-3.8813754795996456,0.04585866877045388,0.045988161265996794,0.06494558089682106,1.0111827699681517
2019,16.729088800000227,261.7775397072401,320.0025533350421,54.37878754857416,66.47381162749252,-3.8144323091209875,0.20772900383046183,0.09306293348985406,-0.005406751249296349,-3.8380865984401344,-0.03333871052453472,-0.055387806009752155,0.06464734081161157,1.6674293039011752
2021,16.745697100000143,261.77784809327477,319.99672063385515,54.37885160929793,66.47260000628532,-3.91897621814609,0.20772900383046183,0.0931269942136268,-0.004195130042091932,-3.836489311268606,-0.036184933548442974,-0.05543434166473698,0.06619906080684249,1.0633535833923995
2023,16.76213940000025,261.77528100265584,320.000636180363,54.37831835012092,66.47341337886085,-3.818275162007094,0.20772900383046183,0.0925937350366155,-0.0050085026176276415,-3.8571464163343,0.0187875515726168,0.043613717558682874,0.04748819277865077,3.0146035711797015
2024,16.77309749999995,261.77369238201163,320.00386693083294,54.377988347537034,66.4740844994376,-3.814918460135794,0.20772900383046183,0.09226373245272868,-0.005679623194367878,-3.878892779124445,0.047412556138343165,0.1153407429318402,0.12470540268825721,1.0774563645771793
2025,16.777475600000344,261.77878839091306,319.9948555876887,54.379046936389635,66.47221258210307,-3.919129932261534,0.20772900383046183,0.09332232130532958,-0.0038077058598418034,-3.84264543830872,0.035488183445102066,0.13049579727926874,0.1352352183115967,1.4032004986483624
2027,16.792879800000264,261.782789875018,319.98099599437217,54.3798781606966,66.46933354258992,-3.923164123071712,0.20772900383046183,0.0941535456122935,-0.000928666346695195,-3.8387526720168754,0.010982893079830441,0.21174312290282585,0.21202776713686394,36.5497040601411
2028,16.804429100000107,261.779689473149,319.9727270259368,54.37923411730488,66.46761583801415,-3.7377395140674676,0.20772900383046183,0.09350950222057719,0.0007890382290725029,-3.8188313456340994,-0.00013746981751101145,0.2514562369410572,0.2514562745180717,39.800704497314015
2029,16.808751200000188,261.7764653370373,319.965303948867,54.378564370722174,66.46607384960909,-3.798811330547869,0.20772900383046183,0.09283975563786839,0.0023310266341383112,-3.064727853807568,-0.320749961461289,1.6215776920363143,1.6529956893734594,46.67821708828812
2031,16.825573000000077,261.7695240329057,319.95418373069094,54.377122460529634,66.46376385776499,-3.715311828221915,0.20772900383046183,0.09139784544532858,0.004641018478238834,-2.824672340618381,-0.4086254634011263,1.921754474619534,1.9647175446002376,48.95382609088207
2033,16.84054090000018,261.6714377660947,319.42975557801685,54.35674709803554,66.35482492002934,-0.1486124731288766,0.20772900383046183,0.07102248295123559,0.11357995621388284,-2.1860399000899187,-0.7756582846621278,3.9067689868687014,3.983025193408158,78.68793260912236
2034,16.853021000000354,261.6482824151565,319.32835564255106,54.351937060051796,66.33376121244656,-2.7228865571257757,0.20772900383046183,0.06621244496749057,0.13464366379666615,-2.040886938018621,-0.7993932054420989,6.11657768099098,6.168594007105995,43.85726399829263
2035,16.857144399999925,261.6107476667774,319.1283917060479,54.344140004161986,66.29222290311475,-0.5445773114251552,0.20772900383046183,0.0584153890776804,0.17618197312847883,-1.420746433181893,-0.854796077312817,9.142472531315024,9.182346122840235,50.47878712229572
2037,16.87306000000035,261.58978267582887,318.2545111454464,54.33978496747694,66.11069256479419,-3.0730465201913812,0.20772900383046183,0.05406035239263218,0.3577123114490348,-1.415608310717649,-0.06037835948083736,17.806783975906058,17.806886339584423,46.54523559519578
2038,16.884450500000185,261.5698928735471,317.4173799225921,54.335653278662555,65.9367961297953,-0.6146093040382763,0.20772900383046183,0.049928663578249655,0.5316087464479295,-0.8759478737247999,0.26648001000271093,22.115953705249588,22.117559085226244,54.46602868456004
2039,16.88917760000004,261.62930488342585,316.26592792742537,54.34799487629024,65.69760615388071,-0.12292186080765527,0.20772900383046183,0.062270261205931376,0.7707987223625139,-0.7672290864170611,0.5427428739542192,26.885026831934805,26.890504598855756,19.16654820789074
2040,16.90117340000006,261.7014241212471,314.92424717961023,54.362976133719854,65.41890014867856,-0.024584372161531056,0.20772900383046183,0.07725151863554913,1.049504727564667,-0.15262764937787648,0.41536098127500753,35.33182362456232,35.33426503242916,8.342248449295505
2042,16.921508200000062,261.6515374481297,311.6038660651807,54.35261322480876,64.72916068744064,-0.0009833748864612423,0.20772900383046183,0.06688860972445809,1.7392441888025871,-0.6834060924387896,0.3265487225178467,38.469305885576205,38.47069182359743,-1.5920393083381361
2044,16.936563400000068,261.5855456907278,307.716311422775,54.33890482278265,63.92160283423721,-3.933499545844969e-05,0.20772900383046183,0.05318020769834675,2.5468020420060142,-1.4933557263634722,-0.9111882628558914,45.728418620903994,45.73749592641693,-6.243392300436904
2045,16.948975300000257,261.53733948664683,305.8667838493461,54.32889099603046,63.537402313851864,-3.2685015193428417,0.20772900383046183,0.04316638094615399,2.931002562391363,-1.5218202121746145,-1.2376721031950426,50.972322541482676,50.98734644505409,-16.493533171165513
2046,16.953393199999937,261.46124679793127,304.01872843303966,54.31308433760479,63.15350760319903,-4.172670030431068,0.20772900383046183,0.027359722520486685,3.3148972730441955,-1.5229587916070604,-1.1359222575902088,53.45477979369051,53.46684769244613,-3.3292989425541
2048,16.969606600000134,261.4313109113209,300.1588739267232,54.30686578570044,62.35170387167139,-0.16690680121724277,0.20772900383046183,0.021141170616132854,4.116701004571837,-1.5232179754899162,-0.9416119951636974,49.47753960855397,49.48649875335153,23.172308304893
2050,16.986063300000296,261.43124236286576,296.4884051910989,54.30685154619814,61.5892410576293,-0.0066762720486897124,0.20772900383046183,0.02112693111383379,4.879163818613925,-0.8695710817977372,-0.73937171599342,59.427094994001216,59.43169432180489,25.165763565760983
2051,16.996666000000005,261.43435630604847,294.76558732072397,54.30749840251347,61.231361817635,-0.0013352544097379425,0.20772900383046183,0.021773787429161473,5.237043058608229,-0.03503921211857919,-0.2085054189800545,50.33756808364931,50.33799991145629,25.2334558260455
2052,17.00101590000031,261.43863668393396,293.0756665445365,54.30838756114764,60.88031625824517,-0.0002670508819475885,0.20772900383046183,0.022662946063334743,5.588088617998054,-0.0016582791565417454,-0.4562380722159667,46.04635065473987,46.04861085633097,25.24135783563752
2054,17.017552199999955,261.36511849757983,289.77621925607946,54.29311570153287,60.194925359822875,-1.068203527790354e-05,0.20772900383046183,0.00739108644856401,6.273479516420352,-0.0003231102030860263,-1.2769806830624,51.9928996095317,52.00857899877439,17.300128549424542
2055,17.028904199999943,261.27646791785196,288.2462322432191,54.274700404917006,59.877102681767845,-2.1364070555807083e-06,0.20772900383046183,-0.011024210167299486,6.591302194475382,-5.606273938972672e-05,-1.6141304267663832,52.1795592186348,52.20451912704138,1.5582802870235533
2056,17.03299700000025,261.19559708200205,286.7475703288712,54.25790118674697,59.565787135221704,-4.272814111161417e-07,0.20772900383046183,-0.027823428337335088,6.902617741021523,-2.6532466504667925e-06,-1.8284092888755608,40.869697182969034,40.91057599637572,0.02349711419141541
2058,17.049212300000363,261.06877007519347,284.03991581828393,54.231555538963825,59.003328761020356,-1.709125644464567e-08,0.20772900383046183,-0.0541690761204805,7.465076115222871,-5.169763249376421e-07,-1.9690593737963107,44.22421899344254,44.26803294023238,0.007352410285520167
2059,17.060385700000097,261.0221363664546,282.7407833979304,54.22186836510258,58.73346127749646,-3.418251288929134e-09,0.20772900383046183,-0.06385624998172545,7.734943598746767,-8.970038302356279e-08,-1.7724365663358133,46.17662989324216,46.21063383766933,-7.690130303327579
2060,17.065086399999927,260.98532382550036,281.42331688219747,54.214221332641685,58.45978527060327,-6.836502577858269e-10,0.20772900383046183,-0.07150328244262028,8.008619605639957,-4.245194640746872e-09,-1.0060122136640903,36.59813758398684,36.6119616408418,-20.4722064404756
2062,17.080952000000252,260.93651216719434,278.53941010970277,54.20408173548646,57.86071418961303,-2.7346010311433076e-11,0.20772900383046183,-0.08164287959784389,8.6076906866302,-0.6102526863740372,-0.7716648200231345,43.939182898430275,43.94595840775541,-27.297643079375003
2063,17.091817300000002,260.9222612815447,277.06588280086316,54.201121413206764,57.554619829630795,-5.469202062286616e-12,0.20772900383046183,-0.08460320187754178,8.913785046612432,-1.3045163575654306,-0.6414520150040832,43.94964948763055,43.95433028466179,-27.778172367296452
2064,17.095886000000064,260.9133885015385,275.66755560011813,54.19927827945487,57.26414671319099,-3.051263427735469,0.20772900383046183,-0.08644633562943227,9.204258163052238,-1.4433690918037096,0.42646066134617927,46.48905382348618,46.49100982016492,-27.826490461702654
2065,17.10744449999993,260.90137416395885,274.3207356407522,54.19678255307776,56.984373144692924,-3.471318359375219,0.20772900383046183,-0.08894206200654509,9.484031731550303,-1.471139638673242,0.8601226412904996,43.77641860557118,43.784867670101036,-19.558844867841813
2066,17.112042799999927,260.98356039889984,272.75090687161384,54.213855017790635,56.65827417829541,-0.6942636718750439,0.20772900383046183,-0.07186959729367004,9.81013069794782,-1.4722504605471483,1.2739890258655557,44.65215530634878,44.67032596187672,-0.9753441774165532
2067,17.12519969999994,261.0804161617367,271.21841214270813,54.23397476891997,56.33993057488439,-0.13885273437500878,0.20772900383046183,-0.0517498461643342,10.128474301358835,-1.4344330741406797,1.7498715466032242,35.86856105183341,35.91122000654826,6.19313276944152
2069,17.145178100000066,261.25323119504503,268.087865694222,54.26987346363604,55.68962527969538,-0.005554109375000352,0.20772900383046183,-0.015851151448266876,10.77877959654785,-0.8546564620937607,3.2327665006670556,48.18873484458232,48.29704903168823,6.859303998793084
2070,17.156738900000164,261.3604421981753,266.55883928732504,54.29214429851596,55.372002147360206,-2.8621764957031255,0.20772900383046183,0.00641968343165189,11.096402728883021,-0.8348258370650019,3.4572929580275487,42.74924346014315,42.888817785201525,6.863133167726564
2071,17.161011600000165,261.5085065456376,264.79393040288596,54.322901557917106,55.00537938294414,-0.5724352991406251,0.20772900383046183,0.03717694283280082,11.463025493299085,-0.8308597120592502,3.833129918208861,44.354048826705295,44.51937255051586,16.013320268303847
2073,17.177421800000047,261.8904948091268,261.34014608658174,54.40225159936664,54.287928207472994,-0.5951105467312501,0.20772900383046183,0.11652698428233776,12.180476668770233,-0.8345097745581002,5.076584438678479,56.20617537849179,56.43497018906637,15.569536433069977
2074,17.189174600000115,262.08333384632465,259.5172188336571,54.44230986046338,53.90925334516756,-0.11902210934625002,0.20772900383046183,0.1565852453790768,12.559151531075663,-0.2630266522922451,5.2056471301211635,57.426672461424424,57.662132045520664,9.032349643274923
2075,17.193439200000284,262.24786135464757,257.63237172501584,54.47648699587001,53.517715932916786,-0.023804421869250005,0.20772900383046183,0.1907623807857064,12.95068894332644,-0.14873002783907402,5.559776758532342,56.16304248146149,56.437562477300204,-15.802613997265524
2076,17.20438409999997,262.3833612126853,255.86327405308015,54.504634246399355,53.15022303584679,-0.004760884373850001,0.20772900383046183,0.21890963131505004,13.318181840396434,-0.48770015504844716,5.596297021832319,55.40775855952794,55.6896601618964,-17.13510379937313
2077,17.208845399999973,262.575988618601,254.1561528333384,54.54464854554067,52.795604445452,-0.0009521768747700003,0.20772900383046183,0.258923930456362,13.672800430791227,-1.0375400789278217,5.651229151795626,53.25929998679416,53.55828064836881,-26.919347493504095
2079,17.224817799999983,262.9618263150297,251.0848814316613,54.62479822586005,52.157612296688626,-2.2899611827781157,0.20772900383046183,0.33907361077574194,14.310792579554601,-1.1475080637036967,6.765205431382819,48.97178201785046,49.43686315425639,-32.31526964505996
2080,17.237107200000082,263.1797189688941,249.8142463283743,54.67006084978927,51.893664532450806,-2.8682217287431233,0.20772900383046183,0.3843362347049677,14.57474034379242,-1.151145041594916,7.383510865042675,49.5317459691608,50.07903844372095,-27.53431795414288
2081,17.24118550000003,263.4464113706415,248.4326188941053,54.72546059673341,51.606660441865266,-0.5736443457486247,0.20772900383046183,0.43973598164910754,14.861744434377961,-1.1518724371731597,6.1614200351329185,39.05478091202356,39.53781745285768,6.603870052916252
2083,17.25737670000035,263.88782693442,245.59729777511987,54.81715541207238,51.01768201027895,-0.02294577382994499,0.20772900383046183,0.5314307969880758,15.450722865964273,-1.266276901573801,6.9621343633426935,44.89669178651961,45.433294490571285,-13.137100491595724
2084,17.268985000000157,264.04757929219875,244.0827350883112,54.85034061021333,50.7030634121094,-0.004589154765988999,0.20772900383046183,0.5646159951290244,15.765341464133826,-0.715528423863427,7.08482361976266,48.23737955522317,48.75489218609564,-14.367486815523947
2085,17.273043000000143,264.22381651494425,242.73182726573015,54.8869501929321,50.42244067585786,-2.861983504781323,0.20772900383046183,0.6012255778477922,16.04596420038537,-1.1440115408213525,4.810554111257209,39.20060296812421,39.49466677820997,-14.722434881663313
2087,17.289180600000236,264.5575943366274,239.7656956021184,54.95628552733104,49.8062891001458,-0.11447934019125293,0.20772900383046183,0.6705609122467351,16.66211577609743,-1.2480647832768934,4.489642679812432,45.262925928044936,45.48504539912075,12.11427978516663
2088,17.299835799999983,264.6710910890397,238.473627574846,54.979862094647636,49.537889095959315,-2.716059930538251,0.20772900383046183,0.6941374795633308,16.930515780283912,-1.2688754317680015,4.14185968456445,44.900918090995305,45.091545183780184,3.011173035969965
2089,17.304304499999944,264.75840234989664,237.03902304361384,54.99799917588864,49.23988012579579,-0.5432119861076502,0.20772900383046183,0.7122745608043317,17.228524750447434,-0.7008244267005982,3.2304681999342506,41.1760120006217,41.3025409516912,43.0839917308718
2090,17.315724200000204,264.81996405182963,235.64857259439955,55.01078732690528,48.95104323910489,-0.10864239722153005,0.20772900383046183,0.7250627118209749,17.517361637138336,-0.6787976978401198,2.795906498092781,38.441122639590574,38.542664709878586,46.30934204679425
2091,17.321454000000358,264.94311204567225,234.25484410685183,55.03636873698993,48.66152540877646,-0.02172847944430601,0.20772900383046183,0.7506441219056228,17.806879467466764,-0.13575953956802392,3.174104444896872,44.53480285421246,44.6477726688654,47.63478372263992
2092,17.33267509999996,265.0578300133712,232.93104348520905,55.060198986141486,48.38653362437246,-0.004345695888861203,0.20772900383046183,0.7744743710571811,18.081871251870766,-0.02715190791360479,2.622002586225794,35.66738312340562,35.76362840140769,22.290906397608705
2093,17.337322300000324,265.14963511564747,231.6858935006968,55.07926956858389,48.127879858470216,-0.0008691391777722406,0.20772900383046183,0.793544953499584,18.34052501777301,-0.005430381582720959,2.522323637841224,33.32192913449436,33.41725718514727,21.916181341971164
2094,17.348228199999994,265.2177905538142,230.51245390495936,55.093427429859894,47.88412242019246,-0.00017382783555444813,0.20772900383046183,0.8077028147755883,18.584282456050765,-0.0010860763165441922,1.9534871403847611,33.9319122591744,33.988097645675296,2.970583702111113
2095,17.363969400000315,265.2648815984145,229.48448630949179,55.10320960564405,47.670583735615985,-3.4765567110889624e-05,0.20772900383046183,0.8174849905597412,18.797821140627242,-0.00021699276367932868,1.5707047341278657,33.33751371672097,33.3744952647133,1.0352177842803085
2096,17.367717300000095,265.29411804364656,228.5178119460253,55.10928286328765,47.46977743306464,-6.953113422177925e-06,0.20772900383046183,0.8235582482033479,18.998627443178584,-4.3176053106356045e-05,0.726959245787084,24.714600058983446,24.725289195892934,0.10051215258225951
2098,17.384707600000183,265.3112767411312,226.75647575730773,55.11284722242317,47.1038968211718,-2.7812453688711703e-07,0.20772900383046183,0.8271226073388647,19.364508055071425,-8.412710991761515e-06,0.3352041271798455,25.522085028458488,25.524286199749902,0.020908278187443355
2099,17.39664670000002,265.30466397288046,226.03555067150467,55.11147355866188,46.954139771261545,-5.5624907377423406e-08,0.20772900383046183,0.8257489435775724,19.514265104981682,-1.46004256884261e-06,0.45804390156212477,24.53144251483382,24.535718372901872,0.009867138738205761
2100,17.40092360000017,265.29106314898183,225.49224414370624,55.10864827306214,46.84127924746739,-1.1124981475484682e-08,0.20772900383046183,0.8229236579778316,19.627125628775836,-6.95088842588283e-08,0.01959903761293466,16.897698827312148,16.89771019342034,0.0005922388313983471
2101,17.411918600000263,265.35646482288996,225.03639492874882,55.12223409763192,46.746586144147386,-2.2249962950969367e-09,0.20772900383046183,0.836509482547612,19.72181873209584,-1.3887536875477041e-08,0.019400965152993804,13.3129381399847,13.31295227650532,0.00018305389573319077
2102,17.41620630000034,265.3446627755467,224.7183272478122,55.11978247009414,46.68051426163576,-4.4499925901938734e-10,0.20772900383046183,0.8340578550098314,19.78789061460747,-2.7632673988067875e-09,0.2297304629737623,10.771724339607038,10.77417381213524,6.659201161773072e-05
2104,17.431522400000176,265.3600576588232,224.45209340525878,55.122980433861265,46.62520977073618,-1.7799970360775498e-11,0.20772900383046183,0.8372558187769599,19.84319510550705,-5.384135034727371e-10,0.8852734653025509,3.8248513517069265,3.92596446380034,1.5711079875064932e-06
2105,17.444231899999977,265.41736121646363,224.4620452629358,55.134884044805844,46.627277060217686,-3.5599940721550997e-12,0.20772900383046183,0.8491594297215386,19.84112781602554,-9.341994044386526e-11,0.5845149268124517,0.8715897493219154,1.0494409896652621,5.593952436638136e-07
2106,17.448273900000004,265.4682853114401,224.62444152203278,55.14546245632628,46.661011473345695,-7.119988144310199e-13,0.20772900383046183,0.8597378412419729,19.80739340289753,-4.4212278380908615e-12,0.5177451010569958,-3.7009738672442882,3.7370131864489937,-4.917658651391863
2108,17.464319400000022,265.4475722753244,225.09978618582528,55.14115975796765,46.75975434683144,-2.84799525772408e-14,0.20772900383046183,0.8554351428833442,19.708650529411784,-8.614616055563796e-13,0.6712497726844722,-10.201498122604285,10.223558098960837,-25.56905949750248
2109,17.476342100000238,265.39515722898733,225.53115305890748,55.13027163260633,46.849361757662265,-5.69599051544816e-15,0.20772900383046183,0.8445470175220251,19.61904311858096,-0.29561767578139947,0.5734886954027182,-13.878369142909456,13.890213077941464,-30.828417601344327
2110,17.48020140000017,265.41329583800854,226.0679193377249,55.13403954778917,46.96086368205079,-1.1391981030896321e-15,0.20772900383046183,0.8483149327048665,19.507541194192434,-0.6941174316406321,0.17230533474927723,-15.135735057609478,15.136715788523338,-37.981824794067485
2112,17.49613780000027,265.44764876941656,227.49079528972354,55.14117564800922,47.25643628613379,-1.47808837890625,0.20772900383046183,0.8554510329249112,19.211968590109436,-1.1131936035156265,0.3975592407491531,-20.972047974899525,20.97581582707553,-56.5905302105176
2113,17.50765410000031,265.4815334692096,228.30202392619066,55.148214482942315,47.42495200266585,-1.9924987792968751,0.20772900383046183,0.8624898678580095,19.04345287357738,-1.5250975195312504,0.6952809410768771,-22.865695852069155,22.876264170234556,-53.31049881420087
2114,17.512187000000267,265.50025855040786,229.07308746348127,55.15210422540628,47.58512426315722,-2.095380859375,0.20772900383046183,0.8663796103219781,18.883280613086008,-1.9468545234375,0.5734137527868977,-18.825094699610414,18.83382578716245,-33.10882473332508
2116,17.527832799999942,265.54416746555285,230.34758077622098,55.16122538060863,47.849873489401226,-2.059519580078125,0.20772900383046183,0.8755007655243219,18.618531386842,-2.074964469140625,0.7474475921335653,-20.39786308005744,20.411553006465645,-28.153640746691075
2117,17.54042210000034,265.5664083825015,230.87415715694587,55.16584546413065,47.95925867640985,-2.10878501953125,0.20772900383046183,0.8801208490463424,18.509146199833374,-2.1032731931406254,0.651166123305984,-19.30241404265353,19.313394450333416,-20.61088752499434
2118,17.54414480000014,265.59002738859414,231.3474646127228,55.170751816737734,48.05757836270393,-2.118638107421875,0.20772900383046183,0.8850272016534291,18.4108265135393,-2.1089349379406253,0.4781591360988628,-13.10231140277907,13.111033531145791,3.7072605990453367
2120,17.56024290000005,265.60008624547856,232.05698055349293,55.17284133305801,48.20496540228194,-2.134042399296875,0.20772900383046183,0.8871167179737043,18.263439473961284,-2.0775962810412505,0.40935209307431514,-10.179552315867424,10.187779664263758,6.209532773864889
2121,17.572350700000243,265.5996828162524,232.30965147992598,55.17275752910675,48.257452482126794,-2.123689583375,0.20772900383046183,0.8870329140224413,18.210952394116433,-1.7319523289582501,1.157561179890631,-9.003542419782368,9.077649695268613,24.903413588740648
2122,17.58834079999997,265.61807561128967,232.48728301768656,55.17657824609749,48.294351704514675,-1.90282629558125,0.20772900383046183,0.8908536310131865,18.174053171728552,-1.66282353854165,0.9362126424743082,-3.9711836506270375,4.080048247133385,25.55209481000368
2123,17.592242200000328,265.69522935204117,232.54003364504663,55.192605315805594,48.305309539787615,-0.38056525911625005,0.20772900383046183,0.9068807007212882,18.163095336455612,-1.3069348248958301,1.5507583669118086,-1.8914095005400657,2.4458702768708322,23.26851139568712
2124,17.604684400000224,265.70788021398687,232.61484773621282,55.195233266755174,48.32085059641805,-1.772994155338875,0.20772900383046183,0.909508651670869,18.14755427982518,-1.2855026930099973,1.5315056845262631,-1.0561229616911925,1.8603508733428846,17.456170867262205
2125,17.608852000000297,265.77213149148497,232.5899034928911,55.20858012062469,48.315668953601524,-0.354598831067775,0.20772900383046183,0.9228555055403831,18.152735922641703,-1.3249748115547058,1.3736618616430527,-0.575779856379901,1.4894527025540343,16.58120956245738
2127,17.62419620000037,265.76450959150884,232.60161487132083,55.20699683093535,48.31810174657621,-2.016528923945836,0.20772900383046183,0.9212722158510473,18.150303129667016,-1.3328692352636475,0.9962746905079312,0.9669492797855291,1.388363845907991,-17.046162409182323
2128,17.635829900000317,265.73369178996705,232.59634564287904,55.20059507972083,48.317007175001045,-2.1001868883047923,0.20772900383046183,0.9148704646365218,18.151397701242182,-1.3334693262640351,0.8934907961848438,1.4539161082017704,1.706516291324407,-13.444697210040662
2129,17.64008630000035,265.77920236643706,232.49584239216506,55.210048946434696,48.296129734848506,-0.4200373776609585,0.20772900383046183,0.924324331350391,18.17227514139472,-1.6608549694641128,0.16823437994523138,1.33978591552123,1.3503070413889637,-5.799282482054335
2131,17.656490100000156,265.75529842976266,232.4022050161485,55.205083405481695,48.27667853600729,-1.7759946103408135,0.20772900383046183,0.9193587903973892,18.191726340235938,-1.3372102665576722,0.747675251915873,2.8738386471375583,2.9695061630023427,-1.3620905516355108
2132,17.66862590000028,265.73054213673754,232.3629070584805,55.199940805393055,48.26851521040834,-1.9915270470681627,0.20772900383046183,0.9142161903087498,18.19988966583489,-0.9882345763126478,0.9308670905747516,3.2349303845592727,3.3661978749413866,-0.5781163796393514
2133,17.671846500000356,265.77386020459454,232.2464465217002,55.20893922447685,48.244322979117406,-0.39830540941363257,0.20772900383046183,0.9232146093925451,18.22408189712582,-0.9184394382636428,0.6534753727088999,2.6449272141715827,2.72445774990226,14.810784167853827
2135,17.688900800000283,265.80388231503326,232.0904961769544,55.21517568757117,48.21192756935635,-0.35530843707967036,0.20772900383046183,0.929451072486863,18.25647730688688,-0.8524684817389925,0.6019290001789097,2.808019801845258,2.871810183283614,-3.9548366216925483
2136,17.70111799999995,265.85294048842627,231.97552016240266,55.225366493059845,48.18804371638912,-0.07106168741593408,0.20772900383046183,0.9396418779755393,18.28036115985411,-0.8521213511033504,0.5200654246900852,2.724348943975399,2.7735438007174054,-14.127348258395863
2137,17.705106600000363,265.8421795190792,231.93709445710456,55.22313112761712,48.18006158290606,-1.4461398277175619,0.20772900383046183,0.9374065125328173,18.288343293337164,-1.147669600757472,-0.11790848505307558,1.2364828862729629,1.2420919204686216,-19.54707972646717
2139,17.720638400000098,265.77989108749614,231.9180797789963,55.21019201377421,48.17611168276447,-1.9897913938899525,0.20772900383046183,0.9244673986899059,18.292293193478756,-1.4910260003520326,-0.5705471916054136,0.8217260234955908,1.000378806022349,-23.409356383486553
2140,17.73329160000003,265.7557790462881,231.91367064054987,55.205183243473755,48.175195776827245,-1.8760466576842405,0.20772900383046183,0.9194586283894495,18.293209099415982,-1.559697280270945,-0.5909062628690424,0.7234050915831955,0.9340691291474894,-22.97200676854013
2141,17.737612300000364,265.7163113997556,231.91729476585036,55.19698466857603,48.17594861276567,-2.0720904350524734,0.20772900383046183,0.9112600534917235,18.292456263477554,-1.6264222589109774,-0.6287283927632037,0.3618950538608512,0.725442914277581,-7.535364351498495
2142,17.747837000000345,265.75235818441155,231.845267600154,55.20447263124389,48.160986481386836,-0.4144180870104947,0.20772900383046183,0.9187480161595829,18.30741839485639,-1.6037728986815785,-0.5725544007795293,0.26404426254938873,0.6305060780335559,-2.6435678925310704
2143,17.752298000000337,265.7362615431732,231.84110815980412,55.201128891994436,48.16012244498647,-1.779764720917724,0.20772900383046183,0.9154042769101309,18.308282431256757,-1.5900108489013238,-0.5327535893915744,0.2346934193539525,0.5821575285931261,-6.985455611153784
2145,17.767884700000195,265.69482768678034,231.85873686252683,55.19252187828109,48.163784437841876,-1.876544592742959,0.20772900383046183,0.9067972631967862,18.30462043840135,-1.5533460854296477,-0.2140921687566935,0.2440060504714442,0.3246142470527403,-4.748218894209026
2146,17.779674400000204,265.68365565216385,231.86295768364928,55.190201122659445,48.164661224808995,-1.8072364087829669,0.20772900383046183,0.90447650757514,18.30374365143423,-1.8732787577353125,-0.41162749032576956,-0.09792421221867158,0.42311504597513305,-0.04274889798478476
2147,17.784426200000325,265.67669699409566,231.86587827589278,55.188755607550945,48.16526791652633,-1.8887666176940936,0.20772900383046183,0.9030309924666398,18.303136959716895,-1.8935067472745708,-0.33337952408527743,-0.17838485397075274,0.37810456649648233,-0.3668943833486674
2148,17.79608290000033,265.66236882860204,231.8797004649693,55.18577923200624,48.168139186093946,-2.014081448538819,0.20772900383046183,0.9000546169219348,18.30026569014928,-1.5934340154705393,-0.03455075556399878,0.10235367586447913,0.10802791154610947,-1.4051201522138066
2149,17.800879800000075,265.6540947095919,231.88451785916226,55.18406045750669,48.169139898590714,-1.8809046686140138,0.20772900383046183,0.8983358424223837,18.299264977652513,-1.5864101917659832,-0.031350055294369676,0.10653165411162319,0.11104872486759386,3.874967891964956
2150,17.812330900000234,265.706019404937,231.82009034125542,55.19484672274493,48.15575643447666,-0.3761809337228028,0.20772900383046183,0.9091221076606217,18.31264844176657,-1.6189177805406967,-0.17743955546439416,-0.05652693893677441,0.1862259129900123,4.613301827586074
2151,17.82875869999998,265.69171786392957,231.82431961290175,55.19187587787821,48.15663497686268,-1.7721172902601856,0.20772900383046183,0.9061512627939052,18.31176989938055,-1.6310116831848493,-0.17444428988148838,-0.10161346483629008,0.20188141694641612,-5.276451344084032
2152,17.833037900000363,265.67040413639256,231.8437446981473,55.18744839848903,48.16067013047006,-2.051304561567662,0.20772900383046183,0.9017237834047265,18.307734745773168,-1.6334304637136798,-0.10654989331803044,-0.08721169096047295,0.13769080872109332,-1.3417318373620093
2154,17.847374200000104,265.65381584690346,231.8763023877504,55.184002529638214,48.16743330689833,-2.0745509617595816,0.20772900383046183,0.8982779145539084,18.300971569344895,-1.9732904405225709,-0.37543151080597437,-0.4918040400903346,0.618724521217021,4.1054270210331305
2155,17.860558900000342,265.6526202214915,231.88497296632238,55.183754163562426,48.16923443754772,-1.8929985712581663,0.20772900383046183,0.8980295484781209,18.299170438695505,-1.6945943641689218,-0.1900332047853929,-0.3244895918180647,0.3760400432390961,4.395238706835859
2156,17.86423360000026,265.6455006364275,231.90008387878763,55.182275219249405,48.172373412341095,-2.075480817767258,0.20772900383046183,0.8965506041650997,18.296031463902132,-1.604942795382567,0.044197845105501454,-0.11768792265784545,0.12571354999159362,3.809906383697452
2158,17.88024220000034,265.703002481183,231.839734932976,55.19422002017887,48.15983718594543,-0.3786369084919403,0.20772900383046183,0.9084954050945626,18.3085676902978,-1.5935306924392112,-0.03756379148756851,-0.2222939222512681,0.2254453953860543,9.271980038527262
2159,17.892119999999977,265.7108076881668,231.83452937533383,55.19584138805031,48.15875584064204,-1.6030467176358882,0.20772900383046183,0.9101167729660062,18.30964903560119,-1.635006816772415,-0.08303318760882956,-0.2697442598353242,0.2822347887107292,5.054867470536127
2160,17.896307500000148,265.6977214532917,231.85458266121628,55.193122997515815,48.162921489741926,-2.017490447042803,0.20772900383046183,0.9073983824315093,18.3054833865013,-1.619914590467181,-0.05921293137168645,-0.23633041667308996,0.24363545941940462,0.6654161342871258
2161,17.907855400000244,265.68403577103777,231.87536594118296,55.190280084374464,48.167238779785734,-2.1003791929241857,0.20772900383046183,0.904555469290159,18.301166096457493,-1.6193109014149716,-0.07335204061969536,-0.24809382740063277,0.2587103961138176,1.1865120185434423
2162,17.911924,265.67848574940007,231.888824395452,55.189127183908425,48.17003449108414,-2.0000196862410875,0.20772900383046183,0.9034025688241201,18.29837038515909,-1.6093439721982798,-0.08064060878006808,-0.254797598325093,0.26725404374238276,3.6511971704571526
2164,17.928493700000217,265.7323639317252,231.83105182226214,55.20031924505103,48.15803345200669,-0.37561846323089354,0.20772900383046183,0.9145946299667216,18.310371424236536,-1.5543598636986915,-0.0020650236616755746,-0.12383916757386756,0.12385638355818296,5.624570506162742
2165,17.939892800000052,265.7378547768766,231.8278954018546,55.20145985284451,48.15737777193976,-1.5532120715524287,0.20772900383046183,0.9157352377602024,18.31102710430347,-1.453688451537713,0.15821509743683654,0.08714062804048406,0.18062531968757226,2.396208245835653
2166,17.943584999999985,265.7332994486137,231.83393841955544,55.20051357904234,48.158633081986885,-1.7425699045448608,0.20772900383046183,0.9147889639580313,18.309771794256342,-1.4039508976211423,0.1824110262937459,0.17609359489462484,0.2535404044259019,0.5803397364066558
2168,17.9605303000003,265.77859069124634,231.77838324381256,55.20992188375666,48.147092660672186,-1.5970221321192946,0.20772900383046183,0.9241972686723514,18.32131221557104,-1.676592883985043,-0.04991571407988737,-0.1045038388782204,0.11581291315043463,-1.9347913359738558
2169,17.971828000000187,265.76975906197174,231.79156541544532,55.20808729820525,48.149830980053785,-1.751331916658234,0.20772900383046183,0.9223626831209444,18.31857389618944,-1.7514923750078233,-0.12074061123530497,-0.18807908299037007,0.22349952272873774,0.23232390834207806
2170,17.976644000000306,265.75848743395,231.80730068613673,55.205745854144745,48.15309965215951,-1.7388283950503969,0.20772900383046183,0.9200212390604392,18.315305224083716,-1.7960755446967542,-0.20857159221958363,-0.2874558916126823,0.3551520782761301,12.639155957651429
2171,17.98897870000019,265.7434014605383,231.8286981878916,55.20261205991611,48.15754453388352,-1.9277095266663296,0.20772900383046183,0.9168874448318078,18.31086034235971,-1.5534877777343115,-0.23734540968067486,-0.30368721899466855,0.38543322440755307,16.646661437302303
2172,17.99341420000019,265.728552086326,231.8465673997561,55.19952741420349,48.16125648746336,-1.9654857529895162,0.20772900383046183,0.9138027991191819,18.307148388779865,-1.2185847262949479,-0.030906861061537144,-0.03723471633471595,0.048390682586670786,18.63204161914982
2174,18.008183100000224,265.7577976126952,231.80391754256289,55.20560255826266,48.1523968751151,-0.3840832973070807,0.20772900383046183,0.9198779431783564,18.316008001128125,-1.1602772117102003,0.023979567743736156,0.062470897870867334,0.06691511600504603,21.849642167644568
2175,18.02069789999996,265.8101998304199,231.7382566073204,55.21648801874912,48.13875719444661,-0.07681665946141614,0.20772900383046183,0.9307634036648125,18.329647681796615,-1.1190124373088755,0.02555522761285381,0.06859405444333529,0.07319982215360916,12.791889761512948
2176,18.024888400000236,265.8059282535034,231.74189142233791,55.21560068833147,48.1395122509493,-1.4472908221266583,0.20772900383046183,0.9298760732471649,18.328892625293925,-1.0903883886786105,0.1182367998006563,0.1649938218691065,0.2029849799420512,-7.052579586195879
2177,18.03706820000025,265.79149366005555,231.76122511388525,55.21260220461385,48.143528419434794,-1.7213856546597066,0.20772900383046183,0.9268775895295462,18.324876456808433,-1.402455119141972,-0.1741204961921729,-0.246041093029691,0.3014202492425709,-14.210144503165541
2178,18.052531600000293,265.7742207660881,231.787642093901,55.20901412355672,48.14901599237768,-1.8223655098381912,0.20772900383046183,0.9232895084724149,18.31938888386555,-1.76920376347168,-0.43976806453174133,-0.5676927618056508,0.7181023759802784,-15.428461108312245
2179,18.05649960000028,265.75415547228374,231.81544079691275,55.204845980063176,48.154790589262085,-1.9444169496238883,0.20772900383046183,0.9191213649788708,18.313614286981142,-1.8955442149938717,-0.45472308209584233,-0.610675902488458,0.7613791035160047,-17.417871376689394
2181,18.072369900000012,265.71913178733024,231.85504410559318,55.197570544877316,48.16301734512266,-1.9105598811099558,0.20772900383046183,0.9118459297930102,18.305387531120566,-1.9398906744389353,-0.5306774981506586,-0.720306286026735,0.8946841636762499,-12.743805397929496
2182,18.085371399999985,265.7011986572818,231.87977283670102,55.19384531363679,48.168154219801686,-2.078993079737616,0.20772900383046183,0.9081206985524872,18.30025065644154,-1.9804079155466978,-0.537907026964833,-0.6867112712988687,0.8723051872980316,-7.634770953284295
2183,18.08897079999997,265.6903524597306,231.89498440790572,55.19159224382413,48.17131410433473,-1.9431179518850235,0.20772900383046183,0.9058676287398271,18.297090771908493,-1.9885113637682503,-0.41808763965440277,-0.4782061603084347,0.6351995010929449,16.177889370590183
2184,18.10030770000003,265.67571616669045,231.90518454802134,55.188551861251135,48.17343296927989,-2.024951715377005,0.20772900383046183,0.9028272461668294,18.29497190696334,-1.9677878942752374,-0.3412332478906258,-0.39919901265533564,0.5251666222933252,17.672603627314913
2185,18.104246100000182,265.6671590221414,231.91301030936862,55.186774294138324,48.17505860688877,-1.9849341907316511,0.20772900383046183,0.9010496790540188,18.29334626935446,-1.6242669796735096,-0.0941768565396355,-0.08168637100689416,0.12466733139023649,19.298841319291395
2187,18.121033000000352,265.6611661278487,231.92297748912313,55.18552939617683,48.177129079210175,-1.8069425336448912,0.20772900383046183,0.8998047810925272,18.29127579703305,-1.5457166053469142,0.12770777929131494,0.2643515376258727,0.2935830586677004,22.173375689609934
2188,18.13251850000006,265.71362374631764,231.85704518404836,55.19642636500471,48.16343302715674,-0.36138850672897826,0.20772900383046183,0.9107017499204062,18.304971849086485,-1.4881186928666548,0.17533344214380936,0.2733393541187133,0.32474023225346116,21.630009065154237
2189,18.135911100000158,265.7215196450755,231.84312558434218,55.198066572188026,48.16054152257606,-1.5503660802520456,0.20772900383046183,0.9123419571037203,18.307863353667166,-1.4469958388862278,0.2545347589970641,0.3343694315898385,0.42022715323906096,-0.8597733463628963
2191,18.153065700000298,265.71903754373517,231.85484893636269,55.197550967749194,48.162976802812835,-1.7369621529757069,0.20772900383046183,0.9118263526648889,18.30542807343039,-1.4622439961779303,0.1838807482071342,0.2677927367310356,0.3248462396382529,-4.426780877453453
2192,18.16478730000017,265.7159150866174,231.86092140157115,55.19690234284261,48.164238229961384,-1.7793199208295165,0.20772900383046183,0.9111777277583073,18.304166646281843,-1.7579265367835868,-0.026053598804225198,-0.009619937519970104,0.027772886211909147,-6.002491747165022
2193,18.169282400000156,265.70666584440823,231.870793704885,55.19498100697232,48.16628899369428,-1.8831833201034034,0.20772900383046183,0.9092563918880145,18.302115882548947,-1.817063044904718,-0.14276009266077083,-0.20681093600216163,0.2512990396054113,-8.547569359241253
2195,18.184101700000156,265.6994667556564,231.8846763002809,55.19348554743741,48.16917281140645,-1.8398012097572611,0.20772900383046183,0.9077609323531064,18.29923206483678,-1.859501328675135,-0.19548551812361056,-0.26169945147872015,0.32665148201151556,-7.996013384517741
2196,18.196033700000044,265.6937189228008,231.89235361486516,55.19229155584414,48.170767612317135,-1.8460486208577023,0.20772900383046183,0.9065669407598378,18.29763726392609,-1.8667088445682292,-0.19298550033921402,-0.27538397812240784,0.33627330959756463,-2.966792930637244
2197,18.20053080000025,265.68736100511427,231.9013682804253,55.19097083193668,48.17264021981381,-1.9491535718277906,0.20772900383046183,0.905246216852376,18.29576465642942,-1.8583041563405975,-0.10753113013258687,-0.19577050175551436,0.22335853085386548,-0.18846740092620978
2199,18.2169643000002,265.6839722545921,231.91529471552462,55.19026689016648,48.1755331443039,-1.8153575002949867,0.20772900383046183,0.9045422750821714,18.29287173193933,-1.859607985329005,-0.0871840735900886,-0.17537305696990774,0.1958488493679054,1.2368560818440046
2200,18.229156100000182,265.68396303435117,231.91870786467217,55.19026497485501,48.17624215437625,-1.8411598789652475,0.20772900383046183,0.9045403597707065,18.29216272186698,-1.8506365733923118,-0.050427965668869736,-0.14572120562900281,0.15420003077649116,1.245126952069096
2201,18.234355699999924,265.6839836174745,231.92102599570904,55.19026925056672,48.176723697427285,-1.8463203546992994,0.20772900383046183,0.9045446354824165,18.291681178815942,-1.8284711972549732,0.01579843389024385,-0.041667760770391034,0.04456223514370597,0.2379338822832624
2202,18.245159500000227,265.68833751813816,231.92026656972803,55.19117368201436,48.17656594262476,-1.8011915611742348,0.20772900383046183,0.9054490669300534,18.291838933618465,-1.8345504406228696,0.03424543990776293,-0.007283267421908495,0.03501137156432515,-0.3438555557537548
2203,18.2492929,265.6890826705502,231.9181998821781,55.19132847178261,48.17613663167879,-1.838326691141097,0.20772900383046183,0.9056038566983062,18.29226824456444,-1.847641135191896,0.02649336862234429,-0.0017738379686384987,0.026552685026158852,-0.6538072613180647
2204,18.260759700000108,265.6918095470321,231.91842707625742,55.19189492311777,48.17618382647856,-1.8457537171344693,0.20772900383046183,0.9061703080334667,18.29222104976467,-1.8819072233244512,0.005481674615650925,-0.012998066225996616,0.014106682182826182,-1.7879972351031672
2206,18.280523000000358,265.6881069473975,231.92133907019578,55.19112578578409,48.176788732078535,-1.906613351810379,0.20772900383046183,0.9054011706997827,18.291616144164692,-1.8979926186853373,-0.016202842740455838,-0.022347763664071454,0.027603526109124803,-1.8064322891718319
2207,18.29192120000016,265.6823874546228,231.92950011178723,55.189937681247585,48.17848401711855,-2.017650795362076,0.20772900383046183,0.9042130661632797,18.289920859124678,-1.9140418498546974,-0.01787266530565327,-0.04867163092032967,0.051849395575770146,-1.4408904392989337
2208,18.29682270000012,265.6818044442221,231.93025863390383,55.18981657307783,48.178641584162214,-1.8816185379786652,0.20772900383046183,0.904091957993522,18.289763292081012,-1.9172516960885693,-0.01495955916518494,-0.030951564273662302,0.03437713980835691,-0.6450666322815737
2210,18.312065300000086,265.6839396820608,231.93229525550032,55.190260123906995,48.17906464953763,-1.9185728469878969,0.20772900383046183,0.9045355088226898,18.289340226705598,-1.9376667686586468,-0.01676648370228819,-0.07065404664561958,0.0726161778334586,-0.3692837041373632
2211,18.32452790000025,265.6877772178785,231.92722664590633,55.19105729139957,48.17801175231587,-1.8618029483038294,0.20772900383046183,0.9053326763152612,18.29039312392736,-1.925318423991018,0.021962935474521404,-0.04438609869837308,0.04952268462351074,-0.1814765200278197
2212,18.32889890000024,265.6867682180438,231.93204775034377,55.19084769286905,48.179013235538015,-2.008688714660766,0.20772900383046183,0.9051230777847437,18.28939164070521,-1.9228487550574922,0.0458644637015404,-0.028397952554304107,0.05394434854464761,-0.18208294522187818
2214,18.343919800000094,265.69323352998515,231.9333054364839,55.192190725678074,48.17927449342704,-1.955909072023931,0.20772900383046183,0.9064661105937688,18.28913038281619,-1.9298937629236044,0.014582148911548805,-0.0397234314292901,0.04231536448379118,0.01976438635930934
2215,18.355862600000364,265.69868374870725,231.9305576518456,55.19332289418388,48.17870369886138,-1.8692701933110363,0.20772900383046183,0.9075982790995738,18.289701177381843,-1.9377509586971362,0.025167460850577906,-0.04761588095719293,0.05385789826009682,-0.1093752253447125
2216,18.360623000000032,265.6957662130557,231.93249140270748,55.19271683740934,48.17910539500158,-1.9537978863184575,0.20772900383046183,0.9069922223250373,18.28929948124165,-1.9393223978518424,0.024964254874133507,-0.008144025155091652,0.026259077804589106,-0.19525365846143916
2218,18.375272700000096,265.7040097566021,231.92931628853592,55.19442926049826,48.17844583169767,-1.9010889271714886,0.20772900383046183,0.9087046454139553,18.289959044545554,-1.934266287051928,-0.0018199510279522223,0.024153384768441796,0.02422185413044469,-0.08437480231975511
2219,18.38779710000017,265.70105737079115,231.93123120226093,55.19381596433483,48.17884361481819,-2.016545910434298,0.20772900383046183,0.908091349250526,18.289561261425035,-1.9325677257526659,-0.010261621321781343,0.023141436873651125,0.02531456048855712,0.1237359904187282
2220,18.391775900000084,265.70020483342046,231.92847125271368,55.19363886759609,48.17827029324812,-1.9306285180243599,0.20772900383046183,0.9079142525117874,18.29013458299511,-1.9322280134928134,0.01915669088701032,0.032340444364842506,0.03758833791824184,0.5891981130609512
2222,18.408804800000325,265.70451605221086,231.92496804429803,55.19453443278072,48.177542575253725,-1.8607773868147244,0.20772900383046183,0.9088098176964152,18.290862300989502,-1.9257118768405332,0.0064152240673738875,0.043591390687433465,0.044060917397383756,0.20926605848479368
2223,18.419722300000103,265.70555558775976,231.92698557186552,55.19475037446474,48.177961674245516,-1.9520993250191951,0.20772900383046183,0.9090257593804338,18.29044320199771,-1.9039074013299544,0.019512786725699734,0.04375081036655806,0.047904929323955465,0.16012761703875916
2224,18.423687500000142,265.7065707817056,231.92505236220467,55.194961259691794,48.17756009052847,-1.868508243910089,0.20772900383046183,0.9092366446074891,18.290844785714754,-1.9100714085715886,0.016911563865594146,0.0031431919351068687,0.017201181585024632,0.5188486388963963
2226,18.441131900000073,265.70795805239663,231.9276525798888,55.195249436050496,48.17810023115774,-1.9075235328814037,0.20772900383046183,0.9095248209661904,18.290304645085484,-1.9119915491591952,0.03621972170795922,-0.011784305471287632,0.03808855597213725,-0.42291950792662136
2227,18.45215680000001,265.704905467689,231.93078094282376,55.19461532567007,48.17875008287384,-1.9614485542325308,0.20772900383046183,0.9088907105857658,18.289654793369387,-1.8912759198108782,0.041698727059579443,0.010440579837876995,0.04298592264614529,-0.8450961484641276
2228,18.455907900000057,265.70759843723476,231.93135703990515,55.195174733551156,48.17886975494667,-1.8703780897527562,0.20772900383046183,0.9094501184668502,18.28953512129656,-1.9075038876912147,0.021228210429473045,-0.016492982479970934,0.026882250447509342,-0.1923832310164149
2230,18.473018200000297,265.7114841186358,231.92536584374164,55.19598190227779,48.17762520973587,-1.8485211782776103,0.20772900383046183,0.9102572871934882,18.290779666507355,-1.909448971634905,0.02514984979708809,-0.04141910308220737,0.04845675437904,-0.45926805203756094
2231,18.484710200000336,265.7087166717488,231.9272452390116,55.1954070232928,48.1780156146431,-1.9496480833117722,0.20772900383046183,0.9096824082084964,18.290389261600126,-1.889466894673643,0.04642240478492426,-0.021951356177409686,0.051350771211763326,-1.406175834649345
2232,18.488759900000332,265.70942098922626,231.93027856439159,55.195553330460775,48.17864572430258,-1.9172489525998546,0.20772900383046183,0.9098287153764701,18.28975915194065,-1.8953166706876408,0.005610108603814395,-0.006855124771300803,0.008858106692555368,-0.49374755155974026
2233,18.50050770000007,265.7121834333417,231.92810720823655,55.19612717022501,48.178194670651536,-1.861538169426221,0.20772900383046183,0.9104025551407062,18.29021020559169,-1.9288631388250284,-0.0028147470425433216,-0.09761288161435551,0.09765345594484452,-0.4332521151847195
2234,18.516678800000136,265.7079073085307,231.92471479034037,55.19523889507777,48.17748996706138,-1.8996269698227444,0.20772900383046183,0.9095142799934663,18.290914909181843,-1.925047530108756,0.011501252271242091,-0.10436257192074253,0.10499440566867793,-0.9386462186496792
2235,18.520720800000163,265.70800557469124,231.9321293201437,55.19525930780941,48.1790301799513,-2.016253518964549,0.20772900383046183,0.9095346927251029,18.28937469629193,-1.9242844083655017,0.015297067599412035,-0.07101975293649751,0.07264850710305153,-0.31992336842590885
2236,18.53240450000021,265.70926610314547,231.9359055600164,55.19552115612951,48.179814614498284,-1.93057003973041,0.20772900383046183,0.9097965410452034,18.288590261744943,-1.933840881856326,-0.012715212750885652,-0.07285352786514963,0.07395480483172422,0.4137777712569024
2237,18.537216100000023,265.71054253896995,231.9356479903459,55.19578630887178,48.17976110980721,-1.9134333438835822,0.20772900383046183,0.9100616937874761,18.288643766436017,-1.925905985148241,-0.0026491677513315035,-0.06904907528575886,0.06909987617639478,0.6010386566140096
2239,18.553039700000227,265.7035943182315,231.93342173261195,55.194342961899395,48.17929865150587,-1.9093205368803434,0.20772900383046183,0.9086183468150892,18.28910622473736,-1.9130421503378736,-0.004902093865369426,0.02421965445451755,0.02471077065089481,0.686618198860713
2240,18.564801700000316,265.70333388229227,231.92987719218618,55.19428886180117,48.178562347654186,-1.8599524862823187,0.20772900383046183,0.908564246716864,18.28984252858904,-1.8992540663698436,0.004294643435211718,0.05751813493222563,0.0576782438040317,0.9908284997020489
2241,18.569273300000077,265.7032001087567,231.9280411974606,55.19426107315788,48.1781809582988,-1.951934344912714,0.20772900383046183,0.9085364580735771,18.290223917944424,-1.8964964495762373,-9.391960651774361e-05,0.047565328784728945,0.0475654215086112,0.4426224107552409
2243,18.583866299999954,265.70800487740274,231.92106161872556,55.195259162962365,48.176731097361014,-1.8616296198902587,0.20772900383046183,0.9095345478780601,18.291673778882213,-1.8862358283780407,0.04500634370776266,0.05777536564859491,0.07323635606561886,-0.34905738728802266
2244,18.596496099999968,265.71002123888195,231.92341115663453,55.1956780197238,48.17721916453031,-1.8996452599155518,0.20772900383046183,0.909953404639495,18.29118571171292,-1.900026462756192,0.034955582567558506,0.029444998433727384,0.04570449305483661,-0.6340603850481824
2245,18.600958100000298,265.71290570034546,231.9216868345688,55.1962772060302,48.17686097282531,-1.8580174308893604,0.20772900383046183,0.9105525909458976,18.291543903417917,-1.9140614451005722,0.025478689815481702,-0.007824476769591662,0.02665306870571212,-0.5902279418097128
2247,18.617480300000352,265.7085428123263,231.92797438468008,55.19537090764816,48.178167079346466,-1.9289056581730746,0.20772900383046183,0.9096462925638562,18.29023779689676,-1.9182375671691552,0.05852371054523016,-0.033961604111972105,0.06766398783577719,-0.6483300277685871
2248,18.628260800000135,265.70576119136285,231.93321887693173,55.19479308429639,48.179256512497496,-2.0221092566346153,0.20772900383046183,0.9090684692120874,18.28914836374573,-1.9092266001766216,0.06399418804293869,-0.015141834775425132,0.06576116835672303,-0.571275484188746
2249,18.632628600000317,265.71067339110243,231.93387768676223,55.19581349065491,48.1793933664073,-1.882510230233173,0.20772900383046183,0.910088875570608,18.28901150983593,-1.907424406778115,0.06466544047168923,0.006553426283686922,0.06499666597182738,1.0563166838698073
2250,18.644229200000154,265.7140529302951,231.93078082305775,55.19651551896481,48.17875005799497,-1.8545904249528846,0.20772900383046183,0.9107909038805033,18.28965481824826,-1.9156218502921747,0.05310154077565092,0.011716281048210713,0.05437871710833917,1.2741999887347648
2251,18.64826770000036,265.7167288697808,231.927111251907,55.19707138920849,48.17798778163534,-1.8490064638968269,0.20772900383046183,0.9113467741241834,18.29041709460789,-1.8954595811824866,0.0534832230454413,0.031985030642286284,0.06231771283123616,1.0664328637179699
2253,18.664122000000134,265.7081294471836,231.93117443371295,55.19528503971885,48.17883182234427,-1.9698928757433734,0.20772900383046183,0.9095604246345417,18.289573053898955,-1.882194949626174,-0.012347347747182609,0.06479996220672773,0.06596584039018376,0.9587422449262337
2254,18.67607820000012,265.7051543100381,231.93115786624074,55.19466701744336,48.17882838079977,-1.9212979110861748,0.20772900383046183,0.9089424023590524,18.289576495443455,-1.88462179090271,-0.04265630705156062,0.04714538469048315,0.06357867432473457,1.0052917182815793
2255,18.679935099999966,265.70338055749,231.92869324463635,55.1942985575935,48.17831640740907,-1.81618707245161,0.20772900383046183,0.908573942509193,18.290088468834156,-1.8851071591580173,-0.06745513493839939,0.020313430485329992,0.07044736111196788,-0.5254758248752633
2257,18.695433100000173,265.6965892297894,231.93114170120288,55.19288780185557,48.17882502285256,-1.8667246313355645,0.20772900383046183,0.907163186771264,18.28957985339067,-1.8924515412162772,-0.05383713776883134,0.020490045252131973,0.05760450813586157,-3.547633587172877
2258,18.708727700000054,265.69746273713486,231.9276477910234,55.19306925466628,48.1780992363715,-1.851433305173363,0.20772900383046183,0.9073446395819715,18.290305639871725,-1.9278327711435541,-0.055091255591019316,0.014103629096822765,0.05686790655805577,-4.430317044436711
2259,18.712935800000196,265.6965595929751,231.9287083649922,55.19288164542966,48.17831954834553,-2.006614786034673,0.20772900383046183,0.9071570303453527,18.2900853278977,-1.9878997397852594,-0.05966358522440715,-0.0017882466734712808,0.059690378018532234,-5.0438847237927
2260,18.723916700000245,265.69349567216955,231.9303811317754,55.1922451802129,48.178667030523044,-2.0982040607225594,0.20772900383046183,0.906520565128595,18.289737845720182,-2.0385919108476767,-0.07931298296502941,0.05919535876312805,0.09896787239254204,-5.466037713060578
2261,18.740802000000258,265.6838719649174,231.9260500253755,55.19024605709225,48.17776733410511,-2.1165219156601367,0.20772900383046183,0.9045214420079475,18.290637542138114,-2.0925181985499357,-0.09515806163919482,0.18807737278119488,0.21077987296515135,-0.39970330443402435
2262,18.744974800000364,265.68006985890514,231.9205841616173,55.18945624939787,48.17663191567155,-2.120185486647652,0.20772900383046183,0.9037316343135657,18.291772960571677,-2.103303456090387,-0.08318544161825342,0.23657552058562314,0.25077438991568185,9.317149796628456
2264,18.75984970000036,265.67537408664055,231.87053051339697,55.188480801303136,48.166234321188654,-2.121064743684656,0.20772900383046183,0.9027561862188307,18.302170555054573,-1.7660842868953526,0.48011504112207165,1.8014390567049345,1.8643210902989895,14.411618467458656
2265,18.772091199999977,265.6762745519336,231.8593257435836,55.18866785406144,48.163906765517176,-2.0605410737369314,0.20772900383046183,0.9029432389771372,18.30449811072605,-1.3460767694813043,0.8035678023340777,2.620044794735034,2.7405028624991736,15.261436169972939
2266,18.776118900000256,265.7297604714795,231.70823200962639,55.19977843084767,48.13252021467722,-0.4121082147473863,0.20772900383046183,0.9140538157633671,18.335884661566006,-1.2620752659984946,0.8023496281544161,2.9959682754606085,3.1015465228440378,15.584165799413686
2268,18.792065000000093,265.84481962419403,231.38994473741806,55.22367955402264,48.06640271668947,-0.016484328589895455,0.20772900383046183,0.9379549389383328,18.40200215955376,-1.2452456567340326,0.5709541637123391,3.872770342803786,3.914631372832059,-3.777283655813708
2269,18.803845100000217,265.8337406116149,231.26792304348538,55.221378121776155,48.04105527176313,-1.700177969233604,0.20772900383046183,0.9356535066918497,18.4273496044801,-1.2566842404092953,0.4438351147572786,4.2713942285743505,4.29439148948834,-15.915217154869627
2270,18.808290299999953,265.80757913483734,231.15915147620336,55.215943624266416,48.01846026244655,-2.036916697362346,0.20772900383046183,0.9302190091821103,18.449944613796674,-1.5862375821443477,-0.16296974343014015,2.9395052811005127,2.9440194352095386,-21.582547694203004
2272,18.824153900000056,265.76020765894003,230.99242320169873,55.20610319476829,47.98382596407333,-2.117733992113244,0.20772900383046183,0.9203785796839838,18.484578912169894,-2.0047119340663997,-0.6603311713284736,2.7644272477055294,2.8421990190141155,-22.07512296835569
2273,18.835743000000093,265.74483859686393,230.9292009237157,55.20291059481341,47.97069286324803,-2.0598749234226488,0.20772900383046183,0.9171859797291049,18.497712012995194,-2.09140656392528,-0.7240808413444221,2.567588823134724,2.667734137707205,-21.861442401344735
2274,18.839457700000366,265.72717186845426,230.8707088918176,55.19924070291992,47.95854237172982,-2.108856088200155,0.20772900383046183,0.9135160878356174,18.509862504513407,-2.0966348941939312,-0.5858176713761026,1.9348859287690945,2.021624569855927,-7.232378423914484
2276,18.856381200000214,265.68528741414167,230.77559163850228,55.19054008694959,47.93878375945154,-2.1336511185280065,0.20772900383046183,0.9048154718652839,18.529621116791688,-2.0949866504226313,-0.7315358996758579,3.4880609754277208,3.5639464278824886,-1.483358968743304
2277,18.868262200000117,265.65490339650415,230.6658064789615,55.18422844523338,47.91597819762477,-2.0630583487056016,0.20772900383046183,0.8985038301490746,18.55242667861846,-2.1067675973714963,-0.7646138345670177,4.496376311329641,4.560924714254515,-1.7888938191430472
2278,18.872385699999995,265.6281270942432,230.46831242906654,55.17866623063845,47.87495295537764,-2.1094927732567452,0.20772900383046183,0.8929416155541432,18.59345192086559,-2.0970131910581444,-0.8235533188863138,8.257935921497918,8.298900273687732,-16.40358041341949
2279,18.88451239999995,265.602390049928,230.10784272518657,55.17331990006131,47.80007294287959,-2.1187796581669742,0.20772900383046183,0.887595284977003,18.66833193336364,-2.2062550948837356,-0.9627482645196808,10.85548735918751,10.898095706421167,-19.74658393313521
2280,18.888605200000256,265.57711881375155,229.67283470473416,55.168070331344815,47.709709160132746,-2.060084056633395,0.20772900383046183,0.8823457162605095,18.75869571611048,-2.511090536195729,-1.3062773546548594,13.291203529448216,13.355240611404229,-30.282862593620614
2282,18.904264700000112,265.48589712007333,228.60574903031298,55.14912093978931,47.48804451598348,-2.679860637655961,0.20772900383046183,0.8633963247050076,18.980360360259745,-2.7713142162550026,-2.501368906952575,19.89743389103561,20.054045024802395,-72.70553011802322
2283,18.91593469999998,265.3595571657605,227.81373355274425,55.12287646693592,47.32351992980982,-3.5872355552655675,0.20772900383046183,0.8371518518516154,19.144884946433407,-3.397677799923107,-3.001231735382742,22.14396737159114,22.34642438699224,-82.43150538867968
2284,18.919808099999955,265.2229840790378,227.01230561108645,55.09450627568096,47.15704010184735,-3.4106111735531135,0.20772900383046183,0.808781660596658,19.311364774395877,-4.210114823297354,-5.1958217610206505,30.607694152116103,31.045571424629603,-96.05203997718229
2285,18.93235790000017,265.0453547844079,225.96064552508608,55.05760751925638,46.938579799814235,-5.250597576507499,0.20772900383046183,0.7718829041720738,19.529825076428992,-4.933463394346971,-5.842674843126858,32.37076828626922,32.89382143755633,-104.4642571944935
2286,18.936207200000354,264.8182539793051,224.76733728459183,55.01043209524328,46.69069506775369,-6.122269173504625,0.20772900383046183,0.7247074801589761,19.77770980848954,-5.482310354650645,-6.159991654609426,33.42069543904602,33.98364872720893,-98.82080429967779
2287,18.94832640000004,264.5589641295919,223.42719732773975,54.95657007305901,46.4123091295234,-6.29660349290405,0.20772900383046183,0.670845457974707,20.056095746719826,-6.19344937561763,-7.5804219922505975,39.56386829736867,40.28352606503222,-83.26059658565727
2288,18.964266899999984,264.2646418502691,221.94251176479628,54.89543079917017,46.103896876531685,-6.331470356783935,0.20772900383046183,0.6097061840858657,20.36450799971154,-6.599226082027609,-8.596928226441527,44.72518267555488,45.54392539397919,-75.21819356854857
2289,18.968667900000128,263.95899798698133,220.3811662712772,54.831939703922515,45.77956013252779,-6.966306278388037,0.20772900383046183,0.5462150888382098,20.688844743715435,-7.179923659637731,-7.078141794275667,38.37958984747442,39.026824212587854,-52.630853942901105
2291,18.98462610000024,263.34267510611994,217.0613680961174,54.703911565843256,45.08994176468366,-7.2794811085573965,0.20772900383046183,0.41818695075895107,21.37846311155957,-7.45801507945663,-8.32691741255598,49.88170691829001,50.571951106099405,-47.19107789655497
2292,18.996062300000176,263.0860349874675,215.2628052503477,54.650599969652646,44.716328096405434,-9.025757061555229,0.20772900383046183,0.3648753545683405,21.752076779837793,-7.79706270767958,-8.803341712190631,55.34148993931459,56.03730305791717,-44.04709504992172
2293,19.000603299999966,262.85238795829264,213.50346834139552,54.60206470503421,44.35086279290664,-7.687060591998547,0.20772900383046183,0.3163400899499038,22.117542083336588,-7.940012614183545,-6.642449005096858,46.3063605731584,46.78035013033433,-18.976245684971364
2295,19.016232500000115,262.3845864269587,209.9938500416009,54.50488875893985,43.62181327966514,-8.026708497898692,0.20772900383046183,0.21916414385554361,22.846591596578087,-8.092175275299006,-6.87256788717369,52.286284444025675,52.73601928782047,-38.506400499176145
2296,19.02775130000009,262.183739685353,208.41235716372054,54.463167065383495,43.29329133957808,-7.681055810907863,0.20772900383046183,0.17744245029918915,23.175113536665144,-8.168112819863538,-6.7453180353775455,53.30230459604488,53.72741377218837,-39.193820157325945
2297,19.031988300000194,261.9966337738773,206.9210748255981,54.42429974078186,42.98350874504995,-8.0402944141347,0.20772900383046183,0.1385751256975567,23.484896131193274,-8.65569412760457,-5.08771061580535,41.74792674688488,42.05679715543546,-51.94418317219295
2299,19.04786140000033,261.68904246426087,204.03654056527176,54.360404104448335,42.38430731663752,-9.405444784377888,0.20772900383046183,0.0746794893640299,24.08409755960571,-9.18083939450298,-5.126839503236243,43.34485674722532,43.64700550701535,-112.78015202452923
2300,19.060417400000006,261.5439647176277,202.66389359468707,54.33026724866226,42.09916872882706,-10.124967130703704,0.20772900383046183,0.044542633577954405,24.369236147416167,-10.376567925824284,-5.539367970030839,44.58563263129179,44.9284234604322,-123.96827362795827
2301,19.06516260000035,261.3974657887819,201.4159390663964,54.299835172110896,41.839932377839524,-10.65243483239074,0.20772900383046183,0.014110557026590698,24.628472498403703,-11.866160409432295,-4.6382448538427,35.011553545893044,35.31744890307246,-113.22235773652352
2303,19.080902100000003,260.96673995774614,198.78489397302184,54.21036092430579,41.293388001559805,-13.659698467514382,0.20772900383046183,-0.07536369077851646,25.175016874683422,-12.850400065687458,-7.104975541058417,41.29946360633984,41.906161499359825,-155.411910627959
2304,19.091970400000264,260.71803386638965,197.43987202230818,54.158697455701734,41.01398793160795,-15.488256832174752,0.20772900383046183,-0.12702715938257114,25.454416944635277,-13.529411873915697,-8.355304007483634,43.62018434646681,44.41319159300782,-137.9069438602464
2305,19.095780800000284,260.4179575632771,196.17072850362393,54.09636290418304,40.750350012753785,-14.326643065653702,0.20772900383046183,-0.18936171090126663,25.718054863489442,-14.459270419546684,-9.000985702114624,39.75745815569544,40.76362622009413,-74.02506400690397
2307,19.112120600000253,259.73741079985325,193.47169863053654,53.954993602956954,40.18968322590868,-13.520026171844899,0.20772900383046183,-0.3307310121273517,26.278721650334546,-14.585198168309384,-9.20221779282776,37.64630647980712,38.75467976745781,-57.8554331891643
2309,19.127639799999997,259.01709456842343,190.83315681595883,53.80536302975913,39.641581563201434,-15.301727560545672,0.20772900383046183,-0.48036158532517703,26.826823313041793,-14.499939382124424,-12.737766378307395,48.904226836306904,50.53586938764682,-49.119068678711514
2310,19.140031400000225,258.6179668794106,189.39143281971235,53.72245263251933,39.34209367366268,-14.289337211327886,0.20772900383046183,-0.5632719825649772,27.126311202580546,-14.272986501840556,-10.874374820624741,40.804786883128536,42.22893155547481,4.2478550792923695
2311,19.143963800000165,258.1949580284464,187.8479802752406,53.63458142529708,39.02147381413997,-15.061962901249954,0.20772900383046183,-0.6511431897872271,27.446931062103253,-14.342454753884702,-13.135532669764537,49.20612750255445,50.92921757023268,-4.581813693301546
2312,19.15535940000018,257.80864246121314,186.2740029728629,53.55433247735151,38.694513077065295,-13.191878664234366,0.20772900383046183,-0.7313921377327972,27.77389179917793,-14.082602278901941,-12.435236671583855,47.016111150569664,48.63280599349605,-11.433294473720878
2313,19.159517400000368,257.40916134772516,184.74635337383097,53.47134866359757,38.37717594765639,-13.867367432065624,0.20772900383046183,-0.8143759514867384,28.091228928586837,-14.298216012421015,-14.79016614957537,57.4325549633856,59.306385696266744,-42.67274035887948
2314,19.172065799999928,257.03824919923596,183.27436834223704,53.39429945248329,38.07140196339003,-14.002465185631877,0.20772900383046183,-0.891425162601017,28.397002912853196,-14.659153700531082,-11.462231890275204,45.56419182768717,46.983809305086325,-46.59934827677962
2315,19.175953100000243,256.6926982861371,181.8474617144655,53.32251850553256,37.77499207104397,-15.367405878923252,0.20772900383046183,-0.9632061095517486,28.69341280519926,-15.195143063184235,-11.250796225529376,45.189666938222885,46.569157322157984,-52.05247638827788
2316,19.188062700000046,256.36007947876084,180.55383015029605,53.25342393202101,37.50626727489541,-16.866651341800278,0.20772900383046183,-1.0323006830632977,28.96213760134782,-15.64681481266799,-8.159529768141109,34.51098520045634,35.46245938373843,-51.38527542494973
2318,19.20830449999994,255.77688900825507,177.94047719262105,53.13227835653943,36.96339806834018,-15.871825477500137,0.20772900383046183,-1.153446258544875,29.505006807903044,-15.73714916256474,-9.658816356574661,44.10247395192812,45.14776785280234,-42.486281804616056
2319,19.21988650000003,255.52591780870438,176.6622166187119,53.080144359266626,36.697866272686284,-16.125726179484403,0.20772900383046183,-1.2055802558176794,29.770538603556943,-16.299097957261015,-7.227862217655166,34.71621023371156,35.46064360990457,-20.2819112670048
2320,19.22344450000037,255.29234905056478,175.42342768983423,53.03162535381237,36.44053388253432,-14.454136935115631,0.20772900383046183,-1.2540992612719322,30.02787099370891,-16.24312589979402,-7.066709504426016,34.282893900307116,35.00364548728689,-10.411167945646024
2322,19.239777100000083,254.79617060411243,173.11819339473817,52.92855469940868,35.9616698588182,-18.177149852404625,0.20772900383046183,-1.3571699156756267,30.50673501742503,-16.681824731628854,-8.741812995564084,39.487188879690024,40.443261244238556,-40.17263626209876
2323,19.252583700000287,254.49408278164333,171.88367432524706,52.86580229697786,35.7052244423031,-16.5867910544653,0.20772900383046183,-1.419922318106444,30.76318043394013,-16.52744033407537,-9.227349945304638,40.380652028426574,41.42150462325077,-30.807917707365135
2324,19.256974100000207,254.19057162924872,170.76687423927075,52.80275422763949,35.473232672965466,-18.06531963667431,0.20772900383046183,-1.4829703874448157,30.99517220327776,-17.20035739987717,-7.442644290784203,29.228765523571333,30.161460310652316,-42.11343349190649
2326,19.27284570000029,253.6611607573456,168.67386042608723,52.69278023460204,35.03845299854946,-15.353804191716973,0.20772900383046183,-1.5929443804822654,31.429951877693767,-17.227268605117484,-8.960789641903135,33.08991526849429,34.281747964223904,-41.10520816309646
2327,19.28410180000037,253.40577633435595,167.7762303042757,52.639729482820584,34.851989187537335,-17.818722264124645,0.20772900383046183,-1.645995132263721,31.616415688705892,-17.68647530905617,-8.824738499990685,32.00563521624786,33.19995022870882,-53.72532107171183
2328,19.28831100000025,253.12409194125502,166.790939442524,52.58121546444713,34.647315698342396,-18.31170587860618,0.20772900383046183,-1.704509150637172,31.82108917790083,-17.77831664984391,-8.513641435325384,29.920188853541298,31.10787346510311,-30.19888724873681
2329,19.300397200000134,252.8785762384876,165.9412956516466,52.53021473208653,34.4708200400527,-18.88282457415874,0.20772900383046183,-1.755509882997778,31.997584836190526,-18.39526276441292,-7.87386791993984,26.76094842698368,27.895271225287235,-30.16927214350005
2330,19.30385950000027,252.66515110918243,165.23437405329253,52.485880142583575,34.32397192064037,-18.524526340612997,0.20772900383046183,-1.7998444725007303,32.14443295560286,-18.51865198732672,-7.197897446547416,24.177705357575284,25.226398157658938,-20.583863641406595
2332,19.319806599999993,252.3787949973024,164.3440589313093,52.42639567272197,34.139027647255595,-18.43853476456202,0.20772900383046183,-1.8593289423623318,32.32937722898763,-18.54332983190948,-4.959857152276797,15.644477985995112,16.411882110997414,-26.001040912034124
2333,19.332368100000167,252.29817470147404,164.12337969254412,52.40964849898103,34.09318616882084,-18.435668378693656,0.20772900383046183,-1.8760761161032775,32.375218707422384,-18.45375642007739,-3.9520979825407183,11.964521847204388,12.600351641753239,-20.32064675101396
2334,19.335989500000323,252.25090857405016,164.01949238407354,52.399829953416344,34.07160576172162,-18.43509510151998,0.20772900383046183,-1.8858946616679617,32.396799114521606,-18.630861268960974,-0.7625076311904959,1.522511866941231,1.7027801597976804,-20.276292973608783
2336,19.3526681000003,252.3166699832048,164.32433076179757,52.413490505430524,34.13492953425553,-18.4349575149983,0.20772900383046183,-1.8722341096537818,32.3334753419877,-19.008523624606056,1.8518758996256826,-6.266267849552243,6.534183737081972,-27.415853737146435
2337,19.3643833000001,252.49392427070353,164.8768247253615,52.450311361997315,34.249698554929005,-19.41005058503091,0.20772900383046183,-1.8354132530869904,32.21870632131422,-19.423431095735072,2.9205764135902164,-9.426734911950225,9.86879413544536,-35.54623973143093
2338,19.368911500000195,252.6975624885743,165.47294076996343,52.49261292613742,34.373529147041516,-20.326846542787433,0.20772900383046183,-1.7931116889468868,32.09487572920171,-19.59208519738275,5.9773666890646275,-18.11209819838623,19.07293930372362,-40.547271305074446
2339,19.380042100000082,252.91244299030762,166.12412508506898,52.53724983870507,34.508799016128414,-20.510205734338737,0.20772900383046183,-1.7484747763792328,31.959605860114813,-19.965195603929676,7.026382292784223,-20.78213343337723,21.937801124247784,-34.5698371780202
2340,19.384315000000242,253.17105813527223,166.89481987600357,52.59097170514404,34.66889467730658,-19.278365609758374,0.20772900383046183,-1.694752909940263,31.799510198936645,-20.281006650082812,9.366246615659488,-27.627036111343692,29.171556351398895,-20.36270201776271
2341,19.39552390000017,253.49827371960907,167.82005277783878,52.65894387251613,34.86109238631598,-20.300509547732926,0.20772900383046183,-1.6267807425681724,31.607312489927246,-20.199813390563442,8.617725628399512,-25.51325944585901,26.929381770811,-14.618856471655269
2342,19.40003250000018,253.82041498751946,168.77549735583665,52.72586195719184,35.05956593671869,-20.989105815796584,0.20772900383046183,-1.5598626578924666,31.408838939524536,-20.039219269909566,8.546970141800497,-25.287096658420175,26.692470024655155,-5.647127556515125
2343,19.411812400000144,254.13793455742675,169.72692487606855,52.79181998114536,35.257205027713354,-19.920880245190567,0.20772900383046183,-1.4939046339389463,31.211199848529873,-20.139655377419416,8.126097134297984,-24.85136751514833,26.146202821997225,23.91481174055692
2344,19.427907000000232,254.42123672163208,170.58090877028667,52.850670057498746,35.43460225134654,-19.707235131069364,0.20772900383046183,-1.435054557585559,31.033802624896687,-19.95718278446826,7.616342406186719,-23.592985188434785,24.791886207991137,23.17125481953709
2345,19.43245220000017,254.650288275867,171.35304808490565,52.89825070868579,35.59499798199068,-19.780546147307625,0.20772900383046183,-1.3874739063985189,30.873406894252547,-19.62129495533115,6.106554617341683,-20.053884916140817,20.96302243295077,15.372835671828833
2346,19.444922800000313,254.86132542590036,172.00470489232015,52.94208924563343,35.73036600143423,-19.38814658297715,0.20772900383046183,-1.3436353694508725,30.738038874809,-19.577325397316233,5.424154004373421,-18.36596600916492,19.15019984524865,18.893376566787385
2347,19.449196700000357,255.0113823818657,172.54633842400779,52.973260427613944,35.842878995412875,-19.309666670111056,0.20772900383046183,-1.3124641874703613,30.625525880830352,-19.591739493525747,5.931388866789489,-19.784791052235875,20.654765330782798,13.210595380591318
2348,19.4598060000003,255.1230886679762,172.97218641264257,52.99646506314928,35.93133997387519,-19.701032455115964,0.20772900383046183,-1.2892595519350252,30.537064902368037,-19.49544262526765,4.1081947741944935,-13.551640814032533,14.160657931581826,-1.7721972476985197
2349,19.463445700000193,255.2315930898456,173.28960879798487,53.019004578615416,35.99727780977583,-19.779305612116943,0.20772900383046183,-1.2667200364688895,30.471127066467396,-19.55759560513166,4.009328257148121,-12.927325101618798,13.534786564867208,-2.5923045565039833
2350,19.475698600000214,255.31136201757857,173.5328209006681,53.035574898510006,36.04780001758573,-19.29906180601714,0.20772900383046183,-1.250149716574299,30.420604858657498,-19.570026201104458,2.6057375570487626,-8.051657475507936,8.462804282217407,-1.649908070262288
2351,19.480024700000286,255.3742768142091,173.69387417047952,53.04864412654027,36.0812554528873,-19.698911482297177,0.20772900383046183,-1.2370804885440378,30.38714942335593,-19.57251232029902,2.257006914267847,-6.993736517139153,7.348906767827345,-9.933133617942806
2352,19.492422499999975,255.39071504705814,173.81009192518823,53.052058824274724,36.10539725130035,-19.37181964997506,0.20772900383046183,-1.2336657908095816,30.363007624942874,-19.555906753846838,0.9754802877819683,-3.3930120875712193,3.5304522115807764,-5.571554363112654
2353,19.49629810000033,255.39899025468446,173.8669669510236,53.053777824911435,36.11721184375997,-19.713463051088763,0.20772900383046183,-1.23194679017287,30.35119303248326,-19.681241646415778,0.7214653690945066,-2.38323702232025,2.4900463817689347,-6.4768033929476925
2355,19.511961800000336,255.38278219731427,173.87546209917286,53.050410941299894,36.1189765324224,-19.696277779856054,0.20772900383046183,-1.235313673784411,30.349428343820826,-19.607128937429568,0.27123686937095637,-0.14028353104332714,0.3053668423194329,-2.8136214620432565
2356,19.523979999999938,255.3875427783325,173.82191194202954,53.05139985205246,36.107852611624054,-19.925736268861836,0.20772900383046183,-1.234324763031843,30.360552264619173,-19.67371874914795,0.18639778762133105,0.5195582204674503,0.5519826806027799,-3.095509843171941
2357,19.527818200000183,255.40176774414368,173.75758675015584,53.05435479002995,36.094490403594925,-19.328347937366118,0.20772900383046183,-1.231369825054358,30.373914472648302,-19.605624357976,-0.17019162448964978,1.903899413882752,1.9114910847894409,9.024821900249592
2358,19.539663200000177,255.39328480102614,173.68049699881826,53.05259263670659,36.078476626344035,-19.704768708566974,0.20772900383046183,-1.2331319783777133,30.389928249899192,-19.606454049126,-0.2534337808112364,2.313546929888774,2.3273865338731445,8.129462895924737
2359,19.54358090000005,255.36802411163347,173.60744877363035,53.04734525886298,36.063302391294165,-19.37299109522902,0.20772900383046183,-1.2383793562213228,30.40510248494906,-19.495731315481,-0.3814441482200144,2.4156959401363296,2.4456259962231424,11.08118197814802
2361,19.56076669999993,255.315807178669,173.44731498988023,53.03649828739518,36.03003795991615,-19.700426235606038,0.20772900383046183,-1.2492263276891222,30.438366916327077,-19.491354102736373,-0.5670934749055752,2.4741468491778935,2.538306057310146,4.708847578724731
2362,19.57162120000021,255.28666206078054,173.37226194449153,53.0304440010897,36.01444726556311,-19.372122600636832,0.20772900383046183,-1.255280613994607,30.453957610680114,-19.391298972687448,-0.5280592397200717,2.4588283919828613,2.514892367850911,6.118939194550495
2363,19.575969600000008,255.28334688116195,173.29326842801743,53.02975534213001,35.99803802107688,-19.30646187364299,0.20772900383046183,-1.255969272954296,30.470366855166347,-19.452700300193285,-0.5806715637750635,2.3586787988172917,2.4291037731984937,-8.737807019394834
2364,19.588038400000187,255.28604286653072,173.21917205695553,53.03031537648501,35.98264605572874,-19.20449305832235,0.20772900383046183,-1.2554092385992988,30.485758820514484,-19.36845509910116,-0.555552529373809,2.153506899260511,2.2240122702126124,-11.290197211738617
2365,19.592073700000128,255.2549137317694,173.1536585232721,53.02384895233093,35.96903699463927,-19.67999773275822,0.20772900383046183,-1.2618756627533756,30.49936788160396,-19.554165873335858,-0.8297556917238225,2.5699448447466,2.700576052065134,-21.74503382648066
2366,19.60390929999994,255.22610865144821,173.1018263434645,53.017865301690556,35.958269947561476,-19.279200230145396,0.20772900383046183,-1.2678593133937497,30.51013492868175,-19.702196700057797,-0.8231553066101778,2.0225979236219134,2.1836865662086606,-18.077928577435614
2367,19.6075850000002,255.19197943336985,173.03956715105167,53.01077567321762,35.94533690754227,-20.30067647181033,0.20772900383046183,-1.2749489418666826,30.523067968700957,-19.86045887126156,-0.8366555895092276,2.336385065064076,2.4816703543604457,-18.9489235314397
2368,19.619390199999998,255.1848547521413,172.9806406891301,53.00929567028341,35.93309617230805,-20.04661600725269,0.20772900383046183,-1.276428944800898,30.53530870393518,-19.810698951986687,-0.48559918511489575,1.7834281389484337,1.8483567013369808,-6.447410181789126
2369,19.623180800000227,255.18446976103337,172.92873866349345,53.009215696464075,35.92231461622576,-19.995803914341163,0.20772900383046183,-1.2765089186202303,30.546090260017465,-19.800746968131715,-0.3538958878399257,1.6715230905885143,1.7085759397230746,-1.8055149276127445
2370,19.63558830000011,255.19359745124467,172.89244009800228,53.01111178245894,35.91477435137581,-19.43119813638386,0.20772900383046183,-1.2746128326253654,30.553630524867415,-19.596196756907595,0.12648104639706692,1.1782986484480458,1.185067576145845,14.339778220212507
2371,19.651432300000124,255.20526352907092,172.86573011117048,53.01353516518439,35.90922591241891,-19.229440310870523,0.20772900383046183,-1.272189449899912,30.559178963824316,-19.426630708803398,0.09760029603912512,0.9931950376010582,0.9979790581481619,10.76318396856557
2372,19.65574790000028,255.2150922799728,172.8438663046481,53.01557688181814,35.904684165670076,-19.27792541568973,0.20772900383046183,-1.270147733266164,30.56372071057315,-19.26406149332318,-0.11696365507118267,0.43847267698902936,0.45380478740702623,8.48473887261161
2373,19.668439900000067,255.19860949577446,172.83706139427727,53.012152929476265,35.90327058841759,-19.198785766731696,0.20772900383046183,-1.2735716856080401,30.565134287825636,-19.437534308038806,-0.19291006669508912,0.38329263801576086,0.4291008508374049,4.074295100182796
2374,19.672397400000136,255.17776898160963,172.83571493353026,53.00782375022949,35.902990889467915,-19.18295783694009,0.20772900383046183,-1.2779008648548142,30.56541398677531,-19.47222887098193,-0.19617050197600436,0.33474012222503363,0.3879868751294919,1.350212765104862
2376,19.68827020000026,255.1604302100933,172.81036034954437,53.00422198449476,35.89772400699399,-20.29856220996198,0.20772900383046183,-1.281502630589543,30.570680869249237,-19.560580137086177,-0.5239605392972696,0.12305857106493062,0.5382174826714831,-7.609876313791529
2377,19.700413900000058,255.1684187097499,172.80408010813804,53.00588142757052,35.89641941870284,-19.402913125586146,0.20772900383046183,-1.2798431875137837,30.571985457540386,-19.596017724291404,-0.43845958599295143,0.10502636034981425,0.4508628892661708,-1.4509342865224695
2378,19.703899699999965,255.14885516571871,172.8041808851888,53.001817512057535,35.8964403530192,-19.71968174621098,0.20772900383046183,-1.2839071030267704,30.571964523224025,-19.620872575716824,-0.3579609398810574,-0.013968858675059662,0.35823339248765435,1.6307225667395169
2379,19.715755400000035,255.15785740715233,172.80297011753743,53.003687538702785,35.89618884146111,-19.375973702757822,0.20772900383046183,-1.2820370763815205,30.572216034782116,-19.41782209203947,-0.36607707877126183,-0.11171983345399242,0.3827450179802324,3.785878616530817
2380,19.71919479999997,255.14640938962987,172.81165103768512,53.001309453427005,35.897992120355724,-19.30723209406719,0.20772900383046183,-1.2844151616573,30.570412755887503,-19.39497932928837,-0.3290657813652984,-0.13378676545383444,0.35522272882820105,2.8898260192446834
2382,19.7356992,255.12515648437383,172.82411991348812,52.99689460858966,35.90058226750517,-19.28330979157519,0.20772900383046183,-1.288830006494642,30.567822608738055,-19.308998423222526,0.16187159504745668,-0.1319703377523846,0.2088506244416958,3.1417240538463655
2383,19.748363000000154,255.14476873535128,172.82429703769822,53.000968641948084,35.90061906134088,-19.288699311830662,0.20772900383046183,-1.284755973136221,30.567785814902344,-19.402690913884356,0.16169278849566043,-0.11221654992943508,0.19681745839627077,-2.540287382356558
2384,19.75155480000012,255.16457200561516,172.82424976601635,53.00508235555259,35.900609241641504,-19.289777215881756,0.20772900383046183,-1.2806422595317173,30.567795634601723,-19.42142941201672,0.15444762867613904,-0.11949616471567862,0.19527775957706786,-5.74010455606189
2385,19.76500870000018,255.1747298849487,172.8164788538576,53.00719244170757,35.89899499779991,-19.844436156066976,0.20772900383046183,-1.2785321733767319,30.569409878443317,-19.57323290702014,0.17142481192435371,-0.06263425153949058,0.18250894665525913,-6.859173076949967
2386,19.768253200000345,255.16336478324888,172.825236351648,53.004831580453036,35.900814184091956,-19.40092458472902,0.20772900383046183,-1.2808930346312692,30.56759069215127,-19.603593606020826,0.15452836141595255,-0.05456697010240799,0.1638797385525628,-6.047140173289236
2388,19.78399360000003,255.14952781146525,172.81558484033738,53.001957240088394,35.89880928526195,-20.042327266592288,0.20772900383046183,-1.2837673749959109,30.56959559098128,-19.609665745820962,0.06677588900937671,-0.0755588072651121,0.10083725853234486,-4.396156945500966
2389,19.795944299999974,255.16317540989758,172.8134314273695,53.00479224211542,35.89836195893129,-19.440502806834083,0.20772900383046183,-1.2809323729688842,30.570042917311937,-19.649560593702866,0.024723085643720645,-0.036436561425339284,0.044032419559334554,-1.5150521624588928
2390,19.800050000000283,255.179976896908,172.81544510659825,53.008282398274964,35.898780258511515,-19.32013791488244,0.20772900383046183,-1.277442216809341,30.569624617731712,-19.63977222929487,0.025182989937436062,-0.043144413227078696,0.049956214577346926,0.7461177344012259
2391,19.81192910000027,255.17692171446137,172.79739765360267,53.00764774826881,35.89503127907906,-20.043910395476487,0.20772900383046183,-1.2780768668154963,30.573373597164164,-19.6026822290621,0.07090589821013372,-0.062106730459423186,0.09425970702980828,-1.6953822002369527
2392,19.815736600000037,255.16362663833215,172.8082895379124,53.00488597534863,35.897293839356564,-19.351982762689047,0.20772900383046183,-1.280838639735677,30.571111036886663,-19.595264229015545,0.1475278823799613,-0.10314199307000757,0.18000762987709493,0.6471467920578406
2393,19.827495700000327,255.16623090885062,172.80644631636287,53.00542695786914,35.89691094878024,-19.856877265428434,0.20772900383046183,-1.280297657215165,30.57149392746299,-19.74334972080311,-0.03211624703129025,-0.036713330022280666,0.04877829358126168,-2.6933995673070363
2394,19.832097800000156,255.17997401749585,172.81016260448135,53.008281800137546,35.89768292960904,-19.403412806601313,0.20772900383046183,-1.2774428149467596,30.570721946634187,-19.704810080879373,-0.2326350603613977,-0.16251115611102507,0.28377622728109747,-3.435266396239577
2395,19.843246100000215,255.177390202372,172.79780508593478,53.00774506679579,35.89511591459154,-20.060565373820264,0.20772900383046183,-1.2779795482885135,30.573288961651684,-19.864438578675877,-0.119106994267415,0.004660941802510692,0.11919815628567591,-3.832652902610115
2396,19.847418500000003,255.15617921563205,172.8040998615716,53.003338929650035,35.89642352206391,-19.851212195857805,0.20772900383046183,-1.2823856854342708,30.571981354179314,-19.8668879598758,-0.17989965957018994,-0.02008060432087758,0.1810169002700076,0.4121701772010886
2397,19.86008579999998,255.14656204633965,172.78936572467023,53.001341164653255,35.89336281448309,-20.15012525167156,0.20772900383046183,-1.2843834504310507,30.575042061760136,-19.867377836115786,-0.42575731526188615,-0.13814208078999105,0.4476075580058915,-0.6589696020166476
2398,19.875946900000145,255.12686573131148,172.796325195816,52.99724966875333,35.894808498491386,-19.869124171428062,0.20772900383046183,-1.2884749463309788,30.57359637775184,-19.730483094401016,-0.41520834245719146,-0.23236038987869576,0.4758038655061851,3.851631360481829
2399,19.880535000000236,255.11341580416575,172.81306826794815,52.99445572878575,35.89828652018647,-19.405862187801237,0.20772900383046183,-1.2912688862985533,30.57011835605676,-19.71663317761393,-0.2608128689774189,-0.2065164813235708,0.3326746303559997,4.273408541952955
2401,19.896027199999935,255.11375886739904,172.83102916909053,52.994526992969455,35.902017520288666,-19.376091665246424,0.20772900383046183,-1.2911976221148507,30.56638735595456,-19.589064755909373,-0.2808723045324731,-0.265821699911229,0.38671750360835466,4.349823759926484
2403,19.91279220000024,255.09083490479838,172.845893218637,52.98976502105457,35.905105214493844,-19.78196261192236,0.20772900383046183,-1.295959594029732,30.563299661749383,-19.563551071568458,-0.2577606321339304,-0.26711390036112825,0.371201265143612,0.4176924894437475
2405,19.927651500000138,255.072379070588,172.84982057378443,52.98593120899919,35.9059210400663,-19.51228314314877,0.20772900383046183,-1.299793406085115,30.562483836176924,-19.55844833470028,-0.1526451653950405,-0.21673586200138872,0.265094285860643,3.2178166257873513
2406,19.939979199999925,255.06392835529348,172.85561310243048,52.984175750329406,35.90712431627161,-19.741555749723506,0.20772900383046183,-1.3015488647548992,30.561280559971614,-19.694420504289404,-0.12510441737550348,-0.09350520187594621,0.15618686892541778,2.3207696517576673
2407,19.943959800000357,255.0623306606007,172.86531242477753,52.983843862802445,35.909139146840594,-19.380348503460326,0.20772900383046183,-1.3018807522818605,30.559265729402632,-19.626673553135742,0.28993421006852427,0.0037455757444263132,0.2899584030610536,2.5394306000941262
2408,19.95548830000007,255.07022820348027,172.84448286083307,52.985484411517525,35.904812242272186,-20.055952513192068,0.20772900383046183,-1.30024020356678,30.56359263397104,-19.583451712198972,0.4102612103294393,-0.00774046232287523,0.4103342240880576,2.4903941656556867
2409,19.958793799999967,255.0987299939853,172.83967601305983,52.99140506006652,35.903813720572685,-19.44322785615404,0.20772900383046183,-1.2943195550177862,30.56459115567054,-19.574807344011617,0.41849772058862555,0.0006303580996359619,0.4184981953237183,7.59902489711576
2411,19.97639560000016,255.1278470696314,172.8491945335311,52.997453521184944,35.90579099334812,-19.29617393846491,0.20772900383046183,-1.2882710938993611,30.562613882895107,-19.573078470374146,0.697353574904815,0.10909346131873654,0.7058352440442657,6.300568138664888
2412,19.98812930000031,255.1221297666754,172.8523437993984,52.9962658715373,35.906445187209535,-19.698333908786733,0.20772900383046183,-1.2894587435470086,30.561959689033692,-19.40278323167729,0.6478808014644888,-0.011836093551683899,0.6479889088686878,4.55642850375
2413,19.991364700000304,255.14254721217668,172.85178071303318,53.00050716715204,35.90632821783982,-19.37170413527297,0.20772900383046183,-1.2852174479322684,30.562076658403406,-19.36872418393792,0.26380245961729004,-0.09908214476359309,0.2817960416881074,1.8385954724439455
2415,20.007356099999924,255.1344594708416,172.86943464356358,52.99882710870126,35.909995451242594,-19.204476319707794,0.20772900383046183,-1.286897506383042,30.558409425000633,-19.448226525161974,0.01240014678406956,-0.09255740426379729,0.09338434946134429,1.2099925030770267
2416,20.01984450000009,255.1266896662944,172.87749965210185,52.997213094942715,35.91167078743213,-19.272932617457183,0.20772900383046183,-1.28851152014159,30.556734088811098,-19.585274454344287,-0.012565157284217365,-0.04364391123789986,0.04541667277243901,-1.7614838440937166
2417,20.023011300000235,255.11276525104626,172.87871481781062,52.9943205900343,35.9119232125943,-19.693685644585187,0.20772900383046183,-1.2914040250500065,30.556481663648924,-19.594916706196372,-0.5925771555070749,-0.1911213666425557,0.6226355772168615,-3.923714111454665
2418,20.036211900000126,255.0984008159354,172.86671621055618,52.991336680238135,35.90943075386198,-20.383573554698287,0.20772900383046183,-1.2943879348461707,30.558974122381244,-19.599458194754902,-0.4972110784873459,-0.14105700609718574,0.5168325991456529,-3.612448747163411
2419,20.039408399999957,255.07394712781198,172.8775066893578,52.98625693996427,35.9116722492743,-19.419915394533408,0.20772900383046183,-1.2994676751200345,30.55673262696893,-19.600366492466605,-0.44660705195358585,-0.15325921518400729,0.47217183936940876,7.846596367223802
2420,20.051441500000237,255.09548263156236,172.87629042966367,52.99073048870533,35.91141959685964,-19.22718376250043,0.20772900383046183,-1.294994126378974,30.55698527938359,-19.641462437647697,-0.3104093993466934,-0.09754077070835401,0.32537393434808926,56.04347275372863
2421,20.055636999999933,255.09798259636716,172.88023212279677,52.99124980390384,35.91223840084758,-19.27747410601571,0.20772900383046183,-1.2944748111804643,30.55616647539565,-19.447121812230787,-0.1838502774956212,-0.1184450444705607,0.21870105874195034,119.57828137116707
2423,20.07196040000008,255.07972086661866,172.86460389366113,52.98745631297496,35.9089919643776,-19.89916537049063,0.20772900383046183,-1.2982683021093422,30.55941291186563,-15.563138733324104,0.133981117726192,0.021801813807691722,0.1357433570841129,119.63511213680144
2424,20.084078500000032,255.10344919858827,172.85968658742894,52.99238537573757,35.90797049725246,-19.41187042761375,0.20772900383046183,-1.2933392393467358,30.56043437899077,-11.717701980824017,0.059627065304851026,0.01760252327319954,0.062171020117515366,120.31816048145298
