frame,t_s,x_px_filt,y_px_filt,x_mm_abs,y_mm_abs,angle_deg_raw,mm_per_px,x_mm,y_mm,angle_deg_unwrapped,vx_mm_s,vy_mm_s,speed_mm_s,angular_vel_dps
374,3.106011199999557,211.10222351219167,345.7341617054623,41.05173688564165,67.23277283666718,1.376096373160482,0.1944637825345824,0.0,-0.0,0.8199230198900573,,,,
433,3.5910203000003094,211.00112005049684,345.64601991770246,41.03207592405313,67.21563245122003,1.3381449158494134,0.1944637825345824,-0.01966096158852082,0.017140385447149242,1.093566369677058,,,,
434,3.602366400000392,210.99696122600312,345.66676163225765,41.031267183311186,67.21966596348868,1.3853738104403908,0.1944637825345824,-0.020469702330466077,0.013106873178500678,1.3718440050885596,,,,
435,3.6066680000003544,210.99267139780937,345.6867786038652,41.03043296709421,67.22355853950238,1.3682167489350021,0.1944637825345824,-0.021303918547445733,0.009214297164803043,1.370508654908148,0.21541915851431798,-0.44010368412655554,0.48999659859715744,4.856162496713359
436,3.618276799999876,210.98884091463788,345.7034100440327,41.02968807684774,67.22679275226635,1.3913881770575083,0.1944637825345824,-0.02204880879391169,0.005980084400832197,1.375884853997987,0.23615605419824964,-0.48923460598314333,0.543249649448546,4.818826709641025
437,3.6226881999991747,211.0216662528294,345.7192179895238,41.03607141627544,67.22986682514065,1.3694196222584256,0.1944637825345824,-0.015665469366211937,0.0029060115265338027,1.371639525731238,0.20641841537486216,-0.5067000326091771,0.5471320546741986,-0.0468778976714585
438,3.634532500000205,211.02551238840266,345.73202770294733,41.03681935034716,67.23235785046617,1.365025911298609,0.1944637825345824,-0.014917535294493689,0.0004149862010081051,1.3761110281626052,0.33998028510245387,-0.3597212204861857,0.4949605547176632,0.018324639372533074
439,3.6390546999991784,211.02039710955182,345.7423254682173,41.03582461387311,67.23436039285222,1.3641471691066456,0.1944637825345824,-0.01591227176854204,-0.0015875561850435815,1.3770053286488786,0.3469003853129868,-0.32271492567474824,0.47379826992461355,-0.006182127022601361
440,3.6505335999991075,211.04836938847194,345.75236145738637,41.041264209038026,67.23631202926751,1.390574261091837,0.1944637825345824,-0.010472676603626496,-0.0035391926003285334,1.3771841887461334,-0.016182465490764505,-0.2210365467183275,0.22162812812123636,0.23083296028294176
441,3.666260699999839,211.04597830292852,345.75992874325283,41.04079922949889,67.23778359230063,1.3958596794888753,0.1944637825345824,-0.010937656142765206,-0.0050107556334495484,1.382540528850301,-0.04857515188413972,-0.15758228182053283,0.16489912347957789,0.06446404682357273
442,3.671070599999439,211.0368661272458,345.7645900349343,41.039027241348506,67.23869004471251,1.370313922744699,0.1944637825345824,-0.012709644293146027,-0.005917208045332245,1.3836117968711346,-0.037156208991182535,-0.01749496322844695,0.04106893722707157,-0.20556113322520284
443,3.682310000000143,211.03115485578604,345.7584082509211,41.03791660589736,67.23748791161049,1.3918076118194478,0.1944637825345824,-0.01382027974429434,-0.004715074943305808,1.3785055014640708,-0.2644668916530468,0.016858441664304405,0.26500366758966404,-0.2301873938707095
444,3.6878132999991067,211.0265455804016,345.75111787083574,41.03702026877136,67.23607019672298,1.3695035092108134,0.1944637825345824,-0.01471661687029524,-0.0032973600557966165,1.3721636742979413,-0.37499194467767455,0.016913784274756444,0.37537319386396933,-11.356292405919554
445,3.6996065999992425,210.98635746443634,345.75101188958394,41.029205135727814,67.23604958720787,1.3650427840565182,0.1944637825345824,-0.02253174991383844,-0.003276750540692319,1.3708953088647153,-0.3180125082853173,0.04718751046046073,0.3214943492028672,-12.27622801423098
446,3.7036544000002323,210.97423905482978,345.75295377806003,41.02684854395742,67.2364272141862,1.3641505436582275,0.1944637825345824,-0.02488834168423182,-0.0036543775190125416,1.1470926703239686,-0.2897307972604027,0.32979255922221,0.43898413069208264,-12.53125260817611
447,3.71388079999997,210.96984760550433,345.7549040939291,41.02599456611078,67.23680647998722,1.3639720955785695,0.1944637825345824,-0.02574231953087036,-0.004033643320042302,1.1023321616893056,-0.37002064016724273,0.33057356539655347,0.49617956053102946,-12.333101496774235
448,3.7190570999991905,210.97098134107335,345.7144447124471,41.026215036617934,67.22893859562522,0.2727944191157139,0.1944637825345824,-0.025521849023718346,0.003834241041957398,1.0933800408888867,-0.2597868323670999,0.298741527631366,0.3958985963638339,-12.059554526713187
449,3.7301355999989028,210.93883221881327,345.69954623670554,41.01996319669807,67.22604138167853,1.1457009660374984,0.1944637825345824,-0.03177368894358068,0.0067314549886532404,1.0915896167288028,-0.1330162115018546,0.29416613581190826,0.3228421099869349,2.7039625105758525
450,3.734073499999795,210.93657420460568,345.70273384921546,41.01952409471424,67.22666125686446,1.3202821800544235,0.1944637825345824,-0.03221279092741014,0.006111579802720257,1.0965520999815028,-0.06504784351043025,0.32135316944604303,0.32787052544926126,6.050839715906665
451,3.7459055999988777,210.93971758679595,345.70980211464763,41.02013536870491,67.22803577849635,1.3551984228578087,0.1944637825345824,-0.03160151693673896,0.004737058170832142,1.3157729940014276,-0.05929898788538311,0.00035811749907248974,0.05930006924425936,6.530524141445614
452,3.7494535999994696,210.94439442355446,345.707998624365,41.02104484407127,67.22768506495423,1.3887845118420696,0.1944637825345824,-0.030692041570382855,0.005087771712950939,1.3596171537319262,0.08777393870657035,-0.10272181983690536,0.13511490142345667,7.0386268351686
453,3.7625613999989582,210.9492028539355,345.7137275613647,41.02197990963123,67.22879913571309,1.3688988892153378,0.1944637825345824,-0.029756976010425262,0.003973700954091441,1.368385985678026,0.12640504428362864,-0.09549708482915142,0.15842325722952505,6.733618828031372
454,3.7678835000006075,210.953883965437,345.7206758478607,41.022890216280274,67.23015032578725,1.3649217646899914,0.1944637825345824,-0.028846669361378474,0.0026225108799309282,1.3810467344891209,-0.15225769750418988,-0.03102304335935646,0.15538608582673644,2.9915153304131685
455,3.778411600000254,210.95830436538267,345.727242326223,41.02374982397402,67.23142726800751,1.3641263397849221,0.1944637825345824,-0.02798706166763054,0.0013455686596728356,1.378258316166623,-0.2007286364948127,-0.03731328837263898,0.20416725251187165,-3.1674288102849038
456,3.781461099999433,210.93726514774215,345.7240087627081,41.01965845813008,67.23079845701533,1.4185021669132833,0.1944637825345824,-0.032078427511571306,0.001974379651855429,1.3777006325021235,0.11946084141786911,-0.05980609864008313,0.13359514237730585,-5.101891912503996
457,3.793303399999786,210.93811648835157,345.71990447339186,41.01982401304521,67.23000032139028,1.3748424202295806,0.1944637825345824,-0.031912872596443265,0.0027725152769022543,1.1593606983998388,0.13334409165353764,0.1172818984974871,0.17758291160492304,-5.928396743869149
458,3.79815360000066,210.9798256003594,345.72482932879717,41.02793492473241,67.23095802740083,1.36611047089284,0.1944637825345824,-0.02380196090923903,0.0018148092663494708,1.115692711579382,0.15113698401324485,0.24218068211860053,0.2854713133189576,-5.80342721549809
459,3.8093535999996675,210.9936746618086,345.68845525700397,41.03062806560638,67.22388458781374,0.273222094178568,0.1944637825345824,-0.021108820035273368,0.008888248853438085,1.0960521317934155,0.42015543243082665,0.18070808890202306,0.45736856122361147,-5.76277705475728
460,3.8132215999994514,210.99706826262013,345.67844621171196,41.0312879980566,67.2219381910067,1.1457864056826375,0.1944637825345824,-0.020448887585054365,0.010834645660480646,1.097444583920939,0.6468517564626931,0.08355522635815502,0.652225935309716,5.500438929156756
461,3.826890700000149,210.99731012595777,345.68555698749833,41.0313350317161,67.22332097936287,1.3202992679834513,0.1944637825345824,-0.020401853925555713,0.009451857304313194,1.097723074346444,0.3248724482555765,0.11312525176117127,0.3440049857510798,8.137011564705213
462,3.8326533999988897,211.0313137680617,345.6979547986324,41.03794750857958,67.22573190461115,1.3818046808671982,0.1944637825345824,-0.013789377062074948,0.007040932056028737,1.3160071698009295,0.24773817792009986,-0.06773180983708388,0.2568302997369624,1.4558646403071602
463,3.843098800000007,211.03466483727908,345.70061937592766,41.038599170175125,67.22625006839084,1.3675029230203635,0.1944637825345824,-0.013137715466527311,0.006522768276340685,1.3596639888918267,0.19357614619783842,-0.1971058048736714,0.2762651311543039,0.6854436931677316
464,3.849057299999913,211.03021543417327,345.7089759499389,41.03773392241715,67.2278751193821,1.3646425714509967,0.1944637825345824,-0.014002963224506004,0.004897717285075487,1.1501669553406213,0.16707616681009035,0.08766204710080866,0.18867718467757974,0.3451186322727277
465,3.861055600000327,211.0240333507308,345.71783999578554,41.03653173108698,67.22959885526599,1.3640705011371232,0.1944637825345824,-0.015205154554671196,0.0031739814011899625,1.1082675486303801,-0.0845123907688266,0.16814311070573726,0.1881872734040872,-11.648119237668938
466,3.8660399000000325,211.0207254397335,345.68393845353626,41.03588846220216,67.22300623312644,0.27281410022742464,0.1944637825345824,-0.01584842343949333,0.009766603540739993,1.0998876863618183,-0.1887239976602698,0.175833624320526,0.25794226240491375,-13.036138475669373
467,3.8759959999988496,211.01506905524587,345.68475567051297,41.03478850027923,67.22316515223089,1.1723076473159928,0.1944637825345824,-0.01694838536242571,0.009607684436289787,0.8799833165387211,-0.20457480627146957,0.46206130854919014,0.5053231681005723,1.7491798177628874
468,3.8919277999993938,210.97749162904586,345.68566950844854,41.02748105184246,67.22334286061246,1.3256036116775542,0.1944637825345824,-0.02425583379919516,0.009429976054718736,0.8360024616475881,-0.30345781691522794,0.5013892985551425,0.5860698553522214,3.2175099394592777
469,3.897330100000545,210.97125584183178,345.65348829996367,41.02626841707372,67.21708478108395,0.26512072233551087,0.1944637825345824,-0.025468468567929392,0.015688055583225946,1.0454346880387464,-0.30889359034193403,0.1334361013365526,0.3364824561462741,-5.0666569965709325
470,3.9082109999999375,210.9379853166591,345.65052417460026,41.019798504901736,67.21650836605389,1.1441662266814578,0.1944637825345824,-0.03193838073991628,0.016264470613293724,1.087321133316978,-0.2754426764018946,0.11672726166354944,0.2991553469335114,2.1917723644257996
471,3.9130796999997983,210.93407366070775,345.66347027704853,41.01903782948946,67.21902591410506,1.3199752321832154,0.1944637825345824,-0.0326990561521896,0.01374692256212029,0.8774700059297533,-0.1285108618933272,0.3082269314830537,0.33394443088038595,3.9580149838947745
472,3.9254880999997113,210.93769627162226,345.6698195956293,41.01974229611054,67.22026062661278,1.3817398737071511,0.1944637825345824,-0.03199458953110934,0.012512210054396178,1.0537281778216931,-0.05793609567913344,0.03695690356458973,0.06871974900728384,-3.6356003420834995
473,3.9312950000003184,210.94593758719267,345.64156073386823,41.02134493350943,67.21476530146461,0.27634797474143025,0.1944637825345824,-0.030391952132220013,0.018007535202571034,1.0889797931265945,0.09585932125572294,-0.0906272506907993,0.13191780789332758,-4.5462926765590455
474,3.940117199999804,210.95176302228646,345.6505406351272,41.022477769652674,67.21651156703021,1.1464115817952099,0.1944637825345824,-0.029259115988978124,0.01626126963697061,1.096030116187575,0.28766235717927985,-0.010252234679812573,0.2878449931019637,8.479750921293636
475,3.9456725000000006,210.95674416133335,345.6672509424732,41.023446420793064,67.21976111660403,1.320424303205966,0.1944637825345824,-0.028290464848588215,0.013011720063147436,1.092119612715054,0.34442344485586457,-0.03824983403650143,0.3465408477657442,7.399037233154331
476,3.95554379999885,210.99749445097785,345.67309935671204,41.031370876256716,67.22089842135875,1.355226847488117,0.1944637825345824,-0.02036600938493649,0.011874415308426478,1.3095659093899348,0.29062338515960795,-0.23778678347806326,0.37550566759833753,6.3942700760479925
477,3.960485100000369,211.00614851508823,345.6791848733577,41.03305377829792,67.22208183394434,1.3621873563445472,0.1944637825345824,-0.01868310734373324,0.010691002722836629,1.3530551687249108,0.4682967131427096,-0.27827330051391463,0.5447364879638343,6.483595358486161
478,3.9738766999998916,211.00662974962165,345.6827204126754,41.03314736098557,67.22276936829336,1.3635794581158334,0.1944637825345824,-0.018589524656078993,0.010003468373824376,1.367073588676623,0.6110916565001785,-0.19525703927383498,0.6415281163208016,1.2505355415390111
479,3.980398100000457,211.04072756679994,345.69614702211413,41.03977815149023,67.22538035755143,1.3638578784700905,0.1944637825345824,-0.011958734151420458,0.007392479115750916,1.375197840751682,0.22764165313913112,-0.261984090339307,0.3470682725845603,-4.688187576438928
480,3.9884595000003173,211.07755326010817,345.7031886720324,41.04693941510541,67.22674970342982,1.390516402964526,0.1944637825345824,-0.004797470536239246,0.006023133237363254,1.1585942937973093,0.12582509795190572,-0.3746146522397169,0.39518108880270414,-6.567239342777491
481,3.9934167999999772,211.04914295369892,345.71463078617217,41.041414639458104,67.22897478022563,1.3958481078634133,0.1944637825345824,-0.0103222461835486,0.003798056441553399,1.120594190638124,-0.3422608219228099,-0.5332310800979883,0.6336228018354015,-20.14650506229573
482,4.00620969999909,211.0380578331513,345.76743333130867,41.03925898498656,67.23924296288033,0.27916962157268266,0.1944637825345824,-0.012477900655092355,-0.006470126213145022,1.112994170006287,-0.5859525528385412,-0.4654001620382395,0.7482898536016795,-21.241546329875383
483,4.0095765000005485,210.99765837918625,345.7820530349756,41.031402754356186,67.24208596575494,1.1735789423199077,0.1944637825345824,-0.020334131285466128,-0.009313129087757943,0.8879252004258182,-0.7781546735525092,-0.7723729814027969,1.096396241498783,-7.0231026223185395
484,4.021477500000401,210.98531547370283,345.7857995136267,41.02900250626841,67.24281452016461,1.3258577753109053,0.1944637825345824,-0.022734379373240188,-0.01004168349743395,0.8375908384250074,-0.6613116016720355,-0.6664948201599667,0.9389080784646063,-4.851255936845707
485,4.0263049000004685,210.9835114856132,345.828117969227,41.02865169592086,67.25104392711167,0.2651715550621811,0.1944637825345824,-0.02308518972079554,-0.01827109044448605,1.0510729314789469,-0.6834426718138967,-0.35664681856391034,0.7709026130763058,-16.100541271027332
486,4.038007699999071,210.9516006802412,345.82327094738486,41.02244620000449,67.25010135691022,1.1441762978593601,0.1944637825345824,-0.029290685637164415,-0.017328520243040657,1.0884487438580455,-0.21184812016246127,-0.15853611684199526,0.2646003143605604,0.38167956818616666
487,4.041715499999555,210.94627800819507,345.8090358154595,41.02141113306521,67.24733313931114,1.34658008684238,0.1944637825345824,-0.030325752576445097,-0.014560302643957357,0.8776955089644803,-0.09577188444304376,0.4510020784784617,0.4610587041165845,-10.260280136217668
488,4.0530304000003525,210.9477053663066,345.8005331848219,41.02168870252261,67.24567968559586,1.3604580042154,0.1944637825345824,-0.03004818311904245,-0.012906848928679437,1.053773259355152,0.0144312725212285,0.8457091017461177,0.8458322211897624,-19.616645613702936
489,4.056216599999971,210.95391013674265,345.7516011917133,41.02289530565136,67.236164185129,0.27209160084308,0.1944637825345824,-0.028841579990292132,-0.003391348461818211,0.8707604120639015,0.15656295639153406,0.9806766606878484,0.993095500005879,-20.399031797443538
490,4.072600299999976,210.9942110241759,345.72895406990096,41.030732368661134,67.23176014015785,1.1455603070155398,0.1944637825345824,-0.021004516980518417,0.0010126965093348872,0.8288372935944209,0.11506284770573366,0.8450001416619484,0.8527981580250192,-5.633138311824721
491,4.0842751000000135,211.0050415560928,345.68360417909633,41.03283851486456,67.22294122885445,0.22911206140310797,0.1944637825345824,-0.018898370777094442,0.009831607812728294,0.8204526699005249,0.08640422847702542,0.7992619234711287,0.8039187228877547,-7.806616955770395
492,4.097021699999459,210.97314225547828,345.6791331614733,41.026635256206845,67.2220717778557,1.1369644944949773,0.1944637825345824,-0.02510162943480765,0.010701058811477537,1.0370041425311305,0.010701206370003722,0.16784446381268486,0.16818525455681627,8.403961465743148
493,4.107381499999974,210.9668153795434,345.68353145931366,41.02540490798092,67.22292708749045,1.3185348857459194,0.1944637825345824,-0.02633197766073181,0.00984574917673342,1.0856350051419685,-0.24098225529116213,0.05613843346869267,0.24743478146277995,10.368638673893933
494,4.117034999999305,210.96682438931944,345.6920010288909,41.02540666005605,67.22457411202687,1.3548489639961079,0.1944637825345824,-0.026330225585603273,0.008198724640308797,1.313589575033521,-0.2837317564749275,-0.1359678160014725,0.31462828324954806,10.736344611726631
495,4.123310799999672,210.94164963981032,345.70135108730085,41.020511083042145,67.2263923597522,1.3887146200697296,0.1944637825345824,-0.0312258025995078,0.006380476914984001,1.359180469938345,-0.15730672478477015,-0.12282379708902166,0.19957728025473387,7.39748801468307
496,4.131449500000599,210.9402540237221,345.7099370760244,41.02023968625867,67.22806202359618,1.3688849108608698,0.1944637825345824,-0.0314971993829829,0.004710813071000075,1.3682986489193096,-0.09133941214716251,-0.08740384252512132,0.12642120035636992,6.269928103049233
497,4.137638099999094,210.9448832996317,345.70567488179904,41.02113991276244,67.22723318118521,1.364918969019098,0.1944637825345824,-0.03059697287920926,0.005539655481967998,1.3701222847155028,-0.061170003716913834,-0.043402041185328005,0.0750033768158485,1.5196565454677953
498,4.142890099999931,210.95058392305245,345.70312160130914,41.02224847755565,67.22673666060328,1.3641257806507434,0.1944637825345824,-0.02948840808600295,0.006036176063901166,1.3651664437900246,-0.048520259716117134,0.027180908477690446,0.055614902576486124,0.23207811990810465
499,4.150088799999139,210.9561747283217,345.7012930956398,41.023335686695724,67.22638108247443,1.3639671429770726,0.1944637825345824,-0.02840119894592874,0.006391754192748067,1.364175275604929,0.1463069666730599,0.06925211147010006,0.16186903175141013,0.0346511997854927
500,4.156285200000639,210.93333384321323,345.6992795727381,41.01889396178109,67.22598952519475,1.3639354154423384,0.1944637825345824,-0.032842923860563644,0.006783311472432274,1.3692976100526266,0.18326985864836162,0.00305208818624432,0.1832952708917692,-0.017867271684861928
501,4.163975600000413,210.9705389661744,345.69907373839936,41.02612901072178,67.22594949787066,1.3639290699353916,0.1944637825345824,-0.02560787491987071,0.006823338796522194,1.370322076942166,0.1549207806105906,-0.046014364434909874,0.16160993162347248,0.171605849622782
502,4.170361700000285,210.98138519930728,345.7055454121389,41.02823821024305,67.22720800402539,1.3905306412575862,0.1944637825345824,-0.02349867539859929,0.005564832641795192,1.370526970320074,0.1401728954552273,-0.0414686260981163,0.14617827325142219,0.1994649185889962
503,4.18127370000002,210.98527549904557,345.7140068974683,41.02899473264536,67.2288534564684,1.3692481150984412,0.1944637825345824,-0.022742152996293896,0.0039193801987806864,1.3705679489956557,0.2872786524680954,-0.0765203688316068,0.2972951244302703,-4.273096436770274
504,4.1863697999997385,210.98730093042545,345.7121168366718,41.02938860569275,67.22848590809669,1.3649916098666122,0.1944637825345824,-0.02234827994890054,0.004286928570493842,1.3705761447307718,0.4273207410274554,-0.14924257931242285,0.4526327023007489,-16.456185826253552
505,4.1967499000002135,210.9882993842177,345.7180987892461,41.02958276879388,67.22964918122123,1.3641403088202464,0.1944637825345824,-0.022154116847772798,0.003123655445946838,1.1470288184236936,0.38771182213897964,-0.2799867660416286,0.4782395280450764,-17.210317055622312
506,4.201075799999671,211.02480388047826,345.7260716333467,41.03668157121623,67.23119961064259,1.3639700486109732,0.1944637825345824,-0.015055314425424626,0.0015732260245897578,0.8840909557928931,0.37366635398982734,-0.10536023347800683,0.38823616897784147,-17.409693736147783
507,4.2122245999998995,211.0323850521508,345.77484829163745,41.038155834535715,67.24068490411321,0.27279400972219464,0.1944637825345824,-0.013581051105937547,-0.007912067446028459,0.842410365688608,0.5115111085752271,-0.055515522840103984,0.5145149050047704,-17.456173290588872
508,4.220618400000603,211.0323462935553,345.7436693483,41.038148297392624,67.23462172885637,0.054558801944438934,0.1944637825345824,-0.013588588249028533,-0.0018488921891872678,0.834074247667751,0.4933194567171754,-0.039167906344854383,0.49487191399711544,-13.160714136314013
509,4.227842399999645,211.06082094838882,345.73173185123517,41.04368558647792,67.23230031802315,1.1565886593451866,0.1944637825345824,-0.00805129916373204,0.00047251864403108357,0.8324070240635797,0.12969951039736846,0.018795928241731177,0.1310543777055364,3.287762282939992
510,4.2335086000002775,211.05871567410892,345.73261557999626,41.043276186878174,67.23247217126077,1.3224597187159612,0.1944637825345824,-0.008460698763478547,0.00030066540641371375,0.8320735793427454,0.04738740551261892,0.4758772205866405,0.4782307970786527,5.2988334657179745
511,4.243674499999543,211.04945751349794,345.73620107517485,41.041475809946455,67.23316942021546,1.3556339305901162,0.1944637825345824,-0.010261075695197519,-0.0003965835482802049,1.0502353068414494,-0.0966044386564579,0.3403163632188539,0.35376213002897333,5.708604617248274
512,4.248855199999525,211.0420160202202,345.6979815432078,41.04002870901596,67.22573710546244,0.27112678611802327,0.1944637825345824,-0.011708176625695899,0.007035731204737772,1.0829606699193155,-0.3527204047049395,0.22515117380561736,0.4184551767648043,-2.7893928466931683
513,4.260094499999468,211.00035309563123,345.6954075562121,41.031926779108936,67.22523655821507,1.1453674394379603,0.1944637825345824,-0.01981010653271653,0.007536278452107581,1.0948263106196054,-0.3584185957362638,0.23490177164873627,0.4285355668941264,0.5326843948332858
514,4.265147199999774,210.98699623289218,345.7020196136624,41.0293293530579,67.22652236391718,1.3202154747345158,0.1944637825345824,-0.022407532583748946,0.006250472749997016,0.8789710413902786,-0.3238225867058616,0.5098139645643529,0.6039630337410549,-10.754895210008454
515,4.275723700000526,210.9815169720414,345.7010175987281,41.02826383526737,67.2263275083029,1.3817879222174112,0.1944637825345824,-0.023473050374285265,0.006445328364279135,1.054028384913798,-0.3711942731409395,0.21589519413174116,0.4294134642297708,-12.632486551275843
516,4.280961799999204,210.98140600692636,345.6658397268304,41.02824225657137,67.21948668627216,0.27635758444348224,0.1944637825345824,-0.0234946290702851,0.013286150395018126,0.8708114371756309,-0.24447000541182337,0.44069695649808205,0.5039636802515925,-13.131115785456714
517,4.292893199999526,210.94973535182925,345.66798581061386,41.02208346118584,67.21990402184232,1.1464135037356202,0.1944637825345824,-0.02965342445581598,0.01286881482485569,0.8341680476279975,-0.13418641519591748,0.46240170933379454,0.4814782807333537,-0.23097267692679324
518,4.297991699999329,210.94744818121904,345.637348625505,41.02163868933767,67.21394619893985,0.22928270074712406,0.1944637825345824,-0.030098196303981695,0.0188266377273294,0.8268393697184706,-0.09483408143376516,0.3651466492160356,0.37726062401884003,-9.262441223901904
519,4.307944099999077,210.9493597564864,345.64481841858327,41.022010421494755,67.2153988031566,1.1369985269963487,0.1944637825345824,-0.029726464146897058,0.017374033510577647,1.0436020315059502,-0.08030438071569072,0.03762576626472451,0.08868197025967726,1.559613724454488
520,4.314057399999001,210.95237823868214,345.65952613784896,41.02259740696006,67.21825892187746,1.3451445326697777,0.1944637825345824,-0.029139478681592834,0.014513914789716864,0.8687261664940613,0.07130127992705229,0.24589464427715085,0.2560235313470667,3.5969817251876313
521,4.323635499999,210.95575355625257,345.6758602331927,41.02325378398206,67.22143531184228,1.3601708933808794,0.1944637825345824,-0.02848310165959589,0.011337524824895695,1.0519794099345545,-0.012221602562714567,-0.015449978627908836,0.019699477373874442,-0.07743679234767953
522,4.32878619999974,210.96215921425846,345.64920492646223,41.02449945246751,67.21625182007087,0.2720341786761759,0.1944637825345824,-0.027237433174143177,0.016521016596314553,1.0886300776961395,-0.10490691104369847,-0.022430046788224512,0.10727798927856731,-4.907041213640821
523,4.339701099999729,210.9338228846193,345.6569606554437,41.01898906262273,67.21776002846491,1.1455489179495908,0.1944637825345824,-0.03274782301892287,0.015012808202271799,0.8724112457943549,-0.08888711632935503,0.28508973521351455,0.29862531134091785,9.740459118877755
524,4.355715399999099,210.89873510958256,345.6718542996031,41.01216576116836,67.22065630284388,1.320251865804274,0.1944637825345824,-0.03957112447329081,0.012116533823302689,0.8344880474987149,-0.16004268574101166,0.32396512190777793,0.36134064464424376,6.763614676933623
525,4.360435000000507,210.9030094304718,345.6458917365219,41.01299696177625,67.21560752462281,0.2640503731608548,0.1944637825345824,-0.03873992386539982,0.01716531204436933,1.0451318052089715,0.16182935660834574,-0.024626620462300866,0.16369242833944808,5.753711822842471
526,4.371603999999934,210.88651132978592,345.65377487504844,41.00978867871224,67.21714050955893,1.1705549019026789,0.1944637825345824,-0.041948206929411924,0.01563232710824991,1.0925811057622536,0.3157905379846881,-0.04625413835863633,0.31916000563347313,13.191065137372343
527,4.376196999999593,210.93023455241718,345.67117229542225,41.018291261969715,67.22052367773117,1.3252529672274598,0.1944637825345824,-0.0334456236719376,0.012249158936015192,1.1020709467994234,0.47850858452259043,-0.1293454976028376,0.4956820787681745,15.228318909555393
528,4.388864500000636,210.94749394083868,345.68721751233215,41.021647587926395,67.22364389130304,1.382795420716,0.1944637825345824,-0.030089297715257146,0.00912894536413944,1.3221973314497286,0.486287291643399,-0.39471411789597893,0.6263182616531894,6.454374107419448
529,4.393815100000211,210.95735917246554,345.70239825015335,41.023566018184134,67.22659599500142,1.3677010709901238,0.1944637825345824,-0.02817086745751851,0.006176841665762822,1.360902040295073,0.5984900486226373,-0.46591090473812885,0.7584611456457269,5.436386451001152
530,4.403974200000448,210.96859165468865,345.7158293599016,41.02575032916449,67.2292078594067,1.3646822964123804,0.1944637825345824,-0.025986556477164413,0.003564977260481328,1.3686430011376278,0.12969440256319492,-0.3473286142182513,0.37075302333358645,5.101314923856846
531,4.408456400000432,210.97490166733428,345.7271980015965,41.026977398091404,67.23141864847297,1.3640784461294,0.1944637825345824,-0.024759487550248593,0.0013541881942131795,1.3648706252214222,-0.15260525536580688,-0.3530628568700036,0.3846319602769273,1.6631921303516664
532,4.420140500000343,210.9452940203492,345.7358308724694,41.021219783066734,67.23309742919706,1.3639577714402356,0.1944637825345824,-0.03051710257491891,-0.00032459252987848686,1.369436718122898,-0.31790205830212037,-0.249718892311126,0.40425393486003386,-3.929041132485289
533,4.425033399998938,210.91644588057557,345.7427498323752,41.01560986468726,67.23444291631154,1.363933541134971,0.1944637825345824,-0.03612702095438891,-0.0016700796443558374,1.370349936703193,-0.5560269552796199,-0.16762872172270907,0.5807455237398854,-5.566987148164548
534,4.435858299999381,210.89201048747788,345.7471803780157,41.01085806571777,67.23530449697547,1.390531535497502,0.1944637825345824,-0.04087881992388276,-0.0025316603082927713,1.1523041830498673,-0.567361217784328,0.07662619794792147,0.5725122930188222,-5.443360966469818
535,4.4410131000004185,210.86614913676203,345.7431152849336,41.00582896963611,67.23451398359838,1.369248389313856,0.1944637825345824,-0.04590791600553956,-0.0017411469311952033,1.1140155813304324,-0.5422582111673226,0.12766968045864868,0.5570848363461334,-5.538794767274298
536,4.451469800000268,210.87782268458113,345.7039672977959,41.008099051900615,67.22690111794097,0.2738496778627712,0.1944637825345824,-0.04363783374103747,0.005871718726211839,1.1116784672182352,-0.3765309383807111,0.16415511898917715,0.4107583847570367,-9.610044784890514
537,4.456881000000067,210.8676032541531,345.7008636506208,41.00611174280423,67.22629757097165,1.172514762843062,0.1944637825345824,-0.04562514283742303,0.00647526569552781,1.1112110825427681,-0.431347077960698,0.10869547256894911,0.4448314370884994,2.105598387113437
538,4.467705299999579,210.84990786309882,345.70601577837783,41.00267063012639,67.22729947322338,1.3522479705739836,0.1944637825345824,-0.04906625551526389,0.005473363443798007,0.8928891891648039,-0.1687600889249362,0.19731930918982465,0.2596437509224938,4.14927366158647
539,4.472385499999291,210.83274674116532,345.7146051408835,40.99933341344266,67.2289697931458,1.3881946121201678,0.1944637825345824,-0.05240347219898922,0.0038030435213869396,1.0727737759433125,-0.24553133848834408,0.047535940010980625,0.2500905911317044,-5.54063942375519
540,4.483371000000261,210.8518024079476,345.68090958600214,41.003039050483856,67.22241722808896,0.2776389224240336,0.1944637825345824,-0.04869783515779602,0.010355608578223041,1.1034301252142975,-0.10386862659159721,-0.011202743971994285,0.10447101541828101,-6.445415587388493
541,4.487837900000159,210.8479718117037,345.68138920069975,41.00229413824891,67.22251049577721,1.1732726117553147,0.1944637825345824,-0.0494427473927459,0.010262340889966026,0.8860123914674202,0.18446672167703873,0.2824993233818625,0.33739270756417394,-2.861291383258076
542,4.498423900000489,210.8665377832482,345.6913052469523,41.00590454730188,67.22443880763927,1.3257965091979869,0.1944637825345824,-0.045832338339771184,0.008334029027906809,0.8372082384863552,0.3870221176265888,0.33864275117367876,0.5142616381324269,-10.65400756161337
543,4.502763999998933,210.89161842408353,345.66059639230446,41.01078182358711,67.21846704760715,0.2651593018395974,0.1944637825345824,-0.040955062054543134,0.01430578906003177,0.8274474078901423,0.48581900929816707,0.445000482188997,0.6588213255078287,-20.071743643624806
544,4.516529099999389,210.91283456817908,345.6659883314745,41.01490759521873,67.21951558449337,1.1441738472148433,0.1944637825345824,-0.036829290422922156,0.01325725217381546,0.8201746736861828,0.47369649537814096,0.4189371948816625,0.6323738949299292,-6.980038058011547
545,4.521488299998964,210.93403444770883,345.6372154666577,41.019030203981366,67.21392030436672,0.22883476944296866,0.1944637825345824,-0.03270668166028656,0.018852532300456915,0.6004917294760062,0.49341741409546763,0.6369658598034178,0.8057209511287177,-4.580902100227473
546,4.531871799999863,210.92189362169285,345.64528866891055,41.0166692530312,67.21549024981398,1.1369089407355175,0.1944637825345824,-0.035067632610449095,0.017282586853198723,0.7747835380033556,0.2082002523958501,0.32096189031708355,0.382575326090969,0.07275217499184361
547,4.537312099999326,210.93419349819663,345.6198869255284,41.01906113354084,67.21055053071292,0.22738178814710353,0.1944637825345824,-0.03267575210081475,0.02222230595425856,0.8149624677935423,0.001646274765803618,0.1946488990136948,0.19465586070768093,2.02254115403555
548,4.548076699999001,210.91745874442222,345.63118327923365,41.01580683002208,67.21274726238329,1.1366183444763447,0.1944637825345824,-0.03593005561957341,0.020025574283891956,1.0412266511209642,-0.12401219006285788,-0.100267945355762,0.15947628083841328,15.105323404603055
549,4.552984500000093,210.8989584971407,345.6490449042811,41.012209201957894,67.21622070155223,1.3450684961657768,0.1944637825345824,-0.03952768368375814,0.01655213511494935,1.086479506859935,-0.11562635093347928,-0.10811384736627305,0.15829736896907,9.815698316369684
550,4.563999899999544,210.91045816066213,345.668662288082,41.01444547002414,67.22003557220958,1.3601556860800792,0.1944637825345824,-0.037291415617509927,0.012737264457598485,1.319079043461831,-0.32319796192970396,-0.3943929406729389,0.5099046128916297,7.042310206881914
551,4.581770200000392,210.89351190955028,345.6860635822744,41.01115003793315,67.22341949369924,1.3631732194303714,0.1944637825345824,-0.040586847708503626,0.009353342967941103,1.1473705534128253,-0.19755980660334582,-0.2324072837417322,0.30502954401395516,-2.1145512981275125
552,4.587068599999839,210.87721327401843,345.70032448931863,41.00798054361748,67.22619272362543,1.3903794711565822,0.1944637825345824,-0.043756342024174444,0.006580113041749769,1.1130288935499968,-0.14528420259156638,-0.12725567498758364,0.193135978883306,-13.89273635470825
553,4.596157899999525,210.8924447979968,345.67200647633354,41.010942523384074,67.22068589570648,0.27807589423131646,0.1944637825345824,-0.0407943622575786,0.012086940960699621,0.8879321642080462,-0.13176016883078218,0.03757293237507138,0.13701265393232082,-22.90669454131136
554,4.60145779999948,210.87959008133515,345.6769661576576,41.00844274655864,67.22165037409692,1.1733601968516345,0.1944637825345824,-0.0432941390830095,0.011122462570256175,0.624684401896785,0.07718130842469799,0.3448612787404966,0.35339249559757047,-13.897288520888058
555,4.612988200000473,210.89563680866388,345.6486345447855,41.01156325385229,67.21614090149252,0.2346720393703269,0.1944637825345824,-0.04017363178936506,0.016631935174657997,0.3484858839804313,0.272349529720366,0.5643456294125633,0.6266260892876762,-16.279044476031128
556,4.617744799999855,210.9166544109062,345.61571088229016,41.01565041628414,67.20973844154878,0.04693440787406539,0.1944637825345824,-0.036086469357513806,0.023034395118401108,0.5167951458512622,0.35840065802358256,0.35894933908500604,0.5072431958156755,-12.894804035706944
557,4.628070200000366,210.93670602216014,345.58523265221316,41.019549728454486,67.20381152964305,0.009386881574813079,0.1944637825345824,-0.032187157187166804,0.02896130702413302,0.32690799462435405,0.5085363538435029,0.46037094702588943,0.6859669321811065,-3.104017394453873
558,4.632911900000181,210.95553194377246,345.59571764791656,41.02321068838092,67.2058504815674,1.1196222035854706,0.1944637825345824,-0.02852619726073158,0.026922355099785023,0.2889305643789724,0.557235199460469,0.5442492530083209,0.7789212520645871,10.887106144232884
559,4.643514299999879,210.97074410044507,345.57799130162755,41.02616890190799,67.2024033492175,0.22392444071709414,0.1944637825345824,-0.025567983733665756,0.030369487449675603,0.28133507832989607,0.4188857752919568,0.3410889722477026,0.5401916139028241,0.7346595417718462
560,4.648225200000525,210.98319887301164,345.5562562482585,41.028590904091885,67.19817666852578,0.04478488814341883,0.1944637825345824,-0.023145981549767214,0.034596168141405315,0.4980443784894656,0.6598190009620628,0.025586773564049536,0.6603149226028385,11.851280238561834
561,4.6599437999993825,210.99329346214938,345.53635715288493,41.030553936078746,67.19430701517041,0.008956977628683766,0.1944637825345824,-0.021182949562906117,0.03846582149677147,0.31783727306727794,0.5448746942654754,0.13981183249688955,0.5625262491271261,14.10536033168567
562,4.664985299999898,211.03431503423852,345.56237297962747,41.038531146152714,67.19936615124453,1.0929333823726606,0.1944637825345824,-0.013205739488938661,0.0334066854226478,0.5053448174369419,0.47649808766449,-0.13973320332891706,0.4965639894922672,14.564960562230263
563,4.675929600000018,211.0445246508936,345.5539309524264,41.04051654682569,67.19772448270275,0.21858667647453212,0.1944637825345824,-0.011220338815959963,0.03504835396442729,0.5428463263108748,0.3676434222854267,-0.28769719331574267,0.4668311911081953,5.5821974896095545
564,4.6806717999988905,211.04299151428592,345.58008735236444,41.04021840728182,67.2028109551722,1.1614621625654145,0.1944637825345824,-0.01151847835983233,0.0299618814949838,0.5503466280856613,0.32023074241066357,-0.25991965921115434,0.41243903504557783,8.732833842877218
565,4.692076799999995,211.04122349502654,345.57085649385283,41.039874591569045,67.20101588750998,0.2322924325130829,0.1944637825345824,-0.011862294072606971,0.03175694915719873,0.5627536899359801,-0.1430125108253141,-0.16531591877584717,0.2185907849230225,1.5489928078256614
566,4.69868839999981,211.03885888278984,345.554907421803,41.03941476012927,67.19791437063125,0.04645848650261658,0.1944637825345824,-0.012322125512383764,0.034858466035927904,0.5652351023060437,-0.2380352209387732,-0.12513451983373475,0.2689226923511475,11.070289879009726
567,4.708075500000632,211.00343191430096,345.5805145751773,41.032525497833184,67.20289403453636,1.1549686916242539,0.1944637825345824,-0.019211387808468317,0.029878802130824056,0.5771905446311307,-0.3403878229228469,-0.0012849899328442188,0.3403902483815935,16.427926612772662
568,4.712848499999382,210.99622312139752,345.5719017150834,41.03112364869767,67.20121914518407,0.2309937383248508,0.1944637825345824,-0.020613236943979985,0.03155369148311138,0.8207713608793512,-0.6218947778894797,-0.3073958628755912,0.6937184812870668,19.863822504282382
569,4.723539399999936,210.96463195222438,345.5968252212513,41.02498031044558,67.2060658644675,1.2212393741908492,0.1944637825345824,-0.02675657519607455,0.026706972199676215,1.1240699673663,-0.6915263321919269,-0.5188213611929727,0.8645138940149825,24.699565327014664
570,4.7282531000000745,210.92978332374946,345.6301099308011,41.0182035143362,67.21253853498712,1.4501965137541855,0.1944637825345824,-0.03353337130545242,0.020234301680062572,1.2101767330362485,-0.5298905387412933,-0.6712984722138535,0.8552342496908036,27.636119261065737
571,4.739618800000244,210.9053698726854,345.66447786111826,41.013455982297565,67.21922185271447,1.5629515189373606,0.1944637825345824,-0.03828090334408785,0.013550983952711704,1.4892504268684805,-0.5268212793600192,-0.8293163647336765,0.9825000219855509,17.699003330317954
572,4.744343500000468,210.90717437735105,345.6958893627405,41.013806893100444,67.22533025213502,1.5855025199739958,0.1944637825345824,-0.037929992541208435,0.0074425845321570705,1.564639502640542,-0.5858372789026046,-0.9114133524997842,1.0834572517948755,12.447958183616585
573,4.755533100000321,210.89115745542176,345.7211601458609,41.010692181877516,67.23024450420823,1.6263622074860102,0.1944637825345824,-0.04104470376413616,0.0025283324589508993,1.5797173177949544,-0.3715610581608957,-0.6831305890196192,0.7776406764026277,8.706738932757592
574,4.760397199999716,210.86940343856247,345.74276714828164,41.006461813473734,67.2344462836282,1.5981847530511573,0.1944637825345824,-0.04527507216791804,-0.001673446961021341,1.5900027782867743,-0.37637032929900227,-0.6865067977232043,0.7829088121210592,3.455801471967227
575,4.771383100000094,210.84870995998241,345.75585932857433,41.00243768135526,67.23699223852954,1.5255855895262471,0.1944637825345824,-0.049299204286391785,-0.004219401862357586,1.5851826578607242,-0.43501933836078105,-0.46456274873105896,0.6364435342246857,0.3672467851275429
576,4.776224699999148,210.8377115476128,345.7709197881983,41.00029888848399,67.23992095247473,1.6143788213964605,0.1944637825345824,-0.05143799715766306,-0.007148115807552813,1.5769487363145767,-0.3307833723808544,-0.40069671237060867,0.5195916615461272,0.4882457576817639
577,4.787173099999563,210.8253832396864,345.78123092361204,40.99790147909237,67.24192609486951,1.5614019178437453,0.1944637825345824,-0.05383540654928254,-0.009153258202331926,1.5825718303927983,-0.17165120299710984,-0.27424314264589345,0.32353274452310216,0.00444971053280669
578,4.802274100000432,210.8442394866794,345.79053783344204,41.001568336207036,67.24373595175877,1.5851925997552727,0.1944637825345824,-0.05016854943461624,-0.010963115091584541,1.6120562247516557,-0.10288779577256327,-0.24172503890083827,0.26271066394523934,0.43130388744937936
579,4.806784399999742,210.84252196883781,345.79590868931757,41.001234341190994,67.24478038870777,1.6263002234422657,0.1944637825345824,-0.050502544450658604,-0.012007552040586233,1.610683225235976,0.169576339928974,-0.14998014075594815,0.22638502089334658,1.6190641616393533
580,4.819505999999819,210.8410511770239,345.8004328608059,41.00094832545154,67.24566017620823,1.6730075613205333,0.1944637825345824,-0.050788560190113685,-0.012887339541052256,1.6322528979463655,0.22237980255899614,-0.1190572035764512,0.2522447111628362,3.1892936443815563
581,4.824055400000361,210.86258747076965,345.8038527220374,41.00513635459511,67.24632521535904,1.6075138238180617,0.1944637825345824,-0.04660053104654338,-0.013552378691855438,1.6515338925775545,0.31862048557631084,-0.10356712437587781,0.3350300927982032,7.634484829663488
582,4.835343200000352,210.86520207399124,345.80550877377107,41.00564480022741,67.24664725744324,1.6692502813956926,0.1944637825345824,-0.046092085414244366,-0.01387442077606238,1.7459534841429525,0.4078734408329708,-0.03394203907162724,0.4092832830122271,8.231555191282414
583,4.839551499999288,210.88087037323413,345.8064263267436,41.008691716964066,67.24682568826496,1.681597572911219,0.1944637825345824,-0.04304516867758679,-0.014052851597782023,1.847703594320046,0.5976099102321563,0.03619595262206006,0.598705062442188,7.864345341939901
584,4.852724899999885,210.90608490287883,345.7985304098109,41.013595029773604,67.24529021839164,2.0983981812692556,0.1944637825345824,-0.03814185586804797,-0.012517381724464371,1.8830206573710897,0.40074169179342306,0.06281855336399712,0.40563539563036194,7.307982307168046
585,4.857234499999322,210.92756340101266,345.79200168204255,41.01777181976387,67.24402061729468,2.181758112206,0.1944637825345824,-0.03396506587777992,-0.011247780627499537,1.8823869073531245,0.4761240728328214,0.05911934126474311,0.4797803968926731,5.772359752463038
586,4.8687081999996735,210.92380064029223,345.79277275937784,41.0170400990814,67.24417056390992,1.7840991390732803,0.1944637825345824,-0.034696786560253656,-0.011397727242737687,1.899096342804854,0.2949195260403049,0.05929065749195098,0.30082039310137526,1.243105252014976
587,4.873575199999323,210.934361262368,345.7939497206062,41.019093757596174,67.24439944024228,1.6660815313058672,0.1944637825345824,-0.03264312804547842,-0.011626603575095373,1.902438191748227,0.2542775538103265,0.02903872707628887,0.255930307001681,1.1821497087100106
588,4.883202299999539,210.92535133243769,345.79600635105,41.01734165254155,67.24479938037766,1.765144750169865,0.1944637825345824,-0.034395233100099176,-0.01202654371047629,1.9171884783459836,0.1016731724634232,-0.012168506777327347,0.10239876247282903,3.089831339250381
589,4.88787930000035,210.929415988627,345.79684094323125,41.01813208095883,67.2449616783301,2.1151074259861216,0.1944637825345824,-0.0336048046828239,-0.012188841662919003,1.9283017780056226,0.1905757973909205,-0.0030672840973906407,0.19060047949288925,3.829413570869179
590,4.8992507999992085,210.93895800106299,345.7924261781906,41.01998765679012,67.2441031664213,2.255509545194783,0.1944637825345824,-0.031749228851531086,-0.01133032975411652,2.03516970923882,0.13229855856590797,0.01054940639571954,0.13271849371477595,3.9992027794370437
591,4.903397599999153,210.94707699416222,345.79173447423517,41.02156650689857,67.24396865505373,1.8396656373714761,0.1944637825345824,-0.030170378743079596,-0.011195818386553924,2.0565432954854597,0.048094640488904467,-0.013086874992922826,0.04984336205391203,0.9817761733842199
592,4.9153518000002805,210.9551034465386,345.7904400272502,41.02312736118802,67.24371693199674,2.200421187471854,0.1944637825345824,-0.028609524453635515,-0.010944095329563197,2.0748999295438697,0.01368624136696565,-0.0031536822820788374,0.014044889273011011,1.7734530975449445
593,4.919583599999896,210.94198097027723,345.79391585398054,41.02057551481801,67.24439285441017,1.8720126814030622,0.1944637825345824,-0.031161370823639345,-0.0116200177429846,2.0175380074541844,-0.10697265928680533,-0.051327492653791204,0.11864932084515245,0.5748054407710101
594,4.931788500000039,210.94179025599703,345.7929766441592,41.0205384277977,67.2442102121157,2.2068905962781713,0.1944637825345824,-0.031198457843949257,-0.011437375448522857,2.094850489369255,-0.16735955611727021,-0.05347047755347591,0.1756938046533414,1.0531164838757945
595,4.936330099999395,210.9315115593606,345.7968388265671,41.01853959357025,67.24496126671559,1.968699934746357,0.1944637825345824,-0.03319729207139943,-0.012188430048411192,2.110312985752269,-0.1615504876761587,-0.037044393483409196,0.16574331708083542,1.4509434251749365
596,4.947356700000455,210.93598000165656,345.79560710654414,41.019408543761166,67.2447217417809,2.22622804694683,0.1944637825345824,-0.03232834188048628,-0.011948905113712271,2.1935174082466453,-0.041237552882108966,0.004337984036364552,0.041465092224719426,5.305236076571708
597,4.9520778999994945,210.9398551383536,345.7931019109134,41.02016211750111,67.24423457196255,2.2777336693869246,0.1944637825345824,-0.03157476814054405,-0.01146173529537009,2.2101582927455206,0.008061411216497338,0.04902796951344614,0.0496862973606695,4.594737959509939
598,4.963336799999524,210.93977106608253,345.79036989911503,41.02014576848927,67.24370329461432,2.2880347938749437,0.1944637825345824,-0.03159111715238083,-0.010930457947139871,2.274519718546663,0.10585609117348323,0.09066465240008965,0.139375719669381,3.9580449691214508
599,4.967963699999018,210.9455636466476,345.784697272142,41.02127221561659,67.24260017411623,2.2900950187725475,0.1944637825345824,-0.03046467002506148,-0.009827337449053175,2.2873920037068913,0.17309929168997015,0.09937928104961753,0.1995986129348304,-0.5611532078848516
600,4.979603800000405,210.94848807963064,345.7821347062191,41.02184091191624,67.24210184785387,2.2905070637520684,0.1944637825345824,-0.02989597372540942,-0.009329011186693492,2.289966460738937,0.17069037013100116,0.0817026157304395,0.18923667686961224,-1.2120206549584704
601,4.983624899999995,210.95706983484905,345.78078453104695,41.0235097524968,67.24183928768281,2.290589472747972,0.1944637825345824,-0.0282271331448527,-0.009066451015627308,2.2294481032439792,0.09550048871202005,0.0068365149889104,0.09574487600612508,-4.9721632823339235
602,4.995274299999437,210.96591006735486,345.7798976708477,41.02522885754836,67.24166682549388,2.290605954547153,0.1944637825345824,-0.026508028093289226,-0.008893988826699228,2.232597842084343,0.04971858073397711,-0.04871709546472086,0.06960813645486945,-5.473476767349094
603,4.9998907999997755,210.95695069188753,345.7876639318721,41.02348658350584,67.24317708198883,1.9854430064001534,0.1944637825345824,-0.02825030213580959,-0.010404245321652184,2.1721945409510486,0.012912393114000026,-0.069716915339201,0.07090259642878952,-5.301621817950958
604,5.011407699999836,210.95781219689766,345.78999459624924,41.02365411502878,67.24363031179944,2.3058437129743665,0.1944637825345824,-0.028082770612869012,-0.01085747513225499,2.175367291063745,-0.05647152306777908,-0.05691664403007585,0.08017815965237088,1.771215341021143
605,5.02611269999943,210.94759056143144,345.79469713539044,41.021666377132334,67.24454478534835,1.988490558085596,0.1944637825345824,-0.030070508509318472,-0.011771948681172262,2.19125525142564,-0.07567108886796076,-0.058358607839172204,0.09556066554492547,0.8367122251777535
606,5.030024499999854,210.9489604760512,345.79209621988275,41.02193277591104,67.24403900148067,2.306453223311455,0.1944637825345824,-0.029804109730612538,-0.011266164813491741,2.2707195027387415,0.031639972438874654,0.036296329255060024,0.04815092287095309,6.158756776672366
607,5.04374370000005,210.95259885314366,345.7915604319238,41.02264030848273,67.24393481012754,2.370045756356627,0.1944637825345824,-0.02909657715892422,-0.011161973460360741,2.2103256937606393,-0.01494245533960474,0.03254599019705612,0.03581226674594831,4.9615339722887235
608,5.048490699999093,210.95648391128395,345.787993257395,41.02339581158405,67.2432411238757,2.3827642629656616,0.1944637825345824,-0.028341074057600224,-0.010468287208524885,2.274533629352714,-0.010813447636004097,0.03931871874233548,0.04077857640128559,0.738163295250633
609,5.059600700000374,210.9440083679577,345.7913128895441,41.02096977023966,67.24388667210005,2.003874668083855,0.1944637825345824,-0.03076711540199284,-0.011113835432865926,2.211088557230406,-0.07738178888682125,0.0005258319994619221,0.07738357545769148,-3.913556113090041
610,5.0640413999990415,210.94139302216522,345.7919596921126,41.020461180204215,67.24401245177407,2.3095302360459704,0.1944637825345824,-0.031275705437437296,-0.011239615106887868,2.1221128835652223,-0.291836395823981,-0.03170927810131028,0.29355401589015534,-0.0969498629743164
611,5.075264799999786,210.9261136364007,345.79569194939535,41.01748989305364,67.24473824064266,1.9892278626999167,0.1944637825345824,-0.03424699258800956,-0.011965403975480626,2.08906433849283,-0.33801854664410885,-0.0766884799432138,0.3466088008568108,-2.5491475735403823
612,5.080010899999252,210.9012023287779,345.79944026029807,41.01264554594543,67.24546715135892,1.925167388030706,0.1944637825345824,-0.03909133969622047,-0.012694314691742647,2.1587413268660463,-0.2589363651265486,-0.08898344064401363,0.27379936795726173,1.893425666898537
613,5.091026899999633,210.89713743522182,345.8039021182972,41.01185507136891,67.24633482114257,2.2175215376037,0.1944637825345824,-0.03988181427273929,-0.01356198447538759,2.17267672454069,-0.2635409767357135,-0.13433720179914063,0.29580454730452826,8.729181527864524
614,5.095818599998893,210.90149993497732,345.80684863748445,41.012703419572674,67.24690781240903,2.352259609949939,0.1944637825345824,-0.03903346606897884,-0.01413497574185385,2.251750501463314,-0.2681533826372979,-0.34377704345356375,0.4359918488062576,16.670628733960573
615,5.10772150000048,210.893080519633,345.82246258661723,41.01106614821809,67.24994416001769,2.3792072244191873,0.1944637825345824,-0.040670737423560865,-0.017171323350510193,2.420085741772155,-0.11224384256544234,-0.38593377538910656,0.40192481782037937,16.650064334411184
616,5.112507399999231,210.8859974858653,345.849826462084,41.0096887546798,67.25526544274577,2.3845967473130365,0.1944637825345824,-0.04204813096185234,-0.022492606078586164,2.5960279897240603,-0.2681822536408125,-0.4160155033779329,0.49496527172990634,20.97009384057076
617,5.123634399998991,210.87219898694485,345.87067499931004,41.00700544638643,67.25931972815506,2.766843589574912,0.1944637825345824,-0.04473143925522294,-0.026546891487882363,2.7582381907182505,-0.3408806297423331,-0.39776024239439695,0.52384426518115,19.88107711188392
618,5.128387299999304,210.85138867495886,345.87627623273767,41.00295859440191,67.26040896519424,3.097232777363225,0.1944637825345824,-0.04877829123974209,-0.027636128527063875,2.8669140184537087,-0.384623268854992,-0.46509027911803735,0.6035263264140126,20.107219719213646
619,5.139423599999645,210.84080737381782,345.8778825347469,41.00090091455789,67.26072133275886,3.1633106149208876,0.1944637825345824,-0.05083597108376381,-0.027948496091681818,2.9889440982464066,-0.3707971761481359,-0.2931708217811533,0.472694062352457,13.012349487251297
620,5.144346900000528,210.83178768940172,345.89286388319846,40.99914691260906,67.26363466244622,2.9225863630964826,0.1944637825345824,-0.052589973032588944,-0.030861825779041396,3.0641380780721335,-0.4160639545039764,-0.38815555007270536,0.5690113753605734,10.246497898148025
621,5.156020500000523,210.81866088109066,345.90800753574104,40.99659422381229,67.26657955440103,2.994747146276523,0.1944637825345824,-0.05514266182936467,-0.03380671773385302,3.0791768740372794,-0.2548274127354523,-0.39582684613691377,0.47076098224485485,6.570926553505888
622,5.160037199999351,210.80900481988203,345.92534325356417,40.994716469625274,67.26995072366188,3.1428134887035473,0.1944637825345824,-0.057020416016378306,-0.03717788699469793,3.082184633230308,-0.21961026323971886,-0.5022077562580708,0.5481252577340188,8.005406873016208
623,5.1714893999997,210.80633903456035,345.94109838663326,40.99419807092819,67.27301452643283,3.172426757188952,0.1944637825345824,-0.05753881471346034,-0.04024168976565079,3.133574148936101,-0.1645154821414119,-0.48085482584295375,0.50821915292586,6.035178047092859
624,5.176050599999144,210.8060960196264,345.9542382197052,40.99415081332493,67.27556974807386,3.178349410886033,0.1944637825345824,-0.05758607231672386,-0.042796911406682625,3.216722802504506,-0.20365682148761743,-0.5931309001996918,0.6271206946913298,8.316117006699388
625,5.187628300000142,210.80128596779724,345.98311216723096,40.99321543245204,67.28118468512643,3.179533941625449,0.1944637825345824,-0.05852145318961277,-0.04841184845925284,3.2794964083402576,-0.15766318891164616,-0.4711909006284978,0.4968687411911563,9.42473056553065
626,5.192252799999551,210.79143172144148,346.0024613914171,40.99129913843167,67.28494740845079,3.4104904141185473,0.1944637825345824,-0.060437747209981296,-0.052174571783609736,3.3381950427764506,-0.22584073066656296,-0.5557597027843523,0.5998940597030101,11.24988978569217
627,5.204201599999578,210.77683742254789,346.0165684118191,40.98846107586538,67.28769071299844,3.4566815178823034,0.1944637825345824,-0.06327580977627179,-0.05491787633125966,3.413375474009392,-0.27729995395841506,-0.4547906703418826,0.5326629499931059,8.87483183432797
628,5.208695799999987,210.76791312150613,346.03252345061105,40.986725622528326,67.29079339019242,3.465919929369918,0.1944637825345824,-0.06501126311332683,-0.05802055352523894,3.4745554735250233,-0.30706870707187817,-0.43894536234884673,0.5356904161830369,10.764571232435088
629,5.219329800000196,210.75327665073786,346.0355509065981,40.98387935905977,67.29138212073511,3.5542515670507417,0.1944637825345824,-0.06785752658188215,-0.05860928406792709,3.5421267471708258,-0.2730166101090377,-0.30730711151441614,0.4110665763386317,10.169592688913422
630,5.223959699998886,210.7478093665419,346.0452112740128,40.98281617029483,67.29326071232325,3.4854339392036056,0.1944637825345824,-0.06892071534682032,-0.06048787565606517,3.6109763137896342,-0.3391657499798957,-0.36050591411039584,0.4949726457775189,12.994675992196093
631,5.23554139999942,210.7332703958347,346.054469932761,40.97998886705695,67.29506118612461,3.748346782347557,0.1944637825345824,-0.07174801858469948,-0.062288349457432446,3.7235281561295093,-0.34441337004599554,-0.2446953892488977,0.4224883465684106,13.526654538060704
632,5.24063489999935,210.71838611092156,346.0674504910028,40.97709441271242,67.29758543457973,3.8009293509763475,0.1944637825345824,-0.07464247292923432,-0.06481259791254956,3.8275236625369375,-0.31569624114929085,-0.27391906367573354,0.41796623083782947,14.693848341591053
633,5.2510616999989,210.6962743841757,346.07341932441085,40.97279448269105,67.29874615650158,4.0286791410692935,0.1944637825345824,-0.07894240295060229,-0.06597331983439858,3.9971989158569974,-0.1845838196755863,-0.2882630657055001,0.3422963358494549,19.49889075582223
634,5.266308799999024,210.68654647079978,346.089216647509,40.9709027558598,67.30181816370516,4.074229099087882,0.1944637825345824,-0.08083412978185578,-0.06904532703798338,4.1830646611010875,-0.24905781119280007,-0.25475831447617664,0.3562746021131607,20.264602901840384
635,5.271170599999095,210.69719508937965,346.1011539543577,40.97297352650761,67.30413953754824,4.333810205803904,0.1944637825345824,-0.07876335913404375,-0.07136670088105745,4.372168504729984,-0.49878805187220193,-0.4004544371983374,0.6396509024165474,24.90343677532296
636,5.283570499999769,210.661073216925,346.1003846189605,40.965949130557846,67.30398992967686,4.677675508568008,0.1944637825345824,-0.08578775508380687,-0.07121709300967893,4.540145447161818,-0.4305574015477575,-0.5149964664821812,0.6712682299324834,26.306546126869474
637,5.288408799999161,210.6158679746414,346.13083956294327,40.95715834815298,67.30991231328063,4.746448569120829,0.1944637825345824,-0.09457853748867251,-0.07713947661345344,4.7511508087927155,-0.41909818816844835,-0.7827505533289052,0.8878860963337489,36.78401340036237
638,5.2992340000000695,210.6119023269123,346.1689174713022,40.95638717329538,67.31731708737112,4.868563853228463,0.1944637825345824,-0.09534971234626965,-0.08454425070394223,5.003253919693114,-0.584881498111351,-0.8100046389499735,0.9990965328502823,35.773021893018736
639,5.303920899999866,210.610292934023,346.206040097806,40.95607420466654,67.32453609373867,5.1292559072423725,0.1944637825345824,-0.09566268097510999,-0.09176325707149147,5.305922542971826,-0.8136895746613118,-1.07453417153778,1.3478554854712317,52.67741352302518
640,5.314911299999949,210.58751738633777,346.240726638221,40.95164518551438,67.33128136959081,5.594325760305896,0.1944637825345824,-0.10009170012727253,-0.09850853292363126,5.677847487720342,-0.5680708173971932,-0.9847564151872464,1.1368595563352368,51.700347492075835
641,5.319801300000108,210.54450431606688,346.27368263611777,40.943280701171076,67.33769011759901,6.19101862496157,0.1944637825345824,-0.10845618447057603,-0.10491728093182928,6.157402917343873,-1.1296431836043914,-1.1563715221886786,1.6165669858044318,67.44293507072425
642,5.3315201999994315,210.5090203661261,346.32039667221306,40.93638035804632,67.34677430575556,6.6060732928634085,0.1944637825345824,-0.11535652759533122,-0.11400146908837883,6.611230644503931,-1.370960039820533,-1.0190920768386194,1.7082388860636466,64.06511980408966
643,5.336205300000074,210.43965590940263,346.3575497295767,40.922891483418425,67.35399922982322,7.26634100134612,0.1944637825345824,-0.12884540222322727,-0.12122639315603578,7.089117771967193,-1.7758295225270355,-1.4429067112901068,2.2881324853610705,80.40767145372575
644,5.347041600000011,210.3686992251534,346.40512992506996,40.909092978203205,67.36325185461257,7.398394543042662,0.1944637825345824,-0.14264390743844757,-0.1304790179453903,7.605884620067268,-1.7036538219261563,-1.443281056051926,2.2328225526722814,70.74253373138001
645,5.352114499999516,210.30537823646412,346.47641981036907,40.89677933922886,67.3771151553643,7.983761397622205,0.1944637825345824,-0.15495754641279547,-0.14434231869711311,8.19207673480447,-2.5042500408498563,-2.022003876666329,3.2186593395931435,93.98578329284891
646,5.363297899999452,210.22776133768048,346.55189761616646,40.881685663502786,67.39179285497706,8.774852865461941,0.1944637825345824,-0.17005122213886636,-0.15902001830987444,8.748371554236284,-2.287880100037162,-2.031045417380149,3.0593366666006143,86.48031989189245
647,5.367704700000104,210.1237051659631,346.6350370871471,40.86145050675456,67.40796047098188,9.53703386654942,0.1944637825345824,-0.19028637888709454,-0.17518763431469608,9.431171655817963,-2.995829799593676,-2.777309370690546,4.085149143992052,110.63494438224603
648,5.379661499999202,210.0131993932974,346.7326346990329,40.839961136210086,67.42693967175553,10.047815098505197,0.1944637825345824,-0.21177574943156685,-0.1941668350883532,10.202076311144062,-2.986642105421696,-2.5926471431238367,3.9549779107633376,102.52158788041942
649,5.384396699999343,209.89600004363686,346.8442838578637,40.8171701073645,67.44865138949858,10.81239505095104,0.1944637825345824,-0.23456677827715566,-0.21587855283139845,10.999775766379205,-4.342594138180293,-3.359447714224502,5.4903563448619686,137.824315849119
650,5.395717699999295,209.75736335319436,346.94962687266906,40.79021029214297,67.46913679062122,11.838284674252709,0.1944637825345824,-0.26152659349867946,-0.23636395395404008,11.84870210151803,-3.9732079838332095,-2.991239553990313,4.973318384353863,122.67276077093095
651,5.399757099999988,209.5884993160818,347.0565290326204,40.757372352752,67.48992538900649,12.763350141637652,0.1944637825345824,-0.29436453288965225,-0.25715255233930634,12.762642794571185,-5.1578591386872485,-3.6781252695261584,6.334991428002601,155.0743682882718
652,5.410656199999721,209.43465763541693,347.15896868393634,40.72745571761843,67.5098461910829,13.781665542243548,0.1944637825345824,-0.3242811680232194,-0.27707335441571956,13.62568377131658,-4.783326126907518,-3.106922897292608,5.70378634996764,135.78932946172063
653,5.414671200000157,209.27525605314133,347.2626501910036,40.696457882987126,67.53000848912609,14.617518563770975,0.1944637825345824,-0.3552790026545267,-0.2972356524589088,14.535009801138319,-6.152064322271915,-3.6287013796347383,7.142504401674111,163.6753432054162
654,5.4268785000003845,209.09067222861736,347.37119691054386,40.660563014275496,67.5511168947896,15.127599934678024,0.1944637825345824,-0.39117387136615633,-0.3183440581224204,15.414380042503057,-5.110154262241817,-2.878563327598035,5.865134560681493,130.85309279291005
655,5.430981100000281,208.8960506255137,347.4644117764641,40.62271616117302,67.56924381020491,16.384914823361388,0.1944637825345824,-0.4290207244686357,-0.3364709735377289,16.29404696797327,-6.246151102004669,-3.389311676253378,7.106464467501517,156.32657220238266
656,5.443102499999441,208.7140486671206,347.5514133078856,40.58732337191519,67.58616245709143,17.160201348461342,0.1944637825345824,-0.46441351372646267,-0.35338962042425237,17.047334936807548,-5.390347453012946,-2.666877485368733,6.013990454446183,126.45252016347578
657,5.447494300000471,208.52378041629186,347.6503655340026,40.55032308816279,67.60540508127237,18.180000169594614,0.1944637825345824,-0.5014137974788611,-0.3726322446051853,17.954470039119325,-7.115063633913746,-2.7145583187546265,7.615310721209071,161.17434302173083
658,5.458201299999928,208.33429517121164,347.72797529463344,40.513475070670005,67.62049736888625,18.383958407942362,0.1944637825345824,-0.5382618149716478,-0.38772453221906744,18.780107569835586,-5.910343524006558,-1.875396315345776,6.200747689704748,131.57189952326578
659,5.461770300000353,208.12206027351579,347.7640861088146,40.47220306967822,67.6275196144023,19.66327544623691,0.1944637825345824,-0.5795338159634298,-0.3947467777351221,19.656816496877276,-5.790737837696382,-1.5991674238221036,6.0074937498379795,130.84393605893916
660,5.473916599999939,207.92209374269535,347.77798899546536,40.43331682171457,67.63022322232857,20.513102476942695,0.1944637825345824,-0.6184200639270827,-0.39745038566138646,20.46338814068405,-6.100788177592661,-0.865703244976932,6.161903804524862,136.02574421570966
661,5.489701399999831,207.73362859924805,347.7791758987687,40.39666717704388,67.63045403203444,21.54374598366979,0.1944637825345824,-0.6550697085977717,-0.3976811953672552,21.386885391808686,-5.974958877078838,-0.6948731286115924,6.015229193276817,134.26119023318563
662,5.493234899999152,207.55237611343506,347.79215267830546,40.36142013305889,67.63297754566827,22.21285838862849,0.1944637825345824,-0.6903167525827598,-0.4002047090010876,22.208286502189868,-5.620653483742736,-0.9564928105033046,5.701458066219016,139.77880983923046
663,5.506126700000095,207.36593445194273,347.8289738385217,40.325163982343064,67.64013792776123,23.001444663565543,0.1944637825345824,-0.7265729032985888,-0.40736509109405006,23.088656812156724,-5.585212932221066,-1.213922796526577,5.715611258139968,142.53725329796308
664,5.509560599999531,207.19301559540756,347.88681651871246,40.291537527429675,67.65138623414308,23.7702809981428,0.1944637825345824,-0.7601993582119775,-0.41861339747589454,24.026913796513377,-7.532204261941391,-2.7466538336014827,8.01736916483492,187.55510201996464
665,5.521715200000472,207.00398815178158,347.98117983768594,40.25477853573933,67.66973648208317,24.914954026777,0.1944637825345824,-0.7969583499023258,-0.436963645415986,25.001675483912052,-6.260112057860346,-3.2357957363366436,7.046940969261974,155.65109781522003
666,5.525281199999881,206.78289553648057,348.1219810556129,40.21178402947743,67.69711721950672,26.23503090545306,0.1944637825345824,-0.8399528561642242,-0.46434438283954194,26.012974256938666,-8.1707541097835,-5.583254257362777,9.896158387217918,188.05318726719142
667,5.53788220000024,206.54867111922755,348.3267370241571,40.166235863336446,67.73693483964637,27.08666682562186,0.1944637825345824,-0.8855010223052062,-0.5041620029791858,26.93210412873149,-6.752722386279328,-5.598381598885543,8.771609667153356,143.03131295615992
668,5.5413575999991735,206.32767757594945,348.5464288239104,40.12326062299487,67.77965693801822,28.057938528698593,0.1944637825345824,-0.9284762626467824,-0.5468841013510399,27.732487415101772,-7.364227024665194,-7.34344670157765,10.399906207736723,151.5150308990923
669,5.553968899999745,206.1524264435479,348.76376632462996,40.089180624894595,67.82192121049475,28.365930357106908,0.1944637825345824,-0.962556260747057,-0.5891483738275696,28.339396958118012,-5.263803210551689,-6.421274435967014,8.30303496448243,100.80809461196054
670,5.5581497000002855,206.02167289506667,348.9838111490286,40.063753795277115,67.86471195937447,28.916870458628416,0.1944637825345824,-0.987983090364537,-0.6319391227072941,28.852027951193918,-5.348243588473964,-7.339669081504653,9.081544566187418,105.95142294923632
671,5.57024040000033,205.92501203480182,349.17452639565556,40.044956758766965,67.90179916762057,29.26957862053428,0.1944637825345824,-1.0067801268746877,-0.6690263309533862,29.21547486514113,-3.134400059864327,-5.3976288140584545,6.241703337201439,65.43307658513231
672,5.574257399999624,205.8416236446868,349.3346548533084,40.02874073700573,67.93293835318717,29.649821791001386,0.1944637825345824,-1.0229961486359258,-0.7001655165199878,29.611782717168854,-2.821815366394481,-6.217205815552394,6.827612328988702,78.68351327661267
673,5.58592200000021,205.76386507865217,349.48956276117866,40.01361951213017,67.96306233089614,29.875173098434654,0.1944637825345824,-1.0381173735114828,-0.7302894942289555,29.93498410691033,-1.763640642520456,-4.61354790193905,4.939155045089816,62.489870828890304
674,5.589634300000398,205.74211373060055,349.63176721617356,40.00938966271283,67.99071594710772,30.347469617245526,0.1944637825345824,-1.042347222928825,-0.7579431104405359,30.359583796479722,-1.9082460314083411,-5.784346280624056,6.0909822533442854,93.18122330514238
675,5.601671799999167,205.69315401248411,349.76898764144573,39.99986877073608,68.01740035004714,30.532877407335825,0.1944637825345824,-1.0518681149055737,-0.7846275133799594,30.860913341327194,-1.2932916915479913,-4.755065478259372,4.927803882254355,83.5395319760181
676,5.605133099999875,205.65261284394134,349.92778157833015,39.99198498175288,68.04828001965724,31.39257706838123,0.1944637825345824,-1.059751903888774,-0.8155071829900606,31.496120046195127,-2.2549470145605737,-5.982218464282018,6.393099701465037,117.43862461968222
677,5.617877900000167,205.5895600713369,350.09853780180913,39.97972350109293,68.08148592076628,32.15646951523875,0.1944637825345824,-1.0720133845487254,-0.8487130840991028,32.13908515425856,-2.490369522053592,-5.040341971071508,5.622009208612029,105.83432230313598
678,5.621613999999681,205.4722763398557,350.26603612281554,39.95691606303932,68.11405827783739,33.051206622774316,0.1944637825345824,-1.0948208226023297,-0.8812854411702062,32.875856581632966,-3.835560221846211,-6.709850946475337,7.728752935585723,128.46174154825056
679,5.63383789999898,205.32666054614558,350.43825890863354,39.92859906499768,68.1475493722062,33.56229515756267,0.1944637825345824,-1.1231378206439757,-0.9147765355390192,33.56473369425628,-3.7844527059096684,-5.385994886678807,6.582630416679739,99.62089387041685
680,5.637461700000131,205.18658457013015,350.6351231988381,39.901359360859495,68.18583234672536,34.21673454420785,0.1944637825345824,-1.150377524782158,-0.953059510058182,34.1256414409997,-4.814494333956246,-5.832480757934509,7.562882220646643,110.20962517875287
681,5.649524700000256,205.0611458068392,350.77792905410405,39.87696606447347,68.21360291350847,34.836962631497826,0.1944637825345824,-1.174770821168181,-0.9808300768412863,34.599868888785885,-3.9068215143893625,-4.293188654262414,5.804715597372804,75.06882534359568
682,5.653301199999987,204.9424448074227,350.87188094516665,39.853883019136305,68.23187315362078,34.96100824895582,0.1944637825345824,-1.1978538665053478,-0.9991003169536015,34.990332054124366,-3.9868491358308815,-4.217854885703485,5.80390091823837,68.97458339674127
683,5.665546500000346,204.8438189044924,350.9362243256471,39.83470385299659,68.24438561077007,35.42234386170523,0.1944637825345824,-1.2170330326450625,-1.0116127741028862,35.253598027035814,-2.6875473326711967,-2.1649918952261222,3.451101356341604,41.206429449043846
684,5.66987060000065,204.7834110859864,350.9887710472321,39.82295672011525,68.25460404500927,35.51461098425511,0.1944637825345824,-1.228780165526402,-1.0218312083420926,35.365521851500915,-2.7417812400696127,-1.844842626388477,3.3046646856432496,35.24418355886073
685,5.681664699999601,204.72152568409425,351.00696601620257,39.81092225077963,68.25814230749837,35.533064408765085,0.1944637825345824,-1.2408146348620193,-1.025369470831194,35.55356274432363,-1.5784381580351174,-0.8621081536185459,1.7985264766682956,14.691764308659971
686,5.685622900000453,204.67484629529113,351.0212422364725,39.80184480026657,68.26091851529236,35.396581753823334,0.1944637825345824,-1.2498920853750803,-1.0281456786251795,35.59117092288817,-1.2724210445207271,-0.6348077779987804,1.4219832029763808,10.410630417590722
687,5.697547399999166,204.65672198031692,351.01659443362985,39.79832027742084,68.2600146859711,35.901212713069356,0.1944637825345824,-1.2534166082208102,-1.0272418493039197,35.59869255860107,-0.5821319291382063,-0.06115785463873297,0.5853356866843009,9.20350115499276
688,5.71360569999888,204.65373585396594,351.0071240722747,39.7977395839955,68.25817304368,35.610384754527935,0.1944637825345824,-1.2539973016461516,-1.0254002070128223,35.60019688574366,-0.3585302194996623,0.07895869246400801,0.36712176918578643,5.003730867747206
689,5.717451500000607,204.66826718492703,350.9971347167991,39.80056540157946,68.25623047582914,35.552219162819654,0.1944637825345824,-1.2511714840621906,-1.0234576391619612,35.67652863496124,0.12917047545361898,0.44520274600001186,0.4635628293714511,2.5001890237137103
690,5.7299306000004435,204.67453215878058,350.9714287597662,39.8017837120925,68.25123159819086,35.54058604447799,0.1944637825345824,-1.2499531735491516,-1.018458761523675,35.61344415472662,0.25696853190595936,0.4714075034130607,0.5368965083366057,2.3321917863184654
691,5.734113399999842,204.67765479872835,350.94712659912125,39.80239095246824,68.24650570810807,35.77824049991123,0.1944637825345824,-1.2493459331734158,-1.0137328714408937,35.6008272586797,0.37566445721995423,0.5330555890070653,0.6521288564310217,2.2910533092952052
692,5.746174599998994,204.69895471530708,350.93429904479984,39.80653301481381,68.24401121337407,35.58579031189631,0.1944637825345824,-1.2452038708278437,-1.0112383767068849,35.598303879470315,0.24402278852329604,0.48726407069790645,0.5449526547433086,-2.5120995452679264
693,5.750680099999954,204.7118671273131,350.9245003593445,39.80904401129414,68.24210572393656,35.54730027429333,0.1944637825345824,-1.2426928743475116,-1.0093328872693803,35.59779920362845,0.6326103893842361,0.584443582237215,0.8612608231976787,-2.0092422053476415
694,5.762220599999637,204.71641130087124,350.9081117841721,39.809927688472754,68.23891873961817,35.53960226677273,0.1944637825345824,-1.241809197168898,-1.0061459029509905,35.54970205263975,0.703769889323661,0.4062232833792806,0.812594248735543,-1.437025799812623
695,5.766006399999242,204.75613682179983,350.8908539348125,39.817652863535685,68.2355627129533,35.53806266526861,0.1944637825345824,-1.234084022105968,-1.0027898762861156,35.540082622442014,0.8036338299428087,0.5059797280340627,0.949654051647215,1.399653705350202
696,5.778395100000125,204.78805230237379,350.87564469708207,39.8238592686095,68.23260506705476,35.537754744967785,0.1944637825345824,-1.2278776170321493,-0.9998322303875824,35.538158736402465,0.7512492856890544,0.44037230250575854,0.8708060944105396,2.8740845815512785
697,5.78180219999922,204.80281751895282,350.86328220698533,39.826730568475405,68.23020101046902,35.53769316090762,0.1944637825345824,-1.2250063171662475,-0.9974281738018362,35.58577017501487,0.931230771670155,0.5909065029276239,1.1028876848108997,7.452279586006264
698,5.793905700000323,204.82120303696476,350.85737633787915,39.830305885851864,68.22905253282347,35.53768084409559,0.1944637825345824,-1.2214309997897885,-0.996279696156293,35.67364329281548,0.516468121413734,0.42488259084568125,0.6687783911284589,9.32799147990093
699,5.797407800000656,204.8387884606572,350.8388481738252,39.83372561386057,68.22544947595813,35.777659459834744,0.1944637825345824,-1.21801127178108,-0.9926766392909485,35.73921413219591,0.5200639792223962,0.5217621542686123,0.7366833024520483,12.264560411825517
700,5.8107844999994995,204.83650146697096,350.83497144287037,39.83328087641771,68.22469559219277,35.977428254271636,0.1944637825345824,-1.2184560092239423,-0.991922755525593,35.83067913015012,0.3707572540256463,0.3646139501387571,0.5200041096457081,8.897644504769751
701,5.815347499999916,204.8486784368111,350.81800341979965,39.835648856032634,68.22139592624431,35.86560894186996,0.1944637825345824,-1.2160880296090184,-0.988623089577132,35.89696834556128,0.1271902132471617,0.2506505893550902,0.2810748446409115,3.1490035345522065
702,5.82749209999929,204.8546866990465,350.8230082402038,39.836817245433394,68.222369182551,35.99501815067868,0.1944637825345824,-1.214919640208258,-0.9895963458838253,35.862229972823194,-0.03565146294406554,0.047264756363263806,0.05920290536899996,-0.3593763718386441
703,5.831462599999213,204.83585261348233,350.83270518505094,39.833154697914004,68.22425488712501,35.86912692115136,0.1944637825345824,-1.2185821877276481,-0.991482050457833,35.77693146819746,0.14065337550117096,0.07180074212676427,0.15791997533506488,-6.154880959843455
704,5.842716199998904,204.84524321318503,350.832016628294,39.834980829452455,68.22412098777356,35.60396759614434,0.1944637825345824,-1.2167560561891975,-0.9913481511063793,35.79022638153012,0.06749100028004965,-0.07663237483558716,0.10211540526161365,-10.106263153077819
705,5.8461349999997765,204.8601564759037,350.82886902523757,39.83788091893066,68.22350889297729,35.55093573114293,0.1944637825345824,-1.2138559667109945,-0.9907360563101122,35.71453453411853,0.17925290873803273,-0.030240905845351,0.18178591165817246,-10.211938965927368
706,5.858208100000411,204.86966405794078,350.8300505082625,39.83972979929635,68.22373864863532,35.932083508533275,0.1944637825345824,-1.2120070863453023,-0.9909658119681382,35.65139994881589,0.34709610173742844,0.00010411779020245981,0.34709611735344076,-5.95694563956736
707,5.861934200000178,204.88221475105746,350.8271415333156,39.84217045455325,68.22317295836385,35.61655891362072,0.1944637825345824,-1.2095664310884047,-0.9904001216966662,35.63877303175537,0.3176278643808128,0.0712866446598581,0.325529178320434,-10.886469299428736
708,5.874069800000143,204.87702112550852,350.8473112012,39.841160482483936,68.22709522827311,35.553453994638204,0.1944637825345824,-1.2105764031577166,-0.9943223916059338,35.636247648343264,0.07189031913028805,0.015234953996751524,0.07348688187654852,-6.718789565155062
709,5.877430200000163,204.87727911560563,350.8409553027414,39.84121065221407,68.22585923621745,35.5408330108417,0.1944637825345824,-1.2105262334275793,-0.9930863995502648,35.55739174158271,-0.2403276015802197,-0.2332101502113284,0.3348795757326672,-1.2285431134730507
710,5.889547999999195,204.85357423446783,350.8472627514666,39.83660091136348,68.2270858065547,35.538308814082406,0.1944637825345824,-1.2151359742781693,-0.9943129698875168,35.541620560230605,-0.36965097923416923,-0.23655885284996578,0.43886437234124165,0.4448374453945676
711,5.892931899999894,204.82907425319704,350.86921009704633,39.83183655233354,68.23135377039273,35.537803974730544,0.1944637825345824,-1.2199003333081109,-0.9985809337255489,35.61681715403831,-0.44706607121768177,-0.14986247747098627,0.47151546548099055,4.058607571748535
712,5.905594399999245,204.82962116339692,350.86041470687877,39.83194290655972,68.22964338555187,35.53770300686017,0.1944637825345824,-1.2197939790819348,-0.9968705488846865,35.679852688620166,-0.46468917285932915,-0.23210225311489485,0.5194299599307862,9.697183407922902
713,5.908987499999057,204.82141514802697,350.85849051754,39.83034713377134,68.22926920041475,35.92943696367672,0.1944637825345824,-1.221389751870312,-0.9964963637475677,35.740456011356855,-0.22140174815436592,0.032710829313805395,0.22380512156831037,10.67247737226502
714,5.92170619999888,204.81662850624502,350.8613282568264,39.82941630530478,68.22982103793022,35.856010683750974,0.1944637825345824,-1.22232058033687,-0.9970482012630413,35.8005728917245,0.11365898047425066,0.3597446889225624,0.37727258719715817,5.790855628684353
715,5.925069400000211,204.83108736337766,350.840179476316,39.83222802935393,68.22570836607618,35.841325427765824,0.1944637825345824,-1.2195088562877245,-0.9929355294089959,35.81259626779803,0.12840037661223624,0.3592385792188504,0.3814957581852547,5.023371527973107
716,5.937853899999027,204.84866386965302,350.81559754241886,39.835646023247975,68.22092807022852,35.838388376568794,0.1944637825345824,-1.2160908623936777,-0.9881552335613435,35.784646328754924,0.1662526094036778,0.34206036953353874,0.3803225296231515,2.230886271498465
717,5.9595637999991595,204.85783018250115,350.8008003255461,39.83742853911632,68.21805054746446,35.59781988722782,0.1944637825345824,-1.2143083465253355,-0.985277710797277,35.809410955204115,0.1372332348139699,0.34704298737322087,0.3731913662217224,2.3008359153877125
718,5.968620899999223,204.84474090133818,350.79966449789043,39.83488314799071,68.21782967012223,35.78968726846119,0.1944637825345824,-1.2168537376509434,-0.9850568334550474,35.84471849475176,-0.069731758600883,0.09423998805586223,0.11723349993214771,3.3661952863293436
719,5.975991499999509,204.8364675129322,350.80036473287106,39.8332742735869,68.21796584046523,35.979833815996926,0.1944637825345824,-1.2184626120547506,-0.9851930037980452,35.8821346169191,-0.09195502952294421,-0.038468353941117514,0.0996771875079982,2.5574202506470503
720,5.982223900000463,204.83009618731506,350.8016842007959,39.832035281507636,68.21822242918883,36.01786312550407,0.1944637825345824,-1.2197016041340163,-0.9854495925216469,35.93761405717289,-0.11280323621602603,0.01960558418910688,0.11449431877698005,-1.0116234382540985
721,5.988146800000322,204.83485482685808,350.8105055838904,39.832960664552886,68.21993786871258,36.0254689874055,0.1944637825345824,-1.218776221088767,-0.9871650320453966,35.90071372940333,-0.06612753183321378,-0.06903594888693254,0.09559713753597365,-2.1482035203488667
722,5.993279000000257,204.8342706525153,350.7993442304453,39.83284706380053,68.21776738970343,35.875217088496726,0.1944637825345824,-1.218889821841124,-0.9849945530362447,35.814982833771296,0.09789742886807089,-0.08195342640182927,0.1276725134004146,-4.5960043682245715
723,6.002887000000555,204.83191589921282,350.82003716845117,39.832389149566396,68.2217914166998,35.60518562961341,0.1944637825345824,-1.2193477360752567,-0.9890185800326208,35.79783665464488,0.1313066832389104,-0.07426489949618363,0.15085330742274697,-6.494566916241666
724,6.0076036999998905,204.84651352070165,350.8220518336167,39.83522785825712,68.22218319610843,35.55117933783674,0.1944637825345824,-1.2165090273845323,-0.9894103594412513,35.76405280456179,-0.053319192247680114,-0.031138628873929118,0.061745853869659646,-0.8907825809899999
725,6.019035799999983,204.84464687382774,350.82221217715414,39.83486486304536,68.22221437711923,35.93213222987204,0.1944637825345824,-1.2168720225962915,-0.9894415404520487,35.75729603454518,-0.06879723604645802,-0.14231596152846093,0.15807242831500512,4.03390742132383
726,6.022569700000531,204.83071051606436,350.8235568895034,39.83215474619994,68.22247587496909,35.85654973699003,0.1944637825345824,-1.2195821394417123,-0.9897030383019114,35.834295510619974,-0.10779071542214243,-0.06386031815957495,0.1252875834496756,3.713109670695212
727,6.034408499999699,204.8246515059692,350.83165216182897,39.83097648817842,68.22405011224616,35.841433238413636,0.1944637825345824,-1.2207603974632306,-0.9912772755789803,35.92804623591306,-0.23902321633665838,-0.0427655635803969,0.24281884477171448,5.106607277266161
728,6.037833099999261,204.82037872732238,350.832119583426,39.83014558748083,68.22414100881797,35.99018300998742,0.1944637825345824,-1.2215912981608241,-0.9913681721507857,35.91644176671387,-0.3579363382769367,-0.04094546554151012,0.36027066687077464,2.4346026851018756
729,6.049728099998902,204.81705604657668,350.83074870689165,39.829499446414864,68.22387442298171,36.01993296430217,0.1944637825345824,-1.222237439226788,-0.991101586314528,35.91412087287403,-0.21231557610780213,-0.04764903464255719,0.21759672414895298,-2.081477489272338
730,6.0532017000005,204.8058684733141,350.830634869594,39.827323868600836,68.22385228575021,35.87410988387606,0.1944637825345824,-1.224413017040817,-0.9910794490830312,35.86566047828575,-0.16747280073014037,0.13970229681943327,0.21809142743588605,-8.217196745365271
731,6.065445500000351,204.80342634684416,350.8374042007969,39.82684896345007,68.22516867550117,35.84494526779084,0.1944637825345824,-1.2248879221915843,-0.9923958388339855,35.85596839936809,-0.08718670461575863,0.1352774804358116,0.16093948606484654,-7.314132618536546
732,6.068973199999164,204.80568828226768,350.8228230350625,39.827288827968374,68.22233316685869,35.59913126547223,0.1944637825345824,-1.2244480576732784,-0.9895603301915088,35.77567915350644,0.035185837182466526,0.2096330992428399,0.21256547094104775,-9.394012184758974
733,6.081661599999279,204.8160499087017,350.82599842233986,39.829303789037944,68.22295066467964,35.94172261539914,0.1944637825345824,-1.2224330966037087,-0.9901778280124631,35.789975918591914,0.18247186926238496,0.1764667874664083,0.2538434756908742,-6.309548275633108
734,6.08592200000021,204.82826479651135,350.81736233751855,39.831679142324646,68.221271258959,35.618486734993894,0.1944637825345824,-1.2200577433170068,-0.9884984222918263,35.744839055788695,0.34833865192641356,0.2116661577661654,0.40760566577195945,-9.618842729393833
735,6.098166499999934,204.83519806558292,350.8274027181687,39.83302741205363,68.22322374935833,35.945593709303466,0.1944637825345824,-1.2187094735880208,-0.9904509126911449,35.76285391955618,0.31257658790004245,-0.005512988577312909,0.31262520107356434,-4.525965391305649
736,6.102477700000236,204.8527242295305,350.82588449301875,39.836435616188204,68.22292850955293,35.619260953774756,0.1944637825345824,-1.2153012694534482,-0.9901556728857486,35.688106062231554,0.02927477414566293,-0.18598264180922847,0.18827255629968845,-5.974449764831223
737,6.114695799999026,204.84932378809552,350.8436094899539,39.83577435348447,68.22637537950234,35.68920558430964,0.1944637825345824,-1.2159625321571852,-0.9936025428351627,35.721152706586935,-0.1345684885728337,-0.26777244772485187,0.2996844371623849,-3.933505374194068
738,6.118578499999785,204.8242122031274,350.8625976239533,39.830891059686124,68.23006788386314,35.567983328775995,0.1944637825345824,-1.2208458259555286,-0.9972950471959621,35.697407421200204,-0.2841192477633492,-0.2011691963205779,0.3481275520522307,-3.2007178931601317
739,6.130762099999629,204.80781772973694,350.863522330793,39.82770292837795,68.23024770585293,35.783719956770824,0.1944637825345824,-1.2240339572636998,-0.9974748691857513,35.692658364122856,-0.359233390881318,-0.2053865745312578,0.41380221618760543,1.6815557618934163
740,6.134657599999628,204.79504448980728,350.8600456217607,39.82521899582601,68.22957161186373,35.82686728236979,0.1944637825345824,-1.2265178898156393,-0.9967987751965524,35.71266253219957,-0.3053393341033694,-0.17097202615768267,0.3499479142374653,3.2842659144579924
741,6.1463002000000415,204.81988920472722,350.8572080607136,39.830050393065335,68.22901980900934,35.59551566838802,0.1944637825345824,-1.2216864925763176,-0.9962469723421634,35.795014195893046,-0.023379583998675117,0.011894541740726336,0.02623137570111386,4.312484743219505
742,6.1506688999998005,204.82472709244158,350.8596801279714,39.83099118700975,68.22950053655897,35.78922642469323,0.1944637825345824,-1.2207456986319016,-0.9967276998917924,35.84183914288955,0.018167175186038553,0.016029576792135226,0.024227950519496593,5.376386786500884
743,6.162560299999313,204.83402753727054,350.861923205821,39.832799786690444,68.22993673396212,35.97974164724334,0.1944637825345824,-1.2189370989512085,-0.9971638972949393,35.830250152796665,-0.0028192332222537475,-0.08798145705691286,0.08802661450844773,6.738817043457921
744,6.177983699999459,204.829749407511,350.8614540070216,39.831967845395226,68.22984549178884,36.01784469175335,0.1944637825345824,-1.219769040246426,-0.9970726551216558,35.90628318485621,-0.06794408017863525,-0.1033282630382051,0.12366538712919359,5.468509519392129
745,6.181797199998982,204.8151872908426,350.8682489387671,39.82913604110618,68.23116685991813,35.76892233190536,0.1944637825345824,-1.2226008445354708,-0.9983940232509525,35.95184440552593,-0.0019604472828459035,-0.08635065162740238,0.0863729031006011,1.6966771242817098
746,6.194422099999429,204.8209881374079,350.8701536653558,39.830264095671176,68.23153726025527,35.97568082868576,0.1944637825345824,-1.221472789970477,-0.998764423588085,35.96095664965988,-0.003075104265230111,-0.07873600989669129,0.07879603746822492,2.595806147195279
747,6.197926900000311,204.83081542424455,350.8706069588194,39.83217514704148,68.2316254094168,36.01703252804184,0.1944637825345824,-1.21956173860017,-0.9988525727496125,35.932424484228854,-0.09188024827852803,-0.019383238183618604,0.09390255558932804,2.085107573216159
748,6.2108781000006275,204.84057357652011,350.87051428853295,39.834072754243536,68.23160738840237,36.025302867913055,0.1944637825345824,-1.2176641313981165,-0.998834551735186,35.978026644892644,0.04192340503567666,0.07592538546061704,0.08673082524182897,-1.0874691229314213
749,6.214716299999054,204.83074504818276,350.86454019322696,39.832161461446304,68.23044564323193,35.87518386459824,0.1944637825345824,-1.219575424195348,-0.9976728065647507,35.98714707702541,-0.005199126547252547,0.1566968989321364,0.15678312744617168,-1.6940678770664253
750,6.227354299999206,204.82596476546365,350.856088661588,39.831231869587164,68.22880212642121,35.99693313522434,0.1944637825345824,-1.2205050160544886,-0.9960292897540342,35.937662569701956,-0.13102366967419626,0.12305529956824375,0.17974929420368557,0.41104341498883507
751,6.231636399999843,204.82274409053582,350.84784174547514,39.83060556495838,68.22719839991966,36.02128298934956,0.1944637825345824,-1.22113132068327,-0.9944255632524772,35.92776566823727,-0.18259212963295682,0.15947060488282894,0.2424268129262806,-1.4573298001051256
752,6.243535399999018,204.81761305510466,350.8596731438883,39.829607764400116,68.22949917840776,35.7696099914246,0.1944637825345824,-1.2221291212415366,-0.9967263417405832,35.95614090220215,-0.041900756729714154,0.11544355569548784,0.12281240965855156,-2.913409998692315
753,6.247775300000285,204.81518588706717,350.8556729856791,39.829135768122704,68.22872129251166,35.97581836058961,0.1944637825345824,-1.2226011175189484,-0.9959484558444842,35.93146133473731,-0.09492739198445979,0.1337006876504635,0.16397281368317762,-1.7054247322427238
754,6.259243999998944,204.82730492513593,350.85080484309947,39.831492482106235,68.2277746150917,36.01706003442261,0.1944637825345824,-1.2202444035354176,-0.9950017784245233,35.87521682749434,-0.08483633520400076,0.015497590198311526,0.08624024044957423,-2.1004638810409313
755,6.263812400000461,204.8193483565281,350.84560526350924,39.82994521767876,68.226763485177,35.87353529790015,0.1944637825345824,-1.22179166796289,-0.993990648509822,35.88492190553794,-0.13448807363682408,-0.0019272460648890807,0.13450188187508175,-3.087225901016038
756,6.275329599999168,204.81367421681756,350.85842737788903,39.82884180300802,68.22925692203938,35.74006045313472,0.1944637825345824,-1.2228950826336344,-0.9964840853722023,35.83555432739665,-0.09678009664989683,-0.10445086224896641,0.14239511835774402,-2.3173830246251583
757,6.2792023999991216,204.80706006421417,350.8640132775777,39.8275555898745,68.23034317722171,35.81813538164257,0.1944637825345824,-1.2241812957671527,-0.9975703405545318,35.82568203247152,-0.13033902964147845,-0.07227986865283559,0.1490390621963026,-1.5836151389263302
758,6.29083189999983,204.811677888368,350.8836974111913,39.82845358942654,68.23417102830012,35.728980469883204,0.1944637825345824,-1.223283296215115,-1.0013981916329442,35.80275359399431,-0.05954485030049806,-0.18928225787327693,0.1984272217789546,-2.3716264461577024
759,6.2945440000003146,204.81239746891816,350.87905118385254,39.82859352178216,68.2332675053573,35.96769855979696,0.1944637825345824,-1.2231433638594922,-1.0004946686901235,35.798167906298865,-0.03060972547561845,-0.40962238226198366,0.4107644718615224,2.7991848007766187
760,6.306589800000438,204.8133441182061,350.9015788970373,39.82877761078342,68.23764832967508,35.758893105514076,0.1944637825345824,-1.2229592748582334,-1.0048754930079014,35.77629678926759,0.009927101739792575,-0.4129995629520349,0.4131188525685121,4.8098514671560455
761,6.3104459999995015,204.81431320240307,350.92771863783355,39.82896606256196,68.24273156254479,35.7171320146575,0.1944637825345824,-1.222770823079692,-1.0099587258776097,35.85946590082227,0.03580335061518209,-0.26590075563898163,0.26830037600542994,17.32700584908548
762,6.322083600000042,204.80656749737813,350.94551455936073,39.827459803464414,68.24619222475864,35.70877979648619,0.1944637825345824,-1.2242770821772382,-1.0134193880914637,35.946796744617586,-0.05356100927115341,-0.24243823292414807,0.24828426953298524,20.99202612889666
763,6.325442199999088,204.8101356792762,350.93849655976203,39.82815368561308,68.24482747801086,36.14482602765662,0.1944637825345824,-1.2235832000285711,-1.0120546413436813,36.15037558427508,-0.34934164991370303,0.16910718294984878,0.3881196048767208,39.01776908433574
764,6.3387149999998655,204.78221150160616,350.9138767644522,39.8227234443992,68.24003981948968,36.404352778773514,0.1944637825345824,-1.2290134412424507,-1.0072669828225003,36.377204633456586,-0.4588485253298599,0.4777653207175578,0.6624210676584328,38.57181250625197
765,6.342122500000187,204.75656514346795,350.8841927628904,39.81773615658741,68.2342673562652,36.776787303801584,0.1944637825345824,-1.2340007290542445,-1.001494519598026,36.67813135637882,-0.9547460169406288,0.4528450062075685,1.056697003171263,52.652463811904276
766,6.354762400000254,204.7241525773709,350.86956198466794,39.81143308638252,68.23142219979064,36.851277260565006,0.1944637825345824,-1.2403037992591308,-0.9986493631234623,36.92255986502577,-1.1651132748074318,0.3017208624981136,1.2035466015070224,44.45779510212929
767,6.358276900000419,204.6770021946357,350.87718816462404,39.80226404460788,68.2329052155912,37.21341341109738,0.1944637825345824,-1.2494728410337714,-1.0001323789240217,37.19636561070047,-1.9346855023144163,-0.3894894412543528,1.9735019680036332,53.86013165750414
768,6.370654399999694,204.62320333796555,350.89941941664426,39.79180211544377,68.23722838894953,37.36696857089135,0.1944637825345824,-1.25993477019788,-1.0044555522823515,37.43947026569478,-1.8639682943773987,-0.8837487590548875,2.0628595860056116,39.20091678051131
769,6.3743510999993305,204.54227925856367,350.9582609210556,39.77606531286515,68.2486709304674,37.77338150714702,0.1944637825345824,-1.2756715727765027,-1.0158980938002173,37.67643409220146,-1.9286264583308061,-1.052412087827289,2.1970824332233465,37.175735164517405
770,6.386598400000366,204.47236943622295,351.0072120198147,39.762470384376456,68.2581901462913,37.99231057877316,0.1944637825345824,-1.289266501265196,-1.0254173096241175,37.86035151570592,-2.164417312434093,-1.2264809856624763,2.4877616265542852,29.995981136295317
771,6.401736699999674,204.40838319157527,351.05533846637945,39.750027377212085,68.26754899713023,38.03609639309838,0.1944637825345824,-1.3017095084295676,-1.0347761604630534,37.99980467814118,-2.153639283032425,-1.277187300091878,2.503870915390088,26.570700614784332
772,6.405389800000194,204.3372261079524,351.0796152562433,39.73618990157665,68.27226995351496,38.133000528619675,0.1944637825345824,-1.3155469840650014,-1.0394971168477838,38.15326659969074,-1.7446042438679659,-0.6213217203584012,1.8519407787268036,14.056668546562838
773,6.417596199999025,204.2875535973006,351.1174532525374,39.72653039726731,68.27962807339784,38.064234383067685,0.1944637825345824,-1.3252064883743415,-1.0468552367306643,38.183958984000654,-1.6145679705935623,-0.5470567184112936,1.7047289476117744,10.78461742865167
774,6.421604900000602,204.2419590475185,351.11366049331014,39.71766390865372,68.27889051909226,38.54069111489479,0.1944637825345824,-1.3340729769879331,-1.046117682425077,38.19009746086263,-1.6249570267831577,-0.6847808811782818,1.7633519768098664,14.316676502107052
775,6.433815099999265,204.21308528189917,351.1391481555541,39.71204900697537,68.28384694630019,38.14577250032271,0.1944637825345824,-1.3396878786662825,-1.0510741096330065,38.173695761703776,-0.893552840811843,-0.4861696703686784,1.0172500320517588,5.695124445843826
776,6.437341499999093,204.19723799527947,351.16284642609554,39.708967283676394,68.28845540162921,38.06678877740829,0.1944637825345824,-1.3427696019652586,-1.0556825649620265,38.26845802441107,-0.48970803931611673,-0.31054558557650147,0.5798728520045472,8.240388232608794
777,6.450100399999428,204.18865276053862,351.18248101570356,39.707297766454744,68.2922736181929,38.050992032825405,0.1944637825345824,-1.3444391191869087,-1.0595007815257134,38.25443501308534,-0.027165401444517637,-0.40920680053539793,0.4101075037597566,9.112474789533168
778,6.45381129999987,204.21208399701942,351.17722730958997,39.71185429333026,68.29125196262972,38.538045696604144,0.1944637825345824,-1.3398825923113904,-1.0584791259625348,38.31099198308582,-0.14075522893756215,-0.3957353864666032,0.4200220596291787,15.60037900356793
779,6.465806599999269,204.2183080170771,351.19630725464356,39.71306463981325,68.29496232091539,38.47057605826614,0.1944637825345824,-1.3386722458284055,-1.0621894842482078,38.381664949351546,0.1065565660819799,-0.24131458733105315,0.2637935401671918,11.454138406055305
780,6.469413999999233,204.19924176867357,351.2025878610242,39.70935694502995,68.29618367138877,38.42855735032511,0.1944637825345824,-1.3423799406116999,-1.0634108347215943,38.49384153479219,0.4208798505206577,-0.5146663613821459,0.6648468335734395,14.027209892182722
781,6.481696200000442,204.22214702053753,351.23636168693577,39.713811186947325,68.30275145732621,38.420153608736896,0.1944637825345824,-1.3379256986943275,-1.069978620659029,38.569266964185005,0.18543825837048283,-0.6382523070710614,0.6646452852078395,12.637479780678564
782,6.485780799999702,204.252409466316,351.27135543638235,39.719696136622154,68.30955647420866,38.61187496002863,0.1944637825345824,-1.332040749019498,-1.0767836375414817,38.61732751393076,0.33894547264998476,-0.9429548516349626,1.0020218987885625,17.604287191912153
783,6.497995199999423,204.25559199060245,351.2928754801893,39.720315022332905,68.31374134332766,38.91517284356823,0.1944637825345824,-1.3314218633087478,-1.0809685066604828,38.71861076645803,0.6049518027305179,-0.9673010066150898,1.1408934748807487,12.62629088106748
784,6.50163799999973,204.2718600337834,351.32720904338714,39.72347856754431,68.320417977895,38.7108788069949,0.1944637825345824,-1.3282583180973404,-1.0876451412278243,38.83053855954161,0.5031780266021885,-1.0059490820697221,1.124776280943099,12.188357175478952
785,6.513783200000034,204.29073569936384,351.3559569239327,39.72714920087094,68.32600839948576,38.934973612961485,0.1944637825345824,-1.3245876847707123,-1.0932355628185775,38.905914840814575,0.2869807983379141,-0.7492080625208682,0.8022909070660964,9.882936808689943
786,6.51759839999977,204.2878671828976,351.3702392309832,39.726591378308655,68.32878579093811,38.9797925741548,0.1944637825345824,-1.3251455073329979,-1.0960129542709325,38.92099009706917,0.24411144597104883,-0.740902693926934,0.7800815341502864,8.253372489993776
787,6.530206800000087,204.31119409064627,351.39502715393724,39.73112761702429,68.33360614419693,38.98875636639346,0.1944637825345824,-1.3206092686173605,-1.1008333075297543,38.924005758671655,0.13726132290894333,-0.4401391628617295,0.4610457173115669,2.110170465586954
788,6.534386600000289,204.3076759945854,351.40149879287884,39.730443474756974,68.33486464358471,38.990549124841195,0.1944637825345824,-1.321293410884678,-1.102091806917528,38.92460889099215,0.020240079021250676,-0.34800550482157777,0.3485935917152059,-1.8108685836795764
789,6.546760600000198,204.32894078819714,351.42243432956735,39.734578706957535,68.33893584723856,38.725957115007304,0.1944637825345824,-1.3171581786841173,-1.106163010571379,38.92472951745624,0.056517013772745525,-0.19287493234809194,0.20098485608142158,-2.5067480218654126
790,6.5507135999996535,204.32319054983247,351.4224268196965,39.733460493854665,68.33893438684066,38.93798927456396,0.1944637825345824,-1.3182763917869877,-1.106161550173482,38.871763530444376,0.1712423044206802,-0.23559201010743805,0.2912516472910807,-0.017913827131812443
791,6.563138800000161,204.32543798779992,351.41938081381085,39.73389753914282,68.33834204901451,38.98039570647529,0.1944637825345824,-1.317839346498829,-1.1055692123473335,38.877627852573255,0.2244066777008355,-0.14370416150112625,0.26647559556077255,0.41992391966086945
792,6.56740919999902,204.34593545520192,351.43246666341366,39.7378835541862,68.34088677282595,38.72392643133412,0.1944637825345824,-1.313853331455455,-1.108113936158773,38.931790829303715,0.1384932642430523,-0.04866422043413085,0.1467943820149722,0.6420310159135074
793,6.579104200000074,204.35207834622236,351.42294363118543,39.73907812400973,68.33903488795765,39.019870735485576,0.1944637825345824,-1.3126587616319227,-1.1062620512904715,38.95908094418106,0.14567628397403953,0.002946433318263608,0.1457060780536762,4.557267568609102
794,6.583976199999597,204.34968874549114,351.41928113484715,39.73861343321279,68.3383226650662,38.99677199865962,0.1944637825345824,-1.3131234524288615,-1.1055498283990204,38.96453896715653,0.0895469584282109,0.03157424750106689,0.0949504653437905,5.628170212599543
795,6.595395399999688,204.33518677377512,351.40410617238365,39.73579332493868,68.33537168446573,39.074439848950675,0.1944637825345824,-1.3159435607029693,-1.1025988477985464,39.03507820358756,-0.11090337206242142,0.1739691172456176,0.20631241283557156,3.471799690360524
796,6.600008199999138,204.32936401522113,351.3995800098928,39.73466100928549,68.33449150978738,39.00768582135264,0.1944637825345824,-1.3170758763561636,-1.101718673120203,39.06195460556127,-0.1362056244902159,0.1651952060983386,0.21410611448681763,2.849166634628435
797,6.611490100000083,204.32529907265294,351.39272642337164,39.73387052517789,68.33315873542855,39.07662261348928,0.1944637825345824,-1.3178663604637606,-1.100385898761374,39.08378740548726,-0.1397476147715513,0.19570109717239614,0.24047518638898596,3.249690679972047
798,6.626997699999265,204.32335586557534,351.383597255257,39.733492641779335,68.33138344286559,39.15425274535411,0.1944637825345824,-1.318244243862317,-1.098610606198406,39.07169644594121,-0.0961751531372832,0.14802346910974423,0.17652367401644256,1.6205551996837677
799,6.63149329999942,204.32074146273172,351.37669155014237,39.73298423511329,68.33004053332793,39.105935998289574,0.1944637825345824,-1.31875265052836,-1.0972676966607509,39.08573577356324,-0.0564206131512555,-0.17497589062054986,0.18384734941472028,-0.3229954120042261
800,6.643585300000268,204.31893200874933,351.3754457757192,39.73263236184756,68.32979827532141,39.013985051220416,0.1944637825345824,-1.3191045237940955,-1.097025438654228,39.06193353166578,0.008449477360038204,-0.2656056808997342,0.26574004476907354,-1.9816769586532876
801,6.648090000000593,204.31785022020492,351.40843663924227,39.732421993155306,68.33621380343119,39.077882459462835,0.1944637825345824,-1.3193148924863465,-1.103440966764012,39.04440452859878,0.016608693436256358,-0.2409819840759894,0.24155364900340454,-1.7436914575182776
802,6.659503400000176,204.33284619152585,351.4282199996543,39.735338166461155,68.34006095052816,38.957611404001945,0.1944637825345824,-1.3163987191804978,-1.1072881138609745,38.97145109614945,0.10258020886894038,-0.3227772212825935,0.33868544968821407,-0.8998904202638243
803,6.664053899999999,204.3332306213678,351.42266016348776,39.73541292414234,68.33897976375694,39.06660773001914,0.1944637825345824,-1.3163239614993145,-1.106206927089758,38.97331792919083,0.05742762877554357,-0.30060286414477194,0.3060392368289103,1.3780637565048217
804,6.675367800000458,204.35166016388686,351.4290750750516,39.738996802690984,68.34022723172427,38.741168836042895,0.1944637825345824,-1.3127400829506684,-1.1074543950570899,39.0563835565413,0.05290971660316934,0.039668270183312426,0.06612873634331724,3.7478996346519904
805,6.67995560000054,204.34564743232914,351.42598672530585,39.7378275441689,68.33962665955092,39.02331921642733,0.1944637825345824,-1.3139093414727512,-1.1068538228837355,39.09960678943327,-0.054177998523892816,-0.12000513768381028,0.13166810014033467,10.071982626400223
806,6.691433099998903,204.3415578846936,351.4096277848421,39.73703227526684,68.33644543811008,39.49321059621516,0.1944637825345824,-1.314704610374811,-1.103672601442895,39.19094369675385,-0.06947446485682388,-0.1284591975489924,0.14604268794456335,13.130882432925407
807,6.696150100000523,204.33476767551912,351.4371695194527,39.73571182550657,68.34180130800003,39.173727568461786,0.1944637825345824,-1.3160250601350825,-1.1090284713328487,39.30994655185077,-0.3103362696025419,-0.16937836926356054,0.35355004200990364,15.65762318406871
808,6.707205700000486,204.33135350945594,351.4260648408007,39.73504789385972,68.33964185018552,39.52329226662205,0.1944637825345824,-1.3166889917819304,-1.1068690135183346,39.48357195197172,-0.23235456411181224,-0.19541256071479518,0.3036028859360592,14.709682003389137
809,6.712304799999401,204.3080809921101,351.4343207756299,39.730522232107546,68.34124733050076,39.33618311152754,0.1944637825345824,-1.3212146535341063,-1.108474493833583,39.58542960035528,-0.2962337088381034,-0.07446328006022579,0.30544916161172525,12.157915270623768
810,6.7233393999995315,204.31574400291032,351.43427904644653,39.73201241017336,68.34123921568593,39.89144621703207,0.1944637825345824,-1.3197244754682913,-1.1084663790187506,39.63708958218044,-0.2479536967499672,0.1800670901885949,0.30643954167333276,8.484602697421296
811,6.728186700000151,204.30605544652838,351.4122959579007,39.73012833685203,68.33696430113551,40.00249883813298,0.1944637825345824,-1.3216085487896194,-1.1041914644683288,39.61381806292047,-0.3289357129741651,0.05676628867715201,0.3337980149731272,2.0202169118019904
812,6.73954380000032,204.30380496880983,351.40428248556896,39.72969070044237,68.33540597099464,39.43202747758754,0.1944637825345824,-1.3220461851992837,-1.102633134327462,39.69174981863879,-0.18334984819526315,0.1280763460308834,0.22365311812234726,-2.8450142609958964
813,6.743976699999621,204.29320588087432,351.413883426568,39.72762956171102,68.33727300629721,39.4069346703222,0.1944637825345824,-1.3241073239306331,-1.104500169630029,39.61808751255589,-0.3606804075517711,0.0570786365675927,0.36516890221393034,-0.5930662873449699
814,6.755626599999232,204.28364387744514,351.4113855905287,39.72577009835557,68.33678726765287,39.72584189011913,0.1944637825345824,-1.3259667872860845,-1.1040144309856856,39.56740412360493,-0.28160648687171164,-0.13085741182564067,0.3105251611028208,2.3291942215763823
815,6.760171300000366,204.26607851086519,351.41966463493685,39.72235427072882,68.33839724194424,39.52313468661758,0.1944637825345824,-1.3293826149128307,-1.1056244052770552,39.63985289503349,-0.3024891578511085,-0.1188577816361807,0.3250028659457434,3.896754719516324
816,6.771916600000623,204.2664822436831,351.4231534634217,39.72243278213973,68.33907569272802,39.749081893378204,0.1944637825345824,-1.3293041035019257,-1.106302856060836,39.75507873330358,-0.19918023803393542,0.02185306067026825,0.20037545629121745,9.4137238526652
817,6.776698899999246,204.26296684387975,351.4183036246445,39.72174916419685,68.33813257473473,39.79427133473033,0.1944637825345824,-1.3299877214448017,-1.1053597380675484,39.82537731892634,-0.1792440843793288,0.21828551879374214,0.28244824216135084,11.23756214348755
818,6.787148899999011,204.26573865921213,351.403129372958,39.72228818189087,68.33518173235463,39.98306386167263,0.1944637825345824,-1.329448703750785,-1.1024088956874465,39.93998940421496,-0.00949023709171828,0.3512132269270011,0.3513414227906157,8.948033460759405
819,6.791955799999414,204.26425723560382,351.3778209174583,39.722000098652465,68.33026015436805,40.07733481823297,0.1944637825345824,-1.3297367869891872,-1.0974873177008675,39.962911821272684,-0.022912668154832054,0.38925930953241955,0.3899330717182495,7.926776590879714
820,6.803491399999984,204.27002091290487,351.35940884264585,39.723120925141735,68.32667967265571,40.09619511306066,0.1944637825345824,-1.328615960499917,-1.093906835988534,40.01474972265298,-0.0008119364654920885,0.406010562142247,0.4060113739932508,5.208098517042592
821,6.808098299999983,204.26858936518911,351.3562706676927,39.72284254095805,68.32606941128407,39.863693978666824,0.1944637825345824,-1.3288943446836043,-1.0932965746168861,40.03642101386654,0.03891084275323689,0.4463550895454026,0.4480478988309749,1.1058540708303561
822,6.8199838000000454,204.266606417225,351.33909818450127,39.72245692939638,68.32272998524715,40.053460841631804,0.1944637825345824,-1.3292799562452728,-1.0899571485799697,40.049570579726435,0.09915227227456933,0.24107641629369028,0.2606703120614601,-0.02152792055664321
823,6.824659699999756,204.27262236846641,351.3274579567699,39.723626814030325,68.32046638253294,40.09142031774043,0.1944637825345824,-1.3281100716113272,-1.0876935458657613,40.00494585422655,0.14142054986406252,0.07247936459557763,0.15891202036357246,-3.006793186563472
824,6.8349388000006,204.28537589851308,351.32759202825497,39.72610691372387,68.32049245458106,40.14308264753247,0.1944637825345824,-1.3256299719177846,-1.0877196179138764,39.996020909126564,0.14904662906169644,-0.02906550000733718,0.1518542094422524,-4.111252008061789
825,6.839639300000272,204.29283292726498,351.3404658171223,39.727557035741434,68.32299594025976,39.873071485561184,0.1944637825345824,-1.3241798499002186,-1.090223103592578,39.94698250213782,0.14725599187989272,-0.14410964905611626,0.2060386325318823,-5.484825209676213
826,6.851626199999373,204.29145850647444,351.36359698406574,39.72728976067571,68.32749411447801,39.81906925316693,0.1944637825345824,-1.3244471249659426,-1.0947212778108337,39.93717482074007,0.12897890498068834,-0.19252198673561755,0.23173319422699618,-2.2601767455025117
827,6.867110099999991,204.28816232559322,351.38702656535236,39.72664877287363,68.33205031947821,39.808268806688076,0.1944637825345824,-1.3250881127680216,-1.0992774828110328,39.847964138952705,0.06841533291109193,-0.2825553768385226,0.29072013820458853,-1.9936358031671473
828,6.87158029999955,204.2918129202655,351.3814627570607,39.7273586813221,68.33096836027252,40.04238191075168,0.1944637825345824,-1.324378204319551,-1.098195523605341,39.877376641267105,0.03718285801934844,-0.11560473227141399,0.12143730503445938,-2.2822556676151002
829,6.884245999999621,204.28780460946092,351.4109479646558,39.72657921004147,68.33670216527028,39.69702923859565,0.1944637825345824,-1.325157675600181,-1.1039293286031011,39.88325914172999,0.05772274224235932,-0.05487588395417627,0.07964469606778643,-3.1761094747145178
830,6.8886349000003975,204.29124283937693,351.40412859272647,39.72724782123616,68.3353760444104,40.02013399713319,0.1944637825345824,-1.3244890644054905,-1.1026032077432149,39.83113791233038,-0.08615336874340644,-0.145921684456468,0.16945660488883393,-1.183034771572437
831,6.899543499999709,204.29575306213917,351.40814579564255,39.72812489621458,68.33615724488466,39.84848175548133,0.1944637825345824,-1.3236119894270715,-1.1033844082174795,39.77345902777858,-0.16530266344839092,-0.22181504510063305,0.2766349305061237,-3.2427413835243057
832,6.9042164999991655,204.27747143814221,351.42615601678176,39.72456978246126,68.33965958061168,39.54766265969002,0.1944637825345824,-1.3271671031803933,-1.1068867439445,39.793103670790096,-0.18421195518110237,-0.23495270656410439,0.298557898494484,-3.727611512339481
833,6.915866800000003,204.2632765509418,351.4343893459923,39.72180939100362,68.34126066495281,39.753987487992696,0.1944637825345824,-1.329927494638035,-1.1084878282856323,39.74977796072053,-0.27001335659300846,-0.3389217328473652,0.43333030558095514,-0.42310288238953564
834,6.920287999999346,204.2597278291417,351.4461751563223,39.7211192931392,68.34355257820981,39.795252453653234,0.1944637825345824,-1.330617592502449,-1.110779741542629,39.74111281870661,-0.355803628898377,-0.4711517036388844,0.590406766711796,3.993652518497152
835,6.931384699999398,204.24394044117213,351.4585973169126,39.718049217958296,68.34596823854545,39.80350544678534,0.1944637825345824,-1.333687667683357,-1.1131954018782722,39.792677519796015,-0.2751399378491396,-0.3833082302804045,0.4718338529613194,3.432499689197963
836,6.936102399999072,204.23548462201177,351.47637418274377,39.71640486737994,68.3494251951166,39.805156045411756,0.1944637825345824,-1.3353320182617097,-1.1166523584494144,39.87191746196702,-0.2346016473492929,-0.2654001920195001,0.3542247801368356,4.311416341216181
837,6.947437799999534,204.214648133042,351.4944597566234,39.71235292492015,68.35294218422254,39.80548616513704,0.1944637825345824,-1.3393839607215057,-1.1201693475553611,39.887765450401226,-0.20689734732116027,-0.19100247088526168,0.28158205946545684,4.714764471205629
838,6.95212840000022,204.21382209795777,351.48355451435117,39.71219229101316,68.35082150956083,40.150187198847725,0.1944637825345824,-1.3395445946284923,-1.11804867289365,39.89093504808805,-0.2748021870584228,-0.24762272637808064,0.3699097952623128,5.700569179042495
839,6.9632824000000255,204.21281450276092,351.4919518610097,39.711996350239914,68.3524544893553,39.874492395824234,0.1944637825345824,-1.339740535401738,-1.119681652688115,39.891568967625425,-0.21144040104528905,-0.1377791493651292,0.2523690495959662,1.2781213268764413
840,6.968230399999811,204.19713596821953,351.5046942030454,39.7089474431084,68.35493241338591,39.81935343521954,0.1944637825345824,-1.3427894425332525,-1.1221595767187296,39.93895039020478,-0.23835983552526274,-0.1725200187550024,0.2942423627944431,4.258462034978162
841,6.979413900000509,204.195310603383,351.5152497836715,39.70859247575778,68.35698509152131,39.8083256430986,0.1944637825345824,-1.3431444098838696,-1.124212254854129,39.87949967276752,-0.2769897095107695,-0.2904418713709889,0.401347455230929,6.525636714615245
842,6.984171300000526,204.18327284127542,351.52708972863275,39.70625156700509,68.35928753200348,40.042393278033785,0.1944637825345824,-1.3454853186365625,-1.1265146953362972,39.9570443437332,-0.5150215864504928,-0.4485073299508758,0.6829392795334341,18.09322424745083
843,6.996061899999404,204.16936862535792,351.53549710256834,39.70354770058459,68.36092246174017,39.85293361166145,0.1944637825345824,-1.348189185057059,-1.128149625072993,40.099869562106015,-0.47290655034848655,-0.39589757081390037,0.6167458892760072,21.86375150016023
844,7.000817399999505,204.13983437435706,351.55840430493896,39.69780435842064,68.36537708296045,40.26221575065261,0.1944637825345824,-1.353932527221012,-1.132604246293269,40.37518814581965,-0.5167459982157132,-0.6037599504136957,0.7947027773925935,40.55800255331979
845,7.011380199999621,204.11780237410684,351.57131799518004,39.69351993231518,68.3678883280112,40.53347952708365,0.1944637825345824,-1.358216953326469,-1.135115491344024,40.675472809828,-0.5542688944090987,-0.5833283694015261,0.8046651439313921,45.34984882426021
846,7.016021100000216,204.11181372218883,351.6005016179356,39.69235535641092,68.37356348568032,41.18491856166673,0.1944637825345824,-1.3593815292307312,-1.140790649013141,41.08459285298123,-1.075334248847669,-0.8442562422506747,1.3671548373626194,66.86364331553128
847,7.02737259999958,204.07213906897493,351.62278928387843,39.6846400732762,68.37789762950342,41.54381659807554,0.1944637825345824,-1.3670968123654532,-1.145124792836242,41.54159325321344,-1.0918185679733807,-0.8260008235681331,1.3690672539750113,67.47765670310754
848,7.031950999999026,204.00544626626717,351.65674254802036,39.67167073859382,68.38450030967786,41.89853382742761,0.1944637825345824,-1.3800661470478346,-1.1517274730106806,42.08908097974425,-1.7631221910341295,-1.3748560177688867,2.235806102977696,89.95083176946622
849,7.043332199998986,203.9299389896625,351.70622360087225,39.65698730797639,68.39412258237924,42.54721775181365,0.1944637825345824,-1.3947495776652659,-1.1613497457120587,42.78293399380042,-2.1957980736968903,-1.2219465713722237,2.5129032221196477,83.33169149810794
850,7.048143500000151,203.8368586793004,351.7800028606673,39.63888655874388,68.40846997631158,43.27091815973773,0.1944637825345824,-1.4128503268977752,-1.1756971396443987,43.46033801946321,-3.5890351088616246,-1.6123739479223054,3.9345803792246934,110.53958754042924
851,7.0593590999997105,203.69761417544032,351.80643565169026,39.6118085458261,68.41361019683686,44.65418363194755,0.1944637825345824,-1.4399283398155518,-1.1808373601696758,44.077864723033265,-3.7001515348943417,-1.6366077262927763,4.045937002839041,100.313474075683
852,7.0638152999999875,203.52240693131125,351.859918849446,39.5777370824053,68.42401074177448,44.93083672638951,0.1944637825345824,-1.473999803236353,-1.1912379051073003,44.86348615261447,-3.906862034986483,-1.8352500335778181,4.3164468774868645,96.28901135886616
853,7.075548799999524,203.31796440372625,351.954245154256,39.537980415180186,68.44235379180034,44.986167345277906,0.1944637825345824,-1.513756470461466,-1.2095809551331627,45.666644374077585,-5.087864849269087,-2.542535021181194,5.687781031154487,100.49973512274651
854,7.091284300000552,203.1299366575722,352.1030250947164,39.501415828441615,68.47128610178754,46.475324899719645,0.1944637825345824,-1.550321057200037,-1.2385132651203605,46.30932191680771,-5.439436900493176,-2.973935007461378,6.199335708207059,105.57074275550868
855,7.095848999999362,202.903017153895,352.25603428881584,39.45728820342568,68.50104084843468,47.286709267053304,0.1944637825345824,-1.594448682215969,-1.2682680117675034,47.048109500549046,-6.026972579393082,-3.8054411996436794,7.127817421672753,103.04110539813124
856,7.107434100000319,202.6544614112765,352.4118402982782,39.408953113545394,68.53133947437635,47.867571345598165,0.1944637825345824,-1.6427837720962586,-1.2985666377091718,47.97972138741451,-6.115965015334079,-3.949040589259071,7.280106430843302,101.37506602973211
857,7.111844799999744,202.41441262454765,352.5590757972258,39.36227231848527,68.55997144642507,48.6247746450962,0.1944637825345824,-1.689464567156385,-1.327198609757886,48.70153387709229,-7.616173330981421,-4.812313495140583,9.009131888426587,121.82442419062522
858,7.123338800000056,202.1878431158537,352.69391476229475,39.31821275481764,68.58619274160543,49.644226779605184,0.1944637825345824,-1.7335241308240157,-1.3534199049382494,49.39255103811377,-6.4262246617920855,-3.966139735209046,7.551597698701175,101.95719391864536
859,7.128025300000445,201.9510707337974,352.84224852699947,39.27216910180324,68.61503828656751,50.084387348108535,0.1944637825345824,-1.7795677838384094,-1.3822654499003306,50.063139113872765,-7.489810795039499,-4.193749423725384,8.583985087037792,110.32464866220892
860,7.139429400000154,201.7330679764181,352.9764007547967,39.2297754610003,68.6411260362204,50.74179507216077,0.1944637825345824,-1.8219614246413514,-1.4083531995532184,50.77603053273549,-5.996701580995055,-3.1844348354971017,6.789775774871806,86.47435661942157
861,7.143909899999926,201.51441323433892,353.0628791803984,39.18725503278646,68.65794295797053,51.22051172439309,0.1944637825345824,-1.8644818528551923,-1.4251701213033527,51.32378032529711,-6.688822904424185,-3.380220664284754,7.494414158959142,97.13187800208821
862,7.1553923999999824,201.33030542650465,353.1481966017402,39.151452732080855,68.67453410644076,52.18923173940987,0.1944637825345824,-1.900284153560797,-1.441761269773579,51.83359029357504,-5.231396360894255,-2.4070939160787135,5.758611725546428,76.16027413414804
863,7.15999439999905,201.15769537518085,353.22535023686083,39.117886328596946,68.68953769416261,52.38297574241322,0.1944637825345824,-1.9338505570447069,-1.456764857495429,52.355491252074394,-5.980857545701927,-2.4280048412669757,6.454910107135152,82.41331962380819
864,7.1718922999989445,201.00243653910772,353.3042394757191,39.087694108062244,68.70487879395226,52.633437189498274,0.1944637825345824,-1.964042777579408,-1.4721059572850805,52.810363387133634,-4.667605883006717,-1.9652552187116372,5.064461743734692,66.63999295846092
865,7.176327499999388,200.83218643580233,353.35879760086334,39.054586628996574,68.7154883733358,53.35129986465747,0.1944637825345824,-1.997150256645078,-1.4827155366686213,53.226283492856425,-5.587422801551704,-2.0864634843145042,5.964278953459313,80.30304402274939
866,7.187222599999586,200.66837375738808,353.43945373371196,39.022730995925016,68.73117307001417,53.494872399689314,0.1944637825345824,-2.029005889716636,-1.4984002333469846,53.6989706878291,-4.858186281519073,-1.6017541528218402,5.115426698919859,65.8453787806389
867,7.19202949999999,200.47761742616342,353.4901506038382,38.98563579821265,68.74103177514156,54.2688322680238,0.1944637825345824,-2.0661010874290042,-1.508258938474384,54.24077619322989,-6.2231768657145485,-1.773862110915575,6.4710522398221,79.40383249915313
868,7.203433599999698,200.26370291000765,353.53921703328376,38.94403717226194,68.75057341860703,54.746411717276644,0.1944637825345824,-2.1076997133797093,-1.5178005819398521,54.70970247985692,-5.401770289761007,-1.5193400266067958,5.611373840673445,68.82160520881726
869,7.207927999999811,200.0473176342402,353.58890582082097,38.90195807305142,68.76023608818107,55.34246471650221,0.1944637825345824,-2.1497788125902346,-1.5274632515138933,55.18621478796358,-6.106148022675094,-1.9975634186564675,6.424585845513582,77.22918738104914
870,7.218979499999477,199.85649875060108,353.65252888440443,38.86485071115993,68.77260846978194,55.69593129779263,0.1944637825345824,-2.186886174481721,-1.5398356331147625,55.63784476423334,-4.9364534049948965,-1.7999692737294737,5.254375472504408,59.47821317487278
871,7.223600299999816,199.70333672378308,353.74355366885504,38.83506624408424,68.7903094936706,55.877433940222595,0.1944637825345824,-2.216670641557414,-1.5575366570034248,56.03256834249511,-5.070466078923523,-2.0610656018809506,5.4733552481792165,64.56395763372814
872,7.23542180000004,199.58974409305515,353.8081723527606,38.81297659144483,68.80287548736528,56.52698214937264,0.1944637825345824,-2.2387602941968225,-1.5701026506981037,56.31580260892871,-3.4736166323695383,-1.6794119210615441,3.8582945596828035,47.680720642623776
873,7.239832499999466,199.49181163361536,353.8567595798894,38.793932274949256,68.81232394333563,56.72002960858547,0.1944637825345824,-2.2578046106923964,-1.579551106668447,56.609325072566996,-3.3114862135300953,-1.2415812011464047,3.5365894335418746,44.63148352289612
874,7.251227499999004,199.41104647529838,353.87092054682785,38.77822637676593,68.81507773853082,56.758636048670226,0.1944637825345824,-2.2735105088757237,-1.5823049018636368,56.855541161974344,-2.152117794545251,-0.5182957016093565,2.213648896258178,29.225990865437133
875,7.255681299999196,199.35271202776013,353.8464227636601,38.766882439445574,68.81031380695231,57.16354361598405,0.1944637825345824,-2.2848544461960785,-1.5775409702851277,56.96964644040269,-2.1164063727105105,-0.626156474742702,2.207090361836567,27.64354790054214
876,7.267861000000266,199.3120702188541,353.8598448266572,38.75897907955666,68.81292391209215,57.10851438725931,0.1944637825345824,-2.2927578060849925,-1.5801510754249648,57.07190414159617,-1.352482422746206,-0.2568239214972614,1.3766507293030714,15.936711258069458
877,7.2723905999991985,199.27270444436198,353.8971664068596,38.75132386214652,68.82018160774847,57.097508541514365,0.1944637825345824,-2.300413023495132,-1.5874087710812859,57.144590789256746,-1.239241612228153,-0.33767644194568625,1.284424054945613,15.307343786845175
878,7.2833807000006345,199.24455245386395,353.91386679702737,38.745849319588395,68.82342922879029,57.23131811455288,0.1944637825345824,-2.305887566053258,-1.5906563921231083,57.23266144398417,-0.7713492141092476,-0.5755870732540016,0.9624344595888393,12.934577162560153
879,7.288096799999039,199.22485729071207,353.9295317627334,38.742019323664245,68.82647549727477,57.12206928697308,0.1944637825345824,-2.3097175619774077,-1.5937026606075904,57.319723206765595,-0.6648832006198505,-0.5268643785182849,0.8483252582694653,13.437539279275255
880,7.299829199999294,199.21233462297099,353.936766790781,38.73958411832789,68.82788244819565,57.60389688962118,0.1944637825345824,-2.312152767313762,-1.5951096115284713,57.48111322045469,-0.29138719722717304,-0.27625031041452525,0.4015230164162809,18.12096631397934
881,7.313490599999568,199.2041456674615,353.93470744476554,38.737991663064506,68.82748197997994,57.543823201166425,0.1944637825345824,-2.313745222577147,-1.5947091433127554,57.63016673588782,-0.1335831975949454,-0.2246362274360489,0.2613539847723591,19.183368747826442
882,7.317894300000262,199.20816379723647,353.9426154598242,38.73877304377926,68.82901980250058,57.90445860995985,0.1944637825345824,-2.3129638418623912,-1.5962469658334015,57.80395510010725,0.09875352112070818,-0.2991476551184923,0.31502631238776,26.42163911695185
883,7.330661500000133,199.22726143881107,353.9450731154443,38.74248684339735,68.82949772750862,57.97658569171854,0.1944637825345824,-2.309250042244301,-1.5967248908414433,57.974086308107395,0.12929601838272237,-0.27777781535211665,0.3063951289942774,25.823585109369333
884,7.334628900000098,199.23439333211488,353.96585201909545,38.74387373834584,68.83353847170956,57.991011108070275,0.1944637825345824,-2.307863147295812,-1.6007656350423787,58.19091223232461,0.10776211965420839,-0.39482536226931464,0.409267322325474,28.173673923949472
885,7.347214899999017,199.2308433586635,353.96669799012545,38.74318339708059,68.83370298243597,58.45455292962187,0.1944637825345824,-2.30855348856106,-1.6009301457687855,58.32640876482431,0.07495442619219686,-0.30677863910067227,0.3158026273074086,22.391841871846538
886,7.351220000000467,199.22622509137486,353.97814758102743,38.742285311354884,68.83592951319123,58.627952822252496,0.1944637825345824,-2.3094515742867685,-1.6031566765240512,58.41716834964455,0.16799955872953243,-0.4334608642902389,0.4648786643894926,24.67732952087097
887,7.36319739999999,199.22705035243357,353.97254135082324,38.74244579474194,68.83483930445996,58.581941272458316,0.1944637825345824,-2.3092910908997126,-1.6020664677927812,58.54358991992892,0.1345513248347302,-0.24582967218721588,0.2802432635095001,15.021299229847282
888,7.367229800000132,199.24272907980762,353.9864519880964,38.745494739372425,68.83754441960157,58.43038361581979,0.1944637825345824,-2.306242146269227,-1.60477158293439,58.64340426328266,0.0692092336138792,-0.2537937375396362,0.26306117013302865,14.460221509789855
889,7.379526999999143,199.25425908269605,353.9915318202663,38.74773690734675,68.83853226297997,58.62311895949208,0.1944637825345824,-2.303999978294904,-1.6057594263127868,58.72175885558622,0.08130904075031986,-0.13947776674853743,0.1614472282973498,11.798639989677888
890,7.383523000000423,199.2464184694045,353.99261867284,38.74621219202868,68.83874361644251,58.95362464639061,0.1944637825345824,-2.3055246936129734,-1.6059707797753333,58.753568079710995,0.0831576376102279,-0.19520455655846702,0.21217919689286632,13.02551730476949
891,7.395215700000335,199.23657333683354,353.991677312253,38.74429767030938,68.83856055590203,59.01972578377031,0.1944637825345824,-2.3074392153322734,-1.6057877192348542,58.86293102316877,-0.08333540451640792,-0.053089920008338246,0.09880956053138328,8.363431270821259
892,7.400024999999005,199.23713329392518,353.99631715521167,38.744406561683476,68.83946283731414,58.740987393082186,0.1944637825345824,-2.307330323958176,-1.6066900006469638,58.943195335493144,-0.05312190086838413,0.05527118723348971,0.07666055367703724,7.219080796260307
893,7.41115229999923,199.2327643110301,353.9940438884123,38.74355695274387,68.83902076925364,58.97719833310863,0.1944637825345824,-2.3081799328977795,-1.6062479325864558,58.95924819795801,0.01989870273930523,0.08807421557597579,0.09029410733835674,6.774188406709638
894,7.416088899999522,199.24122788195675,353.9823290263023,38.74520281076001,68.83674265285585,59.02444052111392,0.1944637825345824,-2.3065340748816396,-1.6039698161886662,58.96245693939629,0.13408535503686994,0.17831994591387096,0.2231073408610513,5.381524688399511
895,7.42638099999931,199.24035686672943,353.9764477350912,38.74503342984426,68.83559895472075,59.033888958714975,0.1944637825345824,-2.30670345579739,-1.6028261180535708,59.02149041131676,0.16874482745003222,0.25442682659786203,0.30529956908551265,2.0815547025568284
896,7.431321500000195,199.2507020096511,353.96458617693685,38.74704518546767,68.8332923112553,59.03576949096175,0.1944637825345824,-2.304691700173983,-1.6005194745881255,59.03329710570085,0.18382238680434151,0.28042540326816956,0.3353044537261032,1.813484537311588
897,7.443769699999393,199.26324465524482,353.9522366321248,38.74948427577282,68.83089077205858,59.03615475268454,0.1944637825345824,-2.3022526098688303,-1.5981179353914001,59.035656613522995,0.06447167935910865,0.16832314342066215,0.18024782398241737,3.7575444306407224
898,7.4483823999999,199.26322174730728,353.9482108303945,38.749479821008634,68.83010789942637,59.036231805029104,0.1944637825345824,-2.302257064633018,-1.5973350627591856,59.03612851508743,-0.05097533592713814,0.09416936729244263,0.1070810655958538,6.453592806813049
899,7.459304599999086,199.24843025372135,353.95377328865334,38.746603411216576,68.83118959609956,59.036238060224576,0.1944637825345824,-2.3051334744250767,-1.5984167594323822,59.149394892470625,-0.11472493086533092,0.1319250566273686,0.1748314340391606,6.371827236511802
900,7.464631700000609,199.2321667675319,353.96088594911646,38.74344075217498,68.83257275095711,59.03624846653711,0.1944637825345824,-2.308296133466669,-1.5997999142899317,59.25176069236133,-0.0835393057891933,0.1522238647137984,0.17364020444627778,6.544203880218407
901,7.474965800000064,199.23686707030095,353.9260430204822,38.744354790830506,68.82579706326031,59.602101377877744,0.1944637825345824,-2.307382094811146,-1.5930242265931298,59.27223202128477,-0.09048425977831104,0.053469879688030436,0.10510199475500608,7.847825704884244
902,7.4788597999995545,199.243912965085,353.9201475349057,38.745724962181555,68.82465060483523,59.54798375213805,0.1944637825345824,-2.3060119234600975,-1.5918777681680467,59.27632628706946,-0.07450816657883877,-0.1619993397342505,0.17831223446884711,0.9351186151130939
903,7.491023900000073,199.2416804507439,353.94041743792565,38.74529081899822,68.8285923668481,59.13858844964636,0.1944637825345824,-2.3064460666434314,-1.5958195301809184,59.356857664640465,0.06350742976229519,-0.1221646279072276,0.13768583785823518,-2.6769435388062632
904,7.495036000000255,199.2378950882719,353.9646880997158,38.74455470309365,68.83331213154442,59.056709389148025,0.1944637825345824,-2.3071821825480043,-1.6005392948772368,59.259791943084345,0.03222704597054048,-0.40153481946963554,0.4028260092626842,1.9351098073509694
905,7.507187999999587,199.2439181995582,353.9684669468039,38.74572598009701,68.83404698044279,59.438905354392105,0.1944637825345824,-2.306010905544639,-1.601274143775612,59.27383644037469,-0.06130827694434024,-0.37202077489691565,0.37703867411286274,4.112744555257105
906,7.511819600000308,199.24229974031925,353.9861200325994,38.74541124839153,68.83747986627999,59.11677277009717,0.1944637825345824,-2.3063256372501257,-1.6047070296128112,59.38981733690307,-0.055400192852862115,-0.22678969628061077,0.23345823546661615,9.048459864003172
907,7.523241099999723,199.23549787819505,353.9601606844194,38.74408853255458,68.83243171324078,59.61820623858975,0.1944637825345824,-2.3076483530870746,-1.5996588765735993,59.52618551327906,-0.055618998833495976,0.09812224019855477,0.11278939246588442,16.419216671325696
908,7.527796500000477,199.23535380914836,353.9507411598744,38.74406051634281,68.83059995686808,59.71849293228827,0.1944637825345824,-2.3076763692988393,-1.597827120200904,59.668764934687076,-0.11448963061728676,0.137980729223894,0.17929460994698174,17.67990836447723
909,7.538987800000541,199.2247320069746,353.9249487787381,38.741994960514766,68.82558427287174,59.738550271027975,0.1944637825345824,-2.309741925126886,-1.5928114362045562,59.810452816038996,-0.18815702964595032,0.24042990285031343,0.3053024827769964,17.74097118377478
910,7.5537595999994664,199.20969404910693,353.9144036985908,38.739070622346226,68.82353363669917,60.15180246143216,0.1944637825345824,-2.3126662632954265,-1.5907608000319868,59.92063853684063,-0.19884082292154517,0.1597948069662719,0.2550922444793361,16.87890571413973
911,7.557858199999828,199.2004986160365,353.9192289764055,38.737282443649306,68.8244719784748,59.82521217685675,0.1944637825345824,-2.3144544419923463,-1.5916991418076236,60.0245238255322,-0.3449784440445205,0.3897427709369901,0.5204897255018791,11.524770606043012
912,7.571309699998892,199.18879271431186,353.91654430464826,38.735006069721955,68.82394990705002,60.16913484259792,0.1944637825345824,-2.3167308159196978,-1.591177070382841,60.12714902780176,-0.31043749067997917,0.3408528699329564,0.4610337455774957,10.420491772740636
913,7.575842300000659,199.17161834459358,353.880373563955,38.731666276823894,68.81691600799773,60.23791937574615,0.1944637825345824,-2.3200706088177583,-1.5841431713305525,60.14767406825567,-0.24229221054073016,0.35884679762605654,0.43298561114105105,9.644824817951442
914,7.587881999999809,199.17088386471283,353.86776032214107,38.73152344708809,68.81446318928457,60.2516762823758,0.1944637825345824,-2.3202134385535658,-1.581690352617386,60.2336272208777,-0.2275481005388349,0.49526186693478214,0.5450343612090504,4.639643779683579
915,7.592682700000296,199.17440813048484,353.8621121996759,38.73220878914076,68.81336483402578,60.254427663701726,0.1944637825345824,-2.319528096500889,-1.5805919973585958,60.25081785140212,-0.3027721657581744,0.7366836386454568,0.7964758425751565,3.141808082600359
916,7.603405899999416,199.15441517349035,353.83712533995805,38.72832088309956,68.80850579477138,60.25497793996691,0.1944637825345824,-2.323416002542089,-1.5757329581041972,60.254255977506986,-0.20676712015153476,0.47923875394390203,0.5219410170291879,0.7378848336623063
917,7.608314099999916,199.14065075992534,353.80567873489184,38.725644203173346,68.80239056900234,60.25508799521995,0.1944637825345824,-2.326092682468307,-1.5696177323351606,60.25494360272798,-0.22404949948969283,0.3558873545954622,0.420540113880398,-1.439050065947756
918,7.619221499999185,199.12624621659268,353.7908361876292,38.72284304119119,68.7995042311192,60.255110006270556,0.1944637825345824,-2.3288938444504623,-1.5667313944520203,60.173232983240915,-0.2834647808285387,0.1955872443019725,0.3443931650073952,-2.211101479517612
919,7.623584599999958,199.12404125995872,353.80010315091124,38.722414256983825,68.80130631985163,60.25511440848068,0.1944637825345824,-2.3293226286578275,-1.5685334831844528,60.156890859343505,-0.20024665161069707,-0.04546208885524136,0.2053424530007805,-5.942463423622424
920,7.635282699999152,199.11475817875922,353.8345549014973,38.720609033900196,68.80800593758553,59.84587456626645,0.1944637825345824,-2.3311278517414564,-1.5752331009183536,60.15362243456403,-0.04669800740619707,-0.3186431212969012,0.32204680194894175,-6.259246130811138
921,7.639782099999138,199.11599652100816,353.85195690164386,38.720849846617995,68.8113899963577,60.17326732047986,0.1944637825345824,-2.330887039023658,-1.5786171596905234,60.07112060507688,0.05432884177391972,-0.5742322528641757,0.5767965874361274,-4.90961104211292
922,7.6512103999994,199.1290662689239,353.8590082073446,38.72339143923447,68.81276121993606,60.23874587132254,0.1944637825345824,-2.3283454464071838,-1.5799883832688835,60.05462023917945,0.1185842012245659,-0.5105495284934087,0.5241402806738958,-4.172160222770851
923,7.655651200000648,199.1347369651802,353.8821485972463,38.72449418427807,68.81726118768569,59.84260085883483,0.1944637825345824,-2.3272427013635806,-1.584488351018507,60.05132016599996,0.0884097152376778,-0.6549261992325897,0.6608665555084876,-4.123056970217644
924,7.666976799999247,199.1477246160509,353.8876590365186,38.727019811992626,68.81833276855,60.17261257899354,0.1944637825345824,-2.324717073649026,-1.5855599318828126,60.05066015136407,0.11026516842891693,-0.5131642532995172,0.5248770886913511,-0.4562617495017778
925,7.670872799999415,199.14161026167875,353.91359566733274,38.72583079151366,68.82337650388432,59.829374200369024,0.1944637825345824,-2.325906094127994,-1.5906036672171382,60.05052814843689,0.10371377940002889,-0.510308007069264,0.5207406361293901,1.2574096513054203
926,7.682826299998851,199.15161731761697,353.9162574983761,38.72777680146344,68.82389413361749,60.16996724730038,0.1944637825345824,-2.3239600841782106,-1.5911212969503055,60.050501747851456,0.02738669780486822,-0.3727124400820163,0.37371726506618047,1.4903852768279438
927,7.686577000000398,199.15527493487298,353.9182962471526,38.72848807555011,68.8242905964162,60.238085856686645,0.1944637825345824,-2.323248810091542,-1.5915177597490242,60.07722376265624,-0.06388949957927133,-0.3684441180125089,0.3739424237158781,-2.3769157060628245
928,7.699248900000384,199.14658774616942,353.93949685231553,38.72679873197522,68.8284133462882,59.84246885590765,0.1944637825345824,-2.32493815366643,-1.5956405096210204,60.08256816561719,-0.032140222968452176,-0.16707684913874993,0.1701401406211786,-1.61899194014305
929,7.70341389999885,199.1415892583197,353.9410662296805,38.725826707121016,68.82871853334682,60.30622265301747,0.1944637825345824,-2.325910178520637,-1.5959456966796353,60.00178890167814,-0.157123270338261,-0.35592302331947256,0.38906158973954763,12.607422111025528
930,7.715604600000006,199.13240888074205,353.95910536357246,38.724041456172166,68.8322264915571,59.856096215173814,0.1944637825345824,-2.327695429469486,-1.5994536548899134,60.04757396685907,-0.24076548028539796,-0.2554155901762193,0.35100589767427665,15.502099450778829
931,7.719435799999701,199.1233045517285,353.9785611309322,38.722270993914755,68.83600993366998,59.766070927605085,0.1944637825345824,-2.3294658917268976,-1.603237097002804,60.320086692785885,-0.4891201341111661,0.12983235213097802,0.5060582429452043,32.64782330379401
932,7.7314200999990135,199.10921816674073,353.9541053095885,38.719531702207796,68.8312541621465,60.467011182591335,0.1944637825345824,-2.3322051834338566,-1.5984813254793124,60.578922734064996,-0.546450345962136,0.24585538425849482,0.5992101889746454,45.16343728701749
933,7.735880000000179,199.077681433775,353.9173898527878,38.7133989498265,68.82411433553955,61.20503248554171,0.1944637825345824,-2.3383379358151544,-1.5913414988723673,60.9631447763052,-0.9241727233325834,0.4938047904132481,1.047825554940819,71.0921449147512
934,7.7473315999995975,199.04705784013322,353.88754295880244,38.707443769972116,68.81831019563825,61.60040285941304,0.1944637825345824,-2.3442931156695366,-1.5855373589710666,61.457662524596984,-0.9349402873632994,0.8021169798885559,1.2318705249986732,64.10552535072004
935,7.751422600000296,199.00424569172276,353.8675156225131,38.69911835765378,68.81441560406934,61.777206426374796,0.1944637825345824,-2.3526185279878717,-1.5816427674021583,62.003398959997526,-1.0600501141284844,0.9579092159855086,1.4287394130959588,64.93909946148092
936,7.763479299999744,198.97225664387796,353.8331661370736,38.6928976464102,68.80773587320265,62.23865966906402,0.1944637825345824,-2.3588392392314503,-1.5749630365354648,62.439812482429204,-1.260582710547015,1.213941036391715,1.7500633159876962,72.75789184074628
937,7.777645199999824,198.91003727498315,353.7475142515535,38.680798232588,68.7910796835632,63.19569335959406,0.1944637825345824,-2.370938653053649,-1.5583068468960164,62.804808199610854,-1.3969123702821027,1.0375009227732475,1.7400495208477553,72.10155623266134
938,7.781305900000007,198.86527711049382,353.69327962490013,38.67209400169454,68.78053301291983,63.38710009770007,0.1944637825345824,-2.3796428839471133,-1.5477601762526518,63.26329013113312,-2.097451044626836,0.518050379955734,2.160480752235133,63.507303548060236
939,7.795115599999917,198.77994079861955,353.719935506811,38.655499179699916,68.78571661654301,63.42538144532127,0.1944637825345824,-2.3962377059417364,-1.5529437798758323,63.81431940317976,-2.492495487671979,0.34857217920846284,2.5167511438724555,61.91570450475647
940,7.799501299999974,198.65504913398107,353.7570407614684,38.63121227418728,68.79293224471559,64.06961608398613,0.1944637825345824,-2.4205246114543755,-1.5601594080484062,64.21090953493284,-3.54153506720316,0.03488384684090873,3.541706864634637,77.8134479248294
941,7.811081899999408,198.50669593828042,353.7745110448593,38.60236295060024,68.79632958210574,64.99380602929723,0.1944637825345824,-2.4493739350414145,-1.5635567454385608,64.53793141870531,-3.5837709565356155,-0.6740632941195607,3.646611522137711,57.85060199159318
942,7.815659500000038,198.36312036518535,353.7837537988125,38.5744427015766,68.79812696300051,65.17864401835945,0.1944637825345824,-2.4772941840650518,-1.5653541263333324,65.01974448686606,-4.309245188198142,-0.8441504906922377,4.391148385439142,58.45621219514598
943,7.826657699999487,198.21669943333734,353.8212894018516,38.5459691333272,68.80542627834721,65.02220951656251,0.1944637825345824,-2.505767752314455,-1.572653441680032,65.29942985440448,-3.541522641817286,-0.573594400721765,3.587672387362571,41.828022902558764
944,7.830989500000214,198.10912938714293,353.84859475036524,38.52505065525681,68.8107361797026,65.834446786125,0.1944637825345824,-2.52668623038484,-1.577963343035421,65.48539256267777,-3.5816228792423837,-0.736812618365658,3.6566262160214515,41.95673593211792
945,7.843365299999277,198.00099526792832,353.86720850204443,38.504022485413294,68.8143558802613,65.46804292167813,0.1944637825345824,-2.547714400228358,-1.5815830435941223,65.57557582698868,-2.584673318809041,-0.8060685913695861,2.7074494896407377,21.37047032350202
946,7.847936000000118,197.93772974349577,353.89328527980797,38.491719632228104,68.8194268691015,65.92361957066376,0.1944637825345824,-2.560017253413548,-1.5866540324343248,65.707588309929,-2.471663635685714,-0.8293074000672643,2.607081105715249,20.98611586139483
947,7.859301299999061,197.87258932674308,353.93647134436605,38.4790521803905,68.82782499456826,65.62956033991401,0.1944637825345824,-2.572684705251156,-1.5950521579010797,65.73399202722018,-1.6163858783604388,-0.663939518454574,1.7474321136824569,12.804847817318107
948,7.864025200000469,197.8234253468225,353.95541605386495,38.46949156689069,68.83150905443644,65.68227193126405,0.1944637825345824,-2.5822453187509637,-1.5987362177692575,65.8450430343503,-1.4157275817179853,-0.857834653877158,1.655344338507731,16.294645353684302
949,7.875002299999323,197.7922287121939,353.97793634989205,38.46342495131846,68.83588843638566,65.96646537258094,0.1944637825345824,-2.588311934323194,-1.6031155997184783,65.86725323577632,-0.9325275667858682,-0.7051340632361355,1.1691115044988114,11.802574556484416
950,7.879308699999456,197.77681923249185,354.00588240290267,38.46042836560871,68.84132293156102,66.0232979573287,0.1944637825345824,-2.591308520032939,-1.6085500948938432,65.97377657488964,-0.7640856073136337,-0.6450299595985083,0.9999452305419021,14.797640368240412
951,7.891148299999259,197.76003503883584,354.0269451490655,38.45716444782357,68.84541887285042,66.03467057779386,0.1944637825345824,-2.59457243781808,-1.6126460361832358,66.04981024661856,-0.3861252626365123,-0.5625715164486106,0.6823338109498934,12.342165281442295
952,7.8951084000000264,197.75448858758983,354.03587294498124,38.456085863934625,68.84715500581387,66.16217703548065,0.1944637825345824,-2.5956510217070274,-1.614382169146694,66.11831410010498,-0.16926358570810726,-0.544518985042193,0.5702202087949407,13.299405631900715
953,7.907211100000495,197.7461439669658,354.05875003556173,38.454463137444264,68.85160377138155,66.06244028990864,0.1944637825345824,-2.597273748197388,-1.6188309347143672,66.254238991896,0.057430972154247806,-0.32277638849376705,0.32784586855969566,10.707268065124783
954,7.911203300000125,197.75705830009105,354.0650872891639,38.45658557994764,68.8528361376879,66.30898464001298,0.1944637825345824,-2.59515130569401,-1.6200633010207213,66.28142397025421,0.1989795158337474,-0.4894444265000406,0.5283452416303057,10.820846561588985
955,7.9227694000001065,197.78308705427082,354.0742018149667,38.461647229940105,68.85460858285154,66.70292241628385,0.1944637825345824,-2.590089655701547,-1.6218357461843596,66.41761902256647,0.34510128487690295,-0.36904569785201186,0.5052619359567547,7.448608770824306
956,7.9266664999995555,197.79174573207357,354.09783512171043,38.463331029177375,68.85920440507472,66.1705954695849,0.1944637825345824,-2.588405856464277,-1.6264315684075399,66.44485925373205,0.45608173586043455,-0.6346195273312507,0.7815065541987523,5.256760806477046
957,7.93912409999939,197.82110156363362,354.08735550894323,38.469039675221985,68.85716649993651,66.84315229704198,0.1944637825345824,-2.582697210419667,-1.6243936632693305,66.45030729996516,0.38511197875977143,-0.5923765730784848,0.7065559004894632,5.998993829737893
958,7.9431341999988945,197.82977948026388,354.1223180032124,38.470727215714426,68.86396543881894,66.19864144573653,0.1944637825345824,-2.5810096699272265,-1.6311926021517564,66.4513969092118,0.40478754673282663,-0.4904823720917097,0.6359448995964121,3.2319057083328633
959,7.954772299999604,197.84036036689213,354.1281518274633,38.47278481495073,68.8650999063494,66.33622487117856,0.1944637825345824,-2.5789520706909244,-1.6323270696822192,66.57383773145173,0.4064773853305139,-0.23629675439912182,0.47017020420767835,4.872064090573835
960,7.959186399999453,197.8525270729242,354.12006591096736,38.475150798626714,68.86352748844234,66.70837046251697,0.1944637825345824,-2.576586087014938,-1.6307546517751632,66.56474435293097,0.39329935106924097,-0.3050701203752393,0.4977470822589009,12.13312236868678
961,7.970956400000432,197.87918935490097,354.11451965156994,38.480335646830916,68.862448941861,66.78279958078464,0.1944637825345824,-2.5714012388107363,-1.6296761051938233,66.74353847019557,0.3914400965606308,0.08860116007861589,0.4013421417726682,13.06045191276659
962,7.974719499999992,197.8867818968307,354.1180082698261,38.481812121253625,68.86312735176291,66.79768540443818,0.1944637825345824,-2.569924764388027,-1.630354515095732,66.88180461786723,0.41903112812042453,0.13863649992692215,0.4413696471732771,11.125649114805038
963,7.987194600000294,197.91318183285026,354.10050121296433,38.48694595267066,68.85972286326454,67.09261203205952,0.1944637825345824,-2.5647909329709933,-1.6269500265973562,66.94303694896408,0.5059528450154971,0.18104169931510689,0.5373680100919455,14.656742687666858
964,8.00165879999986,197.93659318770474,354.08914355275283,38.49149861328992,68.85751420969906,67.0275556095369,0.1944637825345824,-2.5602382723517323,-1.6247413730318812,66.95528341518344,0.4017497378200821,0.180094366762783,0.44026904590056354,11.796216585561892
965,8.005559900000662,197.95606449565665,354.07774395703586,38.49528507748514,68.85529740119657,67.01453211800114,0.1944637825345824,-2.5564518081565097,-1.6225245645293853,67.01612260100545,0.5870073565943001,0.09283051897319548,0.5943022311489842,3.0120376706361256
966,8.019261899999037,197.9503923140997,354.0716210478527,38.494182043604354,68.85410671711671,66.84403191188147,0.1944637825345824,-2.557554842037298,-1.6213338804495265,67.02829043816985,0.5746681358306635,0.0818036837842904,0.5804612898546897,1.3595749932899919
967,8.023601099999723,197.97981609610304,354.08537962719754,38.499903903549196,68.8567822624984,67.10188133354818,0.1944637825345824,-2.5518329820924563,-1.6240094258312183,66.99714246263397,0.4197225709162269,0.10430816398619455,0.4324895716785527,0.8429071952211318
968,8.03547029999936,198.00116816587146,354.07208800982676,38.50405610780131,68.85419752430847,67.15345121788151,0.1944637825345824,-2.547680777840341,-1.6214246876412943,66.95733376596431,0.18111057600888059,-0.029729978596942784,0.18353449912657616,-3.3180632601891116
969,8.04005479999978,197.9903242375128,354.06583541798403,38.50194735647515,68.8529816216481,66.87181573185755,0.1944637825345824,-2.549789529166503,-1.6202087849809175,66.94937202663037,0.08646231551903688,-0.11811047031135713,0.14637559633382696,-8.75697290213747
970,8.051568900000348,197.97715335552078,354.0718711469765,38.49938609694367,68.85415535233832,66.81548863465277,0.1944637825345824,-2.5523507886979857,-1.6213825156711437,66.88938978618546,-0.25334854717332084,-0.037268619379966554,0.25607505998304714,-7.744673567051689
971,8.056069000000207,197.9643391506478,354.08008631701756,38.49689419819389,68.85575290537867,66.8042232152118,0.1944637825345824,-2.55484268744776,-1.6229800687114846,66.77100784004959,-0.5301069732198742,-0.27473289115804367,0.5970691455270435,-8.867223519934491
972,8.067254100000355,197.94245884161703,354.09230246304344,38.49263927053674,68.85812850334285,66.80197013132361,0.1944637825345824,-2.5590976151049105,-1.6253556666756737,66.74733145082243,-0.48722129356863064,-0.31827155899146753,0.5819633787185831,-7.625971961595187
973,8.071888099999342,197.91781991059958,354.115406548378,38.48784789081348,68.86262141116902,66.56154148720223,0.1944637825345824,-2.563888994828176,-1.6298485745018354,66.70577976672699,-0.5031627126566858,-0.6890657131085776,0.8532199437365884,-6.148965057621365
974,8.083092599999873,197.90367220177097,354.1126681654148,38.485096673840474,68.86208889485997,66.7534337857217,0.1944637825345824,-2.566640211801179,-1.629316058192785,66.75585932248603,-0.3347744502307697,-0.6181231020162448,0.7029581081213154,-0.041680442710341215
975,8.087696399999913,197.89651894155602,354.158973010592,38.48370562380162,68.8710935102028,66.60773021417559,0.1944637825345824,-2.5680312618400336,-1.6383206735356168,66.76587523363784,-0.22276860914505595,-0.8708620342316746,0.8989029624417494,5.330005101459134
976,8.099516700000095,197.9140368093636,354.15899068917145,38.48711221463742,68.87109694804623,67.054620994007,0.1944637825345824,-2.564624671004232,-1.638324111379049,66.81587402133695,-0.04648454185724142,-0.8018471841959245,0.803193450816558,8.06542024249724
977,8.103663399999277,197.91786695990925,354.1904663612577,38.487857040200204,68.87721782629794,66.85204968708265,0.1944637825345824,-2.5638798454414484,-1.644444989630756,66.91847021442365,0.2648894077649289,-1.1313358490831646,1.1619325289218732,6.532376132039049
978,8.115835599999627,197.90831882127614,354.22955476170114,38.48600027304545,68.8848191045014,66.81153542569778,0.1944637825345824,-2.5657366125962042,-1.6520462678342227,66.97580585929099,0.35055783438211635,-0.9496564303147832,1.0122935003668136,8.079277727656608
979,8.12001120000059,197.93647606762372,354.2639087709917,38.49147583767596,68.89149971509327,67.26641475115518,0.1944637825345824,-2.560261047965696,-1.6587268784260942,66.96246219724883,0.2805654742421177,-1.4074635336538084,1.4351552473171567,18.052286010960625
980,8.13135289999991,197.94383581378094,354.3250027664784,38.49290704175218,68.90338028454576,66.89440843851229,0.1944637825345824,-2.5588298438894697,-1.6706074478785808,67.07485938280914,0.28901948671622124,-1.1772299904226542,1.2121892236991016,16.19180897128307
981,8.135900999999649,197.94239129597452,354.37854530831885,38.49262613535561,68.91379236975858,66.98790268379621,0.1944637825345824,-2.5591107502860453,-1.6810195330914013,67.32088862460871,0.6519525542769764,-0.8318316667666139,1.0568756099295682,23.684051763233192
982,8.147569900000235,197.9557058562202,354.39804208879843,38.495215335103765,68.91758378743788,67.41403561488426,0.1944637825345824,-2.5565215505378873,-1.6848109507706965,67.50104784210926,0.5291844901252316,-0.39061664402324126,0.6577367156979158,27.14731499876133
983,8.15202700000009,197.99380164716052,354.37277254612536,38.502623586708665,68.91266977658675,68.0416816346956,0.1944637825345824,-2.549113298932987,-1.6798969399195727,67.68901083795312,0.6818372457022284,-0.07285095326215685,0.685718084213918,28.236404040709267
984,8.16307070000039,198.0334121122296,354.338348471004,38.510326387573954,68.9059755407284,68.16721083865788,0.1944637825345824,-2.541410498067698,-1.6732027040612252,67.84495548790312,0.7383271919134322,0.4086355707957762,0.8438661458065277,17.651367606803934
985,8.167502599999352,198.05368307566482,354.32601167829785,38.51426835579919,68.90357648135442,67.83422341773158,0.1944637825345824,-2.5374685298424637,-1.6708036446872399,67.91300965226813,0.6642318203727537,0.4777848867903317,0.8182189861161573,11.657103431873338
986,8.179138100000273,198.0668875657912,354.318944936176,38.51683615089561,68.90220225595121,67.76762593354633,0.1944637825345824,-2.5349007347460457,-1.6694294192840289,67.92662048514114,0.4038831179875054,0.35201140529160385,0.535755170251001,2.973314050809579
987,8.183879099999103,198.06326501278568,354.3184371007432,38.51613169553572,68.90210350035204,67.75430643670927,0.1944637825345824,-2.535605190105933,-1.6693306636848604,67.85772399937198,0.2766833174534074,0.2864228612436916,0.3982357512831389,3.540012308853632
988,8.194925899999362,198.08373693801087,354.29153096708035,38.520112743550776,68.89687123182658,68.10973579906062,0.1944637825345824,-2.5316241420908767,-1.6640983951593995,67.84394470221815,0.08618464690232154,0.18040667936802265,0.1999358980330305,0.9162631896146598
989,8.198987599998873,198.0850211485652,354.28571996100834,38.52036247599274,68.89574120160549,67.82272840981213,0.1944637825345824,-2.5313744096489117,-1.6629683649383082,67.91280749513115,0.08575494634751013,0.22167399368692398,0.23768313002856292,-0.04468610293558217
990,8.211059100000057,198.08110788723894,354.285022519549,38.51960148839319,68.8956055745012,67.76532693196243,0.1944637825345824,-2.53213539724846,-1.662832737834023,67.93980881347936,-0.05103795037825948,0.20442141034835787,0.21069642946102668,3.35214851786964
991,8.225636799999847,198.09749025916324,354.2607011254927,38.52278726640448,68.8908759442165,68.11193989811125,0.1944637825345824,-2.5289496192371743,-1.6581031075493229,67.88681918457088,-0.20565502057084803,0.08741003311699103,0.22346029037730483,4.75305589565731
992,8.230421899999783,198.07700394296464,354.26231120666614,38.518803419866295,68.89118904669168,67.88931302845037,0.1944637825345824,-2.5329334657753577,-1.6584162100244981,67.89855280175793,-0.43570043129800917,-0.010558271338931738,0.43582834112404595,2.0933739863690004
993,8.243269399999917,198.04973804628804,354.26967173477203,38.51350119046437,68.8926204028286,67.8447876545182,0.1944637825345824,-2.538235695177285,-1.6598475661614174,67.97251817753909,-0.5107088273207665,0.0013921672115127376,0.5107107248070059,2.6449348394672985
994,8.247315900000103,198.027082949072,354.274075343361,38.50909559456605,68.89347674521161,67.8813964957474,0.1944637825345824,-2.542641291075604,-1.6607039085444342,67.98731125269532,-0.7832243425124272,-0.010601961458004142,0.7832960949033136,6.57724682931234
995,8.259598900000128,197.9994121862426,354.2695915287113,38.50371463336063,68.89260480565466,68.13515381086823,0.1944637825345824,-2.5480222522810223,-1.6598319689874756,68.0486597603047,-0.6759157404109406,-0.02830882582551352,0.6765082983636559,7.230900395616108
996,8.2640078000004,197.97347441496885,354.26359539194345,38.49867067624822,68.89143877421819,68.1859052738924,0.1944637825345824,-2.5530662093934353,-1.6586659375510067,68.1193193544047,-0.7552592458306979,0.022436630860146488,0.7555924369771769,6.650177062142671
997,8.275094299999182,197.95659873679887,354.2723731521851,38.49538896803845,68.89314573067695,68.19605556649724,0.1944637825345824,-2.5563479176032047,-1.6603728940097682,68.1827383825997,-0.5728444925273859,0.03517253842370207,0.5739232702009259,5.962323123920291
998,8.279539199998908,197.93809759069387,354.2691202045502,38.491791165185646,68.89251315017547,68.19808562501821,0.1944637825345824,-2.5599457204560068,-1.6597403135082942,68.1954221882387,-0.5419369118788373,-0.06385533331628467,0.5456859170344278,4.984007260229271
999,8.291256299999077,197.92745271188244,354.2780344456688,38.48972112178735,68.89424664722183,68.1984916367224,0.1944637825345824,-2.562015763854305,-1.6614738105546536,68.1979589493665,-0.2902213707047008,-0.252758624597255,0.38485759226239963,1.7805102910565258
1000,8.296181699999579,197.92027107591983,354.2887774102453,38.488324553693275,68.89633576474901,68.19857283906323,0.1944637825345824,-2.5634123319483777,-1.6635629280818307,68.19846630159205,-0.19184001211503574,-0.4966291785894927,0.5323937746393841,0.6375048644914437
1001,8.307336699999723,197.92684129803268,354.32778669875273,38.48960222393743,68.90392165854615,68.1985890795314,0.1944637825345824,-2.5621346617042207,-1.6711488218789725,68.19856777203717,-0.0008933918833121668,-0.6378831187445619,0.6378837443675345,0.06685849765261687
1002,8.311125700000048,197.93065823100233,354.35454494128976,38.49034447916039,68.90912516760388,68.19859232762504,0.1944637825345824,-2.5613924064812608,-1.6763523309366946,68.19858806612619,-0.06759396239387949,-0.8473810281480613,0.850072673727,3.479564813888902
1003,8.323353100000531,197.9397949898795,354.39000494870135,38.49212124785175,68.91602085477385,68.19859297724376,0.1944637825345824,-2.5596156377899035,-1.6832480181066671,68.198592124944,-0.034610323367149906,-0.8654914092858016,0.8661831527056513,3.6781136145781956
1004,8.327341899999738,197.92933046133706,354.41452546813235,38.49008627604895,68.92078920773211,68.19859310716751,0.1944637825345824,-2.5616506095927036,-1.6880163710649327,68.26751871795756,0.0960676893470903,-0.7743539628295124,0.780290369469122,8.45656331606014
1005,8.339922600000136,197.92165604062723,354.4478238719159,38.48859387916895,68.92726454128422,68.19859313315226,0.1944637825345824,-2.5631430064727,-1.694491704617036,68.28130403656027,0.09845319892105708,-0.557319591030268,0.5659489013364496,9.95342163765784
1006,8.343725799999447,197.93667469130915,354.4522117052837,38.49151446278913,68.92811781595805,68.5432220445992,0.1944637825345824,-2.560222422852526,-1.6953449792908657,68.37220563153082,0.17963147932151152,-0.42677710143199515,0.463040130733752,14.696391205823211
1007,8.355356000000029,197.94910397556166,354.4694448330592,38.49393150841907,68.93146903517018,68.2675189206386,0.1944637825345824,-2.5578053772225857,-1.6986961985030007,68.45931173177492,0.2995228557894094,-0.22271866196496626,0.37325265374503136,10.40569616066765
1008,8.359807400000136,197.961721336908,354.4674130881476,38.49638512823208,68.93107393436954,68.65310095209647,0.1944637825345824,-2.555351757409575,-1.6983010977023554,68.56487748307373,0.4632079112516829,-0.17803076748598287,0.49624240368774925,13.236916127172817
1009,8.371263799999724,197.9669813901352,354.47773126275956,38.49740801807897,68.93308044563342,68.63412360838805,0.1944637825345824,-2.554328867562681,-1.7003076089662414,68.51706485208351,0.2887232470001619,-0.18534490133639991,0.34309451439758737,8.336466548345774
1010,8.37515600000006,197.98098790124473,354.48356092848286,38.50013177720945,68.93421410448089,68.72642188964636,0.1944637825345824,-2.551605108432206,-1.7014412678137063,68.57642810713546,0.24180599361693025,-0.20547943234120786,0.3173199263587711,6.769933177770415
1011,8.387381099999402,197.97441872824086,354.4999643288004,38.49885431097899,68.93740397175306,68.30415888964802,0.1944637825345824,-2.552882574662661,-1.7046311350858758,68.56908200814584,0.11696090253784129,-0.19756064607609378,0.22958671912911252,2.0217532088844843
1012,8.39166429999932,197.9738292914352,354.50852837468057,38.4987396868682,68.93906936850871,68.56433519589835,0.1944637825345824,-2.552997198773454,-1.7062965318415309,68.56761278834793,0.08901733086629049,-0.1469556054505538,0.17181395510230674,8.764369610954606
1013,8.403088999999454,197.96953917100333,354.50098768449044,38.497905413821485,68.93760297737143,68.61637045714842,0.1944637825345824,-2.5538314718201676,-1.7048301407042459,68.56731894438835,-0.053991583982703935,-0.05046878441618702,0.0739066258288723,6.430838772290795
1014,8.407224599999608,197.96846664089537,354.49933139377885,38.49769684555981,68.93728088881467,68.62677750939844,0.1944637825345824,-2.554040040081844,-1.7045080521474887,68.68948307598706,0.024377199862087723,0.09414798450439889,0.09725271646260943,7.77610331934074
1015,8.419403500000044,197.96751186286056,354.48735878838613,38.49751117581168,68.93495265068321,68.72495266984843,0.1944637825345824,-2.5542257098299714,-1.7021798140160342,68.73313465230679,0.058710723031337606,0.22763411219496088,0.2350834703539372,6.699608700688867
1016,8.423966299998938,197.97425406434795,354.4765149900653,38.49882228981553,68.9328439246447,68.91497954764156,0.1944637825345824,-2.552914595826124,-1.7000710879775198,68.76108371757076,0.21487861641011818,0.24165365317814458,0.32337177966648495,5.962157236073353
1017,8.435028399999283,197.98249707931942,354.4606662231023,38.500425257686366,68.92976191347256,68.78259307749707,0.1944637825345824,-2.551311627955286,-1.6969890768053801,68.69774774937353,0.19761758846871258,0.1881739682446943,0.2728775432261597,-0.5147407580438583
1018,8.4384399999999,197.99491473613844,354.45718468321695,38.50284004220161,68.92908488005742,68.75611578346816,0.1944637825345824,-2.5488968434400405,-1.6963120433902361,68.68508055573409,0.18799253526050397,0.16835173196452874,0.2523558974328287,-1.3277359658154018
1019,8.451309500000207,197.98586552485492,354.46972677383155,38.501080298346466,68.93152386243922,68.3100976684124,0.1944637825345824,-2.5506565872951867,-1.6987510257720402,68.64846874786558,0.09839285512495756,0.17223455599280502,0.19835800013530983,-2.618600464226487
1020,8.466539699998975,197.98090241637,354.46251683750086,38.500115153497354,68.93012179094852,68.66161670165123,0.1944637825345824,-2.551621732144298,-1.6973489542813383,68.64114638629187,0.07457898162538665,0.1122696808150028,0.13478318044393509,-0.35631209015990684
1021,8.470992299999125,197.977224047696,354.45149041542993,38.49939984401146,68.92797755120479,68.731920508299,0.1944637825345824,-2.552337041630196,-1.69520471453761,68.63968191397713,-0.08442699278539045,0.14057778026538104,0.16398179598701232,3.2029997957278917
1022,8.483279000000039,197.97885648799823,354.4528307947754,38.499717294527386,68.92823820644234,68.74598126962854,0.1944637825345824,-2.5520195911142665,-1.6954653697751638,68.70831480076417,-0.102983290504201,0.1451817807352213,0.1779980549908412,4.001956862790074
1023,8.487957299999835,197.97675834197025,354.4446514853149,38.49930928111448,68.92664762698614,68.74879342189446,0.1944637825345824,-2.5524276045271748,-1.693874790318958,68.77420202265284,-0.056285855838008554,0.11240553597317435,0.12571038972508866,3.404542577782826
1024,8.499416599999677,197.96323331718202,354.45446273705136,38.496679153635284,68.9285555601102,68.65326210234764,0.1944637825345824,-2.555057732006368,-1.695782723443017,68.78737946703058,-0.025376340001814438,0.04501022259644169,0.051670869646919214,3.4109115308216036
1025,8.504198599999654,197.9674166056627,354.4562289044777,38.49749265173667,68.92889901570852,68.99105281109453,0.1944637825345824,-2.5542442339049813,-1.696126179041343,68.77079620590612,-0.03555243161151267,0.037776629611966414,0.05187532301905197,5.7954150856535165
1026,8.515363599999546,197.96706624858365,354.44792716020146,38.49742451997384,68.92728462711491,68.79780773018766,0.1944637825345824,-2.554312365667812,-1.6945117904477343,68.76747955368123,-0.022204190631342477,-0.004309732330068015,0.022618573658607,2.025604375771891
1027,8.520042599999215,197.96646367518304,354.44930783985507,38.4973073412711,68.92755311930283,68.66306496400628,0.1944637825345824,-2.5544295443705494,-1.694780282635648,68.849401672455,0.151055564184887,0.0017510515144687731,0.15106571302787686,2.7628803158771826
1028,8.531582899999194,197.96524873129576,354.44161925732703,38.49707107868721,68.9260579684621,68.73221016077001,0.1944637825345824,-2.5546658069544392,-1.693285131794923,68.7944067016785,0.14419946815504944,-0.053454406401010596,0.15378836165290116,4.47754646770528
1029,8.536355000000185,197.9808751711052,354.44496139392163,38.50010985528011,68.92670789298603,69.0628726962165,0.1944637825345824,-2.5516270303615443,-1.6939350563188498,68.81748607666383,0.19810845248591583,-0.06427719404516935,0.2082750984171769,7.871817481826794
1030,8.547698299998956,197.98879865727827,354.46525188412494,38.50165068637218,68.93065365846044,68.71607795721205,0.1944637825345824,-2.5500861992694723,-1.6978808217932624,68.87539907080152,0.22793355445734137,-0.048097888011868276,0.23295302547672572,4.4380662436789295
1031,8.552193199999238,197.9948879577766,354.4631605052109,38.502834834780074,68.93024696100612,68.91320460511429,0.1944637825345824,-2.548902050861578,-1.6974741243389389,68.95034836884781,0.2862343345514774,0.04377412057808734,0.2895622004138524,4.9172818077755736
1032,8.56333149999955,198.00199499969807,354.46181368587304,38.50421689703476,68.92998505342328,68.95262993469474,0.1944637825345824,-2.5475199886068935,-1.6972122167560997,68.95413217376957,0.15795508370525194,0.11909127297730401,0.19781946256040603,5.287003812644408
1033,8.568219200000385,198.00880716056906,354.4470116490073,38.50554161560497,68.92710659334516,69.10695665100145,0.1944637825345824,-2.5461952700366837,-1.6943337566779775,68.94255128826956,0.01409116791226532,0.06280932491702687,0.06437058574896075,4.890894567398627
1034,8.579396400000405,198.00854181699773,354.4331945626425,38.505490015890416,68.92441967046705,69.0817917208253,0.1944637825345824,-2.5462468697512364,-1.6916468337998651,69.01727002327891,-0.03652108325401048,0.07859864237255287,0.08666911851896747,4.037027739230461
1035,8.584178499999325,197.9941932545424,354.4486688188833,38.50269974016142,68.92742885286754,68.65817352971195,0.1944637825345824,-2.5490371454802343,-1.694656016200355,69.03221377028079,-0.1599577116106931,-0.2329881232929442,0.2826126945119377,11.320695942080874
1036,8.595658199999889,197.99480609561803,354.4386671436857,38.502818915555075,68.92548388927693,69.28679828016115,0.1944637825345824,-2.5489179700865776,-1.6927110526097522,69.17461902358743,-0.18885778696437971,-0.47286536124438244,0.5091845574660168,17.245310699181687
1037,8.600530699999581,197.98245091355295,354.4771136853355,38.500416280116795,68.93296034919153,69.02734866970411,0.1944637825345824,-2.5513206055248574,-1.7001875125243515,69.35372263284249,-0.40835734112201993,-0.7486405101814884,0.8527709724967454,25.622175673313702
1038,8.611525099999199,197.98960458019488,354.51162766449795,38.50180740919098,68.93967206812978,69.81898291753457,0.1944637825345824,-2.5499294764506715,-1.7068992314626001,69.65336049336537,-0.48482265728663265,-0.7664317178575148,0.90690164139034,33.27234205411216
1039,8.616435399999318,197.96177568728504,354.5403748726675,38.496395697411984,68.94526235896774,69.97730976710066,0.1944637825345824,-2.5553411882296686,-1.712489522300558,69.8918500771887,-1.0553083632022524,-0.9815071624382214,1.4411911918139613,47.48052943889038
1040,8.627652299999681,197.9060666330029,354.5818023973661,38.48556230399485,68.95331851212167,70.15636283232638,0.1944637825345824,-2.5661745816468056,-1.7205456754544883,70.35595790606274,-1.3487132694602284,-0.6901954529925958,1.515056845979633,49.62126853235819
1041,8.632705300000453,197.83221810478392,354.60534287229075,38.471201439862774,68.95789628191818,70.47924619927778,0.1944637825345824,-2.580535445778878,-1.7251234452510005,70.7776100382438,-2.5295527618933447,-0.8829813040197497,2.6792336886599992,64.92688781503354
1042,8.643345099999351,197.72497270856903,354.60960292998675,38.45034609445541,68.95872470885156,71.34788781407431,0.1944637825345824,-2.6013907911862404,-1.7259518721843818,71.28259354085189,-2.894301560453872,-0.7747738780907344,2.9962069496310626,66.23434486592014
1043,8.6484748999992,197.5725624520446,354.6511342530045,38.4207078194746,68.96680104701926,71.92724357843987,0.1944637825345824,-2.631029066167052,-1.7340282103520792,71.81497329801414,-4.484797920718769,-0.802014891605535,4.55594559625556,80.5933596439099
1044,8.659639600000446,197.40458089011076,354.6854352356144,38.38804148954488,68.97347134584224,72.5022272801411,0.1944637825345824,-2.66369539609677,-1.7406985091750613,72.43022122210284,-4.904826431346862,-0.7567576644607465,4.962862529262611,77.77722950324434
1045,8.664675199999692,197.1736435440609,354.7075602859544,38.343132539703525,68.97777386682012,72.8182616181376,0.1944637825345824,-2.7086043459381273,-1.7450010301529346,73.00010430301433,-5.260523748523457,-0.8123803102094833,5.322881914639413,77.63979146491192
1046,8.675294999999096,196.90374718972618,354.7446772418988,38.290647473747306,68.98499177046924,73.55548581972127,0.1944637825345824,-2.7610894118943463,-1.7522189338020553,73.73674937622786,-6.9127789951006084,-0.4786778519277984,6.929332285367068,94.38301470560995
1047,8.691042099999322,196.6010054619823,354.77350298967394,38.231775172239175,68.99059733441598,74.19730321863176,0.1944637825345824,-2.8199617134024777,-1.7578244977487998,74.47331301001121,-7.541409106428457,-0.37369685762396493,7.550662265783054,95.72037871930655
1048,8.695730899999035,196.26250646193114,354.7712337186099,38.16594937630505,68.99015604338126,75.6104689445076,0.1944637825345824,-2.885787509336602,-1.7573832067140813,75.352453129346,-8.591165965156987,-0.451284630526735,8.603010546234467,104.81618801664824
1049,8.70752469999934,195.89443444629333,354.7756331366837,38.094372699899,68.99101157086085,76.18504544905777,0.1944637825345824,-2.957364185742655,-1.758238734193668,76.08123159266609,-8.640720868884344,-0.41327727184174445,8.650598547926863,98.46247410889276
1050,8.712021100000129,195.5668627009288,354.8043590287998,38.03067185924395,68.99659771649843,77.21396221481156,0.1944637825345824,-3.0210650263977,-1.7638248798312475,76.7945849415801,-10.050336751309564,-0.8256265141891141,10.084191983280354,100.69116702014227
1051,8.723354699999618,195.2643848952029,354.8328951771218,37.971850881009736,69.00214696384009,77.19937813632168,0.1944637825345824,-3.0798860046319163,-1.7693741271729095,77.22069066995665,-8.006855425268002,-1.0935847770141007,8.081191834479654,65.92900444527965
1052,8.727982299998985,195.0076970233613,354.89042899447577,37.92193438652066,69.0133352075864,77.76406996320185,0.1944637825345824,-3.1298024991209914,-1.7805623709192133,77.48871210860072,-8.568477952242226,-1.631376755595424,8.722396719753016,65.17766636880707
1053,8.73938199999975,194.78367398118212,354.96345197518144,37.8783700183636,69.02753553262637,77.74099758639038,0.1944637825345824,-3.1733668672780553,-1.794762695959193,77.64474071273577,-6.3319628558684435,-1.6456129425416008,6.542308122120058,36.61129139711365
1054,8.744039400000474,194.5710672684889,355.029589800436,37.83702571282103,69.04039694429397,77.52515264227807,0.1944637825345824,-3.2147111728206212,-1.8076241076267934,77.91504067184403,-6.642636374752185,-2.1855095098922424,6.992929988567759,40.793394559931386
1055,8.755395599999247,194.39677987864565,355.1062972914176,37.80313312774403,69.055313773139,77.99410523548687,0.1944637825345824,-3.2486037578976195,-1.8225409364718246,78.09467317343132,-5.10634778058701,-1.9076020139026033,5.451030462192552,36.49331839444306
1056,8.76005830000031,194.23509355974932,355.18276328769815,37.77169099458736,69.070183640011,78.550877931863,0.1944637825345824,-3.280045891054293,-1.8374108033438148,78.36747467374876,-6.131345755919838,-1.9960000012683334,6.44805527145196,48.89600785160654
1057,8.771327399999791,194.05514561283772,355.24234609536205,37.7366976361716,69.08177033816335,78.66223247113822,0.1944637825345824,-3.315039249470054,-1.8489975014961715,78.77786871404663,-5.190732315319307,-1.5722382616476631,5.423618268341625,43.67143158518459
1058,8.776139999999941,193.8337365069692,355.2841125248171,37.693641583956804,69.08989239601814,79.10500508797764,0.1944637825345824,-3.3580953016848483,-1.8571195593509628,79.14218507093433,-6.943085495973955,-1.6032818202064558,7.12579460828113,65.80172881134007
1059,8.787686100000428,193.58590605057043,355.3222717225129,37.64544753597823,69.09731297794055,79.57712284376741,0.1944637825345824,-3.4062893496634246,-1.8645401412733662,79.51066479739,-6.785417638475701,-0.9786268018558626,6.855625642189616,65.34232532978928
1060,8.792291699999623,193.30771232196878,355.3570571884407,37.59134893123695,69.1040774912221,79.81568701992536,0.1944637825345824,-3.460387954404702,-1.871304654554919,80.09313271533739,-9.127449729123907,-0.8334042304576884,9.165418766702853,93.50152683687995
1061,8.803443400000106,192.96621793644923,355.36083259545,37.5249406413145,69.10481167114973,80.39327656414133,0.1944637825345824,-3.5267962443271514,-1.8720388344825523,80.71997175791124,-8.657222772566955,-0.48538809190761234,8.670819323086924,94.13402426402726
1062,8.808029399999214,192.61682914231542,355.3679562567727,37.45699717483204,69.10619696527604,81.57457206087514,0.1944637825345824,-3.5947397108096126,-1.8734241286088604,81.532673550801,-10.992269068657178,-0.07627004611258137,10.992533665979439,127.6485697838443
1063,8.81959420000021,192.22459989422143,355.36483910081427,37.38072279162699,69.10559079133762,82.2392003008469,0.1944637825345824,-3.671014094014666,-1.8728179546704382,82.4447085382852,-10.130516767048302,0.3723087552774941,10.137355857258985,118.36464903924181
1064,8.824277199999415,191.842923655196,355.33105505108244,37.30650058648253,69.09902101723743,83.64063180821626,0.1944637825345824,-3.7452362991591244,-1.8662481805702527,83.37890386586017,-12.887893724407338,0.7907032591460552,12.91212671466797,153.56305691540098
1065,8.835713099999339,191.40554368845721,355.2855301812276,37.221446023745656,69.09016807884606,84.37586195734637,0.1944637825345824,-3.830290861895996,-1.8573952421788817,84.29434644700017,-11.583748048819926,1.211112863849309,11.646888564226959,-380.2993292414875
1066,8.84021699999903,190.9483097502393,355.23860361464284,37.13253058261662,69.08104256120663,85.06425320201616,0.1944637825345824,-3.9192063030250353,-1.848269724539449,85.34016201400942,-14.127113865862485,2.073507733850492,14.278472624947737,-1834.9221641495096
1067,8.851303800000096,190.47541209332155,355.1359829959459,37.04056911550065,69.06108656752878,86.15178496657511,0.1944637825345824,-4.011167770141,-1.8283137308615949,57.71076677780189,-12.525705343446331,2.2050122532877143,12.718308589902547,-2472.136380864165
1068,8.855954099999508,190.01359026698273,355.0316153778927,36.95076149629377,69.04079084574803,87.46827813589316,0.1944637825345824,-4.10097538934788,-1.808018009080854,24.25534061141976,-15.195871387406878,3.028822075120882,15.494782037361823,-4028.0513915696038
1069,8.867582400000174,189.54464970297616,354.90840891039113,36.85956954043316,69.01683165004495,-54.50634437282137,0.1944637825345824,-4.192167345208496,-1.7840588133777686,-10.473560783966047,-12.96918714691697,2.9635224763377908,13.30346874764306,-4696.020135484719
1070,8.872106599999825,189.06100907491395,354.79456896343765,36.76551895451278,68.99469390335685,-82.90126887456427,0.1944637825345824,-4.286217931128874,-1.7619210666896663,-45.30775250866088,-15.59354928381834,3.4261110775118455,15.96549455489309,-4471.942613736409
1071,8.883347400000275,188.56340519231247,354.6963229049219,36.6687530212982,68.97558860319874,-88.58025377491285,0.1944637825345824,-4.382983864343451,-1.7428157665315638,-80.24012910738404,-13.504910230175883,2.8383362728727843,13.799954823223683,-3040.202391884134
1072,8.887964100000318,188.05496338914259,354.59867942007816,36.56987950505508,68.95660048179619,-88.01917365689908,0.1944637825345824,-4.481857380586575,-1.7238276451290062,-86.57290577295387,-13.255628795536147,2.7449657543987778,13.53685826762876,-2430.1275288667543
1073,8.89910620000046,187.54679901378955,354.5170023135156,36.4710599384746,68.94071724270755,-87.19360485772259,0.1944637825345824,-4.580676947167049,-1.7079444060403688,-86.96900799632662,-13.730985202630368,3.0433424709004635,14.064205915373988,-845.9745606519882
1074,8.914373399999022,187.0289650732716,354.3918924851172,36.37035999167669,68.91638791224494,-86.1702277006705,0.1944637825345824,-4.681376893964959,-1.6836150755777624,-85.99511725020528,-13.523730653516251,3.2179260391442623,13.901307088984753,-208.7854947545513
1075,8.918668500000422,186.51731969849368,354.2508661876856,36.27086349678106,68.88896340500953,-84.88177999142805,0.1944637825345824,-4.780873388860591,-1.6561905683423532,-85.04487069430375,-14.224401460855077,4.054330042283686,14.790915759726985,114.70314664772687
1076,8.93155189999925,186.01565576080506,354.0804320010229,36.17330802989694,68.85582012839792,-83.71080004430613,0.1944637825345824,-4.8784288557447155,-1.6230472917307424,-84.03605116522795,-14.172057610773928,4.454666494684578,14.855681421663585,139.03103760084326
1077,8.935710199999448,185.48278433204698,353.9030578293573,36.06968383625603,68.82132727605187,-83.26794087739151,0.1944637825345824,-4.98205304938562,-1.5885544393846942,-83.01422157032587,-17.297594413383536,6.039119642221925,18.321510269161436,170.27295992514695
1078,8.94747180000013,184.96219541162503,353.695773307437,35.96844814564518,68.78101794385839,-82.14950721234354,0.1944637825345824,-5.083288739996469,-1.5482451071912067,-82.00167243906517,-14.451550859888613,5.5208118271827615,15.47018698940347,144.5077506339179
1079,8.95216419999997,184.42594314001565,353.4661567668006,35.86416650051526,68.73636584283373,-81.06107972616012,0.1944637825345824,-5.187570385126392,-1.503593006166554,-80.96934747304253,-17.33294613876086,7.105489589576582,18.73283225133792,176.03280879035174
1080,8.96378569999979,183.8919777283633,353.2394487375986,35.76032956682271,68.69227934194414,-79.8190343351246,0.1944637825345824,-5.2914073188189406,-1.4595065052769627,-79.8953624145304,-14.155067389831148,6.341249686793904,15.510557062882203,144.7365967551112
1081,8.968385599999237,183.3720766159287,352.9911747454348,35.65922762995474,68.64399904232302,-78.5491752141929,0.1944637825345824,-5.39250925568691,-1.4112262056558365,-78.81011206420492,-16.219626662225856,7.47281198110741,17.858309213555756,164.45670589559322
1082,8.979467600000135,182.8574539684353,352.73622752424933,35.55915216334522,68.5944210413446,-77.89801558483077,0.1944637825345824,-5.492584722296435,-1.3616482046774223,-77.82102723461833,-13.505258517951292,6.6026690073062255,15.032872169240916,137.5350874074253
1083,8.98466550000012,182.35146371183538,352.4933906823319,35.46075538412115,68.54719807052659,-76.72325546071616,0.1944637825345824,-5.590981501520503,-1.31442523385941,-76.86102734633774,-15.593210808263034,7.92311124296706,17.490680806628486,158.2511036914214
1084,8.995330599998852,181.87697420432602,352.2101167745869,35.36848435971791,68.49211155493313,-76.11565557822722,0.1944637825345824,-5.683252525923741,-1.2593387182659512,-75.95032100881834,-12.792308376221374,6.676636800983155,14.429852132457425,128.17605537723026
1085,9.000209399999221,181.39089348394282,351.9493034856389,35.27395926421506,68.44139281622903,-75.01903489372162,0.1944637825345824,-5.777777621426594,-1.2086199795618455,-74.9941068653379,-14.561656378255723,8.054489414466465,16.64081236617215,148.28852832068304
1086,9.011542199999894,180.92615354676695,351.70083447736675,35.183584178136954,68.39307459303781,-73.99564352659588,0.1944637825345824,-5.868152707504699,-1.1603017563706288,-74.0245418930871,-12.070532947530111,7.210495239938293,14.060192290384322,126.90150335631708
1087,9.016271599999527,180.49137649093979,351.4244838268612,35.09903578730155,68.3393344002346,-73.11694486742856,0.1944637825345824,-5.9527010983401,-1.1065615635674249,-73.12683632661548,-13.574243140429967,8.189086237265053,15.85311358178178,144.17785729464092
1088,9.027632100000119,180.11313953289118,351.1402701266372,35.02548239774505,68.2840651290409,-71.87543059946228,0.1944637825345824,-6.026254487896601,-1.0512922923737165,-72.24350264129967,-11.046430125832838,7.097281076313772,13.129928301445856,119.7467948037262
1089,9.032494699999006,179.70880017252944,350.88876626212806,34.94685303630149,68.23515673622639,-71.62712774586902,0.1944637825345824,-6.104883849340162,-1.0023838995592058,-71.40823910247869,-12.362344034775678,8.668760977824567,15.098839919835157,132.44878179229016
1090,9.043744900000092,179.3191296695972,350.60316538144997,34.87107623635914,68.17961770867451,-70.60236646714256,0.1944637825345824,-6.180660649282515,-0.9468448720073326,-70.57754229071058,-9.946200998142185,7.354509130951683,12.36995225749462,109.55922168278106
1091,9.048472899999979,178.96527283487978,350.30846804213985,34.80226389780427,68.12230974936939,-69.81932583249102,0.1944637825345824,-6.249472987837379,-0.8895369127022121,-69.87276858997805,-11.113180443395438,8.612483290039496,14.05978833370817,128.40675712439602
1092,9.059681499998987,178.6311726398723,350.0322790588748,34.73729351013757,68.0686009949893,-68.96346080858805,0.1944637825345824,-6.314443375504084,-0.8358281583221157,-69.0280208200464,-8.856857180559492,7.549642267329239,11.637912934949824,108.85988832715597
1093,9.064473899999939,178.32781803179424,349.75737548981635,34.67830202560142,68.01514220711793,-68.35156209579964,0.1944637825345824,-6.373434860040234,-0.7823693704507519,-68.20376395404834,-9.708189820261076,8.873448311110861,13.1524535549903,129.10740828820678
1094,9.075490499999432,178.05087235462824,349.48862976112594,34.62444612166312,67.96288089617678,-67.40338889621071,0.1944637825345824,-6.427290763978533,-0.7301080595096039,-67.38810935819248,-7.769102082837007,7.421456652668688,10.744159623766889,116.43197787505171
1095,9.080434699999387,177.77139652493636,349.19482742319167,34.570098194694246,67.90574698222458,-66.4810821371523,0.1944637825345824,-6.481638690947406,-0.6729741455574043,-66.52249858062288,-8.698569025010858,8.608541637341784,12.238140880245068,133.16616751416083
1096,9.091350099999545,177.49866959632197,348.92197498323935,34.51706268455685,67.85268706467767,-65.74105285321171,0.1944637825345824,-6.534674201084805,-0.6199142280104866,-65.58719441827301,-7.024953546155308,7.350422167031844,10.167530592982406,112.43531734460169
1097,9.096280300000217,177.23388981118987,348.6500112628997,34.465572606001366,67.79979997090823,-64.63540692074001,0.1944637825345824,-6.586164279640286,-0.5670271342410445,-64.80311027037337,-7.8885143920599825,8.48105469456035,11.582614041996809,131.37951928201377
1098,9.107479700000113,177.00690537516076,348.3698697590843,34.42143235399467,67.74532259443136,-63.67504128405035,0.1944637825345824,-6.630304531646985,-0.5125497577641767,-64.03776286218014,-6.4776471439550996,6.987405759782391,9.528050785623982,110.75926953231917
1099,9.112526900000375,176.76795788065542,348.10002054035704,34.374965720385994,67.69284669464366,-63.48296815671242,0.1944637825345824,-6.6767711652556585,-0.46007385797648226,-63.1859989225337,-6.9663641894731025,7.90261487335405,10.534778206347292,125.62744327590777
1100,9.123418699999092,176.5473971850076,347.8710821004213,34.332074653231864,67.64832645964619,-62.65434509618623,0.1944637825345824,-6.719662232409789,-0.41555362297900444,-62.40206428645987,-5.424632135282519,6.552633884494312,8.50668235138487,110.2102648336746
1101,9.128089199999522,176.3720139385859,347.6444291554764,34.29796896373951,67.6042506706496,-61.48223315497944,0.1944637825345824,-6.753767921902146,-0.37147783398242495,-61.6546557161787,-4.978611934903473,6.151449017936894,7.913716056230479,106.80096643579236
1102,9.139213700000255,176.21554681960743,347.41690562871287,34.267541775940664,67.56000558501955,-60.715733740370894,0.1944637825345824,-6.784195109700988,-0.3272327483523725,-60.74299077458341,-4.082793008263775,6.3527902438766315,7.55163178597988,108.65458791765643
1103,9.154861699998946,176.0778506331245,347.1868985263188,34.240764854676605,67.51527753387819,-59.9379984326445,0.1944637825345824,-6.810972030965047,-0.2825046972110101,-59.940377329721386,-3.697323649875351,6.297947670935237,7.3030368366704925,108.04369093336625
1104,9.159443200000169,175.9664765132616,346.9182303688844,34.219106622051605,67.4630313077369,-58.924643448735935,0.1944637825345824,-6.8326302635900475,-0.23025847106971753,-59.12474294641304,-3.1181587549134826,6.787915064612646,7.469853073872263,112.97670374917817
1105,9.171593400000347,175.84085466298336,346.6799741571625,34.194677721877504,67.4166991035931,-58.6412778718761,0.1944637825345824,-6.8570591637641485,-0.18392626692592273,-58.287347881274805,-2.9353734336766255,7.060875111855109,7.646723124342178,110.32276312575523
1106,9.176183800000217,175.73683643796264,346.3993789152672,34.17444994438745,67.36213349149294,-57.40406123843772,0.1944637825345824,-6.877286941254205,-0.12936065482575998,-57.43953500594247,-3.360096264079554,8.911350668082791,9.523781687618683,139.94380262901126
1107,9.187186699999074,175.6337902557309,346.0971210349692,34.15441119401491,67.30335528078929,-56.528758414679736,0.1944637825345824,-6.89732569162674,-0.07058244412210968,-56.68384053390334,-2.825675474868726,7.7080521729271325,8.209659566013762,118.86967113462421
1108,9.191920499999469,175.54043990402062,345.8023106542501,34.1362579315204,67.2460253390242,-55.698934055982825,0.1944637825345824,-6.915478954121255,-0.01325250235701958,-55.739935221038486,-3.6716934478154015,9.738707724434416,10.407870143150765,141.75024303548832
1109,9.20324939999955,175.42070873088795,345.4884652368047,34.112974554705715,67.18499377201663,-55.14617108854032,0.1944637825345824,-6.938762330935937,0.04777906465055537,-54.91680967604364,-3.3288696244511233,8.396679867177975,9.032475063262853,118.3430019170183
1110,9.207799899999372,175.27467562632552,345.16164420226755,34.084576404817234,67.12143891742866,-53.921751307551816,0.1944637825345824,-6.967160480824418,0.11133391923851832,-54.082597775052484,-4.083539995852232,9.670871309814501,10.497668826397511,134.85955327675197
1111,9.219209099999716,175.11671120394465,344.8579235627739,34.05385804573516,67.0623762530389,-53.28843351346349,0.1944637825345824,-6.997878839906491,0.1703965836282748,-53.310692528643315,-3.695089824380175,8.049729140945425,8.857303655900248,105.12450845009477
1112,9.223853600000439,174.98309244332015,344.5781741279982,34.02787403612654,67.00797511979052,-52.35769890972395,0.1944637825345824,-7.023862849515112,0.22479771687666528,-52.60814619615836,-4.326090361684124,8.861814287734596,9.86137973550118,115.03339388072769
1113,9.235787699999491,174.86694696947262,344.33238685475345,34.005287947957875,66.96017839693647,-51.83940782393698,0.1944637825345824,-7.046448937683778,0.2725944397307103,-52.00282796970043,-3.508677339282027,6.892235103376148,7.733933112679578,87.64103327692897
1114,9.24062210000011,174.73742003094236,344.0975162693524,33.98009964955116,66.91450457449328,-51.63343942611552,0.1944637825345824,-7.0716372360904955,0.3182682621739019,-51.41205668280729,-3.819108187152531,7.776696698329489,8.663867432214337,93.47650774464613
1115,9.251320100000157,174.6189443937219,343.8709366845256,33.95706042899907,66.87044305138274,-50.89516017526218,0.1944637825345824,-7.094676456642581,0.3623297852844445,-50.916083211561464,-2.9692956920500433,6.157205777784768,6.835780854943573,70.07172847585267
1116,9.256163199999719,174.51323371805938,343.6318729650767,33.93650353115545,66.82395381623192,-50.334577078997754,0.1944637825345824,-7.1152333544862,0.40881902043525997,-50.44710763352324,-2.9353045417951713,6.599732294281223,7.223051924862638,69.52153295302881
1117,9.2673992,174.43549074152656,343.4229676309176,33.92138533787338,66.7833292947597,-49.877831553494865,0.1944637825345824,-7.130351547768271,0.4494435419074847,-50.06238417318904,-2.002656063916349,5.111482694611291,5.489798415939481,47.08299908549314
1118,9.27216159999989,174.39330414290117,343.27069704688955,33.91318157233242,66.75371818102084,-49.49452993374585,0.1944637825345824,-7.138555313309233,0.47905465564633687,-49.833928250653436,-1.7920377913350016,5.04690156283351,5.355615261620662,45.52192673556325
1119,9.283613100000366,174.36109382747333,343.152543646488,33.90691783255769,66.73074162385944,-49.709822124444486,0.1944637825345824,-7.144819053083964,0.5020312128077364,-49.71931128489632,-0.964625328548937,3.30258173139074,3.440573806357597,25.742001945034083
1120,9.288148199999341,174.33542879134097,343.06402244726655,33.90192691255251,66.71352745662433,-49.75288056258421,0.1944637825345824,-7.149809973089141,0.5192453800428467,-49.544456129049586,-0.6905346523670987,2.6997064026630135,2.78662031261875,18.68845018139965
1121,9.299484600000142,174.32916130550126,343.0128699306643,33.900708113549136,66.7035801447597,-49.76149225021216,0.1944637825345824,-7.151028772092516,0.5291926919074825,-49.56787560080993,-0.30055406201296975,1.4582425349714079,1.4888935606658837,9.078093661729737
1122,9.304043099999035,174.32974592329913,342.9987771750489,33.90082180053744,66.7008396141964,-49.00355577426119,0.1944637825345824,-7.150915085104209,0.5319332224707836,-49.57255949516199,-0.20883144512128804,1.1002612310383697,1.1199041695598397,7.068129036086619
1123,9.315604299999904,174.34325877696736,342.99816078546144,33.903449561174604,66.7007197487457,-49.61162729254755,0.1944637825345824,-7.148287324467049,0.5320530879214829,-49.57349627403241,0.009102464757568238,0.32544521190069003,0.32557248165922714,-3.3128207627521524
1124,9.320182999999815,174.3411781585973,342.99306284040836,33.90304495625635,66.69972838306752,-49.73324159620483,0.1944637825345824,-7.148691929385301,0.5330444535996577,-49.57368362980649,0.12339745577907318,-0.025396292508875207,0.12598374405432103,-4.169260569095776
1125,9.331567499999437,174.34054356308684,342.99764772914506,33.90292155041301,66.70061997787377,-49.75756445693628,0.1944637825345824,-7.14881533522864,0.5321528587934097,-49.72565286365661,0.17649188473176106,-0.25427982879268174,0.3095280547979533,-3.7037568811583124
1126,9.336355199999161,174.35196633510765,343.01923309927844,33.905142865867205,66.70481755059731,-49.76242902908257,0.1944637825345824,-7.146594019774447,0.5279552860698686,-49.75604548972352,0.2592210281435114,-0.5353416948686744,0.5947993541494846,-1.0616549557004458
1127,9.347455499999342,174.3685434941773,343.0502413192532,33.908366522923565,66.71084752634327,-49.76340194351183,0.1944637825345824,-7.143370362718088,0.5219253103239083,-49.74161498173377,0.3170621436166755,-0.6879877043757144,0.7575324971821121,-0.8463628931768901
1128,9.352122599999348,174.38392588208924,343.0837196926063,33.91135784026134,66.71735785745861,-49.76359042288206,0.1944637825345824,-7.140379045380314,0.5154149792085718,-49.680338377206134,0.3674408310479773,-0.7756650868624462,0.858294291777916,1.8553036536657928
1129,9.363957300000038,174.39614855426254,343.11699162969455,33.913734707324835,66.72382804419705,-49.6610890562561,0.1944637825345824,-7.1380021783168175,0.5089447924701318,-49.6680830563006,0.38709960512298286,-0.8878397714108116,0.9685584979675577,5.569570600648209
1130,9.379319800000303,174.4151916185461,343.1578108346697,33.91743789363647,66.73176590119658,-49.4511814342981,0.1944637825345824,-7.134298992005185,0.501006935470599,-49.6656319921195,0.3718740543509401,-0.8927597461123508,0.9671144071814849,5.158904979174846
1131,9.384136799999396,174.42911910214627,343.1934215197026,33.920146284778546,66.73869088970672,-49.701152424554934,0.1944637825345824,-7.131590600863106,0.49408194696046337,-49.60675249705671,0.47817735384516763,-1.0223957963353538,1.1286924940366037,-0.2856330717290243
1132,9.39572969999972,174.4418935755854,343.22727231107797,33.922630457203404,66.74527364263936,-49.7511466226063,0.1944637825345824,-7.129106428438249,0.48749919402781927,-49.61548563124729,0.5341706786270457,-1.0638461564166601,1.1904230165900604,-0.7012033781015077
1133,9.399996799998917,174.46762061069322,343.2721043326523,33.92763343376387,66.75399184713338,-49.46919294756814,0.1944637825345824,-7.1241034518777795,0.4787809895338029,-49.675622761015084,0.5861261064847986,-1.2044504856584552,1.339494227350726,1.7222624591028126
1134,9.411535999999614,174.49615091072994,343.31684352701075,33.93318154382586,66.76269200009587,-49.70475472720894,0.1944637825345824,-7.118555341815792,0.47008083657131294,-49.687650186968646,0.5493150708481833,-1.038324913353814,1.1746768375822134,-0.5256807470700144
1135,9.416096200000538,174.50789545473327,343.3454462333152,33.93546543227689,66.76825419055457,-49.75186708313711,0.1944637825345824,-7.11627145336476,0.46451864611260874,-49.63166516922967,0.5636446721709412,-1.1067326921159089,1.2419953978436533,2.2449719986554904
1136,9.427479800000583,174.53003477676924,343.38097825754755,33.93977072858276,66.7751638823879,-49.76128955432274,0.1944637825345824,-7.111966157058895,0.45760895427928006,-49.620468776033434,0.3379264209744039,-0.7531742056984071,0.8255093277013873,7.151952115344603
1137,9.432107999999062,174.53683990146772,343.402632870051,33.94109407887224,66.77937492024463,-49.471221533911425,0.1944637825345824,-7.1106428067694125,0.4533979164225457,-49.55983960481606,0.25219144601072446,-0.7135454379067085,0.7568009100142894,10.909652425665609
1138,9.443658899999718,174.53944526589427,343.41898707493465,33.941600727893515,66.78255522078666,-49.41321098158697,0.1944637825345824,-7.110136157748137,0.45021761588051845,-49.43922866315072,0.19794681786399593,-0.5487334786315087,0.5833449864989999,7.69756177824254
1139,9.448308499999257,174.54069169977436,343.4322766759602,33.94184311414051,66.78513956687047,-49.40160887112208,0.1944637825345824,-7.109893771501142,0.4476332697967109,-49.35671597188796,0.08986696920272091,-0.5630784819832733,0.570204743075915,7.16113785125655
1140,9.459379500000068,174.5537634705979,343.45480226225175,33.94438510013928,66.78951997758452,-49.14881237481036,0.1944637825345824,-7.107351785502374,0.4432528590826621,-49.398603936565095,0.02779732545923448,-0.40282549046425586,0.4037834408076375,3.459592689732763
1141,9.46431130000019,174.5496499740948,343.47201507972306,33.94358517404985,66.79286724717808,-49.34872609800895,0.1944637825345824,-7.108151711591802,0.43990558948910063,-49.406980919148964,0.009110339689940935,-0.3720871667252186,0.37219868072155593,-3.444819488708378
1142,9.47541850000016,174.5482553890315,343.4782180033292,33.943313977763374,66.79407349116529,-49.680661357297105,0.1944637825345824,-7.108422907878278,0.43869934550188816,-49.46704620824386,-0.004289105123937395,-0.26412110183744775,0.2641559252763254,-8.506569762076868
1143,9.480422499998895,174.54697977133014,343.4813480188987,33.9430659163201,66.79468216583234,-49.4550958945063,0.1944637825345824,-7.108670969321551,0.4380906708348391,-49.58754437348471,0.07159386548809038,-0.29137532183538595,0.3000420966301254,-5.915241428991901
1144,9.491330200000448,174.54614588277394,343.48224496370904,33.94290375519725,66.79485658911288,-49.701935316596575,0.1944637825345824,-7.108833130444403,0.43791624755429837,-49.67003450946257,0.10757644097278814,-0.1575070852942127,0.19073849262865156,-6.436809508608797
1145,9.495897099999638,174.56044851903334,343.4947372663179,33.94568509994447,66.79728588953076,-49.75130320101463,0.1944637825345824,-7.106051785697183,0.43548694713642533,-49.628142033728466,0.09046024955311308,-0.11839184829035183,0.14899559218586694,-1.12044007506901
1146,9.507510499999626,174.56150647790287,343.49529686540757,33.945890834628,66.79739471128644,-49.76117677789824,0.1944637825345824,-7.10584605101365,0.43537812538073695,-49.67815404151132,0.09019438257612991,-0.08178127395667603,0.12175057871840357,4.588371024706788
1147,9.512161599999672,174.55887561239564,343.4932166113714,33.945379226570125,66.79699017721794,-49.47119897862653,0.1944637825345824,-7.106357659071527,0.4357826594492451,-49.579671335646026,0.08889115269847621,-0.07824975689642323,0.11842576359227391,6.547016961005561
1148,9.523374700000204,174.55594052175127,343.489675307628,33.94480845774134,66.7963015218969,-49.70515593342062,0.1944637825345824,-7.106928427900314,0.4364713147702872,-49.52961956986359,-0.059721837355871624,0.05422045928117411,0.08066322620514656,3.7417123649116233
1149,9.52786229999947,174.5554470750179,343.4896368444851,33.94471250022309,66.79629404220864,-49.20952178727006,0.1944637825345824,-7.107024385418562,0.4364787944585373,-49.5196092167071,-0.08782288189410514,0.09100823541359793,0.12647275397208207,6.3960364822538045
1150,9.539480499999627,174.5474387340865,343.48184524627754,33.94315516795375,66.79477885854921,-49.501044372102456,0.1944637825345824,-7.108581717687905,0.4379939781179729,-49.57599764900549,-0.019020301234057214,0.04146011725489617,0.04561483510683797,1.4145131504579231
1151,9.54473549999966,174.54412057829703,343.4771278765108,33.94250990682788,66.79386150098075,-49.71112501211581,0.1944637825345824,-7.109226978813773,0.43891133568642715,-49.528885442887045,-0.009202220141606848,0.03890758395657816,0.03998100730187738,1.416369433234681
1152,9.555629200000112,174.55722994315823,343.48613377576834,33.94505920350542,66.79561282221549,-49.75314114011848,0.1944637825345824,-7.10667768213623,0.43716001445169184,-49.56955760615554,-0.015190272690847837,0.05012374315857514,0.052374936874893946,1.0390141262641437
1153,9.560078200000135,174.55718849775246,343.48502068759444,33.94505114387505,66.7953963668789,-49.46959490282838,0.1944637825345824,-7.106685741766604,0.43737646978827627,-49.54965737084049,-0.0178214131288129,0.05583315173707777,0.05860839188037303,6.753736092994325
1154,9.571651700000075,174.55413400798304,343.481583846215,33.944457156240766,66.79472802570429,-49.41288260361256,0.1944637825345824,-7.1072797294008865,0.43804481096289294,-49.54567732377748,-0.0031130649879371596,0.03537630442015416,0.035513012939576656,6.243821678781306
1155,9.576258799999778,174.55064669169303,343.47781783655375,33.94377899952412,66.7939956732205,-49.401543195527196,0.1944637825345824,-7.107957886117532,0.43877716344668727,-49.436396206943,-0.050059610968053905,0.06755956321582893,0.08408483354438236,7.814135403483523
1156,9.587473800000225,174.54780647883146,343.4736491002517,33.943226680987856,66.79318500499082,-49.69122477680075,0.1944637825345824,-7.108510204653797,0.43958783167636284,-49.36444476873236,-0.04464033682163238,0.04988229477864636,0.06694029432212378,9.740635117202682
1157,9.603133000000525,174.5477487388485,343.47363688443795,33.94321545265237,66.79318262945746,-49.206735555946096,0.1944637825345824,-7.108521432989285,0.43959020720971864,-49.29995987659804,-0.03209415565267968,0.03497136054532253,0.047466102488506176,11.751722271689248
1158,9.607598799999323,174.54832939662617,343.4745493578282,33.94332836956017,66.79336007248439,-49.109837711775164,0.1944637825345824,-7.108408516081482,0.43941276418279074,-49.236967683327435,0.002522261561576448,-0.004095185853524955,0.004809610229521409,5.950156108508105
1159,9.619242200000372,174.54901243338506,343.475555674418,33.94346119547191,66.79355576461488,-49.090458142940975,0.1944637825345824,-7.108275690169741,0.4392170720523012,-49.115884137251435,0.014319961896699743,-0.021189096808076218,0.02557418878996865,4.576833878609089
1160,9.624136200000066,174.54966384443026,343.47647101088967,33.94358787132775,66.79373376440745,-49.08658222917414,0.1944637825345824,-7.108149014313902,0.4390390722597317,-49.14176203252842,-0.004477908773039297,0.0005810219147709197,0.004515446095914153,1.603612747665189
1161,9.635612799998853,174.55023868449624,343.47724916141385,33.94369965690133,66.79388508650176,-49.08580704642077,0.1944637825345824,-7.108037228740322,0.4388877501654207,-49.146937611583816,-0.00923900518864675,0.008137401769614671,0.012311641825360644,-2.302744871329371
1162,9.640369900000223,174.5479219147764,343.4745826760957,33.94324912909835,66.79336655168072,-49.33612503233103,0.1944637825345824,-7.108487756543305,0.43940628498646106,-49.19806733188709,-0.029840693654544725,0.033004301778079816,0.0444943921594952,-9.547092664958333
1163,9.651486299999306,174.54800647967068,343.4746942530083,33.94326557390756,66.79338824934919,-49.13571560705215,0.1944637825345824,-7.1084713117340925,0.43938458731798846,-49.25838849079149,-0.043417147005787395,0.05024710241275909,0.06640647524903316,-8.910774774004507
1164,9.656154700000116,174.54580746708564,343.47211289430675,33.942837945602435,66.792886268572,-49.34610674445731,0.1944637825345824,-7.108898940039218,0.4398865680951758,-49.37893782999424,-0.061143938439981796,0.08167093790702798,0.10202315083629745,-9.035588695376674
1165,9.667602399998941,174.5433351065175,343.469178736272,33.94235716101456,66.79231568110201,-49.38818802369615,0.1944637825345824,-7.10937972462709,0.44045715556516996,-49.40304769783479,-0.048650911875448594,0.06813830052761156,0.08372418542514329,-5.26765042546188
1166,9.672087799999645,174.5415153867368,343.4658588320172,33.94200329142285,66.79167007996297,-49.68855374243455,0.1944637825345824,-7.1097335942188025,0.4411027567042112,-49.407869671402906,-0.03912381167820196,0.05672210379380688,0.06890623846232512,0.7360724852882514
1167,9.683528899999146,174.53961850122522,343.46342668310194,33.94163441589124,66.79119711508523,-49.45667437153379,0.1944637825345824,-7.110102469750416,0.44157572158195535,-49.315292806350904,-0.006739407948548371,0.018260583587646272,0.019464545524064347,8.918021551578105
1168,9.688085499999943,174.5407693408825,343.4648099178458,33.94185821252408,66.79146610414564,-49.1598254748927,0.1944637825345824,-7.109878673117571,0.4413067325215394,-49.203235563223316,0.039806526685237195,-0.037611124441012486,0.054764552846342386,13.051694297296532
1169,9.699641100000008,174.54494804200772,343.46984780416847,33.94267081855097,66.79244579057594,-48.883222419197295,0.1944637825345824,-7.10906606709068,0.44032704609124096,-49.028892351902485,0.06990779904694895,-0.08358209327543813,0.10896360256476763,13.57042129398629
1170,9.704218299999411,174.5494373889199,343.4752500369796,33.94354383393263,66.79349632920253,-48.827901808058215,0.1944637825345824,-7.108193051709023,0.43927650746465474,-48.943929105146125,0.0861131349658143,-0.10378402097266386,0.13485768433016668,8.115723671060984
1171,9.715408000000025,174.5535580776987,343.4801940400066,33.9443451586592,66.79445775873201,-48.81683768583039,0.1944637825345824,-7.107391726982449,0.4383150779351723,-48.92693645579485,0.07748093654373508,-0.09347822869745444,0.12141447511770538,2.8730608943846283
1172,9.720107400000416,174.55473702308677,343.4816360344157,33.94457442083877,66.79473817441921,-49.031858137752025,0.1944637825345824,-7.107162464802883,0.43803466224797205,-49.01707979604179,0.040277456698036715,-0.0495293519234032,0.06383909632830455,-2.178092708746513
1173,9.731229200000598,174.555077535801,343.4820651975688,33.944640638229174,66.79482163110927,-49.07486222813635,0.1944637825345824,-7.107096247412478,0.43795120555790845,-49.035108464091174,-0.008486450770921713,-0.03128816663604531,0.032418655402903694,-6.903960855838269
1174,9.7358564999995,174.55232452921393,343.47885370173594,33.944105278154915,66.79419711148202,-49.33393912043196,0.1944637825345824,-7.107631607486738,0.4385757251851601,-49.082160852974496,-0.024814043057789212,-0.024758267084518955,0.03505293884829333,-5.789101861920623
1175,9.747600000000602,174.54911857737184,343.48720610121524,33.943481836633076,66.79582135067801,-48.91804514830515,0.1944637825345824,-7.1082550490085765,0.43695148598916944,-49.141665935243346,-0.04272059306991652,0.0006015046531267672,0.042724827443690536,-0.9501061947545599
1176,9.752047500000117,174.54888929400116,343.4884244501085,33.94343724932154,66.79605827541224,-49.05209963024697,0.1944637825345824,-7.108299636320112,0.436714561254945,-49.11012029642368,-0.07108670360408303,0.0326774630715628,0.07823768926858783,-1.9779737963936497
1177,9.763298899999427,174.5465317107073,343.4845404997342,33.942978784756576,66.79530298773128,-49.32938354909628,0.1944637825345824,-7.108758100885076,0.4374698489359048,-49.053715953815995,-0.04677029556883183,0.00927585089428457,0.04768125373151266,-0.052750243309208134
1178,9.768056900000374,174.5432071769444,343.4808000419257,33.94233228334588,66.79457560415743,-48.91713403403801,0.1944637825345824,-7.1094046022957755,0.43819723250975073,-49.0858817405679,-0.026388208593202803,0.04031608669813341,0.048184275437219065,0.9063000364136554
1179,9.779919299999165,174.54356622905055,343.47970471018846,33.94240210597657,66.79436260180466,-49.051917407393546,0.1944637825345824,-7.109334779665083,0.4384102348625163,-49.09231489791828,-0.019912649138389207,0.05172160008566343,0.05542235569812863,-2.180312973725142
1180,9.784652799999094,174.5447546248896,343.47929354815255,33.942633205926576,66.79428264567993,-49.07887408206465,0.1944637825345824,-7.109103679715076,0.4384901909872525,-49.09360152938836,-0.02546011624891727,0.06796602421402212,0.0725782196452174,-2.095784896325581
1181,9.795899400000053,174.54604735983568,343.47907631672564,33.94288459605401,66.79424040203497,-49.084265416998875,0.1944637825345824,-7.108852289587645,0.4385324346322079,-49.187400115448,-0.005616205061897898,0.050917623430321315,0.05122642028376855,0.13236497438631456
1182,9.80044099999941,174.54444793615033,343.47561166951346,33.94257356607428,66.79356665363294,-49.33581670644666,0.1944637825345824,-7.109163319567372,0.4392061830342442,-49.162713177386486,0.0011498634041349426,0.04081413871644803,0.04083033314845265,0.3617994208971747
1183,9.811486599999625,174.54236579873486,343.4717700438432,33.94216866575671,66.79281959657402,-49.38612696433621,0.1944637825345824,-7.109568219884942,0.4399532400931605,-49.11432913450074,0.024830559731980367,0.00599707109680956,0.02554450152858015,4.353992023957905
1184,9.827485100000558,174.54563325876575,343.47444885861705,33.9428040683936,66.79334052902766,-48.928482717086,0.1944637825345824,-7.1089328172480535,0.439432307639521,-49.104652325923595,0.0256465415030013,0.001973262124669251,0.025722341543448612,8.002589307901598
1185,9.832334299999275,174.54980324266995,343.4783686843808,33.94361497923672,66.79410279317256,-48.836953867635955,0.1944637825345824,-7.108121906404932,0.4386700434946249,-49.00917570444254,0.06269996073482337,-0.04997919778095407,0.08018232527793215,7.760507003963871
1186,9.843708500000503,174.55134927868505,343.47932575263815,33.943915627248145,66.79428890828602,-49.03588137411313,0.1944637825345824,-7.107821258393507,0.4384839283811601,-48.8965391203807,0.08185488124263823,-0.07536255667331053,0.11126426439600609,5.19468856558478
1187,9.84903999999915,174.55455103427087,343.4823802662845,33.94453825275012,66.7948829005635,-48.858433599041376,0.1944637825345824,-7.1071986328915315,0.4378899361036872,-48.87401180356834,0.09602171945539167,-0.09142553874556772,0.13258506605982157,6.1050725472934975
1188,9.859578399999009,174.55775473244466,343.48559293034066,33.94516125601509,66.79550764736786,-48.822944044027025,0.1944637825345824,-7.106575629626562,0.4372651892993247,-48.96304759997148,0.02879921657446717,-0.026656179694955935,0.03924215579237264,0.5963851961944815
1189,9.864550399999644,174.56058126123617,343.48847892106176,33.94571091349533,66.79606886803985,-48.81584613302416,0.1944637825345824,-7.10602597214632,0.4367039686273273,-48.937408103978676,0.027312102179587173,-0.028012134372341232,0.03912327437168714,-2.130738617293155
1190,9.875807099999292,174.5508051053481,343.47883207157406,33.943809805242694,66.79419290519893,-49.28213284965171,0.1944637825345824,-7.107927080398959,0.43857993146825436,-49.025821464545736,-0.029717093683116282,0.027405163078487543,0.04042460414561417,-3.040515921272788
1191,9.880544199999349,174.5512678656925,343.4793958230693,33.94389979536967,66.7943025344471,-48.907683894149095,0.1944637825345824,-7.107837090271985,0.43847030222008243,-49.04350413665915,-0.03155863454873373,0.028364689970099485,0.042432334977943326,-1.376510366859894
1192,9.89147419999972,174.5418048509446,343.4700839411189,33.94205958172761,66.79249171066051,-49.3005004018767,0.1944637825345824,-7.10967730391404,0.440281126006667,-49.04704067108184,-0.05929367354142311,0.012707574561139051,0.060640103671281496,-2.4106994164976236
1193,9.896971099999064,174.5432156475506,343.47162407365863,33.942333930572,66.79279121065979,-48.91135740459409,0.1944637825345824,-7.109402955069655,0.43998162600739477,-49.047747977966374,-0.09423549368888307,0.03641713711011529,0.10102740294635143,2.9075720685579514
1194,9.906955599999492,174.54177162429,343.4814390384342,33.94205312034668,66.7946998658355,-48.833528805137576,0.1944637825345824,-7.1096837652949745,0.4380729708316835,-49.04788943934328,-0.08927691185500483,0.03539056091260426,0.09603571623138474,2.3700766119398473
1195,9.911946399999579,174.53295343463697,343.47411952523356,33.94033830183164,66.79327648561218,-49.285669384074396,0.1944637825345824,-7.111398583810015,0.4394963510549985,-48.954376471853045,-0.013070812769187472,-0.027855325985111944,0.03076955203092835,1.7836641611173856
1196,9.923602999999275,174.53557829396198,343.47581442720684,33.9408487419046,66.79360608266093,-48.90839120103363,0.1944637825345824,-7.11088814373705,0.4391667540062514,-49.02921513812061,-0.04692986763094631,0.012039845090113088,0.04844966816864758,3.398973172441333
1197,9.928200500000457,174.54060615185963,343.4793738338525,33.94182647816943,66.79429825834083,-48.83293556442548,0.1944637825345824,-7.109910407472221,0.43847457832634973,-49.04418287137413,-0.0156636599648518,0.036058266750255655,0.03931346899635154,4.141167954013228
1198,9.939593199998853,174.5336119261485,343.4708795302405,33.94046635458174,66.79264642393044,-49.28555073593198,0.1944637825345824,-7.111270531059915,0.44012641273674546,-48.9536351582592,0.07164427083240307,-0.034941481653058284,0.07971078147413768,0.4595853502780063
1199,9.944491899999775,174.53684154965237,343.47266983373197,33.94109439938447,66.79299457311927,-48.90836747140515,0.1944637825345824,-7.110642486257184,0.4397782635479075,-48.93552561563622,0.05701514892184196,-0.01986004138094233,0.0603750648052038,5.747534303919677
1200,9.955495500000325,174.5421007072373,343.4766193016947,33.94211711506138,66.79376260159832,-48.83293081849978,0.1944637825345824,-7.109619770580274,0.4390102350688636,-48.93190370711162,0.028314486069061985,-0.0004298898131163652,0.02831774932099171,6.734940872855108
1201,9.96020420000059,174.5413898923855,343.47547806761116,33.941978887316615,66.79354067290167,-48.81784348791871,0.1944637825345824,-7.109757998325037,0.4392321637655101,-48.83763806564107,0.0475374568915861,-0.1081073196712731,0.11809742746658895,5.30345087231841
1202,9.971416899999895,174.5453778380866,343.4785573220786,33.942754398322194,66.79413947637279,-48.814826021802496,0.1944637825345824,-7.108982487319459,0.43863336029438926,-48.81878493734697,0.034294728043016684,-0.10804919685664868,0.1133611808023862,2.946278510999564
1203,9.976187299998855,174.5448069839357,343.4882077509298,33.942643387864734,66.79601613527028,-48.81422252857925,0.1944637825345824,-7.109093497776918,0.43675670139690226,-48.815014311688145,0.0075137682906622205,-0.16303736964447607,0.16321041821683838,-1.8562504815399965
1204,9.98765800000001,174.54846370887455,343.49238274827934,33.94335448842803,66.79682802104693,-48.8141018299346,0.1944637825345824,-7.108382397213624,0.4359448156202461,-48.90780144632201,-0.017265761893724536,-0.13913986806353168,0.14020702342788607,-7.9109165821371175
1205,9.992391199999474,174.5474667267792,343.5007736045503,33.94316061151865,66.7984597386961,-48.81407769020567,0.1944637825345824,-7.108576274123003,0.43431309797108497,-49.01990013301441,-0.173454273149048,-0.07451579383569548,0.1887829134339981,-9.32480255263503
1206,10.003700199999003,174.53855430376512,343.4910839040673,33.94142746802778,66.79657544288854,-49.28177916108801,0.1944637825345824,-7.11030941761387,0.43619739377864164,-49.13586113011851,-0.20105484423072076,0.04254289400248826,0.20550656490425395,-9.562054582124228
1207,10.008004600000277,174.52279928150767,343.48511381048945,33.93836368680568,66.79541447590931,-49.37531945526448,0.1944637825345824,-7.113373198835973,0.4373583607578695,-49.15905332953933,-0.17143956411245279,0.05282888984766595,0.17939458114894283,-3.8563366139425757
1208,10.019722600000023,174.5130812595859,343.4735504863138,33.93647388350402,66.79316582815144,-49.394027514099776,0.1944637825345824,-7.115263002137631,0.4396070085157362,-49.1636917694235,-0.1364641139499855,0.11105253873862139,0.17594067396837956,2.0790424549157493
1209,10.024253699999463,174.51797597285545,343.47400133007454,33.93742572796084,66.79325350093448,-48.93006282703871,0.1944637825345824,-7.11431115768081,0.4395193357326974,-49.07107819763471,-0.08234706490590957,-0.003531923699466047,0.08242277345271107,8.877513353940703
1210,10.035702499999388,174.52586011259862,343.4771581694327,33.938958907597325,66.79386739185692,-48.8372698896265,0.1944637825345824,-7.112777978044328,0.43890544481025984,-49.00246087878476,0.06331828485423575,-0.051836901432625544,0.0818307371775293,10.328004809314745
1211,10.040221100000053,174.528586457593,343.48659911267066,33.93948908295743,66.79570331338968,-48.81871130214405,0.1944637825345824,-7.112247802684223,0.4370695232775006,-48.89519615524915,0.1113023091520625,-0.09441046043653786,0.1459504678389911,9.235504155486446
1212,10.051727500000197,174.52956559022834,343.4849310281677,33.9396794887933,66.79537893136764,-49.032232861014755,0.1944637825345824,-7.11205739684835,0.4373939052995439,-48.87374321054203,0.12993990780085712,-0.11034740690106049,0.17047266598807992,-0.018859510569495086
1213,10.066962299999432,174.53572696884615,343.48657394356536,33.940877653784945,66.79569841891025,-48.857703896421704,0.1944637825345824,-7.110859231856708,0.4370744177569321,-48.96299388136623,0.10612219047203929,-0.08658694466874646,0.1369642957038525,-0.8731212682142113
1214,10.07127439999931,174.54245148708458,343.4887699507351,33.942185329037315,66.79612546277096,-48.8227981035031,0.1944637825345824,-7.1095515566043375,0.4366473738962213,-49.07438527529669,0.020739890270771257,0.0869973939748132,0.08943539347960903,-5.439752922341314
1215,10.083566600000267,174.5433887506774,343.4846497630744,33.942367592860805,66.79532423549371,-49.283523243747496,0.1944637825345824,-7.109369292780848,0.43744860117347173,-49.05321689880934,0.02979755909949605,0.07936100057545373,0.08477064905157401,-7.494005665927158
1216,10.088243000000148,174.5359440809799,343.473548915378,33.94091987423171,66.79316552266131,-49.37566827179638,0.1944637825345824,-7.110817011409942,0.43960731400586894,-49.048983223511875,0.05969976267415356,0.05769055025639821,0.08301964377324361,-3.1683273633128857
1217,10.09926909999922,174.53945019260826,343.47411537825855,33.94160168596095,66.79327567917574,-48.92639097857803,0.1944637825345824,-7.110135199680705,0.439497157491445,-49.141677748218,-0.023868282207791386,0.1069079694478606,0.10953998734259314,3.143766201632055
1218,10.10402509999949,174.54503024224385,343.4772782342131,33.94268680351982,66.79389074010827,-48.83653551993436,0.1944637825345824,-7.109050082121833,0.4388820965589133,-49.0666753933936,0.00043614831717852034,0.07916258099439571,0.07916378247057702,416.658177311759
1219,10.115389099999447,174.53833428175238,343.4686847929283,33.94138468171494,66.79221962701104,-49.28627072703375,0.1944637825345824,-7.110352203926709,0.4405532096561444,-49.001580317936536,0.06089368902873396,-0.007460860553859375,0.06134904892280148,591.5106156795616
1220,10.120117899999968,174.54164991565295,343.4704732001852,33.94202945242475,66.79256740745093,-48.9085114696255,0.1944637825345824,-7.109707433216904,0.44020542921624894,-39.21630212222093,0.04852645620308775,-0.00546275579454834,0.0488329668615482,593.1919812524102
1221,10.131278400000156,174.5412314181222,343.46883747729237,33.94194806981194,66.79224931859001,-49.05019289451104,0.1944637825345824,-7.10978881582971,0.44052351807717116,-29.448995018234058,0.002894935647539479,0.020401875513136516,0.020606241211266894,590.0379713777199
