frame,t_s,x_px_filt,y_px_filt,x_mm_abs,y_mm_abs,angle_deg_raw,mm_per_px,x_mm,y_mm,angle_deg_unwrapped,vx_mm_s,vy_mm_s,speed_mm_s,angular_vel_dps
1154,9.556332699999984,214.6773528621021,378.45017729772945,42.09514777304729,74.20864812096451,-1.8124978105444298,0.1960856476560296,0.0,-0.0,-1.1042867233033482,,,,
1209,10.008744200000365,214.6396485697286,378.4576131177818,42.08775450245782,74.21010617855534,-1.8590395225550507,0.1960856476560296,-0.007393270589467704,-0.001458057590824069,-1.4646680726869137,,,,
1210,10.020662599999923,214.63373187509816,378.4602666217306,42.086594323559225,74.2106264925957,-1.84989628341726,0.1960856476560296,-0.008553449488061915,-0.0019783716311820854,-1.8891601140480019,,,,
1211,10.024964400001409,214.62562657229017,378.45967114762016,42.08500499000867,74.21050972866908,-1.8019067469178272,0.1960856476560296,-0.010142783038617154,-0.0018616077045692236,-1.9780567629457084,-0.00996031304248765,0.00487287161057415,0.011088404467617923,-15.307482408793671
1212,10.036276900000303,214.62144875733037,378.45952227909254,42.084185780456494,74.21048053768742,-2.1224602068054406,0.1960856476560296,-0.010961992590793557,-0.00183241672290535,-2.048943872120392,0.03541828486282433,-0.0028969498266222726,0.035536561748741785,-16.250404608272472
1213,10.040668300000107,214.63277536682284,378.4585924228005,42.08640676601457,74.21029820621418,-2.256981055032963,0.1960856476560296,-0.008741007032718073,-0.0016500852496648122,-2.1068798388772034,0.049664806263674775,0.004428379272728676,0.049861844372139724,-8.587179085054714
1214,10.052385900000445,214.6453573854069,378.4611065407587,42.08887391927745,74.21079118866228,-2.2134750684284676,0.1960856476560296,-0.006273853769840798,-0.002143067697772949,-2.1714577548848157,0.18666115984234077,0.06016369232736595,0.19611746089563226,-4.042641301207341
1215,10.068641100000605,214.64319283145915,378.4616892938811,42.08844948131472,74.2109054581857,-2.139576117201319,0.1960856476560296,-0.006698291732568862,-0.0022573372211951437,-2.1275752423832133,0.17894866339333976,0.059542236945646414,0.1885945442231941,-2.7586636014898605
1216,10.072906299999886,214.6500560203648,378.45503719163435,42.089795254156265,74.20960107640839,-2.124796326955889,0.1960856476560296,-0.005352518891022839,-0.0009529554438785226,-2.1187987398828927,0.0299893147235442,0.05180658692353537,0.059860516588596285,-0.7230897681854179
1217,10.084332200000063,214.64358929195643,378.4550678916586,42.088527221528096,74.20960709624252,-1.9030476442974278,0.1960856476560296,-0.0066205515191910536,-0.0009589752780101435,-2.117043439382829,-0.029369964249209415,0.05942711631661212,0.06628858841239559,0.11251261234837184
1218,10.088540400000056,214.6384592736727,378.45500690211384,42.087521298570444,74.20959513706813,-2.2130985425313607,0.1960856476560296,-0.007626474476843725,-0.0009470161036233549,-2.129731930064066,-0.06833825702287197,0.057878058934965906,0.08955438056847637,-3.3315318176239765
1219,10.10022470000149,214.6333201101662,378.4552434247472,42.08651358236586,74.20964151576189,-2.2046985659281475,0.1960856476560296,-0.008634190681426901,-0.000993394797376368,-2.145309178981563,-0.14476858326584846,0.0060169167571097176,0.14489356779396,-2.7863469730875754
1220,10.104350800000248,214.62867075630132,378.45555432542506,42.08560191080208,74.20970247892267,-2.2030185706075045,0.1960856476560296,-0.009545862245204262,-0.0010543579581536733,-2.205222724468188,-0.15107979066176447,0.007043299987197103,0.1512438799459741,0.054385399102376386
1221,10.11666310000146,214.6244871776007,378.45263369854376,42.084781571063054,74.20912978590908,-2.202682571543376,0.1960856476560296,-0.010366201984233214,-0.00048166494457291265,-2.146325306612388,-0.12483083195965124,-8.409916377562741e-05,0.12483086028866433,0.9118747032166191
1222,10.121439600001395,214.62101513546463,378.45252152278044,42.08410075343211,74.20910778985188,-2.20261537173055,0.1960856476560296,-0.011047019615176623,-0.0004596688873732546,-2.0777477273381026,-0.16193935133481896,-0.01883537403241961,0.1630310547892121,0.634036985619546
1223,10.132220000001325,214.6150888363564,378.45432453352714,42.08293869123327,74.20946133438188,-1.91861145325236,0.1960856476560296,-0.012209081814020806,-0.0008132134173735039,-2.0640322114832452,-0.12406087295908072,-0.018056800423899004,0.12536805111717134,4.268413708784589
1224,10.136385100000552,214.6093157271555,378.456400347249,42.081806667376625,74.20986837165994,-1.861810669556722,0.1960856476560296,-0.013341105670662046,-0.0012202506954253067,-2.0753711395622743,-0.11073887153038776,-0.026972782559451014,0.11397643908643203,1.4142541666192456
1225,10.148623099999895,214.60734602163262,378.4570795179646,42.08142043639348,74.21000154728958,-2.1344409913332196,0.1960856476560296,-0.013727336653808209,-0.0013534263250676304,-2.0306870208812047,-0.09225980080926076,0.013274251919064638,0.09320985253381352,-1.4200821422751932
1226,10.152293500001178,214.60734569119916,378.45704331699113,42.08142037160022,74.20999444879826,-2.259377211938519,0.1960856476560296,-0.01372740144707052,-0.0013463278337439988,-2.065508742066866,-0.08332492028203554,0.06558395405884762,0.10603913131481517,-1.6498228169148452
1227,10.164512100000138,214.60422137153026,378.44421688393527,42.080807737354455,74.20747936936537,-1.979194778325204,0.1960856476560296,-0.014340035692832487,0.001168751599138318,-2.0632409085696235,-0.03873355339718407,0.0777404077408814,0.08685539220158413,-0.8856971012047659
1228,10.16818290000083,214.60303974840014,378.4399345310424,42.0805760380177,74.20663966142489,-2.0927200591806656,0.1960856476560296,-0.014571735029583976,0.002008459539624141,-2.062787341870175,0.09215580553867433,0.06281130498697993,0.11152556894564299,-3.7295071990841855
1229,10.181087599999955,214.5998260992094,378.442365834909,42.0799458875348,74.20711640521823,-1.8504715020705083,0.1960856476560296,-0.015201885512489355,0.0015317157462817477,-2.0486145972802854,0.10288135594400104,0.054501390178561385,0.11642583447101432,-2.0015900316064554
1230,10.185262300001341,214.61308747573008,378.44418673460615,42.082546253138666,74.20747345751465,-2.1321731578359766,0.1960856476560296,-0.012601519908621128,0.0011746634498592812,-2.0927319526591823,0.11668361656485834,-0.013045372735512135,0.11741059630401052,-5.696998449484511
1231,10.195672400001058,214.61593361209657,378.4462899087492,42.083104339631404,74.20788585977861,-2.1885134889890705,0.1960856476560296,-0.012043433415882987,0.000762261185897728,-2.1015554237349616,0.16391341985572522,-0.05438357504239552,0.17269968860189389,-5.159952629229941
1232,10.198665900001288,214.61622171479172,378.44830343421853,42.08316083243498,74.20828068322434,-2.199781555219689,0.1960856476560296,-0.011986940612310093,0.00036743774016656516,-2.156310840606367,0.31224678477340806,-0.024425356602373154,0.3132006587580622,-2.9351637734921083
1233,10.211483099999896,214.62753183861003,378.4468613199804,42.08537858538896,74.20799790531997,-2.136837414559563,0.1960856476560296,-0.009769187658328349,0.0006502156445407081,-2.1203100196837736,0.17790742298248485,0.02993129599284719,0.1804076872865461,-0.4662995847580358
1234,10.21505260000049,214.64014406805094,378.44480706583494,42.08785166256727,74.20759509556541,-2.1242485864275378,0.1960856476560296,-0.0072961104800199905,0.0010530253991021254,-2.07668285354613,0.11483021751472999,0.026086574317364084,0.11775605383204535,-0.7274170800719311
1235,10.227304000000004,214.63709442765727,378.43316984507203,42.08725367185556,74.2053132035952,-1.9521690532230078,0.1960856476560296,-0.00789410119173084,0.003334917369315349,-2.0549178695373516,0.13554935277336258,0.05251935718484157,0.14536818742897797,2.701878212664073
1236,10.231338300000061,214.63170860447292,378.43438041292814,42.08619758922829,74.20555057857729,-1.9703776583008517,0.1960856476560296,-0.008950183818996038,0.003097542387223484,-2.0636044235168454,0.08962154105240437,0.024233391142741666,0.09284006606463027,2.022631436188246
1237,10.244244299999991,214.63976919213385,378.43436262032185,42.087778154780274,74.20554708970256,-2.0909566351757953,0.1960856476560296,-0.0073696182670133226,0.003101031261948606,-2.0783812850939944,-0.06039174440778235,-0.00978870361179886,0.06117991100855373,-0.616626381437159
1238,10.249275199999829,214.63831677923463,378.43742518877184,42.08749335745627,74.20614761542058,-2.1802701844570342,0.1960856476560296,-0.00765441559101987,0.0025005055439351054,-2.081336657409424,-0.09893494966902869,0.001976461956168414,0.09895468997413624,-1.540368254549819
1239,10.261458900000434,214.6347607743985,378.4409831892828,42.0867960759449,74.20684528825512,-2.198132894313282,0.1960856476560296,-0.008351697102384037,0.0018028327093873031,-2.09320458734126,-0.023567762761367517,0.028147675592403297,0.036711457105803876,-0.14685749491700362
1240,10.266881900000953,214.62808106274025,378.43420514790665,42.08548628035824,74.20551621162204,-1.9669459148001565,0.1960856476560296,-0.009661492689048146,0.0031319093424713174,-2.1086177241088775,-0.0523011057281944,0.029041117998359164,0.05982300723790463,0.2174721630125206
1241,10.278039200000421,214.63462799273583,378.43010737828524,42.086770039366584,74.20471269781189,-2.0297173079600315,0.1960856476560296,-0.008377733680703159,0.003935423152626072,-2.0549022557592758,-0.0915673291959041,0.116086864519789,0.14785376522127164,-0.8695339164805443
1242,10.293915199999901,214.63291160633827,378.42972380502056,42.08643348062819,74.20463748459986,-2.1680223190138816,0.1960856476560296,-0.008714292419099934,0.004010636364654374,-2.0441591620893553,-0.09410381138743017,0.12858396088438453,0.1593403976220656,-1.0104969583446464
1243,10.299189400000614,214.626108150608,378.42122794832545,42.08509942060502,74.2029715690374,-1.9116928427090263,0.1960856476560296,-0.010048352442268538,0.0056765519271095854,-2.0759228968709964,-0.0712248985754686,0.06442548677108287,0.09603972887704736,-1.0882846311316834
1244,10.310186700000486,214.62218713286683,378.42093503883916,42.08433056530177,74.20291413369108,-2.14441742596368,0.1960856476560296,-0.010817207745517976,0.00573398727343033,-2.0943862395304493,-0.10505430485821154,0.04091487376315541,0.11274055997863854,-2.899300297009852
1245,10.315687800000887,214.61862051368547,378.4230590770926,42.083631202469654,74.20333062710765,-2.125764588708361,0.1960856476560296,-0.011516570577633445,0.00531749385686453,-2.11216093931234,-0.1101776005915649,-0.006056871068943315,0.11034395932383523,-2.867377894326857
1246,10.32684479999989,214.61554303735693,378.4256500231794,42.08302775353063,74.20383867444912,-2.1220340212572975,0.1960856476560296,-0.012120019516657976,0.004809446515395166,-2.159474424190593,-0.06663187234655829,-0.07883829602300978,0.1032244318570936,-0.8336099155959799
1247,10.331121799999892,214.61452189825525,378.43066940276753,42.08282752280853,74.2048229027465,-2.2568958179233345,0.1960856476560296,-0.01232025023875849,0.003825218218011628,-2.1558975703849934,-0.06534583110216759,-0.07167550623385983,0.09699204006676576,-0.20365665581156323
1248,10.341847800000323,214.61259577607748,378.43329753868016,42.08244983789383,74.20533824247904,-2.1482602671002917,0.1960856476560296,-0.01269793515345441,0.003309878485467266,-2.1114236547019987,-0.05374148514350196,-0.03767278695790527,0.06563067958359839,0.7126146254464394
1249,10.347895099999732,214.61063795769124,378.43203196523643,42.08206593780758,74.20509008169068,-2.1265331569356833,0.1960856476560296,-0.01308183523970996,0.0035580392738268074,-2.1025288715654,-0.05677840947230622,-0.03485598196333227,0.06662377399121891,0.45270491680372404
1250,10.359641900000497,214.60649783781147,378.4263826250982,42.081254119719574,74.20398232717085,-1.9033950102933868,0.1960856476560296,-0.013893653327713196,0.004665793793662942,-2.0866678836880803,0.005221627595869957,-0.00658949518958012,0.008407546705398086,0.18703060124962173
1251,10.363964699999997,214.60497071189428,378.4270760029542,42.08095467224505,74.20411828861681,-2.0775601055743023,0.1960856476560296,-0.014193100802238234,0.00452983234769988,-2.110617268143866,0.030809441344657653,-0.02855721050928586,0.04200876037258856,-2.496548553643814
1252,10.373698800000057,214.61803573827632,378.4314836613831,42.083516536404815,74.20498256717448,-2.1775908785367357,0.1960856476560296,-0.011631236642472231,0.0036655537900287527,-2.1154071450350234,0.03874475593002108,-0.04563786043288444,0.05986627111294257,-2.1117583736254937
1253,10.379928199999995,214.62098156030152,378.4364994553848,42.08409416982451,74.20596609238983,-2.2680071893792224,0.1960856476560296,-0.011053603222777042,0.002682028574682249,-2.1731632161163796,0.046608509600811206,-0.1065863508147526,0.11633143748451844,-1.8081179840836454
1254,10.389415400000871,214.61982974066132,378.4386460430454,42.08386831452437,74.2063870074215,-2.1504825413914697,0.1960856476560296,-0.011279458522913899,0.0022611135430139484,-2.140955885410776,0.042172216974339226,-0.06845742294083243,0.08040469289930006,-0.05927122837040821
1255,10.396206900000834,214.61879791978447,378.44593470412076,42.08366598925947,74.207816209249,-2.192175365700169,0.1960856476560296,-0.011481783787814948,0.0008319117155082267,-2.1214748684884053,-0.026168282534426608,-0.06602690374928141,0.07102345408045464,1.9747209494936406
1256,10.40588790000038,214.61428276241682,378.4380751677294,42.08278063170277,74.20627506696543,-1.9165234520462837,0.1960856476560296,-0.012367141344519439,0.0023730539990793886,-2.090457083072681,-0.048474069417000776,-0.04612011654156071,0.06690889743263859,3.9783213708127123
1257,10.411050400000022,214.61221555754756,378.4400928275769,42.082375282497146,74.20667070110338,-2.0801857939248816,0.1960856476560296,-0.012772490550140958,0.001977419861134422,-2.0404949810676616,-0.06601441027646335,0.014279464709713328,0.06754113914160152,3.3604619981625903
1258,10.424436600000263,214.61093200217985,378.444076246445,42.082123595711565,74.20745179237201,-2.1129182623006013,0.1960856476560296,-0.013024177335722698,0.001196328592499185,-2.0305025606666574,-0.0626777765091817,0.06478825750716409,0.09014445062758734,2.43735560197824
1259,10.430977800000619,214.60721221807427,378.4354819522363,42.08139419943608,74.20576657462595,-1.9006720313663703,0.1960856476560296,-0.013753573611204217,0.002881546338556973,-2.0285040765864566,-0.06822057697546888,0.10383419396329331,0.12424003766448516,3.470726533921601
1260,10.438212600000043,214.60672859162793,378.43392847145753,42.081299367231125,74.20546195934133,-2.142213263695149,0.1960856476560296,-0.013848405816162312,0.003186161623176531,-2.0411439305516668,-0.05185510142173603,0.12121734552872278,0.13184307490531422,0.6176887759997661
1261,10.443138100001306,214.60373521797533,378.4250256969659,42.08071240961978,74.2037162530392,-1.90653103164528,0.1960856476560296,-0.014435363427509174,0.0049318679253076425,-1.9999133564228335,-0.06526039536701365,0.18714832549282864,0.1982004413169372,0.5896066558510962
1262,10.45372210000096,214.60391384599774,378.42447084074536,42.080747436011244,74.20360745369784,-2.143385063750931,0.1960856476560296,-0.014400337036043709,0.0050406672666696295,-2.048465337300192,-0.03997207325948372,0.12116518147405898,0.12758827470541007,-0.27393936391743035
1263,10.459215200000472,214.60150946735882,378.4168705788387,42.08027597186862,74.20211715141951,-1.9067653916564362,0.1960856476560296,-0.014871801178664157,0.0065309695449968785,-2.0451361826944137,-0.033077332055392754,0.09231994293159143,0.09806672095463889,0.20938790713206756
1264,10.469955600001413,214.6023274400819,378.42082988836205,42.08043636457979,74.20289351519168,-2.1434319357531626,0.1960856476560296,-0.014711408467498188,0.00575460577283593,-2.0882288966951332,-0.006505227780767059,0.009296575188852893,0.011346554486788434,-1.6449188501058727
1265,10.476558600001226,214.60304691739353,378.4242687513874,42.080577443754414,74.2035678268752,-2.1255674906662576,0.1960856476560296,-0.014570329292872941,0.005080294089310655,-2.083807888714027,-0.00019723307725423404,-0.04427128361214465,0.04427172295668772,1.7421544374631703
1266,10.486508699999831,214.60374177085228,378.42734862095233,42.0807136945449,74.20417174509353,-2.1219946016488764,0.1960856476560296,-0.01443407850238998,0.004476375870979155,-2.092769878524056,0.011888907410908091,-0.0822643483660433,0.08311900583810465,1.5836428215908769
1267,10.490963300000658,214.604533465174,378.43319976510134,42.08086893443872,74.20531907048353,-2.1212800238454004,0.1960856476560296,-0.014278838608568378,0.0033290504809855292,-2.0377641807829363,-0.008524099073722423,-0.0031646971486247316,0.009092610904528411,2.37040575323931
1268,10.50189330000103,214.60311777181107,378.42866584703705,42.080591337288766,74.20443003422346,-1.9515753407065803,0.1960856476560296,-0.014556435758521502,0.004218086741047955,-2.0398025920159624,-0.008289979190280468,0.0037301025202867866,0.00909051262510168,1.9913778742200385
1269,10.507093800000803,214.60080690877308,378.420093707853,42.08013821021332,74.20274916075977,-1.8684034470475661,0.1960856476560296,-0.015009562833967038,0.005898960204746118,-2.040210274262568,-0.00823299236686806,0.007706924985167349,0.01127736033120803,1.7111756090819845
1270,10.517799700000978,214.60203735951748,378.4237871598734,42.08037948394445,74.20347339369128,-2.1357595468313884,0.1960856476560296,-0.01476828910283956,0.005174727273228541,-2.0533313614931386,-0.0011776237232332901,0.015935465959839967,0.01597891964404165,-3.220715805448872
1271,10.533673400001135,214.60316894681296,378.42709089397226,42.08060137197216,74.20412120853173,-2.1240330128819025,0.1960856476560296,-0.014546401075129722,0.00452691243278025,-2.0898679324548777,0.00755048847152338,-0.010533808878457007,0.012960362867083125,-3.4133002714945793
1272,10.53888040000129,214.6050311283048,378.4328377869696,42.08096651903604,74.20524809176713,-2.1868854599982557,0.1960856476560296,-0.014181254011248257,0.0034000291973796948,-2.153973342350351,0.03822070656425517,-0.11513690563013954,0.1213150009205562,-1.6316332881002833
1273,10.550034800000503,214.6060688782676,378.435739353969,42.081170006909595,74.20581704741141,-2.134258195515276,0.1960856476560296,-0.013977766137692527,0.0028310735530965303,-2.1667944243294457,0.03869979289899724,-0.1066110218431503,0.11341774089121132,-1.2381773681534718
1274,10.554700100001355,214.60764438631494,378.4404930660313,42.08147894142545,74.20674918211992,-2.1889304965249305,0.1960856476560296,-0.013668831621835409,0.0018989388445902478,-2.1256000958033896,0.022517429956246393,-0.04486969243281233,0.05020282811604978,-0.7255908412874674
1275,10.565808400000606,214.6090567874967,378.4419103758828,42.08175589302593,74.20702709624008,-2.199864956726861,0.1960856476560296,-0.01339188002135927,0.0016210247244288212,-2.117361230098178,0.011437978643586299,-0.01055697591541522,0.015565252838607964,2.9277399133260285
1276,10.572116200000892,214.60690363168862,378.43329253537695,42.08133369007479,74.2053372614031,-1.9180613702516223,0.1960856476560296,-0.013814082972494646,0.0033108595614095293,-2.1157134569571356,0.0122621093700838,-0.03613779778573157,0.03816149571238426,5.837526570293698
1277,10.581709000000046,214.60762419283427,378.4354868301333,42.08147498177371,74.20576753111155,-2.1456911314721996,0.1960856476560296,-0.0136727912735779,0.0028805898529640217,-2.0585858066258025,-0.00912660686557849,0.03181756442611481,0.03310063985618392,3.2896325568703886
1278,10.586800500001118,214.60820487633356,378.4401323886857,42.08158884547375,74.20667845846901,-2.126019329810065,0.1960856476560296,-0.013558927573534163,0.0019696624954974595,-1.9903621808564105,-0.03545924394957656,0.11465814056395285,0.12001602884222903,5.0658368222640355
1279,10.597838499999853,214.60591245565564,378.43225294580424,42.08113933468042,74.20513341280844,-1.903292244868263,0.1960856476560296,-0.01400843836686505,0.0035147081560751303,-2.033515551405657,-0.018731073974861578,0.05083059714919626,0.05417197373915423,4.952099915165228
1280,10.602844099999857,214.60318786122838,378.42231799719326,42.080605080817556,74.20318531197563,-1.8587468278799026,0.1960856476560296,-0.014542692229731813,0.005462808988880852,-1.9853481298123814,-0.03696183112723819,0.11734798746306774,0.12303140705490925,1.8253912458545571
1281,10.613922300000922,214.60413177365672,378.425212983185,42.080790168497394,74.20375297717878,-2.1338282229978556,0.1960856476560296,-0.01435760454989321,0.004895143785731193,-1.9887541962749764,-0.037049157101367386,0.13899070320901868,0.1438438584732046,-2.0016156422528804
1282,10.618513999999777,214.60234214751574,378.4184751818314,42.08043924849648,74.20243179103657,-1.9048540235058211,0.1960856476560296,-0.01470852455080518,0.006216329927937636,-2.0331939544893705,-0.020398074628400348,0.08323185391191748,0.08569494124019553,0.5797000485595694
1283,10.629966500000592,214.60362279884183,378.4226043301258,42.08069036584118,74.20324145775415,-2.1430496621230395,0.1960856476560296,-0.014457407206108996,0.0054066632103655365,-2.0988800018353744,0.0070054318289079895,-0.01494578534631566,0.016506137486632693,-1.9709998363897772
1284,10.634819300001254,214.60467538354834,378.42603987647675,42.08089676259507,74.20391511908542,-2.125491035940233,0.1960856476560296,-0.014251010452220214,0.004733001879088761,-2.0552191156014503,-0.010549861176415258,0.047235109409718964,0.0483989166385959,-1.6633169829078094
1285,10.646007000001191,214.60640337347496,378.43184261072076,42.081235596618974,74.20505295198784,-2.1871770646099216,0.1960856476560296,-0.013912176428313217,0.0035951689766733352,-2.09024548327654,0.006217328261245002,-0.025321058556294615,0.02607318885597572,1.1411013390049574
1286,10.650909100000717,214.60462666123982,378.4253510945747,42.080887208849646,74.20378005884007,-1.9155237918282344,0.1960856476560296,-0.014260564197641656,0.00486806212444435,-2.084211206030308,0.006773236168090155,-0.03035258358558249,0.031099132761356806,3.471310396110564
1287,10.66126070000064,214.6050179018822,378.42931293233505,42.0809639255244,74.20455691836321,-2.079985861881272,0.1960856476560296,-0.014183847522886595,0.004091202601301802,-2.0392458056591867,-0.00897731587327389,0.024328239869349143,0.025931746092948012,0.9669361616081944
1288,10.667032500001369,214.60574513709165,378.43213444646267,42.08110652591144,74.2051101767883,-2.1128782758918794,0.1960856476560296,-0.014041247135850199,0.0035379441762160013,-2.0051025791005874,-0.018170590074070223,0.058939996990311334,0.06167733448243211,0.8062717063179744
1289,10.677509600000121,214.60380978891158,378.42494340165473,42.08072703191011,74.20370011610981,-1.900664034084626,0.1960856476560296,-0.014420741137179505,0.004948004854696819,-2.0420324787107424,-0.001295183856254308,-0.0008900423169302691,0.0015715204572096355,-0.02808714465919382
1290,10.682701499999894,214.60339461641735,378.42305408771836,42.08064562254269,74.20332964876297,-2.0164609318169253,0.1960856476560296,-0.014502150504597466,0.005318472201537361,-2.0624580094140237,0.011972289104218053,-0.03428686269899202,0.03631700235612114,-4.924938430390461
1291,10.693312999999762,214.60411479790315,378.42519101216396,42.08078683979576,74.20374866897689,-2.10017328987901,0.1960856476560296,-0.014360933251523988,0.00489945198762598,-2.09366469758593,0.015476452076614177,-0.03369451118026151,0.03707884373273394,-6.627294137870149
1292,10.697899500000858,214.60583979566718,378.43085219640034,42.08112508709953,74.20485874595437,-2.182113515397677,0.1960856476560296,-0.014022685947757907,0.0037893750101432033,-2.186038847720311,0.048973011948673734,-0.09794682010760627,0.10950769593282805,-6.173055885316559
1293,10.709680100000696,214.60837675799883,378.4364331418735,42.08162254900141,74.20595308926201,-2.2689117167514103,0.1960856476560296,-0.013525224045878304,0.0026950317025011827,-2.2166242734503125,0.05431268557725415,-0.11773022508316315,0.1296544396183406,-5.405814174232101
1294,10.714559600000939,214.61164313969502,378.44107850031213,42.0822630395718,74.20686397738004,-2.362534784756532,0.1960856476560296,-0.01288473347548802,0.0017841435844729858,-2.2227413585963127,0.05168235533128318,-0.11669434135953148,0.12762693743063755,-3.7126020841769276
1295,10.727055400000609,214.6123452942011,378.44283493269523,42.082400721992876,74.20720838856144,-2.1693880604669316,0.1960856476560296,-0.012747051054411429,0.0014397324030710479,-2.2239647756255128,0.03946050466565364,-0.08193531310425693,0.09094243762930863,1.5857442384728464
1296,10.731919800000469,214.61234917145066,378.44368602809567,42.082401482265865,74.20737527615425,-2.1307587156090113,0.1960856476560296,-0.012746290781421976,0.0012728448102592438,-2.1970878770001026,0.031171589715301977,-0.08092557299746456,0.08672148736240105,2.090868776462174
1297,10.7413446999999,214.6129566776283,378.44696581854737,42.082520605508165,74.20801839598916,-2.1882306005436774,0.1960856476560296,-0.012627167539122297,0.0006297249753544065,-2.1372276339937706,-0.005215138375721872,-0.02451579091934988,0.025064350633503457,1.7160524107628774
1298,10.756458500000008,214.61301700143832,378.45373669389465,42.08253243414153,74.20934606746683,-2.1345272236243606,0.1960856476560296,-0.012615338905760609,-0.0006979465023135845,-2.138295136173754,-0.006577002625789097,-0.023442391792889518,0.02434753984514597,1.2373422301668011
1299,10.760695800001486,214.61192200548652,378.4516757506221,42.082317721151135,74.20894194607044,-2.063233569724872,0.1960856476560296,-0.012830051896152384,-0.00029382510592768085,-2.151548187391001,-0.0019257887701496224,-0.034055623968145196,0.034110030581149295,0.39136162115164935
1300,10.773533800000223,214.61219757290485,378.45312889859304,42.08237175596683,74.20922688753147,-2.1747255713668494,0.1960856476560296,-0.012776017080454949,-0.0005787665669600983,-2.1835335144313253,0.0027785003221221984,-0.024212094253823115,0.024370998588405184,-1.3075387984570637
1301,10.777944700001171,214.6127242284313,378.45509435843735,42.082475025556825,74.20961228599798,-2.197023971695245,0.1960856476560296,-0.012672747490462655,-0.000964165033465747,-2.1778199841362653,-0.005976638583172862,0.030982996904549875,0.031554180482801605,3.0605801798116476
1302,10.789146300001448,214.61478994382657,378.4561808161718,42.082880082697976,74.2098253247665,-2.348157235745299,0.1960856476560296,-0.012267690349311522,-0.0011772038019870479,-2.2018274245616283,0.00414053293015839,0.010419300732997405,0.011211861607706649,3.991510086068555
1303,10.793419700001323,214.61385297301717,378.45208078753905,42.08269635616998,74.20902136799663,-2.10595957214906,0.1960856476560296,-0.012451416877304666,-0.0003732470321153869,-2.108795660693576,-0.04478956196093211,0.08731904489450784,0.09813623419482354,6.586530492685351
1304,10.80560510000032,214.61384761215078,378.45254351231443,42.08269530498102,74.2091121016839,-2.1832707718516873,0.1960856476560296,-0.012452468066264544,-0.00046398071938824614,-2.0901893079199656,-0.05116345044733794,0.10407807129857917,0.11597389183307306,5.810734623117938
1305,10.810002000000168,214.60845610469784,378.44441944741453,42.08163810775027,74.2075190891564,-1.7095667520265876,0.1960856476560296,-0.013509665297014806,0.0011290318081051964,-2.044093769787118,-0.058776462221298224,0.08812410676899675,0.10592700649544118,8.424928600332223
1306,10.821618500000113,214.60795509062757,378.44463147318174,42.08153986608182,74.20756066436628,-2.1039922078271927,0.1960856476560296,-0.01360790696546843,0.0010874565982277318,-2.074106839894924,-0.04488652389428995,0.04366113882223813,0.06261864794585885,2.5283137159948916
1307,10.826266800000667,214.6079099457526,378.44697329798294,42.08153101381977,74.20801986259912,-2.1176795450810637,0.1960856476560296,-0.01361675922751715,0.0006282583653955953,-2.02331135821336,-0.06622647722502056,0.13361011265994066,0.14912279668326436,1.4520795593395233
1308,10.837633700000879,214.60944361192642,378.4489549333824,42.08183174374476,74.20840843285985,-2.2560249226880877,0.1960856476560296,-0.013316029302529842,0.00023968810465646584,-2.1109855138301725,-0.01682346958984773,0.060036782181807774,0.06234937324293134,-0.7071460285242086
1309,10.842183200000363,214.60696600552066,378.4386928959433,42.081345920688044,74.20639619460232,-1.9292933634438676,0.1960856476560296,-0.013801852359243583,0.0022519263621916252,-2.1285203449535346,-0.006779496663186542,0.0382519675096899,0.0388480963931121,2.8045172478491156
1310,10.853406100000939,214.60734223990556,378.4390112977163,42.08141969485108,74.20645862862021,-2.1479375301106485,0.1960856476560296,-0.013728078196209026,0.0021894923442999925,-2.132027311178207,-0.0055375380137466556,0.05731685455785993,0.05758373158853599,0.07076233646889396
1311,10.858092600001328,214.60834038175375,378.4417001510892,42.08161541614183,74.20698587417527,-2.191666363444005,0.1960856476560296,-0.013532356905457732,0.0016622467892375425,-2.0618485774700166,-0.03481580070249762,0.1546912211231202,0.15856075766443,1.9463106763139828
1312,10.868936300001224,214.608578473124,378.441891712577,42.08166210244237,74.20702343663368,-2.1352143762044262,0.1960856476560296,-0.013485670604914901,0.00162468433083518,-2.091571375650253,-0.014456296535640031,0.07137566307984934,0.07282492560665288,2.740567210234236
1313,10.873198500001308,214.60597152257787,378.43205190763643,42.081150916856124,74.2050939921091,-1.9051312541471352,0.1960856476560296,-0.013996856191162976,0.0035541288554128414,-2.084476384505051,-0.013757148857165637,0.06857487521652682,0.06994120856576928,2.8145041288324903
1314,10.885321499999918,214.60566310769525,378.43046170737784,42.08109044112412,74.2047821766615,-2.077907354345052,0.1960856476560296,-0.014057331923169158,0.003865944303015567,-2.0830573862760104,-0.017849659323320978,0.07743497183894815,0.07946562276643475,-1.2105709578234558
1315,10.890282899999875,214.6059178826367,378.43095679647337,42.08114039883352,74.20487925652743,-2.1124625743846357,0.1960856476560296,-0.014007374213768742,0.003768864437077468,-2.082773586630202,-0.014222233054705135,0.06484125179184526,0.06638267731114665,-1.793081568764342
1316,10.90129909999996,214.60711454145996,378.4347884544894,42.08137504645391,74.2056305896711,-2.1845713722988025,0.1960856476560296,-0.013772726593380469,0.0030175312934090925,-2.1395149224041656,0.013516134378431532,-0.037893135390239086,0.040231524930566684,-2.4323199228866903
1317,10.905612800001109,214.60760825572632,378.43624990903254,42.081471856735575,74.20591715993172,-2.1337953779753853,0.1960856476560296,-0.013675916311711944,0.002730961032796131,-2.1639027403402085,0.02398557996028106,-0.0742948924894127,0.07807073136614277,-2.6063097441982315
1318,10.917311400000472,214.60872732027923,378.4398882829222,42.081691289233206,74.20663059283228,-2.188837933016952,0.1960856476560296,-0.013456483814081821,0.002017528132228108,-2.181819854708667,0.025542859750641873,-0.08217415533920289,0.08605248102148134,-2.858023143911565
1319,10.922070900000108,214.60987683739404,378.44368178752745,42.08191669304115,74.2073744446397,-2.1998464440252654,0.1960856476560296,-0.013231080006136153,0.0012736763248142324,-2.1854032775823584,0.02839755642647313,-0.09242855477522932,0.09669260027960926,0.3752815716831508
1320,10.933521400000245,214.61091952673132,378.4471249756905,42.08212114945516,74.20804960442064,-2.2020481462269283,0.1960856476560296,-0.013026623592125475,0.0005985165438744389,-2.1991595129383468,0.02661955124719984,-0.08822491442093247,0.09215332893164065,2.1696824190287085
1321,10.93842770000083,214.61180962411447,378.45011437380543,42.08229568477701,74.20863578248611,-2.202488486667261,0.1960856476560296,-0.012852088270278728,1.2338478398987718e-05,-2.14511266430642,-0.0007766949936109657,0.008232374324641481,0.008268932345479471,5.1661193448326195
1322,10.949264000000767,214.61255857668291,378.4526241134709,42.082442543626456,74.20912790641387,-2.2025765547553275,0.1960856476560296,-0.012705229420831188,-0.0004797854493574505,-2.1091531480956593,-0.0154830897845037,0.05789071964595005,0.059925466125854955,5.545185897431063
1323,10.954021400000784,214.60969024231525,378.4424025493638,42.08188010442428,74.20712360439586,-1.9186036898573156,0.1960856476560296,-0.013267668623008433,0.0015245165686508244,-2.045163149150382,-0.026324221422358872,0.09535224844425938,0.09891923936661232,5.980082241390544
1324,10.965223799999876,214.60819496048117,378.437146352673,42.08158690111742,74.20609293966353,-2.0200488629714632,0.1960856476560296,-0.013560871929868767,0.002555181300976983,-2.0323651493613264,-0.029310212265950687,0.10479643551664265,0.1088181117280985,1.4845944672738964
1325,10.98125390000132,214.60522333118473,378.42665414187917,42.08100420726223,74.2040355677147,-1.8820981515005426,0.1960856476560296,-0.014143565785055046,0.0046125532498138,-2.0167659986222652,-0.03051573276081986,0.10831304556491617,0.11252966624618319,0.4152502961642563
1326,10.98593720000099,214.6057163857747,378.42837984406356,42.08110088819084,74.20437395314518,-2.1384984877219835,0.1960856476560296,-0.014046884856448116,0.00427416781933232,-2.070444264177578,0.0030252910442555812,-0.010990840918039101,0.011399603939966318,-4.817386706678921
1327,10.997201000000132,214.6061486399007,378.4299785669729,42.08118564702109,74.20468743976228,-2.124580801060022,0.1960856476560296,-0.013962126026200394,0.003960681202229921,-2.0932905129917656,0.009889742318850491,-0.03543252304791422,0.036786827706044925,-5.032502042616317
1328,11.002028300001257,214.60736678033652,378.4342921270948,42.081424506877376,74.20553326699249,-2.1869950176338797,0.1960856476560296,-0.013723266169911597,0.003114853972022047,-2.1546578584577283,0.026310264858118562,-0.09338224863190211,0.09701790760707392,-5.777917497583938
1329,11.013486800000464,214.6078429768224,378.43605716263306,42.08151788217373,74.20587936512914,-2.134280107042401,0.1960856476560296,-0.013629890873559702,0.0027687558353761688,-2.153891776769671,0.02324956230195404,-0.08291480930323086,0.08611276182438687,-3.3001371003915008
1330,11.018165999999837,214.60893477374663,378.4399087608731,42.08173196788072,74.20663460826455,-2.1889348788303553,0.1960856476560296,-0.013415805166566486,0.002013512699960529,-2.1667781112133095,0.02925113872984185,-0.1041498616343119,0.10817958585351845,-3.3597091511269412
1331,11.029448900000716,214.60924205525305,378.44105476590187,42.08179222137392,74.20685932340284,-2.1346680792816963,0.1960856476560296,-0.013355551673370769,0.00178879756167305,-2.156315827320787,0.01977989757974895,-0.07086777233796421,0.07357639230358391,-0.40998717075988006
1332,11.034155000001192,214.61014285023904,378.44427095465903,42.08196885434215,74.20748997185827,-2.1890124732782144,0.1960856476560296,-0.013178918705136766,0.0011581491062457872,-2.167262921323533,0.02422498267006723,-0.08634460121841357,0.08967853670155376,-0.7769766530483573
1333,11.045432099999744,214.61026505215938,378.44477745546163,42.08199281638485,74.20758928939618,-2.134683598171268,0.1960856476560296,-0.013154956662440043,0.0010588315683293104,-2.144302193639707,0.012422761814542597,-0.04496576543820045,0.046650241934465035,-0.2556158640905556
1334,11.05020979999972,214.61100513633085,378.447398892674,42.08213793626893,74.20810331560976,-2.1890155770561286,0.1960856476560296,-0.013009836778358874,0.0005448053547496556,-2.1527495988841916,0.01568133474705613,-0.056289724818135316,0.05843318731295281,-0.45586210839105185
1335,11.061690600001384,214.6102288536628,378.444735465356,42.0819857183792,74.20758105573913,-2.074131240411226,0.1960856476560296,-0.013162054668086398,0.0010670652253850221,-2.1544390799330886,0.010766945027367811,-0.03859813574908572,0.040071725549659196,0.00814832506109336
1336,11.066259100000025,214.61073287259538,378.446518644171,42.08208454925803,74.20793071151195,-2.17690510550412,0.1960856476560296,-0.013063223789259837,0.0007174094525623786,-2.154776976142868,0.010342228358285792,-0.0599384045440373,0.06082412372323667,-1.4773809013691381
1337,11.077341800000795,214.61146541419376,378.449093039949,42.08222819015178,74.2084355135754,-2.1974598785226993,0.1960856476560296,-0.01291958289550621,0.00021260738911621502,-2.154844555384824,0.005967685667983702,-0.04552647912346938,0.045915940299764646,-1.2085039475221764
1338,11.082008999999744,214.6114654441246,378.45184235178414,42.082228196020786,74.2089746141672,-2.136373079220165,0.1960856476560296,-0.012919577026501372,-0.00032649320269229065,-2.18000821771759,0.01332029320128073,-0.06903877493789141,0.07031203777371915,-0.6672475929538372
1339,11.093886900000143,214.6119804357382,378.4539945234929,42.082329178484876,74.20939662415059,-2.189353473265908,0.1960856476560296,-0.012818594562411079,-0.00074850318607389,-2.1850409501841432,0.010804277733759613,-0.058737629883885964,0.059723040626918744,-0.6076232191893065
1340,11.098588900000323,214.61254405912985,378.45572275196696,42.082439696942664,74.20973550495022,-2.199949552075057,0.1960856476560296,-0.01270807610462299,-0.0010873839857055145,-2.1730079458962037,0.00484379478581206,-0.03487382047059973,0.03520860267239643,-0.5858625268159444
1341,11.109325000001263,214.61303973182348,378.45709322461283,42.08253689124382,74.21000423496658,-2.2020687678368867,0.1960856476560296,-0.012610881803468033,-0.001356114002064146,-2.170601345038616,0.0028267711146340757,-0.0037306233604549616,0.0046806180780001524,0.4941273179150585
1342,11.11401140000089,214.61263722177424,378.4553301298837,42.08245796480013,74.20965851739473,-2.1372948570830026,0.1960856476560296,-0.012689808247159817,-0.0010103964302174973,-2.1701200248670984,0.003011260890745223,-0.0006076396716071918,0.0030719567253857287,1.1258798514602542
1343,11.125537200001418,214.61204449831465,378.45296674877955,42.08234174023667,74.20919509228027,-2.1243400749322254,0.1960856476560296,-0.012806032810615875,-0.0005469713157566503,-2.1700237608327946,-0.00034160406163576433,0.01029545450972045,0.010301120176788988,0.6601832037099609
1344,11.130311800001436,214.61227397247904,378.4534516481324,42.08238673682682,74.20929017408392,-2.18694687240832,0.1960856476560296,-0.012761036220467759,-0.0006420531194066825,-2.156964957244684,-0.0059161614209715845,0.030344466547232257,0.030915814981900283,0.08377896973239118
1345,11.141635699999824,214.61266321968225,378.45446551213075,42.08246306261675,74.20948897826267,-2.199468231903539,0.1960856476560296,-0.012684710430534096,-0.0008408572981579709,-2.154353196527062,-0.004243531848535955,0.012734000578172628,0.013422456305551523,0.018061611178237645
1346,11.146345200000724,214.6122112150768,378.4526590416069,42.08237443100095,74.20913475532004,-2.136774749896333,0.1960856476560296,-0.012773342046337177,-0.00048663435552498413,-2.1668703951647874,-0.00017211366350540144,-0.0036700543819150507,0.0036740879520472986,-0.00490017217857415
1347,11.15742820000014,214.61173200298794,378.4534662740736,42.08228046438814,74.20929304202107,-2.124236053494892,0.1960856476560296,-0.012867308659146204,-0.0006449210565619978,-2.169373834892333,-0.0007712135753428617,-0.0027648935426442577,0.0028704366707783388,-0.5536302776030758
1348,11.162131400000362,214.61197841090325,378.4544691686161,42.082328781443806,74.20948969524697,-2.1869260681208536,0.1960856476560296,-0.012818991603481322,-0.0008415742824610106,-2.1698745228378415,0.0010492606989481413,-0.005912567591539897,0.006004948254471893,-0.07197053792248342
1349,11.173784200000227,214.61236044745237,378.4553836495759,42.08240369332797,74.20966901183824,-2.199464071046046,0.1960856476560296,-0.01274407971931879,-0.0010208908737325828,-2.1699746604269436,0.0039168236598447325,-0.03476474231294428,0.03498469401992446,0.5017570808634235
1350,11.178365800000392,214.61273061479278,378.4561615862221,42.08247627783065,74.20982155404934,-2.2019716716310844,0.1960856476560296,-0.012671495216636686,-0.0011734330848298669,-2.157884092241639,-0.006182128121504236,0.007207450368021458,0.00949558049400805,0.5683429481305026
1351,11.18983819999994,214.61246838978218,378.4602012852274,42.082424859269615,74.21061368104515,-2.1372754378418417,0.1960856476560296,-0.012722913777672318,-0.001965560080634532,-2.1554659786045782,-0.007889042179673306,0.017678546283703675,0.01935892520822676,0.5914362620858498
1352,11.19435599999997,214.61110965115648,378.45569515773263,42.0821584301262,74.2097300941169,-2.0637832125683686,0.1960856476560296,-0.01298934292108811,-0.0010819731523952214,-2.1549823558771655,-0.00816308890550968,0.019988159710273925,0.021590797787082186,0.7447261569789698
1353,11.205091600000742,214.61120484198835,378.4551179422652,42.08217709568212,74.20961691044813,-2.174835499935549,0.1960856476560296,-0.01297067736516766,-0.0009687894836218902,-2.1548856313316835,-0.0077810787268293696,0.022748233611099993,0.024042198705157895,-0.7045045408932069
1354,11.221097200001168,214.61161773881742,378.4554314020702,42.08225805882426,74.20967837541701,-2.197045957408985,0.1960856476560296,-0.012889714223028648,-0.001030254452501822,-2.142755690719462,-0.010923912787096451,0.05392353368795161,0.05501889998878332,-0.5956359230944822
1355,11.22602950000146,214.61206428577856,378.45592175432614,42.082345620274346,74.2097745264567,-2.201488048903672,0.1960856476560296,-0.01280215277294161,-0.0011264054921866773,-2.1654798490813927,0.0012129198638365802,0.04327054003180292,0.04328753641915821,-0.5468122672484464
1356,11.237279000000854,214.61090562832942,378.4509402774487,42.08211842417802,74.2087977303369,-2.0766257347807344,0.1960856476560296,-0.01302934886926721,-0.00014960937238583938,-2.156985129972529,-0.00041434026436509407,0.049312560625940874,0.049314301306434105,-0.5427569418208726
1357,11.24211699999978,214.61094784262923,378.4474289780536,42.08212670179634,74.20810921492091,-2.177404004378022,0.1960856476560296,-0.013021071250946648,0.000538906043601628,-2.155286186150756,0.001895842943136934,0.04187468550451348,0.04191757992259278,-1.795100059140889
1358,11.25371930000074,214.6105692970831,378.44501764490406,42.08205247444776,74.20763638709856,-2.1323619043912294,0.1960856476560296,-0.013095298599530736,0.0010117338659512143,-2.1549463973864014,0.0001421831030541604,0.039966317481526875,0.039966570394130575,-0.7322522950631611
1359,11.258276500000648,214.61095531255202,378.445971208101,42.08212816654099,74.20782336715561,-2.188551238300121,0.1960856476560296,-0.01301960650629752,0.0008247538088994588,-2.1800285861179054,0.008046236770119487,0.009469436373222763,0.012426268602735786,-1.3272562856992083
1360,11.26962420000018,214.61147524781575,378.4476515544667,42.08223011838391,74.20815285896101,-2.199789105081899,0.1960856476560296,-0.0129176546633758,0.0004952620034970323,-2.1720054730829563,0.007186599856464837,-0.03792118497529501,0.03859615897246098,-1.4417659762868296
1361,11.274775300000329,214.61198288666097,378.4493762675229,42.082329659075654,74.20849105043766,-2.202036678438255,0.1960856476560296,-0.012818113971633238,0.00015707052685343115,-2.1834404012572164,0.010982993111352871,-0.06105979098132242,0.06203969868049657,-1.4666078900216544
1362,11.285105800001475,214.61184658226094,378.45436219432213,42.0823029317391,74.20946871912325,-2.1372884392032763,0.1960856476560296,-0.012844841308186972,-0.0008205981587394717,-2.1857273868920686,0.008976108150398397,-0.055979305986997595,0.056694384345484815,-0.36742405461329364
1363,11.289924400000018,214.61215582891484,378.4562037687954,42.08236357056951,74.20982982544655,-2.1895365452625306,0.1960856476560296,-0.012784202477774897,-0.0011817044820361389,-2.186184784019039,0.00985394948157751,-0.05443082252442952,0.05531559238651816,-1.0038852294876843
1364,11.301445200000671,214.61254213105684,378.45712192608556,42.08243931887522,74.21000986291345,-2.1999861664743814,0.1960856476560296,-0.01270845417207056,-0.0013617419489406757,-2.186276263444433,0.007099817339597041,-0.042727211616623594,0.04331306983795281,-0.6080300694531084
1365,11.306720500000665,214.61290192070368,378.45769478816203,42.08250986846114,74.21012219294472,-2.2020760907167514,0.1960856476560296,-0.012637904586149773,-0.0014740719802119884,-2.1993341101107617,0.009596538553595654,-0.026044252771661964,0.027756020151399042,-0.584969144940924
1366,11.3175738000009,214.61320930585953,378.45808977370064,42.082570142278506,74.21019964393987,-2.2024940755652254,0.1960856476560296,-0.01257763076878149,-0.0015515229753617632,-2.2019456794440275,0.00784889465414204,-0.011730639030122674,0.014114284939268334,-0.32538317418131657
1367,11.322497700000895,214.61345781352543,378.45837162555404,42.082618871065115,74.2102549110431,-2.20257767253492,0.1960856476560296,-0.012528901982172158,-0.001606790078582776,-2.2024679933106808,0.007909497383920699,-0.009550624308727839,0.012400587629330776,-0.21522916762753286
1368,11.333250000001499,214.61366871363526,378.4585565294354,42.082660225549745,74.21029116804043,-2.202594391928859,0.1960856476560296,-0.01248754749754255,-0.0016430470759161153,-2.189532905302761,0.0028698585651323162,0.004249983884600461,0.005128201556415948,0.2888624756511368
1369,11.338015799999994,214.61383587958068,378.4586714199565,42.08269300439242,74.21031369642266,-2.2025977358076467,0.1960856476560296,-0.012454768654869497,-0.0016655754581478277,-2.186945887701177,0.0016506720655792052,0.008758255638444207,0.00891244972476273,0.3415894736724926
1370,11.34946839999975,214.61314524919203,378.45588489600476,42.08255758168537,74.20976729906889,-2.1374006506771543,0.1960856476560296,-0.01259019136191597,-0.001119178104374896,-2.1864284841808606,0.00017536507682557772,0.010279243890814147,0.010280739656124456,0.8069309552986473
1371,11.353965500000413,214.61313280888004,378.45553158777074,42.08255514231874,74.209698020395,-2.189558987557306,0.1960856476560296,-0.012592630728548215,-0.001049899430483947,-2.1863250034767976,0.0006961089246429144,0.008157810412587584,0.00818745615943621,0.7858603448000535
1372,11.365300500001467,214.6132784719954,378.45574080709895,42.08258370476505,74.20973904530247,-2.1999906549333366,0.1960856476560296,-0.012564068282237884,-0.0010909243379586542,-2.16115416085161,-0.005560684759305279,0.02667249322741534,0.027245974197280726,1.6855785465413953
1373,11.36988680000104,214.6134293286922,378.4560677701341,42.08261328559815,74.20980315806098,-2.2020769884085425,0.1960856476560296,-0.012534487449137544,-0.0011550370964670265,-2.1561199923265724,-0.010233467666927214,0.042536596623788475,0.04375026757432391,4.418913969438391
1374,11.381352800000968,214.6120021991164,378.4509310050335,42.08233344597099,74.20879591214937,-2.0767435226817086,0.1960856476560296,-0.012814327076299037,-0.00014779118485819254,-2.0983150629184397,-0.022299629500865812,0.08275971953609473,0.08571140328782947,4.909686936053156
1375,11.386338199999955,214.61110754440801,378.4477013181529,42.08215801702306,74.20816261690565,-2.112229808051967,0.1960856476560296,-0.012989756024225585,0.00048550405885805503,-2.029955981333688,-0.051951607920135215,0.18721411972601842,0.19428869290382142,3.633279849407317
1376,11.397122500000478,214.60775964367036,378.4357931273898,42.08150154173863,74.20582759160746,-1.9005343405166433,0.1960856476560296,-0.013646231308655388,0.002820529357052237,-2.003244614235488,-0.05510222137823983,0.19656405972531085,0.20414133431647818,4.12669456617115
1377,11.401882400001341,214.60422186282187,378.42320304258965,42.08080783368969,74.20335885667538,-1.8581952470095786,0.1960856476560296,-0.014339939357597586,0.005289264289132234,-2.0230524873002227,-0.04139365427939656,0.14821683755997328,0.15388848413991774,1.0838883895018103
1378,11.413046499999837,214.60369218445547,378.42133725967085,42.080703971364166,74.20299300342336,-2.0685201529175408,0.1960856476560296,-0.014443801683121649,0.0056551175411527765,-1.9832555169912944,-0.04107273087524077,0.14660581527907257,0.15225056418677568,-2.5320958709958887
1379,11.41784750000079,214.60477283859433,378.425105127906,42.08091587213088,74.20373182830654,-2.1757828880053833,0.1960856476560296,-0.014231900916406914,0.004916292657966892,-2.032094218632634,-0.026485213796263823,0.09475117340931714,0.09838318663408037,-3.3420842224752483
1380,11.430101500000092,214.60267407512708,378.4176700197695,42.08050433473713,74.2022739103122,-1.9132449565073266,0.1960856476560296,-0.01464343831015924,0.006374210652310808,-2.085620503882777,0.009074507297831047,-0.03253859136742455,0.03378026955005872,-2.1469765020261233
1381,11.44519610000134,214.6036027839185,378.42096108404394,42.08068644120197,74.20291924078192,-2.1447278487233405,0.1960856476560296,-0.01446133184531817,0.005728880182587659,-2.109365311714056,0.016015132465616765,-0.057040754657944066,0.059246368326160044,-2.8313386204187014
1382,11.449766100000488,214.6043499452472,378.4237064575344,42.080832948815015,74.20345756912087,-2.1258266732602933,0.1960856476560296,-0.014314824232272372,0.005190551843639923,-2.1010747224990616,0.013237017956630884,-0.0482489160006598,0.05003175531223039,-0.7828113170282458
1383,11.461368100000982,214.60585280613603,378.429016213993,42.08112763826574,74.20449873615495,-2.187244192073934,0.1960856476560296,-0.01402013478154629,0.004149384809565504,-2.0994166046560623,0.012521664753869566,-0.04593888601482919,0.047614843657117774,0.09196394742351009
1384,11.466103800001292,214.60658328820392,378.43167116775606,42.08127087531512,74.20501933448307,-2.134329941930412,0.1960856476560296,-0.013876897732167492,0.003628786481442603,-2.0990849810874628,0.01662815873316145,-0.03700339784868893,0.04056780885386306,0.4071461320555439
1385,11.477519500000199,214.60441986990253,378.4240722719195,42.08084666003634,74.20352930007148,-1.9049543672923324,0.1960856476560296,-0.014301113010944277,0.005118820893031284,-2.099018656373743,0.012589409138442385,-0.02089303572125201,0.02439287117386162,-0.18959965732722897
1386,11.482182800000373,214.60519508588385,378.42402649083147,42.08099866876412,74.20352032305719,-2.1430697308803417,0.1960856476560296,-0.014149104283170288,0.0051277979073205415,-2.0990053914309987,0.019597237494106363,-0.047741104267602606,0.05160682856067123,-2.783629300029803
1387,11.493329300001278,214.60586954173465,378.42614364663365,42.081130919876436,74.20393546692385,-2.1254950496916933,0.1960856476560296,-0.014016853170851107,0.004712654040659459,-2.1120422892237003,0.01860589786518091,-0.04490604558908431,0.04860794550089997,-3.008191476032807
1388,11.497960500000772,214.60729700579498,378.4314336777717,42.08141082509121,74.20497276610567,-2.187177867360214,0.1960856476560296,-0.013736947956076051,0.0036753548588421836,-2.1714477644853654,0.037282473417575596,-0.1139521109910909,0.11989606508746703,-3.6822520372234644
1389,11.509245900000678,214.60875250462257,378.43694472315383,42.08169622752148,74.2060534030087,-2.199514430893918,0.1960856476560296,-0.013451545525803965,0.002594717955815895,-2.1833288595376987,0.03457947401289695,-0.12909224144007878,0.13364335682342093,-3.735946713417479
1390,11.513827800001309,214.6100662389486,378.4419617056908,42.081953831967645,74.20703716127873,-2.201981743600659,0.1960856476560296,-0.013193941079642002,0.0016109596857774022,-2.1987446293294153,0.04016969907161435,-0.15242076568000623,0.15762517100381976,-3.5281787249950503
1391,11.525434799999857,214.6111957589559,378.4463287442938,42.082175314629815,74.20789347487154,-2.2024752061420068,0.1960856476560296,-0.01297245841747241,0.0007546460929717114,-2.201827783287758,0.03089349737160831,-0.11859262166425706,0.12255047161496843,-0.964974442007287
1392,11.530150700000377,214.61215334037374,378.45002975687424,42.08236308260232,74.20861919032036,-2.2025738986502765,0.1960856476560296,-0.012784690444966884,2.8930644148772444e-05,-2.2024444140794266,0.0311887625388923,-0.12068886674808899,0.12465368612939366,-0.1922680126335713
1393,11.541151900000841,214.61294205213446,378.45310649927717,42.08251773765873,74.2092224953471,-2.2025936371519306,0.1960856476560296,-0.012630035388554006,-0.0005743743825945558,-2.2025677402377606,0.021971064396348935,-0.09487866684980045,0.0973893684849837,1.477694355040503
1394,11.5457822999997,214.61357410556292,378.455615186831,42.08264167426461,74.20971441297087,-2.202597584852261,0.1960856476560296,-0.012506098782679942,-0.0010662920063566617,-2.189552854688177,0.014375089680297014,-0.07224191294155285,0.07365824589800848,2.648649277787342
1395,11.557697500000359,214.61418988259192,378.4608199954382,42.08276241930215,74.21073500123754,-2.2025983743923274,0.1960856476560296,-0.012385353745138161,-0.0020868802730262814,-2.130151781875136,-0.005235250984266574,-8.901944225007258e-05,0.005236007766358129,3.779076687527531
1396,11.56215610000072,214.61376017816752,378.459923931965,42.08267816043179,74.21055929605106,-2.1374007783940905,0.1960856476560296,-0.012469612615497283,-0.0019111750865477006,-2.1052320165312772,-0.016329549747920294,0.04169378505361887,0.04477751564197344,6.695234482958728
1397,11.573345700000573,214.61043696226648,378.4481184951983,42.08202652548953,74.2082444193368,-1.9055685345850681,0.1960856476560296,-0.013121247557755567,0.00040370162771807827,-2.0434499677593805,-0.03202725201804147,0.10036110110647883,0.10534749872271296,6.371968886899334
1398,11.578092200001265,214.60943449691428,378.4443889377644,42.08182995642169,74.2075131066519,-2.0779948104326387,0.1960856476560296,-0.013317816625594503,0.001135014312609428,-1.9742954623018762,-0.059331697907775954,0.20870488826787834,0.21697460856866907,3.1990502426253333
1399,11.58967180000036,214.60638007808598,378.4333399712575,42.08123102872754,74.20534656289846,-1.8936873409927777,0.1960856476560296,-0.013916744319750762,0.0033015580660560317,-1.9604645612103753,-0.05629373972742737,0.20422901171375774,0.21184540202250682,1.641701161128208
1400,11.594638300000952,214.60317888182618,378.4217886671308,42.08060332008566,74.2030815179475,-1.8568258471048056,0.1960856476560296,-0.014544452961629872,0.0055666030170158365,-2.0144964766952,-0.033731613455551854,0.1264990131548353,0.13091914327347992,-2.010837044408946
1401,11.605489200001102,214.60297367553466,378.4208463367046,42.080563082077084,74.20289674047557,-2.068246272936586,0.1960856476560296,-0.014584690970202985,0.005751380488945301,-2.0383424105734154,-0.020304526299886185,0.07831917932902477,0.08090839041183992,-6.053390277676347
1402,11.610321300000578,214.60431855316102,378.4253257199183,42.08082679327747,74.20377508323413,-2.1757281120091925,0.1960856476560296,-0.014320979769820497,0.00487303773037695,-2.0999096930521834,0.003558657757525915,-0.004578019231386454,0.005798474378501952,-6.908653702680631
1403,11.622568200000387,214.60592506675704,378.4307485442374,42.08114180753641,74.20483842125287,-2.1972244798237135,0.1960856476560296,-0.01400596551087574,0.003809699711638359,-2.169021245251062,0.03402940285474954,-0.11334429875214266,0.11834242822532333,-3.7059534215374157
1404,11.627053199999864,214.60747110433573,378.4359494651609,42.08144496331633,74.20585824720055,-2.201523753386618,0.1960856476560296,-0.013702809730958165,0.0027898737639588944,-2.1828435556908374,0.03805020788568322,-0.12719569240550496,0.13276506500830534,-2.2832845559629598
1405,11.637577400000737,214.60886469380853,378.4406600347472,42.08171822621067,74.20678192228873,-2.2023836080991988,0.1960856476560296,-0.01342954683661901,0.001866198675784858,-2.1288099220756678,0.01793928348006859,-0.05783253553199511,0.060550970742323684,0.35335748228797803
1406,11.642428400000426,214.60927031163573,378.4419521180618,42.081797762045014,74.20703528128229,-2.1373578251354646,0.1960856476560296,-0.013350011002273732,0.001612839682223921,-2.1049636445713835,0.012107947863527129,-0.03785257070782277,0.03974191126074102,1.6583886877683407
1407,11.653221000000485,214.60673957497926,378.43286809543343,42.08130152090869,74.20525403482188,-1.9055599439333428,0.1960856476560296,-0.013846252138598913,0.003394086142634478,-2.100194389070527,0.007978711950548483,-0.0246523874546523,0.025911388453807783,4.348725265692055
1408,11.66908710000098,214.60646165766082,378.4318101635068,42.081247025311306,74.20504658955487,-2.0779930923022936,0.1960856476560296,-0.013900747735981156,0.003601531409643144,-2.0862009871891054,0.004340843718230671,-0.012428209403416882,0.013164471624842468,2.732168551028648
1409,11.673576799999864,214.6075365875109,378.43550533628684,42.081457803627146,74.20577115990265,-2.1776774758823336,0.1960856476560296,-0.013689969420141779,0.0028769610618581964,-2.039643761890946,-0.017825149560902896,0.06536984230714124,0.06775656602964077,1.470084434036544
1410,11.68525950000003,214.60799986953398,378.4370928868061,42.08154864658268,74.2060824557744,-2.1324165986920915,0.1960856476560296,-0.013599126464605149,0.0025656651901044825,-2.0740908617531892,-0.009033064522437016,0.03387336518007273,0.03505711230676414,1.3568309828299412
1411,11.69019930000104,214.60562087802802,378.4286091592015,42.08108216049247,74.20441891855252,-1.9045716986446684,0.1960856476560296,-0.014065612554816198,0.0042292024119916505,-2.0809802817256378,-0.004997374949736764,0.019456060993180146,0.020087609757226035,1.1691726797347493
1412,11.701278500000626,214.605506782007,378.42818195288635,42.081059787900294,74.20433514952553,-2.077795443244559,0.1960856476560296,-0.014087985146993276,0.004312971438977797,-2.0823581657201276,-0.009752450652224146,0.03560375116603594,0.036915273137511424,-1.9158586492277967
1413,11.706171300000278,214.60592457758185,378.4296544359755,42.081141711616176,74.20462388232573,-2.112440192164537,0.1960856476560296,-0.01400606143111105,0.004024238638777433,-2.0826337425190258,-0.0061753524838312505,0.022524391437931533,0.023355581515961534,-1.8357445641360135
1414,11.717417400001068,214.6072535442978,378.4342797588962,42.081402302915386,74.20553084176625,-2.1845668958547826,0.1960856476560296,-0.013745470131901527,0.0031172791982641,-2.1394869535819305,0.016749684419288757,-0.05904453321112564,0.061374333644166626,-1.5966347601646251
1415,11.721880000000965,214.60783755599633,378.4363745051537,42.08151681922753,74.20594159144284,-2.1337944826865813,0.1960856476560296,-0.013630953819756542,0.0027065295216743834,-2.1508575957945113,0.020250763210136368,-0.07158900481797882,0.07439811167913879,-1.5909649285882563
1416,11.733300500000041,214.60901352718267,378.4405145247259,42.08174741029923,74.20675338986196,-2.1888377539591914,0.1960856476560296,-0.013400362748058114,0.0018947311025527824,-2.1531317242370274,0.01738320460863557,-0.061648961288041954,0.06405287058641622,-0.8104444550981105
1417,11.738037400000394,214.60938762862185,378.44184707600573,42.08182076622222,74.20701468404269,-2.134648654307463,0.1960856476560296,-0.013327006825065268,0.0016334369218213851,-2.1535865499255307,0.019981925221998605,-0.07099008794094964,0.07374869437109588,2.9783346027772364
1418,11.74939059999997,214.6095269303488,378.44238620747797,42.08184808129157,74.2071203999866,-2.123810834377118,0.1960856476560296,-0.013299691755719323,0.0015277209779185341,-2.109918970141356,0.0059675457040044184,-0.021010291963141782,0.021841336271067338,3.4891223504750766
1419,11.754109000001336,214.61039717448173,378.44545067784605,42.08201872367599,74.20772129864345,-2.1868410242972987,0.1960856476560296,-0.013129049371293888,0.0009268223210625592,-2.0443873584813965,-0.023200001842306743,0.08223745037996423,0.08544728392687573,4.0346074337839966
1420,11.76532589999988,214.6078567093919,378.43642065285997,42.081520574933506,74.2059506403457,-1.9154565837657098,0.1960856476560296,-0.013627198113780992,0.0026974806188064804,-2.044320586930654,-0.024218661345457936,0.08618666844359507,0.08952477520090271,5.091261869298145
1421,11.770121200001086,214.6047840015667,378.42553430139856,42.08091806102955,74.20381598306878,-1.861179695659392,0.1960856476560296,-0.014229712017737484,0.004832137895732558,-2.032196636917381,-0.026256844546323904,0.09307621198680803,0.0967088575226853,4.842772633504801
1422,11.781538200000796,214.60538911562605,378.4275963439043,42.08103671521178,74.20422032000901,-2.1343147965537534,0.1960856476560296,-0.014111057835506813,0.004427800955497219,-1.9729737512116015,-0.041216373235890884,0.14578368970095354,0.15149809769612346,1.3377728626645111
1423,11.786087100001168,214.60520851547878,378.42701322171825,42.081001302114935,74.2041059781175,-2.063191084310751,0.1960856476560296,-0.014146470932352884,0.004542142847014929,-1.9611291740704455,-0.05268733483181473,0.1861836530856787,0.19349498166104492,0.9857186683781547
1424,11.79746890000024,214.60296609981697,378.41910834693346,42.08056159658757,74.20255594562568,-1.8907265957684003,0.1960856476560296,-0.014586176459715716,0.006092175338835659,-2.0025188035640893,-0.025979321208147305,0.09137836202283377,0.09499963250672164,1.0280498612860653
1425,11.80218750000131,214.60051722075502,378.4104487786279,42.08008140655068,74.20085792856607,-1.85623369805993,0.1960856476560296,-0.015066366496604644,0.007790192398445583,-2.010796729462818,-0.012651524118655388,0.043982895545907646,0.045766321275880824,-1.5652342718449441
1426,11.813133800000287,214.60095785743485,378.41206043684446,42.08016780907943,74.20117395161125,-2.068127843127611,0.1960856476560296,-0.014979963967860499,0.0074741693532587306,-1.9808043654238139,-0.015789151955961853,0.055482617398227366,0.05768551077043988,-2.5634822548119724
1427,11.817987800000992,214.60286473901692,378.4188033782541,42.08054172118945,74.20249614564467,-2.1757044260473974,0.1960856476560296,-0.014606051857839475,0.006151975319838243,-2.018564437537888,-0.0019348662238076655,0.0062618021200826005,0.006553920437043975,-2.664296328624403
1428,11.829683800000566,214.60146462835775,378.4138744285479,42.080267179584055,74.20152964934927,-1.9132292641157296,0.1960856476560296,-0.014880593463232117,0.007118471615243038,-2.046487545710703,0.017023654721349164,-0.05229385200576503,0.0549950159348333,-1.3881666266908221
1429,11.834181800000806,214.60216745713825,378.4163958532307,42.08040499422067,74.20202406454122,-2.079526956338771,0.1960856476560296,-0.014742778826615677,0.006624056423291336,-2.065111718126516,0.03050992018457717,-0.09660348479691258,0.10130690255148753,-1.4736958251136831
1430,11.845653800000946,214.60175951565174,378.4124714608663,42.08032500275008,74.20125454752278,-1.9958492389240043,0.1960856476560296,-0.01482277029720791,0.00739357344173186,-2.0120384569065535,0.010316613467015786,-0.026024881219334595,0.027995123788050767,-0.10799794719067413
1431,11.850244299999758,214.60352291724303,378.4183339296697,42.080670780493186,74.20240409351496,-2.161248705206676,0.1960856476560296,-0.014476992554101287,0.0062440274495543235,-2.001423804662561,-0.024296346647383456,0.012123510560937106,0.027153120791742796,1.151063910840162
1432,11.861727299999984,214.60212126886154,378.4136197373002,42.08039593736252,74.20147970805101,-1.910338119947585,0.1960856476560296,-0.014751835684769787,0.007168412913500788,-2.0123404249950125,-0.025848017706856886,0.012541953500755858,0.028730134301619775,2.2825668032376747
1433,11.866381400001046,214.59745643415874,378.4071311306141,42.07948123022861,74.20020738540659,-1.860156002895767,0.1960856476560296,-0.01566654281867841,0.008440735557925905,-1.9941526553115025,-0.026844150530921238,0.008974706660990001,0.028304659994028848,0.8444763801992528
1434,11.87737510000079,214.59873926112758,378.4131765204465,42.07973277418563,74.2013927995872,-2.1341100580010286,0.1960856476560296,-0.015414998861658091,0.007255321377314772,-1.9774755505935506,-0.031032586676650736,0.028799505465838104,0.042337134420277894,0.047115863801254876
1435,11.89314000000013,214.59777822958853,378.4092175920257,42.079544329693874,74.20061651054378,-1.9049103905064557,0.1960856476560296,-0.015603443353413127,0.008031610420729862,-2.017898674571835,-0.02012385767330269,-0.005251421464341533,0.020797766107240715,1.2195333063306255
1436,11.897968100000071,214.59911725637176,378.4129428257408,42.07980689362789,74.20134697540948,-2.077863181616916,0.1960856476560296,-0.01534087941939788,0.007301145555032917,-2.025983299367492,0.011096582538753685,-0.022716885210004235,0.02528222730860322,-2.1087042202418043
1437,11.909203400000479,214.60087108045036,378.41808555995084,42.08015079335822,74.20235539177779,-2.112453739839008,0.1960856476560296,-0.014996979689065881,0.00629272918672541,-1.9708021286234987,0.0015228622154364792,0.01988084857490642,0.019939088479305235,-1.8597320969798075
1438,11.913903200000277,214.599901913179,378.4136263094213,42.07996075356613,74.20148099674964,-1.9005791268740517,0.1960856476560296,-0.015187019481160746,0.007167124214873866,-2.030646021427825,0.025456034707037643,-0.011897380871162634,0.028099063589369158,0.7183467600314279
1439,11.925413599999956,214.5984351035389,378.4074532082147,42.07967313324786,74.20027054020149,-1.8582042042810603,0.1960856476560296,-0.015474639799428758,0.008377580763024639,-1.9988562550668152,0.012153087781389528,0.03174500133751943,0.03399180272567594,1.2180577480208898
1440,11.930266900000788,214.60110108545504,378.4101671350615,42.080195894038525,74.20080270230494,-2.204129854528087,0.1960856476560296,-0.014951879008762603,0.007845418659570669,-1.9487397568727383,-0.006326092423436796,0.0948472374229562,0.0950579712181808,-2.188980892028002
1441,11.942430200000672,214.60034851355127,378.4060162100349,42.080048325489365,74.19998876548273,-1.9189143498118675,0.1960856476560296,-0.015099447557922474,0.008659355481782427,-1.938716457233923,-0.0035522534705639316,0.07563019990110044,0.07571357633740164,0.6635655985945349
1442,11.946949700000914,214.59892440866125,378.4008128293642,42.07976907895968,74.19896845721391,-1.8618712488686235,0.1960856476560296,-0.015378694087608835,0.00967966375060314,-1.993509893009285,0.01934941938698694,-0.01118373562409844,0.022348959106035217,-1.5665468408196745
1443,11.957517500000904,214.59749263780984,378.3959643157395,42.07948832924498,74.19801773327964,-1.8504626286799748,0.1960856476560296,-0.015659443802306328,0.010630387684869902,-1.9773469981331073,0.004737568171266183,-0.0151682831026431,0.015890920818483825,-4.5461751173127345
1444,11.962348500001099,214.5996981716595,378.404067678056,42.079920802778325,74.19960668632766,-2.13217138315787,0.1960856476560296,-0.015226970268962248,0.009041434636856138,-2.0178729640797464,0.022479875293552852,-0.08668563792616388,0.08955302683817934,-7.113245819898124
1445,11.973692600000504,214.6017029547801,378.411563794514,42.08031391197494,74.20107656717823,-2.123315380147199,0.1960856476560296,-0.014833861072347077,0.007571553786277718,-2.0697367021909496,0.04033084050988031,-0.15274684062092175,0.15798156226568552,-4.425721099989582
1446,11.978199300001506,214.6034630006579,378.4182443421832,42.08065903171079,74.20238652669465,-2.1215441795450647,0.1960856476560296,-0.0144887413364998,0.006261594269858506,-2.1238679947350647,0.05599782907361576,-0.21063732664140705,0.21795375710364961,-4.613975081318723
1447,11.98910160000014,214.60499020084808,378.42405724033097,42.08095849374918,74.20352635259272,-2.121189939424638,0.1960856476560296,-0.014189279298108204,0.005121768371793678,-2.109544106759513,0.03921775135897935,-0.15004289188432574,0.15508353048169296,-3.1508849357243665
1448,11.993972199999916,214.60627608414757,378.42901235695774,42.08121063700877,74.20449797984568,-2.1211190914005527,0.1960856476560296,-0.013937136038514097,0.0041501411188278325,-2.106679329164403,0.03861764447906105,-0.14894528511813587,0.15387014143112349,-2.3380492631854386
1449,12.005587600000581,214.60660899906424,378.4305486825011,42.08127591684582,74.20479923123487,-2.0605519432801107,0.1960856476560296,-0.013871856201468802,0.003848889729638927,-2.119145924426631,0.028939079999673344,-0.11159247990958604,0.11528378864176375,-0.1816718578511528
1450,12.010498700001335,214.60740176148482,378.4336564577346,42.0814313661785,74.2054086213543,-2.108991492171647,0.1960856476560296,-0.013716406868788056,0.003239499610216967,-2.121639243479076,0.02929759033674669,-0.11312310863077331,0.11685540854333433,-0.552112645814505
1451,12.021510700000363,214.6089846871974,378.4394916901173,42.08174175519204,74.20655282667528,-2.1838771558562047,0.1960856476560296,-0.013406017855245977,0.002095294289233607,-2.1351774580708156,0.02351527085338033,-0.08997683871121681,0.09299892186349346,-0.9226523077104022
1452,12.026540099999693,214.6097351854712,378.44236956559575,42.081888917132126,74.20711713675234,-2.133656534686866,0.1960856476560296,-0.013258855915161405,0.0015309842121666861,-2.1378851009891635,0.019354834459985253,-0.07588237392943292,0.07831184003801542,1.5332290132847846
1453,12.037280200000168,214.6109871105768,378.4469571374927,42.082134401677266,74.20801669375892,-2.188810164359248,0.1960856476560296,-0.013013371370021787,0.0006314272055902848,-2.151466180354083,0.01584659541817139,-0.06157495360500369,0.06358136124530181,1.8295585068949813
1454,12.042106300001251,214.61061344634538,378.44586098847475,42.082061131484444,74.20780175466882,-2.07409015787185,0.1960856476560296,-0.013086641562843226,0.0008463662956899043,-2.0973843005239416,-0.010762733737279494,0.03205167802825901,0.033810449596637364,2.713891921082039
1455,12.053211899999951,214.61141266944767,378.4488370732906,42.08221784766408,74.20838532218741,-2.1768968889962452,0.1960856476560296,-0.012929925383204477,0.0002627987771006701,-2.0865679245579134,-0.018006133425142137,0.05891370775265254,0.06160394307257428,2.4368794662594597
1456,12.057974299999842,214.608865893192,378.43999094556875,42.08171846139255,74.20665072350383,-1.913467756705499,0.1960856476560296,-0.013429311654739706,0.0019973974606841693,-2.071365098583458,-0.021802805591595992,0.07205661011233691,0.07528291567511358,4.924500606641622
1457,12.06946919999973,214.608458080964,378.43869494098203,42.081638495267704,74.20639659560507,-2.079574654856725,0.1960856476560296,-0.013509277779583329,0.0022515253594406204,-2.0934746798729416,-0.015324678049922767,0.05099084078234245,0.053243887921751006,2.0966770477812675
1458,12.074156700000458,214.60855067746758,378.43912624989395,42.081656652113075,74.2064811690924,-2.11279603448697,0.1960856476560296,-0.01349112093421212,0.002166951872112577,-2.0410985004277133,-0.037271897819198846,0.12873674300710825,0.13402366719025052,1.632046521377804
1459,12.085504599999695,214.60954657439618,378.4426444164774,42.081851933207325,74.20717103106549,-2.184638064319269,0.1960856476560296,-0.013295839839962298,0.0014770898990263959,-2.074381809460543,-0.017255457986656658,0.059086623149080635,0.06155469003650936,0.7338544387185064
1460,12.090438400000494,214.60714051933147,378.434185579217,42.081380140341665,74.20551237448286,-1.9150159917701037,0.1960856476560296,-0.013767632705622646,0.0031357464816466063,-2.0810384712671084,-0.013767752211217137,0.04708747148284394,0.04905895404100168,0.991343839949661
1461,12.101504000000205,214.6068708842274,378.4332839436324,42.08132726876765,74.2053355766853,-2.0798843018696456,0.1960856476560296,-0.01382050427963577,0.003312544279211238,-2.095409354409672,-0.010629446200540946,0.036996355464792005,0.03849305709095394,-2.014294606694092
1462,12.106023300000743,214.6071124659299,378.43415716754873,42.081374639472244,74.20550680336248,-2.112857963889554,0.1960856476560296,-0.013773133575043062,0.003141317602029403,-2.0982835310381844,-0.010973454513311514,0.03832637619416955,0.039866374504495934,-1.3862597966287207
1463,12.117524700001013,214.60826005007624,378.43817491200434,42.08159966425282,74.20629462538618,-2.184650450199786,0.1960856476560296,-0.013548108794466884,0.002353495578333309,-2.142616911285762,0.010854981710121387,-0.03856065326934685,0.040059388518621446,-1.0874900202557283
1464,12.13318210000034,214.60949680573196,378.44249813473937,42.081842174286564,74.20714234731614,-2.199008947461832,0.1960856476560296,-0.01330559876072357,0.0015057736483754525,-2.1393729916321527,0.009518387629146512,-0.03384643005220844,0.035159359071771035,-0.6044640441731394
1465,12.137667200000578,214.60980599464588,378.4436018286067,42.081902801795,74.20735876584293,-2.1366828930079915,0.1960856476560296,-0.013244971252284188,0.001289355121585345,-2.138724207701431,0.0065644908948758246,-0.023243164479337677,0.024152375363977192,0.18370840818567968
1466,12.149463100000503,214.60911653772396,378.4412227227767,42.081767609187935,74.20689225733541,-2.0636647036015985,0.1960856476560296,-0.013380163859352479,0.001755863629099963,-2.1255549001340364,0.0027216730874040423,-0.009867523083775195,0.010235991217441317,0.7760527622261302
1467,12.154205599999841,214.60901283804426,378.4408568281551,42.08174727516908,74.20682051065157,-2.109614044235945,0.1960856476560296,-0.01340049787820874,0.0018276103129437615,-2.1098814878393073,-3.634087836237935e-05,-0.00022646330121405835,0.00022936060306190026,-0.4614827747536703
1468,12.165298699999767,214.60903268949153,378.44094845996847,42.08175116775297,74.20683847833503,-2.118803912362814,0.1960856476560296,-0.013396605294317965,0.0018096426294818002,-2.1197863561616117,0.00012111530518342734,-0.0004535500566435497,0.0004694428304181904,-0.8091652934269563
1469,12.169835300001068,214.60907198462874,378.4410858088398,42.0817588729654,74.20686541047742,-2.1206418859881877,0.1960856476560296,-0.013388900081885424,0.0017827104870917765,-2.1469174763104477,0.010463884390483874,-0.036404245102457926,0.03787825151742413,0.7319607179222123
1470,12.181421600000249,214.6099172271142,378.4440040571904,42.081924612885594,74.20743763709527,-2.1862072346195127,0.1960856476560296,-0.01322316016169367,0.001210483869243717,-2.165383251121465,0.014217863202152804,-0.04943728606798138,0.051441159471794146,0.21006363969699607
1471,12.185963100000663,214.6108495155188,378.44725131947337,42.082107421261206,74.20807437862314,-2.1993203043457776,0.1960856476560296,-0.013040351786081317,0.0005737423413734177,-2.1253178611617933,-0.009410227830061197,0.034201608513736326,0.03547255858745658,0.4583333175385234
1472,12.197486099999878,214.61170056857696,378.4501917361183,42.08227430055131,74.20865095212534,-2.2019429182910306,0.1960856476560296,-0.01287347249597559,-2.831160827554413e-06,-2.1173047831698586,-0.011982141236541205,0.04313076872343824,0.044764214717641804,1.6600905596088322
1473,12.20208520000051,214.6089378679743,378.44042116401005,42.08173257461436,74.20673508316551,-1.9184769625644562,0.1960856476560296,-0.013415198432930708,0.0019130377989995395,-2.115702167571472,-0.009109609582348412,0.0332193443247583,0.03444575190222541,2.5110138047102524
1474,12.213415199999872,214.60829296919084,378.43818451463534,42.081606119218726,74.2062965083243,-2.0805764960285162,0.1960856476560296,-0.013541653828561095,0.0023516126402114423,-2.1153816444517948,-0.013769292989901934,0.049504156239487396,0.051383410887419115,-0.23116149434747602
1475,12.21833979999974,214.60901293956334,378.44066948070963,42.081747295075516,74.20678377450638,-2.1781941566275784,0.1960856476560296,-0.013400477971771352,0.0018643464581344915,-2.102277989046609,-0.015911848574775282,0.05660585186324911,0.05879973971226982,0.16139700142353341
1476,12.229421699999875,214.60997113039866,378.44399152789225,42.08193518254603,74.20743518027973,-2.1977176887473906,0.1960856476560296,-0.01321259050125434,0.0012129406847805058,-2.1564553536686972,0.01007859861396267,-0.03523104664465776,0.036644301026208984,0.13632812969090893
1477,12.234143700001368,214.61006190491412,378.4443413878324,42.08195298212569,74.20750378279268,-2.136424641265103,0.1960856476560296,-0.013194790921595256,0.0011443381718265755,-2.1439033754212398,-0.0021477439432324493,0.05141748106545646,0.05146231789535199,0.7211825557623606
1478,12.245395100000678,214.610759799959,378.44678633572767,42.08208982932756,74.2079832019842,-2.189363785674896,0.1960856476560296,-0.013057943719729792,0.0006649189803056288,-2.141392979771748,-0.006528665552080833,0.06879009828499709,0.06909921197778225,0.006191634473538238
1479,12.249981500001013,214.6090688867573,378.43574748725223,42.08175826551728,74.20581864223152,-2.0178166047912294,0.1960856476560296,-0.01338950753000745,0.0028294787329912197,-2.1278513498605998,-0.008066279225638769,0.02516149039366914,0.02642282080658074,3.300156630739294
1480,12.261283600000752,214.60945868897448,378.436443890856,42.08183470013749,74.20595519698321,-2.165642178380121,0.1960856476560296,-0.013313072909795665,0.002692923981300055,-2.13818257465962,-0.006505904202894406,0.015778813690048736,0.01706744711321844,2.3696293947706084
1481,12.266009599999961,214.60968202453853,378.4431182358976,42.08187849303621,74.20726394025337,-2.1300095391916494,0.1960856476560296,-0.013269280011080298,0.0013841807111418802,-2.0834507239162994,-0.033778141680449666,0.11035991628763048,0.11541349131881133,2.084480554038658
1482,12.278785399999833,214.61043594802916,378.44712141688456,42.08202632661215,74.20804890658988,-2.188080765260205,0.1960856476560296,-0.013121446435135908,0.000599214374631174,-2.10893135572076,-0.018207900154495082,0.012425909661731589,0.022043839478583953,2.508907632020853
1483,12.283022900001015,214.6077519618608,378.4378225295141,42.081500035446034,74.20622552823737,-1.915704531958291,0.1960856476560296,-0.013647737601253596,0.002422592727143069,-2.1140274820816525,-0.011786774401713346,-0.010856877912815543,0.016024975781905787,4.18710765827319
1484,12.293264200001431,214.60804226902965,378.4387479297418,42.08155696051526,74.20640698594035,-2.1452197638135333,0.1960856476560296,-0.013590812532029872,0.0022411350241640093,-2.0620559846975803,-0.02265253715727338,0.03714029418236773,0.0435033204665399,1.0010271447273418
1485,12.298018100000263,214.60898459679842,378.44186319093154,42.081741737466096,74.20701784394836,-2.1911228101845817,0.1960856476560296,-0.013406035581191134,0.0016302770161473745,-2.0265115387363917,-0.03415603583696885,0.07091782256663642,0.0787144989292902,0.9731337779810094
1486,12.309442499999932,214.6063591557914,378.4440152972446,42.081226926165854,74.20743984110858,-1.8701520522712913,0.1960856476560296,-0.013920846881433135,0.0012082798559305274,-2.0762007452472786,-0.0059797905214376695,-0.022542557829183324,0.023322195611956226,1.4136640285819706
1487,12.31409960000019,214.60526792005138,378.44146341903775,42.08101295049902,74.20693945441765,-2.0103585354542584,0.1960856476560296,-0.01413482254826448,0.0017086665468610818,-2.086138586549456,0.0038684152760820253,-0.04284492990587221,0.04301921263095511,-2.275871618275562
1488,12.32515130000138,214.60620818484682,378.44354914333366,42.08119732293041,74.20734843501704,-2.1641505645127266,0.1960856476560296,-0.01395045011688012,0.0012996859474725397,-2.0750866040286415,-0.0022804265127261344,-0.017045075822506212,0.01719694609152829,-4.422798231126084
1489,12.329923600000257,214.60754188385818,378.4464509455014,42.08145884216483,74.20791743677448,-2.1949089703244207,0.1960856476560296,-0.01368893088245926,0.0007306841900316385,-2.1389064809619787,0.009430142410379152,-0.01494628946808868,0.017672553713143163,-3.650393990575035
1490,12.341561799999909,214.6080240818044,378.44642108598475,42.08155339426141,74.20791158175182,-2.135862897580509,0.1960856476560296,-0.013594378785874994,0.0007365392126956749,-2.176820602833021,0.028546916713547026,-0.057224806930349606,0.06395001940629869,-2.694706734368493
1491,12.357120399999985,214.60909449091008,378.44851933399616,42.08176328612416,74.20832301807208,-2.189251436937977,0.1960856476560296,-0.013384486923129657,0.0003251028924324828,-2.1844034272072292,0.028414581997947976,-0.05661412441390547,0.06334467265107048,-2.856490452916652
1492,12.36147770000025,214.6101975118877,378.4508291743193,42.08197957270693,74.20877594460782,-2.1999291448094707,0.1960856476560296,-0.013168200340359704,-0.00012782364331087592,-2.172880441300821,0.018560916506927694,-0.05000982300716541,0.05334313469215276,0.39561654601118584
1493,12.373536900000545,214.61118280082349,378.45291725451733,42.08217277372603,74.2091853871658,-2.2020646863837694,0.1960856476560296,-0.012974999321258451,-0.0005372662012916862,-2.1705758441195395,0.016223016428949594,-0.045502317455803694,0.048307837416952396,1.5355706119387356
1494,12.378212300000087,214.61131468213947,378.4549727828676,42.08219863375929,74.20958844677365,-2.137294040792379,0.1960856476560296,-0.012949139287997014,-0.0009403258091396083,-2.157075373902033,0.01121390317212782,-0.023511861607074015,0.02604917005557105,1.8668988486346865
1495,12.389616800001022,214.61110732654072,378.4536327220841,42.08215797430241,74.209325680087,-2.1243399116741006,0.1960856476560296,-0.012989798744875714,-0.0006775591224936761,-2.129225133374157,-0.0023332091228900676,0.013858785406767903,0.014053817906959675,1.1221841894368345
1496,12.394380499999897,214.6108266058051,378.45160398130224,42.08210292899516,74.20892787313687,-2.1217490858504453,0.1960856476560296,-0.013044844052124915,-0.0002797521723607588,-2.1236550852685814,-0.0017540174736968808,0.015703432490535005,0.015801087598099835,0.4291825169665562
1497,12.405432400000791,214.60980656600205,378.44693114669275,42.081902913829744,74.20801159733608,-2.060677942170089,0.1960856476560296,-0.013244859217543592,0.0006365236284295861,-2.1355806264287165,-0.00019827014594414822,0.026755276527594386,0.02675601115859417,-0.44292010109837077
1498,12.410143799999787,214.6102610897427,378.4475253281771,42.0819920394118,74.20812810779726,-2.1742144458558927,0.1960856476560296,-0.013155733635485944,0.0005200131672467023,-2.1510052854419937,0.006239910672205633,0.007864705902293156,0.010039426483951688,-2.076198523204987
1499,12.421090800000457,214.6110041457267,378.44925315821615,42.08213774202567,74.20846691046951,-2.1969217465930537,0.1960856476560296,-0.01301003102161502,0.00018121049500052777,-2.167129768025899,0.010740453393501584,-0.014385839915373812,0.017952986636455285,-2.4092701542977673
1500,12.426047700000709,214.61172778203715,378.45105840674154,42.08227963672027,74.2088208937958,-2.201463206740486,0.1960856476560296,-0.012868136327014668,-0.0001727728312914678,-2.195504811027055,0.018330073077853445,-0.04139787091882545,0.04527444417826885,-1.7448922534421798
1501,12.43748720000076,214.61236645478664,378.4526770162362,42.08240487128,74.20913827988686,-2.2023714987699723,0.1960856476560296,-0.012742901767289538,-0.0004901589223464953,-2.2011798196272863,0.016213494001615522,-0.040876973471209485,0.043975042329785045,0.22164073562536024
1502,12.442795000000842,214.6129037780033,378.4540887486879,42.08251023265094,74.20941510035897,-2.2025531571758696,0.1960856476560296,-0.012637540396347902,-0.0007669793944558023,-2.1892752705660827,0.010158289584994038,-0.02119594546600019,0.02350444535593751,1.0294158468218058
1503,12.453225500001281,214.613347099286,378.45526565641023,42.08259716159177,74.20964587507193,-2.202589488857049,0.1960856476560296,-0.012550611455516503,-0.0009977541074164265,-2.120864087316342,-0.008518127840788894,0.005325166650182445,0.010045690706180346,2.225384278401459
1504,12.458557800000563,214.6128857250168,378.4534312822666,42.08250669271939,74.20928618062993,-2.1373990012870347,0.1960856476560296,-0.012641080327895793,-0.0006380596654196324,-2.1071818506663935,-0.011998700897800295,0.007528158446366506,0.01416481531219073,2.8724032915506603
1505,12.469268400000146,214.60934859800224,378.4500887775979,42.081813112877896,74.20863076343718,-1.859407290491782,0.1960856476560296,-0.013334660169391555,1.7357527326566924e-05,-2.104445403336404,-0.013842615305610179,0.013771024489747697,0.01952585757390297,2.240801531232149
1506,12.474228900000526,214.60918529403182,378.4505120015284,42.08178109131309,74.2087137515757,-2.1339603155202314,0.1960856476560296,-0.013366681734197527,-6.563061118924907e-05,-2.090858563089156,-0.016217350958814044,0.030765717854714065,0.03477832467553919,-1.8819943592900072
1507,12.485507900000812,214.60979678127163,378.4517164403235,42.08190099518454,74.2089499247369,-2.1888709205259214,0.1960856476560296,-0.013246777862747194,-0.0003018037723876432,-2.1011807458209564,-0.010700670649942238,0.01449935577407898,0.018020423697068078,-2.6425811235862775
1508,12.490352700000585,214.60970932715384,378.4501636071512,42.08188384668721,74.2086454364386,-2.1346552876208094,0.1960856476560296,-0.013263926360075118,2.6845259100127805e-06,-2.1692754558048164,0.007419939414024121,-0.006805146262310394,0.010068044326443232,-2.304258047969035
1509,12.501362200000585,214.61030544458143,378.4509426962214,42.082000736759085,74.2087982046235,-2.189009914946037,0.1960856476560296,-0.013147036288202685,-0.00015008365899404907,-2.1828943978015887,0.011045270239226707,-0.0078115055535691105,0.013528400262817044,-3.0514778825771893
1510,12.506660200000624,214.61100379034457,378.45216743675064,42.08213767234034,74.2090383586634,-2.1998808404110823,0.1960856476560296,-0.013010100706949856,-0.00039023769889467985,-2.172578635419693,0.00785155257557138,-0.015680836907027304,0.01753669079249991,-2.3856612596679683
1511,12.517668600001343,214.61165902864082,378.4533891492267,42.082266155166025,74.20927791894553,-2.202055025504092,0.1960856476560296,-0.012881617881262741,-0.0006297979810199195,-2.1835550337245637,0.010049021836273687,-0.03179948674705056,0.03334951569725938,0.4661326218669039
1512,12.522161000000779,214.61153673591997,378.45477032197465,42.082242175318655,74.20954874709832,-2.1372921086164434,0.1960856476560296,-0.012905597728632756,-0.0009006261338129207,-2.1727107626042876,0.004372590276874739,0.011041367233561857,0.011875661502240325,1.721987858406452
1513,12.532805500000904,214.61194103822805,378.45573359611865,42.08232145319858,74.20973763133273,-2.189537279145164,0.1960856476560296,-0.012826319848706191,-0.0010895103682173612,-2.170541908380233,-0.00012914682038147576,0.0317300144887256,0.03173027731293805,1.422331836266341
1514,12.537879400000747,214.611481353307,378.4505499151429,42.08223131558312,74.20872118589135,-2.134788559344658,0.1960856476560296,-0.012916457464164921,-7.306492683767374e-05,-2.144957991051047,-0.011951412158150272,0.07702044440574937,0.07794219081494382,1.6660103924480048
1515,12.549279800001386,214.61167542255527,378.44717117019195,42.08226936977736,74.20805866249938,-2.1890365692908067,0.1960856476560296,-0.012878403269930061,0.0005894584651287005,-2.1398412075852096,-0.023870043152719986,0.09576190586412463,0.0986920542639689,1.1869122044489961
1516,12.553904100001091,214.61055664250404,378.4423439400089,42.08204999306643,74.20711211194255,-2.0741354388581614,0.1960856476560296,-0.01309777998086048,0.001536009021961604,-2.1388178508920417,-0.025227705469986296,0.0950289325947636,0.09832057339835087,1.1466800255445129
1517,12.565013100000215,214.60687805222756,378.44045048695534,42.0813286743096,74.20674083297423,-2.1117081912872573,0.1960856476560296,-0.013819098737684499,0.0019072879902779505,-2.138613179553409,-0.021757055262826248,0.08479608845648257,0.08754282421323459,-0.9600336108267996
1518,12.580801900001461,214.6069311524612,378.44217438931696,42.081339086503306,74.20707886548531,-2.1844204956793267,0.1960856476560296,-0.013808686543981707,0.0015692554791968405,-2.138572245285682,-0.019358570072911738,0.06762836482173185,0.07034450912280994,-1.1337997268848372
1519,12.585380399999849,214.60692153933599,378.43869148551283,42.081337201507424,74.20639591803716,-2.1337652026514906,0.1960856476560296,-0.013810571539863759,0.002252202927351732,-2.163714204916512,-0.00047138598443090436,0.002907668235878024,0.0029456305464623214,-1.2226593770004497
1520,12.597352599999795,214.60785755158204,378.4403842361243,42.08152074007491,74.20672784213713,-2.1888318979521735,0.1960856476560296,-0.013627032972379993,0.0019202788273844362,-2.1687425968426775,0.013569369937685559,-0.014307308963729585,0.01971869392960349,-1.2298960066020221
1521,12.601862400000755,214.60893841743652,378.44311913032016,42.08173268235601,74.20726411563679,-2.19984523701231,0.1960856476560296,-0.013415090691275111,0.0013840053277220932,-2.169748275227911,0.020003986600841336,-0.03041015192489472,0.03639968159231366,-1.2320573585763896
1522,12.613188100000116,214.60924296617554,378.44616033677926,42.08179239999274,74.20786045257498,-2.136850150918087,0.1960856476560296,-0.013355373054544373,0.0007876683895347014,-2.1699494109049575,0.020204604322336277,-0.05803470300084044,0.06145122283744993,-0.1339410587845656
1523,12.618085400001291,214.6100629693271,378.44870591671435,42.081953190841794,74.20835960426521,-2.1894488876054927,0.1960856476560296,-0.013194582205493077,0.00028851669929963464,-2.1699896380403665,0.022409081607398195,-0.0643721943460217,0.0681611791521319,-0.05000427588597419
1524,12.629139800001212,214.61009630873804,378.44808346160045,42.08195972822178,74.20823754975106,-2.1347708810367236,0.1960856476560296,-0.013188044825504619,0.0004105712134503392,-2.1699976834674484,0.015547579818996883,-0.0469101027494909,0.04941947974428578,-0.005410213453272263
1525,12.634140699999989,214.610768400915,378.4495986852243,42.08209151585159,74.2085346633567,-2.1890330336292196,0.1960856476560296,-0.013056257195700027,0.00011345760781011904,-2.169999292552865,0.01311332584503552,-0.02662986167712522,0.029683477688116314,-0.5815771759764562
1526,12.645580100001098,214.61150862854907,378.4514423348803,42.08223666386663,74.20889617659354,-2.199885464147719,0.1960856476560296,-0.01291110918065641,-0.0002480556290294089,-2.1699996143699485,0.008154032381302776,-0.010019868098370015,0.012918436468244419,-0.4000864480126104
1527,12.65007870000045,214.61135036270366,378.4503239626263,42.08220563020583,74.2086768798458,-2.1368581963451687,0.1960856476560296,-0.012942142841460225,-2.8758881285284588e-05,-2.183039229514615,0.012369101983270313,-0.02372673072062368,0.02675728750380967,0.6870613689646613
1528,12.661679200000435,214.61182578037318,378.45144054876204,42.08229885278747,74.20889582636138,-2.1894504966909087,0.1960856476560296,-0.012848920259820318,-0.00024770539687324344,-2.1726076017622984,0.00593875952643655,-0.006528202540156396,0.008825321133995367,0.7880211617034911
1529,12.666690500000186,214.61237951027886,378.45290988084287,42.082407431274646,74.20918394129407,-2.199968956760057,0.1960856476560296,-0.012740341772641273,-0.0005358203295600106,-2.14537112972746,-0.032483096618557805,0.03800419464071984,0.04999470348167174,3.2900281529199877
1530,12.677488400000584,214.6120601790834,378.4514461591756,42.082344815010366,74.20889692648296,-2.1368748948676366,0.1960856476560296,-0.012802958036921552,-0.0002488055184528548,-2.1399238353204924,-0.0452504668583981,0.04592402027625153,0.06447185734284802,4.2943620828456615
1531,12.682115700001305,214.60782614096226,378.4469374675283,42.08151458090318,74.20801283676121,-2.0637031039735274,0.1960856476560296,-0.013633192144105521,0.0006352842032981698,-2.0820362807359736,-0.06835188313756618,0.0323972408939342,0.07564100175163671,3.788388033565119
1532,12.693710700001247,214.60364339437143,378.44171330975314,42.08069440432894,74.20698845440042,-2.1096217243103306,0.1960856476560296,-0.01445336871834968,0.001659666564094664,-2.05741921903782,-0.0721789372440297,0.04520297315778149,0.08516517929283476,2.2145042058123225
1533,12.698688000000402,214.60091542622956,378.4439091623992,42.080159488929056,74.20741902958868,-1.9000127237683162,0.1960856476560296,-0.014988284118231832,0.001229091375833491,-2.0655353574794395,-0.05758135127904113,0.024143940493242318,0.06243830457068448,1.354489223096234
1534,12.709685900001205,214.60105740880348,378.443542598217,42.08018732967402,74.2073471516136,-2.0768836482692885,0.1960856476560296,-0.014960443373269072,0.0013009693509076214,-2.092308731652138,-0.014864493500531758,-0.022356798786249833,0.026847339141825823,-2.0214427437327025
1535,12.714532100000724,214.60271796548213,378.44548800551127,42.08051294100582,74.20772861806286,-2.177455587075733,0.1960856476560296,-0.014634832041465984,0.0009195029016524359,-2.110702957267928,0.014928913123099812,-0.05885601916542428,0.0607198768035464,-0.9174302464170754
1536,12.725388200000452,214.6046093924936,378.4477825238388,42.08088382269636,74.20817854017517,-2.197569974837022,0.1960856476560296,-0.014263950350930088,0.0004695807893426718,-2.1581403473129606,0.039176561465799516,-0.03840684191692347,0.05486245049498899,-0.23794499253504398
1537,12.729872100000648,214.60639831980308,378.4499354380886,42.081234605666445,74.20860069576018,-2.2015928523892794,0.1960856476560296,-0.01391316738084214,4.7425204328988e-05,-2.1238692804000925,0.02073803862281819,0.051666192535712314,0.05567280931530934,1.9597762013668376
1538,12.741131900000255,214.60718887438435,378.4490317110847,42.08138962207352,74.20842348786532,-2.137199673993481,0.1960856476560296,-0.013758150973764316,0.00022463309919373842,-2.1039755162362686,0.0074852317598343345,0.07641151657149933,0.07677726590114388,3.0803195162311003
1539,12.745855400000437,214.6050290301195,378.438025444861,42.080966107612014,74.20626531702457,-1.9055283137049461,0.1960856476560296,-0.014181665435273771,0.0023828039399376166,-2.063569761450379,-0.004469409341322124,0.05713308614607056,0.057307636074389046,6.110339236028249
1540,12.757542900000772,214.60508416182677,378.4353425428559,42.080976918148544,74.20573923844731,-2.0779867662566143,0.1960856476560296,-0.014170854898743812,0.0029088825172038923,-2.042449059711951,-0.01845945049671901,0.07399156679002766,0.07625944707827316,4.19694743906926
1541,12.76199380000071,214.60450285198013,378.43847125583113,42.080862931630776,74.20635273415739,-1.995541200907573,0.1960856476560296,-0.01428484141651154,0.002295386807119826,-1.9944663744423905,-0.036763918282000804,0.14546848794913686,0.1500422163047914,5.796099898941831
1542,12.773456099999748,214.6049869495673,378.43904744042266,42.08095785621968,74.20646571568618,-2.0959893436971395,0.1960856476560296,-0.014189916827604065,0.0021824052783330217,-2.016517786607228,-0.02018988352120412,0.06750269687897728,0.07045740190026084,3.6112464893636074
1543,12.778432300001441,214.60301370516527,378.42957844946113,42.080570931313126,74.20460898246084,-1.897286247645678,0.1960856476560296,-0.014576841734161405,0.0040391385036713245,-1.9679373463839458,-0.03761352304567943,0.040174349585366614,0.05503413014225903,3.019947599269256
1544,12.78970240000126,214.60262339089093,378.42572346978716,42.08049439628585,74.20385307627477,-2.015785374529136,0.1960856476560296,-0.014653376761437187,0.004795044689743122,-1.9946482602924145,-0.027284231282715142,0.051281372908070486,0.05808793750879159,0.04068803400798193
1545,12.794350300000588,214.60058031671687,378.427895406021,42.08009377876322,74.20427896179785,-1.8350845651402024,0.1960856476560296,-0.015053994284066619,0.004369159166657255,-1.999990443074108,-0.025763427574074117,0.048501812845900244,0.05491976010238297,0.0002383893748206245
1546,12.805241600000954,214.60202648787063,378.43246671039196,42.08037735217053,74.20517532897607,-2.129095770449916,0.1960856476560296,-0.01477042087675784,0.0034727919884431913,-2.044817424552322,-0.001367409664326514,-0.03550226114418713,0.035528585048382556,-4.8124652311549365
1547,12.821287900000243,214.6033264461864,378.4344106229105,42.080632255338806,74.20555650232124,-2.122700257605608,0.1960856476560296,-0.014515517708481696,0.0030916186432676795,-2.0789329673323396,0.006439025617599174,-0.062150021023242755,0.06248268691480557,-4.149746313528777
1548,12.826382200000808,214.60447541037473,378.4356290229151,42.08085755072581,74.20579541307526,-2.1214211550367468,0.1960856476560296,-0.014290222321477586,0.0028527078892466307,-2.1517863493258433,0.03871061090325373,-0.07714978954727031,0.08631686639174992,-4.385163046474259
1549,12.837594900000113,214.6063190479062,378.43941262682256,42.08121906158521,74.20653732349793,-2.1863630884292244,0.1960856476560296,-0.013928711462078525,0.002110797466585268,-2.1412068792401686,0.0336379080097745,-0.05424580160835723,0.06382880108076058,-3.6014891387699723
1550,12.842290300000968,214.6081189160293,378.44340265621736,42.08157198989182,74.20731971099598,-2.19935147510772,0.1960856476560296,-0.013575783155467036,0.001328409968536448,-2.152130536004284,0.03950158158672272,-0.06851114335588498,0.0790831948759225,-2.6825105698390006
1551,12.853353200000129,214.60815689575537,378.441584916984,42.08157943717101,74.20696327842113,-2.076198420021544,0.1960856476560296,-0.013568335876279036,0.0016848425433835246,-2.154315267357107,0.03230754115501143,-0.060270147890336266,0.06838324313898664,0.4589020019877526
1552,12.858457899999848,214.60933368805019,378.4440601696757,42.08181018925029,74.2074486399483,-2.177318541426184,0.1960856476560296,-0.013337583796996455,0.0011994810162150316,-2.1417126628464214,0.02764576798431911,-0.04508214130798028,0.052883721052470446,-0.10336650381884266
1553,12.869523999999728,214.6097995475008,378.44438143646187,42.081901537602384,74.20751163575413,-2.132344811800862,0.1960856476560296,-0.01324623544490322,0.0011364852103810108,-2.126152591163035,0.0018918234324600894,-0.01080598520421707,0.010970337831323304,0.566723496911632
1554,12.874341700000514,214.61001900918967,378.4441413185881,42.08194457088978,74.20746455208534,-2.1233500658757976,0.1960856476560296,-0.0132032021575057,0.0011835688791705934,-2.135151172529482,-0.0007003817703991528,-0.014167262522077492,0.014184564215856931,0.6924464958432562
1555,12.885318200000256,214.60701830210212,378.44387529546736,42.08135617529709,74.20741238876941,-2.1215511166907843,0.1960856476560296,-0.013791597750199003,0.0012357321950986488,-2.1239113380215215,-0.008636917514423524,0.006426770651917138,0.010765673465385213,1.0398282815761621
1556,12.890532299999904,214.6066915567267,378.4434654669333,42.08129210521853,74.20733202727588,-2.121191326853782,0.1960856476560296,-0.013855667828757134,0.001316093688629394,-2.1216633711199293,-0.0073650852985616515,0.010553623389081977,0.012869477382305278,1.5504080565356286
1557,12.901043699999718,214.60698752541214,378.4430425752294,42.081350140429905,74.20724910428224,-2.121119368886381,0.1960856476560296,-0.01379763261738276,0.001399016682270826,-2.077455232817736,-0.017111225641319137,0.0429637391107181,0.046245831393996864,1.7665448407669482
1558,12.90633600000001,214.60738195215382,378.4426393059167,42.081427481853,74.20717002895788,-2.121104977292901,0.1960856476560296,-0.013720291194289302,0.001478092006635734,-2.0565030094541723,-0.012598636292836559,0.07694235325554416,0.07796698891800379,0.920009375832568
1559,12.917578200000207,214.60510018774548,378.4327881223776,42.08098006060119,74.20523835325343,-1.9023093743648303,0.1960856476560296,-0.014167712446095493,0.0034097677110764835,-2.0653521155627095,-0.0056589475619025055,0.06293551464225239,0.06318941913638333,1.5743018764138537
1560,12.922193600001265,214.60436952935825,378.4286773772741,42.08083678897812,74.20443229513747,-2.0167899998729664,0.1960856476560296,-0.014310984069169308,0.00421582582704616,-2.080161487565667,0.006188547095292316,0.025239318161170678,0.025986944729834073,-0.23859300073178402
1561,12.933211999999912,214.60562882032784,378.4317466758615,42.08108371786347,74.20503414053883,-2.165436857396468,0.1960856476560296,-0.014064055183816038,0.003613980425683394,-2.0393648170443837,-0.013260510477498813,0.04989735899062195,0.051629328606547426,-0.5440763443395351
1562,12.938046299999769,214.6072253813515,378.43619899806697,42.08139678056582,74.20590717702206,-2.1951662289011686,0.1960856476560296,-0.013750992481469382,0.0027409439424559423,-2.062853432158877,-0.013351579097976282,0.04021435505365717,0.04237285707609435,0.39093752234806856
1563,12.949129700000412,214.6025547889414,378.42838568701677,42.08048094442815,74.20437509886445,-1.9171216246864837,0.1960856476560296,-0.014666828619134264,0.004273022100065305,-2.0359032059630255,-0.013775492153727519,0.03376780801592294,0.03646956323124309,1.0966598242835972
1564,12.953869900000427,214.60158169039943,378.4254023909925,42.08029013377031,74.20379011733137,-2.0197524499372967,0.1960856476560296,-0.014857639276975476,0.004858003633145813,-2.017473609942605,-0.012192513988235208,0.037884032110557006,0.039797704535651623,-2.0324282694805698
1565,12.965391100000488,214.59963324608617,378.4170348018497,42.07990807180523,74.20214935319498,-1.8820388688937093,0.1960856476560296,-0.015239701242059311,0.006498767769528513,-2.0137876907385213,-0.01780183857515833,0.0539919703427792,0.056851018620175525,-1.4734907230054972
1566,12.97008520000054,214.60035920873833,378.4178497038804,42.08005042266205,74.20230914378746,-2.0732888772943667,0.1960856476560296,-0.01509735038523985,0.0063389771770516745,-2.0698486026008296,-0.009139343826405036,-0.02651687338529246,0.02804767690395908,-4.500164002601402
1567,12.98138470000049,214.60247475091506,378.42361525800135,42.08046525011992,74.20343968620136,-2.1767366328807487,0.1960856476560296,-0.014682522927365937,0.005208434763147807,-2.093171380676416,0.0019501043482378,-0.06243018824578671,0.06246063809611123,-5.500276762295291
1568,12.986223600000812,214.60150446043383,378.4301378232894,42.08027499008249,74.20471866764024,-2.197426183998025,0.1960856476560296,-0.014872782964793885,0.0039294533242753005,-2.154634031994658,0.025752295114103443,-0.13280441764339368,0.1352782098094324,-5.106088859710144
1569,12.997271800000817,214.60236052062604,378.4333019729122,42.08044285119971,74.20533911196831,-2.13636634031523,0.1960856476560296,-0.014704921847574326,0.003309008996197349,-2.1669265622583067,0.02406146384650596,-0.13291247487925054,0.13507286930010823,-1.6845425341185642
1570,13.001890600000479,214.604382702178,378.43823577154836,42.080839371979,74.20630655906929,-2.189352125484921,0.1960856476560296,-0.014308401068284127,0.002341561895221389,-2.1563455175297865,0.025202683156044233,-0.12230120130381035,0.12487096971922297,-1.3277614229180768
1571,13.013297299999977,214.60565500171637,378.4402474194496,42.081088851658,74.20670101435086,-2.1347515286126093,0.1960856476560296,-0.014058921389285217,0.0019471066136560466,-2.0974312128809576,0.02667602601888647,-0.03945650296487732,0.047627995867742336,1.4349232134619259
1572,13.017783100000088,214.6066253898334,378.44132253601475,42.08127913084041,74.20691182927884,-2.123831409238147,0.1960856476560296,-0.01386864220688011,0.0017362916856740185,-2.0986879027324417,0.026482079384630656,-0.033563244125387845,0.042752682778444,2.368394971420723
1573,13.029287000001204,214.60475082988023,378.4325275944529,42.08091155653792,74.20518726746658,-1.9028546607538794,0.1960856476560296,-0.014236216509367239,0.003460853497927019,-2.0858996899214888,0.01706737871058528,-0.005231161554710659,0.017851063477059916,2.4169924331782284
1574,13.044913600000655,214.6058843627435,378.4346547257617,42.08113382606355,74.20560436738691,-2.142649789572651,0.1960856476560296,-0.014013946983737924,0.003043753577600228,-2.030351324703048,0.004305835513962884,0.03594804238922057,0.036204999255496514,0.6753142578454643
1575,13.04929810000067,214.60675139464095,378.4361707004834,42.081303838574705,74.20590162827206,-2.1254110614301553,0.1960856476560296,-0.013843934472582475,0.002746492692452307,-2.0192416516593594,-0.002610953042501054,0.04860160357023831,0.0486716852532224,2.816789224412145
1576,13.061020000001008,214.60424445876765,378.42592957697633,42.08081226443036,74.20389349093645,-1.8570097025204062,0.1960856476560296,-0.014335508616930781,0.004754630028060092,-2.060778261972497,0.0063176030001428395,0.01244477208984551,0.013956520341245936,2.956898088679154
1577,13.065670400001181,214.6044302553169,378.425543673541,42.08084869646705,74.2038178208114,-2.068283044019706,0.1960856476560296,-0.014299076580236658,0.004830300153116696,-2.0122874883319994,-0.011758183757732032,0.07762822176568049,0.07851366568809702,2.0393238546440284
1578,13.077704900000754,214.6052091263292,378.42743846965476,42.08100142189394,74.20418936313455,-2.1105377123195663,0.1960856476560296,-0.014146351153350167,0.004458757829965521,-1.9904787379007751,-0.020622580188838332,0.09690537474263068,0.09907543826627643,1.514717844814667
1579,13.082419100001061,214.60337823983426,378.42024462717933,42.08064241132979,74.20277875387362,-1.9001959213701634,0.1960856476560296,-0.014505361717496612,0.005869367090895139,-1.9953491655489053,-0.027387084963310597,0.11948300152059085,0.12258156498901909,1.6709624872322775
1580,13.09334200000012,214.60306929140387,378.4186521602128,42.080581830976726,74.2024664939571,-2.016367309274033,0.1960856476560296,-0.014565942070561277,0.006181627007407542,-1.9963232510785314,-0.02666495946555673,0.1089468856732568,0.11216257825674958,-1.2227565019746711
1581,13.098133100000268,214.60121822006778,378.41170802296335,42.08021886245493,74.20110484830714,-1.8813618407610566,0.1960856476560296,-0.014928910592360012,0.007543272657372313,-2.0095576189657063,-0.012004790614882275,0.055977902282450386,0.057250681582412005,-3.096196880780904
1582,13.109615700001086,214.60188841732162,378.41384009167837,42.08035027851751,74.20152291638198,-2.0731534716678364,0.1960856476560296,-0.014797494529780408,0.007125204582536071,-2.0559630374650166,0.007661845603799698,-0.019464024869360302,0.02091774706251945,-3.010388733225173
1583,13.114173100000698,214.60388702132258,378.42071313571256,42.08074217607744,74.20287062167279,-2.1767095517554425,0.1960856476560296,-0.014405596969844225,0.005777499291724553,-2.0903942676492537,0.024242720037793878,-0.0793765624528393,0.08299607304963502,-0.7707552903754684
1584,13.125572300001295,214.60517631465683,378.4252466433031,42.08099498799591,74.20375957744483,-2.1322230138667138,0.1960856476560296,-0.014152785051379624,0.004888543519683708,-2.097280513686101,0.033360288101969796,-0.1149621159967876,0.11970462370646039,0.9773188995008124
1585,13.130218400001468,214.60700925810755,378.43166719061094,42.08135440189956,74.20501855462199,-2.188523460195218,0.1960856476560296,-0.013793371147727385,0.0036295663425249813,-2.04566704023722,-0.03224635592698784,-0.1318477587485175,0.135733779721841,2.3436536394282355
1586,13.141446200001155,214.60528167243706,378.42558189775036,42.081015647144476,74.20382531603025,-1.9157930709452935,0.1960856476560296,-0.014132125902811765,0.004822804934264013,-1.978546249844319,-0.05976327797344329,-0.04958964749095359,0.07765811311387942,4.5525901583636585
1587,13.146257200000036,214.59751411317762,378.4285466585196,42.07949254025639,74.20440666306584,-1.8150861044234339,0.1960856476560296,-0.01565523279089831,0.004241457898672252,-1.965122091765739,-0.054913134636553194,-0.045340612485640974,0.07121252345048082,3.180082529374104
1588,13.15746510000099,214.59456514328463,378.42194074177837,42.078914289585,74.20311133760326,-1.8411055997909367,0.1960856476560296,-0.016233483462286813,0.005536783361250741,-1.9260102581968979,-0.06908608986067488,0.036606756529736155,0.07818530831214152,-0.3702493923861343
1589,13.162277999999787,214.59570473186608,378.423333391011,42.07913774655005,74.20338441613,-2.0651022234738123,0.1960856476560296,-0.016010026497234264,0.005263704834504779,-1.9619464364050048,-0.047965333696873995,0.0006719802373325711,0.04797004058880752,-2.1736705745420077
1590,13.173300300000847,214.59606973765403,378.4155333599598,42.07920931894638,74.2018549419896,-1.9929642923510127,0.1960856476560296,-0.015938454100904664,0.006793178974916714,-2.035163945484126,0.025505665608128072,0.0014477421396254797,0.0255467206391837,-1.831068237113748
1591,13.178118800000448,214.59792337923773,378.4173370143063,42.07957279145685,74.20220861272027,-2.0954739619858276,0.1960856476560296,-0.015574981590440018,0.006439508244241665,-2.0498074472999503,0.030448155730413328,0.021546969916421042,0.03730096647491397,-1.232085603232595
1592,13.189235499999995,214.6008014930028,378.4239677374633,42.080137148258494,74.20350880236494,-2.1811736498190406,0.1960856476560296,-0.015010624788793336,0.005139318599574949,-1.9997454250068651,-0.031747506594116806,0.05494826814260807,0.06346035255823472,1.1602432554729418
1593,13.193921000000046,214.60015917452023,378.4188047395416,42.08001119882284,74.20249641257361,-1.914323108870058,0.1960856476560296,-0.015136574224449362,0.0061517083909023995,-1.9693619267982483,-0.0816859788228666,0.08448855207733819,0.11751984755084946,2.9184841787239213
1594,13.205007800001113,214.58520138420624,378.41257014240495,42.07707819082162,74.2012738975562,-1.8147921120083867,0.1960856476560296,-0.0180695822256709,0.007374223408305625,-1.91952668223465,-0.09783028645133247,0.11995147765412004,0.15478734424544088,2.353597940730961
1595,13.209646799999973,214.57944777647148,378.4057929872614,42.07594999092259,74.19994499470062,-1.8410468013079273,0.1960856476560296,-0.01919778212469936,0.00870312626389591,-1.90955963332193,-0.06985527637471231,0.08544637954419101,0.11036685831624177,-1.3897718061990831
1596,13.22139530000095,214.5791308955339,378.399566838124,42.075887855118715,74.1987241362146,-1.8462977391678355,0.1960856476560296,-0.01925991792857218,0.009923984749917736,-1.9784463504925114,-0.043813921814702936,0.022649654889314023,0.0493220702261161,-3.696628651564356
1597,13.226092800001425,214.58369797656903,378.40650181695287,42.07678339416138,74.20008398602974,-2.131338405255442,0.1960856476560296,-0.018364378885905808,0.008564134934772483,-2.0452144165828776,0.04444771478183228,-0.0463329472656376,0.0642054620078967,-8.014930383758132
1598,13.237402800001291,214.5896577094743,378.4121494410546,42.07795201224797,74.20119140405946,-2.2587566947229636,0.1960856476560296,-0.01719576079931784,0.007456716905053895,-2.1023265747228255,0.10552538880988087,-0.12183096268041126,0.16117813484189564,-8.736311797017814
1599,13.242216800001188,214.59399722155803,378.4179101019629,42.07880292828542,74.20232098698457,-2.148632442460218,0.1960856476560296,-0.016344844761867705,0.006327133979937116,-2.1846291333039405,0.11813687571584927,-0.1604821834709002,0.19927582044866782,-7.257814188094088
1600,13.253503699999783,214.5975769115907,378.4231497056665,42.07950485412388,74.20334839807026,-2.1266075920076686,0.1960856476560296,-0.015642918923404636,0.005299722894250181,-2.201089645020163,0.10998113243336746,-0.1614319061223697,0.19533588970188634,-2.3464086903272636
1601,13.269088300001386,214.60216827574925,378.4302503170416,42.08040515473854,74.2047407260505,-2.2578105320734085,0.1960856476560296,-0.014742618308744682,0.003907394914008933,-2.1772601653321577,0.045241164823036764,-0.15490897488610797,0.16138015210926654,-1.3922719681081357
1602,13.273779600000125,214.6057537083416,378.43728975211195,42.08110820661054,74.2061210582354,-2.213640963836557,0.1960856476560296,-0.014039566436750306,0.0025270627291149594,-2.1287357244726817,-0.015309478446049796,-0.06927627090118378,0.07094774020547988,2.601083664991684
1603,13.285730900000999,214.59232206356,378.4412697646882,42.07847445384445,74.2069014815791,-2.1396092962829365,0.1960856476560296,-0.016673319202837433,0.0017466393854164153,-2.1320703870820363,-0.016851364822409003,-0.0631554587753751,0.06536497892224878,3.181500129020171
1604,13.29040470000109,214.5893189192103,378.4366571628517,42.07788558033964,74.2059970165606,-1.9060102381628372,0.1960856476560296,-0.017262192707647728,0.0026511044039096987,-2.1186552883539074,0.004753295054964975,-0.08297718461844217,0.08311321784820144,3.0047242668043443
1605,13.301295100000061,214.59234468341586,378.44001298456055,42.07847888927354,74.2066550450338,-2.143280905054443,0.1960856476560296,-0.016668883773746757,0.001993075930712962,-2.1029327178270316,-0.06952837501457748,-0.03175415055132108,0.07643638537636174,0.947491642778571
1606,13.306169100000261,214.59646568745552,378.44469715483154,42.07928695901965,74.20757354359512,-2.1907350384327637,0.1960856476560296,-0.015860814027639947,0.0010745773693940919,-2.0997882037216566,-0.019872957815033003,-0.02366670110229073,0.030903837842301246,3.314315302662063
1607,13.31713850000051,214.5840720187877,378.44682950111024,42.07685673847209,74.2079916660962,-2.135028111202178,0.1960856476560296,-0.018291034575199205,0.0006564548683059002,-2.099159300900582,0.008658287125477157,-0.02955845254540123,0.030800455399651806,3.955543445945029
1608,13.32206480000059,214.58477304009733,378.44745414041427,42.076994198689604,74.20811414889869,-2.1238867257560607,0.1960856476560296,-0.018153574357683055,0.0005339720658241731,-2.0422354246332413,0.0066406761536386034,0.07916330061151854,0.07944134152623025,6.282090003762437
1609,13.333285700000488,214.58572649366693,378.4380659276817,42.07718115725031,74.20627325512469,-1.9028657240574622,0.1960856476560296,-0.017966615796979113,0.002374865839826157,-1.9740525536766484,-0.02326890651471221,0.15109532143975613,0.15287654552407196,7.108419326273254
1610,13.33767489999991,214.5867201671179,378.42725024656886,42.0773760023525,74.20415245528883,-1.8586615237177424,0.1960856476560296,-0.01777177069478597,0.004495665675676719,-1.9166574345634548,0.028354234306993374,0.23068241055597405,0.2324184526732997,5.746122530420011
1611,13.349238599999808,214.58767811917204,378.41715344298984,42.07756384300146,74.2021726170198,-1.8498206836497986,0.1960856476560296,-0.017583930045830698,0.006475503944713523,-1.8614198658189411,0.007101760443468018,0.26096864523137736,0.26106525773319,2.332708184413897
1612,13.354081700001188,214.58858136450982,378.408266327056,42.07774095644851,74.20042998113611,-1.8480525156362098,0.1960856476560296,-0.017406816598779074,0.008218139828400695,-1.8941308969919137,0.0006024826913531602,0.19964301200698872,0.1996439210910666,-2.6476183055966196
1613,13.365573099999892,214.58398921319775,378.4008489303968,42.07684050148435,74.19897553610828,-1.8476988820334919,0.1960856476560296,-0.01830727156293932,0.009672584856232902,-1.957471198929633,0.007608977289209368,0.0745562183166543,0.07494348687556725,-5.557752304325693
1614,13.37001120000059,214.58363081770375,378.40407575798986,42.076770225271794,74.19960827068672,-2.0664208799223234,0.1960856476560296,-0.018377547775493497,0.009039850277787309,-2.041019386270302,0.05136780274597291,0.00031411586997239643,0.05136876315163673,-8.431588504380551
1615,13.381345700001475,214.58822185237517,378.41229823637246,42.07767046127875,74.20122058068571,-2.17536303340634,0.1960856476560296,-0.017477311768537618,0.007427540278797551,-2.0577290237384354,0.0013630815395212492,-0.0564544861569302,0.05647093941600766,-7.251040367522811
1616,13.386255900000833,214.59410746504693,378.4173064316517,42.07882454545134,74.20220261590063,-2.267561620353143,0.1960856476560296,-0.016323227595947287,0.006445505063879864,-2.1048294961539376,0.0019042248009428775,-0.10968659573623199,0.1097031237308041,-5.660555897909741
1617,13.397320000000036,214.58206339580275,378.41301954004183,42.07646287633318,74.20136201798289,-1.9316007029768785,0.1960856476560296,-0.018684896714106003,0.007286102981623799,-2.1142495906370375,0.01832790270461898,-0.10677340871095031,0.10833500277059867,-0.6489232713490456
1618,13.401891100000284,214.58029978449756,378.4162736838386,42.07611705746819,74.20200010887685,-2.0832012441110006,0.1960856476560296,-0.019030715579098967,0.0066480120876661886,-2.1030940587524074,0.04150924826958683,-0.1173577895275263,0.12448240218879679,0.6355887458056845
1619,13.413620900000751,214.58426485701307,378.4239307866823,42.0768945512804,74.20350155684712,-2.113521352337825,0.1960856476560296,-0.018253221766890704,0.005146564117396224,-2.0299828254223566,0.0012024600124962252,-0.05654133082974065,0.05655411569532171,2.8616173627207937
1620,13.418441600000733,214.5890670077103,378.42872897352606,42.077836184110005,74.20444241242195,-2.11958537398319,0.1960856476560296,-0.01731158893728235,0.004205708542556863,-2.0061284010219715,0.047887888051707884,0.010671376906073574,0.049062491856044034,2.612086569412185
1621,13.429419500000222,214.59094274680064,378.42290184787373,42.07820398962437,74.20329979671443,-1.902005453702888,0.1960856476560296,-0.016943783422917136,0.005348324250078917,-1.9892469204387697,0.07184806512951382,0.04117348163759797,0.08280942007414661,2.8611795014601644
1622,13.434023100000559,214.59141168157322,378.41322820855044,42.078295941002956,74.20140293488254,-1.8123285809749528,0.1960856476560296,-0.01685183204433116,0.007245186081973998,-1.998910175103379,0.09431574526938757,0.010150052122357645,0.09486033609368344,0.11528394437357603
1623,13.445370600000388,214.59396650681907,378.412480636122,42.07879690556594,74.20125634665874,-1.9987938411949906,0.1960856476560296,-0.01635086748134995,0.007391774305773424,-1.957084281114426,0.05778382467941088,0.06468642334354543,0.08673698034610886,-1.1669957762230896
1624,13.450091900000189,214.59826732250554,378.41929752719454,42.07964023379527,74.2025930411597,-2.161837625660873,0.1960856476560296,-0.015507539252020308,0.006055079804809793,-1.9924776472385104,0.07088222210870677,0.019138729866605263,0.07342057199433227,-2.1121195596302504
1625,13.461240300001009,214.59898775958146,378.41489060494314,42.0797815011659,74.20172890695586,-1.9104559040384246,0.1960856476560296,-0.015366271881390503,0.006919214008647145,-2.0087884981977027,0.06635979263812193,-0.046403719336322674,0.08097485564802662,-1.9843186595107298
1626,13.466062600000441,214.6014223549344,378.4179316356108,42.08025889037246,74.20232520942388,-2.07897228432331,0.1960856476560296,-0.0148888826748248,0.0063229115406358005,-2.024161264092666,0.07217768858245907,-0.07346257635596301,0.10298722665438728,-5.140110271950889
1627,13.477813200001037,214.60126424962226,378.4128782946449,42.08022788818993,74.20133432178774,-1.893882835770912,0.1960856476560296,-0.01491988485735618,0.007313799176770885,-2.041317848521658,0.04932984918645214,-0.031045425487535142,0.05828595426395805,-3.039513810034588
1628,13.482793700000911,214.60312444253253,378.41598660246984,42.08059264532151,74.20194381634072,-2.0756576706698073,0.1960856476560296,-0.01455512772577805,0.006704304623795565,-2.101547261110582,0.05378993864268294,-0.06478956087479143,0.08420834102113578,-3.070608879149499
1629,13.493341900000814,214.60658784281088,378.419807807844,42.08127176840818,74.20269309987134,-2.2476205478058366,0.1960856476560296,-0.01387600463910843,0.005955021093171808,-2.0698345987064917,0.023291248296882738,0.003827583441805532,0.023603657390985553,-3.2465689380182288
1630,13.508976600000096,214.60937630030233,378.4270802478594,42.08181854490135,74.2041191209818,-2.2116029669830426,0.1960856476560296,-0.013329228145934735,0.004528999982710502,-2.0951400154444237,0.023235796381943865,-0.011655831274122612,0.025995396442331294,-2.5610986771382596
1631,13.513426499999696,214.6081622513451,378.422100567336,42.08158048732529,74.20314267710124,-1.9204089723028586,0.1960856476560296,-0.01356728572199728,0.005505443863270898,-2.11324064957326,-0.11747844106845434,-0.044568545438880815,0.12564847535251625,0.6386227184403163
1632,13.525372600000992,214.60798462411557,378.42167962181446,42.08154565717494,74.20306013572602,-2.020409919460572,0.1960856476560296,-0.013602115872345166,0.00558798523849191,-2.089739194367777,-0.18878937195357592,-0.046807290066911325,0.19450539675297862,0.10087488289755873
1633,13.52991480000128,214.59338333254257,378.42832639959425,42.07868255346024,74.2043634734518,-2.1661608413139897,0.1960856476560296,-0.016465219587047386,0.004284647512704964,-2.0719993525454306,-0.19440530827534838,-0.054628798755910576,0.20193496363717459,1.7946786514337283
1634,13.541081999999733,214.57674396545985,378.43300933427355,42.075419812389235,74.20528172973133,-2.130113271778423,0.1960856476560296,-0.019727960658052268,0.00336639123318605,-2.0684513841809613,-0.17896651893913365,-0.07430036022709816,0.19377708438065588,2.7205826191267053
1635,13.545805400000972,214.5769099903884,378.43614845173244,42.075452367494876,74.20589726561131,-2.1229037578713097,0.1960856476560296,-0.01969540555241167,0.0027508553531987445,-2.0360938412893175,-0.2802951749103256,-0.003906984117990869,0.28032240296292454,1.812049686133785
1636,13.55732320000061,214.57830189945258,378.4290368077573,42.0757253008852,74.20450277429656,-1.902669130480512,0.1960856476560296,-0.019422472162084148,0.004145346667954186,-2.029622332710989,-0.14177894261325188,0.03940849417214316,0.14715399410633614,0.989047276345984
1637,13.561883800000942,214.56645047486313,378.4206899880721,42.073401406618935,74.20286608275272,-1.8586222050023524,0.1960856476560296,-0.021746366428352815,0.0057820382117910185,-2.041367581776573,-0.16406709833432043,-0.004886005851956456,0.1641398361429331,0.9047229945011773
1638,13.573099100000036,214.57001075104,378.4247144281704,42.07409952567891,74.20365521769584,-2.133803298422346,0.1960856476560296,-0.02104824736837685,0.0049929032686719665,-2.04371663158969,-0.16159381242477563,0.008853263950455723,0.1618361532431799,-1.444893548291576
1639,13.577620500000194,214.5607041342932,378.4317172422965,42.07227463170663,74.20502836903917,-2.188839517106344,0.1960856476560296,-0.022873141340660652,0.0036197519253420296,-2.044186441552313,-0.23886035417650237,-0.07007023825645314,0.24892590682096602,-1.489741602639842
1640,13.589236800000435,214.56184503992097,378.43536766506634,42.07249834692556,74.20574416455221,-2.1346490069368937,0.1960856476560296,-0.022649426121724048,0.002903956412296793,-2.1010784992479627,-0.11556781685410053,-0.14840064614807355,0.1880921903471504,0.0310601503176694
1641,13.594156799999837,214.55274611105446,378.4422311984931,42.0707141775658,74.2070900049494,-1.9050181802936288,0.1960856476560296,-0.024433595481490045,0.0015581160151043605,-2.099417360005843,-0.060292223632212094,-0.14138797866116604,0.1537065800166246,1.0285984799354622
1642,13.605517800000598,214.55894000676753,378.4441301873186,42.071928711618206,74.20746236940315,-2.143082493480601,0.1960856476560296,-0.023219061429081478,0.0011857515613655778,-2.0422870364542938,0.04124727187712548,-0.04745382947388429,0.06287450492085003,0.3187543983016172
1643,13.610443600000508,214.5674464885083,378.4450169218296,42.073596710599624,74.20763624531403,-2.125497602211745,0.1960856476560296,-0.021551062447663583,0.001011875650476668,-2.0187503760408587,0.09141467488624744,-0.00494782367067997,0.0915484775604404,1.5210932320643649
1644,13.621133399999962,214.5731207774005,378.43596889110194,42.074709357212036,74.20586205634879,-1.903187899348599,0.1960856476560296,-0.020438415835251078,0.002786064615719397,-2.057801588880047,0.1862889371446435,0.04797842378911433,0.19236812951154042,1.4712129635404367
1645,13.625827200001368,214.57958619410599,378.432356480588,42.0759771326341,74.20515371449356,-2.01696570486972,0.1960856476560296,-0.01917064041318639,0.0034944064709492295,-2.0525722806666344,0.1907324059027075,0.04132608666214736,0.19515813101237287,-2.024292239222647
1646,13.63768119999986,214.58634094549916,378.4328953335259,42.077301642435785,74.20525937582089,-2.100274244489569,0.1960856476560296,-0.01784613061150253,0.0033887451436243055,-2.051526419023952,0.1398819508206284,0.043330435070637593,0.14643936208818803,-2.620556628368145
1647,13.642226900001333,214.5893342598123,378.4344262259596,42.07788858841151,74.20555956185524,-2.116935952413539,0.1960856476560296,-0.017259184635776137,0.003088559109272637,-2.1081153423985404,0.16496453699008035,-0.024178640454638946,0.16672703775508724,0.14230370966590566
1648,13.653540799999973,214.59420246143745,378.43588469369695,42.0788431728801,74.2058455464461,-2.1202682939983326,0.1960856476560296,-0.01630460016718871,0.0028025745184123707,-2.087785177854708,0.11618944166841783,-0.02597725834402142,0.11905798715874001,0.09230794614401039
1649,13.658247400000619,214.59971104626757,378.4400029727407,42.079923327304186,74.20665308185961,-2.1861325162215417,0.1960856476560296,-0.015224445743101,0.0019950391048979554,-2.0399606000240667,0.09596753936851296,0.05868385693428835,0.11248806015364968,2.0112504380793945
1650,13.669316499999695,214.60119118930126,378.43199170998207,42.08021356210957,74.20508218821305,-1.9153148821505583,0.1960856476560296,-0.014934210937717296,0.0035659327514565575,-2.0303956844579387,0.0787086436231532,0.07164309746424435,0.10643206281599428,4.8936217496849395
1651,13.67403320000085,214.60144678414173,378.42202380640174,42.0802636805894,74.20312762538373,-1.8611513553363617,0.1960856476560296,-0.014884092457890574,0.005520495580782381,-1.984724156422838,0.06108232579091319,0.13406771321236832,0.14732685515553876,2.9086504343609727
1652,13.685329300000376,214.60391394212917,378.4220953070692,42.08074745486124,74.20314164563842,-2.0691113745828975,0.1960856476560296,-0.014400318186048366,0.005506475326086502,-1.9625503000345679,0.021736599302369777,0.16277728480946663,0.16422217937652026,0.7354754190141517
1653,13.690167400000064,214.60382119793462,378.415017845322,42.08072926905578,74.20175385696795,-1.8919106538228294,0.1960856476560296,-0.014418503991507237,0.006894263996557015,-2.001874073678789,0.03325923595201387,0.10497530722379388,0.11011808163440572,-0.06574660110086572
1654,13.701327800001309,214.60568628703248,378.41661304287345,42.08109498625947,74.20206665231298,-2.075263234280191,0.1960856476560296,-0.014052786787814853,0.006581468651532418,-2.0097388284076327,0.027747017898940695,0.042118595747953555,0.05043682295767316,-2.0538884821540306
1655,13.705978500000128,214.60767462351595,378.4201017470465,42.08148487050659,74.20275073713023,-2.111933750371663,0.1960856476560296,-0.013662902540694688,0.005897383834280845,-2.024351330134652,0.02370236345854444,0.02972466544648205,0.038017861189528095,-2.619524987194528
1656,13.717316199999914,214.60669541979502,378.41431346166394,42.08129286271078,74.20161573744217,-1.9004751289805826,0.1960856476560296,-0.0138549103365051,0.007032383522343366,-2.0272738304800555,0.01753055122654798,-0.09205630749118579,0.09371063960521436,-1.6147405179567755
1657,13.733062600000267,214.6085105553882,378.4193895226425,42.081648784749156,74.2026110801467,-2.1421738832179917,0.1960856476560296,-0.013498988298131565,0.006037040817815864,-2.040897881330386,0.016473363740813034,-0.11156867883522975,0.11277828607482815,-2.5663106527251207
1658,13.73814130000028,214.60761393645447,378.4277309866177,42.08147297064484,74.20424672151267,-1.9065231555498483,0.1960856476560296,-0.01367480240244845,0.004401399451836596,-2.0566622422817025,-0.011620721109003836,-0.13189900583758712,0.1324099274980433,-2.4324025034455206
1659,13.749116200000572,214.60915217185777,378.4347602002677,42.08177459653014,74.20562504942374,-2.143383488531845,0.1960856476560296,-0.013373176517148977,0.003023071540766864,-2.1166132101750907,-0.003925290533678043,-0.16982750036678093,0.16987285771012023,-3.439056454015815
1660,13.753965699999753,214.60775145238827,378.4409120349302,42.08149993554578,74.20683133590781,-2.190755555128244,0.1960856476560296,-0.013647837501508775,0.0018167850567039068,-2.128603403753768,0.004592305959557546,-0.19110189212674383,0.19115706225103957,-3.2171916419983715
1661,13.765153700000155,214.60898055718886,378.4460205502364,42.08174094535664,74.2078330424402,-2.200229968447524,0.1960856476560296,-0.013406827690644718,0.0008150785243117298,-2.187799538172629,0.016556289033696638,-0.1385379173778635,0.13952370858733307,-2.3664346082886074
1662,13.770070900000064,214.61061534803744,378.4502731429302,42.08206150437897,74.20866691483278,-2.20212485111138,0.1960856476560296,-0.013086268668317302,-1.879386826431073e-05,-2.186599214275151,-0.113290921532001,-0.11795771052656098,0.16355077002031498,-1.1625599709262415
1663,13.78162070000144,214.6120997903785,378.4537624385646,42.08235258221682,74.2093511156271,-2.202503827644151,0.1960856476560296,-0.012795190830466652,-0.0007029946625891625,-2.1733195987144054,-0.10856041994618425,-0.06502287846013512,0.12654382443301365,-0.6583925259404537
1664,13.78639050000129,214.5969756006708,378.45431432790286,42.079386945682714,74.20945933320543,-2.1373818690444555,0.1960856476560296,-0.015760827364573515,-0.000811212240918735,-2.170663675602256,-0.09485130202646615,-0.05977203727459272,0.11211362957317546,0.959305550667918
1665,13.797370500000397,214.59512860475755,378.45342233197573,42.07902477629285,74.20928442560636,-2.124357477324516,0.1960856476560296,-0.016122996754440067,-0.0006363046418442764,-2.1701324909798263,-0.09752198271547975,-0.032183351094347626,0.10269520534289991,0.7212472430162497
1666,13.802069700001084,214.5972875528007,378.45493883494703,42.079448115018145,74.20958179007366,-2.1869503528867784,0.1960856476560296,-0.015699658029141972,-0.0009336691091448301,-2.1569867032740904,-0.13840091006321742,-0.011268590625847357,0.1388588961536845,-0.164145629861999
1667,13.813072200000533,214.60019621681346,378.4567141398891,42.0800184622849,74.209929901893,-2.1994689279992308,0.1960856476560296,-0.015129310762389991,-0.0012817809284939585,-2.1673970965141933,-0.008448676480056221,-0.009655867324158435,0.012830273108800364,-0.3269071601187718
1668,13.81768639999973,214.59597953516038,378.4556473460074,42.079191631532,74.2097207189238,-2.136774889115471,0.1960856476560296,-0.015956141515289346,-0.0010725979592933754,-2.182518725943464,0.022845294225141484,-0.022216816824226777,0.0318668231556666,-0.36313395467648046
1669,13.829454800001258,214.59766050268658,378.4565250567167,42.07952124513806,74.2098928253967,-2.1894338352449694,0.1960856476560296,-0.015626527909226695,-0.0012447044321817202,-2.1855430518293177,0.014295384256770276,-0.0016525323056108474,0.01439058282592484,0.1606952003722646
1670,13.834011000000828,214.60052978021267,378.45761423537056,42.08008386928007,74.21010639769844,-2.199965624470869,0.1960856476560296,-0.015063903767220665,-0.0014582767339277325,-2.1861479170064886,0.026527277277001216,0.0018671433417165825,0.026592906271963233,0.9010579143167687
1671,13.845372900001166,214.60327270384224,378.45532305347155,42.08062171723644,74.20965712981187,-2.202071982316049,0.1960856476560296,-0.014526055810847538,-0.0010090088473617698,-2.1246050716825478,0.05586503055764076,0.0016740494844145418,0.055890107182599,1.8241614320101416
1672,13.84983960000136,214.6058467098961,378.45564289715696,42.08112644288058,74.20971984656808,-2.202493253885085,0.1960856476560296,-0.014021330166706036,-0.0010717256035661649,-2.1122965026177596,0.061444765152739965,0.0017823000355597762,0.06147060889638335,4.32078861082895
1673,13.86142220000147,214.60392673484708,378.4530220524142,42.080749963329616,74.20920593652929,-1.829060662495767,0.1960856476560296,-0.01439780971767135,-0.0005578155647754102,-2.096795238023552,0.030701072993417653,0.006647885497596431,0.03141258130966495,4.767410941286845
1674,13.866321400000743,214.6053235721395,378.4533739213067,42.08102386307477,74.20927493296897,-2.1278909899210285,0.1960856476560296,-0.014123909972518334,-0.0006268120044552461,-2.0368968894015858,0.007718645842863135,-0.020081550465735575,0.021513859782833787,1.2830414874225968
1675,13.87823329999992,214.6034869599294,378.454743626811,42.080663729780056,74.20954351255988,-2.1224593014998305,0.1960856476560296,-0.014484043267231073,-0.0008953915953640035,-2.0118776688959423,-0.012027407691395986,-0.01050044765794447,0.015966149717207428,1.5762806585967089
1676,13.882952900001328,214.60186050951359,378.457008660609,42.08034480619689,74.20998765317911,-1.902580239206216,0.1960856476560296,-0.014802966850396615,-0.0013395322146010358,-2.0685376431541886,0.004762765740355726,0.002561920286614547,0.005408084046358136,1.6907241907495434
1677,13.893722200000411,214.60264408245652,378.4551487715976,42.080498453604896,74.20962295563774,-2.0773971513568683,0.1960856476560296,-0.014649319442391118,-0.0009748346732294522,-2.023071542302713,-0.028560748906317802,-0.0003015874276066999,0.028562341169207823,-1.4925333005440289
1678,13.898481700000048,214.60389283213757,378.4524865337197,42.080743315494864,74.20910092899925,-2.112360533786999,0.1960856476560296,-0.014404457552423366,-0.0004528080347370178,-2.013978322132418,-0.021319797867331788,0.018931300141503796,0.028511890609911977,-0.44415393225680977
1679,13.909847099999752,214.59747589358128,378.45413268079324,42.079485045942086,74.20942371481429,-1.9005604856636498,0.1960856476560296,-0.015662727105201668,-0.0007755938497808756,-2.0559182230202335,-0.001954254693129602,0.04637219980467553,0.046413360427040494,2.3086346238234774
1680,13.914664500000072,214.59762260498712,378.452324063753,42.079513813943116,74.2090690709706,-2.076993200648355,0.1960856476560296,-0.015633959104171424,-0.0004209500060881055,-2.020547658275922,-0.011686617829595448,0.13724259110926423,0.1377392676424545,2.0172491904524774
1681,13.92557300000044,214.59925001159834,378.44992641388745,42.07983292502248,74.20859892624387,-2.112279743645296,0.1960856476560296,-0.015314848024807759,4.91947206455734e-05,-2.0013629496239345,-0.019669915501672793,0.13586280592629657,0.13727930510462774,1.4468030799344218
1682,13.930299800000284,214.59842090133708,378.4381575678273,42.07967034839992,74.206291224442,-1.9005443276353091,0.1960856476560296,-0.015477424647365012,0.002356896522513807,-1.9882938301591622,-0.00034144986688572354,0.1403686415966181,0.14036905688823095,2.941092469806229
1683,13.941371099999742,214.59907193065652,378.4323543333631,42.079798005905666,74.20515329345358,-2.016436990527062,0.1960856476560296,-0.01534976714162184,0.0034948275109343285,-1.9987195570474574,0.018185410555550004,0.09780420981004903,0.09948051373832968,-0.5573613710415637
1684,13.957127200001196,214.59794150561333,378.4328261321689,42.079576345778946,74.20524580642798,-1.8352148883397874,0.1960856476560296,-0.015571427268341154,0.003402314536529616,-1.9391408840657416,0.007268347668024311,0.08874311432176665,0.08904026739262084,-0.3158913629685196
1685,13.961549100000411,214.60016515545607,378.4359653221047,42.08001237159852,74.20586135651966,-2.1291218350898324,0.1960856476560296,-0.015135401448766572,0.0027867644448491546,-1.9840232451725233,0.03591769288051898,-0.039395563076138895,0.0533112657132179,-4.002959609003134
1686,13.97230540000055,214.5987755723113,378.43608636226446,42.079739894287606,74.20588509075777,-1.8143863787367165,0.1960856476560296,-0.015407878759681637,0.0027630302067365164,-1.9521195904407547,0.030628420087557066,-0.05876530731167054,0.06626810288890839,-3.143213638658133
1687,13.976111900001342,214.60088865626142,378.4390463098044,42.08015423972252,74.20646549398816,-2.1249561331692184,0.1960856476560296,-0.014993533324769714,0.002182626976349411,-2.011769132931901,0.04883681088463208,-0.07756525145628888,0.09165916392188314,-5.877000917807098
1688,13.989477300001454,214.59987197485637,378.4386418875097,42.07995488309074,74.20638619258058,-1.8569187168682189,0.1960856476560296,-0.015192889956544775,0.002261928383930467,-1.9669009457270055,0.01747753319890369,-0.06625460702356765,0.0685210706174835,-4.043377303970367
1689,13.994806200000312,214.60196384332346,378.44135602851804,42.080365068473924,74.20691839667803,-2.133462600795519,0.1960856476560296,-0.014782704573363503,0.0017297242864771079,-2.0195911266454014,0.0030615660008376684,-0.04360714324977119,0.043714484198987755,-6.974877444020146
1690,14.005538500001421,214.59877892469805,378.44587977861386,42.07974055164253,74.20780543914542,-1.9047808990653539,0.1960856476560296,-0.015407221404757365,0.0008426818190940821,-2.0301291628290805,-0.022528259689333655,-0.01976377650137757,0.02996880621957538,-4.037920551655542
1691,14.010251200001221,214.59643774264913,378.44321127766125,42.07928147944419,74.20728218440784,-2.0778372833286958,0.1960856476560296,-0.015866293603096437,0.0013659365566667248,-2.0852274927220664,-0.03116193866160958,-0.019925017668388237,0.03698746747528819,-4.405588421052207
1692,14.021431200000734,214.59534890709784,378.4451076289856,42.07906797441992,74.20765403168548,-2.1776463140876143,0.1960856476560296,-0.016079798627366415,0.0009940892790325506,-2.0962471587006637,-0.04846361317375828,-0.007717573053140191,0.04907425736255448,-2.403658767480349
1693,14.026058999999805,214.5939780653975,378.4449866240433,42.07879917203728,74.20763030435299,-2.132410366333148,0.1960856476560296,-0.01634860101000868,0.0010178166115224485,-2.089218914162008,-0.04225738568294081,-0.001259219787679582,0.04227614314516515,0.12515100058369333
1694,14.03757880000012,214.5934179172283,378.4472680793507,42.078689335020734,74.20807766499453,-2.1885609306885048,0.1960856476560296,-0.01645843802655378,0.0005704559699779566,-2.087813265254277,-0.02598107352515725,-0.02116526550082527,0.03351096306046801,2.6703955517560423
1695,14.04247320000104,214.59274000787153,378.4485250886853,42.07855640672546,74.20832414648402,-1.869639676372076,0.1960856476560296,-0.01659136632182623,0.00032397448049437116,-2.030734039769605,-0.022225042489699257,-0.016125504317488354,0.02745877643235898,2.9593480788481386
1696,14.053505500000028,214.59183810865733,378.44787803730804,42.07837955723392,74.20819726899565,-2.07080903879004,0.1960856476560296,-0.016768215813364407,0.00045085196886418544,-2.019318194672671,-0.0012443187666746468,-0.02452112035714858,0.02455267139768838,1.475291805853278
1697,14.058478599999944,214.59183007159794,378.44808248540124,42.07837798128193,74.20823735833241,-1.892250186664258,0.1960856476560296,-0.016769791765355535,0.00041076263210015895,-2.0170350256532843,0.004842114951193545,-0.034213244017693156,0.03455419140154763,1.4083406811448087
1698,14.069589800001268,214.59448309162997,378.4501706457644,42.07889820043315,74.20864681660963,-2.0753311408484767,0.1960856476560296,-0.016249572614135843,1.3043548818814088e-06,-2.082608665286907,0.02182961753297787,-0.03038830917581106,0.03741632713403037,-1.9686760365083413
1699,14.074309900001026,214.5949861293528,378.45227197052316,42.07899683891083,74.20905885623588,-2.1771450855915706,0.1960856476560296,-0.016150934136454964,-0.0004107352713731416,-2.0836127975105065,0.01696607445070673,-0.0026077071358493395,0.017165308583689465,-3.133471032910984
1700,14.085223100000803,214.59820179356868,378.4540103754433,42.07962738451125,74.20939973249055,-2.1975078745401895,0.1960856476560296,-0.01552038853603932,-0.000751611526041529,-2.140611719658352,0.026377832296082454,-0.0027956137674219205,0.026525563009611116,-2.2893821408160644
1701,14.090326100000311,214.59715176675155,378.45009622179055,42.079421489322755,74.20863222313652,-2.075829699908038,0.1960856476560296,-0.015726283724532664,1.5897827992716884e-05,-2.1650510548691706,0.043236672262405934,-0.007007317491070154,0.043800825640019164,-0.12725489365669862
1702,14.101419100001294,214.59979605936365,378.4506054153109,42.07993999715219,74.20873206867775,-2.1772447974034828,0.1960856476560296,-0.015207775895099473,-8.394771323594341e-05,-2.1131408262082094,0.03716173960850699,0.049221547002385055,0.06167459428353362,-0.22016078208549938
1703,14.106190200000128,214.6029862768038,378.4520144519723,42.0805655530051,74.20900836054406,-2.197527816902572,0.1960856476560296,-0.014582220042186123,-0.00036023957954967045,-2.089719229694767,0.03577436561171017,0.0789729923437903,0.08669797433996178,0.7661178098171767
1704,14.117155300000377,214.6024563165154,378.44117438936024,42.08046163539872,74.20688277984614,-1.9175939422867643,0.1960856476560296,-0.01468613764856741,0.0017653411183715662,-2.0971455060952033,0.01761214484111486,0.05092785262274876,0.053887232427253365,1.718846745061474
1705,14.122249800000645,214.6037772261015,378.4381210509533,42.080720646810406,74.20628406400711,-2.080399891972978,0.1960856476560296,-0.014427126236881804,0.0023640569574041592,-2.098630761375291,0.015965140832805945,0.03451353898672137,0.03802722833969449,-0.8132291254984392
1706,14.133869400000549,214.59600503650586,378.43751793363674,42.07919663197984,74.20616580135747,-2.1129610819102207,0.1960856476560296,-0.015951141067446883,0.00248231960704004,-2.098927812431308,0.0013817402703856698,0.03399730488531688,0.0340253720867237,-1.9715281235548652
1707,14.13935980000133,214.5970832293413,378.44006795997166,42.07940805012028,74.2066658249229,-2.1846710738039192,0.1960856476560296,-0.01573972292700887,0.001982296041617815,-2.142745767564387,0.01906732946626926,-0.005483106457706787,0.019840048119946833,-0.34618984064107905
1708,14.149290900000778,214.60003069503063,378.44313161401635,42.07998600583891,74.20726656351044,-2.199013072182659,0.1960856476560296,-0.01516176720837592,0.001381557454067206,-2.1515093585910026,0.01595112921362822,-0.02694089643622916,0.03130895117977427,-0.12748060515822465
1709,14.154929700000139,214.60230106975376,378.4432337702033,42.08043119373692,74.20728659487251,-2.136683717952157,0.1960856476560296,-0.01471657931036674,0.001361526091997689,-2.109503531874451,0.040524148107212256,-0.03763749106116919,0.055306304461560846,-0.10089820249987025
1710,14.165404900000794,214.6041847339912,378.4426871046602,42.08080055325888,74.20717940160546,-2.124217847106056,0.1960856476560296,-0.014347219788405141,0.0014687193590532388,-2.1011023665311406,0.047276044349347277,-0.015343936719063717,0.04970372987372359,1.5096458829791048
1711,14.181057200001305,214.60352268496263,378.44614388309867,42.08067073494634,74.20785722624437,-1.9029319483274612,0.1960856476560296,-0.014477038100949358,0.0007908947201400451,-2.099422133462478,-0.011347384247977155,-0.011761914837418475,0.016343370824708253,1.6872858512634041
1712,14.18573170000127,214.60524544785198,378.4456576748762,42.081008544023256,74.20776188779017,-2.1426652470873675,0.1960856476560296,-0.014139229024031863,0.0008862331743415552,-2.0990860868487458,-0.03377161264514271,-0.006910775911504948,0.03447144679807623,-2.2590018498665168
1713,14.197398500000418,214.59126802700206,378.4481911521175,42.078267772403336,74.20825866631584,-2.1906119068393486,0.1960856476560296,-0.01688000064395112,0.0003894546486691297,-2.0990188775259995,-0.03282580092075363,-0.0049502218021148185,0.03319695621557921,-1.4495358962718086
1714,14.202021900000545,214.59048592154545,378.4477030004317,42.07811441274834,74.20816294677638,-2.135003484883495,0.1960856476560296,-0.017033360298945865,0.00048517418812821234,-2.155803531364575,-0.00043424485943678245,0.017786138243537676,0.017791438452699117,-0.9851496615382591
1715,14.213296300000366,214.592785207193,378.4465509942486,42.078565269663684,74.20793705489787,-2.123881800492324,0.1960856476560296,-0.016582503383602898,0.0007110660666427293,-2.1011301886947904,-0.023856148322671064,0.01172922956144683,0.02658365360326529,-0.9615160411326512
1716,14.217797500001325,214.59631260428847,378.44493547805433,42.07925694160769,74.20762027535862,-2.18685521752034,0.1960856476560296,-0.015890831439598685,0.0010278456058898655,-2.090195520160833,-0.0891543837461097,-0.0020959713178049857,0.08917901791853088,-0.4348321400350168
1717,14.229304200000115,214.5936811173807,378.4455157909003,42.07874094479308,74.20773406637886,-1.8692985337384431,0.1960856476560296,-0.016406828254204697,0.0009140545856496374,-2.0880085864540416,-0.1331949095407945,-0.017121430749005323,0.1342908311035173,2.2936867807564547
1718,14.234058699999878,214.5800685337397,378.4482243456743,42.07607171251357,74.20826517509593,-2.135938564169564,0.1960856476560296,-0.01907606053372035,0.0003829458685800091,-2.075460604009559,-0.13060988645923413,0.006866602669883658,0.13079026214944323,-0.7877195347472119
1719,14.24548700000014,214.56530140467515,378.4513962963795,42.07317609044692,74.2088871491043,-2.1240688163495376,0.1960856476560296,-0.021971682600366194,-0.00023902813978793347,-2.059911456739412,-0.14127692161681124,-0.0004505740457869242,0.1412776401221841,-0.6094579627553385
1720,14.250211600001421,214.56657635824888,378.44802363464174,42.07342609054416,74.20822581854313,-2.0611418882699075,0.1960856476560296,-0.021721682503127226,0.00042230242138430185,-2.1097923499416322,-0.1314147456662603,0.011339873805567186,0.1319031012389552,-0.33629144820186435
1721,14.261346900000717,214.57227381978683,378.4461047245784,42.074543280979825,74.20784954782056,-2.1091094811696065,0.1960856476560296,-0.020604492067462843,0.0007985731439532628,-2.0728166242852017,-0.007095079681843112,0.034003119183133194,0.03473546127337398,-1.2896986271250255
1722,14.266099899999972,214.57238211461467,378.44491546337116,42.07456451604128,74.2076163507665,-2.118702999749546,0.1960856476560296,-0.020583257006009603,0.0010317701980113725,-2.0654214791539154,0.0919765936772823,0.05224980656105266,0.10578154881709431,0.8958072658765477
1723,14.277224299999943,214.57579663949352,378.4448241417217,42.07523405536359,74.20759844390173,-1.9510599358874094,0.1960856476560296,-0.019913717683699872,0.0010496770627810292,-2.089092596612033,0.10307167504096586,0.028768414221109158,0.10701117629737456,2.9789168084192297
1724,14.281857200001468,214.5815140097269,378.44395444851637,42.07635514960869,74.2074279095463,-2.087093090693107,0.1960856476560296,-0.018792623438599776,0.0012202114182144896,-2.0321630017442818,0.09959043772032747,0.035127258629282426,0.10560388053539946,0.2406360515321775
1725,14.293490300000485,214.58794442040048,378.4426155042189,42.07761606085031,74.20716536178655,-2.1794974755604963,0.1960856476560296,-0.017531712196976912,0.0014827591779607019,-2.0338166335519814,0.11577960767475633,0.018134357423450487,0.1171911791581685,0.864327059620305
1726,14.29804950000107,214.5898724576392,378.44109058259767,42.077994121280966,74.20686634654282,-1.8244615068308494,0.1960856476560296,-0.01715365176632133,0.0017817744216870324,-2.0810992642103963,0.11759782570637799,-0.0044496397181407465,0.11768197782366215,2.2419725217027078
1727,14.309218399999736,214.59473755410707,378.4431354996533,42.07894809687278,74.20726732542808,-2.126971158788045,0.1960856476560296,-0.01619967617450868,0.0013807955364342206,-2.0288919719827043,0.06869375455322023,-0.00887736668998054,0.06926499515604141,-1.211047799029593
1728,14.314151000000493,214.59648025644668,378.4459355472766,42.079289815789714,74.20781637457976,-2.187473089179484,0.1960856476560296,-0.01585795725757322,0.0008317463847475892,-2.005410962755916,0.06968456821636554,-0.005472467670990654,0.06989911980784408,-1.6687313192071576
1729,14.32559720000063,214.59633228334997,378.44507916269805,42.07926080038921,74.20764844985504,-1.826056629554647,0.1960856476560296,-0.015886972658080367,0.0009996711094686361,-2.0623785792699336,0.052694532171019916,-0.01583263377658264,0.05502168675191663,0.6037010562143714
1730,14.3302848000003,214.59904187210702,378.4441326446784,42.07979211185552,74.20746285125614,-2.0620924294265546,0.1960856476560296,-0.015355661191769343,0.001185269708372516,-2.073772102572737,0.060787288321351496,-0.025278282337366495,0.06583377536941605,-2.7898698092581533
1731,14.341139600001043,214.5989296269623,378.44336958695084,42.07977010219362,74.20731322658743,-2.109299589400936,0.1960856476560296,-0.015377670853666814,0.0013348943770807864,-2.0630112564520475,0.05592234156024365,-0.001870544247633351,0.055953616696000165,-3.950283611487764
1732,14.345980500000223,214.60203724682847,378.44542186451116,42.08037946184775,74.20771564876202,-2.1839387753020625,0.1960856476560296,-0.014768311199539141,0.0009324722024928178,-2.1225229055872847,0.07407942615155927,0.029193024723726913,0.07962407972130324,-3.0599418147374315
1733,14.3574064000004,214.6046566505743,378.4450880711083,42.080893089327716,74.20765019666642,-2.1336688585760375,0.1960856476560296,-0.014254683719570949,0.0009979242980904246,-2.1344252354143323,0.057256595185979614,0.025489013247091758,0.06267381820666076,-2.582121674859992
1734,14.361938199999713,214.60669623661818,378.4411594079138,42.081293022878086,74.20687984219951,-2.1236148752308326,0.1960856476560296,-0.01385475016920168,0.001768278764998854,-2.1368057013797417,-0.06026196767924225,0.022061513564874145,0.06417332100917923,-2.784430395382151
1735,14.373419800000192,214.60840776276783,378.43992547209564,42.081628628591616,74.20663788509545,-2.1216040785617913,0.1960856476560296,-0.01351914445567104,0.0020102358690650135,-2.1372817945728233,-0.08558477268363593,0.02942000591011177,0.09050022134260582,-0.32607083710729035
1736,14.378133800000796,214.59423298317242,378.4400060872622,42.07884915775427,74.20665369257259,-2.121201919227983,0.1960856476560296,-0.01629861529301735,0.00199442839192443,-2.13737701321144,-0.07539188220813295,0.026801341012896416,0.08001404741028013,-0.6722370315929975
1737,14.389260699999795,214.59419118036342,378.4426354939835,42.0788409608234,74.2071692814925,-2.186319241267472,0.1960856476560296,-0.0163068122238883,0.001478839472014215,-2.137396056939163,-0.08470888929402437,0.004491303688634299,0.08482787121135846,-0.8334045204377931
1738,14.393965200000821,214.59649243620413,378.4428121938084,42.07929220406534,74.20720392979209,-2.1341449517691196,0.1960856476560296,-0.015855568981947954,0.0014441911724247802,-2.1504394164659577,-0.0825913054206886,-0.004572918023859923,0.08271780528003876,-0.1486921823816768
1739,14.405720900000233,214.5989903575862,378.43930870030755,42.079782010597334,74.20651694499992,-2.123710093869449,0.1960856476560296,-0.015365762449953024,0.0021311759645925576,-2.166087639152567,0.06201911616323395,-0.030535723030067054,0.06912887349463807,0.33632316292913556
1740,14.42158930000005,214.6022126467696,378.44127096169797,42.080413855258804,74.20690171629553,-2.186820876195765,0.1960856476560296,-0.014733917788483097,0.0017464046689781298,-2.1124191879867635,0.012342165616375064,0.009490308042407171,0.015569039753363375,0.5885707208629252
1741,14.42605259999982,214.60524981696585,378.4443021154245,42.081009400743774,74.20749608203714,-2.199443032661028,0.1960856476560296,-0.014138372303513336,0.0011520389273727005,-2.101685497753603,-0.13527365140299955,0.043738242591200946,0.14216889473041205,1.2575081040533174
1742,14.437372200000027,214.59086857606763,378.43542397856316,42.07818944580815,74.20575520682071,-1.9179769854384556,0.1960856476560296,-0.016958327239137816,0.002892914143799885,-2.087428164003846,-0.1445451606686291,0.05202168222881051,0.15362147927498662,1.5338625778798232
1743,14.44235590000062,214.57454743576494,378.43125894874237,42.074989104441414,74.20493850425079,-2.080476500603316,0.1960856476560296,-0.02015866860587323,0.0037096167137207203,-2.0845766972538944,-0.1355471082482012,0.029636514165574272,0.13874920369622257,-1.0704443344701957
1744,14.453614400001243,214.57427803325766,378.42552561365045,42.074936278476294,74.20381427952607,-2.0524234251206632,0.1960856476560296,-0.020211494570993693,0.004833841438440345,-2.0840064039039037,-0.16545308147739446,0.04997951355614013,0.17283713127008826,-1.491682560424474
1745,14.45814210000026,214.57623628687887,378.4286699165962,42.07532026390588,74.20443083220562,-2.172563542446008,0.1960856476560296,-0.019827509141407518,0.0042172887588947106,-2.127650890155781,-0.08265390976273859,0.03080456017849554,0.0882076511809349,-0.48264422855011335
1746,14.469463999999789,214.57530678290135,378.43048596059435,42.07513800151645,74.20478693236916,-2.196591565911077,0.1960856476560296,-0.020009771530837384,0.00386118859535145,-2.124269191703031,0.008058110781065289,0.001706678490566024,0.008236862317052614,-0.7371889510729108
1747,14.474591000000146,214.57961771135035,378.4289715878048,42.07598331271337,74.20448998559993,-2.13619941669784,0.1960856476560296,-0.019164460333918498,0.004158135364576765,-2.091944902793731,0.012910335682637185,0.050300582019103014,0.05193096685888762,-0.25191779364389705
1748,14.485463900000468,214.56915979893134,378.42795212546685,42.07393266618356,74.20429008366713,-2.063568008339568,0.1960856476560296,-0.021215106863728295,0.004358037297379269,-2.099562076261871,0.019771947831470002,0.08983926531827047,0.09198925760096646,1.7162438164545133
1749,14.490113100000599,214.56962378151994,378.4198237247261,42.07402364650995,74.20269622094347,-1.8908019805741636,0.1960856476560296,-0.021124126537337418,0.005951900021045731,-2.0880459601742496,0.07586838741631978,0.10429025002044505,0.1289669277701835,2.150581830884604
1750,14.501550900000439,214.57657189996982,378.4162352280565,42.07538607281618,74.2019925682499,-2.2106494097867078,0.1960856476560296,-0.01976170023110768,0.006655552714605051,-2.085742736956725,0.06345537790635432,0.08236804492681574,0.10397634255110234,0.9318192566706303
1751,14.5063022000013,214.58297811903543,378.4152465511547,42.07664224043069,74.2017987028993,-2.1390109854729666,0.1960856476560296,-0.018505532616600817,0.006849418065215218,-2.0740052368444704,0.01599629634637796,0.15230705429889152,0.15314476904552318,2.1521774328678136
1752,14.517432800001188,214.58881398776668,378.41818083944884,42.07778657053049,74.20237407471986,-2.1246833006102186,0.1960856476560296,-0.017361202516795515,0.006274046244655551,-2.071657736822019,0.011184033917821282,0.11145739622237844,0.11201711381457405,1.7601214762921529
1753,14.522541100001035,214.5777187862483,378.40859184072156,42.07561096075489,74.20049380969404,-2.004880507778294,0.1960856476560296,-0.019536812292400896,0.008154311270473613,-2.044066654786279,0.025437065994139814,0.09777394090181601,0.10102864863919558,2.256695342898303
1754,14.53322020000087,214.57747413015582,378.40104474973117,42.07556298720654,74.19901393346927,-1.8790644804619088,0.1960856476560296,-0.019584785840748964,0.009634187495237256,-2.038548438379131,-0.007685079947969395,0.07118401123810088,0.07159765296259894,1.606359713448794
1755,14.538143100000525,214.58225381696278,378.401217913507,42.076500215189675,74.19904788840041,-2.0726939996080067,0.1960856476560296,-0.018647557857612185,0.0096002325640967,-2.0253341993945764,-0.01773891421870002,0.07796781189076832,0.07996029495126085,-0.7861243914697087
1756,14.549193900000319,214.58782038173092,378.40641104575957,42.077591738647456,74.20006618710151,-2.1114199034372265,0.1960856476560296,-0.017556034399831333,0.00858193386299888,-2.0339682070664153,0.0785993152554835,0.006579864388648356,0.07887424785063807,-2.304023752128991
1757,14.554174099999727,214.58915480246398,378.40686246602974,42.07785339940114,74.20015470413756,-2.0586121056874456,0.1960856476560296,-0.017294373646144834,0.008493416826951261,-2.092493104303909,0.1165728340317155,-0.05579462103693365,0.12923724451891153,-2.602377571998296
1758,14.565481900001032,214.59237231878006,378.40622001103867,42.078484308171824,74.20002872793454,-2.0480505461374894,0.1960856476560296,-0.016663464875463774,0.008619393029974276,-2.117237634532657,0.0952418119129522,-0.07358449488046864,0.12035647312577699,-3.382509696666237
1759,14.570557500001087,214.59717068589617,378.41070569856043,42.07942519909548,74.20090830687744,-2.171688966649373,0.1960856476560296,-0.01572257395180543,0.007739814087074137,-2.1221865405784066,0.10142335848375036,-0.0479089250580514,0.11216934851527544,-1.9765023661307592
1760,14.581327100000635,214.60176917293887,378.41596988167134,42.08032689640549,74.20194053763211,-2.1964166507517495,0.1960856476560296,-0.01482087664179943,0.006707583332399736,-2.1352869174906814,0.07747010472709229,-0.04859244184698353,0.09144857861705191,1.6628910623987267
1761,14.585972500000935,214.60484140212145,378.4151115500077,42.0809293164545,74.20177223111195,-2.136164433665975,0.1960856476560296,-0.01421845659278631,0.00687588985256582,-2.1062590436543864,0.054734329851114455,0.007960174667409642,0.055310136909849254,4.851265749037377
1762,14.597117700001036,214.60102037860653,378.41631603447456,42.080180068583864,74.20200841322873,-2.12411399024882,0.1960856476560296,-0.014967704463423104,0.00663970773578626,-2.0344231954496275,0.012395681089166881,0.08074041362101647,0.08168639606052622,6.081726782558519
1763,14.602292000001398,214.59949291813797,378.4085605149663,42.07988055550862,74.20048766716305,-1.902911176956014,0.1960856476560296,-0.015267217538664113,0.008160453801465906,-1.9632579301055506,-0.011663934922446101,0.17184186083456116,0.17223725646026686,8.704109681751461
1764,14.613493200000448,214.5979895320247,378.39767235530405,42.07958576306893,74.19835265532387,-1.8125097256255778,0.1960856476560296,-0.015562009978360436,0.010295465640638213,-1.9052663321148604,-0.04007653117115317,0.1899733763891866,0.1941546087205245,7.828043066385412
1765,14.618146800001341,214.59712158954915,378.38913671675573,42.079415572006475,74.19667893911098,-1.8405903240313655,0.1960856476560296,-0.0157322010408123,0.01196918185353013,-1.8499094675948473,-0.02813344923805524,0.20833469918276787,0.21022568313506465,6.47483474946882
1766,14.62901360000069,214.59643539616658,378.38210473582956,42.07928101933264,74.19530006857676,-1.8462064437125232,0.1960856476560296,-0.015866753714647075,0.01334805238775516,-1.8296059169564696,-0.026326300153723087,0.22518092096073228,0.22671462512265828,3.681022280040649
1767,14.645144699999946,214.59581752824087,378.37629553210195,42.07915986430026,74.19416096710147,-1.8473296676487547,0.1960856476560296,-0.015987908747028712,0.014487153863044,-1.8347773845631692,-0.023048356352915154,0.20146805642786,0.2027821601901665,2.296239478387251
1768,14.649945099999968,214.59462164890593,378.36703836056455,42.078925369526345,74.19234576862509,-1.801393423764126,0.1960856476560296,-0.016222403520941953,0.01630235233942301,-1.835811678084509,-0.02001252947366601,0.17473223218383993,0.17587454136367123,0.1438495897538833
1769,14.66172650000044,214.59402513268546,378.36270990752394,42.07880840125692,74.19149702110728,-1.8383670636590752,0.1960856476560296,-0.01633937179036593,0.01715109985723018,-1.856389630538777,-0.015113809288943222,0.16148337274504881,0.1621891084639746,-0.21149441280195555
1770,14.666240300000936,214.59353268087645,378.3575079212169,42.07871183852501,74.19047698625316,-1.845761791638065,0.1960856476560296,-0.016435934522277762,0.01817113471135201,-1.8512730432952558,-0.019242460539235264,0.17023234394146286,0.1713164417427835,-0.13866327123075914
1771,14.677401900000405,214.59422209844178,378.35405593538235,42.078847023414816,74.1898001013751,-1.9490962059838632,0.1960856476560296,-0.016300749632470968,0.018848019589412957,-1.8502497258465516,-0.012604664922749677,0.10151290555500317,0.10229246097359174,-0.2672064495866213
1772,14.682099700001345,214.59354759004015,378.351316107869,42.07871476199803,74.18926286052267,-1.8217467314311477,0.1960856476560296,-0.01643301104925854,0.01938526044183675,-1.8500450623568105,-0.014786519504665039,0.1284521064267274,0.12930036660630606,1.2778242177090666
1773,14.693525399999999,214.5926350969729,378.34930363634226,42.07853583520396,74.18886824373996,-1.7962768365206045,0.1960856476560296,-0.016611937843329372,0.019779877224550546,-1.8598503210651125,-0.009707811517503773,0.09322450681545008,0.09372859902635522,0.6275426302811611
1774,14.69814899999983,214.5921437595948,378.34442887539416,42.078439490995954,74.18791237308228,-1.837343746210371,0.1960856476560296,-0.0167082820513329,0.02073574788222743,-1.8322081013223976,-0.01664033058707466,0.08304257564338174,0.08469338800363292,0.41143795352422047
1775,14.709516500000973,214.59237569209597,378.3415393477548,42.07848496963066,74.18734577818371,-1.8947880851795744,0.1960856476560296,-0.0166628034166294,0.021302342780799677,-1.85628292885823,-0.007810053527729248,0.05668501238500981,0.05722051699517151,0.20454748975537068
1776,14.714385799999945,214.59181569426423,378.34129761770043,42.07837516209314,74.18729837838944,-1.8108851072702898,0.1960856476560296,-0.01677261095414906,0.02134974257506883,-1.8610978943653962,-0.008189109458408617,0.04102057397072173,0.0418300012265031,1.1001787988683889
1777,14.725294400001076,214.59270566306802,378.3422671534486,42.07854967220242,74.18748849043453,-1.9421208691103082,0.1960856476560296,-0.016598100844866792,0.021159630529979268,-1.8719070788730794,-0.003398310659289213,0.010960031632877468,0.011474790138852798,-0.37038731099253147
1778,14.729967500001294,214.59228728612834,378.34331062381136,42.07846763448924,74.18769309999644,-1.8203516640564368,0.1960856476560296,-0.016680138558044177,0.020955020968074223,-1.854990546633991,-0.008796089811821294,-0.004579101802168725,0.00991662086056794,0.7881859035355447
1779,14.741387699999905,214.59246879418833,378.340023822945,42.07850322561474,74.18704860551983,-1.8913896687487874,0.1960856476560296,-0.016644547432548507,0.02159951544467731,-1.8706856093267985,-0.003559892417050579,0.003297929661243099,0.004852749125133221,0.7048545122950829
1780,14.74607670000114,214.5919190784299,378.34068985466206,42.07839543424422,74.18717920478043,-1.8102054239841325,0.1960856476560296,-0.016752338803065925,0.021468916184076647,-1.8534535281153601,-0.007627928942362346,0.02441194996227525,0.02557593792826296,1.5527936735325027
1781,14.757198700001027,214.5921249722442,378.3379037869077,42.07843580706614,74.18663289688041,-1.8893604207343266,0.1960856476560296,-0.016711965981144772,0.022015224084100282,-1.8690854810136974,-0.0030220070208617318,0.042293163837038975,0.04240099331125108,0.7220880709433065
1782,14.762108800001442,214.5920162284126,378.3356966498519,42.078414483961495,74.18620010898135,-1.8559604630531155,0.1960856476560296,-0.01673328908579208,0.022448011983158267,-1.8531335024527398,-0.00844725472656745,0.03535489428126225,0.03635002973939287,3.207097222923787
1783,14.773432600000888,214.59233236520862,378.3330620408809,42.078476473849896,74.18568349997496,-1.8985114285481233,0.1960856476560296,-0.016671299197390965,0.022964620989554874,-1.8591752844749232,-0.00467811049277681,0.04332481111639697,0.043576644846225865,-0.008958500986461893
1784,14.777927600000112,214.5917819743588,378.3325636059234,42.07836855010365,74.1855857640335,-1.8116297759439997,0.1960856476560296,-0.016779222943640093,0.02306235693100689,-1.8095022932231097,-0.0274696361002012,0.1257539167211509,0.12871918457707707,-6.762415919561468
1785,14.789316399999734,214.59154137982017,378.33186679259416,42.078321372967714,74.18544912894055,-1.8404143340950498,0.1960856476560296,-0.016826400079573034,0.023198992023964138,-1.950783515285247,0.00031862608186963154,0.0929455445952626,0.09294609073376886,-10.801547094006327
1786,14.793837000001076,214.5889978632656,378.3212326893595,42.077822625876784,74.18336393392053,-1.64099546447526,0.1960856476560296,-0.01732514717050293,0.0252841870439795,-2.1097856093070497,0.07343601209377587,0.01581038177139145,0.07511867972744425,-18.403514323899273
1787,14.805181200001243,214.59678483568945,378.3256237240977,42.079349539407794,74.18422495281105,-2.5623665733638017,0.1960856476560296,-0.01579823363949373,0.02442316815346146,-2.302034026158285,0.10709261244340287,-0.0007523377487663949,0.10709525503980606,-24.787013468739058
1788,14.80982640000002,214.60557514568995,378.3336794905947,42.08107319303734,74.18580457300199,-2.6935218986571354,0.1960856476560296,-0.014074580009946658,0.022843547962523303,-2.481075750544157,0.1686686044288344,-0.062498022954353145,0.17987523729844937,-4.835834874876927
1789,14.821290100000624,214.61400975321936,378.33724982870336,42.08272709851747,74.18650466506237,-2.772871860200177,0.1960856476560296,-0.01242067452981388,0.022143455902138953,-2.7202861950307065,0.2076846874685057,-0.04903876180181693,0.21339571122200707,10.927015969030267
1790,14.825857800000449,214.62108514094155,378.34416200551567,42.08411448050139,74.18786004372933,-2.7356229560244105,0.1960856476560296,-0.011033292545896245,0.02078807723518139,-2.3212947878342667,0.024731980224669187,1.2094540382396084,1.2097068824553863,38.289323553873544
1791,14.837681599999996,214.6261956626768,378.31229019620315,42.08511658046571,74.18161043935831,-2.837047686908007,0.1960856476560296,-0.010031192581578807,0.027037681606202568,-1.8052867895981033,-0.12406894491553193,1.8101432134528606,1.8143901334337942,48.86186885764107
1792,14.842270400000416,214.60793822841333,378.16681003684374,42.081536559643624,74.15308386808921,-0.5674095373816014,0.1960856476560296,-0.013611213403663669,0.05556425287529976,-1.2552516938571208,-0.2053959910565701,2.1838569264242076,2.193494606383407,54.00629067110651
1793,14.85375600000043,214.5860932912342,378.0108034613594,42.07725308098885,74.12249321769677,-0.11348190747632028,0.1960856476560296,-0.017894692058440853,0.08615490326774022,-1.090785446193299,0.3621781454681121,2.3648948807056653,2.3924675140621208,37.248092942243666
1794,14.86909360000027,214.56557163213472,377.86942297227347,42.07322907817335,74.09477053292844,-0.022696381495264057,0.1960856476560296,-0.02191869487393916,0.1138775880360754,-1.0163162689261602,0.645651387960792,2.5426266969815563,2.623321603421707,22.614633690642343
1795,14.873277700000472,214.63260766023095,377.85643960537305,42.086373881158885,74.09222468102101,-1.9132917177053028,0.1960856476560296,-0.00877389188840283,0.11642343994350313,-1.0014224334727322,2.315991188715595,2.981654760087867,3.7754576271708986,-19.668405736171792
1796,14.885589600000458,214.72692327736243,377.76745462790575,42.10486782002819,74.07477600408268,-2.464701800572311,0.1960856476560296,0.009720046980902453,0.13387211688183243,-1.3649414691164217,2.960859285134668,3.1196263199418723,4.301018028611627,-17.378399855910978
1797,14.8897203000015,214.88642365991677,377.5902553806093,42.13614355584274,74.04002977491238,-0.4929403601144622,0.1960856476560296,0.04099578279545568,0.16861834605212778,-1.7431091434326595,4.492503507411391,4.762371172609711,6.546966240160984,2.3232196179719438
1798,14.901599400000123,215.05916466131708,377.3871115746445,42.17001558697907,74.00019619015247,-1.9310770856947674,0.1960856476560296,0.07486781393178177,0.20845193081204627,-1.436992190014657,4.276178038141469,5.679620428451123,7.109415364512243,-1.1718884004672008
1799,14.906220300001223,215.23345342729215,377.1509542242275,42.20419111253446,73.95388912314722,-1.9135347530764537,0.1960856476560296,0.10904333948717237,0.25475899781729083,-0.9593601079248065,6.061641839841407,7.648584462696433,9.759320984449543,18.442355358050996
1800,14.917650100000174,215.35352937244804,376.84815573134983,42.227736282008266,73.89451468456204,-0.38270695061529075,0.1960856476560296,0.1325885089609784,0.3141334364024715,-1.1184162110380864,5.485975662193004,7.04569744548509,8.929601416608083,43.595487790755215
1801,14.922532800001136,215.6132312811003,376.56772130588433,42.278660098963854,73.83952551861958,-0.07654139012305816,0.1960856476560296,0.18351232591656697,0.36912260234493033,-0.7837296289263675,6.776534612512913,9.411797451027521,11.59755804528495,41.54760951701515
1802,14.933416900001248,215.87373628707195,376.268135770807,42.32974139177744,73.78078109494557,-1.2882208756808617,0.1960856476560296,0.23459361873015183,0.42786702601894433,-0.4113284453165235,5.950661072613367,8.575246114612359,10.437682363786054,21.13659014423026
1803,14.938212799999746,216.10129997752972,375.89676874494785,42.37436336540385,73.70796135116188,-0.2576441751361724,0.1960856476560296,0.27921559235656446,0.5006867698026269,-0.3368482085945548,7.414585452987666,11.115068463479384,13.361168526273826,34.2936139420922
1804,14.949598299999707,216.2909652531715,375.5577645739323,42.41155400381592,73.6414874987302,-0.05152883502723448,0.1960856476560296,0.31640623076863506,0.5671606222343115,-0.321952161250161,6.420146787825547,10.391547315568113,12.21484917585631,21.543056488622657
1805,14.954563900000721,216.52849082501163,375.10462821623696,42.45812935940507,73.55263396255502,-0.010305767005446897,0.1960856476560296,0.3629815863577832,0.6560141584094907,-0.06439043225003221,7.59013905298329,13.343594414065329,15.351277560212946,15.10620992857242
1806,14.965312199999971,216.8276259411162,374.68560377036783,42.51678546238309,73.47046928270306,-0.0020611534010893796,0.1960856476560296,0.42163768933580315,0.7381788382614474,-0.012878086450006444,6.848478754648674,12.006971631827845,13.822772117791455,12.03787373356097
1807,14.970385000000533,217.10038106413646,374.16412250020915,42.57026882733202,73.36821429010351,-0.0004122306802178759,0.1960856476560296,0.4751210542847346,0.8404338308610022,-0.0025756172900012887,9.204274432148157,15.538448179448217,18.059956800825795,11.793695237070125
1808,14.98132760000044,217.41266087882707,373.6897427832554,42.63150241704553,73.27519523606975,-8.244613604357518e-05,0.1960856476560296,0.5363546439982443,0.9334528848947627,-0.0005151234580002577,8.448736131694819,13.71768064236109,16.110738792147732,1.421311905415568
1809,14.986040400001002,217.7742696508591,373.1250342675912,42.70240870730754,73.16446400103887,-1.648922720871504e-05,0.1960856476560296,0.6072609342602533,1.0441841199256459,-0.00010302469160005156,10.263422543684202,17.050192966603163,19.90092767959848,0.46348620119984685
1810,14.997347399999853,218.0972958978222,372.6181726293978,42.76574951815319,73.06507570844171,-3.297845441743008e-06,0.1960856476560296,0.6706017451059054,1.1435724125228006,-2.0604938320010312e-05,9.236868737407775,14.859707062148928,17.496589326065234,0.0573607519274695
1811,15.002090300000418,218.44876245101804,372.0302374322518,42.83466706486603,72.94979005452956,-6.595690883486016e-07,0.1960856476560296,0.7395192918187448,1.2588580664349536,-4.120987664002063e-06,10.66872965563907,16.436511005529926,19.595425142109544,0.019726413726635052
1812,15.013215400000263,218.7557262267682,371.5079789747622,42.89485825564094,72.84738266664887,-1.3191381766972033e-07,0.1960856476560296,0.7997104825936532,1.3612654543156424,-8.241975328004127e-07,8.702943631748058,13.560860048590268,16.1132911943785,0.002240351358248282
1813,15.018346000000747,219.08946714018813,371.0792728808976,42.960300058798204,72.76331955457934,-2.638276353394407e-08,0.1960856476560296,0.8651522857509164,1.4453285663851716,-1.6483950656008253e-07,10.247872260654578,15.539926253738258,18.6147305605619,-17.887724463931715
1814,15.02921250000145,219.37855269813298,370.57400218018535,43.016985587655824,72.66424322198857,-5.276552706788814e-09,0.1960856476560296,0.9218378146085371,1.544404898975941,-3.2967901312016503e-08,8.583054951223591,12.504799545668263,15.167031481904065,-24.448386043346144
1815,15.0338681000012,219.69496089792193,370.1303627276635,43.07902869443512,72.57725189261505,-1.0553105413577629e-09,0.1960856476560296,0.9838809213878292,1.631396228349459,-0.4164086979998303,10.384732730851619,14.509979008939908,17.84326664966641,-49.96459722067419
1816,15.045138500001485,220.05169661486133,369.60552006424007,43.14897944853322,72.47433777904016,-2.1106210827155258e-10,0.1960856476560296,1.053831675485931,1.7343103419243562,-0.7860759290530912,8.994445635021194,12.896959164770701,15.723600350400503,-61.06289644058537
1817,15.049939900000027,220.40475841274855,369.13462586566936,43.21820979983454,72.38200218513595,-2.0820434570734627,0.1960856476560296,1.1230620267872524,1.8266459358285658,-1.3986421877637434,10.769804025174238,14.92408424180813,18.4042649730231,-95.67991629523956
1818,15.061316200000874,220.7414750951305,368.6519502286244,43.28423510857599,72.2873564202382,-1.8483361816490675,0.1960856476560296,1.1890873355287042,1.9212917007263144,-2.0299286328652486,9.204004564501783,12.679702609854184,15.668074492346296,-86.89379941744076
1819,15.065822399999888,221.06535076841152,368.2094963462186,43.34774247973133,72.20059756414874,-3.062831298829814,0.1960856476560296,1.252594706684043,2.0080505568157747,-2.8098846523543,10.643532594247823,14.331522920269924,17.851535936692898,-107.85997043689062
1820,15.077323499999693,221.38780146773763,367.7717420675117,43.410970433945835,72.1147602328943,-3.156432226562838,0.1960856476560296,1.3158226608985473,2.0938878880702134,-3.33332214531461,8.838990300597214,11.89012850494834,14.815630442145777,-91.41380587572036
1821,15.082042000000001,221.7103536872469,367.35326724295214,43.4742182948112,72.0327033258928,-3.8997800976563175,0.1960856476560296,1.3790705217639143,2.1759447950717146,-3.9827325442972974,8.429165519011367,11.250914985498035,14.05823315206411,-88.47545201462017
1822,15.09317639999972,222.01676078509297,366.9544209367146,43.53430032903875,71.95449528961899,-4.699230921875014,0.1960856476560296,1.4391525559914626,2.2541528313455217,-4.48767687995321,8.18128325602733,10.983992442683519,13.696039051356482,-81.35236543406604
1823,15.108993400001054,222.3196236984705,366.5411412449208,43.59368739955937,71.87345707359052,-5.095388176562503,0.1960856476560296,1.498539626512084,2.3351910473739963,-5.133004125990643,8.037400897548054,10.83322830741685,13.489204896824868,-83.14364038716741
1824,15.11346980000053,222.61306327325045,366.13208096552705,43.65122668862801,71.79324622377524,-5.587552977109376,0.1960856476560296,1.55607891558072,2.4154018971892697,-5.74837328613563,7.488094779447335,10.68484143299992,13.047505503901434,-85.39871283197256
1825,15.125220400001126,222.89939771528526,365.73000357878414,43.70737276314063,71.71440461898791,-6.383068456750001,0.1960856476560296,1.6122249900933454,2.494243501976598,-6.388408788086503,7.30661374503715,10.59676047718725,12.871594191476188,-88.4044009515385
1826,15.12989639999978,223.1535489222295,365.33299070182494,43.757208167156854,71.63655609188159,-6.976625898381251,0.1960856476560296,1.6620603941095666,2.572092029082924,-7.084693476367301,8.79692208719107,12.86233609702511,15.582860073842197,-110.511355292975
1827,15.141478800000186,223.41868584505931,364.9441104073898,43.809197712387466,71.5603022474866,-7.899408431629376,0.1960856476560296,1.7140499393401782,2.6483458734779077,-7.784019994101586,7.096927158852104,10.606371573146857,12.761719831030234,-95.12256462033238
1828,15.146148600000743,223.68556211678242,364.5523194109295,43.86152831897232,71.48347765619988,-8.5768116179665,0.1960856476560296,1.7663805459250312,2.7251704647646307,-8.490721235148442,8.218348967226326,12.232887271915393,14.737190734821194,-110.30881885249673
1829,15.157721900000979,223.94253921083623,364.1604873844707,43.91191783889263,71.40664501951933,-9.0841855657808,0.1960856476560296,1.8167700658453398,2.8020031014451803,-9.191203329060938,6.967250932683753,10.32046840537404,12.45209434855464,-91.88779482714172
1830,15.162697900001149,224.20608234299226,363.7838428544185,43.96359486464674,71.33279043290794,-9.916574661984285,0.1960856476560296,1.8684470915994495,2.87585768805657,-9.840071720499688,7.9932234828580135,12.339550800161508,14.702249337998566,-104.01668269761866
1831,15.173495500001081,224.44849324199805,363.39362306712025,44.01112816277717,71.25627393318737,-10.479036367943731,0.1960856476560296,1.9159803897298815,2.9523741877771386,-10.453385437849938,6.529089067385934,10.42580451363065,12.30147974051495,-79.10998616590871
1832,15.178164700000707,224.6775301098159,362.9964617970535,44.05603900534034,71.17839630832243,-11.143750388823122,0.1960856476560296,1.9608912322930507,3.030251812642078,-11.01846517350749,7.629777452490516,12.80609527973435,14.906695820609176,-78.63850522335355
1833,15.189457500000572,224.90130086241493,362.60008285648996,44.099917238290196,71.10067208704483,-11.64338020471775,0.1960856476560296,2.0047694652429087,3.107976033919684,-11.32112223392025,6.246930236916677,11.401880983393967,13.001039471687825,-54.912335224593946
1834,15.193988700000773,225.12908803298654,362.1716500476186,44.14458303315947,71.01666256224019,-11.90958424406855,0.1960856476560296,2.0494352601121832,3.191985558724326,-11.584694417487176,7.134374557678232,13.968201040956668,15.684704034499006,-41.55187364553661
1835,15.205422799999724,225.33148923236774,361.71558859833044,44.18427100342649,70.92723545758558,-11.429859964048084,0.1960856476560296,2.089123230379201,3.28141266337893,-11.719259440138062,5.913267478165574,12.334545884303559,13.678733656311922,-15.309287563858039
1836,15.210064599999896,225.5407389767931,361.2440826964576,44.22530187508399,70.8347799174432,-11.796897285778368,0.1960856476560296,2.1301541020367054,3.3738682035213117,-11.67283504232449,6.9371400114944075,15.582754893925358,17.057144005466782,-5.248149482590234
1837,15.221436200001335,225.7444681914639,360.7505195754816,44.265250250089174,70.73799927320749,-11.81657550207755,0.1960856476560296,2.170102477041887,3.470648847757019,-11.556957145183647,5.631741351059658,13.727460463016488,14.837778856989212,10.077647628171228
1838,15.226000200000271,225.9540613838035,360.21230335578446,44.306348466953374,70.63246279718919,-11.411258215649886,0.1960856476560296,2.211200693906086,3.57618532377532,-11.449681223958606,6.554113131720232,16.901963173579798,18.128230968973096,22.758486524788776
1839,15.237350800000058,226.14684435596064,359.6760616787899,44.344150440905864,70.52731350065557,-11.330194758364353,0.1960856476560296,2.2490026678585764,3.681334620308945,-11.240141322916722,5.36257387812165,14.720030510532641,15.666413017322267,25.592791207056607
1840,15.241886499999964,226.33381115612883,359.1279997946975,44.38081194700702,70.41984643115772,-10.89348035792287,0.1960856476560296,2.2856641739597308,3.788801689806789,-11.005938420833346,6.186301815833033,17.771409582397265,18.817367741049768,35.37760189812346
1841,15.253382800001418,226.5027643124697,358.59984815424076,44.41394123609165,70.31628347467817,-10.749197780568949,0.1960856476560296,2.318793463044365,3.892364646286339,-10.728039490807294,4.978237597476202,15.010458291376288,15.81444617095625,35.19924922064282
1842,15.257846900000004,226.67650666039282,358.0587526269391,44.44800961690943,70.21018240776344,-10.645560991660664,0.1960856476560296,2.3528618438621436,3.998465713201071,-10.464147937223961,5.815150166477359,17.98688715794995,18.903546786026862,42.778532975918
1843,15.269534600000043,226.8532086963482,357.50329747069964,44.48265835007188,70.10126562370834,-10.021763565519635,0.1960856476560296,2.3875105770245924,4.107382497256168,-10.199853513226042,4.86480571346796,15.249600672421703,16.00676904619152,37.77993688120251
1844,15.274023600000874,227.02524904298355,356.9505237695304,44.516392992864844,69.99287463450734,-10.010736990447677,0.1960856476560296,2.421245219817557,4.2157734864571665,-9.946866454598334,5.712810567037692,17.930277355303463,18.818370030716412,42.83302042976147
1845,15.285107300000163,227.2135418750037,356.38487062744116,44.5533145147805,69.88195817179212,-9.572008237933286,0.1960856476560296,2.4581667417332156,4.3266899491723905,-9.651569335841543,4.799457507405629,14.936128087352792,15.688298652409738,36.27618207866432
1846,15.289925500001118,227.3885371411142,355.83417084289545,44.58762857487252,69.77397384787544,-9.484262487430408,0.1960856476560296,2.4924808018252307,4.4346742730890725,-9.413365624980809,5.78137054802499,17.344698825585468,18.28285597940969,42.98472328823107
1847,15.301713400000153,227.57278507263206,355.30533683914183,44.62375694985348,69.67027708974688,-9.169075397876707,0.1960856476560296,2.5286091768061922,4.538371031217636,-9.102990507808663,5.017934771894627,14.389242742338176,15.239093676230258,38.193409581865524
1848,15.306614600000103,227.76960007675177,354.7713949397659,44.662349547404716,69.56557874659705,-8.830745011215967,0.1960856476560296,2.5672017743574287,4.643069374367457,-8.827759966796108,4.846643737900807,13.779756288596227,14.607246109217177,37.45305779067671
1849,15.317536500000642,227.9755649972153,354.2495656538868,44.70273631222823,69.46325551310957,-8.458861404586944,0.1960856476560296,2.607588539180945,4.745392607854939,-8.473884512890473,5.203850877457067,13.876722119082519,14.820373838909893,39.78661231910481
1850,15.332191400000738,228.16051722586633,353.7294141185498,44.7390027897687,69.36126126242374,-8.195855532870514,0.1960856476560296,2.6438550167214103,4.847386858540773,-8.13769072093747,5.2139108766210525,13.775543234013904,14.729238202348876,37.631067856651185
1851,15.336734300000899,228.36689245954275,353.1989474627429,44.7794700111243,69.25724436465991,-7.714885217902228,0.1960856476560296,2.6843222380770158,4.9514037563046,-7.8600918551249945,5.163836580095447,13.602503831755849,14.549684488636322,32.625969000863435
1852,15.349255000000994,228.56580606166304,352.66954124801,44.81847411362365,69.15343540417088,-7.4881064381116955,0.1960856476560296,2.7233263405763637,5.055212716793633,-7.665366759696875,5.079195542179029,13.477695903367364,14.403003652687753,28.02564323826634
1853,15.354097100000217,228.75406519339427,352.16340276805715,44.855389027396335,69.05418891252569,-7.442750682153589,0.1960856476560296,2.7602412543490473,5.154459208438823,-7.514630969126875,6.201835108208735,16.02465383028446,17.18290688707417,26.297773125783152
1854,15.365299200000663,228.94113699537004,351.663836531858,44.89207112284493,68.9562311435535,-7.485235927446343,0.1960856476560296,2.7969233497976447,5.252416977411016,-7.4093434301535,5.126672465566072,13.15428094647475,14.117998363365182,15.186573397907999
1855,15.370199500001036,229.14325849200657,351.1716582906794,44.93170424741811,68.85972205436978,-7.442176580020519,0.1960856476560296,2.8365564743708234,5.3489260665947285,-7.339262484858826,6.238933611619088,15.688148737892195,16.883195889179834,15.087976423824747
1856,15.381557800001247,229.34784922993524,350.6767036351698,44.97182155476928,68.76266855018382,-7.188447523035354,0.1960856476560296,2.8766737817219905,5.445979570780693,-7.276222858299891,5.466780125764163,13.444443304979432,14.513398662072792,12.326543355300483
1857,15.386335099999997,229.55923708775725,350.1660402276401,45.01327167977693,68.66253478518412,-7.137701711638321,0.1960856476560296,2.9181239067296403,5.54611333578039,-7.204280216191229,6.590971374853928,15.628550135557056,16.96150002221986,16.714650651091695
1858,15.397244499999942,229.76859345162683,349.6498474592538,45.054323457977205,68.56131679187973,-7.1275525493589145,0.1960856476560296,2.9591756849299173,5.647331329084778,-7.015295740503872,5.8125814607178565,13.657827882545497,14.843259942031539,16.73832407224496
1859,15.402457400001367,230.00507942369774,349.1270538447939,45.1006949629723,68.45880446739794,-7.125522716903033,0.1960856476560296,3.005547189925011,5.749843653566572,-6.8519263356007745,7.073638410279199,16.202881777085487,17.679641914970624,25.841174618971976
1860,15.413431700000729,230.23991350216465,348.57628860768284,45.14674255534019,68.35080730917258,-6.497254201583732,0.1960856476560296,3.051594782292902,5.857840811791931,-6.693679944854531,6.196341799789041,13.94045870915788,15.255524924483874,27.069333522786984
1861,15.418483299999934,230.49334324370523,348.0283266074871,45.19643649034547,68.2433598254733,-6.3716004985198715,0.1960856476560296,3.101288717298182,5.965288295491206,-6.435723293658407,7.286318158744086,16.43767612286626,17.980201017527346,29.6048098190322
1862,15.429339500000424,230.7308568680552,347.49415745753583,45.24300950320327,68.13861692174724,-6.3464697579071,0.1960856476560296,3.147861730155981,6.070031199217269,-6.205571172403557,6.253722744344702,14.293220632328822,15.601448785531572,24.529555999194184
1863,15.434231600000203,230.96070646554895,346.95116845373946,45.28807971039131,68.03214457126772,-5.837769293378296,0.1960856476560296,3.192931937344021,6.17650354969679,-6.0588058848713375,7.250974938326257,16.317127708194526,17.855679606269963,26.606610870838768
1864,15.445182600000408,231.16916221209036,346.45172796548565,45.3289548904595,67.93421145966283,-5.9747621106287845,0.1960856476560296,3.233807117412212,6.274436661301678,-5.993503120333644,5.966067187812338,13.33146201045562,14.60554131231405,17.15292463537985
1865,15.449770200000785,231.38398824589368,345.9847352750628,45.3710791924312,67.84264089551064,-5.763427763922633,0.1960856476560296,3.275931419383916,6.36600722545387,-5.879707704144854,6.757393222085028,14.524015185570033,16.019031814331026,17.849987697780318
1866,15.461599400001433,231.58986684296755,345.6021637381993,45.411449030476945,67.76762410792999,-6.045086675831402,0.1960856476560296,3.3163012574296573,6.4410240130345215,-5.834805066219597,5.619588776210415,11.493543913327871,12.793800440107944,13.770239909220965
1867,15.466196900000796,231.7832203423337,345.23614274119046,45.449362876626715,67.6958526436758,-5.777492676963156,0.1960856476560296,3.3542151035794276,6.512795477288705,-5.721314040587671,6.708385073407047,13.135764079374312,14.749600951961071,23.899554357355278
1868,15.477162099999987,231.98027469007562,344.8664087321726,45.48800240602713,67.62335311105709,-5.613256103752007,0.1960856476560296,3.392854632979841,6.585295009907426,-5.616029165539411,5.636367039628738,10.37917760810834,11.810840834846212,23.37469893553042
1869,15.481354900000952,232.17649185977476,344.4996145731799,45.52647777682881,67.55143004083455,-5.4073069824691515,0.1960856476560296,3.4313300037815253,6.657218080129965,-5.378675803811007,6.984178645120567,12.764101327232733,14.549949623240026,34.11318149792758
1870,15.492958300001192,232.40266636093978,344.13405891673244,45.57082735037304,67.47974982318573,-5.237003388681331,0.1960856476560296,3.4756795773257494,6.728898297778784,-5.121304008418453,6.104132327765241,10.945138190285189,12.53221773986185,32.549162737122664
1871,15.497119700001349,232.61811120083064,343.74640535418314,45.61307299133719,67.40373652330707,-4.858319867189392,0.1960856476560296,3.5179252182899035,6.804911597657437,-4.882072080980566,7.6359222432143135,13.381186578946608,15.406604517705903,40.988312687618645
1872,15.509036700001161,232.85187353385024,343.35038918034263,45.65891042980492,67.3260834353773,-4.490633700000378,0.1960856476560296,3.563762656757632,6.882564685587212,-4.681088488461739,6.557911787695227,11.225858005730931,13.001003614337828,34.14087238095834
1873,15.513237799999843,233.09146264615788,342.9477733815114,45.7058904160631,67.24713625570693,-4.417096466562576,0.1960856476560296,3.6107426430158114,6.961511865257577,-4.463482101989223,8.061594686791462,13.480608395040434,15.707199355535632,38.18161156599837
1874,15.525175300001138,233.3219798888344,342.5595294049482,45.751091538889206,67.17100718411398,-4.402389019875016,0.1960856476560296,3.6559437658419185,7.037640936850536,-4.196409799304095,6.848291795585662,11.107260723496431,13.048767807621237,30.50075177376448
1875,15.529540000001361,233.57441053006994,342.1710789454753,45.8005895646641,67.09483762418596,-4.148971456318753,0.1960856476560296,3.7054417916168134,7.113810496778555,-4.011414528220194,6.746223642513877,10.877386744512961,12.79957326728198,30.53593956167356
1876,15.541697800001202,233.82770755195108,341.77429134281414,45.85025747524901,67.01703327013625,-3.5229583537637508,0.1960856476560296,3.7551097022017217,7.191614850828259,-3.7793947220502897,7.062061739909641,11.088178583576422,13.146118070349832,32.565956119753544
1877,15.555864900001325,234.06873566484325,341.38654311158245,45.89751962886878,66.94100140708771,-3.5656573445808757,0.1960856476560296,3.802371855821491,7.2676467138768,-3.5379700088631836,7.178553804277433,11.062048806142776,13.187136099638572,31.313057204226002
1878,15.559803699999975,234.32508720600572,340.9878940176417,45.947786486845246,66.86283204131485,-3.2569974357130507,0.1960856476560296,3.8526387137979583,7.345816079649666,-3.2939709548976377,7.663299568398629,11.652409017439073,13.946497631474148,31.78285626103138
1879,15.572572600000058,234.60958829930416,340.5811180966956,46.00357306798352,66.78306912140526,-3.1952654539394856,0.1960856476560296,3.9084252949362295,7.425578999559249,-3.0882888198857783,7.83423793253201,11.779488138362712,14.146788497229725,32.25233395518072
1880,15.576532500001122,234.8875540877655,340.16908323511143,46.058078169640176,66.70227499871466,-2.928976186491022,0.1960856476560296,3.9629303965928884,7.506373122249855,-2.9111489749146564,10.469227715096599,15.336490552890211,18.56913222068919,58.13429743109889
1881,15.588562300001286,235.19061944845504,339.7374917560435,46.117504937173095,66.6176461040188,-2.4945476787044543,0.1960856476560296,4.022357164125808,7.591002016945708,-2.6533333106079318,8.791640948511652,12.836680895314721,15.558705825861123,50.20438754227496
1882,15.592388400000345,235.51278852910593,339.2857447041476,46.18067767000728,66.52906499077109,-2.679958119725266,0.1960856476560296,4.08552989695999,7.679583130193421,-2.0929969843872116,11.416476541730974,16.698349296173433,20.22797087809129,70.92270708705507
1883,15.605110000000423,235.79656642548937,338.80909181568535,46.23632244261009,66.43560020042986,-1.9679191141794283,0.1960856476560296,4.141174669562801,7.773047920534651,-1.8093305980493175,9.665177074247662,14.23930141779978,17.209687758455043,70.85271075137128
1884,15.608773200001451,236.12336645988796,338.3316827439604,46.30040323900915,66.3419871334038,-0.39358382283588567,0.1960856476560296,4.205255465961862,7.8666609875607065,-1.3708468325004888,11.32886110910987,18.47882936785551,21.675106201258192,89.40428296082467
1885,15.62057730000015,236.424827363263,337.8436018383338,46.35951539549041,66.24628147291548,-1.5106442548015522,0.1960856476560296,4.264367622443125,7.962366648049027,-0.8469403625938476,8.82822159359147,15.397640851380404,17.74893913149891,61.35211094805738
1886,15.62400290000005,236.6564502185013,337.35038105040377,46.40493331307175,66.1495679552768,-0.30212885096031045,0.1960856476560296,4.309785540024464,8.059080165687718,-0.45577357056564455,10.942103301842165,18.88531813463316,21.82624259267933,72.03044813665139
1887,15.636641200000668,236.91476486785774,336.8511374378939,46.455585108389855,66.05167344817966,-0.06042577019206209,0.1960856476560296,4.360437335342567,8.156974672784855,-0.3775402121600039,8.314919458852653,15.166510704273138,17.29626932462715,42.7137693609079
1888,15.640631600001143,237.21886837150544,336.3467488980477,46.51521544085708,65.95277009467364,-0.01208515403841242,0.1960856476560296,4.420067667809789,8.255878026290873,-0.0755080424320008,9.478634018212817,16.94530347717121,19.416173999649157,8.796579599617406
1889,15.65258470000117,237.4844770721244,335.9224187308596,46.56729749494102,65.86956503902057,-0.002417030807682484,0.1960856476560296,4.472149721893736,8.33908308194394,-0.3968520967676502,7.392191062441479,12.105732392849001,14.184260483751462,-21.457982377239865
1890,15.656423899999936,237.6964480949354,335.5895371778321,46.60886197023323,65.80429174410243,-0.0004834061615364968,0.1960856476560296,4.513714197185941,8.404356376862083,-0.8775295990410301,8.04187920255652,12.854634338217744,15.162896988300021,-43.437664561501364
1891,15.668519599999854,237.8707825559604,335.3406521167236,46.64304645593208,65.75548895570306,-1.9088491226385573,0.1960856476560296,4.547898682884792,8.453159165261454,-1.326080870980081,5.384834996432384,8.524911037169709,10.083181845551575,-64.1818448301979
1892,15.672235100000762,238.00827638850183,335.12292853211056,46.67000702313468,65.71279648560422,-2.463813281558962,0.1960856476560296,4.574859250087393,8.495851635360296,-1.7114088011491415,5.571682226558129,8.905052423138152,10.50445626829787,-56.64690783953877
1893,15.685530400000061,238.12070999678366,334.91024873459014,46.692053640032924,65.67109302976408,-2.2548415137336675,0.1960856476560296,4.596905866985637,8.537555091200431,-2.0840920629642037,3.7586096322711766,6.158018627193355,7.21445353305862,-24.45594647735298
1894,15.689734000001408,238.23414554729163,334.7202761118702,46.7142967234215,65.63384212500112,-1.9290566816529835,0.1960856476560296,4.6191489503742105,8.574805995963388,-2.038731254389716,4.498759119856393,7.277837513390091,8.556036026677257,4.7139949736924756
1895,15.701634799999738,238.34102234873697,334.52201849085816,46.73525373025231,65.59496665098223,-1.8638997152368466,0.1960856476560296,4.640105957205023,8.613681469982282,-1.6132504012685682,3.503959355871224,5.87348316992453,6.839264267081964,31.892902702180063
1896,15.705657300000894,238.47491546877603,334.32439042593717,46.76150824941186,65.5562146238772,-1.6820450797661193,0.1960856476560296,4.666360476364574,8.652433497087316,-1.1757384591599638,4.202304942051794,7.4297041368674535,8.535799340857205,54.830041247109136
1897,15.717560500001127,238.61345695557293,334.0531282461327,46.788674246577656,65.50302400366564,-0.33640901595322387,0.1960856476560296,4.693526473530369,8.705624117298868,-0.7926183949569927,3.699121916861933,6.556799311131157,7.528287996766483,58.35910354087025
1898,15.72185619999982,238.7262783624284,333.8139488706152,46.810796905210374,65.45612436091133,-0.06728180319064478,0.1960856476560296,4.715649132163087,8.75252376005318,-0.42037670633514845,5.5988359948388595,8.921890281251896,10.533142488725778,54.49620958954099
1899,15.733682699999918,238.89367820266764,333.54271298669676,46.8436216113012,65.40293889694563,-0.013456360638128956,0.1960856476560296,4.748473838253915,8.805709224018884,-0.08407534126702972,5.012860872526563,7.90996236087461,9.36462912654638,32.972859250171
1900,15.737774500001251,239.12863576770792,333.2277802974554,46.88969341761381,65.34118511660768,-0.0026912721276257916,0.1960856476560296,4.794545644566526,8.867463004356836,-0.016815068253405945,6.584382803843688,8.698987785138552,10.909926003119462,26.64241080450702
1901,15.749477800000022,239.343323797884,332.95477222280135,46.93179065905489,65.28765215147382,-0.0005382544255251583,0.1960856476560296,4.836642886007603,8.92099596949069,-0.0033630136506811893,6.3957750642840265,7.406859704074517,9.786087540419828,9.321462365355698
1902,15.754515399999946,239.60382487647297,332.738616761755,46.9828711817651,65.24526716790015,-0.00010765088510503168,0.1960856476560296,4.887723408717811,8.963380953064359,-0.0006726027301362378,6.505742203464847,7.218982454803813,9.717941618506922,3.6355465451245155
1903,15.76533180000115,239.83588511316123,332.49275202979425,47.02837486357132,65.19705662269786,-2.153017702100634e-05,0.1960856476560296,4.933227090524035,9.011591498266654,-0.00013452054602724757,6.218752293721805,6.269529051940835,8.830621417759927,13.448782246409758
1904,15.781452900000659,240.10927797995046,332.2002525216087,47.081983280920234,65.13970166719622,-4.306035404201268e-06,0.1960856476560296,4.9868355078729465,9.068946453768291,-2.690410920544952e-05,6.192935781354303,6.066297600669978,8.66904955412488,20.959353364050045
1905,15.786277200000768,240.35099274327862,331.94573878958187,47.12938007683546,65.08979517721438,-8.612070808402536e-07,0.1960856476560296,5.034232303788173,9.118852943750127,0.3159840372079441,5.923879843510221,6.196980853425315,8.572918062017543,40.39694783033477
1906,15.797379900001033,240.54735435647396,331.7442777149736,47.16788377093365,65.05029155192234,-1.7224141616805072e-07,0.1960856476560296,5.072735997886362,9.15835656904217,0.7456838374708858,5.990016380470072,6.219219444328987,8.63475458452755,52.396752125443385
1907,15.802520500001265,240.77791372339584,331.5065726636067,47.21309315371969,65.00368100297395,1.5799470557006425,0.1960856476560296,5.117945380672403,9.204967117990563,1.2480337477798216,7.325329106354815,7.450903652699811,10.448751684207277,80.30919268896682
1908,15.812666300000274,241.01269666205013,331.27019785340167,47.2591307183043,64.95733129522533,2.1484774711376873,0.1960856476560296,5.163982945257011,9.251316825739181,1.8572765417312573,6.216031237078235,6.186932454546891,8.77024386989655,74.76705845451855
1909,15.817639200000485,241.26635394456525,331.02378725631917,47.30886927082895,64.9090137137071,2.5117452455092755,0.1960856476560296,5.213721497781663,9.299634407257415,2.551338616756896,7.828366431297004,7.793482251343353,11.046342679125143,83.88518678970078
1910,15.829653300001155,241.5284720310632,330.77717941906025,47.360266865582254,64.86065745622113,3.0462131085500976,0.1960856476560296,5.265119092534967,9.347990664743378,3.0053914339837036,6.9979728264495105,6.9410270223418955,9.856443567768556,71.7402042773421
1911,15.834137800000462,241.79215600215056,330.5120972839643,47.411971507829435,64.8086786540788,3.4703102028867776,0.1960856476560296,5.316823734782147,9.399969466885707,3.3834030396043584,7.924942676469041,8.014965230128393,11.27139672203438,77.30944756232549
1912,15.845527200001015,242.06181616118218,330.2330124191356,47.46484799476018,64.75395411760788,3.85021114183468,0.1960856476560296,5.36970022171289,9.454694003356636,3.8047781039535864,6.974505422830546,7.218489925015926,10.03744602429568,58.12309100280593
1913,15.851092900000367,242.32216714454358,329.9509304119128,47.51589908595049,64.69864188452947,4.038535499240959,0.1960856476560296,5.4207513129031994,9.510006236435046,4.293975220705268,8.595268810627195,9.096655614308501,12.515102448333014,66.37019842552166
1914,15.861160500000551,242.5917035903351,329.65654058637665,47.56875131449042,64.64091626492588,4.618620567255419,0.1960856476560296,5.473603541443133,9.567731856038634,4.7332960435917375,7.406957433977868,7.869452257823422,10.807002233132097,55.32978845793019
1915,15.865846500000771,242.887603326783,329.33593385264885,47.626773005953055,64.57804988589997,5.492198692308506,0.1960856476560296,5.531625232905768,9.63059823506454,5.103625303689052,9.161862801623016,9.731698222327779,13.365840051647378,63.412626734752074
1916,15.877329900000404,243.2148589005434,329.01648620974424,47.6909431270829,64.51541078794882,5.666914317319123,0.1960856476560296,5.595795354035616,9.693237333015688,5.4376874173051934,8.527121174946924,8.930977469200414,12.348042520480469,50.30044979449897
1917,15.881951200000913,243.5310706821671,328.68380142304153,47.75294771907905,64.45017607608293,5.701857442321247,0.1960856476560296,5.657799946031766,9.758472044881586,5.795428337342875,10.224186763319889,10.68421311448201,14.788049392902195,53.0466575651897
1918,15.893265599999722,243.8772058419285,328.34137577079946,47.82081985605739,64.38303132028899,5.708846067321671,0.1960856476560296,5.725672083010103,9.825616800675519,6.0481252792849824,8.966684942716707,9.35553782911818,12.958685386026,43.77020358989668
1919,15.89809140000034,244.21523499319696,327.9845214939694,47.887102521110485,64.31305731829795,6.407325167443827,0.1960856476560296,5.791954748063198,9.895590802666561,6.3249724221900046,11.103105094221041,11.885888841582975,16.265094413737163,58.508553543080545
1920,15.909021100000245,244.5549340839926,327.6070312523986,47.95371263733732,64.2390368997957,6.755683402019039,0.1960856476560296,5.858564864290031,9.969611221168805,6.681789909853041,9.56434630226231,10.385842228546947,14.118868190682557,48.57725772733435
1921,15.913191300000108,244.90095581103722,327.2219558721817,48.021562531787914,64.16352914446948,7.051150031844237,0.1960856476560296,5.926414758740627,10.045118976495033,7.110413996985258,11.777390086681063,13.021980699963256,17.557872838247487,62.09979160721599
1922,15.925204700000904,245.25160232556203,326.81662788406106,48.09031928068684,64.08405014340573,7.485944880636426,0.1960856476560296,5.995171507639554,10.124597977558778,7.443843968830646,10.213289996035195,11.484980737668725,15.369322531840309,57.01462511803657
1923,15.929331900000761,245.61076358798232,326.4142933845895,48.16074564944148,64.00515812250248,7.851966502982754,0.1960856476560296,6.065597876394193,10.203489998462032,7.8150722758217945,13.178167111308998,14.536664233663998,19.620873972783993,71.38926513818032
1924,15.940911000001506,245.96002579689792,326.0118603944872,48.22923095587848,63.926246789000125,8.07447502667077,0.1960856476560296,6.134083182831191,10.282401331964387,8.184935384119438,11.015897828955314,12.197185934149237,16.43536886383115,57.2352961900742
1925,15.944477799999731,246.34053898096278,325.6111193954968,48.30384413001749,63.84766723067077,8.61182493697478,0.1960856476560296,6.208696356970201,10.360980890293739,8.557736588542639,13.034605851261906,14.65737854175697,19.614782573714876,73.14997188168185
1926,15.95712530000128,246.692632914186,325.19773224145234,48.37288469694932,63.76660794283728,8.900465573332456,0.1960856476560296,6.277736923902033,10.442040178127229,8.962618179524934,10.752362350673302,12.14409583067844,16.220122060726858,60.71087957029642
1927,15.961319500000172,247.03095012918126,324.79310829229667,48.439223847164854,63.68726699370995,9.349950902752429,0.1960856476560296,6.344076074117567,10.521381127254564,9.412774185221394,13.411514034205938,14.962762772689192,20.09360541270472,73.63843050460203
1928,15.97355030000108,247.3835386187211,324.3846326638945,48.508361389492336,63.607170785563,9.876374457894237,0.1960856476560296,6.413213616445049,10.601477335401512,9.752194882210295,10.444902643676514,11.828674539415637,15.78016262892434,58.85791408269891
1929,15.977254500001436,247.74643549696543,323.9896594477119,48.57952025889523,63.529722206661056,10.325255055153066,0.1960856476560296,6.484372485847942,10.678925914303456,10.109946727906902,13.306321649122236,14.736403872652339,19.854969023592606,67.38387708121996
1930,15.989246700000876,248.11862715427065,323.6006710875139,48.65250170107009,63.453447172120974,10.308928421919285,0.1960856476560296,6.557353928022806,10.755200948843537,10.477114467651694,11.412106496871354,12.363666255635511,16.82546932411318,49.94133505361279
1931,15.993021300000692,248.49911632225906,323.1974318709996,48.727110166001204,63.37437774919046,10.689224801815497,0.1960856476560296,6.631962392953916,10.834270371774053,10.758860393530338,11.290888781302407,12.2410212775186,16.65313097853985,48.85064131796082
1932,16.005336899999747,248.8976787082503,322.7544437221444,48.805262529589626,63.28751413111824,11.18578960147638,0.1960856476560296,6.710114756542339,10.921133989846268,11.006594924165054,11.05242121791077,12.038695296347543,16.3427720787027,45.03529301916587
1933,16.020402600001034,249.28542431573445,322.29840554723535,48.881293878158935,63.19809159023532,11.285104087287465,0.1960856476560296,6.786146105111648,11.01055653072919,11.342527480926762,11.147718673081355,12.321436866385021,16.615939277286692,43.349612770508514
1934,16.02487090000068,249.69600894148243,321.8450100171799,48.96180363041634,63.10918723408005,11.563927708326634,0.1960856476560296,6.866655857369054,11.099460886884458,11.688835543792775,11.236250840035481,13.019637133794435,17.197798813681857,43.07940556275093
1935,16.03678150000087,250.09461075587842,321.37279730409966,49.03996372534905,63.01659309840431,11.988591205727829,0.1960856476560296,6.944815952301759,11.192055022560204,11.953117603143323,11.272702662265768,13.185554964290851,17.347411479185848,43.05179868499727
1936,16.040764900000795,250.50513996313953,320.8763337864741,49.120462610836555,62.91924372801311,12.420765116145567,0.1960856476560296,7.025314837789267,11.289404392951404,12.245067185179447,14.167846237857361,16.50260700650218,21.750032299530588,49.403333613086886
1937,16.05306329999985,250.91457692193723,320.38193287288806,49.200747322076715,62.82229880467085,12.507199898229114,0.1960856476560296,7.105599549029428,11.38634931629366,12.490758126977298,11.990891853411341,14.194037272319271,18.580962879468736,37.3091477304454
1938,16.05736369999977,251.34272656691007,319.88802472212825,49.284701322504915,62.725450505046524,12.74485199746809,0.1960856476560296,7.189553549457628,11.483197615917987,12.723218458891555,15.601757418942732,18.33417638952652,24.073987173748478,43.263065375464514
1939,16.06917650000105,251.77245303454978,319.3847640540672,49.368964515226985,62.62676831100997,12.792382417315883,0.1960856476560296,7.273816742179697,11.581879809954543,12.924418624639642,12.907072500120417,15.028745145612454,19.81049472312932,32.36582519511643
1940,16.07261060000019,252.20356934384253,318.88607748812615,49.45350023594973,62.528983032750055,13.150892865299117,0.1960856476560296,7.358352462902445,11.679665088214456,13.102848965406446,16.233111417951083,18.619434805303438,24.702171134873122,41.619780414166776
1941,16.084990200000902,252.62878463942744,318.38658895210966,49.53687885257775,62.4310404996685,13.426765944885997,0.1960856476560296,7.441731079530463,11.777607621296013,13.335651732778556,13.813680228708492,15.758375740084862,20.95576692528114,34.68117842907191
1942,16.088668500000495,253.06320201923185,317.90193746019537,49.62206186584974,62.33600729798903,13.399351602063138,0.1960856476560296,7.52691409280245,11.872640822975484,13.57932898547173,17.23153006775763,19.619510050321537,26.112273035695363,41.98991819536288
1943,16.10061300000052,253.51550677311852,317.40149449688477,49.7107523364535,62.23787761541336,13.908865834328644,0.1960856476560296,7.615604563406215,11.970770505551151,13.810604414037707,13.738037204995758,15.530654989878714,20.734871850592477,35.66983861363044
1944,16.10423890000129,253.96341419938315,316.89003121699466,49.798580554222546,62.13758700692383,14.010768680781746,0.1960856476560296,7.703432781175259,12.071061114040681,14.004865938959886,17.196692535929053,19.44294882449691,25.956781255912368,43.346604624810865
1945,16.116765800001303,254.42013287723836,316.3770030435065,49.88813653196639,62.036989545259615,14.307270008129006,0.1960856476560296,7.792988758919101,12.171658575704896,14.259888593065416,13.923599342744001,15.900212563053058,21.13488533698566,33.83471887169706
1946,16.120545600000696,254.88331157013965,315.8474245890016,49.978959225944415,61.93314681102335,14.398073569496896,0.1960856476560296,7.8838114528971275,12.275501309941163,14.476052273056442,16.579662227911996,19.04355402261381,25.249597014682482,41.313549318162515
1947,16.133294700000988,255.3249653131892,315.31931616922304,50.065561186189996,61.82959232949847,14.674464872590786,0.1960856476560296,7.970413413142708,12.379055791466044,14.71430515065621,13.331767243285364,15.365204922444033,20.342702380407452,35.28882005031737
1948,16.13754930000141,255.77422686296526,314.80004388605573,50.15365492814479,61.72777048754378,14.989684234283782,0.1960856476560296,8.058507155097502,12.480877633420732,14.955782020121477,16.10742102343945,18.703590004871003,24.683461894488175,46.82944762687982
1949,16.14839480000046,256.21576588322176,314.2874438328421,50.24023439289719,61.62725697412086,15.202033068780585,0.1960856476560296,8.145086619849906,12.58139114684365,15.210135438448125,12.674919646221205,14.768247506118808,19.461621783401007,40.66729614524955
1950,16.15242020000005,256.6474320713914,313.77992217647227,50.32487793697564,61.527739261432124,15.514654355455336,0.1960856476560296,8.229730163928352,12.680908859532387,15.524362750531422,15.03538634973149,17.526685997051164,23.092153748079053,53.28160553124732
1951,16.164694099999906,257.0772022561291,313.29191200163757,50.40914970199319,61.43204747023693,15.66984066113013,0.1960856476560296,8.314001928945899,12.77660065072758,15.848128928280113,12.338651895832127,14.411153527083,18.971654555880953,47.068993293283924
1952,16.169101800000135,257.4951916773135,312.79930398917895,50.4911114283595,61.33545410907344,16.245601433007277,0.1960856476560296,8.395963655312215,12.873194011891073,16.208499687023213,14.312869908576697,16.813142939537922,22.080308433651332,57.349950284439124
1953,16.180612699999983,257.9191394110276,312.30886530393536,50.57424149429713,61.23928612184188,16.60851512302724,0.1960856476560296,8.47909372124984,12.969361999122633,16.504256089748395,11.568164608421387,13.655330172466833,17.896660988201575,46.81437355421312
1954,16.185286400001132,258.34469116379205,311.8017112600659,50.65768608534911,61.13984049268835,17.003886862496074,0.1960856476560296,8.562538312301825,13.068807628276161,16.854116293633272,14.75294990729006,17.476168944894408,22.870636457202092,54.37304405528215
1955,16.196584900000744,258.7655398563777,311.28696803718447,50.74020847379996,61.0389067344531,16.993436369081245,0.1960856476560296,8.645060700752673,13.169741386511411,17.14090901312119,12.508598899950842,14.966803972116093,19.50564706897983,42.38966813870171
1956,16.2005422000002,259.22547309886005,310.744074772968,50.83039478153065,60.93245315713112,17.41914168055453,0.1960856476560296,8.735247008483363,13.27619496383339,17.394855996960178,15.958518310599416,19.410483806227035,25.128493553365647,46.464054437900955
1957,16.21262620000016,259.67986528399234,310.16676973083963,50.91949456744215,60.819251924050285,17.679565030446845,0.1960856476560296,8.824346794394863,13.389396196914227,17.658800606130317,13.880618331376537,16.939583744918433,21.900252571887183,32.04064704404076
1958,16.21639049999976,260.14964924336135,309.5798546641552,51.01161245937344,60.70416630308039,17.87825004222218,0.1960856476560296,8.916464686326151,13.50448181788412,17.83220506751513,13.533152375726639,16.61245991954349,21.427086544910264,28.534461272662472
1959,16.229046899999958,260.63145222783254,309.0039037905505,51.10608710962608,60.59123060301155,18.323609908346782,0.1960856476560296,9.010939336578794,13.617417517952958,17.866885959792093,12.226765835350683,16.096157379434544,20.21336402422971,15.412749009301185
1960,16.24399540000013,261.05581227570815,308.44756255652436,51.189298024453116,60.482140071819785,17.860458676005294,0.1960856476560296,9.094150251405829,13.726508049144726,17.984266474184984,11.76995179198811,15.700220770743318,19.622148135099888,9.2901143105919
1961,16.248062800001208,261.3930500537903,307.9431131733108,51.255425512582434,60.38322478780267,17.59254614193934,0.1960856476560296,9.160277739535147,13.825423333161844,17.978422508704185,9.84323534948013,13.89943043942462,17.031836327468007,0.03214349931961377
1962,16.260788499999762,261.7233388073929,307.4636301610035,51.3201903967461,60.28920505079432,18.266467602411307,0.1960856476560296,9.225042623698812,13.919443070170189,17.866809379670528,9.365621455652557,13.485950307549835,16.419065775746287,4.308181813092443
1963,16.26470479999989,262.01968663055914,307.03284632198915,51.37829995158311,60.204734522721445,17.8490302148182,0.1960856476560296,9.283152178535822,14.003913598243066,17.865930845660667,11.558414477039348,16.2792383521191,19.965233445871306,16.772563317486515
1964,16.276402000001326,262.32251809318666,306.62387320159104,51.43768085506305,60.12454076353428,17.765544263178484,0.1960856476560296,9.342533082015763,14.084107357430234,18.148071728214166,9.155795625449015,12.514040973010818,15.505799399230757,25.114242248641553
1965,16.279985200000738,262.62459009458576,306.2352987447337,51.49691283909614,60.048346889498816,17.85606600595601,0.1960856476560296,9.401765066048853,14.160301231465695,18.39952004632643,11.068644493587279,13.814253963696373,17.701652564066467,62.848638053664494
1966,16.292403600000398,262.8934216935683,305.8874150792498,51.54962685729304,59.98013189564345,19.003250554706828,0.1960856476560296,9.454479084245754,14.228516225321059,18.899629045886382,8.899972466449618,10.2170282219149,13.54980352591752,76.46408487350412
1967,16.296253000000434,263.18108857768897,305.6147523293828,51.60603420457503,59.9266666437441,19.523709192972618,0.1960856476560296,9.510886431527744,14.281981477220413,19.59214108017337,10.271370322073604,10.937001527721577,15.003967832228865,106.72991389009871
1968,16.3089087999997,263.43890312586757,305.38350833381054,51.65658793722978,59.88132301510575,20.349575212617964,0.1960856476560296,9.561440164182493,14.327325105858762,20.450873894745612,7.745694693019538,7.388098143721372,10.70419452638685,105.63135172676036
1969,16.312924300000304,263.68328077414264,305.1693939291558,51.704506886664454,59.839338253396534,21.22810443461344,0.1960856476560296,9.609359113617167,14.369309867567978,21.155391453753815,9.480668740493982,8.310865897128718,12.607679077730243,133.0037107479365
1970,16.324936900000466,263.9223308136528,304.95377121178115,51.75138116848401,59.79705773321078,22.149730078817218,0.1960856476560296,9.656233395436722,14.411590387753733,21.932383527567172,7.474812299985779,6.273791474972663,9.75875393641311,107.49015848317755
1971,16.32905650000066,264.1937632454054,304.74143352560156,51.804605172659066,59.75542136049447,22.525838349747822,0.1960856476560296,9.709457399611779,14.453226760470038,22.662102315865,9.841060315214035,7.946141169465811,12.648621569671537,119.13256927178362
1972,16.341005600001154,264.47555720539435,304.5157264233926,51.85986092380906,59.71116343717726,23.40866956203941,0.1960856476560296,9.764713150761771,14.497484683787249,23.287440909950348,8.54198721954958,6.652934449703915,10.82714562805015,92.40070745347526
1973,16.345037400000365,264.80095717244234,304.270128810438,51.923667187094914,59.66300527017828,23.998169154107103,0.1960856476560296,9.828519414047626,14.54564285078623,23.79570961753695,11.784009211013217,8.910575434767887,14.773666696657713,97.8533844202276
1974,16.357352600000013,265.1425000352981,304.019558569797,51.99063884056028,59.61387204225887,24.354797405040173,0.1960856476560296,9.895491067512992,14.594776078705642,24.310364457687083,10.553624532830142,7.950420396863294,13.21318187518866,70.0918977424601
1975,16.361207200001445,265.5378604214222,303.72846904918754,52.068163337930955,59.55679356508428,24.691073616750224,0.1960856476560296,9.973015564883667,14.651854555880234,24.66477491790461,14.216061300963464,10.316770833205371,17.565083527772593,72.42878954903938
1976,16.37315740000122,265.9503144095548,303.40509394686717,52.14903964532225,59.49338434870995,25.099112550498482,0.1960856476560296,10.05389187227496,14.71526377225456,25.1227779816278,12.7192574140208,9.189460294142052,15.691580215572186,52.998869706758455
1977,16.377377500000875,266.44394609506446,303.0707406498027,52.24583373407895,59.42782246590914,25.180721863127044,0.1960856476560296,10.150685961031662,14.780825655055374,25.39294030091541,17.09898099154525,12.324810874392838,21.07785838359243,59.27882823057774
1978,16.38915040000029,266.9447801639028,302.6920091980952,52.34404010683532,59.35355866391337,26.288184472723067,0.1960856476560296,10.248892333788035,14.855089457051143,25.733357957644024,14.942702511290964,10.770696290693667,18.419887538399998,45.57213351946324
1979,16.393062300001475,267.4901470673429,302.2996655075316,52.450978729306534,59.27662569724544,25.70560900147821,0.1960856476560296,10.355830956259247,14.932022423719069,26.019669943579594,20.02436312520105,14.580984729178052,24.77055175490516,41.208598999507544
1980,16.404829700000846,268.050103295156,301.8773455761017,52.5607781088963,59.19381481997296,26.393161900393302,0.1960856476560296,10.465630335849013,15.014833300991555,26.29516049018077,17.094553951669685,12.722000065445322,21.30899013261155,31.149436468022042
1981,16.40816730000006,268.5977766782812,301.4627522265449,52.66816899893037,59.112519014511236,26.53067248017632,0.1960856476560296,10.573021225883082,15.096129106453276,26.350258599501,21.786917946672865,15.727447608092772,26.87047453768465,27.416574152053677
1982,16.420689600001424,269.12702137904296,301.0642125317339,52.77194628884776,59.03437110033759,26.558174596132922,0.1960856476560296,10.67679851580047,15.174277020626924,26.522091819997858,17.936033535381696,12.852799698127786,22.06571456043358,12.885549929590503
1983,16.424042100001316,269.6707705425147,300.69944088928116,52.87856769572954,58.96284461658068,26.563675019324243,0.1960856476560296,10.78341992268225,15.24580350438383,26.556458464097233,21.697276369580003,16.062056545581008,26.99558227435327,8.280665620743028
1984,16.43689220000124,270.20043036756226,300.35256407974214,52.982426385561375,58.89482705272537,26.564775103962507,0.1960856476560296,10.887278612514088,15.313821068239143,26.563331792917104,16.909587643627972,12.45407898375225,21.00091039957733,4.983416751273752
1985,16.440445100000943,270.7102485831015,299.9343095380019,53.08239442054222,58.81281334002316,26.56499512089016,0.1960856476560296,10.987246647494935,15.39583478094135,26.564706458681083,16.63483206308394,12.194039798502066,20.62552409938855,2.2396737666199193
1986,16.4529093000001,271.2338747068105,299.53272594407076,53.185069988139325,58.734068560919134,26.565039124275692,0.1960856476560296,11.089922215092038,15.474579560045377,26.564981391833875,14.56120770436184,11.450063788568562,18.523842219470982,6.709654595130146
1987,16.46879059999992,271.79382023920266,299.13258639324425,53.29486727051054,58.65560693794252,26.565047924952797,0.1960856476560296,11.19971949746325,15.553041183021989,26.565036378464434,14.72994852696264,11.745436977033531,18.839497694695456,10.744660821754238
1988,16.473638700001175,272.32379838255457,298.69705651042045,53.398788377993235,58.57020577879547,26.56504968508822,0.1960856476560296,11.303640604945947,15.638442342169043,26.723089062802263,14.350608252627971,11.029251181021571,18.099291114142005,25.714089897008137
1989,16.485457500000848,272.861802867123,298.2890025919606,53.50428333579168,58.49019226191568,26.565050037115302,0.1960856476560296,11.409135562744396,15.71845585904883,26.967855422423735,14.606401019864256,11.212046495199804,18.413498781155464,32.91077735243063
1990,16.489799500001027,273.4428524501792,297.85714749857607,53.61821881960553,58.405511676235825,27.35525854257931,0.1960856476560296,11.523071046558243,15.803136444728686,27.29452170704334,18.867035006572785,14.146947804106082,23.581796838055933,60.14578683654847
1991,16.50159359999998,274.0152541281698,297.42218024622605,53.73045857335371,58.32022084084961,27.78887092238305,0.1960856476560296,11.63531080030642,15.888427280114904,27.719174116799294,16.624527481485305,12.099830083221631,20.561634225554528,61.53576077503101
1992,16.50563730000067,274.5971439153432,297.01767732474013,53.84455880913604,58.24090362351129,28.198379348050832,0.1960856476560296,11.749411036088752,15.967744497453225,28.269839156855955,20.46846850197684,15.687970107943354,25.788962928433982,78.0335613839517
1993,16.516614000000118,275.16941232160923,296.6045627638022,53.95677243021179,58.159897787273636,28.68831173386798,0.1960856476560296,11.861624657164505,16.048750333690876,28.703976681468852,17.029974667343986,13.27239314229329,21.59111986197038,68.91413636057712
1994,16.520319900000686,275.7013496624336,296.1375451098959,54.06107770819977,58.06832232814061,29.318375237398598,0.1960856476560296,11.96592993515248,16.1403257928239,29.086421556996896,21.207155277075515,16.68687186739074,26.985090840401266,83.37792196501134
1995,16.53197530000034,276.2391573008623,295.6962133648763,54.16653406729542,57.981783507087286,29.525946165643784,0.1960856476560296,12.071386294248136,16.226864613877225,29.43185187731735,17.350959701881006,14.138482655852824,22.381968063290362,60.56794717781279
1996,16.53540310000062,276.77062764308664,295.2713510096761,54.27074777356045,57.89847409700319,29.70109530002329,0.1960856476560296,12.175600000513164,16.310174023961324,29.803166334936126,20.44652575587537,16.750576077772983,26.431840920052004,65.70048885471758
1997,16.547607900000003,277.3268121842092,294.84355644138384,54.37980757952274,57.81458972201587,29.925530949653098,0.1960856476560296,12.284659806475453,16.394058398948644,30.073241909565354,16.76194282308829,13.132793182670952,21.293965905469317,49.22989461646206
1998,16.551836500000718,277.88104996988045,294.4027607534124,54.48848565468153,57.728156014056,30.54488402196187,0.1960856476560296,12.393337881634245,16.480492106908514,30.349003850663074,20.802383253579247,15.868927221743524,26.164135762485774,62.4990402758006
1999,16.563837499999863,278.4761142380756,293.9974873685289,54.60516921710754,57.648687719903364,30.668753110544717,0.1960856476560296,12.51002144406025,16.559960401061147,30.5991760753084,16.75486903554844,12.425428810070457,20.85945630913013,44.285635447432746
2000,16.56773229999999,279.0571007641087,293.5782750403744,54.71909233634417,57.56648619903181,30.904755871132384,0.1960856476560296,12.623944563296881,16.642161921932704,30.973009348362467,20.989658684288504,15.237550298421677,25.937399846165352,48.43955312071385
2001,16.579524000000674,279.6683737017694,293.15212186067953,54.838954186219965,57.482923676790655,30.951956423249918,0.1960856476560296,12.743806413172678,16.725724444173856,31.176503419965467,17.704807064201457,12.344992615660392,21.58376787915649,37.98975298086785
2002,16.583473500000764,280.27483573501263,292.73048194222065,54.95787268678726,57.40024614030201,31.79469731492342,0.1960856476560296,12.862724913739974,16.808401980662502,31.345929956454036,21.29297211299902,14.591085554577207,25.812602330372382,42.24795836246117
2003,16.595907500000976,280.86306623355784,292.35144372774266,55.073216245065524,57.32592218652971,31.562354379976874,0.1960856476560296,12.978068472018236,16.882725934434802,31.507130937579873,17.343595725580542,11.494192964554184,20.806652412120084,23.578082462274057
2004,16.599694100001216,281.39727748368244,292.0066994329122,55.17796740403134,57.258322778202164,31.51588579298756,0.1960856476560296,13.082819630984055,16.950325342762348,31.666686807633166,21.05767397712998,13.487252637148169,25.006631460981655,27.37729838308708
2005,16.61181250000118,281.9845885359597,291.65931340803274,55.29313067209267,57.19020536452702,31.71076077676158,0.1960856476560296,13.197982899045385,17.018442756437494,31.69859798164382,16.905608127000427,10.316598259389924,19.804842483325892,21.479958855635402
2006,16.61570980000033,282.5557174464899,291.3203993358949,55.40512085440907,57.12374917919212,31.74973577351638,0.1960856476560296,13.309973081361782,17.084898941772394,31.83988866371158,21.359733276511967,12.691936149301103,24.84599462411736,27.236462538981883
2007,16.627875899999708,283.13580130986463,291.00518680907135,55.518866974453715,57.06194052672063,31.954253184976714,0.1960856476560296,13.423719201406428,17.14670759424388,32.00305463703919,17.610699707802873,10.019879104972587,20.261656434671732,19.901104100542618
2008,16.631385300001057,283.700408457349,290.68564576232643,55.62957833263941,56.999283113616976,32.268807790315655,0.1960856476560296,13.534430559592124,17.209365007347536,32.149561733071906,21.956819981584058,11.93224043470355,24.98960394834747,23.083249270981227
2009,16.643957500000397,284.2722243067201,290.39763824722223,55.741703213803326,56.94280897348796,32.33171565962563,0.1960856476560296,13.646555440756039,17.265839147476548,32.21820824505188,17.959677794677233,9.393902459304758,20.268088955388826,16.38915483929538
2010,16.64764920000016,284.8602618872269,290.11179206912976,55.857008943623086,56.8867586405267,32.44329625692513,0.1960856476560296,13.761861170575798,17.32188948043781,32.286667161705694,21.624718662810697,11.312246736849135,24.404822955331333,13.450932500379368
2011,16.659683300000324,285.3972401544239,289.8442016793918,55.96230267492363,56.8342880056484,32.09296833341628,0.1960856476560296,13.86715490187634,17.374360115316108,32.320158139372396,16.92824141318907,8.60549773514618,18.989996014028424,4.378073559035382
2012,16.663426099999924,285.92548191360595,289.5641464281487,56.065883302391796,56.77937319032893,32.29654776824576,0.1960856476560296,13.970735529344509,17.42927493063558,32.315368908147924,20.556163548947175,10.41947662366858,23.04607022818078,2.7744494100887938
2013,16.675875000000815,286.4374862010577,289.2898555767637,56.166279994699444,56.72558869108898,32.43626267864916,0.1960856476560296,14.071132221652157,17.48305942987553,32.27033818592646,15.887503402668173,8.045278693291397,17.80840457824679,-1.852987390388279
2014,16.679396100000304,286.92336691159255,289.0463255885269,56.26155422850824,56.677835955621894,32.30776950350327,0.1960856476560296,14.166406455460951,17.530812165342617,32.261331431130614,15.315325108048858,7.668300740723884,17.127814204253216,-2.9515828416691736
2015,16.69170370000029,287.41862401549577,288.8384551764286,56.35866703848335,56.63707555123708,32.21814264581784,0.1960856476560296,14.26351926543606,17.57157256972743,32.20480046591363,15.28063772427426,7.207033430003661,16.894946585346283,-5.882911653853384
2016,16.707421000000977,287.89063622848334,288.6400489747712,56.45122185896857,56.59817094268612,32.04793455943701,0.1960856476560296,14.356074085921286,17.610477178278394,32.162207041424914,15.100782715338003,7.00401032470892,16.64601451532709,-5.122011269109285
2017,16.710669000000053,288.34617132518724,288.43521976322404,56.54054575343581,56.558006874081016,32.01389294216084,0.1960856476560296,14.44539798038852,17.650641246883495,32.11044616902717,15.08937922006328,6.819833480571633,16.55897019592714,-4.580448539000301
2018,16.723661100000754,288.8209330900859,288.2162191864115,56.633639721588274,56.515064004139674,32.223295556205606,0.1960856476560296,14.538491948540987,17.693584116824837,32.11287902872731,14.929615077477774,6.828323085846803,16.417046096248864,-4.644967834097875
2019,16.72690760000114,289.26797741314647,288.00692802658335,56.721298697206564,56.4740250115161,32.04896514151456,0.1960856476560296,14.626150924159276,17.734623109448414,32.113365600667336,18.311361620736893,8.330337536110688,20.117168982511696,-8.303197889618247
2020,16.73983820000103,289.73562686061086,287.78573621807163,56.81299804198861,56.43065247248787,32.23030694431854,0.1960856476560296,14.71785026894132,17.77799564847664,32.049801721207686,14.225901292538289,6.456747267291339,15.622607108249145,-8.17180731807532
2021,16.74385820000134,290.20300308966443,287.5810242034437,56.90464381256161,56.39051138451658,32.050367419137146,0.1960856476560296,14.809496039514322,17.818136736447933,31.96537721435873,17.15676783562579,7.725417661369809,18.81586459900709,-21.942666604289386
2022,16.755870900000446,290.6363678378458,287.39736939314605,56.98962041988004,56.35449931209422,31.696073544862585,0.1960856476560296,14.894472646832753,17.854148808870292,31.781831851563158,13.016869521560938,5.659646211485547,14.194029990828003,-25.487011538269098
2023,16.75946230000045,291.03600693748876,287.2206497213334,57.06798391156221,56.31984712079328,31.8011730219608,0.1960856476560296,14.972836138514921,17.888801000171235,31.535221045605603,14.982941595659868,6.32443738161391,16.26305773994885,-27.570388614160215
2024,16.771753700000772,291.43101406347375,287.0757160192005,57.14543913968972,56.29142770194336,31.131238327536693,0.1960856476560296,15.050291366642433,17.91722041902115,31.319238422988313,11.794566897568448,4.790973605877497,12.730484530976511,-23.137261585285902
2025,16.77642780000133,291.83438468041925,286.9165272714017,57.22453432835889,56.26021307323168,30.997252914530776,0.1960856476560296,15.129386555311605,17.94843504773283,31.247572049832044,14.403302857610353,5.995929145126356,15.601483888445427,-15.099796577281534
2026,16.78856700000142,292.2587975861204,286.7730237245887,57.30775560784688,56.23207408731392,30.970454306050687,0.1960856476560296,15.212607834799591,17.976574033650593,31.26170831865782,11.71599972679832,4.912682184684504,12.704294385996208,0.8738998971056482
2027,16.792815700000574,292.69469664994807,286.57752564550265,57.393229158090186,56.193739719860815,31.337741679081233,0.1960856476560296,15.298081385042899,18.014908401103696,31.36753514517688,15.77780265075409,6.733845554241405,17.154700010041548,11.033924794302438
2028,16.803900400000202,293.16860061512375,286.3382672145983,57.48615492402842,56.146824575479776,31.871854366089686,0.1960856476560296,15.391007150981132,18.061823545484735,31.491699778058816,14.177327522834041,6.123255072435701,15.443149561272051,16.040323105655443
2029,16.807747500000914,293.69068683590984,286.1142527777707,57.58852853876355,56.10289855955013,31.660372460132002,0.1960856476560296,15.49338076571626,18.105749561414385,31.61953227738911,19.109532297934724,8.454915992843603,20.896407085713392,21.4237148547668
2030,16.81988210000054,294.2426714038017,285.8899065782317,57.696764790254754,56.058907489714365,31.618076078940465,0.1960856476560296,15.601617017207467,18.149740631250147,31.737229819735635,16.736816343350075,7.585109541243316,18.375388650684116,19.605444400272127
2031,16.82337440000083,294.80398450134106,285.6409870815696,57.80683023252357,56.01009794899716,31.609616802702156,0.1960856476560296,15.711682459476286,18.198550171967348,31.83529874715025,20.51529647380117,10.523760485488472,23.057036326550886,28.899601042686008
2032,16.83602240000073,295.33638736068684,285.33952991248225,57.911226792012314,55.95098652475611,31.92622939081387,0.1960856476560296,15.816079018965027,18.2576615962084,32.0353483236488,17.105040365196345,9.480703018673728,19.55674143673443,25.314793084526027
2033,16.83984480000072,295.8680857928084,284.97060177743697,58.01548522343256,55.87864501245723,32.36219900316277,0.1960856476560296,15.920337450385276,18.330003108507285,32.2557946403157,21.2487337980553,12.423877290717822,24.614252272929836,29.226114175551256
2034,16.851755200001207,296.44872616011617,284.59384673342174,58.12934046591134,55.80476875564383,32.660620342624746,0.1960856476560296,16.034192692864053,18.403879365320684,32.43807421126627,16.652844208190363,10.678876239356882,19.782710076169046,23.9677646558944
2035,16.85554880000018,297.02212416698217,284.2390073376523,58.24177558545234,55.7351898429105,32.72030766227495,0.1960856476560296,16.14662781240505,18.47345827805401,32.54905954440169,20.032945262076254,12.627072492115417,23.680410798685088,18.976013603854817
2036,16.86795130000064,297.56210300219476,283.9068587680068,58.347657685075546,55.67006027551354,32.52101465745499,0.1960856476560296,16.25250991202826,18.53858784545097,32.57125661102878,16.227357052160258,9.812824939652916,18.963613848488098,5.744821738184537
2037,16.87208670000109,298.0926055234979,283.60285910118137,58.45168161554844,55.61045030395685,32.481156056491,0.1960856476560296,16.35653384250115,18.59819781700766,32.533450540955755,18.840733380846842,11.175596562008538,21.905871195753285,0.09766151676853019
2038,16.883971900000688,298.5925178359526,283.3086203539086,58.549707245107335,55.55275430863238,32.4731843362982,0.1960856476560296,16.454559472060048,18.65589381233213,32.43261967362084,14.316143396476017,8.260582161246244,16.528435479232858,-5.9253040450898435
2039,16.887950800000908,299.0516405063514,283.0444936504889,58.63973461128605,55.50096285292907,32.471589992259645,0.1960856476560296,16.544586838238764,18.70768526803544,32.381166268708554,17.187560127706345,9.557126328971759,19.66598298614758,-2.5370649718909775
2040,16.899932199999967,299.4802868355722,282.81437658645035,58.72378600436669,55.455840199390366,32.216153325600374,0.1960856476560296,16.6286382313194,18.752807921574146,32.37087558772609,13.522731230426537,7.313995276404331,15.373964577610359,-0.8119116665769289
2041,16.90353000000141,299.9003527757876,282.599079070929,58.80615490631207,55.41362344662063,32.26374763289351,0.1960856476560296,16.71100713326478,18.79502467434388,32.4382656937171,12.935888451327617,6.967276521187108,14.692860584238739,2.8495089123907618
2042,16.915773400000035,300.3268337994157,282.3993425216385,58.88978171404318,55.37445797599243,32.42970265157871,0.1960856476560296,16.794633940995894,18.834190144972084,32.431944520579364,13.21213691140095,6.960170790841679,14.93333650606217,14.354984972758057
2043,16.931265400000484,300.74663307143595,282.152775999062,58.97209832618281,55.32610981972271,32.81013486625324,0.1960856476560296,16.876950553135522,18.8825383012418,32.584128161928376,13.330684423564003,7.018323112695294,15.065324640207555,16.44623703201148
2044,16.934946200000923,301.19728601444103,281.90910464429675,59.060464900380055,55.27832936430835,32.43998412657096,0.1960856476560296,16.965317127332767,18.930318756656163,32.748276438049736,13.647938919576175,7.234405484705222,15.446775050786979,20.210190989760513
2045,16.94758069999989,301.6874898385712,281.6477092055078,59.15658683471808,55.227073470399084,32.97707153234544,0.1960856476560296,17.06143906167079,18.981574650565427,32.86953443800058,13.844133709641248,7.4156075795392,15.70513527302915,24.40569884222869
2046,16.951570600000196,302.1856129991936,281.3869639224707,59.254261637281196,55.17594506270151,33.08448901350034,0.1960856476560296,17.15911386423391,19.032703058263003,33.019357937404806,17.845855306739598,9.199259204016991,20.077373372325802,29.882351380099166
2047,16.963533900001494,302.66218694120465,281.13652064370365,59.34771094735642,55.12683673018336,33.03599265133288,0.1960856476560296,17.25256317430913,19.081811390781148,33.26414197322315,14.481153856381464,7.276828082169803,16.206666651401417,22.896535685855174
2048,16.96733839999979,303.1534922919418,280.9029350925665,59.444048875252584,55.08103395610555,33.55925236327439,0.1960856476560296,17.348901102205296,19.12761416485896,33.405694605582134,18.13722197120768,8.727074378884437,20.127609099131465,39.5377554694635
2049,16.979845800000476,303.6117220720089,280.6880521935518,59.533901158452316,55.03889850368204,33.66390430566269,0.1960856476560296,17.43875338540503,19.16974961728247,33.52660034689767,14.90985216898627,6.8437109680031,16.405489066607874,33.14389255824798
2050,16.98349960000087,304.0941155155608,280.4773414175286,59.62849158925622,54.99758114469743,33.68483469414035,0.1960856476560296,17.533343816208934,19.211066976267084,33.86568566996547,18.513365906267314,8.67248421097958,20.443989326181693,38.39688938845336
2051,16.995650200000455,304.61113721629255,280.2668039212767,59.72987212429642,54.95629776338899,33.68901772007807,0.1960856476560296,17.634724351249133,19.252350357575523,33.93350273457903,15.01122395884548,6.961733781024845,16.54698105336678,35.50853344395926
2052,16.99938210000073,305.10271258776453,280.014653250827,59.82626299938326,54.906854635866964,34.731419266671864,0.1960856476560296,17.731115226335973,19.301793485097548,34.10788035648612,18.57375172156303,8.68648989208398,20.504618008135214,48.94132972200403
2053,17.011650100001134,305.59142826901143,279.7965939157341,59.922093130260215,54.86409632991783,33.89833768634219,0.1960856476560296,17.826945357212928,19.344551791046683,34.38715956739098,14.822339177936028,7.111187003999975,16.43991238759001,33.47321704268831
2054,17.015384500000437,306.06748139586614,279.56819755119915,60.0154403159582,54.81931108085571,34.53579241519813,0.1960856476560296,17.920292542910914,19.3893370401088,34.67407620058758,17.37505250892431,7.9461327297594835,19.105849236472892,53.878738256442404
2055,17.027845600001456,306.5206621580486,279.35012586485055,60.104302559216,54.776550353002605,35.08123074866462,0.1960856476560296,18.009154786168715,19.432097767961906,34.866761040898766,13.55011822574999,5.82344032865472,14.748496913014705,51.81544096581971
2056,17.032015700000557,306.96954389644577,279.1890863368181,60.19232182561058,54.744972812850136,35.123600886061055,0.1960856476560296,18.09717405256329,19.463675308114375,35.31550125603132,15.366653360260274,6.36598393746482,16.633093127451023,67.86176374988726
2057,17.04403740000089,307.38056956786147,279.0275190817631,60.272918060593376,54.713291793002675,35.69484346822784,0.1960856476560296,18.17777028754609,19.495356327961836,35.75320828343283,11.502153672688442,4.25059402768263,12.262425889615457,59.75665189093966
2058,17.04812839999977,307.7330360687232,278.89820667473765,60.3420316826919,54.68793548592113,36.142038762004944,0.1960856476560296,18.246883909644616,19.52071263504338,36.17456682758501,13.681479050107669,4.278041413964937,14.334730808010807,76.12840320388491
2059,17.060011900000973,308.0769052574152,278.8124117761063,60.40945949526553,54.67111233765741,36.72432755220568,0.1960856476560296,18.314311722218243,19.5375357833071,36.60599918094669,10.531273833279018,2.9983230210056573,10.9497794265364,60.820303606201776
2060,17.063950800000384,308.43904137783034,278.74072348846016,60.48046919097677,54.657055293344975,37.18802346942552,0.1960856476560296,18.385321417929482,19.551592827619537,36.98933948462684,12.369063241277264,3.222023609690974,12.781829352957363,67.58760667102314
2061,17.076220800001465,308.77420431418415,278.6672746831502,60.54618983242201,54.64265303678621,37.280762652869484,0.1960856476560296,18.45104205937472,19.565995084178304,37.370549781691,10.086804648902614,2.2818675779333524,10.341689787860918,49.368181298524874
2062,17.08023830000093,309.09983159612415,278.5903645081899,60.610040668895685,54.62757205531778,37.61154498662859,0.1960856476560296,18.514892895848398,19.581076065646734,37.65276413114289,12.816510883582616,3.496754828455887,13.284963137296288,53.24956423470647
2063,17.09265990000131,309.44715333360136,278.49551440585606,60.67814547673392,54.608973311571404,38.04809024732572,0.1960856476560296,18.58299770368663,19.599674809393107,37.80057296783015,10.392089808765961,3.150077426184098,10.859029348169752,37.05290733556334
2064,17.096244899999874,309.8004251131855,278.3585740360343,60.74741700243227,54.582121270464654,38.13539929946515,0.1960856476560296,18.652269229384984,19.626526850499857,38.0003007507926,13.322544257311701,3.9192073473282854,13.887057705625804,37.09494073837021
2065,17.10814550000032,310.1588465126714,278.24718287668435,60.81769829468425,54.56027906284036,37.92706765286178,0.1960856476560296,18.72255052163696,19.648369058124153,38.19473727418196,11.346243573150938,3.6564838837585873,11.92086899573413,23.445815864333294
2066,17.111959600000773,310.5480352976015,278.1495490150695,60.89401262963772,54.54113446385245,38.27940156768173,0.1960856476560296,18.798864856590434,19.66751365711206,38.31403717651608,13.62280881164629,4.645046767537626,14.392962842697802,27.57481339780707
2067,17.123885799999698,310.9136735582871,278.0011323709549,60.965709044792085,54.51203209006831,38.58372760357541,0.1960856476560296,18.870561271744798,19.6966160308962,38.337897156982905,10.750820280721664,3.54093331692023,11.318937470595547,17.520626221850513
2068,17.127890900001148,311.25815776945456,277.86959156441844,61.03325745444614,54.48623882582541,38.64458975899633,0.1960856476560296,18.93810968139885,19.7224092951391,38.46824044213877,10.575393014151889,3.5918257048915794,11.16871296515818,13.11966292154202
2069,17.141277900000205,311.59696436912145,277.73512860399524,61.09969256597196,54.45987256914508,38.25469920179927,0.1960856476560296,19.00454479292467,19.748775551819435,38.54108094975589,9.793694007702864,3.6439243890388537,10.44962330754306,3.5904196308376757
2070,17.156009400001494,311.97474920995614,277.5781226661355,61.173770751161655,54.42908595813401,38.57878407864111,0.1960856476560296,19.078622978114367,19.7795621628305,38.45760583838868,9.852262874655473,3.3800893918933275,10.415953535250834,2.5327009327859358
2071,17.16064280000137,312.3551832741687,277.4533609277644,61.2483684110332,54.40462197186282,38.64360410576729,0.1960856476560296,19.15322063798591,19.804026149101695,38.38176836006055,10.41630448095701,3.152975155689726,10.883044214391566,-13.752197520155248
2072,17.172968500000934,312.751477398132,277.3828943701247,61.32607600099281,54.39080449126995,38.1663520467394,0.1960856476560296,19.230928227945526,19.817843629694565,38.34124197767618,10.620656298746237,3.137476686215523,11.07438938148032,-20.488798542723895
2073,17.1767061999999,313.12671975236503,277.28178163696475,61.39965564105057,54.37097773550201,38.26540236735569,0.1960856476560296,19.304507868003284,19.837670385462502,38.15854258498837,13.968120349972288,3.9400345821721796,14.513175345871856,-37.63687988909078
2074,17.188140500000372,313.4756878116264,277.1714509634404,61.468083268962104,54.34934347392766,38.052067289877385,0.1960856476560296,19.372935495914817,19.85930464703685,37.83561659805237,11.836891250193728,3.283444031139278,12.283851154037036,-40.90192353283561
2075,17.19142720000127,313.84051771706675,277.0691612638093,61.539621177254666,54.329285931926954,37.66528711520204,0.1960856476560296,19.44447340420738,19.879362189037558,37.53518972586048,14.600880262441482,4.68129988994084,15.332979915780017,-67.72840688481003
2076,17.204339300000356,314.19899051325103,276.93766232522967,61.60991254766153,54.30350087738949,37.028974171087285,0.1960856476560296,19.514764774614243,19.905147243575023,37.11305723228147,11.83795120340547,4.070963779491113,12.518379878727822,-65.87691365730392
2077,17.20781910000005,314.55612580214085,276.7937341237879,61.67994165208431,54.275278622793806,36.66421768577996,0.1960856476560296,19.584793879037022,19.933369498170705,36.63486181266723,14.32504872819025,4.8329010605981715,15.118331711090216,-83.30535176952347
2078,17.21972640000058,314.91265205600394,276.656929624697,61.749851333479434,54.24845322398731,36.15473989946068,0.1960856476560296,19.654703560432147,19.9601948969772,36.16306245042407,10.965014892461236,3.8988468127620517,11.637549486953063,-71.14957502239751
2079,17.22338050000144,315.25591112191114,276.55067649797115,61.817159509731646,54.2276185108178,35.661090191806196,0.1960856476560296,19.722011736684358,19.981029610146713,35.741437563327004,13.219586843049175,4.067307833604381,13.83114128747944,-82.35672197285658
2080,17.23594370000137,315.5740638400481,276.45890478123107,61.87954469152106,54.20962339430431,35.30629030398624,0.1960856476560296,19.784396918473774,19.999024726660203,35.356652380829466,10.161504758628386,2.615928414160421,10.492819469886976,-60.78707873095445
2081,17.239549900001293,315.8814996636253,276.4066878652296,61.93982844409986,54.19938440651157,34.92084973560194,0.1960856476560296,19.844680671052572,20.009263714452942,35.03667959725965,12.612048741228085,2.8314102112450246,12.925968328734815,-66.3048271172045
2082,17.251710399999865,316.1812895277227,276.353762420409,61.99861293376211,54.18900648638643,34.74029177329227,0.1960856476560296,19.903465160714823,20.01964163457808,34.67706736476443,9.842886906701214,1.9707560624073144,10.038241983316867,-46.765655400444665
2083,17.254996100000426,316.484981500583,276.29795903771947,62.05816257094836,54.17806424395036,34.55487598161158,0.1960856476560296,19.963014797901074,20.030583877014152,34.45623073369508,11.912933604404344,2.733576432974508,12.222537673407267,-51.03546904990956
2084,17.267754600001354,316.78259944008715,276.2069665660705,62.11652117737009,54.16022192621524,33.86302902933013,0.1960856476560296,20.0213734043228,20.04842619474927,34.230555839121834,9.641960323393258,2.64565618365592,9.998344638989328,-36.16158266940981
2085,17.271716900000683,317.0920884586546,276.1009512362442,62.17720753201831,54.13943384160479,34.20210714863946,0.1960856476560296,20.08205975897102,20.06921427935972,34.02460726157437,11.737315083670618,4.102001494543644,12.433462174092945,-37.85650167879848
2086,17.283705300000292,317.4199032181793,275.95423866355327,62.24148730145092,54.110665611769406,33.79247526273571,0.1960856476560296,20.14633952840363,20.097982509195106,33.85246478727581,9.027816851693862,3.889992769219898,9.83023503545621,-29.971469575577068
2087,17.287411799999973,317.7093154041542,275.8004645731149,62.298236877377356,54.08051271965308,33.71054888555496,0.1960856476560296,20.20308910433007,20.128135401311432,33.7114444955411,11.251863024875519,5.54664082311558,12.544705893372436,-41.538583027409814
2088,17.30000800000016,318.0032947323862,275.6546296930834,62.355882004351216,54.05191659275126,33.69416361011881,0.1960856476560296,20.26073423130393,20.15673152821325,33.361442951842605,9.141618606032354,5.059748146056085,10.448456442923755,-34.05030281060435
2089,17.303517100001045,318.2841565078036,275.48136829973566,62.41095496748575,54.01794252022289,33.157927570656575,0.1960856476560296,20.315807194438463,20.190705600741623,33.09642250150134,11.595360081623618,6.2922681073959685,13.192612074864586,-38.084353249468684
2090,17.315802500001155,318.5826815830056,275.305187045637,62.4694914501983,53.9833959049081,32.452099430146944,0.1960856476560296,20.37434367715101,20.22525221605641,32.917846512019025,9.6361730016384,5.252696683508992,10.974819022036362,-29.159800560837034
2091,17.319518500000413,318.9167961892084,275.14292426385066,62.53500652914692,53.95157850225105,32.467373011029395,0.1960856476560296,20.439858756099632,20.25706961871346,32.78953548892725,12.960356830970206,6.370024017106953,14.4411929965843,-10.611690312191177
2092,17.33182520000082,319.26292097113026,274.9585749990681,62.60287663117987,53.915430257271254,32.817668938143385,0.1960856476560296,20.50772885813258,20.293217863693258,32.87046447083233,11.184392539977772,4.971612176654675,12.239590030853625,8.590224670698719
2093,17.335558500000843,319.66649928575134,274.80898731666156,62.682012546382275,53.886098259685205,33.05260849465993,0.1960856476560296,20.586864773334987,20.322549861279306,33.11295825061178,14.126373076025532,6.039423448708465,15.363237024659506,26.781315767499287
2094,17.347445700001117,320.07961157680893,274.64593426813025,62.763017937528964,53.85412589706165,33.562572480181984,0.1960856476560296,20.667870164481677,20.354522223902862,33.35647714816923,11.829069248986919,4.870990965448615,12.792710122675727,37.845917118291155
2095,17.351439800000662,320.4762932750616,274.4799039771888,62.84080152524414,53.82156973993188,33.66456832904421,0.1960856476560296,20.74565375219685,20.38707838103263,33.66170558588385,11.385111983390715,4.747282444528675,12.335212421457404,38.46404097745484
2096,17.363420900001074,320.85170118741775,274.3137015802347,62.91441362887369,53.78897983528315,33.684967498816654,0.1960856476560296,20.8192658558264,20.41966828568136,33.91083660057521,9.376116045030638,4.682581730824865,10.480368493318151,33.82480523205466
2097,17.383508800001437,321.18926654441304,274.0761594648829,62.98060535052635,53.74240123574881,34.34381112671646,0.1960856476560296,20.885457577479066,20.466246885215703,34.10501888261505,9.659010157741315,5.173304495791597,10.957169188870246,35.732556654704304
2098,17.389427400001296,321.52588566686495,273.84877466846683,63.04661152916574,53.69781434067643,34.29826356811673,0.1960856476560296,20.95146375611845,20.51083378028808,34.35216832730426,9.146021600424824,5.308339134305593,10.574884182828562,24.621696938207574
2099,17.39801179999995,321.88614060616936,273.62360876721436,63.11725235226053,53.65366253909929,34.53348389038116,0.1960856476560296,21.02210457921324,20.554985581865225,34.60991120452336,9.50187353008659,5.646930102443575,11.053208591338699,25.979784610103184
2100,17.402905200000532,322.30812877947204,273.4033463446356,63.19999817652577,53.610472239313644,34.9003155524903,0.1960856476560296,21.10485040347848,20.598175881650867,34.71201458953748,12.428192704335448,7.131553159939934,14.328957546491166,38.28517875048145
2101,17.41264070000034,322.7015133960399,273.1842411271745,63.27713525384339,53.56750885084297,34.973681884912125,0.1960856476560296,21.181987480796103,20.641139270121542,34.98055965618875,11.557053555289519,6.261984007672509,13.144501914951983,33.863974130154936
2102,17.41662030000043,323.06533959168576,272.9865281162663,63.34847634905084,53.52874016704901,34.854328051787114,0.1960856476560296,21.253328576003554,20.679907953915503,35.26388170662838,14.075078728326453,7.261926112053917,15.838036875368054,41.527908343145974
2103,17.42793309999979,323.45745886032375,272.8027462258439,63.42536530980013,53.492703176038084,35.64098890137305,0.1960856476560296,21.33021753675284,20.715944944926427,35.48620163429443,11.90375680801911,6.055833189121328,13.355618359287028,44.66913275278818
2104,17.431537700000263,323.8401719050223,272.6162901941563,63.50040984503626,53.45614182430525,35.950094142579296,0.1960856476560296,21.40526207198897,20.752506296659263,35.73255526826514,14.268207953290975,6.954015606627652,15.872620806142155,50.524938294458416
2105,17.443732499999896,324.2166195143415,272.44241788545315,63.574225818318176,53.42204796004374,36.011915190820545,0.1960856476560296,21.47907804527089,20.78660016092077,36.17853925189522,11.852608680321172,5.565347865200887,13.094175399372075,39.1225193082479
2106,17.44737030000033,324.5829405841518,272.2772304479258,63.64605612254198,53.38965707437155,36.20545005476567,0.1960856476560296,21.55090834949469,20.818991046592963,36.385395960730605,14.90046146275478,6.614928204420649,16.30279199869397,55.284008671037284
2107,17.459793199999694,324.953482033245,272.0999320016299,63.71871398257082,53.35489139370121,37.084247969937515,0.1960856476560296,21.62356620952353,20.853756727263303,36.561571379646125,11.933809780516512,4.99621773427903,12.937465266653891,46.75013613614823
2108,17.46308660000068,325.32359084522534,271.9582868334153,63.79128700867119,53.327116809154504,36.67527244555001,0.1960856476560296,21.696139235623903,20.881531311810008,36.89242474956204,15.098242696200124,6.1296460386640375,16.295075730805,55.94630339510092
2109,17.475766499999736,325.71066608288834,271.82576097837335,63.86718690733995,53.30113039103743,36.83097123715688,0.1960856476560296,21.772039134292662,20.90751772992708,37.217979578818664,12.215120286444881,4.7845255655554455,13.118721298197128,52.01606347811612
2110,17.479183100000228,326.09182057345646,271.6783030375621,63.94192583248,53.27221600521144,37.66618204040013,0.1960856476560296,21.846778059432715,20.93643211575307,37.50002841088093,14.741624504403735,5.786055561175317,15.836474733533484,83.42604147635336
2111,17.491537800000515,326.4276411174852,271.5410509791171,64.00777542135208,53.24530284643912,37.83322420104878,0.1960856476560296,21.91262764830479,20.963345274525395,37.95977069682463,11.207850135220077,4.40189138465073,12.041285330720099,68.53808771595456
2112,17.49481790000027,326.7367930918713,271.4104702643105,64.06839568647372,53.219697842404884,38.49449213024882,0.1960856476560296,21.973247913426434,20.988950278559628,38.521426795614936,13.133002383592565,4.815376359504674,13.987980593749924,88.11056663947389
2113,17.507832600000256,327.026643646503,271.3100760621714,64.12523122020212,53.20001198025753,38.973983875268516,0.1960856476560296,22.030083447154837,21.008636140706983,38.860065998771425,9.589918907370503,3.2797903768517975,10.135263665343489,76.07405935343907
2114,17.511605200001213,327.3270039292039,271.230869845621,64.18412756076569,53.184480777986856,39.639251731108395,0.1960856476560296,22.0889797877184,21.024167342977655,39.326122696824605,11.747081014690977,3.6443996913977794,12.299413054140974,78.24665789509135
2115,17.523967000000994,327.58925067712516,271.18138231736225,64.23555038417751,53.17477698395735,39.35937805618262,0.1960856476560296,22.140402611130227,21.03387113700716,39.602655569638365,8.958657270562798,2.270965330459149,9.242014045842774,45.992426749125556
2116,17.527486099999805,327.87847569418363,271.1095698225046,64.29226325896576,53.160695584393395,40.16350769131465,0.1960856476560296,22.197115485918474,21.047952536571117,39.7718360455683,10.793255329891451,2.5135462388112306,11.08206999214823,51.895320225228836
2117,17.539862400000857,328.16496957051856,271.0503035274035,64.34844059625638,53.14907431453432,39.87715649431762,0.1960856476560296,22.253292823209094,21.059573806430194,39.89510695520741,8.624539513717194,1.7722480365965405,8.804745591264378,27.531497548188096
2118,17.543581200001427,328.42175844487576,270.9986140898587,64.39879320899557,53.138938757696366,39.81988625491822,0.1960856476560296,22.303645435948283,21.069709363268146,40.10162759221336,10.646408044763787,1.84952569624292,10.805866441737745,29.491675262650464
2119,17.555684000000838,328.716050573133,270.97328633496465,64.45649967156496,53.133972348474295,40.25560627930396,0.1960856476560296,22.36135189851767,21.074675772490217,40.12242207605987,8.285453245459376,1.1381694936263287,8.363262836890572,22.3539541263881
2120,17.55977080000048,329.0134471525606,270.9488727312021,64.51481487245272,53.129185191168894,40.391981241212356,0.1960856476560296,22.41966709940543,21.079462929795618,40.25389786736042,9.824197519747102,1.4195311015386198,9.926224128803488,17.59993868074036
2121,17.572172500000306,329.2860995200738,270.92075089764427,64.56827808852148,53.12367090322244,40.26748011054716,0.1960856476560296,22.473130315474194,21.084977217742072,40.40750930980022,8.295836000851642,1.0186498808017026,8.358142289569106,7.64837212249256
2122,17.57642400000077,329.5513298726942,270.8698895676728,64.6202859539931,53.11369772639433,40.53453545082037,0.1960856476560296,22.525138180945817,21.094950394570184,40.34879678383505,11.018676922936208,1.317466150388165,11.097159915467811,7.992818043896676
2123,17.587916899999982,329.89703351797823,270.8276255901604,64.68807347717566,53.10541036699129,40.5879434671172,0.1960856476560296,22.592925704128376,21.103237753973218,40.41518416145452,9.274081964709769,1.4748661804567544,9.390624395555927,4.368316673697889
2124,17.591776200000822,330.2588271661157,270.790143091876,64.75901601898853,53.098060587039434,39.96204364947813,0.1960856476560296,22.663868245941245,21.110587533925077,40.428461636978405,9.162516567722747,1.5464850261019185,9.29211094368504,3.8668373634419066
2125,17.603721600000426,330.59669684279845,270.67084052150415,64.8252674133642,53.07466706526104,40.723918129309695,0.1960856476560296,22.730119640316914,21.133981055703472,40.59627460278631,10.446295257793475,1.9763145280127232,10.631599302392495,26.024514567395244
2126,17.61920910000117,330.89313173023083,270.60743791357913,64.88339404025423,53.06223472382298,40.33386748816663,0.1960856476560296,22.788246267206944,21.14641339714153,40.74927445180727,10.131461624738902,1.9243855479291794,10.312602697216436,29.827205667908906
2127,17.62254050000047,331.21001541546786,270.53107090417603,64.94553038290556,53.04726024932462,41.37360027985989,0.1960856476560296,22.850382609858272,21.16138787163989,41.072348786845836,8.882316815361275,2.03300598969591,9.112006659489944,55.41945767589553
2128,17.635448400000314,331.494657784531,270.5006952773135,65.00134466619366,53.04130402485833,41.352942712221974,0.1960856476560296,22.906196893146372,21.167344096106184,41.39233352690042,8.517290146040795,1.712837675001962,8.687810099947498,57.88345367808119
2129,17.638946700000815,331.7111812308007,270.45702959325416,65.04380180638816,53.032741810919205,41.57741532467096,0.1960856476560296,22.948654033340873,21.175906310045306,41.85201589971602,10.272707968070472,1.829840005068692,10.434406712478117,79.24808829317524
2130,17.651649600000383,331.9522398877783,270.4338679940167,65.0910699492647,53.02820015373197,42.32384182958263,0.1960856476560296,22.99592217621742,21.18044796723254,42.18696995240414,7.1639903306711386,0.9900321008471287,7.232075844365665,64.2398773918287
2131,17.654987100000653,332.16551205934695,270.4102476991878,65.13288956115376,53.02356855292262,42.63227935224465,0.1960856476560296,23.037741788106473,21.185079568041893,42.576463204348016,8.237250294841465,1.3632339709744503,8.34929334012673,70.93348957127616
2132,17.66762110000127,332.3657722409109,270.3911819199141,65.17215770855545,53.01983002724568,43.04837054330049,0.1960856476560296,23.07700993550816,21.18881809371883,42.85362149829148,6.604461725354364,0.9197954273796278,6.6682035294297375,51.09398522288241
2133,17.671376000000237,332.55133533317695,270.34661292382617,65.20854396768348,53.011090686782396,43.30040897194135,0.1960856476560296,23.113396194636195,21.197557434182116,43.072374079931734,9.047402415581216,1.0731474734308557,9.110825207915902,47.14995294145956
2134,17.68411500000002,332.80941891630204,270.33164834814403,65.25915045422995,53.00815634826787,42.96320679438827,0.1960856476560296,23.164002681182666,21.200491772696644,43.48262239899417,7.478342512467374,0.9079117426735283,7.533253644094383,21.5941909105642
2135,17.687913100000515,333.11808806647787,270.3098713155516,65.31967604445362,53.00388618472795,43.41760473778391,0.1960856476560296,23.224528271406328,21.204761936236558,43.5078727464004,9.986929097958011,0.9150746122274981,10.028764348292551,14.444830141911915
2136,17.701410499999838,333.4405709057796,270.271216303009,65.38291030085605,52.996306491558386,44.68352094755679,0.1960856476560296,23.287762527808766,21.212341629406126,43.358365931116026,9.110823104286403,0.6505456174827607,9.134019226935367,2.605237335749005
2137,17.705539900000076,333.7701692767379,270.2642304673538,65.44753981089178,52.994936669449515,43.174622280331675,0.1960856476560296,23.352392037844496,21.213711451514996,43.30134176532477,11.167311225907394,1.2302840505246029,11.234876005602043,-20.28497796569448
2138,17.717672500000845,334.0987083958446,270.2020592037525,65.51196161684216,52.98274577696066,42.552874895519466,0.1960856476560296,23.41681384379487,21.22590234400385,43.28993632181496,9.290604609309181,1.3201827515377584,9.383933956714253,-23.46204212945093
2139,17.72215630000028,334.4246709954455,270.1305090025983,65.57587820429654,52.968715809427415,42.67808596543202,0.1960856476560296,23.480730431249256,21.239932311537096,42.92115743037862,12.451651231884078,2.166228471536446,12.638677311782883,-20.506774242342324
2140,17.733316699999705,334.79759688704496,270.0409356612941,65.64900361927853,52.951151762785074,43.36057752023484,0.1960856476560296,23.553855846231244,21.257496358179438,42.818066935294475,10.594730413136926,2.4693971210284733,10.878705560331719,-20.487031413443336
2141,17.73711220000041,335.19421123348,269.94818404960085,65.72677400026892,52.932964502935064,42.839626490375096,0.1960856476560296,23.63162622722163,21.275683618029447,42.83210887045733,13.380629484944583,3.245278187201308,13.76855387924574,-36.49301237411025
2142,17.749462300000232,335.59519129713954,269.83181835126743,65.80540043574875,52.910146859612404,42.65916980491096,0.1960856476560296,23.710252662701464,21.298501261352108,42.66278163737272,11.908799989553374,3.0441808674923716,12.29172706926057,-24.131749750819704
2143,17.753630400000475,336.0041521333669,269.72799700725045,65.88559178618635,52.88978898413032,42.623084571333756,0.1960856476560296,23.790444013139066,21.31885913683419,42.32529070247455,14.16905719971897,4.04704773038214,14.735697379523618,-35.97730070903481
2144,17.76535380000132,336.4164356773847,269.601036117047,65.966434671933,52.86489377574778,41.83144980000894,0.1960856476560296,23.871286898885714,21.34375434521673,42.08565689537772,11.134745799914015,3.5798783637207556,11.69607169641751,-41.920929325037825
2145,17.76939130000028,336.7840481893657,269.4653835409805,66.03851820943126,52.83829425251358,41.673122845743976,0.1960856476560296,23.943370436383972,21.370353868450934,41.80922976774742,12.46457024993672,4.572752064705737,13.276881145844385,-43.594756462093514
2146,17.781385899999805,337.1093879018336,269.3151526479404,66.10231265765874,52.80883613055387,41.64145745489098,0.1960856476560296,24.007164884611456,21.39981199041064,41.49714807757293,9.609390743239643,3.971919277936904,10.397910040325728,-29.028034595763906
2147,17.78573359999973,337.397975332392,269.16411531042263,66.15890051088518,52.77921987640645,41.27703416675945,0.1960856476560296,24.063752737837888,21.42942824455806,41.401152027623965,10.230269964370597,4.769501334597595,11.287451728562626,-22.083656921437907
2148,17.796895500001483,337.68051037362534,269.05709633248847,66.21430157743094,52.75823499080675,41.06267612046127,0.1960856476560296,24.119153804383657,21.450413130157763,41.31033477564199,7.465787009536973,3.7776992226365644,8.367137329366592,-7.32582581581375
2149,17.801270800000566,337.90364810121883,268.9207300767745,66.25805568326261,52.73149552523664,41.351469550264135,0.1960856476560296,24.162907910215324,21.477152595727873,41.37281951860496,8.946494972194706,4.234785775312789,9.898140373337645,7.186418014256223
2150,17.81295020000107,338.14375107559766,268.8236960079631,66.30513643049783,52.712468537009066,41.21903658583408,0.1960856476560296,24.209988657450538,21.496179583955445,41.435003356846,7.086404633094715,3.13202413331452,7.747690352331514,14.482159707204568
2151,17.816930400000274,338.4019884891143,268.72745415335794,66.35577308097625,52.693596890617194,41.95388116970588,0.1960856476560296,24.26062530792896,21.515051230347318,41.620252624494206,6.769729758018868,2.9579138925945574,7.387726009579002,19.237884065071007
2152,17.828948800000944,338.62969481514966,268.64788984449183,66.40042302339226,52.677995471582875,41.587953357964615,0.1960856476560296,24.305275250344977,21.530652649381636,41.79330528564103,7.574110829950431,2.7078657719056314,8.043611869243225,23.42976912773954
2153,17.843553599999723,338.8814456154085,268.5727009157128,66.44978774210894,52.663252001786674,41.9889224587023,0.1960856476560296,24.35463996906165,21.545396119177838,42.021757370604774,7.390595837388492,2.799614219206434,7.9030846261448415,27.891060612843894
2154,17.847446200001286,339.1598068994576,268.4761983002173,66.50437039477407,52.64432922392674,42.21673285599827,0.1960856476560296,24.409222621726784,21.564318897037772,42.15893521435533,6.869580189278343,2.7810267647358664,7.411156579313563,32.862819682701414
2155,17.860636299999896,339.3692440222277,268.33575489731993,66.54543800863567,52.6167902883106,42.361297010652784,0.1960856476560296,24.450290235588383,21.591857832653915,42.52338677431638,6.724452753456462,2.8334704630051473,7.29704184572014,30.933613377709815
2156,17.864710699999705,339.57946310516627,268.2391663854628,66.58665895366333,52.59785066740695,42.639770388458686,0.1960856476560296,24.491511180616044,21.61079745355756,42.814305040410154,7.632092285096835,3.4339301245911606,8.36903272480215,33.43405808486074
2157,17.876952300000994,339.76609685539313,268.1417541818149,66.62325515345104,52.57874953236506,43.410211157769865,0.1960856476560296,24.528107380403753,21.629898588599453,42.87248869362891,5.371753880923552,2.6316319800319588,5.981741104021818,28.161980133519943
2158,17.880933800001003,339.9268757763483,268.06029511283657,66.65478159229598,52.56277657806698,43.44351378917116,0.1960856476560296,24.55963381924869,21.64587154289753,42.984545956499225,6.526396423185575,2.893842424428084,7.139199832613546,18.901915948735823
2159,17.893455500001437,340.10060016967304,268.00603294568964,66.6888464524747,52.55213654587876,42.50765112209205,0.1960856476560296,24.59369867942742,21.65651157508575,43.09574219911235,5.031353404561704,2.2371558933587887,5.50630398477823,2.4048237127349648
2160,17.897215700000743,340.2710149105823,267.940854549899,66.72226233731604,52.53935599792696,42.92158332500435,0.1960856476560296,24.62711456426875,21.66929212303755,43.02554065173654,5.9458478309169935,2.84518526665624,6.5915237714824375,2.069697703792418
2161,17.909199900001113,340.432476933212,267.85742890847087,66.75392272259523,52.52299742699641,43.19575160152431,0.1960856476560296,24.658774949547947,21.6856506939681,42.89270822800356,5.052838500833629,2.142690883590026,5.48837873493862,-2.844027767724251
2162,17.912877000000663,340.5742828685569,267.7711580694029,66.78172883126881,52.50608095364394,43.0592034208908,0.1960856476560296,24.68658105822152,21.702567167320574,42.904023823335095,6.051383424729134,2.672308297092353,6.615169913750903,-8.613100466044378
2163,17.924214000000575,340.7739341814947,267.74228902906947,66.8208775882716,52.50042014917295,42.77935167050629,0.1960856476560296,24.725729815224312,21.70822797179156,42.944563309588894,4.789093418835916,2.20725448455682,5.273271103777396,-5.7170687448566335
2164,17.928254899999956,340.9328863163698,267.67020665668144,66.85204582058488,52.486285830498666,42.5642290987497,0.1960856476560296,24.75689804753759,21.722362290465846,42.8638864168006,5.858515250705095,2.235190488444723,6.270428810087707,-7.618179972173312
2165,17.94080120000035,341.0976624970612,267.60151162510783,66.88435606469405,52.4728157207418,43.12428075627338,0.1960856476560296,24.78920829164676,21.735832400222712,42.81132403628981,4.829954018017892,1.4204660745619107,5.034498950754534,-9.099927551615103
2166,17.944697599999927,341.25641025317157,267.57161203713633,66.91548422126489,52.46695284066976,42.7923671375828,0.1960856476560296,24.820336448217603,21.74169528029475,42.731099035773596,5.600067664467812,1.8022894706978638,5.882941881644451,-18.706465561657534
2167,17.957147799999802,341.4100116819452,267.5381590517645,66.94560325690685,52.4603931903671,42.796391518336875,0.1960856476560296,24.850455483859562,21.74825493059741,42.67717195559223,4.478676624000607,1.2917212754290555,4.661232471757393,-15.284458425833456
2168,17.960955600001398,341.5518437407988,267.4913894333513,66.97341448802555,52.45122233944992,42.37822666792519,0.1960856476560296,24.878266714978267,21.75742578151459,42.50788922510282,4.985349473374593,1.5861020493830482,5.2315799795791555,-23.540952052307407
2169,17.972814100001415,341.6792207008247,267.4342410961308,66.99839128172869,52.440016370733574,42.294593697842856,0.1960856476560296,24.9032435086814,21.768631750230938,42.47403267900494,3.670614246282522,1.4227121669628382,3.9366888186693525,-21.29186199163316
2170,17.97661220000009,341.77817309512807,267.38493509092723,67.01779442605277,52.430348170769896,42.27786710382639,0.1960856476560296,24.922646653005486,21.778299950194615,42.30132570084005,3.72558787358234,1.5450404193860432,4.033256116504428,-22.38109754958734
2171,17.989099600001282,341.86830273423124,267.34113733718493,67.03546755470933,52.42176005986146,42.6230844070934,0.1960856476560296,24.94031978166204,21.78688806110305,42.184642581574266,2.439628107840677,1.1622141234197159,2.702318814137692,-14.014547027393789
2172,17.99371330000031,341.9316905517219,267.3143492757025,67.04789699595548,52.41650730547623,41.93285662751243,0.1960856476560296,24.952749222908196,21.79214081548828,42.13953166572892,2.8646778598003153,0.932327751305579,3.012576020000928,-19.10553205338233
2173,18.005449400001453,341.9839983825594,267.28476407673816,67.05815381084274,52.410706072576275,41.794811071596236,0.1960856476560296,24.963006037795452,21.797942048388236,42.108735190567664,2.149153100452031,0.3672877015255546,2.1803117448829425,-12.189714312400682
2174,18.00974850000057,342.0767719955422,267.2892467442822,67.07634538482985,52.41158505934487,42.069039118616125,0.1960856476560296,24.981197611782562,21.79706306161964,41.98702779983228,2.5148225798918533,0.1837289212253937,2.5215251188176895,-17.829068344729855
2175,18.020419800001036,342.1600926570887,267.3044665322619,67.09268337071234,52.41456944132807,42.1238847280201,0.1960856476560296,24.99753559766505,21.794078679636442,41.870786907622715,2.2078070661118505,-0.014546058318679146,2.2078549836857553,-20.950657001361186
2176,18.02506760000142,342.2369759840964,267.3099194284756,67.10775908768258,52.41563867601373,42.014547453416526,0.1960856476560296,25.012611314635294,21.793009444950783,41.696304598321426,2.612028937412671,-0.03476308089042657,2.6122602553486436,-36.38486701981644
2177,18.037617500000124,342.3111513446569,267.3005023180564,67.12230381129821,52.413792115818126,41.35165216646456,0.1960856476560296,25.027156038250922,21.794856005146386,41.37771856126585,1.9232196503877041,0.046627211688689676,1.9237847905904821,-36.16677803583721
2178,18.041496499999994,342.3684219914377,267.29272354093985,67.13353376316391,52.412266809269255,40.92239952508979,0.1960856476560296,25.038385990116623,21.796381311695256,41.068193248385995,1.7174031919392203,0.14367268615508524,1.7234023222770822,-34.868427610411544
2179,18.05330909999975,342.415858854793,267.2805249404107,67.1428354512377,52.409874838784006,40.476108933338274,0.1960856476560296,25.047687678190414,21.798773282180505,40.746659889911584,1.305546124782515,0.3207407412317767,1.344367995386885,-32.10305319740435
2180,18.067920600000434,342.45326128352247,267.2652072238722,67.15016953069903,52.40687125441594,40.576258163620786,0.1960856476560296,25.055021757651744,21.801776866548572,40.6823532182167,1.233478176457092,0.3482900648409293,1.2817076035753285,-26.76322623860214
2181,18.07236770000054,342.480121351154,267.2503456902454,67.15543640445665,52.403957120969565,40.406880661044475,0.1960856476560296,25.060288631409364,21.804690999994946,40.57689483797928,0.7693924684006768,0.37136405573596865,0.8543278248566847,-13.60805818036681
2182,18.08514930000092,342.5321778597612,267.23177587568637,67.16564393866159,52.40031584685491,41.03011880799015,0.1960856476560296,25.0704961656143,21.808332274109603,40.59368463165836,0.7729327180628218,0.5098731657580431,0.9259566036332969,-7.747741617584506
2183,18.08907470000122,342.5436813667958,267.2215944816169,67.16789961128879,52.39831942160475,40.395107623902724,0.1960856476560296,25.0727518382415,21.810328699359765,40.53865330816762,1.318884048481805,1.2316671989216552,1.8045662144236416,-14.150747953925421
2184,18.101982700000008,342.5966823656247,267.1626755369081,67.17829234647057,52.38676626217232,40.56005790173367,0.1960856476560296,25.083144573423283,21.82188185879219,40.56552851319603,1.5130664528522697,1.1651219898718157,1.9096804292943386,-11.239108405836696
2185,18.106007200000022,342.66301031308586,267.0843853148911,67.19129830500619,52.371414673282985,40.30110154616705,0.1960856476560296,25.096150531958898,21.837233447681527,40.418971791506394,2.4554215508994077,1.616220312145182,2.939602539462082,-15.935694719418587
2186,18.116736600000877,342.78094117690426,267.0667353668087,67.21442285481666,52.36795377178215,40.541256686186536,0.1960856476560296,25.119275081769374,21.840694349182364,40.32073588662159,2.7969959160425555,1.611859521613284,3.2282003146914753,-13.99921418307036
2187,18.12123419999989,342.9073324621948,267.008466983792,67.23920637185093,52.35652817816045,40.297335199542,0.1960856476560296,25.14405859880364,21.85211994280406,40.22102706013682,4.144318247850416,1.7673147169475993,4.505416190343076,-19.126793034212096
2188,18.133436000000074,343.0493657693573,266.97817570590894,67.2670570648746,52.35058849331842,39.90392809947871,0.1960856476560296,25.17190929182732,21.858059627646092,40.16810922062112,3.948784397498287,1.1301012936668646,4.107313860891742,-13.289219606513447
2189,18.137284100001125,343.1973695185112,266.9453572199343,67.29607847588298,52.34415325924099,40.061513769309805,0.1960856476560296,25.20093070283569,21.86449486172352,40.07746400721017,4.735551554039021,1.459343090631023,4.9553133883876495,-21.918382409335848
2190,18.149327600000106,343.33581088548715,266.9067570906281,67.32322484098884,52.33658432788638,40.03651234858852,0.1960856476560296,25.228077067941555,21.872063793078134,39.990410403981095,3.9471612037836925,1.0450896156779446,4.083172035740473,-18.930120193630653
2191,18.153165600000648,343.4549930656101,266.86822217060626,67.3465947559673,52.32902818313652,40.08803061913177,0.1960856476560296,25.251446982920015,21.87961993782799,39.789676929429035,4.247628533829557,1.1118453249078764,4.390734356337506,-20.46306580282273
2192,18.165257600001496,343.55171365946893,266.83929370183125,67.36556027625579,52.32335572560108,39.86206718339667,0.1960856476560296,25.270412503208505,21.88529239536343,39.70227559584675,3.158653674785528,0.9272196931651724,3.2919339903208016,-16.75757213608862
2193,18.169709600000715,343.6376461272696,266.8206632692078,67.38241039985917,52.319702565153996,38.9002607267184,0.1960856476560296,25.28726262681188,21.888945555810515,39.64884440139592,3.794632658291923,1.3155141574583316,4.016194032893447,-21.99528941701165
2194,18.181232400000226,343.76086722029396,266.77663798527067,67.40657228768974,52.31106983883994,39.62450710139837,0.1960856476560296,25.311424514642454,21.89757828212457,39.59090352383387,2.9618961598414595,1.1350393676845034,3.171930520657289,-11.32095749658652
2195,18.185783200000515,343.8869788900344,266.71699427414967,67.43130097612777,52.299374563116174,39.769356376334365,0.1960856476560296,25.336153203080485,21.909273557848337,39.43883011882928,3.4918390465509557,1.535007824377835,3.8143399098558404,-17.997562478395107
2196,18.197392500000205,344.00097293295784,266.65385794353745,67.45365357186334,52.28699443483745,39.79832623132157,0.1960856476560296,25.358505798816054,21.92165368612706,39.45125296224242,3.1425508037774144,1.5012837403091357,3.4827400740277277,-19.387488400212753
2197,18.20184540000082,344.0967627034543,266.59779065775933,67.47243657104997,52.27600044479333,39.10170015837369,0.1960856476560296,25.37728879800268,21.93264767617118,39.270415997721926,3.978007829544473,1.5644443298922195,4.274579786745013,-34.066028245805995
2198,18.213427200000297,344.21716095174247,266.5592834798695,67.4960449395422,52.268449739877404,38.96237494378411,0.1960856476560296,25.400897166494914,21.940198381087107,39.050926461263145,3.2956314146184456,1.1649934144497347,3.49548223807978,-31.05995190213031
2199,18.21767340000042,344.35302681020124,266.5362213216275,67.52268628439244,52.26392758164218,38.72032227879589,0.1960856476560296,25.427538511345148,21.944720539322333,38.71793492604169,3.78656492081658,1.074319223922481,3.9360177456978107,-38.80731128824722
2200,18.228957700001047,344.46939073575345,266.5032646199577,67.54550358009814,52.25746524545064,38.67190869404043,0.1960856476560296,25.450355807050855,21.951182875513872,38.510456492044284,3.1718216066138285,0.6013161363439519,3.228317425534538,-32.177265225994255
2201,18.23300610000115,344.55982204917274,266.4906080251066,67.56323586275835,52.254983468852146,38.13336855521434,0.1960856476560296,25.46808808971106,21.953664652112366,38.357966542549484,3.6558981683374863,0.8806021421854452,3.760458954712175,-34.34906601101693
2202,18.245021000000634,344.62994574666817,266.48423953069073,67.57698611339777,52.25373469850002,38.064307988386616,0.1960856476560296,25.48183834035048,21.954913422464493,38.26832548624427,2.67090366622075,0.8257634511217422,2.79564154916898,-20.68195021595176
2203,18.248911300001055,344.7184071519991,266.4436001658758,67.59433212535464,52.24576590232995,38.19992519631013,0.1960856476560296,25.499184352307353,21.96288221863456,38.15235467244417,3.318316079917945,0.9541076504762322,3.452758754233964,-24.82360927039882
2204,18.260624600001393,344.79900181241385,266.3963614672502,67.6101355815397,52.23650307151552,38.27211699726984,0.1960856476560296,25.514987808492407,21.97214504944899,38.03422032413727,2.7387257366580204,0.9427889564764357,2.8964581262443523,-20.286975985223982
2205,18.264553000000888,344.904363185037,266.37203195616803,67.63079543452844,52.23173240357782,38.09205462503991,0.1960856476560296,25.53564766148115,21.97691571738669,37.8806404515462,3.0746122153015394,1.1569076035933785,3.2850685651495333,-26.32936119780973
2206,18.27727060000143,345.0004895999702,266.33594316970607,67.64964444485746,52.22465591051131,37.542696813679854,0.1960856476560296,25.55449667181017,21.983992210453202,37.690085609840494,2.327519362521393,0.7865004240067309,2.456812833708494,-22.872690676798886
2207,18.282040100000813,345.0691760498949,266.3073744643015,67.66311287187614,52.21905399740936,37.29640862543128,0.1960856476560296,25.56796509882885,21.98959412355515,37.51040542763216,2.298507873626143,0.5725566802378812,2.36874641893268,-20.876528634258403
2208,18.293104700000185,345.1099911560284,266.29629552037227,67.67111612839648,52.216881575513646,37.247150987781566,0.1960856476560296,25.57596835534919,21.991766545450865,37.37180032380768,1.5979231430035075,0.4383978209271911,1.6569704343590193,-8.159726581137427
2209,18.3084228000007,345.2040572372493,266.31808480538604,67.68956113685513,52.221154141577536,37.373716086228185,0.1960856476560296,25.594413363807845,21.987493979386976,37.37019685675373,1.4429012660475509,0.47874377993758344,1.5202498710378338,-3.9894487009279764
2210,18.312592100000984,345.24139822044515,266.3065262062293,67.69688316772921,52.21888766617589,37.39902910591751,0.1960856476560296,25.601735394681924,21.989760454788623,37.472299869397624,1.3760984218488397,0.7769053627580147,1.5802622596572473,-0.1067349797881545
2211,18.325172800001383,345.2867594672207,266.25788307743625,67.70577785718167,52.20934944676249,37.53467947841007,0.1960856476560296,25.610630084134385,21.999298674202024,37.54612135083265,1.3612397856308274,0.9346238269740788,1.6512102991236257,2.5962888213926707
2212,18.329056300000957,345.3360712754966,266.20509576935905,67.71544719504455,52.19899861327015,37.80692368865076,0.1960856476560296,25.62029942199726,22.009649507694363,37.47521181899466,1.9392214447648117,0.9793785576948892,2.1725013627402503,2.729277801576996
2213,18.341134199999942,345.3760481533468,266.14442884956634,67.72328608702907,52.187102701011305,37.616258394956716,0.1960856476560296,25.62813831398178,22.021545419953206,37.487147466338,1.9307070440444154,0.8731513091375064,2.1189674132867795,-3.0142290323343164
2214,18.345394900001338,345.4650066062078,266.1456271708877,67.7407295628728,52.1873376746237,37.019168427038224,0.1960856476560296,25.645581789825513,22.021310446340813,37.48953459580667,2.727664719523892,0.7119803998273235,2.819054967870195,-2.0466411891018437
2215,18.35687599999983,345.5653407018449,266.14489678295627,67.76040363899777,52.187194456033126,37.45870734263421,0.1960856476560296,25.665255865950485,22.021453664931386,37.44098919455196,2.287427458757331,0.2977525085449104,2.3067251538537934,4.314995742606724
2216,18.360548200000267,345.65320651335185,266.14578993060235,67.77763286355395,52.187369589467764,37.546615125753405,0.1960856476560296,25.68248509050666,22.021278531496748,37.48030294144946,2.6983151869853526,0.18055928820494704,2.7043495530113844,8.273027786695888
2217,18.372997600001327,345.6715337450372,266.10806460911544,67.78122657064871,52.17997219537097,37.56419668237724,0.1960856476560296,25.686078797601425,22.02867592559354,37.648979899813334,2.0691305872486083,0.20784826804613424,2.0795437695844607,8.440501587682697
2218,18.376980500001082,345.7264466686812,266.09996079339214,67.79199420684613,52.178383153416384,37.8128271294442,0.1960856476560296,25.69684643379884,22.030264967548128,37.731738118634546,2.122153459364282,0.22363182704648546,2.1339040510669496,11.514951482997544
2219,18.38882310000008,345.78370822478746,266.09505092832853,67.80322237616102,52.17742039934548,37.86255321885759,0.1960856476560296,25.70807460311373,22.031227721619032,37.748289762398784,1.298342365944562,0.22881490894197204,1.3183509251184398,9.551699061969611
2220,18.39351920000081,345.831097039107,266.09286215835164,67.81251464250852,52.17699121296699,37.87249843674027,0.1960856476560296,25.71736686946123,22.031656907997522,37.80062291830008,1.5566566691783754,0.016330784945673887,1.5567423294284948,8.911994733190271
2221,18.405285900000308,345.8654662153432,266.09416890872853,67.81925394469019,52.177247447960966,37.62937334457462,0.1960856476560296,25.7241061716429,22.031400673003546,37.81108954948033,1.1170067290327967,-0.10803243352269962,1.1222188019265158,4.921527899213962
2222,18.409851100001106,345.9022567515897,266.10506993714307,67.8264680408177,52.17938498317775,37.82586246188367,0.1960856476560296,25.731320267770414,22.029263137786764,37.85834156712263,1.2268853383151361,-0.09444635146907873,1.2305152362642515,9.018340497268987
2223,18.421291600001496,345.9317333163154,266.1180719886803,67.8322479721026,52.181934498874284,37.86516028534548,0.1960856476560296,25.73710019905532,22.026713622090227,37.86779197065109,0.9271903946991669,-0.08858186974103026,0.9314122479703676,7.901239063594486
2224,18.425682099999904,345.96526365134446,266.1147307046896,67.83882278956291,52.18127932103896,38.0988133070691,0.1960856476560296,25.743675016515624,22.027368799925554,37.96386356991147,1.020800342952748,0.021331389742573065,1.0210231967789944,13.447315952989157
2225,18.437263200001325,345.9936276193791,266.1076011332036,67.84438455660508,52.179881314396624,37.91975045438257,0.1960856476560296,25.74923678355779,22.028766806567887,38.02823658116979,0.7792155334950932,0.16957838083181104,0.7974544970627362,11.853551659907096
2226,18.44210060000114,346.0193038164659,266.0945806421876,67.84941929034018,52.177328182982954,38.109731340876515,0.1960856476560296,25.754271517292892,22.031319937981557,38.16668247248396,0.947605670129155,0.33119603811574017,1.0038163784898548,17.314041337266325
2227,18.453726600000664,346.0413783833157,266.07839369570314,67.85374779607766,52.17415415509797,38.1477275181753,0.1960856476560296,25.758600023030368,22.034493965866538,38.194371650746795,0.807756912601634,0.2745573838844004,0.8531430049535481,14.884220141359053
2228,18.458387700000458,346.0734015416297,266.06448215195314,67.86002707781566,52.17142630103186,38.55738974191631,0.1960856476560296,25.76487930476837,22.037221819932654,38.32548138581342,0.974744223248397,0.3902964363236449,1.049979813597889,18.0679037897447
2229,18.469344200000705,346.1180055367746,266.07196770595704,67.86877328109169,52.17289411073678,38.23725919838326,0.1960856476560296,25.773625508044404,22.035754010227734,38.43211654083456,0.8453588246343783,0.35393248970024727,0.9164604463110414,12.122079348247341
2230,18.474081399999704,346.1497787889788,266.0550707839111,67.87500355982827,52.169580866834,38.57529912971572,0.1960856476560296,25.779855786780985,22.039067254130508,38.5338567798466,0.8877644033267558,0.4333675913111291,0.9878932660024161,14.577659986751181
2231,18.485465400000976,346.172645197733,266.0349850421692,67.87948733439842,52.16564234115589,38.64290711598221,0.1960856476560296,25.784339561351132,22.043005779808624,38.52122936378182,0.656344409279256,0.3712092173375183,0.7540452682886276,10.01612313535105
2232,18.490778500001397,346.18847837706994,266.0168257893509,67.88259199362315,52.162081572306064,38.656428713235506,0.1960856476560296,25.787444220575864,22.046566548658447,38.59911708857668,0.542135753311684,0.5017129999801833,0.7386657629590953,12.111495953439055
2233,18.50175710000076,346.1991200215136,266.00145986530646,67.88467866736602,52.159068535137976,38.49425266159241,0.1960856476560296,25.78953089431873,22.049579585826535,38.65753215794972,0.3876121036066255,0.36836827673946343,0.5347320171547195,9.438546519025158
2234,18.506403400000636,346.20450412647216,265.9891726445493,67.88573441307386,52.156659187497915,38.62669782235755,0.1960856476560296,25.790586640026575,22.051988933466596,38.75143135834776,0.40554315781616246,0.31522503588535006,0.513645866429805,11.211713240899273
2235,18.517279400000916,346.2345977113055,265.98735968945766,67.89163533314621,52.156303693024604,38.867374476580885,0.1960856476560296,25.796487560098925,22.052344427939907,38.8396588302633,0.6650522446999443,0.1715761326532092,0.686828113487404,13.754503345391305
2236,18.532758999999714,346.2727683853459,265.98102418750113,67.89912005448689,52.15506139202023,39.11240311797243,0.1960856476560296,25.8039722814396,22.053586728944282,38.9597280307011,0.7526471173065051,0.10570557110018516,0.7600337827698243,13.273820930078458
2237,18.537316300000384,346.31650600014507,265.98214111767606,67.9076963730117,52.15528040599697,39.09756607281324,0.1960856476560296,25.812548599964416,22.053367714967543,39.08447734442147,1.053131901817904,0.03600950349821065,1.0537473544302651,9.555969584821403
2238,18.54934839999987,346.35504355325895,265.98551025500495,67.91525303407312,52.15594104547215,39.0945986637814,0.1960856476560296,25.82010526102583,22.052707075492364,39.119579795056175,1.0445073955022393,0.03661388927591204,1.045148925343551,9.926335958122685
2239,18.553681500001403,346.39326528284596,265.98175201443485,67.92274776667372,52.15520410843591,39.25044439095941,0.1960856476560296,25.827599993626436,22.0534440125286,39.12660028518311,1.2827415203115524,0.20204500108767698,1.298556117538134,12.023074048874268
2240,18.56525099999999,346.4227334349693,265.979645156929,67.92852604836806,52.15479098391736,39.042886729754386,0.1960856476560296,25.83337827532077,22.053857137047153,39.24187828457569,1.0834186285298628,0.3521692560373282,1.139218639920983,7.706556730939296
2241,18.569836000000578,346.46189216001187,265.95842752458384,67.93620451232941,52.15063051073723,39.14750556860713,0.1960856476560296,25.841056739282124,22.05801761022728,39.32551005632921,1.460667881541566,0.836911479638135,1.6834403716547903,12.209669833878266
2242,18.58160130000033,346.51500917281544,265.9162731409116,67.94661999618656,52.14236464111332,39.67395606977612,0.1960856476560296,25.851472223139268,22.066283479851194,39.393642050328346,1.291120268739072,0.9177717117272954,1.5840759019679906,13.53390150567164
2243,18.586035600001196,346.5718675275789,265.86270475983724,67.957769103505,52.13186065041647,39.512757522548974,0.1960856476560296,25.862621330457713,22.07678747054804,39.50641945010473,1.5008231456259944,1.0817178200467272,1.850022582741451,11.040049939980776
2244,18.597257100000206,346.6223369990822,265.8298348203304,67.96766544251159,52.12541532703985,39.59110436095511,0.1960856476560296,25.8725176694643,22.083232793924658,39.59889985681782,1.2774743460603186,0.9620762964800122,1.5992284092933489,7.736886212079411
2245,18.602320100000725,346.66230574635256,265.8077470961959,67.9755027402061,52.121084241347695,39.606773728636334,0.1960856476560296,25.88035496715881,22.087563879616816,39.58621551823857,1.3580795347177645,1.003603551943765,1.6886681474148082,6.740689980141378
2246,18.613674500000343,346.6946139121741,265.78984265783805,67.98183790782578,52.11757343795637,39.60990760217258,0.1960856476560296,25.88669013477849,22.091074683008138,39.60579596009303,0.9488244201758831,0.6019474212288325,1.123658523861294,2.245621707175986
2247,18.618509500000073,346.726380223649,265.7673993241275,67.988066825585,52.11317262233018,39.610534376879826,0.1960856476560296,25.892919052537707,22.09547549863433,39.60971204846392,0.9364826452958337,0.48906928140148614,1.0564982285602036,4.372014309438027
2248,18.629316700000345,346.7521745847208,265.7475291523209,67.99312472958162,52.10927636682245,39.61065973182128,0.1960856476560296,25.897976956534336,22.099371754142062,39.641675686059976,0.7261900635480161,0.35370528609246515,0.807749613311962,6.817830249038617
2249,18.634278300000005,346.77292828973486,265.74727657518963,67.99719423327056,52.10922684007208,39.61068480280957,0.1960856476560296,25.902046460223275,22.09942128089243,39.735317559087,0.8764303218448278,0.4513415810897726,0.9858191172165633,11.113170745086286
2250,18.645177100001092,346.8005242477267,265.73734862377785,68.00260540456608,52.107280111289604,39.766591916616605,0.1960856476560296,25.907457631518795,22.101368009674907,39.84129507920022,0.7099796673869775,0.3286536773990217,0.7823582093714,12.791188706809978
2251,18.64985119999983,346.8317304882012,265.7183413673703,68.00872450044044,52.10355306110676,40.0781169673077,0.1960856476560296,25.91357672739315,22.105095059857753,39.94973972873067,0.7164314888778701,0.422075115258666,0.8315175771902708,15.750514282309334
2252,18.66073420000066,346.85704150876904,265.7018708032683,68.01368762830131,52.10032341987757,40.14042197744592,0.1960856476560296,25.918539855254025,22.108324701086943,40.04986371723052,0.6362763748591199,0.5040726525852337,0.8117492619572727,12.523678468842359
2253,18.66574430000037,346.86982373168445,265.6807243536491,68.01619403876018,52.09617690460836,40.15288297947356,0.1960856476560296,25.92104626571289,22.11247121635615,40.13881429618049,0.7376038541203764,0.6637586904616983,0.9922877832446907,10.461885740272036
2254,18.676932899999883,346.8937559817492,265.6567609834318,68.02088680951398,52.09147803163928,40.11130474530878,0.1960856476560296,25.925739036466695,22.117170089325235,40.16946146763454,0.5385703406990213,0.5674062254643255,0.7823092972580172,6.0292508739815425
2255,18.681520600001022,346.917225616531,265.6339015495689,68.02548886805043,52.08699562474522,40.211344811366445,0.1960856476560296,25.930341095003143,22.12165249621929,40.16677681501129,0.6399926474444199,0.7220298543751138,0.964840763749058,5.195378785547389
2256,18.693389600000955,346.93623084260935,265.6147971037008,68.02921552011485,52.08324951710407,40.23135282457798,0.1960856476560296,25.93406774706756,22.12539860386044,40.1790969401507,0.6141352748523082,0.6435733855905712,0.8895778990388814,1.3338746551180463
2257,18.698187200001485,346.95979623604296,265.58862054057363,68.03383635554854,52.078116668769866,40.12699871432966,0.1960856476560296,25.938688582501257,22.130531452194646,40.203232107756705,0.4989752210134958,0.5325553664473895,0.7297886608583202,0.6170346206876769
2258,18.709031500000492,346.9803131337178,265.56454405115903,68.03785942471701,52.07339561474972,40.21448360517063,0.1960856476560296,25.942711651669725,22.13525250621479,40.186387998699786,0.32728417614948807,0.37723171951249646,0.49941836386360877,1.075684014665944
2259,18.713018000000375,346.97713394749195,265.56729110312176,68.0372360319269,52.07393427221297,40.23198058333882,0.1960856476560296,25.942088258879608,22.134713848751538,40.18301917688839,0.3511882709333209,0.4394887963124442,0.5625687546649712,0.05491710225290314
2260,18.72531110000091,346.9862039580644,265.5547256078117,68.03901453082423,52.07147035892698,40.12712426608183,0.1960856476560296,25.943866757776945,22.13717776203753,40.20401655510425,0.18308938545716655,0.26464271553242,0.32180349586580986,-1.01189926135694
2261,18.72960830000011,346.9957041267231,265.54098700498025,68.04087737754853,52.06877641609289,40.214508715521056,0.1960856476560296,25.94572960450124,22.139871704871624,40.186544888169294,0.12672309082504388,0.207190577950079,0.24287173021893693,-0.41559757477061704
2262,18.74112530000093,347.00290857562607,265.5294957136474,68.04229006657766,52.066523138789485,40.2319856054089,0.1960856476560296,25.947142293530376,22.142124982175027,40.1830505547823,0.2795103019798918,0.4109521676394793,0.4969986851094045,1.008449283574947
2263,18.755809300000692,347.00958487095727,265.51840603290407,68.04359919227163,52.06434861155863,40.127125270495846,0.1960856476560296,25.94845141922434,22.144299509405883,40.20402283068303,0.2928245889104602,0.43064261582539914,0.5207679929061715,1.0512477550128088
2264,18.759745999999723,347.0217825092432,265.5006647406479,68.0459909740748,52.060869798776324,40.21450891640386,0.1960856476560296,25.95084320102751,22.147778322188188,40.2287263190663,0.29990642529485667,0.4463079439461988,0.5377124182707916,4.130912832393414
2265,18.772986900001342,347.03604712877564,265.48048234727133,68.04878806123438,52.05691232109983,40.23198564558547,0.1960856476560296,25.95364028818709,22.15173579986468,40.25417604994608,0.29821489052638656,0.4441396654039715,0.5349693106308215,4.3498880510312
2266,18.777158099999724,347.046021975065,265.46548038906394,68.05074398542929,52.05397065240862,40.33802615743741,0.1960856476560296,25.955596212382005,22.15467746855589,40.30144617190329,0.3382509025540463,0.5073051407254108,0.6097312349593513,5.060186792439364
2267,18.789103000000978,347.05297888243814,265.45422257529333,68.05210813511725,52.051763156704226,40.3592342598078,0.1960856476560296,25.956960362069964,22.156884964260286,40.31090019629473,0.22311442892992406,0.3468928128384701,0.4124495993399824,3.5291380143304836
2268,18.79360120000092,347.05961618057046,265.44358036306164,68.05340961402021,52.04967637162628,40.363475880281875,0.1960856476560296,25.958261840972924,22.158971749338228,40.333300034376144,0.20777818612872037,0.34106547008748483,0.3993712928052518,2.987955979006627
2269,18.805215899999894,347.0615043869395,265.4387454325623,68.05377986418898,52.04872831114795,40.26177903836107,0.1960856476560296,25.958632091141695,22.159919809816564,40.3172709687893,0.11025549290961488,0.2024788009046416,0.23055137937675332,0.710626998280943
2270,18.80930570000055,347.0643110332583,265.4331192805039,68.05433020725016,52.04762510347776,40.34398483599253,0.1960856476560296,25.959182434202873,22.161023017486748,40.31406515567193,0.09099097062964384,0.1845084063002271,0.20572483742021622,1.8428164667848987
2271,18.82114720000027,347.0631816401505,265.4323764998135,68.05410874947115,52.04747945484501,40.2578808295032,0.1960856476560296,25.958960976423867,22.1611686661195,40.31342399304846,0.033412522111978954,0.09728956409947694,0.10286717608911851,0.952764934017508
2272,18.825831800000742,347.063608825565,265.43010797993384,68.05419251439982,52.0470346306552,40.34320519422096,0.1960856476560296,25.95904474135253,22.161613490309314,40.34365098513313,0.02195197353399019,0.08522535239813363,0.08800710103976307,1.2793590008953142
2273,18.837249500000325,347.063692733735,265.4284879935186,68.05420896758768,52.046716974569776,40.36027006716451,0.1960856476560296,25.959061194540396,22.161931146394735,40.34969638355007,-0.008838699625744802,0.030315765854197405,0.03157797128380262,0.5118608464360137
2274,18.84203030000026,347.0630728416369,265.4279685559968,68.05408741564415,52.04661512032689,40.41291399878447,0.1960856476560296,25.95893964259686,22.16203300063762,40.35090546323345,-0.016506760556250125,0.021611720583052833,0.02719447757581168,-1.6990524396393432
2275,18.853551199999856,347.0619336767178,265.4282506839211,68.0538640417532,52.04667044156364,40.37421182807721,0.1960856476560296,25.958716268705913,22.16197767940087,40.29766339245138,-0.025007168823585505,-0.0005718898825242784,0.025013707254404344,-3.712405721688925
2276,18.85830680000072,347.0605502526755,265.42900786140996,68.05359277215388,52.04681891320194,40.26392622792014,0.1960856476560296,25.95844499910659,22.161829207762572,40.244834802513715,0.050880215001445406,0.08924268391658549,0.10272805318523708,-9.250010907292484
2277,18.869628600001306,347.05912865203607,265.42992957765716,68.05331401667179,52.04699964852923,40.07699484031059,0.1960856476560296,25.958166243624504,22.16164847243528,40.20391385991682,0.12108732205566376,0.16345451799274613,0.20341956399238742,-11.003877497583574
2278,18.874371100000644,347.0683405126184,265.4183954803518,68.0551203303202,52.04473797758899,40.096127117476186,0.1960856476560296,25.959972557272906,22.163910143375524,40.075114437022435,0.22886256792826765,0.29357845099863467,0.37224505623242155,-12.34592693065172
2279,18.885489100000996,347.08680253538114,265.39614855270514,68.05874046801067,52.04037567437303,40.20830928579993,0.1960856476560296,25.96359269496338,22.16827244659148,39.98042877119355,0.30156882481681513,0.3747460172208121,0.4810180178790147,-153.2658482383478
2280,18.890332800001488,347.099634898982,265.3801955854419,68.0612567103383,52.03724752645518,39.7302147136053,0.1960856476560296,25.96610893729101,22.17140059450933,39.92554193099653,0.44403762462881136,0.5454726154023072,0.7033560877960967,-498.0568178277592
2281,18.90153740000096,347.1171481046283,265.35878943591126,68.06469079860999,52.03305008776064,39.790497898775754,0.1960856476560296,25.9695430255627,22.17559803320387,31.90631650750129,0.36786203586112587,0.45009376709199045,0.5812975800766343,-492.62510784726976
2282,18.90619230000084,347.1334740378758,265.33890390194654,68.06789207980442,52.02915081995418,39.80256063932546,0.1960856476560296,25.972744306757136,22.17949730101033,23.864654650341304,0.30273993313831227,0.3716209623462092,0.47932620079827937,-490.9218218996912
