frame,t_s,x_px_filt,y_px_filt,x_mm_abs,y_mm_abs,angle_deg_raw,mm_per_px,x_mm,y_mm,angle_deg_unwrapped,vx_mm_s,vy_mm_s,speed_mm_s,angular_vel_dps
1305,10.821683799998937,240.2818798771865,289.6230342725694,47.70436335615569,57.50030951278056,-4.763600824971868,0.19853500139310742,0.0,-0.0,-2.8217497135773986,,,,
1306,10.825468699998964,240.26948272564428,289.61535329470485,47.70190208765699,57.498784569829525,-4.611857127884999,0.19853500139310742,-0.0024612684986990985,0.0015249429510362233,-3.773265176069229,,,,
1307,10.838130199999796,240.2715447231591,289.6175986996528,47.70231146633647,57.499230361303994,-4.733290615030125,0.19853500139310742,-0.0020518898192207757,0.0010791514765671195,-4.72575210645822,,,,
1308,10.842211399998632,240.263374156864,289.6300161299913,47.700689322945685,57.50169565585355,-4.7575773124591505,0.19853500139310742,-0.003674033210003813,-0.0013861430729917856,-4.7257131654322695,-0.3121519117532873,-0.08409954607604309,0.3232824611101391,-66.1356050147149
1309,10.855206099999123,240.25962634561247,289.6289777263455,47.69994525123364,57.50148949638429,-4.762434651944956,0.19853500139310742,-0.004418104922045529,-0.0011799836037269529,-4.75606182253958,-0.16309667588157734,-0.19730104427975334,0.25598481938877055,-14.911748789812915
1310,10.858720099999118,240.2509875190203,289.6325175639106,47.69823014178413,57.5021922780402,-4.7634061198421165,0.19853500139310742,-0.006133214371558893,-0.0018827652596371536,-4.762131553961042,-0.2409558364225039,-0.16280519591212939,0.29080104353673714,2.464347267975607
1311,10.870829800000138,240.2567814561711,289.642466244005,47.69938044110444,57.5041674392566,-4.763600413421549,0.19853500139310742,-0.004982915051250814,-0.003857926476037221,-4.704955607667209,-0.15813138126219356,0.00047196726699262614,0.1581320855898332,2.592602578834399
1312,10.874415999998746,240.25033351711895,289.63998667818873,47.69810029951574,57.50367515865381,-4.763639272137436,0.19853500139310742,-0.006263056639951969,-0.0033656458732522765,-4.663163973095942,-0.08407066538453355,0.14214406090087395,0.16514481774366876,3.166688858109939
1313,10.887258799999472,240.25141089392818,289.62625185753546,47.698314196522055,57.500948316016284,-4.4716975809899875,0.19853500139310742,-0.006049159633633394,-0.0006388032357236284,-4.654805646181689,0.01604353358088307,0.1985910042845837,0.19923800328381247,3.517353697102957
1314,10.89038359999904,240.25633798349182,289.6148530644815,47.69929239625544,57.498685256621435,-4.553476479088623,0.19853500139310742,-0.005070959900251637,0.0016242561591255367,-4.653133980798839,0.07910883793114241,0.2780494292703141,0.28908423228596053,0.8885736470756895
1315,10.903230500000063,240.25714632448623,289.6095314423899,47.69945288023589,57.497628728372064,-4.72161448527085,0.19853500139310742,-0.004910475919800206,0.002680784408497061,-4.652799647722269,0.17474246812454344,0.26037932128558566,0.31357984807605116,-1.5321390894409006
1316,10.906551000000036,240.26400887116063,289.6056146721209,47.70081533594945,57.49685111238126,-4.7552420865072955,0.19853500139310742,-0.003548020206238789,0.0034584003993032297,-4.68076622837258,0.24708593152293717,0.05138819365147779,0.25237314437815955,-1.730451553913507
1317,10.918977699999232,240.27159532692102,289.60255265484665,47.702321512954406,57.49624319477744,-4.761967606754585,0.19853500139310742,-0.0020418432012832,0.004066318003118852,-4.686359544502642,0.19622886422627067,-0.08146547064738634,0.2124673858815332,-1.3514334913614527
1318,10.922260699999242,240.27785213983572,289.6163211471101,47.70356370931514,57.49897672240815,-4.611530484241542,0.19853500139310742,-0.0007996468405480073,0.0013327903724089651,-4.687478207728654,0.24379971243606402,-0.06372191306235059,0.2519896465893654,-1.0500455156183617
1319,10.934660699998858,240.281522055955,289.6125763805275,47.704292316117,57.49823325516946,-4.581443059738934,0.19853500139310742,-7.104003869073949e-05,0.0020762576111010844,-4.657345495061357,0.12667867955627302,-0.11383566527692696,0.17031161599597797,0.14589532580553166
1320,10.938591999998607,240.28647929938916,289.60919115323736,47.7052765024491,57.497561169064696,-4.727207801400912,0.19853500139310742,0.000913146293413547,0.002748343715865076,-4.651318952527896,0.04444373095553026,-0.10722378346157806,0.11606974179803684,-1.93140458859035
1321,10.950525999998717,240.2759426397887,289.6101759011023,47.70318460672065,57.49775667598343,-4.604578523170808,0.19853500139310742,-0.0011787494350414818,0.0025528367971290322,-4.6804700893337055,-0.0383638410356882,0.06316067335666095,0.07389895099308498,-1.9451223433271962
1322,10.953865299999961,240.2710654328964,289.6087970270334,47.70221631044349,57.49748292121824,-4.731834894087287,0.19853500139310742,-0.002147045712199258,0.002826591562318015,-4.716656762007367,-0.035767332238078466,0.05805773223916905,0.06819092555600148,-2.945310968340007
1323,10.971546099999614,240.26788919147606,289.60707901750055,47.70158571534868,57.497141836193244,-4.757286168270583,0.19853500139310742,-0.002777640807011039,0.003167676587317203,-4.723894096542099,-0.04045029683653411,0.03929575992553219,0.056394886845252054,-2.2982948432281316
1324,10.983916899998803,240.27235941334754,289.6049329013478,47.702473210854166,57.49671575701987,-4.762376423107242,0.19853500139310742,-0.001890145301523205,0.0035937557606899873,-4.755698008761545,0.016925101333273677,0.04926854020186581,0.0520946072906251,-1.7106511559144715
1325,10.988949499998853,240.27811182599314,289.6029773049268,47.703615266106766,57.4963275026817,-4.763394474074574,0.19853500139310742,-0.0007480900489227338,0.003982010098859234,-4.731702345892935,0.027192270116767378,0.08493201038712142,0.08917884245997669,-1.3605074488825695
1326,10.998634499999753,240.28355536128345,289.60134399664184,47.70469599839321,57.496003233819074,-4.7635980842680405,0.19853500139310742,0.00033264223752382804,0.004306278961486498,-4.726903213319213,0.02137172179768759,0.08385038051033555,0.0865311319949405,-1.3830850775153465
1327,11.002158100000088,240.27932008421735,289.59672424378937,47.703855147655,57.49508605118007,-4.6118565797442335,0.19853500139310742,-0.0005082085006904435,0.005223461600493806,-4.758918240320093,-0.017831648826290587,0.11233219695772241,0.11373869250704743,-0.9497080657667174
1328,11.014419199998883,240.27532013335903,289.59586685196297,47.703061017405766,57.49491582889262,-4.733290505401972,0.19853500139310742,-0.0013023387499231376,0.005393683887938039,-4.765321245720269,-0.07270582983916539,0.09638084429866968,0.12072864134216901,-1.9074251944445044
1329,11.017588999999134,240.27333595374992,289.59304325107667,47.70266708830431,57.49435524528673,-4.922451558111645,0.19853500139310742,-0.0016962678513792184,0.005954267493834209,-4.766601846800304,-0.059388148837354465,0.08672294242450915,0.10510861508502761,-2.008786947401045
1330,11.03005789999952,240.2703565409277,289.5932071018317,47.7020755705755,57.4943877753966,-4.795409501075454,0.19853500139310742,-0.0022877855801866076,0.005921737383957293,-4.766857967016311,-0.03615411283414782,0.015133970521947617,0.0391938380180287,0.9779598599136787
1331,11.034596399998918,240.27442965036863,289.59354561090714,47.70288422536403,57.49445498129637,-4.770001089668217,0.19853500139310742,-0.0014791307916581786,0.005854531484189351,-4.766909191059513,-0.04683714455023813,6.727827286338167e-05,0.04683719287047315,2.6130339515943852
1332,11.05021829999896,240.26479347826597,289.6012291151291,47.7009711079222,57.495980425817784,-4.6131371808242685,0.19853500139310742,-0.003392248233488715,0.004329086962776785,-4.675554689774404,-0.12230123115098408,-0.037743433207221476,0.1279928040606753,2.961945365156892
1333,11.05657219999921,240.2610111442247,289.6031957675518,47.70022018222805,57.496370875159265,-4.733546625617979,0.19853500139310742,-0.004143173927637633,0.003938637621295982,-4.626927344204881,-0.09711907104987645,-0.05797740087576625,0.11310832406989439,3.050771984529609
1334,11.063826999999947,240.24268198527494,289.6036416542903,47.696581202630426,57.49645939928351,-4.465679051686096,0.19853500139310742,-0.0077821535252624585,0.003850113497051666,-4.617201875090977,-0.1546568431726831,-0.08827566238218035,0.17807675791397537,3.0613012751203064
1335,11.068418899998505,240.24449694285192,289.60604194433427,47.696941535235496,57.49693594087073,-4.552272773227845,0.19853500139310742,-0.007421820920193056,0.0033735719098331174,-4.615256781268196,-0.1463886115891457,-0.03877242574898633,0.15143621297912338,-0.8965861207355299
1336,11.077824599999076,240.23930874499032,289.6139204592281,47.69591149636582,57.49850010183615,-4.7213737440986945,0.19853500139310742,-0.008451859789872174,0.001809410944410672,-4.61486776250364,-0.09361044427715617,-0.019263800761069726,0.09557201105725856,-2.142952309644741
1337,11.08200719999877,240.23759970822024,289.6107631348266,47.69557219274829,57.4978732624317,-4.603411711710364,0.19853500139310742,-0.008791163407401825,0.002436250348857527,-4.673179851328854,0.09567218990835634,-0.00189860674210913,0.09569102690128152,-2.265488347231325
1338,11.093525399999635,240.2460530642621,289.60866917726133,47.69725047980184,57.497457538563566,-4.7316015317951985,0.19853500139310742,-0.00711287635385105,0.0028519742169947904,-4.656808821828271,0.07714350504212832,0.025419250213584897,0.08122351046098483,-2.852054503990862
1339,11.098023699998521,240.2561314911632,289.60697839050675,47.69925140030068,57.49712185821289,-4.757239495812165,0.19853500139310742,-0.005111955855007011,0.003187654567668119,-4.653534615928155,0.17127285702451478,0.07202950125023039,0.1858026926707383,-3.159338429102351
1340,11.109860599999593,240.25528653490016,289.6050221855173,47.69908364690783,57.49673348305259,-4.4704176257249335,0.19853500139310742,-0.005279709247858477,0.003576029727973662,-4.683236220060632,0.19054980953815168,0.04313132146539209,0.19537026592185636,-0.03576350408253681
1341,11.113833899999008,240.26251395550238,289.603686271477,47.70051854286716,57.49646825735673,-4.705002714598113,0.19853500139310742,-0.003844813288530702,0.003841255423829182,-4.689176540887127,0.11729066001030053,0.0338017441273859,0.12206415047713715,-1.0144210215287512
1342,11.131234499998754,240.26385160288928,289.60321496386536,47.70078411269298,57.4963746862994,-4.751919732372748,0.19853500139310742,-0.003579243462709769,0.003934826481163611,-4.660008159739926,0.051969835225639194,0.0052370359971747205,0.052233038581110634,-0.34722312709843006
1343,11.137628499998755,240.25674735506803,289.6035549006343,47.69937367084189,57.496442175646294,-4.761303135927675,0.19853500139310742,-0.004989685313802283,0.0038673371342667906,-4.68220793077611,0.04482988373491849,0.026168080043450254,0.051908447182002354,0.34576321626548834
1344,11.144005799998922,240.26054456581778,289.60574559771715,47.70012755008338,57.496877105694686,-4.611397590076161,0.19853500139310742,-0.00423580607230889,0.003432407085874445,-4.656291439670848,-0.007958761949380708,0.03660849766983479,0.03746363561387508,0.6684740317721909
1345,11.149429399998553,240.25918216196226,289.6019902934722,47.699857065232024,57.49613154636119,-4.581416480905857,0.19853500139310742,-0.004506290923664835,0.0041779664193697386,-4.651108141449795,-0.006046918506164634,0.04156628656478579,0.042003826042470084,-1.2518267076090372
1346,11.15817799999968,240.26346497408431,289.5967484888954,47.700707353342644,57.495090864682226,-4.575420259071796,0.19853500139310742,-0.0036560028130452338,0.005218648098335166,-4.650071481805584,0.03661340200172825,0.041787186246194145,0.05555816898093633,-1.146650774971215
1347,11.16198219999933,240.26394058434138,289.5961704596262,47.700801778625696,57.49497610564046,-4.726003241267485,0.19853500139310742,-0.0035615775299930874,0.005333407140099666,-4.680220595189242,0.004981166220148731,0.04509992933250577,0.04537417374134503,-4.24496376136068
1348,11.174332900000081,240.26348728231582,289.5967583741839,47.70071178230742,57.49509282725799,-4.756119837706622,0.19853500139310742,-0.0036515738482663096,0.005216685522569264,-4.716606863178473,0.014678195899944149,-0.007795088274391793,0.016619652104743275,-4.559001012590312
1349,11.177626099999543,240.26282464040318,289.59761488651475,47.70058022469437,57.495262874934795,-4.7621431569944495,0.19853500139310742,-0.0037831314613185896,0.005046637845765645,-4.75424056208882,-0.006169214301302678,-0.03582979854680452,0.036357030530558915,-4.216543648312701
1350,11.189874799998506,240.2627390885676,289.60545077973416,47.700563239660575,57.49681857400602,-4.763347820852015,0.19853500139310742,-0.0038001164951140254,0.0034909387745400977,-4.76176730187089,0.05630809285100339,-0.03684492298750119,0.0672915274791122,0.8075218019407444
1351,11.205633699999453,240.26217982829425,289.6071350948359,47.700452206921426,57.49715296950709,-4.763588753623528,0.19853500139310742,-0.003911149234262723,0.003156543273469481,-4.732916204514804,0.052118742118661035,-0.021526402607506417,0.05638926572719272,2.0823525626016406
1352,11.209364999998797,240.26851736918294,289.6066635344512,47.70171043061059,57.49705934826546,-4.763636940177831,0.19853500139310742,-0.0026529255450995493,0.003250164515101517,-4.668756092465461,0.08242014671756018,-0.05473732853906668,0.09894066767784554,6.485125401992549
1353,11.221963500000129,240.26672574732504,289.6024028831245,47.701354730962535,57.496213459848384,-4.611864350926192,0.19853500139310742,-0.0030086251931535912,0.004096052932176519,-4.625567624743093,0.07526955762829923,-0.040152870954582656,0.08530978461732995,7.217148794530114
1354,11.225646999999299,240.26879554205587,289.60644178523427,47.70176565766231,57.49701532328437,-4.441342596747739,0.19853500139310742,-0.0025976984933819836,0.0032941894961879825,-4.5865734858861185,0.11678871708025336,-0.06265182292905488,0.13253246905413446,5.556024716384684
1355,11.238174899999649,240.26645196778935,289.609854770039,47.701300376142036,57.49769292022734,-4.547405482240173,0.19853500139310742,-0.00306298001365235,0.0026165925532239953,-4.548418212802224,0.04483698762328865,-0.10730124482072154,0.11629235830099655,1.5935647208427361
1356,11.241684699998586,240.26999739136141,289.6122186363574,47.702004266815855,57.49816223043015,-4.56861805933866,0.19853500139310742,-0.002359089339833531,0.0021472823504140592,-4.571143603497945,0.04398119381487142,-0.2959438224169678,0.29919406985457964,0.5102405146267934
1357,11.254132599999139,240.26858348480323,289.62464279385495,47.70172355687536,57.50062886055623,-4.572860574758357,0.19853500139310742,-0.00263979928033109,-0.00031934777567244055,-4.603722128902714,0.012126453713296322,-0.25920329015886096,0.259486794478716,-1.6277469438665437
1358,11.257409199999529,240.26804690269495,289.63910137229186,47.70161702654574,57.503499394446344,-4.725491304404796,0.19853500139310742,-0.0027463296099483614,-0.0031898816657829343,-4.6102378339836685,-0.016517146686252294,-0.2367303525247263,0.23730587000985956,-0.7055076606008959
1359,11.269966899999417,240.26502884603508,289.6412511731511,47.70101783666257,57.50392620516293,-4.6042352237715845,0.19853500139310742,-0.0033455194931164556,-0.003616692382365727,-4.611540974999858,-0.06611739120868476,-0.20397450379448362,0.21442273111414303,0.6773488517821067
1360,11.273594099999173,240.2617337434912,289.6401864505143,47.70036364347443,57.50371482045275,-4.579984007644942,0.19853500139310742,-0.00399971268125654,-0.0034053076721889397,-4.583768155937472,-0.15700985044389418,-0.17291233142618906,0.2335610573183258,-0.14130531698290194
1361,11.286234100000001,240.2587127022302,289.63827232063636,47.69976386104347,57.503334798674764,-4.575133764419614,0.19853500139310742,-0.0045994951122168,-0.0030252858942034777,-4.578213592124994,-0.1563483523200868,0.01825942976573773,0.1574109718176465,0.15252349334342316
1362,11.290592299999844,240.24824140797944,289.6392128555497,47.697684942624804,57.5035215277751,-4.433996479446423,0.19853500139310742,-0.006678413530885052,-0.0032120149945384924,-4.607459124675,-0.141505635499921,0.07479347559331065,0.1600559554329787,-1.2739432526345837
1363,11.301853299999493,240.24658488812767,289.63468724709054,47.697356065453725,57.502623036093354,-4.69771848534241,0.19853500139310742,-0.007007290701963598,-0.0023135233127931087,-4.613308231185,-0.10841784024224524,0.0934419858867123,0.14312872810601496,-2.911062029899974
1364,11.30621009999959,240.24716639415107,289.62922997827656,47.69747151475289,57.50153957722176,-4.750462886521607,0.19853500139310742,-0.006891841402797638,-0.0012300644412022166,-4.644834497799501,-0.0812550933813535,0.016785729947567468,0.08297078359449873,-1.8167156906839559
1365,11.318134399998598,240.24627035830338,289.62012945501834,47.69729362027462,57.49973280482402,-4.609229540194947,0.19853500139310742,-0.007069735881067629,0.00057670795654019,-4.6511397511224,0.029949377906427238,0.037729538429721335,0.04817139511267876,0.15146191890712768
1366,11.323056499999439,240.2484610527106,289.628886428696,47.69772854979182,57.50147137060531,-4.7327650974921145,0.19853500139310742,-0.006634806363869927,-0.0011618578247478695,-4.622044356474481,0.03861453108406145,0.04201394000811816,0.057063588792221086,-1.1490556043317506
1367,11.334612599999673,240.2530599348085,289.6252849616662,47.69864158885553,57.50075635334353,-4.465522746060923,0.19853500139310742,-0.005721767300158831,-0.0004468405629722838,-4.585868832232397,0.031017105931859124,-0.004389520138393567,0.03132616713601479,0.7055072112632038
1368,11.337905299998965,240.25329412798925,289.62360639666656,47.698688084398995,57.50042309943899,-4.55224151210281,0.19853500139310742,-0.0056752717566936894,-0.0001135866584291989,-4.608990172696481,0.04036662178763332,-0.00011970053492235677,0.040366799263304165,-1.7594576074900972
1369,11.350539499999286,240.25256303395042,289.62254588627604,47.69854293664298,57.50021255100713,-4.569585265311187,0.19853500139310742,-0.005820419512708952,9.696177342988221e-05,-4.583257995476798,0.020761826177316194,0.07392147343929406,0.07678175344216456,-2.648879466250333
1370,11.354681799999526,240.2532271232337,289.61893908387367,47.69867478160976,57.49949647448715,-4.724836242515363,0.19853500139310742,-0.005688574545928304,0.0008130382934083968,-4.636501452610985,0.012116441743042931,0.09136107377020772,0.09216102191793389,-3.104847083386098
1371,11.366556099999798,240.25264927958773,289.6179229423551,47.6985600594207,57.49929473482935,-4.604104211393698,0.19853500139310742,-0.005803296734988805,0.0010147779512124089,-4.619116696772198,0.0012809728714031996,0.08495116137388023,0.08496081867701318,-1.6890375459704647
1372,11.370643799999016,240.2533860137446,289.61485366039346,47.69870632693756,57.49868537493082,-4.731740031731865,0.19853500139310742,-0.005657029218127718,0.0016241378497383607,-4.61563974560444,0.051952066080274834,0.08734592898386599,0.10162838422440752,-2.090412579731051
1373,11.382833499999833,240.25092661207873,289.6106073359968,47.6982180496244,57.497842330910814,-4.465317732908874,0.19853500139310742,-0.006145306531287531,0.002467181869747037,-4.614944355370889,0.05176967376764162,0.059658151416861246,0.07898856975844787,0.4807951032560691
1374,11.387495399998443,240.25660601215054,289.6099348540187,47.69934560932557,57.49770881970036,-4.5522005094724,0.19853500139310742,-0.005017746830120018,0.002600693080204053,-4.614805277324178,0.04397249150987959,0.04644842143858702,0.0639612059276795,0.1883211489525882
1375,11.398891199998616,240.2583806290142,289.6079585670203,47.69969793288707,57.49731645755838,-4.721359291347605,0.19853500139310742,-0.004665423268619406,0.002993055222184182,-4.614777461714836,0.0629601258428387,-0.021124069150223114,0.06640936487882936,-0.46328715538231774
1376,11.402171399999133,240.25757687722427,289.6087691217356,47.699538360024334,57.4974773810399,-4.603408821160146,0.19853500139310742,-0.004824996131354453,0.0028321317406607704,-4.614771898592967,0.05126843978658454,-0.0493728354188955,0.07117675038558578,-0.549946278174282
1377,11.41478029999962,240.26587889948183,289.62075917496514,47.701186602024805,57.499857826274535,-4.731600953685154,0.19853500139310742,-0.0031767541308838076,0.00045168650602533944,-4.645127231281094,-0.015284329243496222,-0.03192078897085548,0.03539134765653157,1.034694693592364
1378,11.430916100000104,240.25787216017318,289.62661771122174,47.69959698402501,57.5010209507784,-4.465289917299531,0.19853500139310742,-0.004766372130681873,-0.0007114379978361285,-4.651198297818719,-0.021388819915564735,-0.027939302075280486,0.035186449349632186,1.5800628463944975
1379,11.434288299999025,240.2563282390179,289.62464911774686,47.699290461636295,57.50063011607012,-4.7039771729130315,0.19853500139310742,-0.005072894519393856,-0.0003206032895590738,-4.624379063860619,-0.10714967227983925,-0.041652911096273074,0.11496093802884082,1.961513862913527
1380,11.447376099999019,240.25635424603377,289.621067064593,47.699295624939225,57.49991895314223,-4.751714624035731,0.19853500139310742,-0.005067731216463756,0.0003905596383333432,-4.588658771756499,-0.14005453658591788,-0.0045287371757952236,0.14012773700700243,2.9240671584686306
1381,11.451118499999211,240.2473542475436,289.62328434427326,47.69750881022644,57.50035916076664,-4.469312651369647,0.19853500139310742,-0.006854545929250833,-4.964798608142473e-05,-4.581514713335675,-0.1914492859988296,-0.013702654127830557,0.19193903156890368,3.2736409893480496
1382,11.46433309999884,240.24510424792106,289.6234953414394,47.697062106548245,57.50040105108932,-4.552999493164554,0.19853500139310742,-0.007301249607444049,-9.153830875874291e-05,-4.54972945633901,-0.17667448020849405,-0.03671296856728179,0.18044864648415565,1.7076834403687167
1383,11.468967799999518,240.23680554196073,289.626248896395,47.69541452294885,57.500947728126256,-4.429569625195411,0.19853500139310742,-0.008948833206837037,-0.0006382153456954143,-4.543372404939677,-0.15591547388753876,-0.018842600398708553,0.1570499238693263,1.1724432112549827
1384,11.479283499998928,240.23592105101753,289.6262048632589,47.69523892053821,57.500938986007526,-4.545050887929707,0.19853500139310742,-0.009124435617479776,-0.0006294732269651604,-4.542100994659811,-0.08600765448382429,-0.0031490467740200416,0.08606528408942753,0.21049251017195714
1385,11.484073999999964,240.23843506622117,289.6227377392522,47.69573804055017,57.50025064053803,-4.719929367039067,0.19853500139310742,-0.008625315605520711,5.887224253342538e-05,-4.541846712603838,-0.01516199002850116,0.003729378782677619,0.015613910712216034,0.749777189039925
1386,11.493720499998744,240.23222000312757,289.6246404284654,47.69450413299022,57.50062839094362,-4.462955599970313,0.19853500139310742,-0.00985922316547061,-0.00031887816305697925,-4.569829303458269,0.0649743750747217,0.02950013932794211,0.07135774405569878,0.5482995895664273
1387,11.49811839999893,240.2393179707526,289.6239488034054,47.69591332800255,57.50049107916137,-4.551728082884688,0.19853500139310742,-0.008450028153141886,-0.00018156638081023857,-4.547392374363529,0.07047314043847752,0.01015681725786783,0.07120129535388452,-2.3777364724957915
1388,11.510438499999509,240.24212243092057,289.62327235710137,47.6964701115059,57.500356780893455,-4.569482579467563,0.19853500139310742,-0.007893244649785913,-4.726811289401667e-05,-4.542904988544581,0.08209514583638988,-0.006190310430250553,0.08232820241643195,-2.585426628821471
1389,11.514401599999474,240.24233145001529,289.62518607023236,47.69651160911216,57.500736719932576,-4.432866242456013,0.19853500139310742,-0.007851747043531532,-0.00042720715201483017,-4.600397403958917,0.14424283547523098,0.04012883254194942,0.1497208027867683,-5.241348946067935
1390,11.526070799998706,240.2518708568886,289.62154462546823,47.69840551526904,57.50001376569126,-4.697492437944328,0.19853500139310742,-0.005957840886651411,0.0002957470893036884,-4.611895887041784,0.08174111223808186,0.036556146018672145,0.08954306919944824,-6.934976672445167
1391,11.530126999999993,240.25560611143894,289.61761302404284,47.6991470940364,57.499233205196795,-4.750417677041991,0.19853500139310742,-0.0052162621192906045,0.0010763075837658675,-4.677526882486482,0.09685074308538058,0.08471302222598467,0.1286715297602798,-6.046660882184404
1392,11.542353599999842,240.25609360549646,289.61679034097165,47.69924387866979,57.499069873812104,-4.609220498299024,0.19853500139310742,-0.0051194774858984715,0.001239638968456802,-4.718686528841047,0.09222704944165777,0.1287505545863969,0.1583746632356917,-3.068105926843021
1393,11.546957299999121,240.25889339649132,289.6109541770398,47.69979973517885,57.49791119099776,-4.897637556691055,0.19853500139310742,-0.0045636209768389335,0.0023983217827989733,-4.69656201279946,0.051617975980660015,0.1160667279427665,0.12702716551856208,-4.086600630487734
1394,11.558425399998669,240.2581628327654,289.60377309015837,47.69965469270851,57.496485493903755,-4.638664474228836,0.19853500139310742,-0.004708663447175354,0.0038240188768057237,-4.692137109591142,0.02348994585153789,0.0022338711966871094,0.023595926271955725,0.24744166862148775
1395,11.5632743999995,240.25716766131634,289.60380887312556,47.69945711634348,57.4964925980752,-4.586869857736392,0.19853500139310742,-0.004906239812207502,0.00381691470536083,-4.721608574261978,0.030593759430468985,-0.014638040509679724,0.03391534086593314,0.025244972410967237
1396,11.573736899999858,240.2593907922822,289.62366187404314,47.69989848565289,57.500434113640026,-4.728293161000404,0.19853500139310742,-0.004464870502800977,-0.00012460085946486288,-4.664171568368021,0.0030664443985003037,-0.06500905014664497,0.0650813312879976,-1.4884998346126912
1397,11.577951199999006,240.26031278596116,289.62516900854985,47.70008153366923,57.500733332591416,-4.756577821653206,0.19853500139310742,-0.004281822486461806,-0.00042381981085526377,-4.683040612501729,0.0063222777314654,-0.0564437615048852,0.05679673765749353,1.1656116184669916
1398,11.590304199999082,240.25926154609965,289.625179581239,47.69987282576186,57.50073543164028,-4.610452527221266,0.19853500139310742,-0.004490530393830738,-0.0004259188597188768,-4.717170866640972,0.015311180898437691,-0.04438244189688861,0.04694926420334376,2.5505169829383436
1399,11.59407999999894,240.2593306147964,289.6220007668918,47.69988653831566,57.500104325729424,-4.733009694897379,0.19853500139310742,-0.004476817840028957,0.00020518705113659053,-4.6656070248906945,-0.1677349847874478,0.06892123011160248,0.1813426620565106,1.7954730172437396
1400,11.606260200000179,240.25958820789833,289.6183908167229,47.69993767956251,57.49938762426761,-4.757521128432601,0.19853500139310742,-0.004425676593179162,0.0009218885129484988,-4.655294256540639,-0.1823601776050814,0.09287799316301956,0.204649837503348,2.7114453424642737
1401,11.609909799999514,240.2435393249238,289.61490196443464,47.696751414558804,57.4986949649737,-4.47047395224902,0.19853500139310742,-0.007611941596884719,0.0016145478068594343,-4.64903673402936,-0.16009007571910788,0.11002882843147926,0.19425543861048936,3.2671708797894943
1402,11.62212240000008,240.2417129257134,289.61190115028836,47.696388810389024,57.49809919833299,-4.70501397990293,0.19853500139310742,-0.007974545766664676,0.0022103144475735803,-4.647785229527104,-0.13957816250139804,0.08051890440009662,0.16113769705769837,-0.11287208811529836
1404,11.638049399998636,240.24929036931948,289.6050353563169,47.697893198165914,57.49673609791729,-4.579164914664868,0.19853500139310742,-0.00647015798977435,0.0035734148632684537,-4.647534928626653,-0.1165282923564735,0.07968246059264833,0.14116705510002933,2.047587273112791
1405,11.65423550000014,240.25794789750566,289.60343779415734,47.699612020536414,57.496418925911726,-4.7267521723860995,0.19853500139310742,-0.00475133561927521,0.003890586868834589,-4.7000396115745415,0.05647500399329417,0.037216244380105235,0.06763486469123973,1.7758298041295606
1406,11.658346499998515,240.26042127003072,289.60230598174246,47.700103071554125,57.49619422153236,-4.756269623930345,0.19853500139310742,-0.004260284601564024,0.00411529124819765,-4.652150655585994,0.07256129884324494,0.034462120064584545,0.0803291964927108,2.1486580247013327
1408,11.673475699999472,240.25980946383737,289.60402367097805,47.69998160661068,57.49653524296714,-4.732997366988465,0.19853500139310742,-0.00438174954501136,0.0037742698134195507,-4.6467678332295534,0.04414019149304844,-0.0016863424025780477,0.04417239246114838,2.383464840071617
1409,11.686019199998555,240.26301526268787,289.601811581807,47.70061806988993,57.49609606584048,-4.465569199960193,0.19853500139310742,-0.0037452862657616492,0.0042134469400778585,-4.622099565331645,0.03631774000045564,-0.012240223214726552,0.03832494361492299,2.975769089563285
1410,11.690165999998499,240.26201998998837,289.60379914789314,47.700420473423144,57.49649066727617,-4.552250802882664,0.19853500139310742,-0.003942882732545172,0.003818845504390822,-4.617165911752063,0.008646183581482324,-0.01852344067085086,0.020441975071191783,-0.1275595817418962
1412,11.707341199999064,240.26782297331226,289.6066690263332,47.70157256872544,57.49706043859626,-4.603410832896557,0.19853500139310742,-0.0027907874302499636,0.0032490741843034243,-4.6220143304862935,0.010834685302722117,-0.14110593954357087,0.14152129373378022,-2.1541473635343036
1413,11.719722499999989,240.26664370109174,289.6052195026771,47.70133844191349,57.49677265741517,-4.731601356032437,0.19853500139310742,-0.0030249142421965303,0.003536855365389613,-4.669901033132657,-0.009478501089257067,-0.1957231616526957,0.19595254014742014,-2.9403404220746854
1414,11.723806899999545,240.26670364988232,289.61829248553255,47.70135034384671,57.499368102084595,-4.757239460659613,0.19853500139310742,-0.003013012308976215,0.0009414106959653168,-4.7098348189744295,0.0018408950687754712,-0.22032591178629735,0.22033360229233653,-3.2876565414237664
1416,11.739882699999725,240.26258820571775,289.63756982453526,47.70053328413377,57.50319532861036,-4.70500271319201,0.19853500139310742,-0.0038300720219197615,-0.0028858158297992986,-4.741413279569404,-0.016382052842191002,-0.19038238184059636,0.19108590468850123,-0.6323157507370767
1417,11.75156959999913,240.26311485538452,289.6504126587705,47.70063784252609,57.505745080723145,-4.751919732091528,0.19853500139310742,-0.0037255136295968327,-0.00543556794258393,-4.747804038918638,0.011143482568839885,-0.2555170621287859,0.2557599386977715,0.8762196296155995
1418,11.755964699999822,240.262582760477,289.64783265688015,47.700532203062885,57.505232860044245,-4.761303135871431,0.19853500139310742,-0.0038311530928041293,-0.0049233472636842635,-4.69069229821036,0.018162269400833597,-0.12355776786987374,0.12488550768913925,3.47346717474136
1420,11.771839299999556,240.27207529429495,289.6720145807279,47.70241680327766,57.51003381832904,-4.763555152778608,0.19853500139310742,-0.0019465528780315822,-0.009724305548481027,-4.632352931169187,-0.06639945681943028,-0.04816648574212705,0.08202986172523952,6.771167359638097
1421,11.783333100000164,240.27427569002882,289.6706052687171,47.70285365884775,57.50975402056702,-4.4716807571182215,0.19853500139310742,-0.0015096973079380405,-0.009444507786461998,-4.595468302868521,-0.05050141915210341,0.0061564662509874715,0.050875292756661215,7.425133481824419
1422,11.787861199998588,240.2634732498998,289.6674376941324,47.700708996381685,57.50912514614243,-4.4133058779861445,0.19853500139310742,-0.003654359774003524,-0.008815633361869857,-4.5297014846302615,-0.05767096345582485,-0.005073488555977813,0.05789369837944992,5.060271321665087
1424,11.803867399999945,240.270603163629,289.66312904045355,47.702124533813844,57.5082697275783,-4.567496590588196,0.19853500139310742,-0.002238822341844582,-0.007960214797741116,-4.486116608439871,-0.11394785227114082,0.11401299169970602,0.16119266519765396,4.446657928993994
1425,11.815335100000084,240.26714419911036,289.6596405975157,47.70143780828832,57.50757714955478,-4.43246904468014,0.19853500139310742,-0.002925547867370426,-0.007267636774216157,-4.47269823756584,-0.1629970246867717,0.141406942462885,0.2157868240496665,3.5004153448020254
1426,11.819756699998834,240.26352143185767,289.6531151054336,47.70071856218676,57.506281610975165,-4.545630771826653,0.19853500139310742,-0.003644793968931026,-0.005972098194604314,-4.470014563391034,-0.07999920224206307,0.12580381299057736,0.1490854510753302,-0.5090298758719937
1428,11.835970899999666,240.24659647041153,289.6399407878396,47.697358364942474,57.50366604781328,-4.404588902748067,0.19853500139310742,-0.007004991213214851,-0.003356535032722263,-4.494694583448505,-0.09258539603873432,0.1797251650892037,0.20217119113758716,-3.0243416269232632
1429,11.847436599999128,240.2432096339603,289.6364256266474,47.69668595936291,57.502968165281096,-4.399887507112114,0.19853500139310742,-0.007677396792779234,-0.002658652500535652,-4.558020480038124,-0.07549872435851301,0.19139129790541612,0.20574422542001627,-4.468445067774401
1430,11.851802699999098,240.2437705481385,289.62932125041186,47.69679732046006,57.501557697935276,-4.690896690875548,0.19853500139310742,-0.007566035695631967,-0.0012481851547150313,-4.601042104668547,-0.02681257235154716,0.1913356654470303,0.19320520414358627,-8.030577844728628
1431,11.86365239999941,240.2452955117905,289.62223509775924,47.69710007912083,57.50015084860852,-4.749098527628235,0.19853500139310742,-0.0072632770348590725,0.00015866417204080108,-4.67273771780871,0.05204589475995716,0.08414821842093857,0.09894290184132726,-7.975812519628725
1432,11.867881000000125,240.2470157114437,289.61600036379525,47.697441598961376,57.49891303569229,-4.760738894978773,0.19853500139310742,-0.006921757194312761,0.0013964770882708422,-4.745485357602629,0.07229094107186618,0.04263200887417535,0.08392537364649498,-6.900004899264465
1433,11.879536499998721,240.25799721399375,289.6379936212222,47.699621811585445,57.503279467086195,-4.7630669684488804,0.19853500139310742,-0.004741544570244116,-0.0029699543056338484,-4.760034885561413,0.09722083176909524,-0.0007034333798933874,0.09722337655314521,-4.298350793305598
1435,11.899739299999055,240.26233015576963,289.6529231547932,47.70048205218696,57.5062435020545,-4.763625706081706,0.19853500139310742,-0.003881303968725547,-0.00593398927394162,-4.762944791153169,0.15615068204085658,0.04768265093937846,0.1632687070519985,-1.5390637760799262
1436,11.911101899999267,240.27092387805374,289.64683521985063,47.702188206852604,57.5050348338822,-4.763644330669466,0.19853500139310742,-0.0021751493030848223,-0.004725321101638258,-4.72709906769586,0.14578356362035477,-0.001480830777537613,0.14579108436952423,1.9941891139720713
1437,11.915946399998575,240.27873713406422,289.6380347937322,47.70373941164553,57.50328764127051,-4.763648055587018,0.19853500139310742,-0.0006239445101599017,-0.0029781284899499383,-4.689573477691899,0.11580842409013882,0.07811772224651914,0.13969241074312433,2.3545541362575344
1439,11.932212300000174,240.28110725099376,289.63419174980356,47.70420996281344,57.5025246625388,-4.581510277692231,0.19853500139310742,-0.00015339334225217272,-0.0022151497582356683,-4.682049735103345,0.1448869693875953,0.15912692529067515,0.215205976336128,2.4368648372609845
1440,11.9437229999985,240.28326280518007,289.63283687788055,47.704637915766824,57.50225567303967,-4.575439018429071,0.19853500139310742,0.00027455961113531657,-0.0019461602591093197,-4.6756782413208136,0.11166713583058041,0.15982653834654606,0.1949719764080091,1.3520201517222978
1441,11.948486399998728,240.2877727935802,289.6266387848998,47.70553330632012,57.501025134641104,-4.72600699313894,0.19853500139310742,0.0011699501644315546,-0.0007156218605430809,-4.674403942564307,0.04041030061034326,0.05326971264376789,0.06686295447082723,-0.22014162468109164
1443,11.96442500000012,240.28649280338294,289.61781825962754,47.705279183464526,57.499273951643886,-4.731786861756808,0.19853500139310742,0.0009158273088374358,0.0010355611366748008,-4.710576787388666,0.0006803963809105043,0.06365285802669447,0.06365649435997618,2.1508233162368295
1444,11.974914299999,240.2845863050938,289.62691245064906,47.70490067682404,57.50107946687101,-4.7572765618044865,0.19853500139310742,0.0005373206683501053,-0.0007699540904511082,-4.711780850811113,-0.019486752058685976,0.08647364870030919,0.08864211992806346,3.456473715683503
1445,11.979635199999393,240.28055056797268,289.62456258531853,47.70409944174907,57.500612936354344,-4.762374501814023,0.19853500139310742,-0.00026391440661654997,-0.00030342357378287943,-4.653631770917478,-0.053768374775135415,0.029376889919411335,0.06127021941609667,9.215277002207976
1447,11.995909100000063,240.27533260538354,289.6132939659037,47.70306349353917,57.49837572098313,-4.581459335541311,0.19853500139310742,-0.0012998626165199312,0.0019337917974340257,-4.538383592781697,0.28053179613144114,0.02344274223582852,0.281509592739338,25.305439743205305
1448,12.006717700000081,240.27623442698064,289.6147721609095,47.70324253669121,57.49866919443066,-4.435261593670763,0.19853500139310742,-0.001120819464482281,0.0016403183498994167,-4.224269083736298,0.503172450364491,0.015237465916854195,0.5034031139885543,35.0707750149604
1449,12.01141219999954,240.3153812385811,289.6128757794852,47.71101454898684,57.49829269634194,-4.155545971077903,0.19853500139310742,0.006651192831149899,0.0020168164386191734,-3.857246963177219,0.6641450423056352,-0.06007050981681905,0.6668561339365534,48.12954171256099
1451,12.027818900000057,240.40439302907146,289.6304907103389,47.728686504935844,57.50178987666352,-3.1867040165774916,0.19853500139310742,0.02432314878015518,-0.0014803638829619103,-3.0580456520297012,0.9185932604587272,0.8299858022201092,1.2380185822705383,83.5668757510256
1452,12.03894659999969,240.43999214764872,289.6460565154754,47.73575417599218,57.504880233807974,-2.927263899018623,0.19853500139310742,0.031390819836488504,-0.004570721027413072,-2.194411444487698,0.9892027269306037,1.2458743658406477,1.5908252482362035,88.73789013034603
1453,12.043431500000224,240.4672940269024,289.542419280236,47.74117455462784,57.48430461516535,-0.5854527798037247,0.19853500139310742,0.03681119847215086,0.016004897615211178,-1.3679858725105467,1.5137999079022195,1.4575097186628807,2.1014101791800472,98.08574565869122
1454,12.055033699998603,240.4888938192256,289.4224853132231,47.74546286942682,57.46049352485736,-0.11709055596074494,0.19853500139310742,0.04109951327112782,0.03981598792319829,-0.7308324140845855,1.8084220909800255,1.4912778925536838,2.3439923660208293,94.27516568824379
1455,12.059719999999288,240.5898862660857,289.3956146144386,47.76551340500488,57.45515875063675,-0.02341811119214899,0.19853500139310742,0.06115004884919273,0.04515076214381253,-0.14541710325876836,2.244318057932362,1.2334325366800496,2.560921585621526,84.39036300796424
1457,12.075549899998805,240.79322508462351,289.3991479867667,47.805883277626556,57.45586024871683,-0.0009367244476859596,0.19853500139310742,0.1015199214708673,0.04444926406372929,0.32408169224379746,3.463472112600402,0.28632366082052835,3.47528708360998,65.59622397093607
1458,12.087218599999687,240.95865173014025,289.4912436006956,47.83872625692468,57.474144451556505,-0.00018734488953719194,0.19853500139310742,0.13436290076899127,0.02616506122405582,0.6529895766494864,3.926191028735392,-0.19216045742977134,3.930890692390453,62.77437225975585
1459,12.09170549999908,241.12373046793545,289.4945836662872,47.87150016436282,57.47480757148339,1.7620411977091044,0.19853500139310742,0.1671368082071325,0.02550194129717198,1.0581465731473236,3.4288965939030795,-0.4723408592831725,3.4612768943019434,48.052058939763256
1460,12.103027799999836,241.27675170878075,289.51398099957964,47.90188023662722,57.478658621075624,1.5274488660677,0.19853500139310742,0.19751688047153237,0.021650891704936726,1.5201796152276095,4.1704569029740535,-0.7349175545860558,4.234715408572657,72.49726803635153
1461,12.119088499999634,241.4217231749979,289.53521827235585,47.9306621468746,57.48287496305583,2.002366871297036,0.19853500139310742,0.22629879071891423,0.017434549724733017,2.344238275374397,4.3111717403710506,-0.46978673537842675,4.33669244375382,75.73142416810218
1462,12.123420899999473,241.5582849502436,289.5648348415265,47.95777443911325,57.48875488865738,2.309228485953743,0.19853500139310742,0.25341108295756243,0.011554624123178314,3.002264989314292,3.3987153583595497,-0.4434547856739595,3.42752362998218,65.68739895860142
1464,12.139826200000243,241.84899975061336,289.5847730790847,48.01549150240966,57.492713326678775,4.1201059558444,0.19853500139310742,0.3111281462539708,0.007596186101785918,3.7299708341164313,3.1427067946625495,-0.4152136594821617,3.1700170946287853,68.1489588532452
1466,12.155727199999092,242.0686169125139,289.58606499529924,48.05909319595354,57.49296981726623,5.05217476740858,0.19853500139310742,0.354729839797848,0.007339695514332334,4.367245210779496,3.4274351631769817,-0.42070419278517635,3.4531585274367367,65.64857283166221
1467,12.167327600000135,242.15060378257184,289.5976881238248,48.075370459314705,57.49527741510425,5.165978090078395,0.19853500139310742,0.3710071031590161,0.005032097676313185,4.983402173514453,2.288435786009549,-0.18752740329417467,2.2961064595691982,36.321026006583146
1468,12.171792999999525,242.22293079183436,289.604210238964,48.089729902199394,57.49657228324249,5.188738754612359,0.19853500139310742,0.3853665460437057,0.0037372295380677656,5.156691320065844,1.7831084211917754,-0.22023890903212484,1.7966582364981623,28.12005404157479
1469,12.183128399999987,242.25507733296837,289.6151333702879,48.09611211578822,57.498740907135094,5.390013299628527,0.19853500139310742,0.3917487596325344,0.0015686056454669028,5.216171543869393,1.2396427646223007,-0.20657723493402175,1.2567371793153121,22.292259433706715
1471,12.199275999999372,242.3357245903906,289.6480611615707,48.112123419152894,57.505278226223304,4.986551688601352,0.19853500139310742,0.40776006299720535,-0.004968713442742967,5.270316264634578,0.9062040888125352,-0.16818012041128647,0.9216780367797164,11.799400667819127
1472,12.203862799999115,242.33629625990233,289.6468556834591,48.1122369155602,57.50503889662473,5.349575886426326,0.19853500139310742,0.4078735594045142,-0.004729383844171764,5.32048969120949,0.24286215841254088,-0.09565459176387492,0.261020744222201,5.566732072175148
1474,12.219280399998752,242.31579257172484,289.64739449889294,48.10816621579932,57.50514587034765,5.436701693904319,0.19853500139310742,0.4038028596436334,-0.004836357567086225,5.330524300230525,0.00377641624836636,-0.012624654256983808,0.013177375109986999,7.199937193660581
1475,12.231153499998982,242.30975258629059,289.64304979659823,48.10696706728272,57.50428329487151,5.439605887486919,0.19853500139310742,0.4026037111270284,-0.003973782090952227,5.421279184957578,-0.23071439667851226,0.04532585865414173,0.23512457612394572,6.647283128467112
1476,12.235730499998681,242.2951734371,289.63788952434487,48.10407259587785,57.50325880021251,5.4401863447337115,0.19853500139310742,0.39970923972216355,-0.0029492874319458906,5.482671967933262,-0.29925368159433996,0.017739622258847516,0.29977901885497793,4.104123172225529
1478,12.251623499998459,242.2806925643671,289.64710305010556,48.10119763578965,57.505088007562236,5.440326112236614,0.19853500139310742,0.3968342796339641,-0.0047784947816751355,5.492046330945799,-0.3873258854704733,-0.015606000273466557,0.38764015375090033,3.7744749208523363
1479,12.263531900000089,242.2616213527617,289.6522466487569,48.09741133276701,57.50610919192764,5.656539801304745,0.19853500139310742,0.39304797661132085,-0.005799679147081349,5.470883389957652,-0.3261973826837338,-0.042418232695692296,0.3289438233722351,2.235182515440037
1480,12.267775499998606,242.24656531133496,289.6559586958806,48.09442218156138,57.50684616320852,5.4835735089670035,0.19853500139310742,0.3900588254056885,-0.006536650427960922,5.466650878053967,-0.19141435934184228,-0.09827627629955443,0.21516896487540738,-2.26656256506501
1482,12.283919699999387,242.26320639061322,289.6609524813588,48.09772601825907,57.507837604415386,5.333791182546181,0.19853500139310742,0.3933626621033781,-0.007528091634824818,5.465799716756466,-0.15076747269702037,-0.09820828973269582,0.17993248454814353,-5.052172377938226
1483,12.295384199998807,242.26560399633496,289.6641547463163,48.09820202691437,57.50847336609319,5.419023785215291,0.19853500139310742,0.39383867075868295,-0.00816385331263092,5.361525484957136,-0.052551128163991004,-0.08039836115733194,0.09604955777145978,-4.020230765101838
1484,12.299897499999133,242.266111845031,289.66676347905957,48.09830285265595,57.50899129085201,5.436070305749113,0.19853500139310742,0.39393949650025917,-0.00868177807144832,5.301326156175396,0.09974914277452193,-0.04704669419727228,0.11028727451135789,-3.6291949697993933
1486,12.315932599998632,242.28009501063914,289.666497241367,48.10107900045944,57.50893843335134,5.13516864230809,0.19853500139310742,0.39671564430375383,-0.008628920570778575,5.355565910039974,0.05462399076139952,-0.020134980867242212,0.0582168173402297,-3.051320065204917
1487,12.327258599998459,242.28335306784533,289.6668913391503,48.10172583885141,57.5090166755553,5.182576865058298,0.19853500139310742,0.39736248269571917,-0.008707162774740596,5.366413860812892,0.07025045533507694,0.051662991523938356,0.08720201355466607,4.829181192160361
1488,12.343267399999604,242.28166132604338,289.66099315949464,48.1013899688904,57.50784568044915,5.604989951869081,0.19853500139310742,0.39702661273471307,-0.00753616766859011,5.411825256997748,0.08437023800229194,0.09497386469215272,0.127036892417623,10.059559093369769
1489,12.34803439999996,242.28453428903038,289.6537050159479,48.101960352601026,57.50639872885994,5.473263539079872,0.19853500139310742,0.39759699644533697,-0.006089216079381288,5.556299224983535,-0.08682558870956936,0.12164617081325885,0.149453918410632,10.540333760152565
1490,12.35917629999858,242.2897500578533,289.64799198885026,48.10299586527155,57.50526449301716,5.663127286673396,0.19853500139310742,0.39863250911586334,-0.0049549802365973505,5.6990679962418245,-0.10047496254044448,0.12461025762245936,0.16007165396234094,10.918458932548942
1491,12.364110900000014,242.27277778545943,289.64459534828677,48.09962627514819,57.50459014097815,5.857538482237024,0.19853500139310742,0.39526291899250054,-0.004280628197591341,5.727621750493483,-0.0588244048589308,0.13702936436898955,0.14912195447477444,10.62111903488562
1492,12.375080499999967,242.27216249446056,289.64415817545057,48.099504118348875,57.5045033468685,5.896420721349749,0.19853500139310742,0.3951407621931864,-0.004193834087942605,5.75886775369788,-0.04891407207493983,0.11821460092502911,0.12793466425803565,4.782323726778341
1493,12.379709699998784,242.2765290879706,289.6410047538236,48.100371039997476,57.5038772823014,5.7477587231273715,0.19853500139310742,0.39600768384178764,-0.0035677695208420346,5.765116954338758,0.0002209872996441209,0.09789156217081835,0.09789181160663948,2.602669751465072
1495,12.395618200000172,242.29008732825207,289.6242207408396,48.103062825250646,57.50054506826024,5.629493555101853,0.19853500139310742,0.39869946909495724,-0.00023555547967646362,5.782825153231583,0.18888183891909405,0.02512219412586216,0.1905452012283597,0.49416182497928673
1496,12.407111099999383,242.30968919046146,289.62421009243644,48.10695448099169,57.50054295417951,5.694373289877793,0.19853500139310742,0.40259112483600035,-0.00023344139894732052,5.8048388012693835,0.26560510265375337,-0.01246562744819444,0.265897465996553,0.09099362458642449
1497,12.411649099998613,242.3156425124591,289.62940304801145,48.10813642378279,57.50157393762183,5.946079476701145,0.19853500139310742,0.40377306762709964,-0.0012644248412669867,5.783255609571571,0.2973926849809334,-0.05644277418979032,0.30270149626060383,0.4322516369131786
1499,12.427731599998879,242.34581560868884,289.6439862805886,48.11412683948479,57.50446921972184,6.00648896153875,0.19853500139310742,0.40976348332910106,-0.004159706941280206,5.796645524908216,0.33514898922548714,-0.05947588729200092,0.34038540824782204,1.6114297517930585
1501,12.444230299999617,242.37458645985703,289.65102032173604,48.11983886046155,57.50586572309085,5.639842764638308,0.19853500139310742,0.41547550430586,-0.005556210310288634,5.847069555949178,0.5655493569849974,-0.107206203711957,0.5756207478022953,-0.3142150549810767
1502,12.45502679999845,242.39405402463223,289.64045436021917,48.123703853461315,57.50376800990638,5.696443131785084,0.19853500139310742,0.41934049730562606,-0.003458497125819804,5.9227424264069155,0.6362073952465903,-0.08408614665412538,0.6417400796471966,2.059473104159308
1503,12.459516099999746,242.42776002715414,289.64584662228134,48.13039567471896,57.50483856266241,5.946493445082603,0.19853500139310742,0.42603231856327284,-0.004529049881845992,5.888117303030243,0.6537450824717691,-0.05387273241017927,0.6559610538388381,4.5251380992183785
1505,12.476359599999341,242.47982948411902,289.65531368659765,48.14073328443002,57.50671810628963,6.324443828989828,0.19853500139310742,0.4363699282743312,-0.006408593509071636,6.007913978468875,0.8378475544076405,-0.15742826831076578,0.8525093454562188,9.209669234407997
1506,12.486979499999507,242.50444452312937,289.6568627844424,48.14562023123423,57.5070256564324,5.833363344655387,0.19853500139310742,0.44125687507854394,-0.006716143651836148,6.147681438541433,0.8420414460247649,-0.19986465373611442,0.8654361193274371,7.94959355172991
1507,12.491497199998776,242.53326902873155,289.67057098175513,48.151342904494115,57.50974721340498,6.238826141831469,0.19853500139310742,0.446979548338426,-0.009437700624417289,6.267305157606725,0.56303953304213,-0.1442713072527794,0.5812294950058243,12.275604050233934
1509,12.507480499998564,242.56377727419562,289.67201093660384,48.157399859049825,57.510033094842875,6.395280432147869,0.19853500139310742,0.4530365028941361,-0.009723582062314051,6.2786315680052,0.4924727560126237,-0.04697672351701189,0.49470822508531526,12.283298079382677
1510,12.519037099998968,242.56934245087314,289.66971171852595,48.15850474140925,57.509576619578574,6.544612040409067,0.19853500139310742,0.45414138525356407,-0.009267106798013458,6.439467558612215,0.3670005540720042,-0.03417800912080767,0.36858858229280533,10.0217763928781
1511,12.523535499998616,242.57525416130227,289.661217602483,48.159678422847534,57.50789024023816,6.381075880982205,0.19853500139310742,0.4553150666918455,-0.007580727457600744,6.471634756733618,0.12685676522697537,0.054183451150809275,0.1379437757293314,5.181345625434399
1513,12.539745299998685,242.56160340949546,289.6583571975673,48.15696827081855,57.50732234974423,6.637543297690461,0.19853500139310742,0.4526049146628637,-0.0070128369636677235,6.501676270103537,0.0641549398537876,0.047778634857249654,0.07999158866071793,10.819415324521888
1514,12.551371999999901,242.5654687539852,289.6677631275168,48.1577356769922,57.50918975605986,6.3996621324384835,0.19853500139310742,0.4533723208365146,-0.00888024327930026,6.52814729555584,0.0659739751177501,0.062099242750368384,0.09060287712322766,9.222515034131629
1515,12.55590039999879,242.5669615183303,289.6689015362737,48.15803204296354,57.509415770044,6.545487998997462,0.19853500139310742,0.4536686868078519,-0.009106257263439943,6.659013476354309,-0.009800918447289163,0.007440924297098986,0.012305501079012226,9.654315720324664
1516,12.56708929999877,242.57286220575446,289.66264011795516,48.159203535949516,57.508172659349405,6.676967167670586,0.19853500139310742,0.45484017979382685,-0.00786314656884457,6.725394309040394,-0.06199770245122557,0.08618691145885152,0.10616919899879915,14.390933445590008
1517,12.582538199998453,242.5636829281476,289.65473473652,48.157381128057054,57.50660316443516,7.035406784974548,0.19853500139310742,0.45301777190136505,-0.006293651654601717,6.869220666587368,-0.15821311452747316,0.12617128559139895,0.20236250373097706,15.01877220344811
1518,12.587067299999035,242.55391511680253,289.64495352055576,48.15544187561805,57.50466125071007,6.969447461120887,0.19853500139310742,0.45107851946236366,-0.004351737929511046,6.984877493882895,-0.20983934553184916,0.14710093063780902,0.25626399420859786,9.539584903524828
1520,12.60360369999944,242.51934278592563,289.6416794528228,48.14857805785924,57.50401123366815,7.118793920173351,0.19853500139310742,0.44421470170355093,-0.003701720887590909,7.074437616055867,-0.22060089248895368,0.06473776034622206,0.22990374373108363,6.879011921448006
1521,12.615520800000013,242.5077768280732,289.63839380119396,48.14628181040089,57.50335891681744,7.1237721354751,0.19853500139310742,0.4419184542452044,-0.0030494040368793662,7.092349640490461,-0.21530148917275307,0.05413146052299825,0.2220021312022883,4.888153320539492
1522,12.620312699998976,242.50900521165698,289.6456519170954,48.14652568753741,57.504799906868044,7.12476777853545,0.19853500139310742,0.44216233138172356,-0.004490394087483196,7.057032738126403,-0.04803557398673683,0.0033582543144675195,0.04815282172703805,-2.293905504972351
1523,12.631047799999578,242.50405946941817,289.64302613845354,48.14554378459514,57.504278597901724,7.12496690714752,0.19853500139310742,0.44118042843945204,-0.003969085121163118,7.0501141721392635,0.02179864336086153,-0.03209378001494574,0.03879679842489278,-3.4908036577439376
1524,12.635534299999563,242.5132829337608,289.63907379535556,48.14737496510126,57.50349391945926,6.7928629493005985,0.19853500139310742,0.443011608945568,-0.0031844066786987923,7.003571614947695,0.07208946339703146,-0.11652281552037237,0.13701991559502097,-3.7978113786772427
1526,12.651906600000075,242.50784827265448,289.6504500772976,48.14629599465094,57.50575250961047,7.0842010902376495,0.19853500139310742,0.44193263849525266,-0.0054429968299061215,6.9942631035093825,-0.06061572831935797,-0.02966282416152875,0.06748444010973188,1.7431803818197253
1527,12.66329819999919,242.51122033842728,289.67153128153143,48.14696546773384,57.50993786652241,6.891059349517257,0.19853500139310742,0.44260211157815377,-0.009628353741845785,6.993898728196332,-0.02077066575062982,-0.06472398359461311,0.06797510285450206,2.0475294981591774
1528,12.667983499999536,242.49676260413807,289.66837873102736,48.14409510143659,57.50931197490369,7.078225221343882,0.19853500139310742,0.439731745280902,-0.009002462123127941,7.089173524642511,-0.1209576294479397,-0.09269941314209448,0.1523939937089182,4.782837393326618
1530,12.683864599999652,242.5053823795555,289.67851721622145,48.1458064285611,57.51132481907582,7.123145030582271,0.19853500139310742,0.4414430724054128,-0.011015306295256266,7.103105454144327,0.0253699920082347,-0.10752470766131239,0.11047714357344954,6.544494657075153
1531,12.695367700000133,242.50000663614864,289.67648812973897,48.14473915533633,57.51092197438819,7.269236931531494,0.19853500139310742,0.44037579918064296,-0.010612461607628632,7.141095905689725,0.10266882802534959,-0.0941890448024589,0.13932862020740183,7.555363516997208
1532,12.699799500000154,242.5148675342813,289.6812222521613,48.1476895637678,57.51186186338991,7.1538607377467285,0.19853500139310742,0.4433262076121096,-0.01155235060934956,7.177612758205836,0.3123314136979544,-0.11635170746813286,0.33329961268101216,3.653093277156638
1534,12.71591669999907,242.5510142886416,289.7056356253792,48.15486595969508,57.51670877247574,7.081011607244244,0.19853500139310742,0.4505026035393911,-0.016399259695177193,7.258559106299875,0.36301145342463026,-0.11402534928144194,0.3804984830406257,5.061415710936601
1535,12.72694489999958,242.57521542518774,289.70437063730185,48.15967073237298,57.516457628066036,7.260809483924436,0.19853500139310742,0.45530737621729145,-0.016148115285474773,7.267640636261605,0.41760076266822627,-0.08544375310714154,0.42625231017100473,5.767080706365149
1536,12.73176809999859,242.58398940317193,289.7071671832513,48.1614126741043,57.51701284032,7.527876771052466,0.19853500139310742,0.45704931794860926,-0.016703327539438817,7.305834963494185,0.2999338775452872,-0.018685370282938624,0.3005153472985396,5.29814086726673
1538,12.747718900000109,242.59846432640674,289.69287196018365,48.164286453008884,57.51417473818835,7.314644581340146,0.19853500139310742,0.45992309685319555,-0.013865225407791115,7.414794116323011,0.20426638650676332,0.05479121392127691,0.21148719530859914,6.050935138929949
1539,12.759256299999834,242.6029623340431,289.685798861628,48.165179464961234,57.512770480556746,7.3448323739096315,0.19853500139310742,0.46081610880554535,-0.012460967776185328,7.482807489247174,0.1154391078320651,0.07649780757131525,0.1384850251120356,8.62946835153614
1540,12.763909699999203,242.6021871167139,289.68423658064137,48.165025557187704,57.51246031309889,7.6258073713883725,0.19853500139310742,0.46066220103201516,-0.012150800318330823,7.5236937942031,0.027542158185886224,0.191149944479324,0.1931239802613467,11.985362966847086
1541,12.774640099998578,242.60173009827028,289.6771397726018,48.164934823030364,57.51105134830487,7.6008763485452535,0.19853500139310742,0.46057146687467565,-0.010741835524306964,7.6708735549832,0.004654681166774033,0.1301241864340406,0.13020741127864144,12.298302342509679
1542,12.779425900000206,242.59984200943086,289.6660958562364,48.16455997131,57.50885874435388,7.732308295832098,0.19853500139310742,0.46019661515430954,-0.008549231573319105,7.789074918516173,-0.018936168769390506,0.11921980680232606,0.12071429418940738,11.47105317900083
1543,12.79051359999903,242.60351274845146,289.6731996842739,48.16528874148656,57.51026910286321,8.050543385240639,0.19853500139310742,0.46092538533087435,-0.00995959008265146,7.882163357116322,-0.10572007170129741,-0.054916164147555985,0.11913235767501949,12.758020539158027
1544,12.806974999999511,242.6001503428746,289.6676285343497,48.16462118629068,57.509163034605244,7.9358391915744955,0.19853500139310742,0.4602578301349922,-0.008853521824683241,7.911115483824728,-0.09663471272034471,-0.06182397778743018,0.11471910011852521,9.726513296618723
1545,12.811531100000138,242.58943349025967,289.68607980204445,48.16249351594185,57.51282625706272,8.091249564389118,0.19853500139310742,0.45813015978615823,-0.012516744282159209,7.980464638898796,0.02759417678680709,-0.2329883511195037,0.23461673075449394,4.6358714057269985
1547,12.82665569999881,242.59224997827306,289.67870800581625,48.16305268739351,57.51136269748829,7.745636982087284,0.19853500139310742,0.45868933123782085,-0.01105318470772687,7.9586642276040385,0.08329266468420124,-0.24035703290833865,0.2543799741699314,2.2498174658261036
1549,12.843845699999292,242.6392495103608,289.7131403044407,48.17238373956202,57.51819871394366,8.079054071202437,0.19853500139310742,0.46802038340633345,-0.017889201163100665,7.945688193807001,0.10452913265226906,-0.3943046746282115,0.4079246450101972,3.298873490269915
1550,12.854671600000074,242.65801946987534,289.7220854301141,48.17611023350039,57.519974634481684,7.941541328766855,0.19853500139310742,0.47174687734469956,-0.019665121701123667,7.907422744738024,0.19152931629661576,-0.24909122190790253,0.3142131694130929,0.3957015902789012
1551,12.859242599999561,242.65953050223447,289.738260615341,48.176410226311916,57.52318597490325,7.870959022589309,0.19853500139310742,0.4720468701562268,-0.02287646212268868,7.939438343987609,0.14284682815579405,-0.3827693204762316,0.408555466261323,3.7946075742678627
1552,12.871172899998783,242.65760799787307,289.7429452807884,48.17602854190584,57.524116044964366,7.899922319044229,0.19853500139310742,0.4716651857501546,-0.023806532183805018,7.947852863831616,0.0646383937316391,-0.34460739207189184,0.35061713679567486,5.059388498155508
1553,12.875586199999816,242.65301894282766,289.75565209168144,48.17511745385601,57.52663879168273,7.905714978335213,0.19853500139310742,0.47075409770032195,-0.02632927890216763,8.016493546731082,0.02141031447865464,-0.3202760944108673,0.3209909316743289,6.719352048208378
1555,12.89162159999978,242.6652777189609,289.7723602442555,48.1775512499927,57.529955944777285,8.121126670422472,0.19853500139310742,0.47318789383701443,-0.029646431996724232,8.105795413779724,0.04729299348396565,-0.17185212269959854,0.17824079025024628,7.356769775857309
1556,12.902910199998587,242.67256027446678,289.7747703589154,48.17899709216021,57.53043443689466,8.284744743264183,0.19853500139310742,0.4746337360045203,-0.03012492411409795,8.15958781841557,0.08238890418957585,-0.17491615727631585,0.19334837369337238,7.632596257544655
1557,12.907465999998749,242.67703594264015,289.77386226746324,48.17988566894724,57.530254148956935,8.317468357832524,0.19853500139310742,0.4755223127915542,-0.029944636176374217,8.2060166942402,0.1656597033192666,-0.09957399191299526,0.19328248024411493,4.658696064414418
1559,12.923486099998627,242.68861410859762,289.7813890815358,48.18218434014174,57.53174848499931,8.168884342223457,0.19853500139310742,0.47782098398604944,-0.03143897221875136,8.23940961628998,0.4011356712746087,-0.07512860255451291,0.4081104430062099,3.6168354791615767
1560,12.9350132999989,242.70080190361426,289.7927059739972,48.184604044042345,57.53399528425991,8.137859357458364,0.19853500139310742,0.4802406878866563,-0.03368577147934815,8.247290086603215,0.4710570456431204,-0.05395277700607681,0.4741367338613327,3.054791182465728
1561,12.93939489999866,242.73013593122585,289.79457389340166,48.190427875255075,57.53436613164147,8.288091280671361,0.19853500139310742,0.4860645190993864,-0.03405661886090883,8.248866333253755,0.4943709270066188,-0.05996520769781194,0.4979944172414238,1.6556736209695306
1563,12.95542629999909,242.76870840872652,289.7894470164089,48.19808586212941,57.53334826711057,8.324147094830371,0.19853500139310742,0.4937225059737216,-0.03303875433000769,8.280207330288409,0.49705714862722244,-0.0052364440273231574,0.49708473055151875,3.035907656031812
1564,12.96717929999977,242.78715543470116,289.78888397089906,48.201748242456986,57.53323648286949,8.325349591085216,0.19853500139310742,0.4973848863012975,-0.03292697008892986,8.317764862136613,0.531816704746325,0.0045344083143561975,0.5318360351706164,2.9854762194585276
1565,12.97166759999891,242.7907028906577,289.7848064419435,48.20245253663026,57.532426950652614,8.325589327396731,0.19853500139310742,0.4980891804745724,-0.03211743787205279,8.35809497202188,0.36864645471351326,0.061523047170988436,0.3737449583687331,3.509205013364007
1567,12.987575799999831,242.82144880737508,289.79650981424254,48.20855667724857,57.53475047968831,8.325647016699385,0.19853500139310742,0.5041933210928846,-0.03444096690775211,8.36495910809565,0.47938482236351715,-0.030306576240521285,0.48034185376242555,3.404125989481674
1568,12.999055599999338,242.85112941375783,289.7849276244591,48.214449316478124,57.53245100962352,8.48974183009769,0.19853500139310742,0.510085960322435,-0.03214149684296075,8.399150386238139,0.4857707334671059,-0.039065994856401345,0.4873390579948322,2.903353269565154
1569,13.003838999999061,242.87597891716015,289.79446036070465,48.21938281267072,57.53434359142731,8.358467775199227,0.19853500139310742,0.5150194565150343,-0.0340340786467479,8.405988641866635,0.47374454399665594,-0.06932895137846343,0.4787905559488792,1.191819068582644
1570,13.01512079999884,242.89550077177051,289.79640866927775,48.223258584102986,57.53473039887259,8.496305981797658,0.19853500139310742,0.5188952279472971,-0.03442088609202898,8.413792332865516,0.502830876329625,-0.025136418219268496,0.5034587666446106,4.136414748160544
1571,13.031188400000246,242.90333381110668,289.7940576116554,48.2248137165785,57.53426363164425,8.35978060553922,0.19853500139310742,0.5204503604228137,-0.03395411886369004,8.420668273041402,0.3889145954869612,-0.05416488135375281,0.3926683039855048,3.7120680569472797
1572,13.035718899998756,242.91540864808917,289.79234832625366,48.227210994355644,57.53392427866464,8.364665471693781,0.19853500139310742,0.5228476381999556,-0.03361476588408152,8.489325565568768,0.13282532540845954,0.032673068222673185,0.1367848546329111,4.653977142661538
1574,13.051748099998804,242.91086504093283,289.78789457312524,48.22630892930253,57.53304005278109,8.524121530977126,0.19853500139310742,0.5219455731468443,-0.03273054000052866,8.503057024074241,-0.06592799061259849,-0.007572226372890414,0.06636142372234921,7.819752063622376
1575,13.063154999999824,242.89655476120976,289.78568061349614,48.22346783789777,57.53260050430304,8.70175423783605,0.19853500139310742,0.5191044817420831,-0.03229099152247983,8.573085420267523,-0.13173027249215585,-0.01104134341281962,0.13219219324611212,8.488310384374676
1576,13.067685699999856,242.88171620495086,289.7910551631397,48.22052186511024,57.53366754052401,8.564963274325024,0.19853500139310742,0.516158508954554,-0.03335802774344643,8.647935215717116,-0.34616255469227003,-0.008412766472160174,0.3462647670653108,7.43078746634281
1577,13.07944739999948,242.8679586532885,289.7903617522107,48.217790509571785,57.533529874184254,8.70992258650563,0.19853500139310742,0.5134271534160959,-0.03322036140369278,8.692285408706976,-0.3580058650700432,-0.029721303139504066,0.3592374636432847,7.804783792956209
1578,13.084018699999433,242.85545554466978,289.78833445660734,48.21530820488476,57.53312738504882,8.738914448941753,0.19853500139310742,0.5109448487290678,-0.03281787226826083,8.737389730752213,-0.28638394211239515,-0.01570334270058779,0.2868141511010358,7.420781306708977
1580,13.09996669999964,242.84617818315076,289.7924616689188,48.21346632390265,57.533946781150824,8.74587249592642,0.19853500139310742,0.5091029677469621,-0.033637268370263484,8.780874096137822,-0.1134340620306934,-0.014259319708179646,0.11432678875628091,4.249658208787648
1581,13.111361499999475,242.85243657459628,289.7862272946711,48.214708833657006,57.532709039650875,8.927275848062237,0.19853500139310742,0.5103454775013176,-0.03239952687031433,8.828950051248285,-0.048885670173928156,-0.09361089041218754,0.10560685371753423,3.9573384304304033
1582,13.115997400000197,242.85744584408852,289.7915580443709,48.21570334898262,57.533767380049945,8.782385101253073,0.19853500139310742,0.5113399928269331,-0.03345786726938371,8.83203276395015,0.1000303563119251,-0.173430022394281,0.20021000187695795,3.0432812123812023
1584,13.131855699999505,242.8646760662443,289.8223147849998,48.217138801148394,57.53987366959355,8.950302362057936,0.19853500139310742,0.5127754449927053,-0.039564156812986084,8.868651655038297,0.14012731002062934,-0.20213611189311367,0.24595664403484394,4.94384177629224
1586,13.148031299999275,242.88109818523156,289.8476574151514,48.22039916656441,57.544905068706,8.754328012451069,0.19853500139310742,0.5160358104087237,-0.04459555592544007,8.954326721097724,0.019892171170716455,-0.07734457996122623,0.07986164613419637,8.323314018966713
1587,13.159081199999491,242.88582859293876,289.8585055403113,48.22133831806515,57.54705880124974,8.928966951367167,0.19853500139310742,0.5169749619094617,-0.04674928846917936,9.08946077941461,-0.10603444212807424,0.012301050756032793,0.10674557961393258,9.969632680740489
1588,13.163922599998841,242.87382760111555,289.8406410945505,48.21895570113681,57.54351208348573,9.355651178359372,0.19853500139310742,0.5145923449811178,-0.04320257070516931,9.19169408033371,-0.17786877342203355,0.09872703394607722,0.20343138349440726,11.404733931265662
1590,13.17983490000006,242.84055725638075,289.823013548634,48.21235037319853,57.54001239863264,9.458055392837501,0.19853500139310742,0.5079870170428435,-0.03970288585207982,9.333258790126822,-0.32408484024088363,0.19586882181731916,0.37867608722239615,11.236071440515591
1591,13.191080900000088,242.8253393568198,289.82034689301787,48.209329087488,57.53948297415618,9.461468866653437,0.19853500139310742,0.5049657313323124,-0.0391734613756185,9.43992301992724,-0.3787139791152468,0.24954858289386408,0.4535402663508934,8.805343627171933
1592,13.195871299998544,242.8125627139608,289.8161325606568,48.20679247668019,57.538646281675,9.462151561416626,0.19853500139310742,0.5024291205245035,-0.03833676889443893,9.461255865887324,-0.34708775447374735,0.13154942240850914,0.3711807643745035,6.217527410636426
1593,13.207126999999673,242.8018955613027,289.8119661845978,48.20467467351236,57.53781911019833,9.462288100369262,0.19853500139310742,0.5003113173566689,-0.03750959741776683,9.462109027137835,-0.27606804805673585,-0.01732659568053249,0.2766112399663702,4.548519082134671
1594,13.212337899998602,242.79312907221043,289.808223784919,48.20293421858821,57.53707611287288,9.46231540815979,0.19853500139310742,0.4985708624325227,-0.0367666000923208,9.504720607874267,-0.2527394177683035,-0.06062223180854292,0.25990819202808857,3.43982787716276
1596,13.22779040000023,242.78845835387838,289.8490426578221,48.20200691751765,57.54518008786157,9.462321199090065,0.19853500139310742,0.4976435613619614,-0.044870575081006336,9.513242924021554,-0.16347707581430898,-0.11515292991425419,0.1999623754225641,2.658166606170575
1597,13.23899149999852,242.77988207504185,289.85860008095943,48.20030422598689,57.54707757087745,9.674526770335591,0.19853500139310742,0.4959408698312018,-0.046768058096887444,9.557388488325229,-0.2580395809737843,-0.23556632386293286,0.3493936437421585,2.7241352413851994
1598,13.255193399998461,242.7730917040632,289.8665970417242,48.198956099675186,57.54866524749403,9.504763142153056,0.19853500139310742,0.49459274351949745,-0.04835573471346777,9.566217601185965,-0.16211523732782399,-0.2919782983137068,0.33396508329468316,1.0898824905532412
1599,13.259546399998726,242.75859961668962,289.8781864308412,48.19607891308828,57.55096614687851,9.683015921887643,0.19853500139310742,0.49171555693258995,-0.05065663409794752,9.567983357883678,-0.03163220222403593,-0.24229619418853438,0.24435229062930894,6.14065408001721
1600,13.271098899998833,242.76707299987552,289.88630228397983,48.1977611762309,57.5525774277927,9.506460972463467,0.19853500139310742,0.4933978200752094,-0.05226791501213768,9.568054173892033,-0.025059329150033144,-0.36126592548164377,0.3621340068145469,6.527480776340681
1601,13.27552139999898,242.78026922653137,289.89245112031136,48.200381089108404,57.553798187022345,9.47114998257863,0.19853500139310742,0.49601773295271556,-0.05348867424178394,9.682178444515579,-0.08264029193857153,-0.43354353711244437,0.44134953996085885,9.806102977089672
1603,13.291604599999118,242.77061722186085,289.9543625608642,48.198464828347696,57.56608977495875,9.674880850377365,0.19853500139310742,0.49410147219200695,-0.06578026217818689,9.776672304987944,-0.019599391599889646,-0.5382577936991524,0.5386145083721429,20.685831605828724
1604,13.30297470000005,242.749363595016,289.9806713286926,48.19424523951244,57.57131298621621,10.075384495270786,0.19853500139310742,0.48988188335675176,-0.07100347343565261,9.969259673441591,-0.09304259838147194,-0.6428087370807316,0.649507503868047,23.743723883817456
1605,13.307536999998774,242.7414180471915,290.0048495338333,48.192667770164036,57.5761132062075,10.155485224249471,0.19853500139310742,0.488304414008347,-0.07580369342694127,10.219293260413572,-0.297481060048746,-0.6407104640863794,0.7064027745397872,22.875540691871592
1607,13.323654499999975,242.72342831911158,290.05861074356966,48.189096179474625,57.58678668805741,10.469397814731698,0.19853500139310742,0.48473282331893586,-0.08647717527684762,10.465819953520011,-0.4078570633824976,-0.6831817595616406,0.7956661993252786,35.0041314207364
1608,13.33500769999955,242.69885100677985,290.0737957522987,48.18421672273661,57.58980144378658,10.721317917438528,0.19853500139310742,0.4798533665809188,-0.08949193100601605,10.70951024907126,-0.3636709112800641,-0.8220439858700648,0.8988953478667111,36.882660267344264
1609,13.339571599999545,242.68342552024964,290.09624587410985,48.181154223746844,57.594258578751635,10.90751431590958,0.19853500139310742,0.47679086759115563,-0.09394906597107422,11.01309297370885,-0.2324487761383238,-0.8268921379974785,0.8589429791378735,34.695324767207225
1611,13.355588599999464,242.67130944718846,290.1893211074883,48.17874875916476,57.612737270340084,11.29383597302701,0.19853500139310742,0.47438540300907306,-0.11242775755952295,11.434831768224463,0.0007732622005714729,-1.28794986796577,1.2879501000921871,69.44512846933831
1612,13.367507599999954,242.68994116184595,290.25394191017284,48.18244780666024,57.625566761491086,11.673398847437435,0.19853500139310742,0.4780844505045536,-0.12525724871052546,11.957689775724688,0.20199491145632464,-1.7067999189378296,1.7187111181174193,77.0990872242918
1613,13.371842399999878,242.71056359856695,290.3187345009807,48.18654208216338,57.63843035859739,12.578091787309752,0.19853500139310742,0.48217872600768885,-0.13812084581682882,12.777160350401038,0.5395620773778663,-2.027432978455228,2.098001839244226,77.20362647601497
1615,13.387629999999263,242.75639295196123,290.5063863604129,48.195640812903356,57.67568582077117,13.335607954939658,0.19853500139310742,0.49127745674766743,-0.17537630799061077,13.720220838972761,0.680918786181375,-2.176731506447665,2.2807477818769524,91.82172997634372
1617,13.403774299998986,242.8390769658086,290.7161660542641,48.212056483707734,57.71733443258217,15.004867189291337,0.19853500139310742,0.5076931275520451,-0.21702491980160943,14.802550282878508,1.0344002315526795,-2.94477524143382,3.1211672594716626,131.4332046201206
1618,13.41501309999876,242.8705854340791,290.82373298085116,48.218312017499706,57.73869023250199,16.009138415885612,0.19853500139310742,0.513948661344017,-0.23838071972142671,15.919925442899894,1.0976404017801036,-2.737116727645905,2.949003633836184,107.66199614739851
1619,13.419184099999256,242.91423678210376,290.9270254693339,48.226978337940594,57.7591974068468,17.085046066966186,0.19853500139310742,0.5226149817849048,-0.25888789406624113,16.9289945353891,1.8006089082214263,-3.4889327894837634,3.926174276557437,134.23027446687257
1620,13.431218399999125,242.99065560055524,291.04396645034126,48.24215014816832,57.78241428467401,18.164967587416676,0.19853500139310742,0.537786792012632,-0.28210477189345085,17.77366481283954,1.8499460381346953,-3.3769339203984736,3.850452317163278,133.87576255417972
1621,13.435664799999358,243.0822815148849,291.1810050403197,48.260341099197404,57.80962124132629,18.38095341738568,0.19853500139310742,0.5559777430417157,-0.30931172854572964,18.62993315788041,2.3308391894092364,-4.012334385733141,4.640219666117376,143.24286072542014
1622,13.447318399999858,243.15644608062553,291.29956186799006,48.27506536136004,57.83315892127299,19.228218576543544,0.19853500139310742,0.5707020052043532,-0.3328494084924287,19.390545042220616,2.218709099999334,-3.397270157812068,4.057599610062616,108.43833223629677
1623,13.45204129999911,243.2268861783595,291.420341821978,48.28905018626178,57.85713796960625,20.290480141089958,0.19853500139310742,0.5846868301060937,-0.35682845682568853,20.08130084194022,2.6613570264463617,-3.9307763856566305,4.746980536746619,127.35412429893589
1624,13.463372000000163,243.31346974405278,291.52542694719375,48.30624005459732,57.878001045087345,20.88810548866721,0.19853500139310742,0.6018766984416288,-0.377691532306784,20.850681860282577,2.132192922092206,-3.1848343037478335,3.832677419161316,101.78437442122193
1625,13.467955699999948,243.3936750532007,291.6315551010563,48.322163615760736,57.89907119826229,21.618746586014694,0.19853500139310742,0.6178002596050476,-0.3987616854817304,21.60592677732995,1.9664094884629335,-3.0294174161002534,3.611666673059488,96.28474307010238
1626,13.478709799999706,243.47196536364197,291.76096952477576,48.33770698265326,57.924764491055726,22.22785850909747,0.19853500139310742,0.6333436264975703,-0.42445497827516476,22.302006278317556,1.794640786818193,-3.0270625930497803,3.5190685551652274,93.4746231294574
1627,13.495561699999598,243.50885285214096,291.86645087728766,48.3450304402338,57.94570623152362,23.00444316178043,0.19853500139310742,0.6406670840781103,-0.4453967187430621,22.938506724413514,1.6382260426638,-3.048008887691012,3.460367429378749,90.73523705826722
1628,13.500123499999972,243.55715629775204,291.9828404414899,48.35462036487549,57.968813633814655,23.770877646027962,0.19853500139310742,0.6502570087197981,-0.4685041210340941,23.541604543124894,0.9651389578772485,-2.7300716987842426,2.8956492689058635,79.89872675136365
1629,13.511103699998785,243.5978080563716,292.09046719045057,48.36269116182965,57.990181310569504,24.070607719147002,0.19853500139310742,0.658327805673963,-0.4898717977889433,24.136790757257796,0.6301623709380144,-2.5605100473913076,2.6369141655613397,77.53806619365977
1630,13.517050899999958,243.60105876458118,292.1805452644095,48.363336541188566,58.008064961108424,24.63423567957159,0.19853500139310742,0.6589731850328775,-0.5077554483278632,24.79446172811172,0.5706424845768516,-2.5392530971369007,2.602583166110813,96.58836906739035
1631,13.527404399999796,243.58908839109648,292.2609261110242,48.36096000307211,58.02402337260306,25.203789579761978,0.19853500139310742,0.6565966469164195,-0.5237138598225002,25.342406139567665,0.04256737877638389,-1.7978872004801472,1.7983910496291493,86.49121038261423
1632,13.532438599999296,243.59256170959054,292.28974172062715,48.361649578364165,58.02974427969572,26.292798016050057,0.19853500139310742,0.6572862222084765,-0.5294347669151591,26.012064296761196,-0.619918472400352,-2.4486377702309694,2.525891098647145,118.46165916026288
1633,13.543395099999543,243.5628628700246,292.364717534649,48.35575331920956,58.044629603036995,26.51059970330767,0.19853500139310742,0.6513899630538731,-0.5443200902564342,26.90743291187607,-0.9601741366512144,-2.74315902598811,2.906347504094089,108.81574064826935
1634,13.548058200000014,243.5023261301038,292.48684741344744,48.343734657465056,58.068876658694386,27.41889850511466,0.19853500139310742,0.6393713013093674,-0.5685671459138248,27.905605145641236,-1.2749366643178308,-3.143439639667002,3.392149210493502,116.88201358285077
1636,13.563741799998752,243.37650341535806,292.8407268830182,48.318754444617724,58.13913411967861,29.111078755145996,0.19853500139310742,0.6143910884620354,-0.6388246068980479,28.88356204112474,-2.486650260817627,-4.681600168653169,5.301019681038522,136.21136075435078
1637,13.575499900000068,243.26970111018716,293.0505442695827,48.29755044881183,58.18079021481249,30.194650748587797,0.19853500139310742,0.5931870926561444,-0.6804807020319288,29.980063149225348,-2.8003676985000707,-5.257475011983733,5.95676948928158,135.7103080332485
1638,13.580201299999317,243.12947514326945,293.2595766801886,48.26971068627448,58.22229046474334,31.182582493467564,0.19853500139310742,0.5653473301187901,-0.7219809519627773,31.059826627681407,-3.175811645253405,-6.069422594071209,6.850085417828688,132.00400301900524
1639,13.591321699999753,243.01147187419627,293.4969544117464,48.24628290708464,58.26941825300886,31.993105243810703,0.19853500139310742,0.5419195509289523,-0.7691087402282974,31.940729668798003,-3.253843783831746,-5.929974628350281,6.764029750264153,136.41236185040145
1640,13.595926799998779,242.90814522074635,293.711732499421,48.22576894979802,58.31205922094454,32.817715897394955,0.19853500139310742,0.5214055936423279,-0.8117497081639797,32.84114703239241,-4.064184148794082,-6.880307925172688,7.991009319260188,155.6501536598351
1641,13.607206399999995,242.79548723292095,293.9266284983904,48.20340239602815,58.35472359839931,33.51559396072899,0.19853500139310742,0.49903903987246423,-0.8544140856187497,33.79311343968161,-3.4804513071106125,-5.802322719570254,6.766128157462665,128.18967860967598
1642,13.61215909999919,242.64942570227322,294.13354311092576,48.17440406983753,58.39580339128727,34.69673756655986,0.19853500139310742,0.47004071368183986,-0.8954938785067057,34.73137232172539,-4.78566152835241,-7.05451097646977,8.524592739895835,164.68192581286678
1643,13.623082899999645,242.48419861917182,294.32266953017285,48.141600710663816,58.43335160519596,35.942414529913535,0.19853500139310742,0.4372373545081274,-0.9330420924153984,35.74036137840758,-4.7068390727666864,-6.061211182196459,7.67415239958828,150.2806081780559
1644,13.627442999999403,242.29461075098436,294.55323970920335,48.1039608829891,58.47912785601099,36.68439965402958,0.19853500139310742,0.39959752683341065,-0.9788183432304294,36.88129615263464,-6.833447182465364,-7.602172388251917,10.221987351598694,200.7358615757298
1645,13.638644399999976,242.0655159384785,294.795452566461,48.0584775440691,58.527215585964065,37.862661180805915,0.19853500139310742,0.3541141879134102,-1.026906073183504,38.26488790600102,-7.091981727015928,-7.395299266829727,10.24629962778271,183.42698143169972
1646,13.642924799998582,241.79351674096728,295.0431166816543,48.00447618301228,58.57638558141899,39.220267831864305,0.19853500139310742,0.3001128268565907,-1.0760760686384288,39.70598491878367,-7.617882323709114,-7.692052861930455,10.825886029725801,189.40212149048375
1648,13.658367399999406,241.23754683793643,295.60782403454675,47.894096697539524,58.68849975651219,41.61469633339176,0.19853500139310742,0.18973334138383535,-1.1881902437316327,41.29502097173083,-10.162303142640873,-8.591576018306196,13.307425883365374,214.92973352324577
1649,13.669923599998583,240.90969798878098,295.8942655789492,47.82900722581572,58.74536842892918,43.14789959382679,0.19853500139310742,0.1246438696600336,-1.245058916148622,42.70767193232025,-10.53379901856303,-8.768469141279343,13.705727738615252,211.62678740744042
1650,13.673756899999717,240.49737917859173,296.1838172492295,47.74714751026039,58.80285457019165,44.62957991876536,0.19853500139310742,0.0427841541047016,-1.3025450574110877,44.20003061564909,-11.662030544796767,-9.641282370328947,15.13133444783336,212.01558680581485
1651,13.686416099999406,240.1200303720405,296.51394900224875,47.67223056442606,58.86839727823724,44.92591598375307,0.19853500139310742,-0.03213279172963013,-1.3680877654566785,45.55462587410638,-11.53858555105325,-9.220237813272536,14.769960793863861,213.7802467883649
1652,13.69045670000014,239.7484600466234,296.83655609821847,47.59846084935173,58.932446078485015,46.68206124850843,0.19853500139310742,-0.10590250680395741,-1.4321365657044538,46.92284350978222,-11.371853108211058,-9.021388790172377,14.515663912414661,206.33214819848405
1653,13.701985899999272,239.36922484441953,297.1359044664491,47.52316938795388,58.99187720718871,48.387672625678256,0.19853500139310742,-0.18119396820181066,-1.4915676944081468,48.210918189261136,-11.675242088064653,-9.317376097473016,14.93736172008557,206.48495120973888
1654,13.718428199999835,238.97179992448378,297.46111539883884,47.44426663092077,59.05644296010376,49.988987772205974,0.19853500139310742,-0.26009672523491645,-1.556133447323198,49.60853556656318,-11.749218212444022,-9.328253407803526,15.002014539515166,205.61800739584157
1655,13.721955099999832,238.56549026432407,297.7538133956082,47.36359994197493,59.114553757300115,51.06995331615995,0.19853500139310742,-0.3407634141807563,-1.6142442445195542,50.98430293850795,-12.040270196499964,-9.057154463684654,15.06652426353763,197.0466700832743
1656,13.734287600000243,238.17490375504588,298.0788036906989,47.28605484881126,59.1790757059887,51.91400287026324,0.19853500139310742,-0.4183085073444275,-1.6787661932081406,52.25048180352191,-12.218064057995884,-9.114768188385325,15.243362111204075,197.78147128890004
1657,13.738594700000249,237.74725529667163,298.3932818552919,47.201151661532165,59.24151062883427,53.56089810823234,0.19853500139310742,-0.5032116946235234,-1.741201116053709,53.52435295250126,-15.424187727441819,-11.485214470760145,19.230593295338682,243.8918127825716
1658,13.750028999998904,237.31994294404095,298.70675704829563,47.116315203007346,59.30374642671397,54.718566950748034,0.19853500139310742,-0.5880481531483426,-1.8034369139334103,54.84383482389869,-12.189225544330583,-9.083957426077033,15.201825610410786,187.03638998900198
1659,13.754043199998705,236.8987914305903,299.02579509703486,47.03270188669771,59.36708664616487,56.35834351710274,0.19853500139310742,-0.6716614694579803,-1.8667771333843106,56.110527829037565,-15.016879500145079,-10.31500270799256,18.21828616494349,222.83395450021465
1660,13.76593849999881,236.49753645017688,299.2936268138095,46.953038728602344,59.420260616427846,57.66736267314711,0.19853500139310742,-0.7513246275533447,-1.9199511036472856,57.369065404674714,-12.361993488048148,-8.162527948414587,14.813701276426295,180.32247248178078
1661,13.770204999998896,236.0585805847122,299.53833437679225,46.865890625240795,59.46884363278553,58.247467895957556,0.19853500139310742,-0.8384727309148943,-1.9685341200049677,58.5707588817162,-14.520063658909875,-8.925125856786211,17.043770715961564,199.50324438631472
1662,13.782575799999904,235.6574292648304,299.77096665083866,46.786248047389215,59.51502928163741,59.85358598641808,0.19853500139310742,-0.918115308766474,-2.0147197688568497,59.60005082419482,-11.74823286382318,-6.38857410183706,13.372914958126302,154.213488782958
1663,13.786921599999914,235.2588282939908,299.9735720460104,46.70711180308828,59.55525354405009,60.727034335955494,0.19853500139310742,-0.9972515530674073,-2.054944031269528,60.51832132206554,-14.564818426635995,-7.207989787502833,16.250816981851113,178.43428489455695
1664,13.79803720000018,234.86857822828284,300.14692694704945,46.6296335057493,59.58967055956938,61.50480322949579,0.19853500139310742,-1.074729850406392,-2.0893610467888166,61.508768634530306,-11.570711870328763,-5.255612369092,12.70837655093363,133.77283576508697
1665,13.801677100000234,234.48760277850624,300.3039970565866,46.553996544297156,59.62085447398515,62.25871516250073,0.19853500139310742,-1.1503668118585324,-2.120544961204587,62.33468097299982,-12.923506818411898,-5.163780992405517,13.916955939538909,147.07713738955198
1666,13.814090399999259,234.14649404789805,300.4056119960802,46.48627452199066,59.64102859613907,63.1997044582814,0.19853500139310742,-1.2180888341650302,-2.140719083358512,63.05900528639685,-10.264742632256695,-3.4263235708730995,10.821489477830152,115.66253784615482
1667,13.818825499998638,233.8316254956171,300.48370432958643,46.423762093524914,59.65653265768052,63.98314767876566,0.19853500139310742,-1.2806012626307748,-2.156223144899961,63.76796743911531,-11.580995196478545,-3.047484484019674,11.975249952347541,126.27878639566518
1668,13.830613000000085,233.53975070373826,300.51746386315835,46.36581473131264,59.66323510672525,64.34865590294064,0.19853500139310742,-1.3385486248430496,-2.162925593944692,64.40717625149495,-8.433381897193737,-1.364175000775092,8.543003198913995,89.88315664564843
1669,13.834815599999274,233.25289193008496,300.54290966696146,46.30886322428575,59.66828698941875,65.04961399308813,0.19853500139310742,-1.3955001318699374,-2.1679774766381925,65.00472504522087,-10.110057523455522,-1.1831059688859789,10.179047247222758,108.16214197690273
1670,13.846814900000027,232.94816408359546,300.55201769994346,46.248364080858444,59.67009525275952,65.45475922439888,0.19853500139310742,-1.4559992752972448,-2.1697857399789626,65.54381854420043,-8.48404831723241,-0.5388660464457573,8.501144185646199,92.38540514010955
1671,13.850826399999278,232.66854050210003,300.56656277459524,46.1928490127167,59.672982959175776,66.18744842691103,0.19853500139310742,-1.5115143434389893,-2.1726734463952155,66.14452298618384,-10.519339877223127,-0.7975426963100034,10.549530122473422,126.67032176983211
1672,13.862628400000176,232.36704052103283,300.5697183914027,46.1329907135555,59.673609459563046,66.67861517366346,0.19853500139310742,-1.5713726426001884,-2.1732999467824854,66.9805904640316,-9.187447376207459,-0.7160634360807409,9.215309877322252,108.59416535607261
1673,13.866360999998506,232.0832915023285,300.6047251300772,46.07665660173175,59.68055952247455,67.3521781128577,0.19853500139310742,-1.62770675442394,-2.1802500096939923,67.82286011194489,-9.313990363190122,-0.7354717514517548,9.342983205742263,116.2707194856964
1675,13.88335779999943,231.49325713338527,300.6727593098876,45.95951412747162,59.694066688457994,69.22995138232682,0.19853500139310742,-1.7448492286840676,-2.1937571756774332,68.70337458840254,-9.578905338389195,-0.7113306937231687,9.60528077869948,132.94033895883354
1676,13.89462039999853,231.1713451366178,300.6868131795227,45.89560332874493,59.696856873485565,69.66610746396537,0.19853500139310742,-1.8087600274107558,-2.1965473607050043,69.64166010088157,-9.80439386654377,-0.8802038493245518,9.843825369574922,131.9542789760297
1677,13.898825899999792,230.85014066647867,300.69950480855255,45.831832998818385,59.69937660607269,70.59002080919933,0.19853500139310742,-1.872530357337304,-2.199067093292129,70.6219356115805,-10.010075333719673,-1.0828043659361015,10.06846927202111,128.26453951257645
1678,13.909988699999303,230.50157859313333,300.7499647031147,45.76263122710119,59.70939466130989,71.37004273605862,0.19853500139310742,-1.9417321290545004,-2.2090851485293257,71.35768546215986,-9.909659613584864,-1.1277708264829454,9.973626255990393,131.61397415953476
1679,13.914237499999217,230.15657979842982,300.8114917250951,45.6941368909141,59.721609928704474,72.25355566635236,0.19853500139310742,-2.010226465241587,-2.2213004159239134,72.2380519850101,-9.766811015737789,-1.1742242195934722,9.837143891141215,125.72959341069682
1680,13.925964299998668,229.77914662807424,300.8717114322503,45.61920319591176,59.73356564834843,72.9087006352236,0.19853500139310742,-2.0851601602439302,-2.2332561355678706,73.04194633450203,-10.15701561378721,-1.5787096800721787,10.278973218793343,116.32731676624914
1681,13.942008199999691,229.37829266898146,300.91050140542586,45.53961965458484,59.741266815726874,74.0679400782166,0.19853500139310742,-2.164743701570849,-2.2409573029463132,73.9065191497129,-10.380382927572844,-1.7073427330099236,10.519855936799114,119.64593281625321
1682,13.946833299998616,228.96234813062426,300.97421501200097,45.45704010508263,59.75391619669703,74.60949255665895,0.19853500139310742,-2.2473232510730554,-2.253606683916466,74.80438488463008,-11.394363175064726,-2.0049801760838752,11.569419072354517,123.7803179155677
1683,13.958176999998614,228.54432467303693,301.0622411919651,45.374047817348185,59.77139247445883,75.69290681211305,0.19853500139310742,-2.330315538807504,-2.2710829616782675,75.74028493591041,-11.58586688147873,-2.119214497179258,11.778089041962637,123.83395372861628
1684,13.96204029999899,228.13197273930416,301.14714446547174,45.2921815256101,59.788248745982756,76.74288434093823,0.19853500139310742,-2.4121818305455918,-2.287939233202195,76.62063633288521,-14.040561263105722,-2.602422782417113,14.27970465105874,152.56670825047377
1685,13.97377090000009,227.69784151246276,301.2411318194929,45.205991281884344,59.806908525444285,77.58820089162515,0.19853500139310742,-2.4983720742713444,-2.3065990126637246,77.42793708103017,-12.136322951575009,-2.4971011054556636,12.390554818723585,129.76705069340235
1686,13.978689300000042,227.27089973968796,301.31287694901386,45.121228396431725,59.82115244483367,78.46969706309065,0.19853500139310742,-2.5831349597239637,-2.320842932053111,78.3995754533154,-15.416311298983498,-3.0502092731635417,15.715165626784184,163.92856690043462
1687,13.990312500000073,226.8263461507423,301.4355266713355,45.03296894903109,59.84550270762566,78.64599629738376,0.19853500139310742,-2.671394407124602,-2.345193194845102,79.23742241488183,-12.605069783634328,-2.4859247121951125,12.847863866222802,132.62315991597822
1688,13.993775499999174,226.4126717427637,301.510637954455,44.95084009986677,59.860414926324424,80.55109867353926,0.19853500139310742,-2.753523256288922,-2.360105413543863,80.11464024469512,-15.494951676585712,-2.692815975313289,15.727198903066904,168.62248162209693
1689,14.005619199999273,225.98705618031983,301.60261218636765,44.86634051358404,59.87867503058534,80.93211914877035,0.19853500139310742,-2.8380228425716467,-2.378365517804781,80.9596699922984,-13.424666703076635,-2.2773478616024834,13.616460236472616,140.4150717806941
1690,14.009494199999608,225.56162534268736,301.6538497629005,44.78187760164201,59.88884748291367,81.97429004069159,0.19853500139310742,-2.92248575451368,-2.3885379701331075,81.92383463322531,-16.48162033267823,-2.346693248613863,16.64784604667049,168.63616829119715
1691,14.022141499999634,225.12319442160936,301.7060039446314,44.69483371811501,59.89920191345627,82.69484580110706,0.19853500139310742,-3.009529638040682,-2.398892400675706,82.63859261023883,-13.180215138312919,-1.672323467705937,13.285884873536013,132.7011909492068
1692,14.025970900000175,224.6819140228828,301.7531001072516,44.60722411353908,59.90855215016768,83.4668195020183,0.19853500139310742,-3.0971392426166062,-2.4082426373871186,83.45498048493839,-16.115688168748903,-1.7550526613362276,16.210972055876745,159.49091283695716
1693,14.03815140000006,224.2396237083574,301.8104216332582,44.51941400532862,59.91993247941326,84.12488855860678,0.19853500139310742,-3.1849493508270683,-2.4196229666327014,84.35191162433144,-13.204097321145007,-1.2535653287829287,13.263469082400555,-366.08754659626777
1694,14.042099899999812,223.80582420101513,301.84931103575593,44.433289619534094,59.92765338699232,85.01405852226824,0.19853500139310742,-3.271073736621595,-2.4273438742117577,85.16252710025692,-15.739791893407148,-1.0838835313924962,15.777067292668471,-1893.6597939833523
1695,14.053710899999714,223.38246725020497,301.85619525161474,44.34923844671522,59.92902014479744,86.45894573765678,0.19853500139310742,-3.3551249094404696,-2.4287106320168803,57.53908012708265,-12.217455952106956,-0.4897668561076934,12.227268767595456,-2512.6830858401345
1696,14.05811790000007,222.94826268657468,301.8555359344857,44.26303364306998,59.92888924727031,86.74792318073449,0.19853500139310742,-3.4413297130857075,-2.4285797344897517,24.128085800807163,-13.281366023844424,0.11895528874655159,13.281898727969951,-4430.8342218439175
1697,14.070165399998587,222.62868249293274,301.8234420890902,44.19958578888007,59.92251749563,-54.6504153638531,0.19853500139310742,-3.5047775672756174,-2.422207982849436,-10.591929226557319,-9.716804537252433,0.6382521320123282,9.737743896775461,-5045.720598476342
1698,14.073867699999028,222.39504751532303,301.78410759258503,44.153201068274846,59.91470822131155,-82.93008307277063,0.19853500139310742,-3.5511622878808424,-2.414398708530989,-45.82715903867084,-10.44689257219211,1.0767011454015805,10.502230704542335,-4958.558461553347
1699,14.086184399999183,222.14757093034444,301.74433622431815,44.10406830413137,59.90681221265728,-88.58601661455413,0.19853500139310742,-3.6002950520243218,-2.406502699876718,-81.16543180773418,-7.001214953988897,1.4582974093347554,7.151478320321624,-3465.406326837336
1700,14.089821399998982,221.94808658024238,301.7063324691655,44.06446367840595,59.8992671370751,-89.71720332291082,0.19853500139310742,-3.6398996777497388,-2.398957624294539,-88.23308636154684,-7.7518249261239305,2.640193605566714,8.189103245175973,-2903.5164538194604
1701,14.10205379999934,221.80437393998247,301.58694536094373,44.03593168917174,59.875564617377975,-89.94344066458217,0.19853500139310742,-3.668431666983949,-2.3752551045974144,-89.64697925205604,-5.863037165738241,2.7558747964512103,6.478429647726593,-1000.8029358129999
1702,14.105955399998493,221.6271226903179,301.46041889638826,44.00074111207265,59.85044468556119,-89.98868813291644,0.19853500139310742,-3.7036222440830358,-2.3501351727806323,-89.92975783015788,-5.270734380580157,2.903013289399512,6.017318926985661,-427.16083177834565
1704,14.121880099999544,221.3796969534232,301.2448349121034,43.951618443053576,59.80764371894086,-89.99954752531666,0.19853500139310742,-3.752744913102113,-2.3073342061602986,-89.98631354577824,-3.396079956041601,3.1903135047263773,4.659555700521995,-38.62157111892798
1705,14.134117699999479,221.31635597053355,301.1599712402329,43.93904304092734,59.79079530972783,-89.99990950506333,0.19853500139310742,-3.765320315228351,-2.290485796947266,-89.99762468890233,-2.9423260816811845,2.9968973280757085,4.199842421564012,-8.97089815350377
1706,14.13809609999953,221.2859752841373,301.08961439208946,43.933011411311334,59.776827012783656,-89.99998190101266,0.19853500139310742,-3.771351944844355,-2.276517500003095,-89.99988691752715,-0.976153965120103,2.1390555056520317,2.351262431095255,27.465571729568694
1707,14.149779299999864,221.28222532738198,301.0324972869872,43.93226691364169,59.765487268242616,-89.99999638020253,0.19853500139310742,-3.7720964425139982,-2.265177755462055,-89.61822632301958,-0.32544310480981065,1.871146312330748,1.899237145966034,37.564204945477094
1708,14.153954899999007,221.29928939458964,300.98729607467646,43.93565472824854,59.75651324549353,-89.99999927604051,0.19853500139310742,-3.768708627907152,-2.2562037327129687,-89.16014314363224,-0.08979977688372646,1.8097740499374333,1.812000582713843,45.44525525198008
1709,14.165912799999205,221.30946056275874,300.9060952589035,43.93767406113516,59.740392041420925,-88.0912445527789,0.19853500139310742,-3.7666892950205266,-2.2400825286403645,-88.59881875171229,0.6825168588809203,2.1583294622862033,2.2636729733840375,79.73696629473972
1710,14.181694999999308,221.32143328644165,300.8210443835735,43.94005106584822,59.7235064657688,-87.70949360812658,0.19853500139310742,-3.7643122903074655,-2.223196952988239,-87.99150458743962,0.8636953640085543,2.2489799472276726,2.4091244228644677,77.44368650685806
1711,14.185557699998753,221.36706715339753,300.71882615936994,43.94911098568788,59.70321257048414,-87.19335994141292,0.19853500139310742,-3.755252370467808,-2.2029030577035797,-87.33140806470472,1.2991066380106604,2.5267692752886597,2.841168954403476,69.1023685661342
1712,14.197775999999067,221.41889615236306,300.6311988494128,43.959400856069706,59.685815482379724,-86.96342555883922,0.19853500139310742,-3.7449625000859825,-2.1855059695991628,-87.07236700875393,1.422075975077021,2.435166492730655,2.819988639375943,63.328498839962364
1713,14.201338899998518,221.47252570435052,300.5677041923337,43.97004819924825,59.67320957054807,-86.699516662366,0.19853500139310742,-3.734315156907442,-2.1729000577675066,-86.83009634181425,1.863055309787706,2.622657540101815,3.2170339848968132,67.26608351700227
1714,14.214200799999162,221.5232980520642,300.5100367048217,43.98012828737232,59.66176055583454,-86.79603927302496,0.19853500139310742,-3.724235068783372,-2.1614510430539795,-86.597651310294,1.497866677564865,1.720907978829457,2.2814751489678984,36.96632065497353
1715,14.217727399998694,221.56513924079925,300.4743795985687,43.98843522783612,59.65468137219493,-86.49814027342823,0.19853500139310742,-3.715928128319568,-2.1543718594143684,-86.39251293570382,1.4559885927434355,1.9492707969885292,2.4330144722527454,48.425833071120614
1716,14.229806199999075,221.59674821962363,300.4290502219078,43.994710716491056,59.645681904336406,-86.03113478381164,0.19853500139310742,-3.7096526396646325,-2.1453723915558456,-86.15829155808805,0.8947968782773247,1.3414054826813375,1.6124608901745174,38.323201225791486
1717,14.233369899999161,221.60810658005238,300.38299650323086,43.9969657485946,59.63653862923472,-85.9377336858883,0.19853500139310742,-3.7073976075610915,-2.1362291164541602,-85.87854597641254,0.8048376377631802,1.4066635464979438,1.620637515364367,41.848532059679705
1718,14.246261499998582,221.61995267040373,300.35060905012415,43.999317612159004,59.63010858618706,-85.52840977428704,0.19853500139310742,-3.705045743996685,-2.1297990734065024,-85.6531362582708,0.31355957544329516,1.0944740935408461,1.1385047864564453,32.2829507594174
1719,14.249988699999449,221.62622153552087,300.32777219661307,44.00056220130377,59.625574671443424,-85.39731136464746,0.19853500139310742,-3.7038011548519165,-2.125265158662863,-85.52007885077526,0.14437532106054643,1.3216593044533116,1.329521549422704,31.266365827950324
1720,14.263052799999059,221.6195833379818,300.29839660139936,43.999244286746105,59.61974258760675,-85.37109168271954,0.19853500139310742,-3.7051190694095837,-2.1194330748261905,-85.38498332996953,-0.025926532365540232,0.8819374016119484,0.8823184036630635,18.344096153245733
1721,14.26706269999886,221.61299138503256,300.2604054247639,43.99793555335814,59.6122000093005,-85.36584774633396,0.19853500139310742,-3.706427802797549,-2.1118904965199405,-85.32760892490505,-0.31905067854337904,1.1486074509169557,1.1920958064605953,27.759647379880274
1722,14.278166899999633,221.60075761188313,300.2398755261129,43.995506721188875,59.608124105843224,-85.26225608185958,0.19853500139310742,-3.708856634966814,-2.1078145930626633,-85.17340172882868,-0.3737859589044028,1.0457607637865987,1.1105545993554815,24.689648711304308
1723,14.281793599999219,221.57731724110556,300.20640748016103,43.990852987143896,59.60147952729355,-85.2415377489647,0.19853500139310742,-3.713510369011793,-2.101170014512988,-84.93925195526282,-0.4024804667390381,1.2946843744863794,1.3558016653056824,37.05333210258923
1724,14.29408599999988,221.58104729733694,300.16292999504026,43.99159353386299,59.59284772472452,-84.6262753842656,0.19853500139310742,-3.7127698222926995,-2.0925382119439604,-84.68911351361118,-0.37678135166219545,1.062579184855157,1.1274035262708029,39.783191163363874
1725,14.298274999999194,221.57589155455884,300.12724983274444,43.99056993846336,59.58576396365342,-84.20034281489023,0.19853500139310742,-3.7137934176923295,-2.0854544508728594,-84.3868378241822,-0.4537349199731626,1.4993278658373486,1.5664799478063645,50.34621683113663
1726,14.310843499999464,221.5633645207198,300.0816400338697,43.988082883782674,59.57670882217028,-84.11515553807571,0.19853500139310742,-3.7162804723730147,-2.0763993093897213,-84.03545418898196,-0.24360155894865446,1.271365227371388,1.2944926654451603,41.41625382348279
1727,14.314426299999468,221.55247366802175,300.0356077623737,43.9859206683271,59.56756980508469,-83.75087763471475,0.19853500139310742,-3.718442687828592,-2.067260292304127,-83.79647278054543,-0.5124197868984176,1.5407735566743752,1.6237478840485131,51.43455413758918
1728,14.326620199999525,221.5381924221324,299.99308620573015,43.983085341154556,59.55912778777723,-83.48461957296347,0.19853500139310742,-3.7212780150011326,-2.0588182749966677,-83.5536562809626,-0.500438495429864,1.3832142840010122,1.470959021581682,39.89464157477391
1729,14.330078199998752,221.51583091192958,299.9573932555341,43.97864579869529,59.552041487860336,-83.43136834208292,0.19853500139310742,-3.725717557460399,-2.0517319750797753,-83.31007291573843,-0.5428974207761145,1.6544482983738744,1.7412457556237044,44.49331438030774
1730,14.342131499999596,221.5046329293984,299.902556321696,43.97642260721786,59.5411544371244,-82.98626031697616,0.19853500139310742,-3.727940748937826,-2.040844924343837,-83.13578426698557,-0.4363048299317058,1.278216108898696,1.3506288630374585,34.955546342634165
1731,14.34599579999849,221.49664926018164,299.8621365779826,43.97483756943879,59.53312970324994,-82.8972387119548,0.19853500139310742,-3.7295257867168985,-2.03282019046938,-82.9388949057653,-0.459327811105569,1.493678650601535,1.5627085298666081,39.34829881144921
1732,14.35802369999874,221.49237596860985,299.821567469691,43.97398917149063,59.525075315278755,-82.87943439095054,0.19853500139310742,-3.7303741846650595,-2.0247658024981945,-82.71020154279859,-0.20274694042349195,1.1895146425722511,1.2066695515943366,30.04714005960079
1733,14.362104299998464,221.48523083297277,299.7851953342196,43.97257061197697,59.51785417331227,-82.50017276686198,0.19853500139310742,-3.731792744178719,-2.017544660531712,-82.53931943758803,-0.3310666989309339,1.3097030012210722,1.3508986307449236,39.22899994608167
1734,14.374369299999671,221.48517260692483,299.7525503594338,43.97255905206846,59.5113730031977,-82.28790152724936,0.19853500139310742,-3.731804304087227,-2.0110634904171363,-82.24575985309379,-0.29290746635383674,1.0841420924955198,1.1230132949196943,35.18078824828608
1735,14.378630600000179,221.4674425963113,299.72026497022955,43.969039024386596,59.50496322340705,-82.1318497909235,0.19853500139310742,-3.7353243317690925,-2.004653710626492,-81.98850888895372,-0.3880500963540954,1.0117007889941252,1.0835688089511244,35.65631835743906
1736,14.390036699998745,221.45483901211492,299.66575349841673,43.96653677178062,59.494140788274755,-81.42944078948352,0.19853500139310742,-3.737826584375071,-1.9938312754941947,-81.63822996077415,-0.37281232284122945,1.0384267667474156,1.103321883205334,37.671067852014616
1737,14.40600589999849,221.41090137290178,299.6410248614206,43.95781361251822,59.48923128829427,-81.59317957025023,0.19853500139310742,-3.746549743637466,-1.9889217755137096,-81.29662922274565,-0.3932394971834888,1.088511269914605,1.157365148462761,34.09633327344494
1738,14.409904999998616,221.40557034444615,299.6036461079333,43.95675521677636,59.4818102974186,-80.74877812596411,0.19853500139310742,-3.747608139379331,-1.9815007846380368,-81.0940691917171,-0.5503084470322056,0.9280870569651785,1.078974036843002,29.633269918313317
1739,14.422567199999321,221.39899619328926,299.5539724400693,43.95545001766727,59.47194833570002,-80.57989783710688,0.19853500139310742,-3.7489133384884212,-1.9716388229194592,-81.01732274947624,-0.6437046361804776,0.83225043296764,1.0521389840772297,26.894155359327993
1740,14.427580599998691,221.3583054142891,299.5362439645095,43.94737147380179,59.46842861278005,-81.11904963578075,0.19853500139310742,-3.7569918823539012,-1.968119099999491,-80.82654377352807,-0.7463506013614417,0.8189238209260313,1.1080051645333953,31.563024858528845
1741,14.43774619999931,221.3231617112383,299.51219667227974,43.940394218667635,59.46365438358372,-81.0457085782792,0.19853500139310742,-3.763969137488054,-1.9633448708031622,-80.65358405377789,-0.7383855391836951,0.5920476737170627,0.9464320643497776,26.448466340995587
1742,14.44153279999955,221.3029545818623,299.5076039166051,43.93638239620882,59.46274256082946,-80.63928469050937,0.19853500139310742,-3.7679809599468683,-1.9624330480489007,-80.4841883378552,-0.9051504486800794,0.9830937594503271,1.3363273081905969,44.58045180866223
1743,14.454181299999618,221.28819820967456,299.4586194239755,43.93345273983597,59.453017424517,-79.8839795272132,0.19853500139310742,-3.7709106163197177,-1.9527079117364394,-80.15055043612574,-0.6352416182998919,1.0291013335878638,1.209372344818826,43.27431660724731
1744,14.458035599998766,221.27000945232098,299.40554078128685,43.92984163486944,59.442479456116864,-79.73291925749342,0.19853500139310742,-3.7745217212862485,-1.942169943336303,-79.77775870783063,-0.5618047034908143,1.4682042915801707,1.5720204727289122,52.31314452530959
1745,14.4697785999997,221.25452171122478,299.3504086328217,43.92676677616933,59.431533794944535,-79.45086012713345,0.19853500139310742,-3.7775965799863584,-1.9312242821639742,-79.40758253380245,-0.4254859417402656,1.620195790264717,1.6751336321052455,46.781587157938134
1746,14.473553799998626,221.24845251032573,299.2997298437523,43.92556182736038,59.42147228148604,-79.18174993680364,0.19853500139310742,-3.778801528795306,-1.9211627687054786,-79.17273354777612,-0.5943897072774753,1.968097020705001,2.0558951838615958,51.89389898008407
1747,14.485720699998637,221.22529443251307,299.2383998681646,43.92096413834958,59.4092961346973,-78.78840382036854,0.19853500139310742,-3.7833992178061067,-1.908986621916739,-78.96494984676227,-0.4869308858836132,1.520193230940944,1.596273518863878,36.671595322815435
1748,14.49005919999945,221.20177801486653,299.1835852575685,43.916295306339364,59.398413515906235,-78.70973459708152,0.19853500139310742,-3.7880680498163244,-1.898104003125674,-78.73961152086613,-0.5929767156297061,1.7603542018873226,1.8575436203172582,40.724725697620094
1749,14.50163369999973,221.17848100274006,299.154752515564,43.91167003400438,59.392689207432205,-78.69400075242412,0.19853500139310742,-3.792693322151308,-1.8923796946516447,-78.50106714059902,-0.5797076838413098,1.4152378661768856,1.5293656255341823,32.92326963691936
1750,14.506320599999526,221.15978214643695,299.10440010398867,43.907957656542195,59.38269249132995,-78.32416849765279,0.19853500139310742,-3.7964056996134943,-1.882382978549387,-78.25833827553191,-0.5564069903914828,1.8743242680631131,1.9551675633578909,44.317114919980675
1751,14.518861099999413,221.1438121137577,299.0450514420128,43.90478704608197,59.37090970464189,-77.98902803546807,0.19853500139310742,-3.799576310073718,-1.8706001918613282,-77.967385184029,-0.4131150754230715,1.6015994584299844,1.6540208253782749,39.09832102843539
1752,14.522875900000145,221.1385264232148,298.97839542886254,43.903737651502674,59.35767615297825,-77.57475949503308,0.19853500139310742,-3.800625704653015,-1.8573666401976894,-77.67010124297452,-0.4231086490718302,1.6424588104958635,1.6960813285614802,40.715216823460146
1754,14.539216600000145,221.1089224507063,298.88417446405975,43.89786022677946,59.33896999359987,-77.25496913956695,0.19853500139310742,-3.8065031293762317,-1.838660480819307,-77.24777168254683,-0.25858631789690273,1.6352833693788895,1.6556021810720871,45.15780389565256
1755,14.549396599999454,221.08587013904378,298.84834006376883,43.89328353605142,59.331855610888184,-77.20758104715168,0.19853500139310742,-3.8110798201042684,-1.8315460981076228,-76.9556672206566,-0.27711147652382473,1.5838149327145634,1.6078745322663865,44.67602164966928
1756,14.553445300000021,221.0864928643508,298.80557561652813,43.89340716882112,59.32336537129568,-76.21252069551433,0.19853500139310742,-3.8109561873345683,-1.8230558585151186,-76.65605644790745,-0.3192396091477041,1.4589966931382843,1.4935144052325802,42.20263968077554
1757,14.565648199999487,221.0652595381092,298.7636421341125,43.88919161036616,59.315040107305876,-76.52850572601693,0.19853500139310742,-3.8151717457895273,-1.8147305945253152,-76.40233174246237,-0.3478466764638567,1.3433823355330996,1.3876863513594548,37.88000895291034
1758,14.569666699999289,221.05570544849215,298.70955677376253,43.88729478917073,59.30430227021345,-76.07670563128738,0.19853500139310742,-3.8170685669849576,-1.8039927574328871,-76.15447025474248,-0.6727326642196514,1.637779866524307,1.7705626587896988,41.73461409304233
1759,14.581380099998569,221.02604565533593,298.6761227139484,43.88140628209514,59.29766443910167,-75.98634561234147,0.19853500139310742,-3.8229570740605467,-1.7973549263211126,-76.1048979571985,-0.8238979866843286,1.362028414198973,1.5918320556980434,29.239499450510483
1760,14.585684199999378,220.98108264186132,298.6290602805379,43.87247955015233,59.28832089881895,-75.96827360855228,0.19853500139310742,-3.8318838060033613,-1.7880113860383915,-75.89844327552174,-1.1321535580139745,1.7191528873198667,2.058460183949142,37.62275390555016
1761,14.597382099998867,220.93834774786768,298.5867389470876,43.863995177913765,59.27991863282344,-75.96465920779444,0.19853500139310742,-3.840368178241924,-1.7796091200428776,-75.76361153718443,-1.2387648557514508,1.3538125283444142,1.8350331685686796,29.57888439167437
1762,14.60160839999844,220.89818404390053,298.5342045731977,43.856021276890694,59.269488720830026,-75.49623231763312,0.19853500139310742,-3.848342079264995,-1.769179208049465,-75.49858687042519,-1.3190219108482293,1.4226003258797946,1.9400027032174496,32.44240195463135
1763,14.614410899999712,220.83337169456888,298.4796891437877,43.843153757025846,59.25866549997616,-75.40254693960084,0.19853500139310742,-3.861209599129843,-1.7583559871955998,-75.22383556866512,-2.0302014386275156,1.5002297896234857,2.5243627518799596,36.05987056595481
1764,14.630206799998632,220.761447324277,298.40723765459927,43.828874252069745,59.244281343469204,-74.66122227854517,0.19853500139310742,-3.8754891040859434,-1.7439718306886434,-74.93082653145765,-2.2630554593804115,1.5909138674678907,2.766302034473663,39.11901403738397
1765,14.634302299999035,220.64531025636222,298.3544491841576,43.805816979129496,59.233800984416526,-74.59451709975201,0.19853500139310742,-3.898546377026193,-1.7334914716359648,-74.66030104847904,-3.249461195776191,1.778528787176297,3.7043437623511704,33.74139710203333
1766,14.646870099999433,220.52569600281126,298.28027794545346,43.78206936313412,59.219075397437074,-74.49961402175705,0.19853500139310742,-3.922293993021569,-1.7187658846565128,-74.32320919651222,-3.5233180304912395,1.7268443090080778,3.923743265242803,33.171644347198466
1767,14.650633999999627,220.39642339035126,298.2157069985704,43.75640422483928,59.20625580440769,-74.1436049027401,0.19853500139310742,-3.9479591313164093,-1.7059462916271286,-74.18838497284737,-4.994568122126305,1.9994686737432357,5.379924321386019,44.11209461584612
1768,14.663061399998696,220.24779893230462,298.17896489661524,43.72689706785394,59.198961211144834,-73.71708767976676,0.19853500139310742,-3.9774662883017484,-1.698651698364273,-73.95708632684487,-4.561858522884747,1.748464952508224,4.885456260470028,36.47915023559668
1769,14.667140999999901,220.07806301432615,298.13224275003273,43.69319854714163,59.18968522970799,-73.98710116022093,0.19853500139310742,-4.011164809014062,-1.6893757169274295,-73.65824770970492,-6.548457092298534,2.377923839164625,6.9668365901994855,52.19386840929246
1770,14.678349299998445,219.8823697574878,298.0586267885824,43.6543465861226,59.17506988469889,-73.4380238697395,0.19853500139310742,-4.050016770033089,-1.6747603719183317,-73.34565268525154,-6.0420973950384855,1.9743005215171656,6.356477285446225,53.163108946794694
1771,14.68204759999935,219.66213983317078,297.97817293249716,43.61062323779152,59.15909697826893,-73.00542093605728,0.19853500139310742,-4.093740118364167,-1.6587874654883663,-72.95586866571242,-8.178183797343223,2.9527976473944824,8.694924046222923,66.86764005521844
1772,14.693919399998776,219.4057922214763,297.89518562814385,43.559729264346636,59.14262109368353,-72.58062978047317,0.19853500139310742,-4.144634091809053,-1.6423115809029696,-72.4730834593834,-8.13634877259301,3.0896738233050405,8.703232484754855,55.80552058924077
1773,14.69821469999988,219.1233520470683,297.77663759355937,43.50365500392707,59.11908515947216,-71.7681675820712,0.19853500139310742,-4.200708352228617,-1.6187756466915957,-72.09881401577384,-8.495020071848257,3.2293200802092787,9.088117197832982,53.483387987679855
1775,14.71426749999955,218.47237205482165,297.5374543393435,43.3744126902595,59.0715989117632,-71.57317512857583,0.19853500139310742,-4.329950665896192,-1.5712893989826426,-71.81080521982537,-8.837807178434536,3.1691033836684372,9.388825910600737,34.322756435652785
1776,14.726743899998837,218.14183950418393,297.4116310408906,43.308790409858176,59.04661858302956,-71.56667665169174,0.19853500139310742,-4.395572946297513,-1.546309070249002,-71.60770266717866,-8.820416736411783,3.118933166983287,9.35561304800928,28.428468192939075
1777,14.730978599998707,217.85310971735458,297.32593022116015,43.251467441227774,59.02960397066499,-71.5653769563149,0.19853500139310742,-4.452895914927915,-1.5292944578844327,-71.56708215664929,-8.12871751784223,2.2266469411413783,8.428167362206887,20.216996796990188
1778,14.743344699998488,217.59150466322535,297.25511231603224,43.19952968144179,59.01554413777176,-71.56511701723954,0.19853500139310742,-4.5048336747139,-1.5152346249912014,-71.42864226140799,-7.006952431154699,1.734200276534852,7.218367749817011,18.56660249481553
1779,14.747435699999187,217.393763922154,297.2341348294963,43.16027122313771,59.011379372453135,-71.56506502942447,0.19853500139310742,-4.544092133017976,-1.511069859672574,-71.24014007337536,-6.8576430127576655,1.5798280547319206,7.037266825475788,20.30743377794162
1780,14.758762899999056,217.2544239517299,297.20584205698344,43.13260736191545,59.00576226682287,-70.88097565236927,0.19853500139310742,-4.571755994240242,-1.5054527540423095,-71.13038662108585,-4.604968074701004,0.8514420161613985,4.683020870752175,19.654363313838758
1781,14.762777699999788,217.1631581424735,297.18096185701927,43.114487904347584,59.00082267628832,-70.62416571152855,0.19853500139310742,-4.589875451808105,-1.5005131635077618,-71.03008449019826,-3.9562012685373458,0.622858602308591,4.004932123725235,17.03624383033882
1783,14.778332099998806,216.9850690193416,297.1515059626213,43.0791309800385,58.994974650252985,-71.0166096948674,0.19853500139310742,-4.625232376117189,-1.494665137472424,-70.93167262359106,-2.2949427486005938,0.36053146051429535,2.323089570674153,4.111450719145578
1784,14.790130999999747,216.92824357319478,297.1518596449522,43.06784914000857,58.99504486857504,-71.06360636280161,0.19853500139310742,-4.63651421614712,-1.4947353557944822,-70.95403724669613,-1.8097408224350828,0.2825637902441743,1.83166703850486,2.0338161728441415
1785,14.794818399999713,216.8977866013065,297.1587916324295,43.0618023650523,58.99642111071851,-71.07300569638845,0.19853500139310742,-4.642560991103387,-1.4961115979379471,-71.04097293987182,-0.9015888023163673,0.06979907907416241,0.9042866138022075,-1.5160657653262464
1787,14.810686599999826,216.89648851652453,297.150314873145,43.0615446497883,58.99473817730215,-70.9927987678946,0.19853500139310742,-4.642818706367386,-1.4944286645215925,-71.05206165276026,-0.3853512996098152,0.14318810222512618,0.41109421879881347,2.000303782112196
1788,14.821779799998694,216.8980303627737,297.1410104199464,43.06185076023554,58.9928909176734,-71.05884417740705,0.19853500139310742,-4.642512595920152,-1.4925814048928387,-70.97181693195904,-0.1504561400138792,0.24447282552972374,0.28706099088932785,4.4019373272568405
1789,14.825900099998762,216.90442397252937,297.1255922656311,43.06312011555728,58.98982987438494,-71.07205325930954,0.19853500139310742,-4.641243240598406,-1.4895203616043773,-70.87330552441989,0.2876152246095022,0.5731163724002682,0.6412370027847873,17.398652256818835
1790,14.837761799999498,216.91746646676515,297.0956909741226,43.06570950716855,58.98389342143364,-70.6623827587955,0.19853500139310742,-4.63865384898714,-1.483583908653081,-70.75335190078242,0.3665458752764027,0.6506775242497971,0.7468179960646298,20.484885385389013
1791,14.841925400000036,216.93634827562684,297.0673874041752,43.069458207117215,58.978274172134704,-70.5804486586927,0.19853500139310742,-4.634905149038474,-1.477964659354143,-70.56000723318384,0.4034294195160356,0.7517396849338462,0.8531517159541343,20.55479816298313
1792,14.854044699999577,216.95944793926805,297.0372402226258,43.0740442988704,58.9722889014038,-70.3930306497073,0.19853500139310742,-4.630319057285291,-1.4719793886232395,-70.38146128550396,0.48654082290029316,0.868889740555566,0.9958370115592277,22.112322157703183
1793,14.87021199999981,216.97671272334242,296.98253088085175,43.07747196280066,58.961427182158474,-70.09212083941412,0.19853500139310742,-4.626891393355031,-1.4611176693779129,-70.2588606164758,0.5186512068249695,0.9446455370849287,1.0776614798142645,22.051957111582453
1794,14.874947299998894,216.99397218718326,296.95084054491997,43.08089857047834,58.95513554127011,-70.17932352091017,0.19853500139310742,-4.623464785677349,-1.4548260284895491,-70.10876858325611,0.3243751511187154,0.945111294289229,0.9992269998635701,15.427536132687642
1795,14.88605439999992,217.01516708854388,296.9016505659175,43.0851065002495,58.94536960872033,-70.04937941365469,0.19853500139310742,-4.619256855906187,-1.4450600959397661,-69.99979839397025,0.2726061094447134,1.023960836106599,1.059627238601721,13.535397535050663
1796,14.890596299999743,217.0135421383469,296.87072208972154,43.08478389075988,58.93922922365567,-69.82998849259423,0.19853500139310742,-4.619579465395809,-1.438919710875112,-69.93932393619119,0.23650568637176267,1.0383673145378491,1.0649608535466095,13.769548924751327
1798,14.905819599998722,217.02271032102462,296.8026234081955,43.08660409592057,58.925709251824024,-69.84817970327799,0.19853500139310742,-4.617759260235118,-1.4253997390434634,-69.85907169600257,0.03144907436469512,0.9525715752523389,0.9530905782018404,8.56232076049942
1799,14.918124899999384,217.02466332854718,296.75651827880665,43.086991836271785,58.91655576989659,-69.78974855051888,0.19853500139310742,-4.617371519883903,-1.416246257116029,-69.75135102091407,-0.008524035975897487,0.8140524761640959,0.8140971030154907,6.6420744515372565
1800,14.92193109999971,217.01888021812312,296.73926995056104,43.08584368643569,58.913131373024314,-69.77806231996706,0.19853500139310742,-4.618519669720001,-1.4128218602437528,-69.72980688589637,0.021472430378607337,0.5501454884821045,0.5505643684107949,3.28582045550616
1801,14.934113199999047,217.0298627242085,296.7278167552184,43.08802409829665,58.910857512871004,-69.51077603821217,0.19853500139310742,-4.616339257859039,-1.4105480000904436,-69.72725318626132,-0.05577777132069854,0.3691936414049804,0.37338332130315277,3.6932885161706235
1802,14.9380532999985,217.03142960927477,296.7271736101913,43.088335179825464,58.910729826072156,-69.72226781750572,0.19853500139310742,-4.616028176330225,-1.4104203132915956,-69.74091145268196,-0.22915558084492038,0.19080278405833329,0.29819118470669753,2.7719102824336024
1803,14.949782899999263,217.01567371701594,296.72815723311425,43.085207083733906,58.910925109650535,-69.83541120510272,0.19853500139310742,-4.619156272421783,-1.4106155968699738,-69.6551796651714,-0.034700892535153405,0.14566920320284132,0.14974534618640722,3.2806226816714323
1804,14.95391749999908,216.99827649199813,296.7312412736106,43.08175312564076,58.911537399634774,-69.85803988262211,0.19853500139310742,-4.62261023051493,-1.4112278868542134,-69.6380330024935,-0.08039878913565016,0.12068052193635562,0.14500949510052763,6.146071057719956
1806,14.970184699999663,217.05322460954628,296.676014545543,43.09266225023473,58.90057296110094,-69.34940338241427,0.19853500139310742,-4.611701105920957,-1.4002634483203806,-69.50457956107121,-0.30703426180010807,0.28618168635699726,0.4197260958354532,14.520287183377047
1807,14.981939899998906,217.05029345707408,296.6723605699795,43.092080313874575,58.899847519057346,-69.4250427248227,0.19853500139310742,-4.612283042281113,-1.399538006276785,-69.33369575755236,-0.3448302623537277,0.35889500646946454,0.49770828353932156,16.466144204521775
1808,14.986584399999629,217.02563107300875,296.65224389005346,43.08718396741981,58.895853653980204,-69.05500061039423,0.19853500139310742,-4.617179388735877,-1.3955441411996432,-69.15532557643846,-0.46654237001571675,0.5746711622811922,0.7402085704566641,27.23886899751941
1809,14.99829089999912,216.99876311493188,296.63178808432974,43.08184973732559,58.89179246056235,-68.98099218750853,0.19853500139310742,-4.622513618830098,-1.391482947781789,-68.95586675102989,-0.6692980340533241,0.5656398378497786,0.8763037627160849,28.866145385533716
1810,15.002413399999568,216.9687802867896,296.61246057088715,43.07589709649859,58.887955272654104,-68.9661889770525,0.19853500139310742,-4.628466259657095,-1.3876457598735428,-68.71671747862395,-0.8103388991234011,0.8997133294627451,1.2108398765507615,33.25656189228621
1811,15.014979999999923,216.94705957365053,296.5726555479952,43.07158477468527,58.8800525823788,-68.35210925537145,0.19853500139310742,-4.6327785814704185,-1.3797430695982413,-68.51137649551386,-0.6851243772588155,0.9078619391632163,1.1373692069400663,28.64727280375798
1812,15.019455099998595,216.93004797446733,296.5336134109246,43.06820737681773,58.87230135164109,-68.22929636279305,0.19853500139310742,-4.636155979337957,-1.3719918388605308,-68.34808478814965,-0.6362330753095349,0.9830647218401499,1.1709862396477935,26.90430302510605
1814,15.035568899998907,216.895297645621,296.46051300859295,43.061308220231815,58.85778836316234,-68.02829569484376,0.19853500139310742,-4.643055135923873,-1.3574788503817814,-68.10060650038774,-0.35073604172969153,1.1094812149908448,1.163599732462058,18.056911265795755
1815,15.04743679999956,216.88267222024314,296.4172980519529,43.058801631386835,58.84920868168561,-68.1645336506875,0.19853500139310742,-4.645561724768854,-1.3488991689050494,-68.00182464898771,-0.3677863476246601,1.1267114987814546,1.1852196416637042,15.254771236660964
1816,15.051966799999718,216.88229677820533,296.3816377454101,43.05872709300133,58.842128862676454,-67.72879753824297,0.19853500139310742,-4.645636263154358,-1.3418193498958928,-67.93942942372723,-0.3255814254029643,1.0960911771537223,1.1434243014741547,13.896733530106653
1817,15.06333319999976,216.85776978170952,296.3407020999267,43.05385762571787,58.834001704243384,-67.85819999837125,0.19853500139310742,-4.650505730437821,-1.3336921914628235,-67.91295119236264,-0.36297057234659036,1.0655752028987049,1.1256989603896004,10.539664546274535
1818,15.06792089999908,216.84520645299574,296.30421544197384,43.051363365234174,58.82675782555588,-67.91732023649065,0.19853500139310742,-4.652999990921515,-1.3264483127753195,-67.7767021769491,-0.2982835644441412,1.0207367384499257,1.0634268070905935,8.834104218494225
1819,15.07917389999966,216.81034259835636,296.26181435854033,43.044441669804776,58.81833972639734,-67.89590453802079,0.19853500139310742,-4.659921686350913,-1.3180302136167796,-67.79276231038982,-0.5094929917656623,0.9638595664227032,1.0902331734279995,7.665007032045914
1820,15.09489190000022,216.8192276478801,296.22232919998663,43.046205663124354,58.81050054038887,-67.48328857361979,0.19853500139310742,-4.658157693031335,-1.3101910276083117,-67.79597433707796,-0.5309918449281122,0.9040424058655676,1.0484488594983372,9.438369361074534
1821,15.099620099999811,216.79368554356182,296.19188143329745,43.04113466140794,58.80445559298682,-67.80909820544662,0.19853500139310742,-4.663228694747751,-1.3041460802062588,-67.75848777513045,-0.6989260573472251,0.8313684112578866,1.0861266357457584,6.281172014042217
1822,15.110638899999685,216.76394262612484,296.1687970795158,43.035229651253154,58.79987254077662,-67.87426013181198,0.19853500139310742,-4.669133704902535,-1.299563027996058,-67.63511766000656,-0.62575558326462,0.8097705475908286,1.023375976722336,7.743449491051308
1823,15.114870999999766,216.734454131873,296.14288438950786,43.02937515300579,58.7947279648298,-67.72988742675302,0.19853500139310742,-4.674988203149901,-1.2944184520492357,-67.57623739918881,-0.8264377696589014,0.8863221854212724,1.2118442158498424,15.421603487194957
1824,15.12693279999985,216.71931146997997,296.1039965490371,43.02636880460575,58.78700736736776,-67.27905396240139,0.19853500139310742,-4.677994551549936,-1.2866978545871959,-67.50526334897839,-0.7746270009436929,0.6634226910721033,1.0198905125651339,16.177155423898324
1825,15.130751400000008,216.70217054937976,296.08704192290384,43.02296573191051,58.78364128064477,-67.18888726953107,0.19853500139310742,-4.681397624245179,-1.2833317678642118,-67.35944469860428,-1.212672486161634,0.7803523761012218,1.442055612513006,16.823371625878433
1826,15.142782599999919,216.6528757061926,296.07710410865565,43.013178980149675,58.78166827667916,-67.4542279543945,0.19853500139310742,-4.691184376006014,-1.2813587638986021,-67.21860681977758,-1.1155939216000526,0.6815174298011522,1.3072933125483939,14.452777302720811
1827,15.146454599998833,216.602454613804,296.058597926578,43.00316862850207,58.777994151794594,-67.1451668799414,0.19853500139310742,-4.701194727653622,-1.2776846390140335,-67.16562936852395,-1.1803750409882365,0.6657386735201284,1.355172763454284,15.470982033704683
1829,15.163643299998512,216.5247110992148,295.9961378800547,42.987733819724795,58.76559364637107,-67.02569803261953,0.19853500139310742,-4.716629536430894,-1.2652841335905123,-67.13022400278496,-1.339300974607709,0.7469066414509332,1.5334916470684383,10.894275439673159
1830,15.174772499998653,216.492582193749,295.96467930643945,42.98135510743338,58.75934801841455,-67.01416670613328,0.19853500139310742,-4.723008248722309,-1.2590385056339883,-67.0080785375473,-1.2892244944995175,0.8164247034847976,1.5259911840105027,9.94323055062193
1831,15.179155199999514,216.45536753330055,295.93626107416844,42.9739666947694,58.753706004631034,-67.01186044083603,0.19853500139310742,-4.730396661386287,-1.2533964918504736,-66.94101058951931,-1.0457635649890213,0.9859699249256393,1.4372745481349127,11.599955259169185
1832,15.190856999999596,216.42218004860834,295.9061081152218,42.9673778174498,58.74771958688456,-66.84350062820627,0.19853500139310742,-4.736985538705888,-1.2474100741039962,-66.85967337034528,-0.9798250766732913,0.9404977198754212,1.358157995952123,12.096538073101284
1833,15.195165199998883,216.38943859735716,295.8659999902312,42.96087749338004,58.73975672023368,-66.80982713980141,0.19853500139310742,-4.74348586277565,-1.239447207453118,-66.7618296936003,-1.364418694429965,1.2249462791815224,1.8336116711535806,13.315904213383057
1834,15.206864899999346,216.35595034758148,295.83688421386637,42.95422890366417,58.73397621953252,-66.61901193674935,0.19853500139310742,-4.7501344524915154,-1.2336667067519613,-66.70868124633726,-1.297029960053545,1.1036487715647727,1.7030347407651238,12.766324565962002
1835,15.211524899999858,216.29736161033287,295.7903291467283,42.9425969886329,58.72473340921341,-66.52494832240846,0.19853500139310742,-4.761766367522789,-1.224423896432846,-66.62912547045886,-1.8475661609353495,1.422865264316808,2.331961894935834,13.111768381919585
1836,15.222527299998546,216.22261005590354,295.7525978506469,42.92775618867013,58.717242426293325,-66.74611820452076,0.19853500139310742,-4.776607167485558,-1.216932913512764,-66.49099049936521,-1.8478330049131366,1.2432729272644982,2.227153875625828,11.526901807613456
1837,15.226999099999375,216.14792622613408,295.70512486549376,42.91292883442281,58.70781737711981,-66.44572174881431,0.19853500139310742,-4.7914345217328815,-1.2075078643392487,-66.45218400075196,-2.7385032322241756,1.6520983685244315,3.198254050600631,21.43002732239011
1838,15.238592099998641,216.05974385511752,295.6496317412758,42.89542154727019,58.69680004962589,-66.11915228433318,0.19853500139310742,-4.8089418088855,-1.1964905368453316,-66.2807617743588,-2.7642377245567893,1.6285244621314559,3.208286477486611,20.213367084812177
1839,15.242912300000171,215.95047139468758,295.59439951246736,42.87372713918651,58.68583451900246,-66.42497944368304,0.19853500139310742,-4.830636216969182,-1.1855250062219014,-66.0472189062286,-2.8235763393079987,1.7354528217268186,3.314269126118085,19.22522000274702
1841,15.259023399999933,215.73746976215577,295.44300896305947,42.83143885977507,58.65577819606486,-65.66783719044264,0.19853500139310742,-4.8729244963806195,-1.1554686832842975,-65.87017799617678,-2.9715493806478186,2.0441348855027806,3.606742734346033,23.408899870947145
1842,15.270861399998466,215.6393501981073,295.37053312455396,42.811958691990014,58.6413892053662,-65.57840386386978,0.19853500139310742,-4.892404664165674,-1.1410796925856417,-65.78004050508437,-3.0212079317066234,2.0517403894527133,3.652031762227512,20.662086623416034
1843,15.27496809999866,215.5554598029448,295.2950106004744,42.795303512269555,58.626395340942864,-65.5605171985552,0.19853500139310742,-4.9090598438861335,-1.126085828162303,-65.65849677151434,-2.827706829838414,2.0532416386088093,3.494528171589378,12.317043477489452
1844,15.286282299999584,215.4552483125526,295.23868490109516,42.775408023884935,58.61521271813813,-65.66846482887121,0.19853500139310742,-4.928955332270753,-1.114903205357571,-65.64658704961538,-2.580388035165479,1.863898808173038,3.183162135225605,11.229903450306484
1845,15.29077199999847,215.36356793751315,295.18111592742224,42.75720626049876,58.60378326186978,-65.81726077583284,0.19853500139310742,-4.947157095656927,-1.1034737490892184,-65.5912149929309,-2.4338622802136296,1.7385575994407265,2.991031281284064,10.835021519197348
1846,15.30230870000014,215.28290095654626,295.12772221916026,42.74119104132012,58.5931827419256,-65.60828858094783,0.19853500139310742,-4.9631723148355675,-1.0928732291450416,-65.52715107964087,-2.2277272250282536,1.4526076948361712,2.65948072078542,7.095973636712275
1847,15.31793099999959,215.21106413684163,295.08139191953614,42.72692891821998,58.58398455582519,-65.30154358044737,0.19853500139310742,-4.977434437935706,-1.0836750430446287,-65.43904380235396,-2.0271153667928967,1.371359491863762,2.4474116053930803,6.660241123236286
1848,15.321881299998495,215.15087623318502,295.03719368300904,42.71497951268367,58.575209658874705,-65.24019763210511,0.19853500139310742,-4.9893838434720195,-1.0749001460941443,-65.39598075754111,-1.9157582696820799,1.2579254082313216,2.2918346538372294,18.208473245595066
1849,15.334041199999774,215.104609774849,295.001539326514,42.70579400131347,58.56813102115829,-65.22792844243665,0.19853500139310742,-4.998569354842218,-1.067821508377726,-65.40967314125432,-1.8651343815481736,1.1913981559262379,2.213177766736673,19.093527078414382
1850,15.338088999998945,215.0333050010853,294.961200261316,42.691637507954965,58.560122304793005,-65.60194555176858,0.19853500139310742,-5.0127258482007235,-1.059812792012444,-65.12602642512587,-1.6726814919369426,1.4105935637773284,2.188067086640266,15.754739083358615
1851,15.350604799999928,214.96174879665804,294.92424476747743,42.677431096809315,58.552785345772286,-65.67675049951387,0.19853500139310742,-5.026932259346374,-1.0524758329917248,-65.00113973326737,-1.077811633538863,1.0989428598834436,1.5392703877748426,15.116370138768229
1852,15.355156699999498,214.96287982611764,294.8856174662834,42.67765564574465,58.54511647447592,-63.88330999980512,0.19853500139310742,-5.0267077104110385,-1.0448069616953575,-65.05145688952459,-1.3530007494492964,1.0693386079400518,1.7245567797093622,19.696124223417158
1853,15.366443199998685,214.9600040141466,294.84792261608254,42.67708469641097,58.537632727338774,-64.61576417281259,0.19853500139310742,-5.0272786597447165,-1.0373232145582136,-64.96444515272626,-0.7989396620628348,0.7737323201746994,1.1121898609949654,3.3769428743256684
1854,15.370700699999361,214.9142983363003,294.8386133444503,42.66801051959609,58.535784511082305,-65.47951422372267,0.19853500139310742,-5.036352836559601,-1.0354749983017442,-64.87174770038614,-0.6696659220715246,0.7212884746259383,0.9842304155085424,1.180706086123429
1856,15.38601799999924,214.85820718361643,294.799998630659,42.65687446251985,58.52811813882595,-65.16688686777704,0.19853500139310742,-5.047488893635837,-1.0278086260453918,-65.0482277411681,-0.9380474147100561,0.7369223379912855,1.19289039080494,12.775801910481178
1857,15.39807060000021,214.82853876489824,294.7803295526843,42.650984242968306,58.52421313840284,-65.21326323781322,0.19853500139310742,-5.053379113187383,-1.0239036256222818,-65.06031482598466,-1.05057285248941,0.7499580242505062,1.290790593599697,13.454150456042118
1858,15.402299999999741,214.8010029468398,294.7427737333859,42.64551741929171,58.516756993766116,-64.76571020371499,0.19853500139310742,-5.058845936863982,-1.0164474809855548,-64.86186554372922,-1.3245697132715977,1.2103660877478255,1.7942884360342903,23.85646849921696
1859,15.413832399999592,214.76538287782324,294.70047157055353,42.638445588839886,58.50835853380926,-64.67619959689534,0.19853500139310742,-5.065917767315803,-1.0080490210286968,-64.73384314048414,-1.4662641359820328,1.3209325785402692,1.9735230917109081,30.416082922839024
1860,15.418060799998784,214.6908116618386,294.642197055236,42.62364059237049,58.496789002829516,-64.48726781244548,0.19853500139310742,-5.080722763785197,-0.9964794900489551,-64.42185346696402,-2.005014296947109,1.7456161805191523,2.658431526417896,35.994285878062584
1861,15.430159499999718,214.60333264568425,294.5780068443754,42.60627294577642,58.48404499922688,-64.52677485155161,0.19853500139310742,-5.098090410379271,-0.9837354864463208,-64.16443600100999,-1.9021410988552085,1.5144282592705824,2.4313851427594573,27.208816658750326
1862,15.4342388999994,214.53794101054217,294.52771856900404,42.593290417402386,58.47406101640597,-63.65331487021267,0.19853500139310742,-5.111072938753303,-0.9737515036254081,-64.05474846729184,-2.3572353118036316,1.7409149118854055,2.9304168723304427,32.49643120632058
1863,15.447109900000214,214.48748970820196,294.4883673253565,42.58327406802199,58.466248417193576,-63.478622873944886,0.19853500139310742,-5.121089288133696,-0.9659389044130151,-64.01621226390107,-2.0457299821714283,1.4827026348949857,2.526542749189027,18.234725537685453
1864,15.45201089999864,214.41618013579074,294.44243484891723,42.569116621963985,58.457129212919725,-64.12776192830461,0.19853500139310742,-5.135246734191703,-0.9568197001391638,-63.83223274539088,-1.842970426702059,1.4630307082100036,2.3530828389293554,14.098957698946737
1866,15.466873100000157,214.2706687749664,294.3342565634333,42.540227523740015,58.43565203686047,-64.29458679549157,0.19853500139310742,-5.164135832415674,-0.9353425240799069,-63.79543684168884,-1.2998179069039424,1.4456747074793994,1.94409412090922,15.07323212500304
1867,15.479187299999467,214.24451274427872,294.2750237966201,42.535034636150996,58.423892259418686,-63.60687725900066,0.19853500139310742,-5.1693287200046925,-0.9235827466381252,-63.78807766094843,-1.2735510699191213,1.537581020103138,1.9965189007553985,17.627786503326917
1868,15.483541499999774,214.2342772949564,294.22325118841286,42.53300254120553,58.41361358457614,-63.46933535170248,0.19853500139310742,-5.171360814950155,-0.9133040717955794,-63.64979033407769,-1.0542092512388956,1.7000254876661667,2.000360918462531,11.93529604401078
1869,15.494442399998661,214.19875944825083,294.1646918864587,42.52595100546036,58.40198751348109,-63.44182697024284,0.19853500139310742,-5.178412350695332,-0.9016780007005281,-63.47791796671788,-0.752429515698456,1.541723597404245,1.7155354344598364,11.550870486040457
1870,15.49822949999907,214.16457709961153,294.1137056254233,42.51916461282564,58.391864956075395,-63.436325293950915,0.19853500139310742,-5.185198743330048,-0.891555443294834,-63.443543493245926,-0.8498182620579837,1.6374391857481294,1.8448301183444369,11.495021116658299
1871,15.51064629999928,214.1373776428228,294.0728294825277,42.513764568634194,58.38374961098868,-63.43522495869253,0.19853500139310742,-5.190598787521495,-0.8834400982081192,-63.436668598551535,-0.9142664804512095,1.2983300494889654,1.5879370625697546,5.147788998126665
1872,15.514965099999245,214.11761162261976,294.0416448706319,42.509840321785646,58.377558374022506,-63.43500489164086,0.19853500139310742,-5.194523034370043,-0.8772488612419451,-63.43529361961266,-0.8966463589943029,1.1693226730410557,1.4735298459093458,1.9951114853866585
1873,15.526734600000054,214.07084196205142,294.0022172479314,42.50055490715956,58.369730610894734,-63.43496087823052,0.19853500139310742,-5.203808448996128,-0.8694210981141737,-63.43501862382489,-1.2132652922671605,1.045137015116376,1.6013506954400982,0.18029107780454884
1874,15.542827100000068,214.0255496933937,293.9680530912797,42.491562806538504,58.3629478300063,-63.43495207554845,0.19853500139310742,-5.212800549617185,-0.8626383172257377,-63.43496362466732,-1.3424733849708899,1.0370615350938217,1.696387755475249,0.06959145343916735
1875,15.547017299999425,213.95431680567265,293.9247449012379,42.47742058507556,58.354349638436005,-63.43495031501204,0.19853500139310742,-5.226942771080125,-0.8540401256554446,-63.43495262483581,-1.6841875628831509,1.0300562976233463,1.974209645210914,0.0059379409634850965
1876,15.559326399999918,213.88729898901582,293.88672669161804,42.46411520275224,58.346801693136165,-63.43494996290475,0.19853500139310742,-5.240248153403449,-0.8464921803556038,-63.43495042486951,-1.6838523352635828,0.9752343831328527,1.9458778967389339,0.0012664678630915193
1877,15.563596699999835,213.8310051976934,293.85664566216235,42.45293891481362,58.34082955591128,-63.4349498924833,0.19853500139310742,-5.251424441342067,-0.8405200431307165,-63.434949984876255,-1.8969340358789624,1.0369040339117674,2.161834570918539,0.0005837615239764501
1878,15.57494669999869,213.78599836973586,293.8342938618297,42.44400348416237,58.33639194120109,-63.43494987839901,0.19853500139310742,-5.260359871993316,-0.8360824284205322,-63.43494989685507,-1.5237789560092192,0.7596901144612092,1.7026542152729165,5.878165340413835e-05
1879,15.57918139999856,213.75135493911364,293.81872666369964,42.43712555061553,58.33330130749866,-63.43494987558215,0.19853500139310742,-5.267237805540162,-0.8329917947180974,-63.43494987925084,-1.3467645531497956,0.6426667707079344,1.4922450669353655,2.304766676155455e-05
1881,15.594262599999638,213.63670520524002,293.76814276755545,42.41436356554121,58.3232586336072,-63.4349498749061,0.19853500139310742,-5.2899997906144804,-0.8229491208266424,-63.434949875729984,-1.1134438088109313,0.4654039419977087,1.206796563057088,2.4470356217971304e-06
1882,15.606641099999251,213.62449307377094,293.7663917709904,42.41193903000298,58.32291099950172,-63.43494987488357,0.19853500139310742,-5.292424326152705,-0.8226014867211617,-63.434949875025815,-1.06293590717548,0.4235427572908481,1.1442120476627113,8.961037438585701e-07
1883,15.610971500000232,213.59285269959508,293.7552194637437,42.4056573082719,58.32069290546693,-63.43494987487907,0.19853500139310742,-5.29870604788379,-0.8203833926863666,-63.43494987488498,-0.951587691802182,0.3414028556254001,1.0109772722561978,11.098133530889184
1884,15.622002799998882,213.56314161117808,293.7451250563656,42.39975861729164,58.318688812284066,-63.434949874878164,0.19853500139310742,-5.30460473886405,-0.8183792995035049,-63.434949874879344,-0.7075842601335152,0.22150190131471065,0.7414435767303712,16.123670632236916
1885,15.626349299998765,213.53977221920076,293.7381382587203,42.39511897502286,58.317301688403816,-63.43494987487798,0.19853500139310742,-5.309244381132828,-0.8169921756232554,-63.193759689331344,-0.5262709577042446,0.4716734032163154,0.706708511498626,25.9185654922621
1886,15.637867599998572,213.52298931944864,293.73428584641835,42.3917869819972,58.316536849722084,-63.434949874877944,0.19853500139310742,-5.312576374158489,-0.8162273369415232,-62.90433146667487,-0.16597604940143776,0.4455201751394904,0.4754327244008669,31.151265037642112
1887,15.64294869999867,213.5411782380653,293.7015539445147,42.3953981189801,58.31003842153205,-62.22899894714356,0.19853500139310742,-5.308965237175592,-0.8097289087514881,-62.65548726501467,-0.02659359281788285,0.7575812944989473,0.7580479120436017,44.370472045966615
1888,15.654069499998513,213.56083166889132,293.6801873752888,42.39930001289652,58.305796409681015,-61.98780876159668,0.19853500139310742,-5.305063343259171,-0.8054868969004545,-62.36452823913576,0.24208146091964813,0.8377965529385142,0.8720702367565629,29.79790370630907
1889,15.658598999998503,213.56453195286736,293.64044479304096,42.40003464878085,58.29790611605907,-62.190728866577146,0.19853500139310742,-5.304328707374836,-0.7975966032785067,-62.0651462484131,0.47281998796801955,1.1662658202159062,1.2584652178053863,11.78069205338334
1890,15.670347699999184,213.58086077141996,293.5978248213071,42.403276490794944,58.28944455991151,-61.980154745483404,0.19853500139310742,-5.301086865360745,-0.789135047130948,-62.2692467134131,0.11298187773646617,1.0850609255303199,1.0909271821755897,0.898097672028306
1891,15.67468910000025,213.59976307493508,293.56045931811974,42.407029259649654,58.28202619968416,-61.938039921264654,0.19853500139310742,-5.2973340965060345,-0.7817166869036001,-62.551256991959974,-0.22946047217812787,1.035653527867392,1.0607687486329829,-4.656848188666753
1893,15.69111249999878,213.5097199181356,293.4882490748141,42.38915254138903,58.26768993892888,-63.24950127214356,0.19853500139310742,-5.315210814766658,-0.7673804261483212,-62.64057561261075,-0.8519450838170656,0.9865495926102258,1.3034916664557044,-18.064642656356927
1894,15.702199499999551,213.43369676420187,293.4807429938012,42.37405928441689,58.26619971912452,-63.39786015433106,0.19853500139310742,-5.3303040717388015,-0.7658902063439612,-62.658439336740905,-1.0135717785069494,0.9841903985892795,1.412783950525014,-10.198342482000134
1895,15.705989099998988,213.37738323646062,293.45217885147764,42.36287907810833,58.26052873708852,-62.637321969831056,0.19853500139310742,-5.341484278047361,-0.76021922430796,-62.6620126919185,-1.4913708515934618,1.0911477157526979,1.8479151372763138,19.580630193937537
1896,15.71797770000012,213.34524607766986,293.40940091404127,42.35649872724303,58.25203581922,-62.06947336613418,0.19853500139310742,-5.34786462891266,-0.751726306439437,-62.398751110161044,-1.3565310027485253,1.045407960390102,1.712616175640331,23.18857696700171
1897,15.721913599998516,213.315021693978,293.3649234706978,42.350498129184665,58.24320548994385,-61.95590669715262,0.19853500139310742,-5.353865226971024,-0.7428959771632861,-62.06838547593846,-1.2715362486139288,1.3565541184007155,1.8593126438792174,28.012128428052137
1898,15.7337553999987,213.29031090445153,293.3264985068346,42.3455921725516,58.23557678968972,-61.93319336335631,0.19853500139310742,-5.358771183604091,-0.7352672769091626,-61.91916415573457,-0.7369119035444529,1.139568786281393,1.3570763325076287,28.0430600865582
1899,15.737714899998537,213.27163625882773,293.29279100854455,42.34188460175666,58.22888467146976,-61.74603198321814,0.19853500139310742,-5.362478754399028,-0.7285751586891962,-61.830049566986766,-0.6743824527082699,1.3433188302391417,1.5030958626101922,23.170625860479408
1900,15.750668999999107,213.25355512183583,293.2659391461791,42.33829486319879,58.22355363693762,-61.8912153688116,0.19853500139310742,-5.366068492956899,-0.7232441241570626,-61.840261012030176,-0.43536640534422616,1.0588844193142353,1.1448930606693353,7.273264518190898
1901,15.754963499999576,213.24880595575192,293.2285789027557,42.3373519875037,58.21613632095752,-61.62390042239514,0.19853500139310742,-5.367011368651987,-0.7158268081769563,-61.85058002827694,-0.3677208886542391,1.0382088725080993,1.1014065166446048,4.842721603093185
1902,15.765635899999324,213.23109339567625,293.1844259146538,42.3338354243644,58.20737040740319,-62.00696392236966,0.19853500139310742,-5.370527931791287,-0.7070608946226287,-61.8030912192216,-0.1531293728595492,0.7457996784561316,0.7613578430788167,-1.426527961432035
1904,15.786811599999055,213.22298043897536,293.1267400138309,42.33222471849449,58.19591773700296,-61.9847884445901,0.19853500139310742,-5.372138637661202,-0.6956082242223971,-61.79359345741053,-0.5068240384409387,0.8041641266960706,0.9505527595070334,-3.417873557419135
1905,15.798984199998813,213.23135469836689,293.1127549497468,42.33388730209445,58.19314121228553,-61.50858793794146,0.19853500139310742,-5.3704760540612355,-0.6928316995049713,-61.90119585817331,-0.5927057376831967,0.5408858577149507,0.8024073794268222,-2.773046799707861
1906,15.803052799999932,213.189434286164,293.09834102015157,42.32556463299935,58.19027954275327,-61.84372655975626,0.19853500139310742,-5.378798723156336,-0.6899700299727058,-61.94491299359931,-0.8185248538125489,0.5764583355359852,1.0011429213243097,-7.800650493998358
1907,15.814097799999217,213.15333086158006,293.0754885753504,42.31839683954929,58.185742532592826,-62.161912426209064,0.19853500139310742,-5.385966516606402,-0.6854330198122653,-61.9358418547976,-0.9389583813719384,0.7199783753125009,1.1832209019731856,-7.231958404294103
1908,15.818170699998518,213.123408093813,293.05498969754854,42.31245612280897,58.18167278785988,-62.22554959949963,0.19853500139310742,-5.391907233346721,-0.6813632750793204,-62.02010337166617,-1.0625813980203729,0.7473736278377394,1.2990945181187834,-3.353910625143686
1910,15.833617700000104,213.07063834460843,292.9570768402276,42.301979480577124,58.16223365859527,-61.93943275058155,0.19853500139310742,-5.402383875578565,-0.6619241458147087,-61.96925212279378,-1.117185701183398,0.7724822865874955,1.358246212591843,6.17284114196697
1911,15.845759799998632,213.04118863888647,292.9347495567366,42.29613268321059,58.15780091133628,-61.92989552228428,0.19853500139310742,-5.408230672945102,-0.6574913985557203,-61.84114669235525,-1.1097092472586703,0.7566522442544942,1.343122195552872,7.672358666444239
1912,15.849651399999857,212.995740274956,292.9185018423092,42.287109592214335,58.154575171329796,-61.58947031539436,0.19853500139310742,-5.417253763941353,-0.6542656585492352,-61.69759042560348,-1.1261115780751338,0.7324030076171621,1.3433322194608202,18.2778680464061
1913,15.861921599998823,212.9579423319226,292.89800619788195,42.27960537754154,58.15050606853488,-61.521385274016374,0.19853500139310742,-5.424757978614146,-0.6501965557543201,-61.59551614368341,-1.1041368846967552,0.5405299074026746,1.2293456962728586,18.141715170475457
1914,15.86585439999908,212.9274242731662,292.8806142203689,42.27354647470383,58.1470531522551,-61.50776826574078,0.19853500139310742,-5.430816881451861,-0.6467436394745363,-61.46833248847126,-1.0649606457911762,0.4966958369587564,1.1750948606542873,17.726137526999334
1916,15.882631599999513,212.87939517704604,292.8553408942662,42.2640110180387,58.14203551242209,-61.42906134098119,0.19853500139310742,-5.440352338116988,-0.6417259996415297,-61.42452356504602,-1.024760900701389,0.5464002847224202,1.1613303469517464,15.538562392706922
1917,15.894149300000208,212.86282364777713,292.8468766054025,42.26072098945221,58.14035505482074,-61.293977246223584,0.19853500139310742,-5.443642366703479,-0.6400455420401769,-61.326938370418745,-1.1346036835875704,0.6009953672768522,1.2839474094754513,13.853342137817746
1918,15.898347700000159,212.8180427954892,292.8240925034014,42.25183042288084,58.13583161309821,-61.37042569826816,0.19853500139310742,-5.452532933274846,-0.635522100317651,-61.21798621186438,-0.9977340947317883,0.8097914626656151,1.285004099914229,5.516075458067047
1920,15.915503299998818,212.7177374388172,292.771848417571,42.231916298754236,58.12545933344509,-61.033459300879954,0.19853500139310742,-5.472447057401453,-0.6251498206645323,-61.219825712313465,-1.6725174688735724,1.8818040670586003,2.51763802610414,6.044041339079127
1921,15.92696529999921,212.66830307308322,292.66088812978336,42.22210184688437,58.103429832554596,-60.96300747296897,0.19853500139310742,-5.482261509271318,-0.6031203197740354,-61.326962411231406,-2.0424015704875287,2.25432683617193,3.0419391281573778,2.5136615118517636
1922,15.931298099998457,212.58226741866144,292.53738389768023,42.20502075811388,58.078909919661946,-61.43825884322661,0.19853500139310742,-5.499342598041807,-0.5786004068813853,-61.30421067386655,-2.693419117178718,3.1503996372189373,4.14481898458461,-10.25295918312642
1923,15.942940499999168,212.4570635892845,292.41960140654896,42.18016341567411,58.05552597262112,-61.829660740813296,0.19853500139310742,-5.52419994048158,-0.5552164598405582,-61.411079412965705,-3.351447680579829,3.7682355130508425,5.042995185153508,-10.970896923536449
1924,15.94765279999956,212.32954070811215,292.2876853858169,42.1548456602829,58.02933602526131,-61.25666701144391,0.19853500139310742,-5.549517695872787,-0.5290265124807476,-61.58959183266054,-3.7947450442634727,3.9234244727986156,5.4583284570202695,-7.886673395645416
1926,15.963463199999751,211.97508886322674,291.99353003448954,42.08447456276479,57.97093589217574,-61.56780299637573,0.19853500139310742,-5.619888793390899,-0.4706263793951777,-61.64804150898232,-5.1939958037788205,4.8186740008683415,7.084999049845843,-10.54514439850455
1927,15.975709799999095,211.78554696556256,291.82711023079037,42.04684386184798,57.93789573621648,-61.85556957144312,0.19853500139310742,-5.6575194943077065,-0.4375862234359218,-61.57365569961776,-5.5471161617615286,5.168510780288861,7.581820454088722,-9.948026228721359
1928,15.979353799999444,211.584776328793,291.641080841389,42.00698386319724,57.900962391132516,-61.730507224835506,0.19853500139310742,-5.697379492958447,-0.4006528783519556,-61.602958225244855,-5.024275944390559,4.545718743096718,6.7754636488378015,-1.4879029654913758
1929,15.989985700000034,211.3758884486533,291.4398493729449,41.9655123076227,57.86101090126463,-61.457731693990546,0.19853500139310742,-5.738851048532986,-0.36070138848406685,-61.66880880813491,-6.847089740099566,5.637441569033595,8.86923814953938,-4.233906546646683
1930,16.006486199999927,211.14662637852075,291.23673999216203,41.91999576220955,57.82068658006796,-61.40317963957936,0.19853500139310742,-5.784367593946136,-0.3203770672873958,-61.59590318008402,-7.2089264244820965,5.744985352010386,9.218105927380641,-6.559795412790243
1931,16.01062769999953,210.86365625893683,291.04581829882176,41.86381628912375,57.78278194141467,-61.89705591082603,0.19853500139310742,-5.840547067031942,-0.28247242863410804,-61.66807681521603,-7.792237188264764,5.11593858823807,9.321576478085651,-6.628994871561548
1932,16.022145699998873,210.58043127664826,290.85810374462733,41.807586216870526,57.74551403213617,-61.49104143118865,0.19853500139310742,-5.896777139285163,-0.24520451935561027,-61.7320644597229,-8.185928218483667,4.966761577064576,9.574870305208952,-5.268412896884221
1933,16.0268673999999,210.25091989191597,290.6918590050045,41.74216667364365,57.71250863252356,-62.091375400495544,0.19853500139310742,-5.962196682512037,-0.21219911974299777,-61.77166679819459,-10.34175718490426,6.409689980509568,12.167007327924301,-6.090245724154774
1934,16.03829450000012,209.91310991682664,290.518507658966,41.67509956976869,57.678092322796296,-61.77766991652489,0.19853500139310742,-6.0292637863869984,-0.17778281001573504,-61.764705063740486,-8.74624982226122,5.331349160822295,10.243054711754937,-1.70639502832658
1935,16.042797199999768,209.6060812816969,290.2994572370071,41.614143639265485,57.634603146967535,-61.6011913319378,0.19853500139310742,-6.0902197168902035,-0.1342936341869745,-61.76331271684967,-10.554672438641271,6.736322152405753,12.521147967658802,1.9543626885023697
1936,16.054661199999828,209.27218682433048,290.0747269801502,41.54785390270709,57.58998632510938,-61.86224723855553,0.19853500139310742,-6.156509453448599,-0.0896768123288183,-61.710015804109595,-9.412404578412174,6.512358837288057,11.445705638942421,4.116342625965082
1937,16.059384299998783,208.94093717849472,289.8306324286313,41.48208925380962,57.54152501298352,-61.48407969673455,0.19853500139310742,-6.22227410234607,-0.041215500202959277,-61.64980411443267,-9.457518633003136,6.780179447835063,11.63681623290694,5.718600236487049
1939,16.07541989999845,208.28316999333367,289.3564875858715,41.35149944478733,57.44739066596567,-61.82489083679516,0.19853500139310742,-6.35286391136836,0.05291884681489023,-61.61095635657541,-9.998875116601663,6.991732543342243,12.20089453913224,4.197951585181134
1940,16.0863061,207.94898158524748,289.1179152314288,41.28515134872238,57.40002570324403,-61.476611468140284,0.19853500139310742,-6.419212007433309,0.10028380953652771,-61.517111670726614,-10.001214588911411,6.9972101732679555,12.205951149432764,4.597124151861098
1941,16.090526500000124,207.6036623274642,288.8901126579549,41.21659338939731,57.354798919002036,-61.406952542651496,0.19853500139310742,-6.487769966758378,0.14551059377852482,-61.54789534586155,-10.598459624337385,7.001682909846126,12.702397804302189,0.5210836604650213
1942,16.102414599999975,207.26838918416098,288.66328591595357,41.150029935424534,57.30976587146281,-61.39302380931155,0.19853500139310742,-6.5543334207311545,0.1905436413177526,-61.47076315120356,-10.342736974318923,6.699094275148064,12.322746131738059,1.08581411051921
1943,16.10688609999852,206.88752805165547,288.4316906196134,41.07441566995197,57.26378609898127,-61.63799807240919,0.19853500139310742,-6.629947686203721,0.23652341379928998,-61.50488901940088,-12.947050789175703,8.184818853579452,15.317225068641019,6.541199565381651
1944,16.11828719999903,206.49329009396854,288.18146238879007,40.99614563647338,57.21410703682617,-61.43922986350528,0.19853500139310742,-6.70821771968231,0.28620247595438997,-61.44507603451156,-11.605122074060274,7.215816379788978,13.66553564192315,11.132079357339002
1945,16.122477799999615,206.0897913345273,287.93282439846706,40.9160370097056,57.16474369307101,-61.64724080912684,0.19853500139310742,-6.788326346450091,0.3355658197095508,-61.294644199252446,-11.88270554704519,7.463891326396447,14.0324041008672,12.513753122716107
1947,16.139153399999486,205.2889342926975,287.43968160608097,40.757038855790235,57.06683758809764,-61.10788761820492,0.19853500139310742,-6.947324500365454,0.4334719246829195,-61.03349795671234,-12.154312818664218,8.24632443976878,14.687722316951435,23.570615583518467
1948,16.15024739999899,204.898500815606,287.1586951207585,40.67952414487196,57.0110519358427,-60.640864633015994,0.19853500139310742,-7.024839211283727,0.48925757693785954,-60.884876586174116,-12.762093909201626,8.542105123538208,15.357037503661275,24.424938285008842
1949,16.15442019999864,204.51453838139173,286.8603448617326,40.60329416246033,56.951818966751354,-60.33226685970867,0.19853500139310742,-7.101069193695359,0.5484905460292069,-60.68603243901959,-10.180581495737206,6.978612031790796,12.342822427694651,17.43349786060303
1951,16.170667299998968,203.70404223190582,286.38273197255944,40.442382308293034,56.856996091134,-60.69612301081413,0.19853500139310742,-7.261981047862655,0.6433134216465604,-60.53139481010965,-11.84785185225509,8.209916179013124,14.414378834323934,14.415548423951613
1952,16.183456799999476,203.30408138927527,286.1274975683352,40.36297608184419,56.80632312833576,-60.653020073354234,0.19853500139310742,-7.341387274311501,0.6939863844447984,-60.51936956704251,-11.76635487288161,8.063709152739063,14.2643090367025,15.207755323359649
1953,16.18767149999985,202.92469512148875,285.8721606469666,40.28765462864067,56.75562981229615,-60.33469947365522,0.19853500139310742,-7.416708727515022,0.7446797004844115,-60.516964518429084,-11.160942280896894,7.203226373123571,13.283565138168854,9.952422966729369
1954,16.199245799998607,202.54111411850695,285.62162750305026,40.21150037367931,56.70589021421969,-60.580738417680266,0.19853500139310742,-7.492862982476382,0.794419298560868,-60.3160625814202,-10.45877805148864,6.958778862615866,12.562270558664538,8.431764950480773
1955,16.204023199999938,202.17436010311306,285.38357917800863,40.13868686472215,56.65862928967593,-60.320241616641525,0.19853500139310742,-7.5656764914335355,0.8416802231046319,-60.21394188640123,-10.206568904518708,6.848670377552136,12.29139270965859,9.110390025541834
1956,16.214691099999982,201.83083291518255,285.1356515694045,40.0704846939878,56.60940698155632,-59.691613325769715,0.19853500139310742,-7.633878662167888,0.890902531224242,-60.19351744222166,-10.648702915091619,7.23628082082669,12.874728497787629,16.56825308728745
1957,16.22992770000019,201.45112406131517,284.8738329362964,39.99509919615626,56.55742681886746,-60.142416598259416,0.19853500139310742,-7.709264159999428,0.9428826939130985,-60.127491635416995,-10.635190046519952,7.257593133772897,12.875555344177764,14.873172378882545
1958,16.233802499999,201.059188333444,284.60126310467956,39.917286235877356,56.50331216696769,-60.23257725275735,0.19853500139310742,-7.787077120278333,0.996997345812872,-59.98079190618496,-11.240497034573732,8.216482735947185,13.92333875671992,25.718920505808327
1959,16.24608029999945,200.65647112510905,284.32891227275195,39.837332774359545,56.449240994171525,-60.250609383656936,0.19853500139310742,-7.8670305817961435,1.0510685186090356,-59.87173821522138,-11.295107949814112,8.410466339919886,14.082450342638506,31.378053361422246
1960,16.250310599998556,200.2672290483671,284.0159667766841,39.76005459811133,56.38711035967373,-59.58674297048139,0.19853500139310742,-7.944308758044357,1.1131991531068337,-59.551908373024744,-13.924014253465005,10.904805304171468,17.685953512677308,46.46035183782719
1961,16.26229280000007,199.8648991505195,283.6789565989562,39.68017803128166,56.320202043569026,-59.14634487095175,0.19853500139310742,-8.024185324874026,1.180107469211535,-59.18992330058151,-11.281634274800451,9.197108365821727,14.555482616630076,42.71744810216756
1962,16.266580800000156,199.47414028445604,283.33590736262965,39.60259871926338,56.252094762957036,-58.54326738727629,0.19853500139310742,-8.101764636892305,1.248214749823525,-58.84797733589756,-14.226508041365214,11.554689838401625,18.327694571677338,49.3141237684781
1963,16.278746299998602,199.05317786286207,283.00334176985666,39.51902294430578,56.18606885253255,-58.4226518905412,0.19853500139310742,-8.185340411849907,1.3142406602480108,-58.61506360682795,-12.334511255719038,9.977194452334585,15.864569866755154,36.75271482096868
1964,16.28315979999934,198.58108545082294,282.64339067928057,39.425296076623916,56.114605962263575,-58.54087956023715,0.19853500139310742,-8.279067279531773,1.3857035505169861,-58.43028994304528,-16.23001202383998,12.818425522690736,20.681521297398785,37.168483060120174
1965,16.294400899998436,198.0823860782819,282.2583971082967,39.32628679600174,56.038171263111956,-58.42217432513337,0.19853500139310742,-8.37807656015395,1.4621382496686053,-58.28643213411687,-14.17459056186361,10.772415462503982,17.803481471141193,23.184537701953076
1966,16.298206800000116,197.58121205912124,281.87902188449607,39.22678621140949,55.96285200252618,-58.222476552038394,0.19853500139310742,-8.4775771447462,1.5374575102543773,-58.163543140690564,-17.750099173588342,13.181641663570062,22.109312463733186,27.49329273954005
1967,16.31008539999857,197.11362576868657,281.54078513420995,39.133953966586645,55.89570016883693,-57.82397834263424,0.19853500139310742,-8.570409389569043,1.604609343943629,-58.04683429952484,-14.974255386840035,11.070166752061501,18.62194716748911,22.259628878224714
1968,16.31405529999938,196.6187766203943,281.19138677427514,39.03570909024106,55.82633236496052,-57.808206923409664,0.19853500139310742,-8.668654265914626,1.6739771478200396,-57.8853022236745,-17.27402333164983,13.094631741599706,21.676283410919254,32.06921457057206
1969,16.326793899999757,196.14671762311616,280.8298596330219,38.941988856558815,55.754556573468165,-57.9573353544085,0.19853500139310742,-8.762374499596874,1.7457529393123963,-57.68534131096669,-14.398165205810932,11.01354632430428,18.12747538769315,29.197709857848324
1970,16.33109979999972,195.70629991969506,280.46285126079454,38.85455052719656,55.68169256577672,-57.614513945881704,0.19853500139310742,-8.84981282895913,1.8186169470038394,-57.419041145026696,-14.488435067409522,11.341598638230073,18.399636147849343,33.0324856296494
1972,16.34740359999887,194.74019438890184,279.6921743585848,38.66274476429464,55.528686225922876,-57.222671988499336,0.19853500139310742,-9.041618591861052,1.9716232868576853,-57.126688704612135,-14.235783723484927,12.157210385364994,18.72045145224508,41.49909433777188
1973,16.358714999998483,194.26921989239148,279.27663550859154,38.56923984197383,55.446187219760574,-56.492477512934244,0.19853500139310742,-9.135123514181856,2.0541222930199865,-56.7986692663339,-14.409767958922897,12.502042291755698,19.077276380417857,44.133588267271215
1974,16.362867199999528,193.77806699702364,278.8259032619135,38.47172880120775,55.35670109253843,-56.34644472133685,0.19853500139310742,-9.232634554947936,2.1436084202421313,-56.453944284928255,-14.757937535585036,13.240403344252739,19.82687572520514,42.65381358029066
1975,16.374771199998577,193.28477630125786,278.3846832129393,38.37379333223669,55.26910346950068,-56.31723816301738,0.19853500139310742,-9.330570023919002,2.231206043279883,-56.110279213430964,-14.048166604496027,12.937680295649681,19.098024934011356,46.71393857753901
1976,16.378987199999756,192.81658592101758,277.9469398462036,38.28084115444344,55.182196089575974,-55.89088903885347,0.19853500139310742,-9.423522201712245,2.3181134232045864,-55.880732600498696,-16.488998157775594,15.342118107231162,22.522603052563824,57.07180906042264
1977,16.390251400000125,192.35045919387744,277.5003610601837,38.18829868402131,55.093534569671384,-55.504346631012886,0.19853500139310742,-9.516064672134377,2.406774943109177,-55.45007771045033,-14.140513933746822,13.446004904212664,19.512795345480335,45.04685144260178
1978,16.39497669999946,191.86324193469983,277.040632867585,38.09156900479174,55.002262432313344,-55.34474444827289,0.19853500139310742,-9.612794351363952,2.4980470804672166,-55.06832844630784,-14.028680408555047,13.463795317215592,19.44421914989781,46.32053643985728
1980,16.410970499999166,190.91733591407058,276.0682095676518,37.90377355166836,54.80920237110643,-54.193170271094985,0.19853500139310742,-9.80058980448733,2.691107141674131,-54.702111039768404,-13.318741691147274,12.991578145877952,18.605643846853518,48.35564442133976
1981,16.42339059999904,190.43763933740436,275.6022956170106,37.80853699115166,54.716702144266804,-54.40849184230494,0.19853500139310742,-9.895826365004027,2.7836073685137563,-54.264449833851145,-13.167592650094152,13.078727670391398,18.559057456537904,42.426754488854876
1982,16.428043599999,190.00411274572804,275.17451494429173,37.72246678866926,54.631772707812615,-54.0598020061563,0.19853500139310742,-9.98189656748643,2.8685368049679454,-53.963763295792695,-12.479112563123799,12.495736418143187,17.659888985914495,34.58460672018013
1983,16.438010799998665,189.62959874307262,274.7574806647839,37.648112650630324,54.548976806549554,-53.31604060142658,0.19853500139310742,-10.056250705525365,2.951332706231007,-53.87816769822105,-11.331613766256856,11.277191946070486,15.986886148845214,32.74409971427851
1984,16.442406799998935,189.25255730905917,274.39433385027803,37.573256729003205,54.476879453225735,-53.841311757980634,0.19853500139310742,-10.131106627152484,3.0234300595548262,-53.695392450777035,-10.807384749599485,10.692141122205214,15.202678938365676,27.634091414814158
1985,16.4549193999992,188.8741401512394,274.01755929264766,37.498127678048284,54.4020765159017,-53.76519228323676,0.19853500139310742,-10.206235678107404,3.0982329968788633,-53.52403332413979,-10.301994164269097,10.426454732779181,14.657490987728012,22.214610173047014
1986,16.46999589999905,188.49089297848369,273.67413622208767,37.42203970007132,54.33389501610964,-53.49461560508485,0.19853500139310742,-10.282323656084365,3.1664144966709173,-53.37797072732797,-10.072212508808654,10.090263820441788,14.257029451772835,24.659157615360577
1987,16.47436679999919,188.139282845451,273.3015372903852,37.35223278181984,54.25992108668503,-53.203006372970094,0.19853500139310742,-10.352130574335845,3.240388426095528,-53.21395413081716,-10.145523218595446,10.146193252728901,14.348410326610429,26.196395621073428
1988,16.48605150000003,187.76785293792526,272.9115735926158,37.27849094461178,54.182499643405116,-52.58572761736746,0.19853500139310742,-10.425872411543907,3.317809869375445,-52.970790093741556,-10.38080244948067,10.524317746940318,14.782500584600253,28.735557729831317
1989,16.490850899999714,187.34735111289928,272.50834231172814,37.19500661419444,54.10244412049234,-53.02122877542662,0.19853500139310742,-10.509356741961248,3.3978653922882174,-52.734353331248315,-13.785472641155915,14.320708798676243,19.877674824700733,37.154764651973956
1990,16.501722199998767,186.95415497793186,272.07746399590076,37.11694341899092,54.016899693459294,-52.549372097858765,0.19853500139310742,-10.587419937164768,3.483409819321267,-52.44745172093717,-11.966716150003663,12.359492103724753,17.203468850112554,36.61115747882906
1991,16.505454899999677,186.53920936826228,271.6355540482916,37.03456219179711,53.929165101395085,-52.31243179261863,0.19853500139310742,-10.669801164358582,3.5711444113854753,-52.25415709223432,-15.743704401782495,16.23046227245359,22.61176980840387,55.11866296082063
1992,16.517944199998965,186.10659265578627,271.1877733997682,36.948672632183005,53.840264969716685,-51.768498321414356,0.19853500139310742,-10.755690723972684,3.6600445430638757,-51.81944654969763,-14.467174160741095,15.065956777265242,20.88736895378734,50.58878933469642
1993,16.521398699998826,185.66818487659305,270.73570982943426,36.86163334313013,53.75051452815066,-51.61925447385319,0.19853500139310742,-10.842730013025559,3.749794984629901,-51.42788591091685,-14.444704484987836,14.950689357002691,20.788761384657366,51.46939922314459
1995,16.538068799998655,184.74354854972114,269.82402942598515,36.6780606686865,53.56951405798182,-50.84767606274319,0.19853500139310742,-11.02630268746919,3.9307954547987407,-50.984220389606016,-14.339663414780773,14.710348939734207,20.543132983504282,60.13860473212668
1996,16.550660699998843,184.29524687864122,269.3615096758322,36.58905709579411,53.47768769874087,-50.591568903954894,0.19853500139310742,-11.115306260361578,4.022621814039688,-50.596468120304785,-14.546203932604321,14.959215286350997,20.86552589397906,59.86035657608813
1997,16.554749699998865,183.85151023650602,268.90216788526664,36.500959840929625,53.38649227571102,-50.09410418606442,0.19853500139310742,-11.203403515226064,4.11381723706954,-50.20748089886641,-14.148711430686333,14.316512513715823,20.128302603652795,54.63908027778818
1998,16.565891599999304,183.40761022514212,268.43286313830885,36.41283015155509,53.293318857119964,-49.8297369749082,0.19853500139310742,-11.291533204600597,4.206990655660597,-49.83516988582797,-13.382596566151705,13.737073793480373,19.17814087079091,54.81615568599882
1999,16.569887599998765,182.9404836414906,267.9746174569405,36.320089174619085,53.20234105013111,-49.67431836666133,0.19853500139310742,-11.384274181536604,4.29796846264945,-49.48655240978279,-16.915189130950203,17.694466262575915,24.478924805907084,64.8920362837984
2000,16.581751199999417,182.51134695407382,267.4989262758562,36.234890521784955,53.10789970083185,-48.98612099755102,0.19853500139310742,-11.469472834370734,4.39240981194871,-49.16030547707375,-13.966421683241709,14.797353870146493,20.347545704395497,53.76810107994199
2001,16.585309000000052,182.06815579979775,267.0136552139836,36.146901565353346,53.01155640988694,-48.84848152372896,0.19853500139310742,-11.557461790802343,4.488753102893618,-48.871507506547566,-16.630117466045295,17.730989976411937,24.309438752840126,62.91315099229162
2002,16.5978398999996,181.6388918247053,266.52026713601543,36.061677641460356,52.91360160714019,-48.462869522519235,0.19853500139310742,-11.642685714695332,4.586707905640374,-48.37640559144352,-13.942729498317366,15.279296717298227,20.684695164263108,53.807189933012545
2003,16.601768900000025,181.21878591394,266.0644921380078,35.978271913881315,52.823114317275795,-48.38574712227729,0.19853500139310742,-11.726091442274374,4.6771951955047655,-48.065461990649275,-13.883608835762441,14.887846717864083,20.356880266855168,59.272545832741926
2005,16.617889999999534,180.42533622136685,265.2111783568921,35.820744378060944,52.65370166455324,-47.1988087911411,0.19853500139310742,-11.883618978094745,4.846607848227322,-47.393021805646676,-11.751367036642055,12.79810369997239,17.37486936771395,518.9125818234811
2006,16.630167299999812,179.99951490250967,264.83993448180115,35.736203941928416,52.57999676129487,-47.43140299357979,0.19853500139310742,-11.968159414227273,4.920312751485689,-46.71989912509147,-11.383881231794403,12.472389943600536,16.88648165855838,677.2854403718513
2007,16.634234399998604,179.71128161869382,264.49924448470813,35.678979546524495,52.51235787224739,-45.48628059871596,0.19853500139310742,-12.025383809631194,4.9879516405331685,-37.04274970063601,-7.138234626042105,7.866266764441118,10.622266537127441,661.4573110381505
2008,16.64558880000004,179.42740460267152,264.145318933677,35.62262002275304,52.44209126248037,-45.09725611974319,0.19853500139310742,-12.081743333402649,5.058218250300193,-27.60298794240779,-5.183932055805988,5.764516229704476,7.7525994944753345,653.1149499706913
