frame,t_s,x_px_filt,y_px_filt,x_mm_abs,y_mm_abs,angle_deg_raw,cumulative_angle,pid_voltage,pid_error,pid_output,mm_per_px,x_mm,y_mm,angle_deg_unwrapped,vx_mm_s,vy_mm_s,speed_mm_s,angular_vel_dps
417,3.4676080999997794,230.05281009727193,360.0984630476485,49.72858866993939,77.83946799868382,4.763641834286048,-0.20609903332869806,0.0,-4.763641834286048,-1.2,0.21616162240710268,0.0,-0.0,2.85818510056212,,,,
418,3.4728439999998955,230.0464704991715,360.0958209010723,49.7272182921286,77.83889686799326,4.763641834264437,-0.2060990333503092,1.1046545849853628,-4.763641834264437,-0.09534541501463722,0.21616162240710268,-0.0013703778107938547,0.0005711306905595848,3.81091346741397,,,,
419,3.484511999999995,230.04144092801553,360.1004475348384,49.72613109186751,77.83989696865443,4.763641834260114,-0.20609903335463198,1.1045990027749564,-4.763641834260114,-0.09540099722504354,0.21616162240710268,-0.002457578071883404,-0.00042896997061347975,4.763641834265785,,,,
420,3.489005299999917,230.03790616095895,360.09929248673694,49.725367010885726,77.83964729158286,4.76364183425925,-0.20609903335549618,1.1045775983013386,-4.76364183425925,-0.09542240169866126,0.21616162240710268,-0.0032216590536648937,-0.00017929289904827783,4.763641834260383,-0.18665598598399163,0.047909873636667405,0.19270654658194028,53.497978439050854
421,3.5014290999997684,230.03521430269092,360.0969437881881,49.72478513443522,77.839139593094,4.763641834259077,-0.20609903335566937,1.1045184157661385,-4.763641834259077,-0.09548158423386145,0.21616162240710268,-0.003803535504168565,0.00032840558981206414,4.796617679596218,-0.17410893490539567,0.03538406542503792,0.17766809871188094,17.131448294788395
422,3.5068271000000095,230.0261871511122,360.0939533542736,49.72283381070425,77.83849317604734,4.763641834259042,-0.206099033355704,1.1044927016274415,-4.763641834259042,-0.09550729837255847,0.21616162240710268,-0.00575485923513952,0.000974822636479189,4.803212848663384,-0.241643322907591,0.07725217024853684,0.25369153181360077,0.8134849108160422
423,3.5171228999997766,230.0167091412937,360.091740902045,49.72078502872469,77.8380149287841,4.928521060943606,-0.041219806671140446,0.9410021542007022,-4.928521060943606,-0.25899784579929774,0.21616162240710268,-0.007803641214700008,0.0014530698997106128,4.804531882476818,-0.20757335272501556,0.07164452972431098,0.21958969784787585,1.3536610591223839
424,3.5212916000000405,230.00840015519645,360.0893567343003,49.718988944809354,77.83749956321631,4.796617679595948,-0.17312318801879822,1.4201761513195161,-4.796617679595948,0.22017615131951615,0.21616162240710268,-0.009599725130037484,0.001968435467503582,4.804795689239505,-0.24414980396764485,0.08015549383901463,0.25697087377758543,1.1158709045615298
425,3.533520399999361,230.008417177471,360.0877993886532,49.718992624371836,77.8371629248546,4.770237003326416,-0.19950386428832978,1.1258043049506081,-4.770237003326416,-0.07419569504939191,0.21616162240710268,-0.009596045567555223,0.0023050738292198503,4.837824219635011,-0.11814326502673017,0.08248559094277422,0.1440892216106218,0.8957133796837145
426,3.5380284999992,230.00362635857672,360.0860596494094,49.71795703318699,77.83678685999709,4.76496086807251,-0.2047799995422359,1.1160194454174965,-4.76496086807251,-0.0839805545825034,0.21616162240710268,-0.010631636752400198,0.0026811386867251485,4.8444299257141115,-0.06450359391101303,0.07504585968256966,0.09895753979830345,0.8734404802147907
427,3.5489476999991894,230.01719153227114,360.07942201684455,49.720889303141014,77.83535205857292,4.928784486236573,-0.040956381378173035,0.9509528565264228,-4.928784486236573,-0.24904714347357715,0.21616162240710268,-0.0076993667983771275,0.0041159401108927796,4.845751066929932,0.05027639264635923,0.04814950417164737,0.06961386650306368,2.541077523435658
428,3.5647231999992073,230.02224221900528,360.07874680059786,49.72198106777973,77.83520610273357,4.961549591339112,-0.00819127627563443,1.0794822889147484,-4.961549591339112,-0.12051771108525164,0.21616162240710268,-0.0066076021596614964,0.004261895950250505,4.846015295173096,0.029592399058250278,0.017673542610272788,0.034468307043135436,2.1123454857231745
429,3.568654499999866,230.02484384942906,360.0789442074737,49.72254344043304,77.83524877452412,4.803223385675049,-0.16651748193969684,1.5061319882725916,-4.803223385675049,0.3061319882725916,0.21616162240710268,-0.0060452295063484485,0.0042192241596978874,4.879043986158643,0.09019409894672542,0.05266865214392358,0.10444597839777901,1.879756013711207
430,3.5805092999999033,230.01918856245493,360.08579134972,49.72132098442553,77.83672886390094,4.771558144542237,-0.1981827230725095,1.1306871862800076,-4.771558144542237,-0.06931281371999225,0.21616162240710268,-0.00726768551385959,0.002739134782871133,4.885649724355752,0.09145017579223802,0.05178163689942935,0.10509268562757153,1.8604000325284844
431,3.5848788999992394,230.020670095936,360.08056801565266,49.72164123510645,77.83559977953456,4.930104323000244,-0.03963654461450172,0.7379447050236091,-4.930104323000244,-0.46205529497639086,0.21616162240710268,-0.006947434832937915,0.0038682191492540596,4.8869708719951745,0.11975908874212905,0.1160920823613562,0.16679211888857653,3.3146591815238065
432,3.5957917999994606,230.03454450762658,360.07415811719443,49.72464035044743,77.83421420548437,4.96181317722212,-0.007927690392626197,1.0710391881929928,-4.96181317722212,-0.12896081180700705,0.21616162240710268,-0.003948319491961172,0.005253793199443635,4.887235101523059,0.09266620006575745,0.09165748611299762,0.1303384801015469,1.74528759651133
433,3.600323699999535,230.03896297016837,360.0672226958025,49.72559545247901,77.83271503354422,4.968155329536221,-0.0015855380785252393,1.085951667583318,-4.968155329536221,-0.11404833241668197,0.21616162240710268,-0.0029932174603786166,0.006752965139597222,4.9202637927655495,0.11486380078165419,0.0814200052587014,0.1407938563515273,1.693323829660975
434,3.6122342999997272,230.03938094029598,360.07455256115765,49.725685801579914,77.83429946913141,4.804544533314472,-0.16519633430027447,1.240526829772275,-4.804544533314472,0.04052682977227505,0.21616162240710268,-0.002902868359477395,0.005168529552406653,4.926869531014049,0.10240500101354992,0.04617542901495002,0.11233411982696907,1.6370828609567485
435,3.616676599999664,230.0395426532869,360.07817030581674,49.72572075772239,77.83508148668638,4.9367016007546916,-0.03303926686005454,0.8029991094112678,-4.9367016007546916,-0.39700089058873206,0.21616162240710268,-0.0028679122169990023,0.004386511997438447,4.928190678663748,0.16435397215683412,0.07321191315384187,0.17992279564128358,1.6347300067130954
436,3.6291690999996717,230.04017817430804,360.07342136063386,49.7258581329774,77.83405494699092,4.963133014242736,-0.006607853372010197,1.0787475977368175,-4.963133014242736,-0.12125240226318247,0.21616162240710268,-0.0027305369619909925,0.005413051692897852,4.928454831899742,0.1708372151042245,0.024895222028806206,0.1726416118565586,-0.4079403025528706
437,3.633413099999416,230.05165526135045,360.0682744685764,49.72833903873299,77.83294238645342,4.968418915470618,-0.0013219521441278914,1.087323621046663,-4.968418915470618,-0.11267637895333699,0.21616162240710268,-0.0002496312064010908,0.0065256122303907205,4.9285076625469415,0.23556757573513176,0.029297211095546463,0.2373824115550772,-2.309026815847063
438,3.6446820999999545,230.06433211978097,360.0636231825738,49.73107928901836,77.83193695692482,4.969476095716194,-0.0002647718985517855,1.0987633432229147,-4.969476095716194,-0.10123665677708521,0.21616162240710268,0.002490619078969303,0.007531041758994661,4.895542383339467,0.25036175042150915,0.05116275093982116,0.2555359723362881,-3.0500223645352826
439,3.649102800000037,230.0711062233046,360.0658935886122,49.732543590226385,77.83242773157761,4.804808686550466,-0.16493218106428031,1.475465289726254,-4.804808686550466,0.27546528972625384,0.21616162240710268,0.003954920286993513,0.007040267106205533,4.855973482161058,0.2865880483087792,-0.008814744145811765,0.28672357619803657,-5.256690619462521
440,3.661102399999436,230.07564932804294,360.06959687127414,49.73352563511739,77.83322823916605,4.77187520471732,-0.19786566289742602,1.1310204742506715,-4.77187520471732,-0.06897952574932836,0.21616162240710268,0.00493696517799691,0.006239759517768562,4.815083932882407,0.18102521093270704,-0.04807582296668628,0.18730032500547147,-5.402471788895931
441,3.664839499999289,230.07897092576073,360.07336082670525,49.73424363706905,77.8340418618787,4.765288508350691,-0.2044523592640548,1.1213140709486207,-4.765288508350691,-0.07868592905137935,0.21616162240710268,0.005654967129657962,0.005426136805112947,4.773930253983709,0.07179433639042403,-0.08489314234844843,0.11118125901218825,-3.119921893427288
442,3.67632759999924,230.08198714672338,360.06986150794586,49.73489562828587,77.83328544345835,4.763971169077365,-0.20576969853738092,1.104807233577273,-4.763971169077365,-0.09519276642272702,0.21616162240710268,0.006306958346478098,0.0061825552254646254,4.765699518203968,-0.017819272879326265,-0.07188424275748288,0.07405991387224686,-1.2291069976453877
443,3.6800188999995953,230.07681316241326,360.07148149026773,49.73377721144309,77.83363562146532,4.7637077012227,-0.2060331663920465,1.1043619732325847,-4.7637077012227,-0.0956380267674153,0.21616162240710268,0.005188541503699184,0.005832377218496276,4.797029216384935,-0.10692133589322399,-0.09566805800718037,0.14347316610452582,1.249534029483424
444,3.692469799999344,230.07008372273222,360.07412952784034,49.73232256484374,77.8342080255632,4.763655007651767,-0.2060858599629789,1.103632282837645,-4.763655007651767,-0.09636771716235483,0.21616162240710268,0.0037338949043501657,0.0052599731206157685,4.803295156021129,-0.14184070795604706,-0.06325496149422027,0.15530607388994136,4.132009506119051
445,3.6962790999996287,230.06367495289985,360.0774007901632,49.730937234759146,77.83491514693424,4.92852369562215,-0.04121717199259578,0.6674680805321656,-4.92852369562215,-0.5325319194678344,0.21616162240710268,0.0023485648197549835,0.004552851749579645,4.837524112991336,-0.07258488074717075,-0.035894812368108577,0.08097532011682769,6.396988467519298
446,3.7079906999997547,230.06462479291247,360.0804158713689,49.7311425537173,77.83556689177935,4.796618206531657,-0.17312266108308894,1.2154838162953439,-4.796618206531657,0.015483816295343816,0.21616162240710268,0.0025538837779066625,0.0039011069044647684,4.877345673428346,0.01656169009323396,0.0005053950128177942,0.016569399592722273,4.280772400838442
447,3.7118498999998337,230.07182026072812,360.076797998604,49.732697937714306,77.83478484653283,4.935115953928403,-0.03462491368634346,0.7411899139129067,-4.935115953928403,-0.4588100860870933,0.21616162240710268,0.0041092677749148265,0.00468315215098869,4.918285754558717,0.10968540957010012,0.05452361159148005,0.12248964565847673,3.9545679355075016
448,3.7236894999996366,230.0796387199672,360.07202542738537,49.73438798854815,77.83375319979515,4.962815503407751,-0.006925364206995077,1.0760583180215426,-4.962815503407751,-0.12394168197845744,0.21616162240710268,0.005799318608758597,0.005714798888661221,4.8934979254478765,0.18709238461138425,0.08382685273994207,0.20501341814588153,1.5992562853402377
449,3.728085399999145,230.08673173199375,360.06746772159244,49.73592122553556,77.83276799871649,4.968355413303621,-0.0013854543111246898,1.0867189120880987,-4.968355413303621,-0.11328108791190136,0.21616162240710268,0.0073325555961716304,0.006699999967324288,4.8885403596257095,0.18080766943200305,0.05944434745316853,0.19032877809087492,0.6047373209025705
450,3.740256000000045,230.0880472213285,360.0696699699489,49.73620558384442,77.83324404029418,4.804584550067951,-0.16515631754679472,1.2371009886693238,-4.804584550067951,0.03710098866932379,0.21616162240710268,0.007616913905032163,0.006223958389639961,4.854573077418307,0.09715474515420615,0.005262729844873096,0.0972971779210418,-2.1291472014153636
451,3.7445763999994597,230.08776955679696,360.07321888408876,49.7361455634288,77.83401117933244,4.771830377420818,-0.19791049019392837,1.1789855938078802,-4.771830377420818,-0.021014406192119847,0.21616162240710268,0.007556893489407912,0.005456819351380204,4.8477796209768265,0.10716477146971484,0.01910893419178862,0.10885513129890716,-0.47244547354928756
452,3.755793199999971,230.08697916288088,360.07676114192066,49.73597471059756,77.83477687953236,4.76527954289139,-0.20446132472335599,1.1090905340183497,-4.76527954289139,-0.09090946598165035,0.21616162240710268,0.007386040658168724,0.0046911191514595885,4.8134451606455615,0.037749909811052945,-0.0075946267413097845,0.03850628579962561,-0.15848637235829985
453,3.760011200000008,230.09074122016358,360.07370993880045,49.73678792300338,77.8341173265156,4.928848221200349,-0.04089264641439705,0.7121708829248257,-4.928848221200349,-0.4878291170751743,0.21616162240710268,0.008199253063985168,0.005350672168219717,4.8395540376222765,0.04016342739040307,-0.007976920005986,0.040947920002438215,0.41253670415913785
454,3.7718244999996386,230.0908348716913,360.06875860042277,49.73680816686955,77.83304703717879,4.7966831116472965,-0.17305775596744954,1.2144230390966826,-4.7966831116472965,0.014423039096682647,0.21616162240710268,0.008219496930159664,0.006420961505028799,4.84477581301762,0.02334813692092093,-0.0840943373134701,0.08727538636906605,-0.8776278501148422
455,3.7880951999995887,230.0935018697783,360.0718466325276,49.737384669502994,77.83371455120862,4.93512893495153,-0.03461193266321594,1.0146065551536376,-4.93512893495153,-0.1853934448463624,0.21616162240710268,0.008795999563602663,0.005753447475200346,4.845820168096688,0.018286777268094426,-0.08580204820349818,0.08772911545643397,-0.37589744663781793
456,3.7921791999997367,230.09165091910472,360.0823918949483,49.736984565002395,77.83599403224218,4.797939254397533,-0.17180161321721332,1.438339677173692,-4.797939254397533,0.238339677173692,0.21616162240710268,0.008395895063003422,0.0034739664416321148,4.813053270069533,-0.04283986600637519,-0.1408774264966659,0.14724708287693744,-3.246287484785693
457,3.8040440999993734,230.08942579129962,360.0866074952214,49.73650357776598,77.83690528323665,4.770501318286733,-0.1992395493280128,1.1260372496475572,-4.770501318286733,-0.07396275035244265,0.21616162240710268,0.007914907826588546,0.0025627154471692393,4.806499890464102,-0.051089700276675996,-0.1649765493854422,0.17270616468872163,-3.4578976300248994
458,3.8082447999995566,230.0872330042214,360.0889202453874,49.736029581353556,77.83740521106473,4.765013731064574,-0.20472713655017216,1.116065192524198,-4.765013731064574,-0.0839348074758019,0.21616162240710268,0.007440911414164475,0.0020627876190815186,4.772213445500048,-0.13976841610104007,-0.1616099538824339,0.21366559698106732,-3.529521298883771
459,3.819376299999931,230.08519707551824,360.0904597366398,49.73558949170198,77.83773798999154,4.763916213620142,-0.20582465399460403,1.1039565631989736,-4.763916213620142,-0.09604343680102644,0.21616162240710268,0.007000821762588316,0.0017300086922773517,4.765356156507236,-0.1293811456340073,-0.05256909115271434,0.13965310662563363,-1.367545058573987
460,3.8240421999998944,230.0763911267897,360.0909819385545,49.73368598353799,77.83785087000464,4.7636967101312555,-0.2060441574834906,1.1034232117723692,-4.7636967101312555,-0.09657678822763083,0.21616162240710268,0.0050973135985969975,0.001617128679171742,4.763984698708675,-0.06484136188927465,-0.11916921802898128,0.13566762597353413,0.5886049215648945
461,3.8357772999997906,230.07389209322088,360.091684693623,49.7331457883873,77.8380027786804,4.763652809433478,-0.20608805818126807,1.102935155673019,-4.763652809433478,-0.09706484432698101,0.21616162240710268,0.00455711844790585,0.00146522000341065,4.796686252485877,-0.03631985249914012,-0.07636685611503471,0.08456375345532925,2.90857091287655
462,3.840059299999666,230.07948147667435,360.09980258209714,49.734353998582854,77.8397575546235,4.763644029293923,-0.20609683832082304,1.1028980283804588,-4.763644029293923,-0.09710197161954115,0.21616162240710268,0.005765328643462908,-0.0002895559396876024,4.8362023322842855,0.01570001127106788,0.007679034669693385,0.017477354701727933,3.42498497891485
463,3.851950499999475,230.08111914846546,360.0945765000165,49.73470800037419,77.83862787624211,4.928521499950582,-0.0412193676641639,0.9608663370040547,-4.928521499950582,-0.23913366299594524,0.21616162240710268,0.006119330434799508,0.0008401224417013964,4.877081317286936,0.11301006382084425,0.038749911711151344,0.11946895070441238,3.5107782934136615
464,3.8561089999993783,230.08536233716518,360.0870672817424,49.7356252149277,77.83700467143699,4.961496612612187,-0.008244255002558987,1.0195455435904996,-4.961496612612187,-0.18045445640950034,0.21616162240710268,0.007036544988309856,0.0024633272468292944,4.885257114287466,0.0314862120224781,0.14099766774801237,0.1444704947658979,2.972584663006846
465,3.868218199999319,230.0897648091448,360.07971970129495,49.73657686041342,77.83541640652669,4.968091635144508,-0.0016492324702381822,1.0932028826031697,-4.968091635144508,-0.10679711739683033,0.21616162240710268,0.007988190474030432,0.004051592157125583,4.886892273687572,-0.0365705181682205,0.1971852456156458,0.2005478094809183,0.5893699026837615
466,3.871636299999409,230.08259134877056,360.07184032571433,49.735026233580655,77.83371318791762,4.804531794436128,-0.16520907317861777,1.580414935605792,-4.804531794436128,0.3804149356057919,0.21616162240710268,0.006437563641263466,0.005754810766191554,4.8872193055675925,-0.12066585528640447,0.14849173457158898,0.1913375129661686,-0.3849870971588467
467,3.8838812999993024,230.07929880765164,360.07914019617465,49.73431451255055,77.83529113975969,4.771819826294452,-0.19792104132029387,1.1292143077010481,-4.771819826294452,-0.07078569229895186,0.21616162240710268,0.00572584261115594,0.004176858924125781,4.854308942900628,-0.19915544933645907,0.039905470524678355,0.20311410482337974,-0.800663329609678
468,3.8884711999999126,230.07100268042853,360.0822926784382,49.7325212082303,77.83597258544039,4.930156659350688,-0.03958420826405806,0.7543424545552588,-4.930156659350688,-0.4456575454447411,0.21616162240710268,0.003932538290911225,0.0034954132434279472,4.847726870367236,-0.17977977242053433,0.017794393737871988,0.18065826031509752,-0.8401018358541252
469,3.900189699999828,230.06168453851535,360.0905652350392,49.73050698355653,77.83776079469672,4.796944799277364,-0.17279606833738193,1.2155949606527319,-4.796944799277364,0.015594960652731901,0.21616162240710268,0.0019183136171392334,0.0017072039870953404,4.846410455860557,-0.10796893304738975,-0.08076816331952266,0.1348361476363101,-0.8601084100502743
470,3.9044254000000365,230.06512282530267,360.0901614503614,49.73125020920678,77.83767351194567,4.935181272477544,-0.034559595137202415,0.7727723849320269,-4.935181272477544,-0.427227615067973,0.21616162240710268,0.002661539267386104,0.0017944867381487484,4.846147172959222,-0.21981516488745828,-0.10812407418295364,0.24496841047861934,1.0099973111339322
471,3.9165301999992153,230.05982547561277,360.08985451053957,49.73010512550335,77.83760716333579,4.797949721902736,-0.17179114571201026,1.2151888659124057,-4.797949721902736,0.015188865912405647,0.21616162240710268,0.0015164555639586297,0.0018608353480260575,4.846094440085009,-0.1533106767411827,-0.0694633739137373,0.1683131721473964,1.4205242125677082
472,3.921477799999593,230.0456951994696,360.09593469697086,49.72705070208718,77.83892146629933,4.770503411787774,-0.19923745582697183,1.1578186456103154,-4.770503411787774,-0.04218135438968445,0.21616162240710268,-0.0015379678522080553,0.0005465323844902059,4.879059662553136,-0.04280608372970178,-0.005274986371029716,0.04312987694729477,3.0733434954590577
473,3.9321357999997417,230.04282638775803,360.09372396965284,49.726430575093225,77.83844359189555,4.9298929949796255,-0.039847872635120574,0.9495550805307765,-4.9298929949796255,-0.2504449194692234,0.21616162240710268,-0.0021580948461661364,0.0010244067882609897,4.88565270704676,-0.04613964834274759,0.0018868815158799741,0.046178214247060055,3.722004811902434
474,3.936342799999693,230.05023449000592,360.0904475939757,49.72803192249409,77.83773536521356,4.961770911617996,-0.007969955996750322,1.0226723786944123,-4.961770911617996,-0.17732762130558755,0.21616162240710268,-0.000556747445301653,0.001732633470254541,4.9199471612823995,-0.04872915298011024,0.09379051869062172,0.10569385860311302,4.178485169414961
475,3.948864899999535,230.05943362250147,360.08717946441186,49.73002042189907,77.83702892102481,4.96814649494567,-0.0015943726690759163,1.0931647027820535,-4.96814649494567,-0.10683529721794657,0.21616162240710268,0.0014317519596787065,0.0024390776590053065,4.959781821172497,0.09877268038823804,0.1451061190620563,0.17553298316934252,2.293623200198981
476,3.9523621999996976,230.05769364122108,360.07965619422794,49.72964430472254,77.83540267873605,4.969421993080931,-0.00031887453381518327,1.0945661843532846,-4.969421993080931,-0.10543381564671539,0.21616162240710268,0.0010556347831496282,0.004065319947770263,4.967748829444461,0.0705698980987081,0.1205819436000479,0.1397144074175143,1.8249228980275767
477,3.9637266999998246,230.06401066006111,360.08013285959214,49.731009801763776,77.83550571549452,4.969676711238257,-6.415637648871098e-05,1.0979275710136585,-4.969676711238257,-0.10207242898634157,0.21616162240710268,0.002421131824384304,0.00396228318929559,4.936366462055885,-0.021889226484582976,0.10789662376519812,0.11009459412715088,0.17475716592083337
478,3.967365399999835,230.06065751120667,360.08144221148007,49.730284979667225,77.83578874712292,4.969728036339449,-1.2831275297386924e-05,1.0979915427049525,-4.969728036339449,-0.10200845729504754,0.21616162240710268,0.0016963097278335226,0.003679251560896546,4.930090064872115,-0.10861146546871914,0.09210444036208447,0.14240673567523252,-0.4743083625066816
479,3.980036199999631,230.05587101232317,360.075292193495,49.72925032230292,77.83445934925743,4.804859074675116,-0.1648817929396298,1.2314863411982746,-4.804859074675116,0.03148634119827458,0.21616162240710268,0.0006616523635258886,0.005008649426386569,4.928834785435361,-0.10382710132529577,-0.008145713090629865,0.1041461454465219,-0.9307886781436531
480,3.9839479999991454,230.05089783730932,360.0757001846042,49.728175312723415,77.83454754127753,4.936764509026821,-0.03297635858792525,0.761512853709916,-4.936764509026821,-0.438487146290084,0.21616162240710268,-0.0004133572159759069,0.00492045740628555,4.92858372954801,-0.0490968356776887,-0.040738872934420654,0.0637977667440549,1.318226936671594
481,3.9954744999995455,230.04643875376092,360.077633237069,49.72721142998914,77.83496539303451,4.963145595897162,-0.006595271717584339,1.0752395090161688,-4.963145595897162,-0.1247604909838312,0.21616162240710268,-0.0013772399502514077,0.0045026056493071565,4.92853351837054,-0.015845149314013974,-0.032853403686378665,0.03647485285184242,1.773390949158597
482,3.9993602999993527,230.05351795260037,360.0807257531149,49.72874168109562,77.83563387632032,4.968421431801503,-0.0013194358132428974,1.0844248017890439,-4.968421431801503,-0.11557519821095598,0.21616162240710268,0.00015301115622889938,0.0038341223635001143,4.961499245178015,0.019930333953068938,-0.06097864194404408,0.06415304345719526,1.8094457717647565
483,4.011327700000038,230.05169430748603,360.0828492849584,49.72834747900901,77.83609290240884,4.9694769804520975,-0.0002638871626485795,1.0970394184420078,-4.9694769804520975,-0.10296058155799209,0.21616162240710268,-0.00024119093038166284,0.003375096274979228,4.968092314245564,0.1823520773922918,-0.08776199502347072,0.20237205315898757,1.8374085561263023
484,4.027565699999286,230.05899749044573,360.0855316571771,49.729926146886314,77.83667272833954,4.96968770871249,-5.315890225610076e-05,1.0977067513544996,-4.96968770871249,-0.10229324864550046,0.21616162240710268,0.0013374769469223224,0.002795270344279288,4.969410928059074,0.18947796423108615,-0.08489114711095253,0.20762563855884983,1.8391201248610116
485,4.031053499999871,230.0676668530802,360.0880561931029,49.731800130378616,77.83721843612108,4.9697298543645685,-1.1013250177605016e-05,1.0976975124275545,-4.9697298543645685,-0.10230248757244549,0.21616162240710268,0.0032114604392248225,0.0022495625627385607,4.969674727115722,0.049054339882540876,-0.06036756512535496,0.0777854175310245,0.1429794336829235
486,4.043610299999273,230.06487890199077,360.0893281962249,49.73119748234793,77.83749339437965,4.96973866496471,-2.202650035698639e-06,1.097748752957652,-4.96973866496471,-0.10225124704234802,0.21616162240710268,0.002608812408539052,0.001974604304166405,4.9697274869270505,0.03803309721341332,-0.05471569280756217,0.06663575258865513,0.03282997947797359
487,4.047204099999362,230.05975305069302,360.0901497370445,49.730089470015194,77.83767097997608,4.969740427084739,-4.405300071397278e-07,1.0977329708365071,-4.969740427084739,-0.10226702916349281,0.21616162240710268,0.0015008000758029993,0.001797018707733855,4.969738038889317,0.09050875842405373,-0.0633991622232934,0.11050470180982884,0.016612405727095176
488,4.0599310999996305,230.05456915256582,360.0907442213705,49.72896891018563,77.83779948467249,4.969740779508745,-8.810600071740282e-08,1.09767434020891,-4.969740779508745,-0.10232565979108996,0.21616162240710268,0.0003802402462369514,0.0016685140113281705,4.969740225575716,-0.02674856503972848,-0.03357340514934482,0.04292620720500052,0.0014868963309340448
489,4.063651099999333,230.0607576140692,360.0921059161825,49.7303066180644,77.83809383083226,4.96974046852382,-3.990909265283449e-07,1.0976569718855607,-4.96974046852382,-0.10234302811443918,0.21616162240710268,0.001717948125005364,0.0013741678515515332,4.969740662912995,-0.06725434868476185,-0.03034297110660831,0.07378240516944398,-1.713229268779161
490,4.075709999999162,230.058024639113,360.0925150044362,49.72971585376387,77.8381822600129,4.969740787796561,-7.981818495039761e-08,1.097595935150855,-4.969740787796561,-0.1024040648491449,0.21616162240710268,0.0011271838244795163,0.0012857386709157481,4.969740750380452,-0.021109323093071855,-0.020307280631846013,0.02929145213382643,-2.362882120611276
491,4.0795580999993035,230.05356484508098,360.0926172764997,49.72875181745031,77.83820436730807,4.9697408516511095,-1.5963636634808154e-08,1.0975769086372134,-4.9697408516511095,-0.10242309136278652,0.21616162240710268,0.0001631475109178382,0.0012636313757496964,4.936764922537028,-0.06032805409316336,-0.09372148763709587,0.11145937087377605,-4.667424176739505
492,4.091751299999487,230.04918833041086,360.0925741799648,49.727805782938724,77.83819505149117,4.969740864422019,-3.192726971690263e-09,1.0975164668015507,-4.969740864422019,-0.10248353319844922,0.21616162240710268,-0.0007828870006676425,0.0012729471926462566,4.897193987925375,-0.14240375394924765,-0.05447001028005717,0.1524657704494599,-4.7946704528613076
493,4.095299999999952,230.04452364510271,360.0987661035849,49.7267974569945,77.83953350774671,4.804861640291631,-0.164879227323115,1.5654156714064857,-4.804861640291631,0.36541567140648573,0.21616162240710268,-0.0017912129448944825,-6.550906289248815e-05,4.85630395566613,-0.08947495710532277,-0.11613857837632394,0.14660810801682453,-4.886655217129118
494,4.108156199999939,230.04150353090458,360.0917996801931,49.726144624209574,77.83802763436395,4.771885795465553,-0.19785507214919296,1.127044939615426,-4.771885795465553,-0.07295506038457386,0.21616162240710268,-0.002444045729816935,0.001440364319861942,4.848125949214282,-0.044183427537615214,-0.11653980129342607,0.12463426717593733,-2.6542081762522396
495,4.1117124999991574,230.04505148087068,360.0969931939741,49.726911554830465,77.83915027272884,4.765290626500338,-0.20445024111440802,1.1200551657531814,-4.765290626500338,-0.07994483424681859,0.21616162240710268,-0.0016771151089258751,0.00031772595497159273,4.846490347923912,-0.05448953854982653,-0.10917200101925563,0.12201489916367339,-1.6636822716693649
496,4.124304299999494,230.04364965000283,360.0974447096263,49.72660853279573,77.83924787308477,4.928850819391865,-0.04089004822288089,0.9682826577159759,-4.928850819391865,-0.23171734228402407,0.21616162240710268,-0.001980137143661409,0.0002201255990428308,4.879139073002752,-0.0033385578404959418,-0.003670339185544356,0.004961588273051215,1.2239830230102728
497,4.128128899999865,230.0413651407722,360.09677939029723,49.726114709574034,77.83910405657919,4.96156285797017,-0.008178009644575823,1.011973038318218,-4.96156285797017,-0.18802696168178207,0.21616162240710268,-0.0024739603653571862,0.0003639421046273128,4.8856688180185195,-0.00888620090041058,0.07902871773355716,0.0795267426282047,1.7087640699922004
498,4.139886199999637,230.0398212656618,360.08860219620715,49.72578098302537,77.83733646103794,4.968105265685831,-0.001635601928914987,1.0917498430729606,-4.968105265685831,-0.10825015692703925,0.21616162240710268,-0.002807686914017893,0.002131537645880144,4.919950612358587,-0.057162041337088604,0.14606513499192,0.1568519130582437,1.8224469535388974
499,4.143721299999925,230.03842821680607,360.0791879025674,49.72547985932463,77.83530145205096,4.804534520544394,-0.16520634707035242,1.5270771078369374,-4.804534520544394,0.3270771078369374,0.21616162240710268,-0.003108810614762092,0.004166546632859536,4.9268069712266005,-0.06594691616233157,0.1378456400416409,0.1528084298388385,1.3172334751936525
500,4.15635999999995,230.03692410132066,360.07804740288793,49.725154727281016,77.83505491978988,4.936699598200676,-0.033041269414070484,0.9932899523668554,-4.936699598200676,-0.20671004763314457,0.21616162240710268,-0.0034339426583755994,0.00441307889393272,4.928178243000204,-0.044109393877458415,0.12492264790544583,0.13248134430154593,1.565726840649173
501,4.160466299999825,230.03563254510556,360.07897535169855,49.72487554239413,77.8352555067103,4.963132613731933,-0.006608253882813386,1.0329407893699811,-4.963132613731933,-0.16705921063001886,0.21616162240710268,-0.0037131275452608747,0.004212491973518695,4.928452497354924,-0.04670290093310263,0.07935919070365707,0.09208171427979937,-0.32247487424203225
502,4.1716639999995095,230.03460012236036,360.0803746362645,49.724652372218515,77.83555797833228,4.968419216838184,-0.001321650776562322,1.0924301283102869,-4.968419216838184,-0.107569871689713,0.21616162240710268,-0.00393629772087678,0.003910020351540311,4.961483117268837,0.006037536006429058,-0.035126955571762285,0.03564203766298286,-0.7675616915801557
503,4.175705199999356,230.03382703254323,360.08182309021845,49.72448525986938,77.83587107848895,4.969476537459434,-0.0002643301553124644,1.0944936970002042,-4.969476537459434,-0.10550630299979588,0.21616162240710268,-0.004103410070008806,0.0035969201948660157,4.935113395914706,0.02697929842525135,0.033351764610886,0.04289781749901407,-0.8460879648731663
504,4.187755999999354,230.04415088045027,360.084153587496,49.72671687958245,77.83637484256148,4.969687620113957,-5.324750078905538e-05,1.0968707790531904,-4.969687620113957,-0.10312922094680944,0.21616162240710268,-0.0018717903569438477,0.00309315612233263,4.929839451643879,0.03632691163499966,0.042692645692467945,0.05605627980128253,-0.8630213168195711
505,4.191468299999542,230.04550732460476,360.0779384212881,49.72701009075159,77.83503136215045,4.804850991430018,-0.16488987618472795,1.5443531429988373,-4.804850991430018,0.34435314299883735,0.21616162240710268,-0.0015785791878002442,0.00443663653337012,4.928784662789714,0.024469051472589227,0.03267248714100747,0.04081943037264875,-1.4548699589678118
506,4.20326809999915,230.04434725961798,360.0780554671384,49.72675932922195,77.83505666297135,4.936762892377801,-0.032977975236945234,0.9858367031000657,-4.936762892377801,-0.21416329689993435,0.21616162240710268,-0.0018293407174425624,0.00441133571246155,4.928573705018881,0.026854307877634,0.04143111468735654,0.04937297961257398,0.4161093386401442
507,4.207712999999785,230.04271828463106,360.0796411250854,49.726407207345915,77.83539942136575,4.963145272567357,-0.006595595047389047,1.0377243645498864,-4.963145272567357,-0.16227563545011364,0.21616162240710268,-0.002181462593476624,0.004068577318065536,4.928531589758659,-0.02291401600892031,0.034381822089339015,0.041317814799914296,-0.5944832879826951
508,4.219363599999269,230.04113229942925,360.08145660695493,49.726064378211575,77.83579185887213,4.968421748605269,-0.001319119009477454,1.0923862908082957,-4.968421748605269,-0.1076137091917043,0.21616162240710268,-0.002524291727816319,0.0036761398116880173,4.96149901204353,-0.04339612641053973,-0.043900205414303825,0.06172885729428024,-1.2217231364736645
509,4.224168599999757,230.03971727895888,360.08316932751995,49.725758505090965,77.83616208332819,4.969477043812851,-0.0002638238018954908,1.0946739933703877,-4.969477043812851,-0.10532600662961221,0.21616162240710268,-0.002830164848425909,0.0033059153556251886,4.9351166511635896,-0.04238102293059102,-0.04533550779038968,0.06206012706445069,-1.7171288187854166
510,4.235352400000011,230.0385052169565,360.08469614047374,49.72549650380207,77.83649212169338,4.969688102854367,-5.276476037874289e-05,1.0966217175792312,-4.969688102854367,-0.10337828242076881,0.21616162240710268,-0.0030921661373213283,0.002975876990433335,4.896864333650687,-0.031039678937871535,0.03016305053661916,0.04328130411899331,-2.062229972888087
511,4.251636099999814,230.03728667411218,360.08539827828247,49.72523310160387,77.83664389694128,4.804851087978101,-0.16488977963664553,1.201257166887783,-4.804851087978101,0.0012571668877829345,0.21616162240710268,-0.0033555683355217525,0.002824101742533003,4.8562380248111925,-0.0044774479182282285,0.010919174007055749,0.011801521124702874,-2.6561514546574694
512,4.256319299999632,230.03679893293236,360.0788904631253,49.72512767067913,77.83523715705857,4.771883685002847,-0.19785718261189889,1.1710609714333458,-4.771883685002847,-0.028939028566654215,0.21616162240710268,-0.003460999260262554,0.004230841625243897,4.848112763043294,0.011057712733006993,-0.006462658019301383,0.0128077694998054,-1.5781193304241936
513,4.267932499999915,230.04235326716864,360.0858694663673,49.72632830457903,77.83674574972216,4.765290204407797,-0.20445066320694938,1.1064200396888833,-4.765290204407797,-0.09357996031111673,0.21616162240710268,-0.002260365360363892,0.0027222489616605117,4.846487710689714,0.012165704801342986,-0.004752911239872935,0.013061184424374777,-0.8951159466326002
514,4.27116819999992,230.04256310927263,360.08832375086916,49.72637366438868,77.83727627184193,4.928850734973357,-0.04089013264138952,0.591967991330751,-4.928850734973357,-0.608032008669249,0.21616162240710268,-0.0022150055507097477,0.002191726841886066,4.846162700218998,-0.009862973027291092,-0.0932997719917742,0.09381964448160163,1.5598851072610402
515,4.283396199999515,230.0415512692615,360.0895095265845,49.72615494341026,77.83753259104436,4.961562841086469,-0.008178026528277371,1.0699885902253263,-4.961562841086469,-0.13001140977467357,0.21616162240710268,-0.0024337265291336507,0.0019354076394506592,4.846097698124855,-0.008108771377415011,-0.13231205582212335,0.13256029680537032,2.0085697822204596
516,4.286766599999282,230.0395816954892,360.0965579846735,49.72572919714819,77.83905619718035,4.803226035624521,-0.16651483199022543,1.5696773334336993,-4.803226035624521,0.36967733343369946,0.21616162240710268,-0.002859472791200801,0.0004118015034606515,4.87906054304294,-0.03751713758043567,-0.094689961780585,0.10185148243515156,2.0986008680885493
517,4.299732799999219,230.03875742338403,360.0902405703871,49.725551021152626,77.83769061465878,4.771558674532131,-0.19818219308261487,1.1248854282833975,-4.771558674532131,-0.0751145717166024,0.21616162240710268,-0.003037648786765601,0.0017773840250328021,4.885653112026557,-0.043127601521284344,-0.062192433665533974,0.07568281719267943,2.683676061456451
518,4.303982999999789,230.0378990421253,360.0890960923038,49.7253654720671,77.8374432224195,4.930104428998224,-0.03963643861652244,0.7242392713350817,-4.930104428998224,-0.47576072866491825,0.21616162240710268,-0.0032231978722947474,0.002024776264320849,4.886971625823281,-0.04579584794039808,-0.06105743358219699,0.07632345566223046,4.449481355437356
519,4.315749499999583,230.03713513040438,360.0891761837205,49.725200343670124,77.83746053511007,4.961813579891442,-0.00792728772330431,1.0696293161246835,-4.961813579891442,-0.13037068387531656,0.21616162240710268,-0.0033883262692668836,0.002007463573747259,4.920211173919539,-0.022504386971474496,0.02817737437313459,0.03606122376633457,2.633338945081878
520,4.3202400999998645,230.03648638880227,360.0894937529614,49.725060110632896,77.8375291813924,4.968155410070086,-0.0015854575446603292,1.0823063819166856,-4.968155410070086,-0.11769361808331438,0.21616162240710268,-0.003528559306495538,0.0019388172914176494,4.959834928875705,-0.024224883085951138,0.004314331956730331,0.024606064715042633,2.6105409469532463
521,4.3315710999995645,230.03596943655603,360.08980202710757,49.724948365396635,77.83759581843198,4.969423776105814,-0.0003170915089318882,1.095227785286546,-4.969423776105814,-0.10477221471345394,0.21616162240710268,-0.003640304542756212,0.0018721802518371078,4.967759679866939,-0.01666186557072644,-0.008063026217935617,0.018510271637338992,1.9990815043073622
522,4.3355891999999585,230.03555409619955,360.0900622011128,49.72485858475133,77.83765205806706,4.96967744931296,-6.341830178602237e-05,1.095690793857101,-4.96967744931296,-0.10430920614289893,0.21616162240710268,-0.0037300851880601726,0.001815940616751277,4.969344630065185,-0.016471715075389193,-0.009564036519755646,0.019046999555731168,1.105386622797991
523,4.347477799999979,230.0352328233663,360.0902645737157,49.72478913789446,77.83769580325723,4.969728183954389,-1.2683660356671567e-05,1.096219347285804,-4.969728183954389,-0.10378065271419591,0.21616162240710268,-0.0037995320449297765,0.001772195426582357,4.936685774767921,-0.01363976867986858,-0.029814102554174965,0.03278603362334618,-0.6812716239299565
524,4.351451999999881,230.03499228787283,360.09042960778436,49.724737143351945,77.83773147728927,4.9697383308826755,-2.5367320706237706e-06,1.0962165366454621,-4.9697383308826755,-0.10378346335453789,0.21616162240710268,-0.0038515265874465854,0.0017365213945481628,4.930154003708468,-0.013923924106777424,-0.038196819679150805,0.04065553709069479,-0.8347183083550542
525,4.363373399999546,230.0340509589311,360.0968566695242,49.72453366416068,77.83912076138226,4.804861133583762,-0.16487973403098444,1.2377858846117988,-4.804861133583762,0.037785884611798784,0.21616162240710268,-0.004055005778710097,0.00034723730155405974,4.928847649496577,-0.009391669508883446,-0.033528614405810925,0.03481912463198412,-1.4400285562521429
526,4.3672242999991795,230.03384995897105,360.0977081249006,49.72449021568321,77.83930481335783,4.93676492080855,-0.03297594680619653,0.7542980768981398,-4.93676492080855,-0.4457019231018602,0.21616162240710268,-0.004098454256180162,0.0001631853259880245,4.928586378654199,-0.007218866382870635,-0.023724673983233115,0.02479863277409539,-1.2098493504160164
527,4.37977249999949,230.03386837353182,360.0971656786861,49.724494196204546,77.83918755730404,4.9631456782535075,-0.006595189361238596,1.0752118123076913,-4.9631456782535075,-0.1247881876923087,0.21616162240710268,-0.004094473734845394,0.00028044137977190076,4.895558279148809,-0.002738301621322517,0.009472759231731818,0.009860601565406541,-0.9037142488295976
528,4.383910900000046,230.0339645299064,360.09629764525744,49.72451498152248,77.83899992178979,4.968421829742499,-0.0013190378722471863,1.0833600126348395,-4.968421829742499,-0.11663998736516049,0.21616162240710268,-0.004073688416909249,0.0004680768940232838,4.888952659247731,0.006253007442670671,0.12440138298354722,0.12455843684912431,-0.8937112460268223
529,4.395616599999812,230.0344692208555,360.08779511443936,49.72462407633685,77.83716200093359,4.804597833355727,-0.16514303425901922,1.239281833728004,-4.804597833355727,0.03928183372800413,0.21616162240710268,-0.0039645936025394235,0.0023059977502271067,4.88763145897357,0.05001333652024238,0.13419417086865248,0.14321106565140876,-0.8810627870346195
530,4.400053999999727,230.03504171317286,360.078391039352,49.724747827204986,77.83512920080548,4.771833034078372,-0.19790783353637398,1.1738014586879912,-4.771833034078372,-0.026198541312008827,0.21616162240710268,-0.0038408427344052143,0.004338797878332912,4.887367142624793,0.17883111571148966,0.1836616390469692,0.25634384253193093,1.16775549989572
531,4.411551599999257,230.04607961164282,360.07832883893957,49.72713379724622,77.8351157554634,4.930158919437745,-0.039581948177001,0.9590370036153993,-4.930158919437745,-0.24096299638460064,0.21616162240710268,-0.00145487269317357,0.004352243220409946,4.887314203061091,0.22037243097221088,0.16858575773761003,0.2774620082904432,2.8002288995390257
532,4.415882299999794,230.05898999568416,360.07318633571145,49.72992452680649,77.83400414362238,4.96182409650962,-0.00791677110512623,1.0229677141962408,-4.96182409650962,-0.17703228580375907,0.21616162240710268,0.0013358568671009152,0.005463855061435652,4.920279460485266,0.20490506275656373,0.11361768921401018,0.2342969569704283,3.600912285482531
533,4.427383499999451,230.07030856459488,360.0747846210372,49.73237116702556,77.83434963157147,4.968157131923995,-0.001583735690751098,1.0903954197225258,-4.968157131923995,-0.10960458027747406,0.21616162240710268,0.003782497086170622,0.005118367112345368,4.9957985221019365,0.18815052633946394,0.03843535414877787,0.192036186721043,3.6611064759868635
534,4.43126570000004,230.06908699832644,360.0769008061382,49.7321071112791,77.83480706957621,4.969424120476596,-0.0003167471381502196,1.0925936164602723,-4.969424120476596,-0.10740638353972755,0.21616162240710268,0.0035184413397075787,0.004660929107600964,5.010902410719216,0.09471136355171325,0.025199153476493562,0.09800632490689912,3.694411336971739
535,4.443778999999267,230.06585191925933,360.0721426820033,49.73140781133934,77.8337785457436,5.149428342161726,0.17968747454697986,0.9483423589967325,-5.149428342161726,-0.2516576410032675,0.21616162240710268,0.0028191413999465453,0.005689452940217166,5.013923188442672,-0.009471389969861344,-0.012585551561864942,0.015751296330066018,1.6387040927434358
536,4.44751019999967,230.06136959602577,360.0732648575125,49.730438905077015,77.8340211170223,5.005678362524142,0.035937494909395795,1.4803137415714351,-5.005678362524142,0.28031374157143507,0.21616162240710268,0.0018502351376241677,0.005446881661512748,5.014527343987362,-0.03073883658544338,-0.013671631437565106,0.033642080506282764,-0.5856183087548349
537,4.45983139999953,230.06840865266855,360.0694026401594,49.73196047898114,77.83318625385316,4.976927985126899,0.007187117512152952,1.1188967603320563,-4.976927985126899,-0.08110323966794374,0.21616162240710268,0.0033718090417451663,0.0062817448306589085,4.9816723297593875,-0.05436270415723793,0.06495129913967149,0.08469932032323792,-2.215386544587679
538,4.47640439999941,230.0765656641437,360.07212208337967,49.73372371181559,77.8337740931117,4.971177909647451,0.0014370420327045608,1.0990648461448635,-4.971177909647451,-0.10093515385513639,0.21616162240710268,0.005135041876201285,0.005693905572115909,4.906175316781956,-0.062428967086414655,0.06832092796941192,0.09254796124214847,-2.3131529792774774
539,4.479950299999473,230.07351229616287,360.067606326509,49.73306369083905,77.83279795978014,4.805149049336717,-0.16459181827802905,1.5671265411121225,-4.805149049336717,0.3671265411121225,0.21616162240710268,0.004475020899661786,0.006670038903678233,4.891075837892525,0.060408715747973976,0.0850692647481482,0.1043359609296337,-4.4500577005214925
540,4.492155199999615,230.06807976471455,360.06201419149056,49.73188938602741,77.83158915480183,4.771943277274571,-0.1977975903401754,1.126711633581443,-4.771943277274571,-0.07328836641855693,0.21616162240710268,0.0033007160880202946,0.007878843881982789,4.888056018408584,0.021367861994024014,0.058724248831060276,0.06249098276525934,-3.502656276183972
541,4.495346400000017,230.07331342872746,360.061737678732,49.73302070333157,77.83152938335533,4.930180968076985,-0.03955989953776129,0.6004678392241019,-4.930180968076985,-0.5995321607758981,0.21616162240710268,0.004432033392177459,0.007938615328484389,4.854476285468827,-0.06016743700488511,0.1001876242713475,0.116866079479349,-0.6947858236157933
542,4.508029499999793,230.0691057924846,360.06549087720254,49.73211117385482,77.83234068082594,4.961828887707194,-0.007911979907552436,1.0706755115248723,-4.961828887707194,-0.12932448847512779,0.21616162240710268,0.0035225039154269666,0.007127317857879234,4.880736184217789,-0.04254267025274092,0.03426460005862873,0.05462546667453952,0.2759636350933186
543,4.512060299999575,230.06348769079693,360.0622864155897,49.730896755879165,77.83164799920476,4.803279244948666,-0.16646162266608044,1.4921253177613287,-4.803279244948666,0.29212531776132883,0.21616162240710268,0.0023080859397737186,0.007819999479053763,4.918964009304496,-0.07793985056261231,-0.031138190567283126,0.08392977551219101,0.39836516170453506
544,4.524900299999899,230.05766574594142,360.065513620499,49.72963827483363,77.8323455970538,4.93644854308153,-0.033292324533215734,0.9923387934163189,-4.93644854308153,-0.20766120658368104,0.21616162240710268,0.0010496048942414404,0.007122401630013542,4.926609650615783,-0.16441017094722335,-0.02330735669586561,0.1660540188825417,3.103377669896143
545,4.529094299999997,230.0523650448838,360.06993675473416,49.72849246669312,77.83330170892619,4.963082402708103,-0.0066584649066427914,1.0319950352480998,-4.963082402708103,-0.16800496475190008,0.21616162240710268,-9.620324627235277e-05,0.006166289757629784,4.928138702584095,-0.0855202139411485,0.01770685457340694,0.087334069477058,2.948585849683266
546,4.540179099999477,230.04837339623072,360.0669684416132,49.72762962544419,77.83266007354615,4.968409174633418,-0.0013316929813278477,1.0905326243429174,-4.968409174633418,-0.10946737565708259,0.21616162240710268,-0.0009590444952038979,0.006807925137664483,4.961420358314672,-0.03030138529354763,-0.0010796904558086368,0.030320614805580525,1.0756768613431709
547,4.5453130999994755,230.0560386615577,360.0636171104033,49.72928656163345,77.8319356443546,4.9694741475487545,-0.00026672006599159914,1.093216932534175,-4.9694741475487545,-0.1067830674658251,0.21616162240710268,0.0006978916940596491,0.007532354329214286,4.968076613166842,0.075289631579571,0.040217100586731676,0.08535774014693001,0.9702439337736349
548,4.556463999999323,230.05473918809452,360.0595978200813,49.729005665341376,77.83106682803766,4.969687523601548,-5.334401319778692e-05,1.0950402484786759,-4.969687523601548,-0.1049597515213242,0.21616162240710268,0.0004169954019843658,0.008401170646152423,4.969407864137275,0.12305341130196605,0.09714358195470423,0.15677696753044168,0.8982394474607458
549,4.5603627999998935,230.06249384853731,360.05685349554767,49.73068192532391,77.83047361039407,4.9697298173423805,-1.1050272365586977e-05,1.0951029009655,-4.9697298173423805,-0.10489709903449997,0.21616162240710268,0.0020932553845156576,0.008994388289750077,4.969674114331362,0.17636565150226713,0.10879427774868963,0.20722219451757132,0.2982949392654041
550,4.572061299999405,230.06063307517144,360.05378704332054,49.73027969753421,77.82981076110562,4.969738657560273,-2.210054472762124e-06,1.0951455078302714,-4.969738657560273,-0.10485449216972845,0.21616162240710268,0.001691027594816319,0.009657237578196032,4.9697274406641245,0.16255442903439624,0.08271722806909881,0.1823899180824803,0.039028355380202356
551,4.575958999999784,230.0640359848573,360.05169291561526,49.731015276012805,77.82935809106331,4.9697404256038515,-4.420108945524248e-07,1.0951291225025195,-4.9697404256038515,-0.10487087749748038,0.21616162240710268,0.0024266060734134953,0.010109907620503122,4.969738105930677,0.329148615058604,0.03140290402077474,0.33064324153978264,0.015168594171335635
552,4.588824499999646,230.0791346065659,360.051054942771,49.73427901857745,77.82922018581824,4.969740779212567,-8.840217891048496e-08,1.0950694385002224,-4.969740779212567,-0.10493056149977757,0.21616162240710268,0.005690348638061948,0.01024781286557186,4.969740315277933,0.22914559135618395,0.005003989808201849,0.22920022240821633,0.0015104776880128568
553,4.593062399999326,230.09497133474696,360.0545575589349,49.73770231143469,77.8299773170109,4.96974084993431,-1.7680435782096993e-08,1.095048483792173,-4.96974084993431,-0.1049515162078269,0.21616162240710268,0.009113641495297031,0.009490681672915002,4.969740680853438,0.2575215614713019,-0.0616279297242215,0.2647930443661825,0.0005987738913219494
554,4.604043099999217,230.09141174848168,360.05353349373763,49.736932865492484,77.82975595341641,4.969740864078659,-3.5360869787837146e-09,1.0949940662738975,-4.969740864078659,-0.10500593372610245,0.21616162240710268,0.008344195553092959,0.00971204526740621,4.9697406776745945,0.23458069614072186,-0.0853850716738328,0.2496371636327637,5.151220831135457e-05
555,4.60899629999949,230.09387497081184,360.0598692743133,49.737465319627724,77.83112550602486,4.969740485437803,-3.821769434253497e-07,1.094970235046082,-4.969740485437803,-0.1050297649539181,0.21616162240710268,0.00887664968833235,0.00834249265895437,4.969740677038826,0.11519454901982502,-0.0666707240016299,0.13309684279795062,1.716578550753256e-05
556,4.620587299999897,230.09784389529085,360.06001126389083,49.738323248782315,77.83115619872231,4.969740409709631,-4.579051147146629e-07,1.0949119331963089,-4.969740409709631,-0.10508806680369119,0.21616162240710268,0.009734578842923725,0.008311799961504107,4.969740676911672,-0.0824143147489981,-0.021230495737010795,0.08510495417298666,-8.697956751635005e-08
557,4.625115399999231,230.09065360077585,360.0578266074766,49.73676898305437,77.8306839598474,4.969740776033723,-9.158102276529689e-08,1.094888548051255,-4.969740776033723,-0.10511145194874498,0.21616162240710268,0.008180313114976911,0.00878403883640999,4.969740676886241,-0.15341562549633755,-0.07018440946339274,0.16870745531291043,-2.9123207212889498e-08
558,4.636108599999716,230.0814860320299,360.0553578359512,49.734787306520715,77.83015030618913,4.9697408492985415,-1.831620455305938e-08,1.0948346555870436,-4.9697408492985415,-0.10516534441295637,0.21616162240710268,0.006198636581324024,0.009317692494690277,4.969740676881155,-0.1660862294168602,-0.042709530313745914,0.17148976523842668,-3.4558475663362148e-09
559,4.640911299999971,230.07204158247038,360.06034824805033,49.73274577898119,77.83122904176496,4.969740863951506,-3.663240377704824e-09,1.094810823255268,-4.969740863951506,-0.10518917674473185,0.21616162240710268,0.00415710904179889,0.00823895691885923,4.9697406768801375,-0.1375064473488444,-0.03917422463998976,0.14297777078498916,-2.8760493411179165e-06
560,4.651989199999662,230.0743038831664,360.0674781142587,49.73323480157001,77.83277024521209,4.9697404854123715,-3.8220237463804096e-07,1.0947561487543578,-4.9697404854123715,-0.10524385124564226,0.21616162240710268,0.004646131630622108,0.006697753471726742,4.969740676879934,-0.09064780425236174,-0.04789876133693264,0.10252470801415103,-4.588482386431255e-06
561,4.657296999999744,230.07963020052793,360.06710909155294,49.73438614697234,77.83269047666532,4.969740409704545,-4.579102013124725e-07,1.0947295728088255,-4.969740409704545,-0.10527042719117431,0.21616162240710268,0.005797477032949416,0.006777522018495574,4.969740600585949,-0.021979459248414997,-0.03607390263939627,0.04224243222743426,-2.1793410127128576e-06
562,4.667982699999811,230.07424409798355,360.0641100365601,49.733221878307894,77.83204219607238,4.969740776032706,-9.158203972958745e-08,1.094675974867281,-4.969740776032706,-0.10532402513271898,0.21616162240710268,0.004633208368503006,0.007425802611436438,4.969740509033206,0.0809494153596202,-0.011100408753445578,0.08170695760801455,-6.168680594597716e-07
563,4.672796500000004,230.07787575227908,360.06171232359316,49.73400690259244,77.83152390254737,4.969740467828612,-3.9978613397551044e-07,1.0946530407667692,-4.969740467828612,-0.10534695923323074,0.21616162240710268,0.005418232653049415,0.007944096136441203,4.969740567016602,0.006112751486833545,0.0375437765604031,0.03803815044343322,3.043244153648258e-07
564,4.684046999999737,230.08253732796234,360.06690360580063,49.735014556355104,77.83264605853172,4.9697404061877934,-4.6142695264705935e-07,1.0945965444734098,-4.9697404061877934,-0.10540345552659007,0.21616162240710268,0.006425886415712512,0.006821940152093475,4.969740654907228,-0.06349456440809252,0.04580041856612979,0.07828945044005671,4.4489034151806654e-06
565,4.6878633999995145,230.07671038179527,360.0650657452002,49.733754994217946,77.83224878360257,4.969740775329356,-9.228538999650482e-08,1.0945765485317664,-4.969740775329356,-0.10542345146823341,0.21616162240710268,0.005166324278555123,0.007219215081249786,4.969740672485353,-0.06331337177720318,0.0228092929451795,0.06729670787235706,7.331172623104111e-06
566,4.7004338999995525,230.06908527977498,360.061791033468,49.732106739794226,77.83154091660163,4.9697408491576684,-1.8457077644029596e-08,1.0945149834471655,-4.9697408491576684,-0.10548501655283446,0.21616162240710268,0.0035180698548344935,0.007927082082190395,4.969740752294923,-0.17128432192834547,-0.05403290475978072,0.17960477091445157,2.077420538159224e-06
567,4.716221499999847,230.06119374426015,360.0657559859061,49.730400892674055,77.8323979871534,4.969740863923331,-3.6914151735345513e-09,1.0944365722496963,-4.969740863923331,-0.10556342775030378,0.21616162240710268,0.0018122227346637487,0.007070011530416309,4.969740844550782,-0.20990798862791848,-0.02520913191020114,0.21141632865387733,-0.5789600500773894
568,4.720288199999231,230.05410535134826,360.0709586497968,49.728868654161964,77.83352260342086,4.969740866876464,-7.382823241641745e-10,1.0944163638364068,-4.969740866876464,-0.10558363616359319,0.21616162240710268,0.0002799842225726934,0.005945395262955344,4.969740786708009,-0.08570837903693163,-0.08894431720775398,0.12351930132854501,-2.3906962785860193
569,4.731679599999552,230.04864825556166,360.06862009457814,49.7276890394831,77.8330170975307,4.96974086746709,-1.4765610956146702e-10,1.0943597582617333,-4.96974086746709,-0.10564024173826671,0.21616162240710268,-0.0008996304562884916,0.006450901153115751,4.936764929802539,-0.06889035045010548,-0.08821853354960807,0.11193029101535328,-3.10536487948756
570,4.736047899999903,230.05452809172243,360.0729564152461,49.7289600344071,77.83395444364157,4.969740486115489,-3.8149925707386956e-07,1.094338930087618,-4.969740486115489,-0.10566106991238182,0.21616162240710268,0.00037136446771057763,0.0055135550422420465,4.897193913084532,-0.09875024517377201,-0.10387150931757796,0.143320973237666,-3.5335453060862987
571,4.747490999999172,230.05203839500092,360.06978329326466,49.72842185752448,77.83326853644597,4.8048615646303245,-0.16487930298442155,1.2416665401329443,-4.8048615646303245,0.041666540132944394,0.21616162240710268,-0.00016681241491056653,0.006199462237844955,4.856303864404017,-0.03486711046159183,-0.05714963307564047,0.06694621686563913,-3.553174619604993
572,4.7513108999992255,230.0474906473342,360.07212569392163,49.72743880901054,77.83377487357231,4.771885780333292,-0.19785508728145373,1.1845482430797045,-4.771885780333292,-0.01545175692029542,0.21616162240710268,-0.0011498609288480566,0.005693125111505992,4.848125854667913,-0.03653289066484333,-0.08958576563287457,0.09674844445445997,-2.0384251179812414
573,4.767972599999666,230.04306925607182,360.07543498793353,49.72648307390197,77.83449021593493,4.765290623473885,-0.20445024414086088,1.1022327195431685,-4.765290623473885,-0.09776728045683146,0.21616162240710268,-0.0021055960374241067,0.004977782748881054,4.846490329014638,-0.11102252902470401,-0.019389404430168698,0.11270293232741503,1.0818973926473427
574,4.774950399999398,230.03945765215272,360.0792377753037,49.725702383739325,77.83531223262254,4.928850818786574,-0.04089004882817182,0.8605680421188678,-4.928850818786574,-0.3394319578811321,0.21616162240710268,-0.002886286200066479,0.00415576606127388,4.879139069220897,-0.11928480875648159,-0.04785200345510744,0.12852501637711625,2.0909048312578227
575,4.78098829999999,230.0371814601573,360.07542772995873,49.725210358384686,77.83448864703934,4.9615628578491116,-0.008178009765634542,1.040106809487003,-4.9615628578491116,-0.159893190512997,0.21616162240710268,-0.003378311554705249,0.0049793516444793795,4.918644662599062,-0.07328368713472101,-0.0015480776210593274,0.07330003645551958,2.553695613044425
576,4.786356999999953,230.0349873511233,360.0774735706733,49.72473607621616,77.83493087928738,4.968105265661619,-0.0016356019531267307,1.0819409259185095,-4.968105265661619,-0.11805907408149047,0.21616162240710268,-0.0038525937232307683,0.004537119396431422,4.926545781274696,-0.07247064785455229,0.07489914812800312,0.10422033002614738,2.591191480683203
577,4.795488199999454,230.03383228699957,360.0732929532152,49.72448639568119,77.83402719023496,4.969413747224121,-0.0003271203906249909,1.0926226056969175,-4.969413747224121,-0.10737739430308244,0.21616162240710268,-0.004102274258201533,0.005440808448852863,4.928126005009823,-0.05121223555312183,0.11572627984909374,0.12655143190837154,1.6564206557231838
578,4.799026599999706,230.032959872287,360.06773882668267,49.72429781310151,77.83282660123264,4.8047962168520515,-0.1649446507626946,1.5625624801199742,-4.8047962168520515,0.36256248011997416,0.21616162240710268,-0.004290856837883439,0.00664139745117609,4.928442049756848,-0.12145716599023165,0.1473661545480249,0.19096760635419568,0.3485299122046202
579,4.811443499999768,230.03263877178267,360.06277973840895,49.72422840349554,77.83175463666574,4.9367519374622075,-0.032988930152538565,0.988359453665126,-4.9367519374622075,-0.21164054633487392,0.21616162240710268,-0.004360266443853789,0.007713362018080261,4.928505258706253,-0.10846633148094524,0.15158445889558692,0.18639418779458272,0.5882871339925285
580,4.815073799999482,230.02537160700817,360.05783208059836,49.72265752136758,77.83068514292628,4.963143081584239,-0.006597786030507535,1.021387811252977,-4.963143081584239,-0.17861218874702284,0.21616162240710268,-0.005931148571811207,0.008782855757530683,4.928517900496134,-0.17754455063642638,0.08360478157166387,0.19624430427998718,-0.7555789733405837
581,4.827422999999726,230.02403546767002,360.0613330201496,49.722368699320484,77.83144191169963,4.968421310408645,-0.0013195572061013294,1.0896436126562214,-4.968421310408645,-0.11035638734377844,0.21616162240710268,-0.0062199706189076664,0.008026086984187941,4.961496274191025,-0.16489979865638993,0.024236148353680147,0.16667133671972373,-0.8631566595720745
582,4.83145279999917,230.0170867477769,360.0658245880452,49.72086665275473,77.83241281630309,4.969476956173526,-0.000263911441219733,1.0912570216993758,-4.969476956173526,-0.10874297830062421,0.21616162240710268,-0.007722017184661922,0.007055182380725,4.935116103593089,-0.14477180887977514,-0.03075576556906774,0.14800268160429253,-0.9247787871207178
583,4.8432146999994075,230.01762694207116,360.06351425248005,49.720983422029796,77.83191341041903,4.969688085326503,-5.278228824323605e-05,1.093634441955085,-4.969688085326503,-0.106365558044915,0.21616162240710268,-0.007605247909594937,0.007554588264781614,4.929840069473501,-0.05142109377151175,-0.10556119270579699,0.11741930969874168,-0.9288431253206243
584,4.846696999999949,230.01915816984396,360.06655300159656,49.72131441470944,77.83257027135814,4.804851084472528,-0.16488978314221825,1.5704506445535837,-4.804851084472528,0.37045064455358384,0.21616162240710268,-0.0072742552299516205,0.0068977273256791705,4.928784862649584,-0.025082766924078195,-0.1415918448433921,0.14379636894832518,-1.4650390114108316
585,4.859229599999708,230.02113170554694,360.07115790371944,49.72174101738887,77.83356567447204,4.936762910986303,-0.03297795662844294,0.9891388893384354,-4.936762910986303,-0.21086111066156454,0.21616162240710268,-0.006847652550519001,0.005902324211774612,4.9285738212848,0.05866053347976983,-0.08167142505893486,0.10055485994862909,0.3912788979995431
586,4.863252199999806,230.02314715368166,360.0756508040549,49.72217667992755,77.83453686709787,4.963145276289058,-0.006595591325687877,1.0282608775773407,-4.963145276289058,-0.1717391224226593,0.21616162240710268,-0.00641199001184134,0.004931131585948378,4.9285316130118435,0.08696197835310987,-0.032984614273911056,0.0930073677612986,0.8495908587897701
587,4.875304700000015,230.02571095223877,360.07237949788873,49.72273087478318,77.83382973624961,4.968421749349609,-0.001319118265136865,1.0893029146686657,-4.968421749349609,-0.11069708533133424,0.21616162240710268,-0.005857795156209988,0.0056382624342035115,4.961499016694166,0.07569172664669638,0.020370231941465904,0.07838484440315822,0.414347163671921
588,4.878882299999532,230.02821728884095,360.06764779195265,49.723272648569406,77.83280692301771,4.969477043961719,-0.0002638236530270177,1.0906922097288951,-4.969477043961719,-0.10930779027110482,0.21616162240710268,-0.005316021369985435,0.006661075666102079,4.96809249743063,0.08581982424014392,-0.001683797215469629,0.08583634082177559,-1.7891950235795226
589,4.891651199999615,230.03050326630205,360.06303163792956,49.723766789166184,77.8318090876748,4.969688102884141,-5.276473060522591e-05,1.0934089674951601,-4.969688102884141,-0.10659103250483981,0.21616162240710268,-0.004821880773206999,0.007658911009016833,4.936435348241009,0.04370359959979225,0.03529848625640199,0.05617817859251368,-1.9091696976993469
590,4.895213399999193,230.03189873527668,360.0661576897558,49.72406843600376,77.83248482010929,4.969730314668626,-1.0552946120512274e-05,1.0934372122772096,-4.969730314668626,-0.10656278772279042,0.21616162240710268,-0.004520233935629392,0.006983178574529347,4.897128073066171,-0.04276002136196964,-0.009755420704039248,0.0438587238755176,-4.18243150180532
591,4.908093299999564,230.0258045788387,360.06952556745847,49.72275111326092,77.83321282601756,4.804859530340952,-0.16488133727379406,1.2247975022208912,-4.804859530340952,0.024797502220891318,0.21616162240710268,-0.005837556678471856,0.006255172666257636,4.889266618031204,-0.07136469835182226,-0.08014838629642788,0.10731581429019682,-5.171477064634252
592,4.9120960999998715,230.01865054656514,360.0726105788763,49.721204686037915,77.83387968709079,4.771885373475417,-0.19785549413932912,1.1798093510346117,-4.771885373475417,-0.02019064896538833,0.21616162240710268,-0.007383983901476654,0.005588311593029971,4.854718481687296,-0.09481284552466115,-0.12279095782603681,0.1551357308949773,-4.781363960080281
593,4.924953099999584,230.01915085685613,360.0765404010667,49.72131283392213,77.83472916383124,4.930169768786881,-0.03957109882786547,0.9710910950375509,-4.930169768786881,-0.22890890496244906,0.21616162240710268,-0.007275836017264226,0.004738834852574314,4.8148330090816005,-0.09777929974988517,-0.11840293276171501,0.1535579563101603,-1.0756514668082824
594,4.940041999999266,230.01366832944842,360.08596859636043,49.720127721902784,77.8367671778223,4.796947421164603,-0.17279344645014305,1.1850862378754896,-4.796947421164603,-0.014913762124510246,0.21616162240710268,-0.008460948036606908,0.0027008208615200147,4.806855914560461,-0.09121829961420042,-0.10992777696532967,0.14284570113603454,-0.8552331979348922
595,4.94422940000004,230.01502139144412,360.08921828434404,49.72042020197899,77.83746963564916,4.770302951640147,-0.19943791597459892,1.1609376321560971,-4.770302951640147,-0.03906236784390281,0.21616162240710268,-0.008168467960402381,0.0019983630346587233,4.838236340993148,0.025460018507572794,0.002361925853331448,0.02556934172290293,0.9480599617114558
596,4.9569927999991705,230.0109193493259,360.0900535945235,49.71953349789953,77.83765019765276,4.764974057735256,-0.20476680987948992,1.1015284259570342,-4.764974057735256,-0.0984715740429657,0.21616162240710268,-0.00905517203985795,0.001817801031052113,4.844512426279684,0.014449248516824158,0.040115387019456536,0.04263830506037648,1.5722470618319455
597,4.960249099999601,230.0138878268334,360.08410550068163,49.72017516881363,77.83636444803767,4.928787505638848,-0.04095336197589816,0.5909947671320754,-4.928787505638848,-0.6090052328679245,0.21616162240710268,-0.008413501125758671,0.0031035506461449813,4.845767643336992,0.05523556732465456,0.06784927631577052,0.08748995481911181,1.6802367180803335
598,4.9736755999992965,230.0109907250189,360.0764844440181,49.719548926585134,77.83471706806482,4.961550195219567,-0.008190672395179455,1.0689375890744475,-4.961550195219567,-0.13106241092555246,0.21616162240710268,-0.009039743354257723,0.004750930618996563,4.846018686748453,0.05472480035293964,0.06359550579640874,0.0838998935110776,0.18163934731918713
599,4.9781285999997635,230.01357379209458,360.0764102345397,49.720107286555,77.83470102682358,4.803223506451141,-0.1665173611636055,1.4520348604773547,-4.803223506451141,0.2520348604773548,0.21616162240710268,-0.008481383384392416,0.004766971860235003,4.846068895430746,0.030329113683417508,0.04331713536616502,0.05287938495436882,0.08339677083840462
600,4.987922699999217,230.01662281814083,360.08497475101774,49.720766368971915,77.8365523466006,4.771558168697455,-0.19818269891729123,1.1294018530965442,-4.771558168697455,-0.07059814690345576,0.21616162240710268,-0.007822300967475826,0.0029156520832174238,4.846078937167204,0.0003724096263056434,-0.041444894440322434,0.04144656757922463,0.5586957943311813
601,4.991842899999938,230.01315076068755,360.0870701037701,49.72001584339973,77.83700528145106,4.765225101146718,-0.20451576646802838,1.1133337604045177,-4.765225101146718,-0.08666623959548223,0.21616162240710268,-0.008572826539662515,0.0024627172327598146,4.846080945514496,0.055370665769230484,-0.08119772741126156,0.09828011784934616,0.9272642355442247
602,5.0037822999993296,230.01576175023047,360.0886696865871,49.72058023913541,77.83735104986796,4.928837714321141,-0.0409031532936055,0.9568118249532689,-4.928837714321141,-0.24318817504673101,0.21616162240710268,-0.008008430803982947,0.0021169488158534477,4.879057192520868,0.020860816580076012,-0.06007214935699669,0.06359116917274671,0.9443345082093787
603,5.007325199999286,230.01950440240137,360.08991644508427,49.72138925690078,77.83762055120746,4.961560236956025,-0.0081806306587211,1.0008148298960404,-4.961560236956025,-0.19918517010395942,0.21616162240710268,-0.007199413038613045,0.0018474474763507942,4.885652441922143,0.03645214764106599,-0.01095485496252227,0.03806268402117711,-1.0064406186090116
604,5.020976199999495,230.01652618604956,360.08301835687655,49.720745480822295,77.83612944926897,4.968104741483002,-0.001636126131743687,1.0881828044000692,-4.968104741483002,-0.1118171955999308,0.21616162240710268,-0.007843189117096472,0.0033385494148490125,4.886971491802397,0.06106955069185397,0.012284836525554503,0.06229291476696623,-1.1165318510981481
605,5.024330299999747,230.01877998401238,360.08214069761755,49.721232665446514,77.83593973301963,4.804534415703827,-0.16520645191091887,1.5839050295241628,-4.804534415703827,0.38390502952416283,0.21616162240710268,-0.0073560044928768775,0.003528265664186847,4.854259456441534,0.0753711356340214,0.010369147673694078,0.07608105749949146,-3.3589741981769805
606,5.036226799999895,230.01501756680386,360.08210438827155,49.72041937523855,77.83593188433248,4.771820350547992,-0.19792051706675373,1.124328665926088,-4.771820350547992,-0.07567133407391184,0.21616162240710268,-0.008169294700842045,0.003536114351334163,4.847717049369362,0.04464779212913853,0.0462964690039393,0.06431786986708653,-3.8442593052820495
607,5.040283999999701,230.01724697592948,360.0828277328101,49.72090128793215,77.8360882436615,4.765277537516825,-0.20446333009792106,1.1130677142416565,-4.765277537516825,-0.08693228575834355,0.21616162240710268,-0.007687382007240728,0.0033797550223226835,4.813432722618013,0.08785445201979564,0.025252973821910066,0.0914118013527173,-3.926695747129834
608,5.0524224999999205,230.0214435494023,360.07701186484314,49.72180842606259,77.83483107620606,4.928848201595162,-0.040892666019583856,0.9588564418984815,-4.928848201595162,-0.24114355810151838,0.21616162240710268,-0.006780243876804093,0.004636922477757821,4.8065758572677435,0.04076276276906303,-0.015388650195697576,0.04357078589390435,-1.3941850656445607
609,5.056768399999783,230.02483873158886,360.07693118886704,49.7225423341524,77.83481363715617,4.79668310772626,-0.17305775988848637,1.4003469420074723,-4.79668310772626,0.20034694200747244,0.21616162240710268,-0.006046335786990653,0.004654361527641981,4.80520448419769,0.06832304693141905,-0.036705329767312195,0.07755849389538211,-0.9963176844340648
610,5.068007199999556,230.0201485867058,360.08455567319334,49.72152850482515,77.83646175805816,4.770250088952479,-0.19949077866226705,1.1202269834808805,-4.770250088952479,-0.07977301651911946,0.21616162240710268,-0.00706016511423968,0.0030062406256519125,4.837906054920594,0.029558419412570994,-0.0032152993253062832,0.029732781705060305,1.3257448235866156
611,5.072550999999294,230.02160819159832,360.0867822288452,49.72184401538679,77.83694305394025,4.764963485197723,-0.20477738241702337,1.108426396240815,-4.764963485197723,-0.09157360375918508,0.21616162240710268,-0.006744654552598206,0.0025249447435697903,4.8444463690651745,0.05051090598387999,0.07171224193853462,0.08771543346049934,1.8626473836848394
612,5.0834000999993805,230.01784177568277,360.08031219539487,49.721029860811825,77.83554448101259,4.928785391131342,-0.04095547648340414,0.9424612648031859,-4.928785391131342,-0.25753873519681403,0.21616162240710268,-0.007558809127566235,0.0039235176712253406,4.8787302772310035,0.00537672481693433,0.09499238009007159,0.09514442414000762,2.456232423097532
613,5.08663499999966,230.0205279488035,360.07315574660265,49.721610508351674,77.833997531431,4.961549772318065,-0.008191095296680828,0.9915063222809097,-4.961549772318065,-0.20849367771909016,0.21616162240710268,-0.0069781615877175796,0.005470467252820299,4.88558705886417,-0.04137154382028041,0.12156160872440036,0.12840883674318365,2.2904440544963864
614,5.099584599999616,230.017125395404,360.06594213489285,49.72087500688851,77.83243822542039,4.96810264855541,-0.0016382190593358104,1.0875346993205752,-4.96810264855541,-0.11246530067942467,0.21616162240710268,-0.0077136630508789494,0.007029773263425909,4.919934184233773,-0.03299776960626372,0.15531408669872482,0.158780724038049,2.0238848275537973
615,5.102885999999671,230.01217777219085,360.06615289212164,49.719805520627695,77.8324837830449,4.804533997118309,-0.16520687049643712,1.5913028912358111,-4.804533997118309,0.39130289123581125,0.21616162240710268,-0.008783149311696548,0.0069842156389086085,4.926803609307692,0.05213514792782318,0.19252524179211639,0.19945937525363122,-0.7441274926142516
616,5.115774599999895,230.0188144015438,360.0624061429523,49.721240105195946,77.8316738796657,4.936699112045733,-0.03304175556901345,0.9905993756998421,-4.936699112045733,-0.20940062430015785,0.21616162240710268,-0.007348564743445252,0.007794119018114998,4.928177494322476,0.0299998770550713,0.11045444155648677,0.11445600151531918,-0.7577731542796546
617,5.118836499999816,230.02378090141133,360.0579446753865,49.722313671864995,77.83070948159838,4.963132516500943,-0.006608351113802868,1.0062696378570144,-4.963132516500943,-0.19373036214298556,0.21616162240710268,-0.00627499807439591,0.008758517085439621,4.8954764259885195,0.06945569254072179,0.05230451612926678,0.08694743028881305,-2.6518509236921837
618,5.131723099999363,230.02788354932744,360.0538996209951,49.723200506894706,77.8298350960784,4.968419197391986,-0.0013216702227598631,1.0883274855467493,-4.968419197391986,-0.11167251445325059,0.21616162240710268,-0.005388163044685257,0.009632902605417826,4.921911981364697,0.18544571241071425,0.05883664666733952,0.19455555310135636,-3.7346855902337093
619,5.135784199999762,230.03052282824984,360.05709978317844,49.72377101770856,77.8305268483279,4.804597306885624,-0.16514356072912229,1.4990797748049443,-4.804597306885624,0.2990797748049444,0.21616162240710268,-0.004817652230833858,0.008941150355909144,4.894223323396964,0.17089884994873109,0.036019980680567165,0.17465353108948967,-4.245957587124523
620,5.147337999999763,230.04420602444526,360.0560916572204,49.72672879959787,77.83030893018523,4.936711773999195,-0.03302909361555084,0.9786403487110253,-4.936711773999195,-0.22135965128897467,0.21616162240710268,-0.001859870341519354,0.009159068498590273,4.855709746466503,0.021081125551406565,-0.07572618937321404,0.0786057861197383,-0.7723826323647389
621,5.163943099999415,230.04716905982224,360.0600281633285,49.72736929413221,77.83115985173218,4.798255822207066,-0.17148504540767995,1.179058574160582,-4.798255822207066,-0.02094142583941805,0.21616162240710268,-0.0012193758071816774,0.008308146951634399,4.815031185743496,0.0003392632330120361,-0.1260892017444286,0.12608965816469045,-1.5994318633375164
622,5.167657299999519,230.04032238580515,360.0642166355587,49.725889305968586,77.83206523868486,4.77056463184864,-0.19917623576610577,1.1707680218006233,-4.77056463184864,-0.0292319781993767,0.21616162240710268,-0.0026993639708052797,0.0074027599989534565,4.839871318935809,-0.10526563907668568,-0.1432550540739719,0.17777194741566982,-0.5032114111600676
623,5.181097699999555,230.03815295362904,360.0756549889678,49.72542035798969,77.83453777171545,4.765026393776955,-0.2047144738377913,1.1003804076083112,-4.765026393776955,-0.09961959239168877,0.21616162240710268,-0.003168311949700353,0.004930226968369311,4.8118635765313025,-0.18644729237848848,-0.12834286251126045,0.22635035496515987,0.1422919343298234
624,5.185287599999356,230.0306411436807,360.08062029021073,49.72379659296404,77.83561107928784,4.928797972847188,-0.04094289476755808,0.7020914487210284,-4.928797972847188,-0.4979085512789716,0.21616162240710268,-0.004792076975348891,0.0038569193959716586,4.806262028050402,-0.204962404355186,-0.2304308902104804,0.30839582092216045,2.7266831344735745
625,5.195866999999453,230.0233043594065,360.07604801688865,49.72221066177208,77.83462272926846,4.796673061976665,-0.17306780563808122,1.2204443377873724,-4.796673061976665,0.02044433778737252,0.21616162240710268,-0.006378008167310156,0.004845269415355347,4.805141718354221,-0.14399665760994368,-0.19019594946100685,0.23855719774135767,1.4909178697676153
626,5.198994499999571,230.02252301978325,360.0841746629136,49.72204176613147,77.83637939825795,4.77024807980256,-0.19949278781218638,1.1805614167036453,-4.77024807980256,-0.019438583296354534,0.21616162240710268,-0.006546903807922888,0.0030886004258690036,4.8378935017519,-0.2137530379673383,-0.0735005194093171,0.22603691644000493,4.119823704879376
627,5.211861999999201,230.0169489617329,360.08670986445884,49.72083686869992,77.83692741153709,4.764963083367739,-0.20477778424700688,1.1002206985646001,-4.764963083367739,-0.09977930143539991,0.21616162240710268,-0.007751801239471945,0.00254058714672567,4.84444378213749,-0.11616996823005181,-0.0017613564658552107,0.11618332021065268,4.492634871847106
628,5.214961799999401,230.01144701826524,360.08098074980614,49.719647559673554,77.8356889968188,4.928785310765345,-0.040955556849400665,0.5643288372600891,-4.928785310765345,-0.6356711627399109,0.21616162240710268,-0.008941110265837438,0.0037790018650127877,4.878729683551522,-0.028096666789357377,0.057233979357939876,0.06375853729358341,4.595563834148331
629,5.227970099999766,230.01748730388272,360.07481061713906,49.720953237612434,77.83435525093103,4.96154937477514,-0.008191492839606518,1.066914863794569,-4.96154937477514,-0.13308513620543116,0.21616162240710268,-0.007635432326956959,0.0051127477527899146,4.8855868638343285,-0.009317959271410452,0.14218249281015666,0.14248749287812568,1.9928358920576374
630,5.231325299999298,230.02199572733787,360.0687819999879,49.721927785740995,77.83305209526675,4.968102569046825,-0.0016382985679213036,1.072422719669047,-4.968102569046825,-0.127577280330953,0.21616162240710268,-0.0066608841983963885,0.006415903417064328,4.88695829989089,-0.05695022514805313,0.1081919428569029,0.12226538612201444,-0.6999388987576896
631,5.244192599999224,230.0243702392075,360.0769336591767,49.72244106407916,77.83481417114231,4.804533981216592,-0.1652068863981544,1.2222833147917935,-4.804533981216592,0.02228331479179363,0.21616162240710268,-0.006147605860228111,0.004653827541503119,4.854256741765289,0.0002194485184274647,0.02312932434424958,0.023130365372681344,-3.035536001755197
632,5.2472428999999465,230.01968814085657,360.07993287768477,49.721428974103354,77.83546248708097,4.771820263650545,-0.1979206039642012,1.2030509867934787,-4.771820263650545,0.003050986793478816,0.21616162240710268,-0.007159695836037372,0.0040055116028412385,4.814740661097199,-0.08369390447541895,-0.009425424352627151,0.08422296759535162,-1.4301468071299217
633,5.260045699999864,230.0138942031829,360.081460880554,49.72017654713569,77.83579278266023,4.765277520137336,-0.20446334747741002,1.1009836918217721,-4.765277520137336,-0.0990163081782278,0.21616162240710268,-0.008412122803704847,0.003675216023580674,4.806837444963581,-0.1562412940049161,-0.06668172168560271,0.16987581923065687,-0.8858269508574501
634,5.2637158999996245,230.00847461891095,360.08248375041194,49.71900504100669,77.83601388786823,4.763968971434695,-0.20577189618005143,1.0994473111115244,-4.763968971434695,-0.10055268888847547,0.21616162240710268,-0.009583628932702482,0.003454110815582112,4.838232647073772,-0.1313958576685984,-0.04912471644101089,0.14027868397542193,-0.008661369474150249
635,5.276255999999194,230.00428158807733,360.0765596583061,49.71809866865889,77.83473332650735,4.928586488378736,-0.041154379236010286,0.9612549321727538,-4.928586488378736,-0.23874506782724614,0.21616162240710268,-0.010490001280501815,0.00473467217646828,4.877487532832724,-0.043814064389587334,0.012748165180883383,0.045630997729766906,3.2188139731890564
636,5.280512699999235,230.00751342070097,360.07752767092416,49.71879726684217,77.83494257368538,4.961509991767544,-0.008230875847202057,1.0145030981068166,-4.961509991767544,-0.18549690189318335,0.21616162240710268,-0.009791403097224816,0.004525424998433891,4.885338509984514,0.02812588042939194,0.00707437341099249,0.029001929402827843,3.7122317132884413
637,5.2913674999999785,230.01284179511666,360.0726656091373,49.71994905690065,77.83389158252129,4.968094692445306,-0.0016461751694398785,1.0855964459842675,-4.968094692445306,-0.11440355401573249,0.21616162240710268,-0.008639613038738503,0.005576416162526243,4.919884550751786,0.08133796902372367,0.011791647832517738,0.082188248329736,1.5045440704469286
638,5.295102599999154,230.0173667903319,360.0736015829484,49.720927187207764,77.83409390413883,4.804532405896288,-0.16520846171845793,1.5328219554505347,-4.804532405896288,0.3328219554505347,0.21616162240710268,-0.0076614827316277,0.005374094544990271,4.9267936826112955,0.29139365171891946,0.03865122191331576,0.29394587463932764,-1.6176919213351761
639,5.307819799999379,230.01424083698726,360.07575818382304,49.720251476061215,77.83456007848277,4.9366991752710545,-0.03304169234369159,0.988282224788629,-4.9366991752710545,-0.21171777521137092,0.21616162240710268,-0.008337193878176663,0.00490792020104891,4.895199663646283,0.2754532712438786,0.0439728825447116,0.27894106732111845,-2.109254657988465
640,5.310968199999479,230.0284854411804,360.07231479009636,49.72333061281416,77.83381574890822,4.963132147676282,-0.006608719938464347,1.0077086666014423,-4.963132147676282,-0.19229133339855772,0.21616162240710268,-0.005258057125232085,0.005652249775593532,4.855905014516367,0.2855773457414879,-0.005658667049095657,0.28563340300729156,-2.842310530026652
641,5.323779599999398,230.03348854779512,360.0736512072897,49.724412092457065,77.83410463101694,4.803539896942484,-0.16620097067226247,1.2193663146845803,-4.803539896942484,0.019366314684580374,0.21616162240710268,-0.004176577482326138,0.005363367666873842,4.848046084690383,0.2375893376098103,-0.0019761479003496136,0.23759755576687333,-3.693916413694624
642,5.327035699999215,230.03584940135306,360.0759308071935,49.72492241839242,77.83459739303059,4.771621446795724,-0.19811942081902245,1.1934452739287535,-4.771621446795724,-0.0065547260712463945,0.21616162240710268,-0.0036662515469743084,0.004870605653223947,4.8464742987251865,0.2678087558219532,0.056784304842643143,0.2737626471441361,-1.8224958126690176
643,5.340859099999761,230.03725214526014,360.078217320939,49.72522563779119,77.83509164955149,4.765237756766371,-0.2045031108483748,1.1000984803034726,-4.765237756766371,-0.09990151969652729,0.21616162240710268,-0.003363032148200773,0.004376349132328983,4.813184172489178,0.07472200563599034,0.005956896050297137,0.0749590737457382,1.3221519422399468
644,5.344688399999541,230.03898756634433,360.0736619962504,49.725600769228315,77.8341069631762,4.9288402454450715,-0.040900622169674605,0.6649508944906573,-4.9288402454450715,-0.5350491055093427,0.21616162240710268,-0.0029879007110764633,0.005361035507618794,4.8395019925788905,0.07169100942457861,0.06837594735560791,0.09907003083219407,3.8653658884085873
645,5.35648189999938,230.0396731916349,360.07462887796885,49.725748975103485,77.83431596589713,4.796681516496241,-0.17305935111850523,1.2068367808374418,-4.796681516496241,0.006836780837441797,0.21616162240710268,-0.0028396948359059593,0.0051520327866825255,4.877741325639802,0.08116042310743696,0.11351518563165666,0.13954465825665865,4.091741561815919
646,5.359838499999569,230.0407486812095,360.0701327443945,49.72598145467481,77.83334407436915,4.935128997391045,-0.03461187022370105,0.6795271670057483,-4.935128997391045,-0.5204728329942516,0.21616162240710268,-0.0026072152645824076,0.006123924314664464,4.918365037588899,0.10119925953698927,0.17776561985356992,0.20455294114912853,6.502241929761507
647,5.372354199999791,230.0525646422262,360.0658272534814,49.72853561197848,77.83241339246811,4.96281811210028,-0.006922755514466417,1.0692512147192517,-4.96281811210028,-0.13074878528074835,0.21616162240710268,-5.30579609119286e-05,0.007054606215703529,4.926489703684773,0.0904968405915818,0.11445057627461988,0.1459061772737904,5.243751783502129
648,5.375941899999816,230.05459166104484,360.0610887713782,49.72897377565497,77.83138911448893,4.968356316511853,-0.001384551102892928,1.0758094872974673,-4.968356316511853,-0.12419051270253266,0.21616162240710268,0.00038510571557992535,0.008078884194887337,4.961090405946916,0.11509624382462544,0.12285398300712976,0.16834561616880245,4.6126553858005925
649,5.387866899999608,230.05704391135495,360.06436734665317,49.72950385806055,77.83209781663956,4.969463575924442,-0.00027729169030443757,1.09023620483926,-4.969463575924442,-0.10976379516074006,0.21616162240710268,0.0009151881211622026,0.0073701820442551025,4.9680104701053995,0.21554070663753,0.09402522624465656,0.2351564147289302,2.2060885539216852
650,5.403789599999982,230.06702968511414,360.0625777375422,49.731662399117326,77.83171097183066,4.969685027806959,-5.583980778745001e-05,1.0909420850676885,-4.969685027806959,-0.10905791493231146,0.21616162240710268,0.003073729177934581,0.007757026853155935,4.969394559231041,0.1689407848323706,0.0918269423268348,0.19228410261088458,2.0771966314558084
651,5.407755299999735,230.07751410462814,360.05991018145585,49.73392872824947,77.83113434857917,4.969729318183463,-1.154943128334196e-05,1.0909488865299195,-4.969729318183463,-0.10905111347008052,0.21616162240710268,0.005340058310075335,0.00833365010464604,4.969671377056169,0.10200853047953035,0.06585555497231187,0.12141949765710802,0.1488440802789695
652,5.419555199999195,230.07593522781718,360.05645093403587,49.733587435676434,77.83038659204456,4.96973855772849,-2.3098862564907563e-06,1.0909939127601327,-4.96973855772849,-0.10900608723986721,0.21616162240710268,0.004998765737042277,0.009081406639253942,4.9697268169151405,0.07541433414200313,0.08766920883394697,0.11564260448317439,0.032823176928164305
653,5.42403049999939,230.07153507648553,360.0532286392707,49.73263629182575,77.82969005558024,4.969740405637495,-4.619772511205156e-07,1.090975335783191,-4.969740405637495,-0.10902466421680894,0.21616162240710268,0.004047621886357433,0.009777943103571829,4.96973798118088,-0.002785203562725526,0.03458325293283024,0.034695226505989704,0.01545870226562616
654,5.435910999999578,230.06666993245148,360.0505004581575,49.7315846343981,77.8291003275246,4.969740775219297,-9.239544951356038e-08,1.0909201034323595,-4.969740775219297,-0.10907989656764047,0.21616162240710268,0.0029959644587052026,0.010367671159215774,4.969740290327974,-0.13318362745612816,0.00884095264979494,0.1334767435403211,0.0014996786020818388
655,5.4403879999999845,230.06137954976327,360.0554946824105,49.73044105669307,77.83017988714178,4.969740849135657,-1.8479089369805024e-08,1.0908979984045135,-4.969740849135657,-0.10910200159548636,0.21616162240710268,0.0018523867536757166,0.009288111542034017,4.969740752157392,-0.16148697985025307,0.014724036706338362,0.16215684357462573,0.0005607830611034963
656,5.452081599999474,230.05702426976504,360.0545917492159,49.72949961230261,77.82998470763751,4.969740863918928,-3.695817873961005e-09,1.0908400364073292,-4.969740863918928,-0.10915996359267077,0.21616162240710268,0.0009109423632196467,0.009483291046308295,4.969740844523276,-0.1321834444592646,-0.008307964504727339,0.13244427229339628,6.051202170484116e-05
657,5.456873299999643,230.05324608819322,360.05253496122975,49.72868291444429,77.82954010900949,4.969740866875583,-7.39163397156517e-10,1.0908162293127073,-4.969740866875583,-0.10918377068729275,0.21616162240710268,9.424450490058689e-05,0.009927889674330004,4.969740862996453,-0.1398871767916657,-0.002710327131615991,0.13991343074881377,-1.3594432406252264
658,5.4676856999994925,230.0499440598901,360.05051014411606,49.72796914264906,77.8291024212571,4.969740867466914,-1.4783196888856764e-10,1.090762500098191,-4.969740867466914,-0.10923749990180881,0.21616162240710268,-0.0006195272903326554,0.01036557742671107,4.969740790397143,-0.08385688771592846,0.05000845525816248,0.09763617779649852,-1.484132774816128
659,5.472536999999647,230.04709294856627,360.04876797792355,49.727352841799636,77.82872583178643,4.96974086758518,-2.956568323497777e-11,1.0907383906950727,-4.96974086758518,-0.1092616093049273,0.21616162240710268,-0.0012358281397553128,0.010742166897387051,4.936764930540367,-0.017598156397262657,-0.020720483879399072,0.02718517170773349,-1.5514268778135323
660,5.483117299999321,230.0483027781572,360.0476686790512,49.72761436052684,77.82848820555867,4.969740486139107,-3.814756395215113e-07,1.0906861777473316,-4.969740486139107,-0.10931382225266842,0.21616162240710268,-0.0009743094125482799,0.010979793125144965,4.930169758569011,-0.013207601807777237,-0.03701799649722972,0.03930359792921905,-1.555692124810553
661,5.487037599999894,230.05285099361157,360.05377965755576,49.72859751015852,77.82980916458672,4.804861564635049,-0.16487930297969733,1.5145418656863843,-4.804861564635049,0.3145418656863842,0.21616162240710268,8.84021913094557e-06,0.009658834097095337,4.92885072417474,-0.029794087548641192,-0.0324670174003718,0.04406580161227231,-1.5578962860158696
662,5.499409899999591,230.0443521221822,360.05313302474053,49.72676038032172,77.82966938738828,4.936765007018807,-0.03297586059593893,0.9846535100772926,-4.936765007018807,-0.21534648992270738,0.21616162240710268,-0.0018282896176700092,0.00979861129553683,4.9285869172958865,-0.01114390944569361,-0.042541882360596556,0.043977249487850596,0.3943312269489907
663,5.504187499999716,230.04106010696157,360.0517354046226,49.726048772970636,77.82936727555608,4.963145695495559,-0.006595172119187254,1.035496636386482,-4.963145695495559,-0.16450336361351808,0.21616162240710268,-0.0025398969687557837,0.010100723127735023,4.92853423221406,-0.03747776200317417,-0.1200164345770422,0.12573196575792497,0.889236567997196
664,5.515310099999624,230.03932157581266,360.05033314314784,49.725672969256884,77.82906416044065,4.968421833190909,-0.0013190344238367402,1.0858096819276464,-4.968421833190909,-0.11419031807235354,0.21616162240710268,-0.0029157006825073495,0.010403838243163932,4.96149954053461,-0.09279235493783312,-0.07699717637868336,0.12057771894176336,0.9774354269291715
665,5.518871599999329,230.037559428377,360.0563454928182,49.72529206060827,77.83036379969988,4.969477060729979,-0.00026380688476734804,1.0875516237090206,-4.969477060729979,-0.11244837629097941,0.21616162240710268,-0.0032966093311230793,0.009104198983933998,4.968092525904774,0.050798072874081376,-0.16827585177017498,0.17577601229035317,0.9960446554114809
666,5.531485199999224,230.03605459098097,360.0634561852163,49.72496677251529,77.83190085850508,4.969688106237793,-5.2761376952759065e-05,1.0902802752001461,-4.969688106237793,-0.10971972479985373,0.21616162240710268,-0.0036218974241037927,0.007567140178736054,4.969411046684862,0.12032555957718974,-0.17960149538808282,0.21618264831664769,0.9990625782835371
667,5.535160799999176,230.0457377383214,360.071024568765,49.7270598973544,77.83353685257197,4.96972993386963,-1.093374511640377e-05,1.090314689642077,-4.96972993386963,-0.10968531035792296,0.21616162240710268,-0.001528772584990179,0.005931146111848307,4.969674674546933,0.24251127574939113,-0.16197333054976,0.2916283228271545,0.40680017582893185
668,5.548140699999749,230.0576685654397,360.07062784629284,49.729638884300954,77.83345109639875,4.969738299395996,-2.5682187496656184e-06,1.0903573687461618,-4.969738299395996,-0.10964263125383811,0.21616162240710268,0.001050214361562496,0.0060169022850686815,4.969727400119348,0.2601190291887865,-0.07573655169220767,0.27092053190620896,-0.5423582563957795
669,5.55235679999987,230.06892535058844,360.06837717641696,49.732072169241796,77.83296458794688,4.96973997250127,-8.951134757850809e-07,1.0903388589766851,-4.96973997250127,-0.1096611410233148,0.21616162240710268,0.00348349930240488,0.006503410736939941,4.969737945233831,0.22058090326713184,0.10048191906123416,0.2423892550101431,-0.99376729863654
670,5.5637481999992815,230.06792866430726,360.064884821448,49.73185672391822,77.83220967483076,4.969740688592051,-1.7902269533465187e-07,1.0902855720986528,-4.969740688592051,-0.10971442790134704,0.21616162240710268,0.003268053978828789,0.007258323853051252,4.9367642852137585,0.06798732593931103,0.20660086050327975,0.21749986677943914,-1.0289701066516552
671,5.566811899999266,230.06476124932877,360.05412403739325,49.731172050357635,77.82988360629112,4.969740831810207,-3.580453888929469e-08,1.090270504595384,-4.969740831810207,-0.10972949540461588,0.21616162240710268,0.002583380418244019,0.009584392392696373,4.930169629503689,-0.021590336433580597,0.22823486987645117,0.2292537861297732,-2.5933743266005136
672,5.579457899999397,230.053440831131,360.0491221348366,49.72872501039368,77.82880238691934,4.804861633769269,-0.1648792338454772,1.2238883077714697,-4.804861633769269,0.023888307771469885,0.21616162240710268,0.00013634045429000707,0.010665611764480332,4.928850774655621,-0.14814050306840346,0.21006884296463016,0.2570496594704185,-2.7083577284325795
673,5.583709599999565,230.04853934596633,360.0468645791193,49.72766549740828,77.82831439001282,4.936765020845651,-0.03297584676909526,0.7806119203292878,-4.936765020845651,-0.4193880796707122,0.21616162240710268,-0.0009231725311096284,0.011153608670994686,4.8956111583490936,-0.1742511645628245,0.21158099453273035,0.27409849616325843,-0.36119185605328696
674,5.59532339999987,230.04555158453846,360.0455448801314,49.727019658050665,77.82802912173851,4.963145698260927,-0.006595169353818875,1.067548541486583,-4.963145698260927,-0.132451458513417,0.21616162240710268,-0.0015690118887263793,0.011438876945305765,4.888963235087788,-0.13571540686558334,0.06187957350398841,0.14915680768146766,0.16965571194578868
675,5.5989027999994505,230.04307658632015,360.0443223162242,49.72648465842034,77.82776485034084,4.803542607059413,-0.16619826055533338,1.5393317711526653,-4.803542607059413,0.33933177115266533,0.21616162240710268,-0.0021040115190515962,0.011703148342974146,4.920609495772441,-0.10079119919176387,0.045703964821607095,0.1106694096619681,0.20644904226575989
676,5.611517800000001,230.0412790953105,360.04369624067715,49.72609610984743,77.82762951683483,4.93650121550368,-0.0332396521110665,0.9853196715062558,-4.93650121550368,-0.21468032849374424,0.21616162240710268,-0.002492560091958751,0.011838481848982951,4.926938747909372,-0.06545071494643454,0.024811479944427783,0.06999575432861746,3.8349809019037475
677,5.627405199999885,230.03989130703076,360.0433566163216,49.72579612328133,77.82755610308313,4.963092937192533,-0.006647930422213122,1.0733686016086015,-4.963092937192533,-0.1266313983913986,0.21616162240710268,-0.0027925466580640546,0.011911895600690059,4.928204598336757,-0.05709921507272414,0.01995134250544683,0.06048451396589756,4.05344365640322
678,5.630623600000035,230.03881193808581,360.04320304568193,49.72556280513901,77.82752290700451,4.968411281530304,-0.0013295860844424467,1.073459053016102,-4.968411281530304,-0.12654094698389817,0.21616162240710268,-0.003025864800378031,0.011945091679308462,4.961433613759149,-0.035142156989497186,0.004013470471070363,0.035370597154933923,2.367368461237764
679,5.643406499999401,230.03799277944333,360.0431875412056,49.72538573447784,77.82751955553175,4.969474950397858,-0.00026591721688795644,1.0890669608034884,-4.969474950397858,-0.1109330391965115,0.21616162240710268,-0.0032029354615517036,0.01194844315206467,4.9680794168436275,-0.03026230680753631,0.0012852743767130014,0.03028958803841501,2.270957307838048
680,5.646641699999236,230.03739889066162,360.0432752178209,49.72525735851526,77.82753850785116,4.969687684171369,-5.318344337723602e-05,1.0892211712512274,-4.969687684171369,-0.11077882874877257,0.21616162240710268,-0.003331311424133787,0.011929490832656597,4.9694085774605234,-0.029356480771103886,-0.0026804458879756033,0.029478598226892635,2.257996212048193
681,5.66015729999981,230.03699864844666,360.0434573542599,49.725170841508714,77.8275778787593,4.969730230926071,-1.063668867473666e-05,1.0897792315757504,-4.969730230926071,-0.1102207684242496,0.21616162240710268,-0.0034178284306776163,0.01189011992451583,4.969674409583902,-0.040295770732194196,-0.003459735196845351,0.040444021888702525,0.19322589370194562
682,5.6637324999992416,230.03676125879136,360.043708882022,49.72511952697568,77.82763224940844,4.969738740277012,-2.127337734414425e-06,1.089768972268068,-4.969738740277012,-0.11023102773193211,0.21616162240710268,-0.0034691429637092597,0.011835749275377339,4.969727576008578,-0.04923941493537528,-0.006160912649877483,0.04962334962351371,0.08937370840724065
683,5.67626139999993,230.02938913671932,360.04333688847424,49.72352595710801,77.82755183867964,4.9697404421472,-4.2546754652761365e-07,1.0897291155427322,-4.9697404421472,-0.1102708844572677,0.21616162240710268,-0.0050627128313820435,0.01191616000417639,4.969738209293514,-0.03867410690662823,-0.0062362731206293195,0.039173685650706815,0.007212062261377247
684,5.679599999999482,230.02848452172867,360.043541436474,49.72333041406398,77.82759605410712,4.969740782521237,-8.509350912788705e-08,1.0897128556030247,-4.969740782521237,-0.11028714439697522,0.21616162240710268,-0.005258255875411066,0.011871944576697047,4.9697403359505,-0.11008172099659921,-0.0026065827568726757,0.11011257680774497,0.0032830355020665464
685,5.691688599999907,230.02921967169192,360.0438901198607,49.723489325272745,77.82767142607369,4.969740850596045,-1.7018701115034673e-08,1.089653740230337,-4.969740850596045,-0.11034625976966285,0.21616162240710268,-0.0050993446666467435,0.011796572610123235,4.969740761281898,-0.13114066737919508,0.0015255792622319818,0.13114954072640145,0.000307909378608789
686,5.695322899999155,230.02310920869445,360.04363396795344,49.722168477677556,77.82761605586184,4.969740864211007,-3.403739512464199e-09,1.089635697279642,-4.969740864211007,-0.11036430272035813,0.21616162240710268,-0.006420192261835211,0.01185194282197699,4.969740846348177,-0.16607642215873503,0.002978284236863495,0.16610312511822867,0.00013764255342307833
687,5.707841599999483,230.01617998161697,360.0433181599571,49.72067064471046,77.82754779029298,4.969740866933998,-6.807479024928398e-10,1.0895735178174546,-4.969740866933998,-0.11042648218254543,0.21616162240710268,-0.007918025228931924,0.011920208390833409,4.969740787067488,-0.1345798014181445,0.0031002928546713434,0.13461550715104087,-0.5452208252190196
688,5.712343599999258,230.00989292631243,360.0430332143057,49.719311624635665,77.82748619597868,4.969740867478597,-1.361488699558322e-10,1.089551144998635,-4.969740867478597,-0.11044885500136485,0.21616162240710268,-0.009277045303726084,0.011981802705136602,4.96974077521135,-0.17583569654078626,0.005003757174456079,0.17590687810271774,-0.9293602833837982
689,5.724439699999493,230.01542794349217,360.04374017613503,49.72050808292929,77.82763901399468,4.96974048611779,-3.814969558035841e-07,1.0894913546334768,-4.96974048611779,-0.11050864536652313,0.21616162240710268,-0.008080587010098839,0.011828984689131516,4.936764927503209,-0.116211829897544,0.026827860912999688,0.11926828383649593,-0.9497315838732343
690,5.727873499999987,230.0123599460781,360.0436880347564,49.71984489963072,77.8276277430297,4.969740791315355,-7.629939080544546e-08,1.0894730793536174,-4.969740791315355,-0.11052692064638267,0.21616162240710268,-0.008743770308669241,0.011840255654121279,4.93016975796158,-0.13969429544953565,0.03796545856654053,0.1447614321057576,-0.9634884872102933
691,5.740826399999605,230.00844582148045,360.0362363397438,49.718998816107394,77.82601697254609,4.8048616256702985,-0.16487924194444759,1.2200006282224913,-4.8048616256702985,0.020000628222491476,0.21616162240710268,-0.009589853831997175,0.013451026137730082,4.928850724053254,-0.09387516366057325,0.03331621348063188,0.09961182878045383,-1.5672298686136747
692,5.744661400000041,230.00424005644433,360.03515161423286,49.71808969111372,77.82578249651976,4.936765019225857,-0.03297584838888934,0.7461060468326507,-4.936765019225857,-0.45389395316734926,0.21616162240710268,-0.010498978825673078,0.0136855021640514,4.928586917271589,-0.1935501137620701,0.029168730646427332,0.19573569266956423,-1.3888915945361908
693,5.7556026999991445,230.00055647407203,360.03563574291366,49.717293441971854,77.82588714656086,4.963145697936969,-0.006595169677777513,1.0653592965779008,-4.963145697936969,-0.13464070342209922,0.21616162240710268,-0.011295227967536903,0.013580852122956344,4.895558310578342,-0.14077101630450792,0.024470169382037762,0.14288200803806492,-1.0254885914494525
694,5.759203599999637,229.9939020884887,360.03619165057216,49.71585501918804,77.82600731246224,4.968421452209465,-0.0013194154052813545,1.0746957813244347,-4.968421452209465,-0.1253042186755654,0.21616162240710268,-0.012733650751350467,0.013460686221577589,4.888952589239692,-0.05145743215366255,-0.015487018968484412,0.053737464402211804,-2.8473415776905497
695,5.771950899999865,229.9980749789093,360.0373834839321,49.71675703795148,77.82626494109496,4.80459775784912,-0.1651431097656264,1.221078607017232,-4.80459775784912,0.02107860701723205,0.21616162240710268,-0.01183163198790993,0.01320305758885354,4.887631368678018,0.019022460198679716,-0.033033993452990705,0.03811953194180887,-3.471694169007075
696,5.775559599999724,230.00443970419997,360.038642745983,49.71813284729649,77.82653714522291,4.771833018977051,-0.19790784863769506,1.183994039720107,-4.771833018977051,-0.016005960279892997,0.21616162240710268,-0.010455822642903456,0.012930853460900948,4.854391279228769,0.08829729042345343,-0.11465422896236828,0.14471352291710285,0.06057643502814347
697,5.7879786999992575,230.01106628591327,360.0401706352262,49.71956525995065,77.82686741624059,4.930158916417481,-0.03958195119726504,0.9624867422213284,-4.930158916417481,-0.23751325777867166,0.21616162240710268,-0.009023409988742515,0.012600582443226926,4.81476749229595,0.18756236418995348,-0.11472004732331147,0.21986434389956813,0.6435367157522504
698,5.792144699999881,230.01633926434943,360.04822014904096,49.72070507552433,77.82860741220637,4.796945250690723,-0.1727956169240228,1.4123807974860723,-4.796945250690723,0.21238079748607236,0.21616162240710268,-0.00788359441506259,0.01086058647744892,4.875768745041222,0.22913251765482398,-0.04474445283780226,0.23346043927524965,0.7749561225693674
699,5.803437699999449,230.02139972697603,360.04998075747505,49.72179895333583,77.82898798818191,4.770302517545372,-0.19943835006937416,1.1166880758162125,-4.770302517545372,-0.08331192418378744,0.21616162240710268,-0.006789716603563534,0.010480010501908055,4.887968995590277,0.16798892873906,-0.025268363359748882,0.1698786930894433,2.6257602747582944
700,5.807846499999869,230.02708226206627,360.0432569081188,49.723027299340316,77.82753454999624,5.109604021575481,0.1398631539607349,0.31668668323790805,-5.109604021575481,-0.8833133167620919,0.21616162240710268,-0.005561370599075133,0.011933448687571513,4.890409045700087,0.18208157710538678,0.011567671423881373,0.18244865508782407,3.2684555532204382
701,5.819215999999869,230.03105492830954,360.04210237400235,49.723886037320746,77.82728498402851,4.832834271722323,-0.13690659589242316,1.3351994810555836,-4.832834271722323,0.13519948105558377,0.21616162240710268,-0.004702632618645453,0.012183014655306579,4.890897055722049,0.13437987721657674,0.06996714453267291,0.15150363927905555,-0.2563841656730502
702,5.823473599999488,230.03471456825903,360.0389984938912,49.72467711102965,77.82661404426793,4.942359166966535,-0.02738170064821066,0.8323105512898745,-4.942359166966535,-0.3676894487101255,0.21616162240710268,-0.003911558909742041,0.012853954415888325,4.890994657726441,0.11990207781522458,0.0723301631845919,0.14002914257652893,-0.5625973429344858
703,5.835524599999189,230.0366708905999,360.04600450628527,49.7250999928408,77.82812847527363,4.799385300800534,-0.17035556681421227,1.2109984770610822,-4.799385300800534,0.010998477061082326,0.21616162240710268,-0.0034886770985878,0.011339523410185848,4.855063937038453,0.07965699625701819,-0.04041272942632205,0.08932203396909257,-2.4463306556065145
704,5.851467999999841,230.03847604174177,360.04761868028226,49.72549019724032,77.82847739774367,4.770790527567334,-0.1989503400474124,1.1107888232240282,-4.770790527567334,-0.08921117677597176,0.21616162240710268,-0.0030984726990723743,0.010990600940147033,4.847877792900855,0.042116768429766166,-0.0681992433049973,0.08015584177301593,-2.035083509352543
705,5.855349799999203,230.03986574505458,360.0518216622581,49.72579059776309,77.82938592114651,4.929950418135538,-0.03979044947920851,0.6796356192363562,-4.929950418135538,-0.5203643807636438,0.21616162240710268,-0.002798072176304345,0.010082077537305167,4.813464795030367,0.003441528158099538,-0.1014709662736563,0.1015293115931182,-1.7921637744472343
706,5.867780099999436,230.03341538035545,360.0585486772833,49.7243962764646,77.83084004362831,4.796903551034335,-0.17283731658041113,1.1992869367880676,-4.796903551034335,-0.0007130632119322633,0.21616162240710268,-0.004192393474788503,0.008627955055501957,4.839557964499238,0.0005221395276973871,-0.08553887382487507,0.08554046741112818,-1.7315129278627124
707,5.871997100000044,230.03326763293066,360.0587198109224,49.72436433914155,77.8308770361534,4.770294177614094,-0.19944669000065218,1.1558649361320983,-4.770294177614094,-0.04413506386790157,0.21616162240710268,-0.0042243307978395706,0.008590962530419688,4.844776598393013,0.007032372066651187,-0.07016721734947359,0.07051873968990147,0.8725854786795071
708,5.883919599999899,230.03439799343775,360.0612574063439,49.72460867970267,77.83142556689671,4.9298511481448895,-0.039889719469856644,0.9556863244785392,-4.9298511481448895,-0.24431367552146074,0.21616162240710268,-0.003979990236722131,0.00804243178710351,4.812844556128798,-0.003618640165514324,-0.01473542199127674,0.015173240191484338,4.208270187247371
709,5.888895000000048,230.03571055182624,360.05999208596097,49.72489240445343,77.83115205318988,4.796883697036205,-0.1728571705785411,1.3594000290244488,-4.796883697036205,0.15940002902444875,0.21616162240710268,-0.003696265485963579,0.008315945493933441,4.875384157807791,0.05285270757745146,0.15090393351391748,0.15989185672897924,4.977781446496672
710,5.899317599999449,230.03687411012453,360.0579133657285,49.725143921102955,77.83070271365189,4.770290206814468,-0.19945066080027818,1.1181476260656635,-4.770290206814468,-0.08185237393433635,0.21616162240710268,-0.0034447488364364176,0.008765285031927306,4.956818088275426,0.061184918724845175,0.18418917077271063,0.1940856638428111,4.779303785815015
711,5.90205639999931,230.03903038666198,360.0489021695571,49.725610025337645,77.82875483886765,5.1096015594293,0.13986069181455374,0.0,-5.1096015594293,-1.2,0.21616162240710268,-0.002978644601746794,0.010713159816162943,4.973104950662898,0.018879141217601918,0.1346773348700416,0.1359941414209137,7.056496073218263
712,5.915344499999264,230.04112585228074,360.0392107108463,49.7260629845855,77.82665991742924,5.177463829952266,0.2077229623375203,1.0333361858984131,-5.177463829952266,-0.1666638141015868,0.21616162240710268,-0.0025256853538948576,0.012808081254576109,4.976362323140393,0.004440058487976536,0.09852428509378117,0.09862428135412356,3.6184867358913495
713,5.919206300000042,230.0377129511073,360.04445538767254,49.725325246330726,77.827793615281,5.0112854600822505,0.041544592467504415,1.5180236057227192,-5.0112854600822505,0.31802360572271926,0.21616162240710268,-0.0032634236086650503,0.011674383402819899,5.00998956667886,0.04182989363246227,0.03420879546227808,0.05403685490739708,-0.43631890500857917
714,5.932668799999192,230.03676817307957,360.0522896892033,49.72512102157944,77.82948709061031,4.813170559423677,-0.15657030819106943,1.2387684167436628,-4.813170559423677,0.03876841674366291,0.21616162240710268,-0.00346764835995117,0.009980908073501382,4.947789005254718,0.008873764328290035,-0.1318492724483668,0.1321475476068992,-1.1813811706798747
715,5.936552199999824,230.0405602988851,360.05729239300393,49.72594073364594,77.83056848318029,4.938426424506806,-0.03131444310793974,0.7665418091456979,-4.938426424506806,-0.433458190854302,0.21616162240710268,-0.0026479362934495043,0.008899515503529187,4.899398651881022,0.03374256524561969,-0.23247834624029956,0.234914329447949,-0.9938078103860324
716,5.948378999999477,230.0408560171041,360.0638073511807,49.72600465657593,77.83197676710968,4.798598752308588,-0.17114211530615808,1.2100528713706127,-4.798598752308588,0.01005287137061281,0.21616162240710268,-0.002584013363460258,0.0074912315741357816,4.925670746001205,0.07755930715561715,-0.14225203589538882,0.16202187458131187,-3.2917406930856767
717,5.952820599999541,230.04411140417835,360.07090636660377,49.72670834632746,77.83351130180102,4.935512063083788,-0.034228804530958,0.7808109468782294,-4.935512063083788,-0.41918905312177057,0.21616162240710268,-0.0018803236119282474,0.0059566968827908795,4.930925164825242,0.07131368040482383,-0.14467895018846033,0.1612998438948914,-2.6729078885473987
718,5.964296099999956,230.04560045236295,360.0625416551275,49.72703022139889,77.83170317219735,5.142645930683164,0.17290506306841813,0.9043605336519647,-5.142645930683164,-0.29563946634803534,0.21616162240710268,-0.0015584485405000237,0.007764826486464926,4.89900027954708,0.023701468548559375,-0.10724572826705392,0.1098335369679458,-0.7851472963158146
719,5.968479899999693,230.04470242021964,360.0652112194459,49.726836101313815,77.83228022955154,4.83944265354386,-0.13029821407088615,1.815613170476189,-4.83944265354386,0.615613170476189,0.21616162240710268,-0.0017525686255766004,0.007187769132272592,4.892615302491448,0.0031457110058384988,-0.14594554638325408,0.14597944378178326,-3.863809344588758
720,5.979814299999816,230.04328772663695,360.0699984835724,49.726530298853774,77.83331505233201,4.778801998115999,-0.19093886949874683,1.14556537754087,-4.778801998115999,-0.05443462245912987,0.21616162240710268,-0.002058371085617239,0.006152946351804189,4.858362538037353,-0.03132068212664752,-0.06679702878644267,0.07377552564079329,-4.239879262956621
721,5.983063699999548,230.04182397633696,360.0746971916939,49.72621389221413,77.83433073270277,4.766673867030427,-0.20306700058431915,1.1296152431346338,-4.766673867030427,-0.0703847568653661,0.21616162240710268,-0.0023747777252580704,0.005137265981048245,4.815561744057667,0.020747558106473406,0.132592850213815,0.1342062781512276,-3.783834994053314
722,5.995338999999149,230.04103460736548,360.0718435484117,49.72604326093658,77.83371388454113,4.764248240813313,-0.20549262680143343,1.094257077981856,-4.764248240813313,-0.10574292201814404,0.21616162240710268,-0.0025454090028134146,0.005754114142689559,4.807001585261729,0.10995102699265558,0.27035700227629456,0.29185978999609385,-1.7679933591145531
723,5.998750899999322,230.0455865632183,360.053620677142,49.72702721909885,77.82977479912255,4.928641960784733,-0.041098906830012716,0.6071518104798458,-4.928641960784733,-0.5928481895201542,0.21616162240710268,-0.0015614508405406013,0.009693199561269239,4.805289553502542,0.48978945668636625,1.0255822920024895,1.1365354150004325,4.674734230816988
724,6.011369500000001,230.06891464617567,360.02146180991053,49.73206985535856,77.82282328620703,4.796641859564174,-0.17309900805057232,1.1961634051238823,-4.796641859564174,-0.0038365948761176494,0.21616162240710268,0.003481185419168753,0.01664471247678989,4.91321756341047,0.7654752825003359,2.23348704311128,2.3610202836623277,8.140008195673808
725,6.014470099999926,230.09576946354588,359.96860702962607,49.737874836250754,77.81139811114876,4.770241839320062,-0.19949902829468424,1.1772139264919792,-4.770241839320062,-0.022786073508020727,0.21616162240710268,0.009286166311362365,0.028069887535053795,5.003729099229947,3.6862793878216014,11.410935398225403,11.99158464872562,18.00958808389353
726,6.027480799999466,230.172875776531,359.6239037715667,49.754542261963444,77.73688649563763,5.306313916570067,0.33657304895532114,0.6692545612064635,-5.306313916570067,-0.5307454387935364,0.21616162240710268,0.02595359202405234,0.10258150304618141,5.057781571188764,4.909742210960831,14.518186900573813,15.325903544590238,20.23570535943635
727,6.0308172999993985,230.39807734257025,358.91484892873154,49.80322219784711,77.58361605043477,5.216805919910693,0.24706505229594722,1.3513204584799285,-5.216805919910693,0.15132045847992862,0.21616162240710268,0.07463352790772149,0.25585194824904534,5.220104135282675,10.520719409793028,29.217184442067342,31.053653627574608,31.581474920622256
728,6.044058199999199,230.79045637787888,357.8924619270071,49.88803948671796,77.36261521741409,5.198904320578818,0.22916345296407226,1.0968604443771541,-5.198904320578818,-0.10313955562284575,0.21616162240710268,0.1594508167785662,0.4768527812697272,5.3608390643612225,11.87851189592632,32.846644958586424,34.928514567572066,31.289385821453656
729,6.0476007999996,231.2567876784541,356.6789489168104,49.988842417229506,77.10030027631784,5.608254680033733,0.6385138124189869,0.0,-5.608254680033733,-1.2,0.21616162240710268,0.26025374729011475,0.7391677223659769,5.5921068540099395,13.233249141974214,35.773213788616246,38.14238728264927,33.94500523491989
730,6.060407599999962,231.7699311725432,355.38547361836277,50.09976434743946,76.82070055726189,5.4739164847128015,0.5041756170980554,1.1826462926463066,-5.4739164847128015,-0.01735370735369335,0.21616162240710268,0.3711756775000694,1.0187674414219288,5.947254454908434,16.33879060367287,42.35196506468391,45.39432809537856,38.86258348749233
731,6.074998199999754,232.31361469010847,354.0112167322274,50.21728785867237,76.52363895915073,6.462652864813654,1.4929119971989078,0.3802282861209305,-6.462652864813654,-0.8197717138790694,0.21616162240710268,0.4886991887329799,1.3158290395330852,6.201605966054929,16.86176359467564,43.29025225809364,46.45820715537902,42.01860141267632
732,6.078782799999317,232.8409235089529,352.63102378754905,50.331271788463354,76.22529421299423,6.992543924403161,2.0228030567884145,0.0,-6.992543924403161,-1.2,0.21616162240710268,0.602683118523963,1.6141737856895872,6.4787841753887205,16.38441761290274,40.38228873107,43.57956383069364,42.80389793351639
733,6.0910887,233.35445695145697,351.41375265098884,50.44227801055534,75.96216690920603,6.470661876311296,1.50092100869655,1.4817059327260793,-6.470661876311296,0.28170593272607947,0.21616162240710268,0.7136893406159501,1.8773010894777826,6.803769377802355,15.923414008589338,38.576116803960026,41.73334280119083,39.812357106959084
734,6.095311299999594,233.8636767988994,350.2513339757355,50.55235179894039,75.71089660244695,6.994145726702689,2.0244048590879427,0.0,-6.994145726702689,-1.2,0.21616162240710268,0.8237631290010015,2.1285713962368646,7.096008849925706,17.24838921182856,40.670168066964116,44.17657185656025,43.14316005867097
735,6.112476699999206,234.36841935231274,349.2347847878792,50.66145776818412,75.49115768074331,7.098842496780968,2.1291016291662217,0.9839070998708412,-7.098842496780968,-0.21609290012915877,0.21616162240710268,0.9328690982447299,2.348310317940502,7.315270571865025,14.119475556272853,30.77816480111291,33.86229493859878,29.9046493901916
736,6.11888529999942,234.80362980145708,348.3207582697237,50.755533564959684,75.2935802256557,7.923850225430412,2.954109357815666,0.0,-7.923850225430412,-1.2,0.21616162240710268,1.0269448950202928,2.545887773028113,7.53371779540328,16.38370954791145,34.202904645534296,37.92445945220362,25.03686111898818
737,6.12508600000001,235.21880219523732,347.4782303389153,50.845277903177866,75.11145802120886,8.088852534099756,3.1191116664850096,0.7588961599550901,-8.088852534099756,-0.4411038400449098,0.21616162240710268,1.1166892332384748,2.7280099774749544,7.57740724011093,12.497362651621016,25.010449919688774,27.95901783738821,11.22567090654568
738,6.129307299999709,235.61604469553785,346.7262699260374,50.93114648653188,74.94891303837525,7.562897994002569,2.5931571263878226,2.281439985689112,-7.562897994002569,1.081439985689112,0.21616162240710268,1.2025578165924884,2.890554960308563,7.5861451290524595,14.684828793042657,31.47694775220907,34.733880239274654,0.786916500620646
739,6.140770199999679,235.9679493147536,346.0080521616851,51.00721475995412,74.79366192119126,7.212592950240944,2.2428520826261975,1.348008431562544,-7.212592950240944,0.1480084315625441,0.21616162240710268,1.2786260900147255,3.045806077492557,7.587892859428657,12.613787885077796,27.70136233185534,30.43802095817777,-7.447526210531082
740,6.144840799999656,236.29360781208683,345.1581257113197,51.07760962908832,74.60994044075358,7.142531941488619,2.1727910738738725,1.2158963044335465,-7.142531941488619,0.01589630443354642,0.21616162240710268,1.3490209591489304,3.22952755793024,7.4274285779892475,12.029139256889188,28.966861864893836,31.365255898230345,-9.810136887502134
741,6.156288700000005,236.52262833241625,344.525142389744,51.12711507632725,74.47311373900513,7.932588877311396,2.96284800969665,0.3377570247514584,-7.932588877311396,-0.8622429752485415,0.21616162240710268,1.3985264063878589,3.366354259678687,7.346312894552929,8.427203521890569,22.93529515006536,24.434514990479688,-13.105803797716316
742,6.159691799999564,236.70446384579938,343.9631261125727,51.166420935911376,74.35162738871259,7.286531126902709,2.316790259287963,2.4,-7.286531126902709,1.2,0.21616162240710268,1.4378322659719842,3.4878406099712294,7.3300897578656645,8.747640174302449,27.835872673846254,29.178022827697745,-24.78623010135972
743,6.1723098999991635,236.8405942634518,343.4758202854674,51.19584710785008,74.24629057051708,7.157319576820972,2.1875787092062255,1.1456816825533014,-7.157319576820972,-0.0543183174466985,0.21616162240710268,1.4672584379106866,3.59317742816674,7.148283347691298,5.769458114099873,20.990689655429637,21.769145576731155,-19.531032565580094
744,6.175694899999144,236.96960138568716,342.88002532283167,51.22373349669454,74.11750256477174,7.131477266804624,2.161736399189878,1.1201162445374573,-7.131477266804624,-0.07988375546254266,0.21616162240710268,1.4951448267551513,3.721965433912075,6.951108238141776,5.953410602342846,24.976693232284035,25.67641529925296,-26.166594155046813
745,6.188248399999793,237.1091300827499,342.24655662367667,51.25389424622398,73.98057094301828,6.233499890616784,1.263759023002038,1.776974265536834,-6.233499890616784,0.5769742655368338,0.21616162240710268,1.5253055762845875,3.858897055665537,6.7861010879359736,3.9569945008306253,20.818261897365304,21.19098473188294,-30.856301870625757
746,6.192186799999945,237.20467738763085,341.6656735797473,51.27454790666367,73.85500632181373,6.946713329563787,1.9769724619490407,0.0,-6.946713329563787,-1.2,0.21616162240710268,1.5459592367242792,3.984461676870083,6.627527529598914,3.9887235386690136,27.750639071219382,28.035832149751144,-46.742487220472526
747,6.204258399999162,237.2922391406089,340.833212218179,51.293475397248216,73.67506012330591,6.461495375873696,1.4917545082589498,1.4589386595494245,-6.461495375873696,0.2589386595494245,0.21616162240710268,1.5648867273088243,4.164407875377904,6.286918851256698,2.434182597114784,23.4538840971407,23.579862683192324,-43.20214944024609
748,6.2082637999992585,237.33839105346277,340.03625257847057,51.303451669607895,73.50278803459355,6.364451785135677,1.3947109175209311,1.3011859423260175,-6.364451785135677,0.10118594232601763,0.21616162240710268,1.574862999668504,4.336679964090266,5.911054882311888,3.111151535642957,35.54608420142176,35.68197536477345,-74.77745287138758
749,6.220184199999494,237.3640624850454,339.12287845223483,51.30900084790831,73.30535160160176,5.428433875093542,0.4586930074787956,1.8627832698765547,-5.428433875093542,0.6627832698765549,0.21616162240710268,1.5804121779689169,4.534116397082059,5.427706810812964,2.3390851170860594,33.1341607678138,33.216621275685235,-76.05344205576984
750,6.223335199999383,237.44842605216957,338.0825308313204,51.327237013449924,73.08046837199754,4.354180045892732,-0.6155608217220143,2.4,-4.354180045892732,1.2,0.21616162240710268,1.5986483435105328,4.7589996266862755,4.888820170756343,2.816433282461077,46.426719082353394,46.51206876915186,-97.55746856373116
751,6.235846599999604,237.52852268125528,336.9352063772637,51.34455083074243,72.83246085658129,4.529972972069172,-0.4397678955455744,0.9549523175948678,-4.529972972069172,-0.24504768240513225,0.21616162240710268,1.6159621608030363,5.007007142102523,4.305246028780175,2.502018790863159,42.482786985119304,42.55640125824615,-82.76806517456266
752,6.239278099999865,237.59130196547983,335.64349245124953,51.358121302673965,72.55324187864822,3.7670621755905924,-1.2026786920241537,2.4,-3.7670621755905924,1.2,0.21616162240710268,1.6295326327345734,5.286226120035593,3.8394685096500782,2.9204981852130842,57.84423023744632,57.91790985017097,-119.95653840555778
753,6.252590199999759,237.6478750824344,334.20918243898427,51.370350239419494,72.24319909936222,3.446581075254837,-1.523159792359909,1.3578117573190946,-3.446581075254837,0.15781175731909464,0.21616162240710268,1.6417615694801029,5.5962688993216005,3.5746603263807,1.9395488089244657,49.367325630274834,49.40541154031399,-92.5622029582407
754,6.256055199999537,237.68887764512033,332.7124900067187,51.37921341989253,71.91967163495926,3.0995462794430577,-1.8701945881716884,2.1255409252189805,-3.0995462794430577,0.9255409252189803,0.21616162240710268,1.6506247499531383,5.919796363724558,2.789871297148699,2.9582115156540034,62.66790191932021,62.737683622691115,-94.4973474631206
755,6.267858899999737,237.73707689419024,331.12977502853516,51.38963224777029,71.57754939746708,3.030139129545838,-1.939601738068908,1.1841510599409106,-3.030139129545838,-0.015848940059089336,0.21616162240710268,1.6610435778308954,6.261918601216735,2.387965294891166,2.5028152458205724,52.16941546880874,52.22941694593088,-67.14207738426317
756,6.271777399999337,237.85449245963156,329.56489920146976,51.41501298689193,71.23928329982296,0.6060278259091677,-4.363713041705578,2.4,-0.6060278259091677,1.2,0.21616162240710268,1.6864243169525395,6.600184698860858,2.167278842364464,3.1270612528862745,63.080762570974294,63.15822288993678,-65.06990750329528
757,6.283742999999959,237.94736106046452,327.96642011286747,51.43508761431866,70.89375346664687,1.7575321643029274,-3.2122087033118185,0.18843294082746476,-1.7575321643029274,-1.0115670591725352,0.21616162240710268,1.7064989443792697,6.945714532036945,2.1797292288610763,2.993164591308949,50.671652820043036,50.75997866218662,-19.920295296721015
758,6.288290699999379,238.03235341819232,326.3286411610294,51.453459700257305,70.53972851127334,2.343148812621328,-2.6265920549934183,0.0,-2.343148812621328,-1.2,0.21616162240710268,1.7248710303179138,7.299739487410477,2.1363830863728017,3.062445103655954,49.04315658716418,49.138679042542556,-17.177203200709826
759,6.299969899999269,238.1343853516184,324.63617640353857,51.47551508852402,70.17388258342729,3.161798211926121,-1.8079426556886249,0.4216992411897167,-3.161798211926121,-0.7783007588102833,0.21616162240710268,1.7469264185846285,7.66558541525653,2.127713857875147,4.127360755022082,48.05644139354311,48.23335636479324,-30.1993049938242
760,6.3161498999998,238.22638350831477,323.0761354705136,51.49540155933397,69.83666160432311,2.8134084171044624,-2.1563324505102837,1.3448892420938579,-2.8134084171044624,0.14488924209385787,0.21616162240710268,1.7668128893945791,8.002806394360704,1.7987146923513964,4.5665482652665474,47.956448058932274,48.173377227344965,-41.36311134416891
761,6.319972099999177,238.43506343689313,321.6369537895034,51.54051015125927,69.52556575721738,0.5626816834208925,-4.407059184193853,2.4,-0.5626816834208925,1.2,0.21616162240710268,1.811921481319878,8.313902241466437,1.334586383294498,6.224030136515225,53.75715491025595,54.11626608687544,-75.60498969033964
762,6.3314995999999155,238.6416371055612,320.12366258067664,51.58516345062514,69.19845027434297,0.1125363366841785,-4.857204530930567,1.5740789173885184,-0.1125363366841785,0.37407891738851834,0.21616162240710268,1.8565747806857473,8.641017724340841,0.7031270316027474,6.308558343507799,52.44441988998237,52.82248655610809,-77.12069058524814
763,6.334611799999948,238.8191197561266,318.5852750812043,51.62352838832048,68.86590993656623,0.022507267336835703,-4.94723360027791,1.4746603936933758,-0.022507267336835703,0.2746603936933757,0.21616162240710268,1.8949397183810888,8.97355806211759,0.14062540632054943,7.144393518992211,63.06374786068744,63.46714624898915,-74.04481674044158
764,6.348132199999782,238.96367199835782,317.03653941239094,51.65477503552376,68.53113272171578,0.0045014534673671405,-4.965239414147378,1.1990600605627793,-0.0045014534673671405,-0.0009399394372206164,0.21616162240710268,1.9261863655843712,9.308335276968037,0.028125081264109893,5.141860570274123,53.24646233271341,53.494153709290586,-49.8453873896459
765,6.352673699999286,239.07729800447225,315.48311098835165,51.679336617353094,68.19534111328214,0.0009002906934734282,-4.968840576921272,1.1937440208027819,-0.0009002906934734282,-0.006255979197218072,0.21616162240710268,1.9507479474137028,9.644126885401676,0.0056250162528219795,7.275069011314664,67.19353002057855,67.5862197918021,-38.942234336284095
766,6.363078899999891,239.16341706093252,313.928051611834,51.69795225231771,67.8591969555147,0.00018005813869468565,-4.96956080947605,1.1865211520595769,-0.00018005813869468565,-0.013478847940423028,0.21616162240710268,1.969363582378321,9.980271043169111,0.001125003250564396,5.568961634008091,51.21121267236229,51.5131210183869,-2.796808266393606
767,6.366504199999326,239.39381294443234,312.37336269543897,51.74775500029095,67.52313287700841,3.601162773893713e-05,-4.969704855987006,1.1862523845757529,-3.601162773893713e-05,-0.013747615424247043,0.21616162240710268,2.0191663303515597,10.316335121675408,0.0002250006501128792,7.286789934813367,63.41826679392583,63.83552201321497,-1.13448315672238
768,6.379638899999918,239.62451524782682,310.7364604858715,51.79762398448576,67.16929743966654,7.2023255477874265e-06,-4.969733665289197,1.1858543574823137,-7.2023255477874265e-06,-0.014145642517686317,0.21616162240710268,2.069035314546369,10.67017055901728,4.500013002257584e-05,6.793557195246351,53.333881448068986,53.76481497858763,-0.14374003225281057
769,6.38356979999935,239.82273571503288,309.1762568451007,51.84047164227132,66.83204128939205,1.4404651095574853e-06,-4.969739427149635,1.1858471968451367,-1.4404651095574853e-06,-0.014152803154863145,0.21616162240710268,2.1118829723319266,11.007426709291764,9.000026004515166e-06,8.085257605274961,61.01863551521117,61.55197211041939,-0.05733187842794935
770,6.395393599999807,239.98366473320158,307.8899275535603,51.87525831993104,66.5539862627829,2.8809302191149706e-07,-4.969740579521723,1.1858335366441985,-2.8809302191149706e-07,-0.014166463355801445,0.21616162240710268,2.146669649991651,11.285481735900916,1.8000052009030336e-06,5.5020507584098075,44.80172037685138,45.13830647325726,-0.004786152297413955
771,6.398692199999459,240.10952168256796,306.81060902462053,51.90246376229729,66.32067901847323,5.7618604382299414e-08,-4.96974080999614,1.185833265336488,-5.7618604382299414e-08,-0.014166734663511878,0.21616162240710268,2.173875092357896,11.518788980210587,3.600010401806067e-07,5.629338656622296,49.58331106063865,49.90184555151235,-0.002048795211907849
772,6.411303599999883,240.20424885936268,305.8171694680692,51.92294014251928,66.1059355121657,1.1523720876459884e-08,-4.969740856091024,1.1858326041046665,-1.1523720876459884e-08,-0.014167395895333555,0.21616162240710268,2.194351472579889,11.733532486518115,7.200020803612135e-08,3.6031442824561366,33.472203294958376,33.6655765157708,-0.0002173302397776979
773,6.414611700000023,240.2720934038055,305.0390167932868,51.937605529317516,65.93772876750431,2.304744175291977e-09,-4.96974086531,1.1858325956067566,-2.304744175291977e-09,-0.014167404393243288,0.21616162240710268,2.2090168593781243,11.901739231179505,1.4400041607224273e-08,3.324944419058083,28.758737887226506,28.950306738548086,-9.566815803407803e-05
774,6.427275999999438,240.31716122936933,304.731983202228,51.94734746360975,65.87135988832756,4.6094883505839546e-10,-4.969740867153796,1.1858325692316367,-4.6094883505839546e-10,-0.014167430768363326,0.21616162240710268,2.2187587936703608,11.968108110356255,2.8800083214448544e-09,1.7112399950871284,14.39378054588293,14.495146109088507,-8.365265493148859e-06
775,6.430917899999258,240.34329406100443,304.7328386350297,51.952996378894085,65.87154480006984,9.21897670116791e-11,-4.969740867522555,1.1858325687956575,-9.21897670116791e-11,-0.014167431204342568,0.21616162240710268,2.2244077089546934,11.967923198613974,5.760016642889709e-10,1.3684993580097915,9.310415878905912,9.41045346043731,-3.8029257227469716e-06
776,6.443848099999741,240.35400436241906,304.7983753692066,51.95531153502434,65.88571132685679,1.843795340233582e-11,-4.969740867596307,1.1858325678416248,-1.843795340233582e-11,-0.014167432158375187,0.21616162240710268,2.2267228650849518,11.953756671827023,1.152003328577942e-10,0.4414515851259808,-1.9311403936340144,1.9809550025013636,-3.208669474697254e-07
777,6.447556999999506,240.3524590678997,304.9423153999188,51.954977501653936,65.91682563742486,3.687590680467164e-12,-4.969740867611057,1.1858325678246515,-3.687590680467164e-12,-0.01416743217534843,0.21616162240710268,2.2263888317145444,11.922642361258951,2.304006657155884e-11,0.07967949991848228,-7.958238510725666,7.95863738439592,-1.3913396137892008e-07
778,6.459343599999556,240.34144118299054,305.23462517566327,51.95259585777648,65.98001179279524,7.375181360934328e-13,-4.969740867614006,1.1858325677874433,-7.375181360934328e-13,-0.014167432212556716,0.21616162240710268,2.2240071878370884,11.859456205888577,4.608013314311768e-12,-0.3059805832383712,-9.469205055986846,9.474147376394656,-1.2617410817154019e-08
779,6.463100099999792,240.32337451693905,305.66725309567363,51.948690537931306,66.07352934588329,1.4750362721868657e-13,-4.969740867614596,1.1858325677865227,-1.4750362721868657e-13,-0.01416743221347717,0.21616162240710268,2.2201018679919144,11.765938652800529,9.216026628623537e-13,-0.5694614494344689,-13.237863305871624,13.250106084380397,-5.495811493378622e-09
780,6.47629280000001,240.30035275399064,306.131435771477,51.9437141163017,66.17386782617822,2.9500725443737316e-14,-4.969740867614714,1.1858325677850439,-2.9500725443737316e-14,-0.014167432214956014,0.21616162240710268,2.2151254463623076,11.665600172505592,1.8432053257247073e-13,-0.6585586425843851,-13.239821886070516,13.25619036754506,-5.266518381565207e-10
781,6.481273399999736,240.2741238330289,306.5908499707013,51.938044430192626,66.2731755448394,5.9001450887474636e-15,-4.969740867614738,1.1858325677850023,-5.9001450887474636e-15,-0.014167432214997602,0.21616162240710268,2.2094557602532348,11.566292453844412,3.6864106514494154e-14,-0.9291736225404197,-16.627274498970987,16.653216532698895,-2.141860660027807e-10
782,6.492567099999178,240.2461432629447,307.0296628710933,51.93199610476735,66.3680300533213,1.1800290177494928e-15,-4.9697408676147425,1.1858325677849593,-1.1800290177494928e-15,-0.014167432215040715,0.21616162240710268,2.203407434827959,11.47143794536251,7.372821302898828e-15,-0.8244846091577072,-13.328559909348265,13.35403624855885,-1.793765890131366e-11
783,6.496537899999566,240.21757600738658,307.4392699658202,51.92582096045819,66.45657138746692,2.3600580354989856e-16,-4.969740867614743,1.1858325677849575,-2.3600580354989856e-16,-0.014167432215042498,0.21616162240710268,2.197232290518798,11.382896611216893,1.4745642605797663e-15,-1.06502249422966,-15.860436093427607,15.896153811124135,-6.773232956825348e-12
784,6.508356599999388,240.1893541764072,307.89861296264644,51.91972048368638,66.55586371490223,4.7201160709979716e-17,-4.969740867614743,1.1858325677849553,-4.7201160709979716e-17,-0.014167432215044712,0.21616162240710268,2.191131813746992,11.283604283781585,2.9491285211595325e-16,-0.9286611432485893,-13.213910278879133,13.246502797993415,-8.527799849564212e-13
785,6.512072999999873,240.16219144937523,308.24702262542723,51.91384894454215,66.63117651287124,9.440232141995944e-18,-4.969740867614743,1.1858325677849553,-9.440232141995944e-18,-0.014167432215044767,0.21616162240710268,2.1852602746027614,11.20829148581258,5.898257042319066e-17,-0.8869219428574877,-12.253160923989519,12.285218075472075,-3.3063973418647516e-13
786,6.524196099999244,240.13658668070318,308.6231341353607,51.90831417620464,66.71247738706444,1.888046428399189e-18,-4.969740867614743,1.185832567784955,-1.888046428399189e-18,-0.014167432215044863,0.21616162240710268,2.1797255062652496,11.126990611619377,1.1796514084638131e-17,-0.8094193057963965,-10.93468262095517,10.96459956558446,-3.365300694130902e-14
787,6.539850299999671,240.1129163540137,308.88349044301987,51.90319755998454,66.76875642893197,3.776092856798378e-19,-4.969740867614743,1.185832567784955,-3.776092856798378e-19,-0.014167432215044868,0.21616162240710268,2.1746088900451497,11.07071156975185,2.3593028169276264e-18,-0.7726273962903202,-9.86771174809368,9.897913327412216,-1.3696586545776191e-14
788,6.5438313999993625,240.09141191931397,309.1727463900518,51.8985491264909,66.8312824637333,7.552185713596756e-20,-4.969740867614743,1.185832567784955,-7.552185713596756e-20,-0.01416743221504487,0.21616162240710268,2.1699604565515074,11.008185534950513,4.718605633855253e-19,-0.6217192981371673,-7.061475966200569,7.088792401171332,-1.0032820584048635e-15
789,6.556339599999774,240.0721884595648,309.3501858040559,51.894393752243246,66.86963805534339,1.5104371427193514e-20,-4.969740867614743,1.185832567784955,-1.5104371427193514e-20,-0.01416743221504487,0.21616162240710268,2.165805082303855,10.969829943340429,9.437211267710506e-20,-0.5885200957505867,-6.434111589322284,6.460971122590907,-2.251098875582797e-16
790,6.560772299999371,240.05526330141464,309.47801886312334,51.89073518259801,66.89727065678866,3.020874285438703e-21,-4.969740867614743,1.185832567784955,-3.020874285438703e-21,-0.01416743221504487,0.21616162240710268,2.162146512658616,10.942197341895152,1.8874422535421016e-20,-0.6486610900026852,-7.380673417628183,7.409122843317336,-1.046790023023865e-16
791,6.57169359999989,240.04058355606657,309.6583612221285,51.88756198502704,66.93625375369996,6.041748570877407e-22,-4.969740867614743,1.185832567784955,-6.041748570877407e-22,-0.01416743221504487,0.21616162240710268,2.15897331508765,10.903214244983857,3.774884507084203e-21,-0.4545632596098286,-4.44179329087972,4.464992205580118,-9.869357270414519e-18
792,6.576004799999282,240.02806733677056,309.8244566385399,51.88485645875762,66.97215720838582,1.2083497141754813e-22,-4.969740867614743,1.185832567784955,-1.2083497141754813e-22,-0.01416743221504487,0.21616162240710268,2.1562677888182264,10.867310790297992,7.549769014168408e-22,-0.4854684140493861,-3.9947968892468255,4.024187093982552,-3.839803064959435e-18
793,6.587517099999786,240.01756828682937,309.8783172235998,51.88258696708859,66.98379979983616,2.4166994283509626e-23,-4.969740867614743,1.185832567784955,-2.4166994283509626e-23,-0.01416743221504487,0.21616162240710268,2.153998297149201,10.855668198847653,1.5099538028336813e-22,-0.3445357488285303,-3.0277201554916204,3.0472601172514038,-4.337942467223877e-19
794,6.5913510000000315,240.0089353761507,309.89306410814606,51.8807208631102,66.98698751032514,4.833398856701925e-24,-4.969740867614743,1.185832567784955,-4.833398856701925e-24,-0.01416743221504487,0.21616162240710268,2.1521321931708073,10.85248048835868,3.019907605667363e-23,-0.3456291692424929,-3.180018476616512,3.198746165961541,-1.5752196787287097e-19
795,6.603783599999588,240.00199351810994,309.97349490887245,51.87922029981359,67.00437356270166,9.66679771340385e-25,-4.969740867614743,1.185832567784955,-9.66679771340385e-25,-0.01416743221504487,0.21616162240710268,2.150631629874198,10.835094435982157,6.039815211334727e-24,-0.23547089343234903,-1.7540045141360885,1.7697396354446053,-1.744266813171736e-20
796,6.607758499999363,239.99655016785755,310.0531347745814,51.8780436563917,67.02158864528158,1.9333595426807702e-25,-4.969740867614743,1.185832567784955,-1.9333595426807702e-25,-0.01416743221504487,0.21616162240710268,2.149454986452305,10.817879353402233,1.2079630422669454e-24,-0.23088680853963223,-2.108203620149266,2.1208090961630863,-6.96028547004156e-21
797,6.619388799999797,239.99241986007962,310.11758514628207,51.87715084236138,67.03552034219314,3.866719085361541e-26,-4.969740867614743,1.185832567784955,-3.866719085361541e-26,-0.01416743221504487,0.21616162240710268,2.1485621724219897,10.803947656490678,2.41592608453389e-25,-0.1407099513853123,-2.0574558613755807,2.062261843687069,-6.594330666122356e-22
798,6.623098099999879,239.98943034343787,310.1653292089338,51.87650462359389,67.04584077623625,7.733438170723082e-27,-4.969740867614743,1.185832567784955,-7.733438170723082e-27,-0.01416743221504487,0.21616162240710268,2.147915953654497,10.793627222447569,4.831852169067781e-26,-0.1294376806556815,-1.9864009241458074,1.9906136603120255,-2.7116398804464816e-22
799,6.6353316999993694,239.9874012259962,310.19802480711627,51.87606600627564,67.05290830978494,1.5466876341446164e-27,-4.969740867614743,1.185832567784955,-1.5466876341446164e-27,-0.01416743221504487,0.21616162240710268,2.1474773363362516,10.786559688898876,9.663704338135564e-27,-0.0722941141158941,-1.1548503409953759,1.1571109493185767,-2.807218192095039e-23
800,6.639458599999671,239.98617296885257,310.2179403448455,51.875800504218745,67.0572132847316,3.093375268289233e-28,-4.969740867614743,1.185832567784955,-3.093375268289233e-28,-0.01416743221504487,0.21616162240710268,2.1472118342793536,10.782254713952213,1.9327408676271125e-27,-0.057299133997554645,-0.1043937788963345,0.11908506131806162,-1.1467991268247529e-23
801,6.651185999999143,239.98561413454712,310.22733664871134,51.87567970568862,67.05924440501987,6.186750536578467e-29,-4.969740867614743,1.185832567784955,-6.186750536578467e-29,-0.01416743221504487,0.21616162240710268,2.147091035749227,10.780223593663948,3.865481735254226e-28,-0.021023883001050427,0.5119950055307368,0.5124264721351358,-1.0480152974148294e-24
802,6.655616099999861,239.98557742279695,310.14424413532237,51.87567177001714,67.04128299251582,1.2373501073156934e-29,-4.969740867614743,1.185832567784955,-1.2373501073156934e-29,-0.01416743221504487,0.21616162240710268,2.147083100077751,10.798185006167998,7.730963470508452e-29,-0.00699034142083287,0.6547728810417478,0.6548101943471029,-4.166392999094139e-25
803,6.667085299999599,239.9859573439805,310.1283461900806,51.87575389439656,67.03784646687943,2.4747002146313868e-30,-4.969740867614743,1.185832567784955,-2.4747002146313868e-30,-0.01416743221504487,0.21616162240710268,2.1471652244571686,10.801621531804386,1.546192694101691e-29,0.009165864101909586,0.87196457434472,0.8720127476000011,-4.201887863987812e-26
804,6.671432399999503,239.98664741704982,310.12560766568424,51.87590306171081,67.03725450300291,4.949400429262774e-31,-4.969740867614743,1.185832567784955,-4.949400429262774e-31,-0.01416743221504487,0.21616162240710268,2.147314391771417,10.802213495680903,3.092385388203381e-30,0.02184433632832542,0.9519290852536126,0.95217968807437,-1.5673384887835915e-26
805,6.683326299999862,239.98755235719216,310.12325219718275,51.876098675040154,67.03674534111009,9.898800858525548e-32,-4.969740867614743,1.185832567784955,-9.898800858525548e-32,-0.01416743221504487,0.21616162240710268,2.147510005100763,10.802722657573725,6.184770776406762e-31,0.02616407853270302,0.45882944937642534,0.4595748280971654,-1.714197862775042e-27
806,6.687555599999541,239.9885911227453,310.1188181152137,51.876323216287425,67.03578686275777,1.9797601717051096e-32,-4.969740867614743,1.185832567784955,-1.9797601717051096e-32,-0.01416743221504487,0.21616162240710268,2.1477345463480333,10.803681135926041,1.2369541552813523e-31,0.03642686526136746,1.439202681544224,1.4396635978855807,-6.366264328845492e-28
807,6.699881399999867,239.98972056511016,310.02821679686986,51.87656735838143,67.01620233479235,3.9595203434102196e-33,-4.969740867614743,1.185832567784955,-3.9595203434102196e-33,-0.01416743221504487,0.21616162240710268,2.1479786884420378,10.823265663891462,2.473908310562705e-32,0.03388997852261721,1.455617383732399,1.456011846953251,-6.760090249793251e-29
808,6.704140399999233,239.99087267667792,309.92573248290887,51.87681640068711,66.99404915921527,7.91904068682044e-34,-4.969740867614743,1.185832567784955,-7.91904068682044e-34,-0.01416743221504487,0.21616162240710268,2.1482277307477204,10.84541883946855,4.94781662112541e-33,0.04261858033640852,1.3427862082639708,1.3434623718191079,-2.6040415066681244e-29
809,6.715710899999976,239.99203045554643,309.9140503082272,51.877066668045714,66.99152392138284,1.583808137364088e-34,-4.969740867614743,1.185832567784955,-1.583808137364088e-34,-0.01416743221504487,0.21616162240710268,2.1484779981063227,10.84794407730098,9.895633242250822e-34,0.035891312598858596,1.5554070683538141,1.555821112662081,-2.6453013146714624e-30
810,6.719757399999253,239.99315531896474,309.9238098182677,51.8773098203472,66.99363355290708,3.167616274728176e-35,-4.969740867614743,1.185832567784955,-3.167616274728176e-35,-0.01416743221504487,0.21616162240710268,2.148721150407809,10.845834445776731,1.9791266484501644e-34,0.04332945716068789,2.172719939523496,2.1731519453229278,-1.0413172258800127e-30
811,6.7315280999991955,239.99421473306148,309.8535797128677,51.877538825017155,66.978452499382,6.335232549456353e-36,-4.969740867614743,1.185832567784955,-6.335232549456353e-36,-0.01416743221504487,0.21616162240710268,2.148950155077763,10.861015499301814,3.958253296900329e-35,0.03475881786166769,1.3945958867013084,1.395028982718047,-1.1203477794573932e-31
812,6.735266799999408,239.99520056436887,309.7727134706974,51.87775192391198,66.9609723212765,1.2670465098912706e-36,-4.969740867614743,1.185832567784955,-1.2670465098912706e-36,-0.01416743221504487,0.21616162240710268,2.1491632539725884,10.878495677407315,7.916506593800659e-36,0.03252300286421552,1.7359476609813616,1.736252293700995,-4.363023828107526e-32
813,6.747545399999581,239.99608789133634,309.69825191503764,51.877943729948875,66.94487659059813,2.534093019782541e-37,-4.969740867614743,1.185832567784955,-2.534093019782541e-37,-0.01416743221504487,0.21616162240710268,2.1493550600094835,10.894591408085688,1.5833013187601317e-36,0.027694134421635413,3.3276348356197962,3.3277500753980536,-4.514325612440107e-33
814,6.764205899999979,239.99689337175988,309.5498834133297,51.87811784390404,66.91280501455483,5.068186039565083e-38,-4.969740867614743,1.185832567784955,-5.068186039565083e-38,-0.01416743221504487,0.21616162240710268,2.149529173964652,10.926662984128981,3.1666026375202633e-37,0.026196657087171664,3.891364902478711,3.8914530793889437,-1.8249811190660715e-33
815,6.76851379999971,239.9976097259966,309.4016691565551,51.878272692198074,66.88076678034658,1.0136372079130166e-38,-4.969740867614743,1.185832567784955,-1.0136372079130166e-38,-0.01416743221504487,0.21616162240710268,2.1496840222586826,10.95870121833724,6.333205275040527e-38,0.021121140098651167,6.446678204465009,6.44671280378483,-1.3158923218502504e-34
816,6.77980959999968,239.99823513413588,309.1869803994903,51.878407881436125,66.83435931030688,2.0272744158260334e-39,-4.969740867614743,1.185832567784955,-2.0272744158260334e-39,-0.01416743221504487,0.21616162240710268,2.149819211496734,11.005108688376936,1.2666410550081058e-38,0.019530314621017335,7.716031313261293,7.716056030150248,-2.8463506961057845e-35
817,6.7833818999997675,239.9987576971082,308.89856699928663,51.87852083949603,66.7720154017949,4.054548831652067e-40,-4.969740867614743,1.185832567784955,-4.054548831652067e-40,-0.01416743221504487,0.21616162240710268,2.1499321695566422,11.067452596888913,2.5332821100162114e-39,0.02130506074523197,11.839932152702708,11.839951321108408,-1.3278225663814502e-35
818,6.795776699999806,239.99919732832979,308.45947451349355,51.87861587089415,66.6771004576791,8.109097663304135e-41,-4.969740867614743,1.185832567784955,-8.109097663304135e-41,-0.01416743221504487,0.21616162240710268,2.15002720095476,11.162367541004713,5.066564220032423e-40,0.015169406332789783,11.95333494152612,11.95334456690669,-1.5184585132017267e-36
819,6.799822399999357,239.9995590061547,308.03752945601013,51.878694051759574,66.58589212948684,1.621819532660827e-41,-4.969740867614743,1.185832567784955,-1.621819532660827e-41,-0.01416743221504487,0.21616162240710268,2.1501053818201825,11.253575869196979,1.0133128440064848e-40,0.01538163182926391,16.513110891833566,16.51311805567289,-6.222221682963746e-37
820,6.811987599999156,239.99985541926327,307.58707248851425,51.87875812489802,66.48852062056834,3.2436390653216544e-42,-4.969740867614743,1.185832567784955,-3.2436390653216544e-42,-0.01416743221504487,0.21616162240710268,2.150169454958629,11.350947378115478,2.0266256880129693e-41,0.009739100333888794,14.917267304479315,14.917270483683096,-5.496082719408866e-38
821,6.815875099999175,240.00008973982557,307.10316613238246,51.878808776010935,66.38391863753378,6.4872781306433094e-43,-4.969740867614743,1.185832567784955,-6.4872781306433094e-43,-0.01416743221504487,0.21616162240710268,2.1502201060715436,11.455549361150034,4.053251376025939e-42,0.00993308261258164,26.464651971131715,26.46465383524326,-2.230065995754938e-38
822,6.827575699999215,240.00027420497594,306.5904125047753,51.878848650297115,66.2730809814951,1.297455626128662e-43,-4.969740867614743,1.185832567784955,-1.297455626128662e-43,-0.01416743221504487,0.21616162240710268,2.150259980357724,11.566387017188717,8.106502752051882e-43,0.006367221216281793,25.40438930285175,25.404390100774993,-2.2653506582931188e-39
823,6.830734799999846,240.0004004299061,305.63470182004147,51.87887593528281,66.06649300933123,2.594911252257324e-44,-4.969740867614743,1.185832567784955,-2.594911252257324e-44,-0.01416743221504487,0.21616162240710268,2.1502872653434153,11.77297498935259,1.6213005504103759e-43,0.005961090514316634,34.250400628965295,34.25040114771251,-9.339883338540887e-40
824,6.843569899999238,240.00048920659762,304.610846780694,51.878895125396475,65.84517484291618,5.189822504514648e-45,-4.969740867614743,1.185832567784955,-5.189822504514648e-45,-0.01416743221504487,0.21616162240710268,2.150306455457084,11.994293155767636,3.242601100820752e-44,-0.6133201080222076,32.29768993501817,32.30351276089767,-9.996678101804315e-41
825,6.847345499999392,240.0005457330459,303.6984956917555,51.87890734424525,65.64795955132635,1.0379645009029297e-45,-4.969740867614743,1.185832567784955,-1.0379645009029297e-45,-0.01416743221504487,0.21616162240710268,2.1503186743058578,12.191508447357464,6.485202201641504e-45,-2.443727319504857,39.91020294321045,39.98494844538803,-4.45871014383726e-41
826,6.8591293999998015,239.83245760025366,302.7639183565326,51.842573140753494,65.44593979827967,2.0759290018058594e-46,-4.969740867614743,1.185832567784955,-2.0759290018058594e-46,-0.01416743221504487,0.21616162240710268,2.1139844708141027,12.393528200404148,1.2970404403283011e-45,-2.461016289657427,30.0416830519933,30.142317790348848,-3.5328376708380323e-42
827,6.863586899999973,239.64380241886224,301.78368436208234,51.80179313066842,65.2340508277007,4.151858003611719e-47,-4.969740867614743,1.185832567784955,-4.151858003611719e-47,-0.01416743221504487,0.21616162240710268,2.0732044607290305,12.605417170983117,2.5940808806566017e-46,-2.066808853616994,37.263171116890184,37.32044507403453,-1.5136925853981524e-42
828,6.877360899999985,239.63884443406127,300.760839608587,51.800721404629975,65.01295104631456,8.303716007223438e-48,-4.969740867614743,1.185832567784955,-8.303716007223438e-48,-0.01416743221504487,0.21616162240710268,2.072132734690584,12.82651695236926,5.188161761313204e-47,-1.8672397562667262,31.376785000336547,31.43229583191033,-1.3972533026586842e-43
829,6.8816432999992685,239.67792247326142,299.70390466533036,51.809168576983964,64.78448227420144,1.6607432014446878e-48,-4.969740867614743,1.185832567784955,-1.6607432014446878e-48,-0.01416743221504487,0.21616162240710268,2.080579907044573,13.054985724482378,1.0376323522626409e-47,-0.78269158767838,38.99683336296813,39.004687134503804,-5.17474128985601e-44
830,6.89190249999956,239.72543459780755,298.62169302424275,51.819438874909864,64.55054965007609,3.321486402889376e-49,-4.969740867614743,1.185832567784955,-3.321486402889376e-49,-0.01416743221504487,0.21616162240710268,2.0908502049704722,13.288918348607723,2.075264704525282e-48,1.2012080626306658,33.471274637413096,33.4928220170063,-5.19622512717011e-45
831,6.896205199999713,239.7719996711804,297.5220614396544,51.82950445671764,64.31285150270138,6.642972805778752e-50,-4.969740867614743,1.185832567784955,-6.642972805778752e-50,-0.01416743221504487,0.21616162240710268,2.100915786778252,13.526616495982438,4.150529409050564e-49,1.5865987065667726,40.93975902544118,40.97049138730059,-2.185858384743531e-45
832,6.90826239999933,239.81499775104706,296.4116432896011,51.83879899142201,64.07282171383557,1.3285945611557504e-50,-4.969740867614743,1.185832567784955,-1.3285945611557504e-50,-0.01416743221504487,0.21616162240710268,2.1102103214826187,13.76664628484825,8.301058818101127e-50,1.00429351814257,34.466437493249515,34.48106609353398,-2.4767656681186353e-46
833,6.912779199999932,239.8536365227227,295.29594213343546,51.847151210995236,63.831649941797316,2.6571891223115008e-51,-4.969740867614743,1.185832567784955,-2.6571891223115008e-51,-0.01416743221504487,0.21616162240710268,2.1185625410558444,14.0078180568865,1.6602117636202257e-50,-0.5941358669908885,40.373782843999344,40.378154224318635,-8.596540710707832e-47
834,6.924281199999314,239.8036724973799,294.1793779894135,51.836350906215145,63.59029162490394,5.3143782446230016e-52,-4.969740867614743,1.185832567784955,-5.3143782446230016e-52,-0.01416743221504487,0.21616162240710268,2.1077622362757538,14.249176373779875,3.320423527240451e-51,-1.6675920655076555,33.640169984400366,33.68147710354009,-8.804275882754025e-48
835,6.92888210000001,239.65487091365162,293.06536756864244,51.8041857144597,63.349485324971646,1.0628756489246004e-52,-4.969740867614743,1.185832567784955,-1.0628756489246004e-52,-0.01416743221504487,0.21616162240710268,2.0755970445203076,14.48998267371217,6.6408470544809036e-52,-3.3323977850132716,41.53762374272473,41.671081833685705,-3.3017900089809366e-48
836,6.939991199999895,239.49925849989728,291.9565274390356,51.77054828263587,63.10979664356572,2.125751297849201e-53,-4.969740867614743,1.185832567784955,-2.125751297849201e-53,-0.01416743221504487,0.21616162240710268,2.0419596126964805,14.729671355118093,1.3281694108961809e-52,-4.151884487540492,34.95355751324826,35.19928021465543,-3.616484630589275e-49
837,6.944001099999696,239.35914384860712,290.8547248163019,51.74026087228999,62.87162920106321,4.2515025956984024e-54,-4.969740867614743,1.185832567784955,-4.2515025956984024e-54,-0.01416743221504487,0.21616162240710268,2.0116722023505957,14.967838797620608,2.656338821792361e-53,-5.106116058523625,43.120375292805875,43.42164421801109,-1.3092680073557618e-49
838,6.955546299999696,239.23906269555022,289.7612047026106,51.71430393542469,62.635252119152895,8.503005191396805e-55,-4.969740867614743,1.185832567784955,-8.503005191396805e-55,-0.01416743221504487,0.21616162240710268,1.9857152654852968,15.20421587953092,5.312677643584723e-54,-3.9921616450472843,35.8094327720198,36.03127572060129,-1.5470087712750003e-50
839,6.959338399999979,239.13889012457116,288.67673611217606,51.692650469961166,62.400831629195025,1.700601038279361e-55,-4.969740867614743,1.185832567784955,-1.700601038279361e-55,-0.01416743221504487,0.21616162240710268,1.9640618000217742,15.43863636948879,1.0625355287169447e-54,-4.1548386220905975,41.865583730436384,42.07124653567797,-15.666602738374962
840,6.971759199999724,239.05722161561545,287.7697623361495,51.67499687256573,62.20477870628842,3.4012020765587222e-56,-4.969740867614743,1.185832567784955,-3.4012020765587222e-56,-0.01416743221504487,0.21616162240710268,1.946408202626337,15.634689292395393,2.1250710574338895e-55,-2.819681329093986,32.48774064132494,32.60987419134943,-21.224248731923094
841,6.975415199999588,238.99225263901127,286.89269693169365,51.66095307317684,62.015190825504106,6.802404153117444e-57,-4.969740867614743,1.185832567784955,-6.802404153117444e-57,-0.01416743221504487,0.21616162240710268,1.9323644032374503,15.82427717317971,-0.286385498046875,-2.4506702522371575,30.101248083208077,30.200843048697138,-25.745539705500274
842,6.98778239999956,238.9420557744989,286.17721476026713,51.6501024375041,61.860531038525195,1.3604808306234888e-57,-4.969740867614743,1.185832567784955,-1.3604808306234888e-57,-0.01416743221504487,0.21616162240710268,1.9215137675647114,15.97893696015862,-0.630048095703125,-1.5046131613005143,24.060956718303,24.10795509712943,-47.82895912267668
843,7.003491099999337,238.91275240798018,285.5564878331332,51.64376817425542,61.72635369888415,-1.431927490234375,-6.401668357849118,2.1260442108205364,1.431927490234375,0.9260442108205365,0.21616162240710268,1.9151795043160291,16.11311429979967,-0.98516611328125,-1.2309265130474119,22.004762716843366,22.03916428327315,-53.319784944725484
844,7.006727999999384,238.89807945941692,285.0830459084786,51.64059644588849,61.62401372433527,-1.71831298828125,-6.688053855895993,2.1049792637731066,1.71831298828125,0.9049792637731069,0.21616162240710268,1.9120077759490997,16.215454274348545,-1.34257521484375,-0.4854117466751971,14.268762755997587,14.277017025651896,-25.123315527853087
845,7.019763099999182,238.8948918741316,284.7511844507525,51.63990741228166,61.5522780132188,-1.775590087890625,-6.745330955505368,1.2653362378538184,1.775590087890625,0.06533623785381851,0.21616162240710268,1.9113187423422673,16.287189985465012,-1.700442533203125,-0.2837739066116473,12.140268388731949,12.143584486489887,-14.13652977983016
846,7.0231918999998015,238.89308789773213,284.5421738592702,51.63951746181636,61.50709794466373,-1.7870455078125,-6.756786375427243,1.2550402202223603,1.7870455078125,0.05504022022236029,0.21616162240710268,1.9109287918769695,16.33237005402009,-1.485630498828125,-0.22216457678895862,7.173597035613604,7.177036402899465,7.695018400176666
847,7.0353244999996605,238.90043033014592,284.43759882370426,51.641104613919346,61.484492835312516,-1.789336591796875,-6.759077459411618,1.2235867072320588,1.789336591796875,0.023586707232058902,0.21616162240710268,1.9125159439799546,16.3549751633713,-1.15628259390625,-0.03043174378256005,-1.0008158105851819,1.0012783717562874,35.94749049193139
848,7.039394399999765,238.89863816114976,284.7443408070003,51.640717215761505,61.55079868008216,-0.357867318359375,-5.327608185974118,0.0,0.357867318359375,-1.2,0.21616162240710268,1.9121285458221138,16.288669318601656,-0.8040275148750001,-0.005747748410843292,-8.550867298980389,8.550869230749818,58.999752674646516
849,7.050962999999683,238.8975034733929,285.2396740689376,51.64047193981506,61.65787072161472,-0.071573463671875,-5.0413143312866175,0.9398704227976036,0.071573463671875,-0.2601295772023964,0.21616162240710268,1.9118832698756663,16.181597277069095,-0.4471910010218751,0.03018900046334093,-13.93358633258044,13.933619036819595,47.654586183478806
850,7.05503729999964,238.89883341839706,285.84747802651174,51.64075942288487,61.78925461118941,-0.014314692734375002,-4.984055560349118,1.0456637793454218,0.014314692734375002,-0.15433622065457814,0.21616162240710268,1.9121707529454781,16.050213387494402,-0.089438200204375,0.070802331620187,-24.295160347017376,24.295263514879775,43.0227115710239
851,7.067116399999577,238.90251902354458,286.61509826639355,51.64155610927311,61.955184647634795,-0.0028629385468750008,-4.972603806161618,1.176490606094806,0.0028629385468750008,-0.023509393905193937,0.21616162240710268,1.9129674393337197,15.884283351049021,-0.017887640040875,0.11337460943857425,-23.970132478837797,23.97040059855279,25.75790168702592
852,7.070706199999222,238.90806383791738,287.4445307921843,51.64275468534388,62.134476128086945,-0.0005725877093750002,-4.970313455324118,1.1795452736472145,0.0005725877093750002,-0.020454726352785543,0.21616162240710268,1.91416601540449,15.70499187059687,-0.0035775280081750006,0.19309468865643165,-31.39486633035027,31.39546014090808,7.0013031229955764
853,7.083301099999517,238.9149203173895,288.29909809111246,51.64423679307057,62.31920078187931,-0.00011451754187500005,-4.969855385156618,1.1855525815126116,0.00011451754187500005,-0.014447418487388326,0.21616162240710268,1.9156481231311773,15.520267216804505,-0.0007155056016350002,0.20833619471927223,-28.378774419886213,28.379539135525405,-16.281196356242333
854,7.087704499999745,238.9226082531755,289.24388005256327,51.64589862974304,62.52342638348748,-2.290350837500001e-05,-4.969763771123118,1.1857063913503312,2.290350837500001e-05,-0.014293608649668854,0.21616162240710268,1.9173099598036458,15.316041615196333,-0.277855503464077,0.42107192063547494,-37.03549477742378,37.03788837084171,-37.78831849365955
855,7.099653799999942,238.9307214907841,290.19283646821896,51.64765240034748,62.72855434188924,-4.580701675000002e-06,-4.969745448316417,1.1858987441023887,4.580701675000002e-06,-0.014101255897611133,0.21616162240710268,1.9190637304080909,15.110913656794573,-0.6196690010834405,0.4469967834660636,-30.03758870435725,30.040914455065433,-39.7883339474468
856,7.1031450000000405,238.94896607826243,291.11376850426177,51.65159617997695,62.92762450492693,-1.388562927859085,-6.3583037954738275,2.4,1.388562927859085,1.2,0.21616162240710268,1.9230075100375572,14.911843493756884,-0.9744171986541883,0.7777406233696398,-36.03193116047806,36.04032385579615,-40.66813935194804
857,7.114942899999733,238.97426391946794,291.93000767782326,51.657064602375335,63.104064088956214,-1.709640075806192,-6.679380943420934,1.4922795167044605,1.709640075806192,0.2922795167044604,0.21616162240710268,1.9284759324359442,14.735403909727602,-1.0453668381683379,0.7251020044194731,-28.64448331525476,28.653659405296235,-23.756254927968076
858,7.11834429999999,239.00213760462285,292.6324118926003,51.66308982338088,63.25589692360801,-1.7738555053956135,-6.743596373010356,1.410213320893798,1.7738555053956135,0.210213320893798,0.21616162240710268,1.934501153441488,14.583571075075803,-1.0595567660711678,0.7105663342022508,-30.356638353068238,30.364953426841858,0.5995425505480121
859,7.131057199999304,239.00885425589203,293.18770502393136,51.66454170561637,63.375929987788055,-0.35477110107912274,-5.324511968693866,0.07678950946500929,0.35477110107912274,-1.1232104905349907,0.21616162240710268,1.935953035676981,14.46353801089576,-0.7846823493079836,0.4838116104483611,-20.127215104184387,20.133029119447293,26.692319749959633
860,7.134720899999593,239.01010998731286,293.6237542589125,51.664813146557606,63.470187097870955,-0.07095422021582455,-5.040695087830567,0.41269607292083776,0.07095422021582455,-0.7873039270791622,0.21616162240710268,1.9362244766182144,14.36928090081286,-0.4433219679084717,0.3830288508700944,-20.026482113065097,20.03014470555605,31.747845100913505
861,7.147013299999344,239.0098746037618,293.95775741238435,51.66476226566732,63.542385761414515,-0.01419084404316491,-4.983931711657908,1.1400561803971474,0.01419084404316491,-0.059943819602852555,0.21616162240710268,1.9361735957279294,14.2970822372693,-0.08866439358169435,0.025777450062654365,-11.699922756027911,11.699951152631002,32.812449849259906
862,7.150695399999677,239.0091863328252,294.2039245215531,51.66461348790501,63.5955976431157,-0.002838168808632982,-4.972579036423376,1.1551746896007016,0.002838168808632982,-0.04482531039929836,0.21616162240710268,1.9360248179656168,14.243870355568113,-0.017732878716338874,-0.008541278043873446,-11.198205837166867,11.198209094537782,28.655788201154916
863,7.163018100000045,239.00833906367507,294.3752609155445,51.6644303408309,63.632633996018264,-0.0005676337617265964,-4.970308501376469,1.1841187895189813,0.0005676337617265964,-0.01588121048101868,0.21616162240710268,1.9358416708915058,14.206834002665552,-0.0035465757432677747,-0.026426973913846394,-6.2439664154599654,6.244022339993845,10.029891557989215
864,7.16640229999939,239.0074406008797,294.48380698914,51.66423612765538,63.65609749139259,-0.00011352675234531929,-4.969854394367088,1.1846104262317319,0.00011352675234531929,-0.015389573768268109,0.21616162240710268,1.9356474577159872,14.183370507291222,-0.0007093151486535548,-0.03721494529087435,-5.265612877170515,5.265744384640879,-12.994600302242025
865,7.179243899999165,239.00652933967305,294.5406065934764,51.66403914795451,63.66837538601803,-2.270535046906386e-05,-4.969763572965212,1.1858797302108577,2.270535046906386e-05,-0.014120269789142305,0.21616162240710268,1.9354504780151203,14.171092612665788,-0.00014186302973071097,-0.03188706876623462,-2.3173517535664248,2.317571128339298,-17.714629749720253
866,7.182562199999666,239.00563776704718,294.5556762455371,51.663846424169215,63.67163286645657,-4.541070093812772e-06,-4.969745408684837,1.185895351589104,4.541070093812772e-06,-0.014104648410895983,0.21616162240710268,1.9352577542298235,14.167835132227246,-0.28641387065282115,0.3473303759846436,-1.6036402175000535,1.6408230670201016,-18.57233910279381
867,7.195765799999208,239.00479689293365,294.5379745423413,51.66366465945659,63.667806437574406,-9.082140187625544e-07,-4.969741775828762,1.1859472672479086,9.082140187625544e-07,-0.01405273275209137,0.21616162240710268,1.9350759895172018,14.17166156110941,-0.34366827217743917,0.3698262400437367,-0.025185490896123375,0.37068282503586036,-18.77581873066873
868,7.199415699999918,239.03656146688576,294.52846793978455,51.67053094129715,63.665751474942155,-1.4319276718771787,-6.401668539491922,2.4,1.4319276718771787,1.2,0.21616162240710268,1.9419422713577603,14.17371652374166,-0.3551191524823628,0.36270013892145103,0.3772149209520754,0.5232996152898647,-22.45813449391869
869,7.212208999999348,239.03982197682888,294.4717089649266,51.67123573841633,63.6534823628507,-0.28638553437543574,-5.256126401990179,0.29626310819548185,0.28638553437543574,-0.9037368918045181,0.21616162240710268,1.942647068476937,14.185985635833113,-0.3574093285433475,0.3151828385597399,1.5556485475580066,1.5872563199565188,-9.269899159156804
870,7.227825999999368,239.03613957623847,294.3954235791223,51.67043974473035,63.63699239008928,-0.05727710687508715,-5.02701797448983,1.0404008210326205,0.05727710687508715,-0.1595991789673795,0.21616162240710268,1.9418510747909608,14.202475608594533,-0.6442528618024195,0.4169018931971999,1.7002044448913038,1.7505720045115414,-13.446785289488187
871,7.231586399999287,239.03099610621783,294.3099993884329,51.66932792390589,63.61852695843706,-0.01145542137501743,-4.98119628898976,1.0643357149723132,0.01145542137501743,-0.1356642850276868,0.21616162240710268,1.9407392539664983,14.220941040246757,-0.720699937594859,0.38401880903524305,2.2628532742387786,2.2952070465267416,-32.35727373054175
872,7.24354779999976,239.05837768866382,294.25396774261606,51.67524677119149,63.606415066971145,-1.4342185745093785,-6.403959442124121,2.4,1.4342185745093785,1.2,0.21616162240710268,1.9466581012520976,14.23305293171267,-1.022374850800222,0.4668445588719541,2.2538439438751263,2.301685548786135,-38.70911049702555
873,7.247096999999485,239.0865663154765,294.19853221885717,51.681340070496745,63.59443203421644,-1.8141630508393758,-6.7839039184541186,2.292774055073558,1.8141630508393758,1.092774055073558,0.21616162240710268,1.9527514005573536,14.245035964467377,-1.3690953314881695,0.9838527375122235,2.659637813053549,2.8357784655601295,-42.64068185786557
874,7.260302499999852,239.11523136158397,294.14269640920645,51.68753635336971,63.58236247501392,-1.7947601004022502,-6.764500968016993,1.2072092423230716,1.7947601004022502,0.0072092423230717025,0.21616162240710268,1.958947683430317,14.257105523669892,-1.7908551991101342,1.1873477746816559,1.9376238963428754,2.2724834656649158,-38.771066213815374
875,7.264257299999372,239.16159363751513,294.08625698804383,51.69755809815348,63.57016243816769,-1.7908795103148252,-6.760620377929568,1.212019441020682,1.7908795103148252,0.012019441020682019,0.21616162240710268,1.9689694282140877,14.269305560516123,-1.9412374460720272,1.6126074345845254,2.5235727409516917,2.994815873630918,-33.8411321159987
876,7.275463499999205,239.19901352168347,294.0188405531633,51.70564684102559,63.55558959222701,-2.12025475948484,-7.089995627099583,1.5223653977305314,2.12025475948484,0.32236539773053147,0.21616162240710268,1.977058171086199,14.283878406456807,-1.9522355263237805,1.3348948505070695,2.032917298980731,2.432015009494268,-14.62225853063544
877,7.279315499999939,239.24572200835055,293.94858831211894,51.715743423283726,63.54040375382513,-2.1861298093188433,-7.155870676933587,1.40078416925336,2.1861298093188433,0.20078416925336007,0.21616162240710268,1.9871547533443348,14.299064244858684,-1.9544351423741313,1.2870445626365616,2.3893679776045977,2.7139570812035005,-4.732653747786925
878,7.29154969999945,239.26429991737083,293.89634965371334,51.71975925423848,63.52911176067181,-1.8691534520981437,-6.838894319712887,0.9643619395479308,1.8691534520981437,-0.23563806045206911,0.21616162240710268,1.9911705842990912,14.310356238012005,-1.9739534347248262,0.7631238277895959,1.927803428963642,2.073350919951618,3.8151382396118216
879,7.295097799999894,239.26807464364936,293.85209339487363,51.72057520519499,63.51954525595934,-1.8057581806540037,-6.775499048268747,1.0435169671758342,1.8057581806540037,-0.1564830328241658,0.21616162240710268,1.9919865352555988,14.319922742724472,-1.9118268197574655,0.6297239517713477,2.110553306083327,2.2024957464780233,4.615495567027859
880,7.307694499999343,239.2630902856682,293.8068114956911,51.71949777828713,63.50975704716637,-1.8884709720683008,-6.858211839683044,1.2895311389810775,1.8884709720683008,0.08953113898107756,0.21616162240710268,1.9909091083477364,14.329710951517448,-1.852449592467118,0.06678613722868976,1.420871265201589,1.4224399953606106,4.545132318299236
881,7.311626299999261,239.2640872381651,293.76653746864935,51.719713281156324,63.50105134814016,-1.8096216846480353,-6.7793625522627785,1.0217565308603613,1.8096216846480353,-0.17824346913963865,0.21616162240710268,1.9911246112169323,14.338416650543657,-1.8405741470090489,0.06240544017905752,1.4405648576497385,1.441915929608711,5.273236608133644
882,7.329725999999937,239.2478798722854,293.72518081491626,51.71620987065282,63.49211162677189,-1.8892436728671071,-6.858984540481851,1.2679164108633487,1.8892436728671071,0.06791641086334874,0.21616162240710268,1.987621200713427,14.347356371911928,-1.8572774270580599,0.1480933275701502,1.2271791359395996,1.236082628854666,1.8955425992718469
883,7.337421199999881,239.25878545879402,293.6888177867369,51.718567239925825,63.484251335605,-1.8097762248077964,-6.77951709242254,1.1190813572360905,1.8097762248077964,-0.08091864276390946,0.21616162240710268,1.9899785699864339,14.355216663078814,-1.8415397139272374,0.1445497062198595,1.4149784020454128,1.4223426084538273,0.9801776922305822
884,7.3424867999992784,239.2742147973157,293.65063614834435,51.72190247077334,63.47599793070391,-1.8892745808990594,-6.859015448513803,1.380887437768617,1.8892745808990594,0.18088743776861713,0.21616162240710268,1.9933138008339455,14.363470067979904,-1.838392171301073,0.16302558292159405,1.1303097174318646,1.1420058660128796,0.3787861251676294
885,7.347085499999594,239.27201820738557,293.6141284584728,51.72142765233028,63.46810636923094,-1.809782406414187,-6.77952327402893,1.0495103011045703,1.809782406414187,-0.15048969889542974,0.21616162240710268,1.9928389823908859,14.371361629452878,-1.8377626627758397,0.2845355359308474,1.4285419722823538,1.4566031160820068,-4.378743670911767
886,7.356480699999338,239.27841562362374,293.579755869501,51.72281052820353,63.46067633463247,-1.7938839715172126,-6.763624839131956,1.2051452428446854,1.7938839715172126,0.005145242844685333,0.21616162240710268,1.9942218582641402,14.378791664051349,-1.837636761070793,0.2539636638060137,1.3227447547107363,1.3469043131004295,-8.001871016940223
887,7.360237799999595,239.28561113857194,293.54525329842994,51.72436592238879,63.45321820289253,-1.8860961302409427,-6.855836997855686,1.469352842620836,1.8860961302409427,0.269352842620836,0.21616162240710268,1.9957772524494004,14.386249795791286,-1.9304765709641587,0.11954061831569973,2.7786262066804204,2.7811964252599135,-38.985055046964746
888,7.37207109999963,239.2940132582758,293.5182942206036,51.72618213821564,63.44739068489098,-1.8091467162825636,-6.778887583897307,1.157373004792023,1.8091467162825636,-0.042626995207977005,0.21616162240710268,1.99759346827625,14.392077313792832,-2.120643654036582,-0.2995149763651932,3.2442756163778226,3.2580720520103212,-47.992158779345324
889,7.375401299999794,239.29380208165878,293.38104602829543,51.726136489935485,63.41772289296921,-2.3534736303658876,-7.323214497980631,2.4,2.3534736303658876,1.2,0.21616162240710268,1.9975478199960932,14.421745105714606,-2.6344754104948165,-2.1510761841486215,9.09562408350471,9.346523750488322,-96.08271522860767
890,7.387862399999904,239.16706319131313,293.1479043293395,51.6987404057763,63.367326605072144,-2.7606178217763024,-7.730358689391046,1.5682046652752506,2.7606178217763024,0.36820466527525053,0.21616162240710268,1.9701517358369074,14.472141393611672,-3.193961732489589,-2.7835546081760865,10.65157882539275,11.009282798177797,-105.96869204352748
891,7.390936799999508,239.03748570749624,292.7205469441513,51.67073072664701,63.27494833934221,-4.363042753808386,-9.332783621423129,2.4,4.363042753808386,1.2,0.21616162240710268,1.9421420567076169,14.564519659341606,-3.9331685672010437,-6.037383894947986,21.2177405022314,22.05997543776983,-186.2900445037721
892,7.403947999999218,238.87205376940335,292.13278108418234,51.6349706905109,63.14789591745581,-4.683527740214803,-9.653268607829546,1.526319775178091,4.683527740214803,0.32631977517809113,0.21616162240710268,1.906382020571506,14.691572081228003,-4.897823898987085,-6.773738076381418,22.11813588703851,23.13213052541681,-167.871822833192
893,7.406581299999743,238.67573133785865,291.4831922192878,51.592533315193286,63.00747973452262,-5.505180889839837,-10.47492175745458,2.4,5.505180889839837,1.2,0.21616162240710268,1.8639446452538948,14.831988264161197,-5.997693441906792,-9.137960321184863,31.078493400512865,32.39405919111204,-210.52363536463588
894,7.420361499999672,238.4401463659588,290.628267232068,51.54160888545268,62.82267776224882,-7.176750289296092,-12.146491156910834,2.4,7.176750289296092,1.2,0.21616162240710268,1.8130202155132906,15.016790236434993,-6.854869498928235,-8.125678244195763,27.576611187703918,28.74884574249883,-179.12786225153545
895,7.423937699999442,238.20820401092328,289.820152745517,51.49147184968328,62.647994423745274,-8.259965536374843,-13.229706403989585,2.4,8.259965536374843,1.2,0.21616162240710268,1.7628831797438878,15.191473574938541,-7.7780930404106465,-8.2820410693995,27.862397025753967,29.067256015935932,-175.08394344306367
896,7.436884399999144,237.9656824419398,289.0691968167504,51.4390479938631,62.48566657182685,-8.648923038915594,-13.618663906530337,1.6599977274978683,8.648923038915594,0.45999772749786827,0.21616162240710268,1.7104593239237076,15.353801426856968,-8.85863130339463,-7.501985682608892,25.50747645530778,26.587800666850008,-126.34848119644613
897,7.451916699999856,237.72018419080723,288.29075959237116,51.385980693600175,62.31739831846295,-9.299645447626869,-14.269386315241611,1.8056049276605146,9.299645447626869,0.6056049276605147,0.21616162240710268,1.6573920236607833,15.522069680220866,-9.669184756772676,-7.497017821987885,25.733098153587886,26.802940450730254,-124.94057817099068
898,7.455825399999412,237.49930187655923,287.5394638849092,51.33823441419129,62.15499701943048,-10.907872204759748,-15.87761307237449,2.4,10.907872204759748,1.2,0.21616162240710268,1.6096457442518997,15.684470979253334,-10.349298377135785,-6.152544809268207,22.550846848540058,23.375082913571926,-95.77793292985024
899,7.467056699999375,237.30858325112223,286.7840587812859,51.297008366693575,61.99170742665667,-11.229517556186325,-16.19925842380107,1.6978713406028754,11.229517556186325,0.4978713406028754,0.21616162240710268,1.5684196967541837,15.847760572027148,-10.968861140270908,-5.751865120485426,22.011623609274537,22.75072584074251,-81.81662967981133
900,7.471443799999179,237.1604816892454,286.11563139454023,51.26499449279725,61.84721907827638,-11.66053363819039,-16.630274505805133,2.4,11.66053363819039,1.2,0.21616162240710268,1.5364058228578585,15.992248920407434,-11.461727550319807,-6.028265022607107,24.748178487650513,25.47179455082417,-76.65545800002559
901,7.484034299999621,237.04132205195003,285.5423737299827,51.239236752274046,61.723302771448324,-11.746736854591205,-16.716477722205948,1.490498641494325,11.746736854591205,0.29049864149432514,0.21616162240710268,1.5106480823346544,16.11616522723549,-11.63363823467334,-3.813701945595021,17.670119661146643,18.07698678898329,-42.559980427399985
902,7.487865699999929,236.95425446318282,285.1014442625738,51.220416081027054,61.62799074240611,-11.763977497871368,-16.733718365486112,1.4674199398550223,11.763977497871368,0.26741993985502227,0.21616162240710268,1.4918274110876624,16.211477256277703,-11.741357773887795,-3.714094296145665,17.53870675128166,17.92765268929858,-31.977096607849248
903,7.499448999999913,236.89302833747539,284.7714395568544,51.20718134236043,61.55665638981582,-11.7674256265274,-16.737166494142144,1.4256037323834865,11.7674256265274,0.2256037323834866,0.21616162240710268,1.478592672421037,16.282811608867995,-11.782160714933811,-2.363121880556949,11.447018620104537,11.688395112734124,-9.531972884825635
904,7.503076699999838,236.8397846417419,284.5384714614792,51.195672098707725,61.50629762835043,-11.768115252258607,-16.73785611987335,1.4245844056991115,11.768115252258607,0.22458440569911142,0.21616162240710268,1.4670834287683334,16.333170370333384,-11.790321303143013,-1.974995137695222,10.150948180353309,10.341293669272618,-6.8136318402583855
905,7.516809499999908,236.8053250361679,284.3811464908581,51.188223254459345,61.472290007455825,-11.864548343420472,-16.834289211035212,1.49499599839089,11.864548343420472,0.2949959983908901,0.21616162240710268,1.4596345845199536,16.36717799122799,-11.791953420784854,-0.9784917966535077,5.396343456586229,5.484338510482301,-2.7312374566019533
906,7.522049499999412,236.80277550342674,284.2996552140231,51.187672143325635,61.454674720843144,-11.78753979563722,-16.75728066325196,1.2763337193887092,11.78753979563722,0.07633371938870925,0.21616162240710268,1.4590834733862437,16.38479327784067,-11.792279844313223,-0.6041421262017728,4.137545654349772,4.181419824710296,-5.57697950149641
907,7.532370699999774,236.80613210827858,284.24696427957997,51.18839771247619,61.443284962967766,-11.77213808608057,-16.741878953695313,1.4081876632483308,11.77213808608057,0.20818766324833074,0.21616162240710268,1.459809042536797,16.39618303571605,-11.871783605581395,0.1058939592881884,1.5937248391136387,1.59723899070287,-7.6001475257735525
908,7.536656599999333,236.8205897287298,284.2496530571997,51.19152289516907,61.44386617350034,-11.76905774416924,-16.738798611783984,1.4159117464012212,11.76905774416924,0.21591174640122135,0.21616162240710268,1.4629342252296809,16.395601825183476,-11.947863801194405,0.24291025939268165,1.8836107336588257,1.8992089906255603,1.8956340048678904
909,7.547727799999848,236.83992831597152,284.1901064405695,51.1957031555623,61.4309944802407,-12.165634058599474,-17.13537492621422,1.7893704704863884,12.165634058599474,0.5893704704863885,0.21616162240710268,1.4671144856229077,16.408473518443117,-12.084763189926385,0.23077894781045247,1.625215974715597,1.6415193837488693,3.515890401566929
910,7.551030199999332,236.84210793348507,284.1301300647322,51.19617430522026,61.41802988953362,-12.244949321485521,-17.214690189100267,1.6729664659206607,12.244949321485521,0.4729664659206607,0.21616162240710268,1.4675856352808694,16.421438109150195,-11.928361329391528,0.37906531950187666,0.4259617815782448,0.5702051874670838,8.861276269048725
911,7.56404399999974,236.83212427341033,284.0055244595424,51.19401622106094,61.39109493975477,-12.472036739297105,-17.44177760691185,1.6119933071869816,12.472036739297105,0.4119933071869818,0.21616162240710268,1.4654275511215502,16.448373058929043,-11.823743554940807,0.3988377846033299,-0.4807878764812701,0.6246827679700002,15.22324246624655
912,7.5683071999992535,236.84813345482718,284.1020204581473,51.19747679168942,61.411953671369,-10.990128783406295,-15.95986965102104,0.0,10.990128783406295,-1.2,0.21616162240710268,1.4688881217500267,16.427514327314817,-11.742640556691287,1.054386198601525,-4.593255970651809,4.712720092232284,31.145637197791558
913,7.580328099999861,236.8941813434431,284.3616867551618,51.20743057800106,61.4680835594161,-11.245968871915634,-16.21570973953038,1.6259859921202777,11.245968871915634,0.42598599212027777,0.21616162240710268,1.4788419080616677,16.371384439267715,-11.573644078135132,1.2208127133179354,-6.442441015232843,6.557090049385709,20.57074061338255
914,7.583730800000012,236.95172145280412,284.6670665862514,51.219868541394014,61.53409495915483,-11.760119067351877,-16.72985993496662,2.4,11.760119067351877,1.2,0.21616162240710268,1.4912798714546227,16.305373039528988,-11.344824030470777,1.79816156324808,-9.834370080654262,9.997410659306263,18.28256311208569
915,7.5954600999994,237.00461584904087,284.955745223223,51.231302279900795,61.596496201676885,-11.39996692870475,-16.369707796319492,1.109356892104319,11.39996692870475,-0.09064310789568095,0.21616162240710268,1.502713609961404,16.24297179700693,-11.409504356875406,1.7884115569210641,-9.68777487941189,9.851466794903837,15.968061609755697
916,7.599262699999599,237.0524807139692,285.2176808126417,51.24164882676,61.65311662365178,-11.327936500975325,-16.297677368590065,1.2255886030449366,11.327936500975325,0.025588603044936514,0.21616162240710268,1.5130601568206075,16.186351375032032,-11.422440422156331,1.9722252266451101,-10.648482777457737,10.82958253149351,13.934573267633198
917,7.611342100000002,237.0951170962169,285.45013400931276,51.25086517632023,61.70336408377793,-11.31353041542944,-16.28327128304418,1.4029351333045135,11.31353041542944,0.2029351333045136,0.21616162240710268,1.522276506380841,16.13610391490589,-11.332431199665642,1.3631095552604693,-7.425697450564997,7.549771538726844,0.5481701212478609
918,7.615968499999326,237.13250959021633,285.6528777406094,51.258947998489,61.74718949766788,-11.310649198320263,-16.280390065935002,1.4086282229616893,11.310649198320263,0.2086282229616894,0.21616162240710268,1.5303593285496078,16.092278501015933,-11.314429355167503,1.472912872899152,-7.993414293279744,8.127985260515729,1.6880918235322235
919,7.627412899999399,237.16479167367714,285.82683943026956,51.26592614602457,61.784793338741494,-11.310072954898427,-16.279813822513166,1.414470392918707,11.310072954898427,0.21447039291870712,0.21616162240710268,1.5373374760851775,16.05467465994232,-11.310828986267875,0.9431642348743329,-5.2836958447064495,5.367215344414111,2.3699038480301033
920,7.631301299999905,237.19220270967907,285.97360133705956,51.2718513600386,61.81651763062079,-11.30995770621406,-16.2796985738288,1.4147191901891867,11.30995770621406,0.2147191901891867,0.21616162240710268,1.543262690099212,16.02295036806303,-11.31010891248795,0.793555007677148,-4.97821713969622,5.041068878737395,0.8802968512039797
921,7.651414999999361,237.19891813957798,286.098411320593,51.273302978260716,61.84349675915398,-11.309934656477187,-16.279675524091928,1.4152311451275605,11.309934656477187,0.21523114512756056,0.21616162240710268,1.5447143083213248,15.995971239529837,-11.309964897731966,0.5405047209655909,-3.6034407388106455,3.6437522571528245,2.6888002761373486
922,7.659813099999155,237.19949836424018,286.20068162653496,51.27342840056506,61.86560367441046,-11.309930046529812,-16.279670914144553,1.4153320052978526,11.309930046529812,0.21533200529785262,0.21616162240710268,1.544839730625668,15.973864324273357,-11.30993609478077,0.41533103478110805,-3.2157134756459196,3.242423942963521,2.9615467684883034
923,7.666315999999824,237.21399431151903,286.2788691371025,51.27656186804718,61.88250481354671,-11.309929124540337,-16.27966999215508,1.4154096056576022,11.309929124540337,0.2154096056576022,0.21616162240710268,1.5479731981077904,15.956963185137106,-11.225829992393654,0.07454766244234998,-2.2166124192951684,2.2178656341963543,8.42383712117371
924,7.676338599999326,237.21324665527234,286.34133135898264,51.27640025345989,61.896006748767476,-11.309928940142443,-16.279669807757184,1.4155241906941227,11.309928940142443,0.21552419069412276,0.21616162240710268,1.5478115835204989,15.94346124991634,-11.209008771916231,0.038134578877482825,-2.082110750716752,2.0824599454386727,10.029213478564127
925,7.680477599999904,237.20979817504855,286.4018993070308,51.27565482437988,61.90909921468344,-10.88942719427849,-15.85916806189323,0.3912093125108418,10.88942719427849,-0.8087906874891582,0.21616162240710268,1.5470661544404862,15.930368784000379,-11.095200191883247,0.17690104650284394,-1.99429499881062,2.0021255011948806,11.244293797409963
926,7.691762799999196,237.20406087188712,286.43681668466786,51.27441463962026,61.916647011683665,-11.225828554090073,-16.195569421704814,1.7121048621785744,11.225828554090073,0.5121048621785745,0.21616162240710268,1.5458259696808696,15.92282098700015,-11.004534423142275,0.08361104564674546,-1.5009570439680888,1.50328402332745,8.972163883410303
927,7.6947457999995095,237.21384175605772,286.46708380983887,51.276528891411154,61.923189602566225,-10.740887146364889,-15.71062801397963,0.0,10.740887146364889,-1.2,0.21616162240710268,1.5479402214717624,15.91627839611759,-10.986401269394081,0.08575012754596027,-1.426514349148434,1.4290893158583646,8.797595825775453
928,7.713799199999812,237.21519978837966,286.4787475759949,51.27682244588115,61.925710861181884,-10.85660028083548,-15.82634114845022,1.4675994175123848,10.85660028083548,0.26759941751238486,0.21616162240710268,1.5482337759417604,15.913757137501932,-10.956430644503817,0.1914325987904555,-0.892764432767514,0.913057923844029,-0.3864208567247305
929,7.721240799999578,237.2150128682375,286.5123107953659,51.276782040919954,61.932965941134334,-11.21926317140147,-16.18900403901621,1.9015505171434013,11.21926317140147,0.7015505171434013,0.21616162240710268,1.548193370980563,15.906502057549481,-10.950436519525764,0.2127087587106425,-0.9374634335378802,0.9612922059669754,-5.50023927909822
930,7.727170499999374,237.22456773121954,286.52587432970086,51.278847435604035,61.93589785672175,-10.739574069827169,-15.70931493744191,0.5957149488275142,10.739574069827169,-0.6042850511724858,0.21616162240710268,1.550258765664644,15.903570141962064,-11.059682030467654,0.1096404580549515,-0.39806436388755495,0.4128877181991532,-4.379981469785813
931,7.732288999999582,237.2244845231369,286.54700355556975,51.278829449209894,61.94046518446578,-11.195857929199809,-16.16559879681455,2.3052986614836097,11.195857929199809,1.1052986614836096,0.21616162240710268,1.5502407792705029,15.899002814218036,-11.149435185390407,0.1843389306499277,-0.078479280973412,0.20034929222550948,-3.820985853748018
932,7.740207899999405,237.2315705021221,286.52855081565025,51.28036116592368,61.93647641026692,-11.287114701074337,-16.256855568689076,1.5310118036797717,11.287114701074337,0.33101180367977184,0.21616162240710268,1.551772495984288,15.902991588416896,-11.056941480437459,0.19937134327389977,0.17424855492502284,0.26478574624080103,-2.645462691293578
933,7.744442999999592,237.23918992777664,286.49983637334617,51.282008193334974,61.93026944983196,-11.305366055449243,-16.27510692306398,1.4592809586781101,11.305366055449243,0.2592809586781102,0.21616162240710268,1.5534195233955828,15.909198548851855,-11.038442739446868,0.2748642062418787,0.3321715384236412,0.43114761139510743,5.073650324670538
934,7.7615224999999555,237.24469967310625,286.4770251333756,51.28319918882447,61.925338535190804,-10.756794646636724,-15.726535514251461,1.0842107581182405,10.756794646636724,-0.11578924188175943,0.21616162240710268,1.5546105188850774,15.914129463493012,-10.92429865531125,0.31515142590556944,0.6561759684361713,0.7279335977982202,11.901830089177599
935,7.7681292999996,237.26688246832538,286.4680035367619,51.287994257828565,61.92338841223008,-10.64708036487422,-15.616821232488958,1.2372111924698748,10.64708036487422,0.037211192469874754,0.21616162240710268,1.5594055878891737,15.916079586453733,-10.791025502546624,0.2886197953788367,0.6969835199171005,0.7543788261348225,8.589460145333499
936,7.7738235999995595,237.27209628846805,286.44883376993266,51.28912128564954,61.91924464433111,-10.62513750852172,-15.594878376136457,1.3643607294619435,10.62513750852172,0.16436072946194358,0.21616162240710268,1.5605326157101516,15.920223354352707,-10.696466819259326,0.24265809382361958,0.5343966724125728,0.586909493860632,6.790146138869551
937,7.7786637999997765,237.2734569639627,286.4329863355496,51.289415411472035,61.91581903720387,-10.620748937251218,-15.590489804865955,1.3937922172278658,10.620748937251218,0.19379221722786588,0.21616162240710268,1.5608267415326438,15.923648961479948,-10.72009536580499,0.3279811533860726,0.8219599413931649,0.8849801027319842,2.5684445363932022
938,7.788875499999449,237.280972578393,286.40215374941477,51.29103999888068,61.909154215361966,-10.832572639012746,-15.802313506627483,1.6146385903258915,10.832572639012746,0.4146385903258917,0.21616162240710268,1.562451328941286,15.93031378332185,-10.767361358317249,0.20962737599962353,0.8416139764737101,0.8673279207798963,-3.3947768521135204
939,7.792479799999455,237.28924872931503,286.3733655857912,51.29282898509127,61.90293131920697,-10.87493737936505,-15.844678246979788,1.5256321629164717,10.87493737936505,0.3256321629164717,0.21616162240710268,1.5642403151518778,15.936536679476845,-10.819354840022825,0.23936443271247612,0.9642689936239718,0.9935341079763457,-11.79792029610605
940,7.805010199999742,237.29701692476038,286.35055880367435,51.294508170821906,61.898001368182705,-10.883410327435511,-15.853151195050248,1.415160468864611,10.883410327435511,0.21516046886461124,0.21616162240710268,1.565919500882515,15.941466630501111,-10.940197872301441,0.28487998452960406,0.8494029047072122,0.8959028407760726,-12.296929242183147
941,7.808633699999518,237.30282707664907,286.32808006957094,51.2957641026806,61.89314232854926,-10.885104917049603,-15.85484578466434,1.4131485544939133,10.885104917049603,0.21314855449391337,0.21616162240710268,1.5671754327412089,15.946325670134556,-11.03227053149154,0.24788749653306372,0.7141066876269551,0.7559077802556151,-12.402369094930656
942,7.820335099999284,237.31843595617397,286.3208582131935,51.29913814340266,61.89158124035792,-11.224964098644296,-16.19470496625903,1.7058435998867942,11.224964098644296,0.5058435998867942,0.21616162240710268,1.5705494734632666,15.947886758325893,-11.118589116063934,0.12120212319827997,0.4182647213596598,0.4354713903367762,-8.872423152293814
943,7.823683499999788,237.3180351975396,286.3212271265406,51.299051514766056,61.89166098526555,-11.292935934963234,-16.26267680257797,1.6197956289270183,11.292935934963234,0.41979562892701827,0.21616162240710268,1.5704628448266647,15.947807013418263,-11.135852832978413,0.08372769952372874,0.516400182728571,0.5231438391012909,-0.6398572397491851
944,7.835806199999752,237.31034757501965,286.30735756288516,51.297389745809696,61.888662917883714,-11.306530302227022,-16.27627116984176,1.4284206002690152,11.306530302227022,0.22842060026901526,0.21616162240710268,1.5688010758703044,15.950805080800102,-11.096765293158183,-0.014752362025785564,0.26715898204883026,0.26756598041363,5.830607789594095
945,7.839558299999226,237.30942130537602,286.2920112046861,51.29718952186074,61.88534562419737,-10.969728912007906,-15.939469779622643,0.5128773900418746,10.969728912007906,-0.6871226099581254,0.21616162240710268,1.568600851921346,15.954122374486445,-10.978503449256639,-0.1795592344875387,0.2689937696533215,0.323417944465138,13.640490812891429
946,7.852746199999274,237.30052656047485,286.2862291195309,51.295266819372,61.88409575928932,-10.689667217948456,-15.659408085563193,1.1926888801131548,10.689667217948456,-0.007311119886845102,0.21616162240710268,1.5666781494326116,15.955372239394492,-10.886947027741952,-0.24790878336458355,0.29590056868034276,0.38602579112626434,13.917872196251045
947,7.85681139999997,237.29045222727692,286.283547636328,51.29308913516327,61.88351612552973,-10.633654879136566,-15.603395746751303,1.2661895247625945,10.633654879136566,0.06618952476259465,0.21616162240710268,1.5645004652238796,15.955951873154085,-10.758191407501517,-0.34938029420367606,0.2600112768880078,0.4355140113552944,12.754121841886706
948,7.867995799999335,237.27143126360633,286.2778189769531,51.28897753279649,61.88227780922503,-10.835153827389814,-15.80489469500455,1.588286354078463,10.835153827389814,0.3882863540784631,0.21616162240710268,1.5603888628570957,15.957190189458785,-10.800344336187802,-0.3572015672259682,0.10875435737477505,0.37339050587379446,4.6952575739403635
949,7.871245299999828,237.26174361912425,286.27679879941405,51.28688343584794,61.88205728599305,-10.662752201024837,-15.632493068639574,0.8741640914159535,10.662752201024837,-0.32583590858404643,0.21616162240710268,1.558294765908549,15.957410712690766,-10.808774921925062,-0.38136482440547503,0.08795019332855736,0.39137496828533813,111.831944834302
950,7.884022999999615,237.25627757958574,286.2692424244629,51.28570188787315,61.88042388772409,-11.180493555439343,-16.15023442305408,1.8204012973248325,11.180493555439343,0.6204012973248325,0.21616162240710268,1.557113217933761,15.959044110959724,-10.920905375010012,-0.336298726823105,0.06788939058505068,0.3430827932392573,137.4321028002828
951,7.888016599999901,237.25135195715228,286.2694132672485,51.284637157336576,61.88046081737781,-10.731820146634742,-15.70156101424948,0.2827982436152442,10.731820146634742,-0.9172017563847558,0.21616162240710268,1.5560484873971845,15.959007181306006,-8.753874609532048,-0.26277484772333526,0.045745756509538715,0.26672700432211965,138.18588357866477
952,7.901372299999821,237.23217621560644,286.2668009486481,51.28049209793316,61.87989613435089,-11.194307144561323,-16.16404801217606,1.7619629394988254,11.194307144561323,0.5619629394988254,0.21616162240710268,1.5519034279937713,15.959571864332922,-6.621324169327083,-0.13388751439642604,0.032173007966838835,0.1376988342466539,138.70476868320281
