frame,t_s,x_px_filt,y_px_filt,x_mm_abs,y_mm_abs,angle_deg_raw,mm_per_px,x_mm,y_mm,angle_deg_unwrapped,vx_mm_s,vy_mm_s,speed_mm_s,angular_vel_dps
443,3.685599300000831,250.91256734550828,329.930948825827,47.740436605487204,62.77504436403275,2.6025619507446294,0.19026721981505337,0.0,-0.0,1.5615371704252932,,,,
444,3.689144899999519,250.92243199750988,329.93080391788254,47.742313525397996,62.77501679280103,2.602561950695801,0.19026721981505337,0.0018769199107921963,2.757123171903686e-05,2.0820495605621097,,,,
445,3.7028730000001815,250.92819405894778,329.9304014799589,47.743409856808185,62.77494022205615,2.6025619506860354,0.19026721981505337,0.0029732513209808076,0.00010414197659969204,2.602561950698848,,,,
446,3.707212100000106,250.92068529452212,329.9332763343452,47.74198118507667,62.7754872126076,2.6025619506840822,0.19026721981505337,0.001544579589463524,-0.00044284857484910845,2.6025619888336173,-0.13285874855309104,-0.023364624125579946,0.13489756383131277,36.94420201693618
447,3.719481000000087,250.89551937660906,329.93589476718006,47.73719293584126,62.775985414543364,2.6025619506836914,0.19026721981505337,-0.0032436696459470227,-0.0009410505106117739,2.6025619964605715,-0.331385441504582,-0.015768797226354055,0.33176040421839464,7.583169175483006
448,3.724660400001085,250.88043883463078,329.93490142617003,47.734323603045745,62.77579641431106,2.6025621414184767,0.19026721981505337,-0.006113002441459514,-0.0007520502783080474,2.6025619979859624,-0.3025575911358679,-0.006536817729802488,0.3026281975295291,-0.8865186566899704
449,3.733973500000502,250.85776305948778,329.93266181894484,47.73000914635214,62.775370290470846,2.6025619888305704,0.19026721981505337,-0.01042745913506593,-0.0003259264380943705,2.6025619982910406,-0.2033953637069292,0.009155000717315263,0.20360129669431887,-0.9460142532892964
450,3.7380527000004804,250.86256545969616,329.9315526007323,47.73092288568822,62.775159242605376,2.6025619583129895,0.19026721981505337,-0.009513719798981413,-0.00011487857262437728,2.584480524047857,-0.010055179886261895,-0.0226570218742632,0.024788047175119038,-0.9836502094917956
451,3.7502096999996866,250.87320743548068,329.93459408280023,47.73294770483408,62.77573793694256,2.602561952209473,0.19026721981505337,-0.0074889006531222435,-0.0006935729098103138,2.5808641910522474,0.1331402367170527,-0.028908732413096286,0.13624256839477458,-0.9859761088258907
452,3.7540532000002713,250.88485154148736,329.93862746357115,47.73516319651121,62.7765053570883,2.512154579467774,0.19026721981505337,-0.005273408975995153,-0.0014609930555451456,2.5801409244531253,0.20618349210587403,-0.05526385356977309,0.21346129843218498,-0.9873010221355838
453,3.766492000000653,250.89544155358473,329.9382854059319,47.737178128670784,62.77644027473226,2.58448047644043,0.19026721981505337,-0.0032584768164198863,-0.0013959106995073967,2.579996271133301,0.18415877530520205,-0.06199481051498995,0.19431369239634505,0.22249907934769714
454,3.7708591999999044,250.89319098532002,329.94025982804544,47.73674991930405,62.77681594253855,2.598945655834961,0.19026721981505337,-0.0036866861831512665,-0.001771578505795901,2.579967340469336,-0.030642316018317822,-0.02456798261632565,0.03927514864138055,0.4664246012335426
455,3.7820418999999674,250.89988389745304,329.93919703708946,47.73802336108807,62.776613728258106,2.6018386917138674,0.19026721981505337,-0.0024132443991362607,-0.0015693642253538087,2.598043028640742,-0.1329793053972122,0.008838468060317328,0.13327270606383843,0.5164311914368717
456,3.7859621999996307,250.88118664208787,329.9363220864208,47.73446588629157,62.77606671938727,2.6024172988896486,0.19026721981505337,-0.0059707191956377414,-0.0010223553545216646,2.6016581662750236,-0.1888796706907809,0.02144633622300418,0.19009333322778046,0.5257216085396691
457,3.7976515000009385,250.885164061645,329.93832704260126,47.73522265885274,62.776448196825584,2.602533020324805,0.19026721981505337,-0.0052139466344627294,-0.0014038327928318495,2.60238119380188,-0.1468274936118844,0.03207225860578217,0.1502895294171358,0.5274987632917143
458,3.801804099999572,250.88259930398547,329.93683700967375,47.73473466954336,62.776164692403036,2.602556164611836,0.19026721981505337,-0.005701935943847047,-0.001120328370284085,2.602525799307251,-0.0857365870494289,0.03751844766096667,0.09358630387921618,0.2044943348547141
459,3.8146109000008437,250.89015208429714,329.939050866188,47.73617171605513,62.776585916727065,2.6025607934692423,0.19026721981505337,-0.004264889432072039,-0.0015415526943129976,2.602554758555298,0.11246181157666968,0.002615454468214866,0.11249222046515776,0.02008403186915314
460,3.818822100000034,250.89943316267585,329.93804793383214,47.737937601035135,62.776395091576056,2.6025617192407235,0.19026721981505337,-0.0024990044520691868,-0.001350727543304231,2.6025605504049074,0.16697674781969424,0.020384940095033752,0.1682164679664862,0.007724722709901903
461,3.829658099999506,250.90419102382327,329.9400402427354,47.738842866047925,62.77677416265209,2.602562095129883,0.19026721981505337,-0.001593739439279318,-0.0017297986193369752,2.6025617087748296,0.21101047577571977,0.0006462312658185431,0.21101146533291631,0.000760890648170582
462,3.833705099999861,250.91136574911988,329.93884459437527,47.740207981083046,62.776546669962734,2.602561979572852,0.19026721981505337,-0.00022862440415849505,-0.0015023059299821284,2.602561940448814,0.13261761847608491,0.026196582935401072,0.13518022668926016,0.00030709441863456673
463,3.846150499999567,250.9180803899167,329.9408345006446,47.74148555711951,62.77692528389629,2.6025619564614457,0.19026721981505337,0.0010489516323062276,-0.0018809198635381108,2.6025619867836105,0.05948736351405907,0.011558414051445023,0.06059986265032659,3.193038131901466e-05
464,3.8498811999997997,250.91259504865104,329.93897449430176,47.74044187648716,62.7765713856606,2.6025619518391645,0.19026721981505337,5.270999956508149e-06,-0.0015270216278508997,2.602561957903598,0.030458323817558565,0.014986902411024685,0.03394579110365279,1.0538869770610437e-05
465,3.8620167000008223,250.91601878779753,329.9407525347083,47.74109330181594,62.776909688465466,2.602561950914708,0.19026721981505337,0.0006566963287326644,-0.0018653244327140328,2.602561952127595,-0.01760541643706925,0.012918831565505573,0.021836824332776304,-9.17216051610066e-07
466,3.8821361000009347,250.90950472746695,329.9426390003763,47.73985388966713,62.7772686210434,2.6025619507298168,0.19026721981505337,-0.0005827158200730764,-0.0022242570106456583,2.6025619509723943,-0.009316686937022936,0.031409959957094474,0.032762573769299204,-1.6631740691850181e-06
467,3.888818999999785,250.91291161277493,329.9410277920863,47.74050210826291,62.77696206092151,2.602561950692839,0.19026721981505337,6.550277570482876e-05,-0.001917696888760645,2.602561950741354,0.08675273593162526,0.030020090578582605,0.09180001650309551,-1.153296049412029e-07
468,3.8956706000008126,250.91810064489295,329.93879393532626,47.74148941097753,62.77653703120632,2.602561950685443,0.19026721981505337,0.0010528054903247153,-0.0014926671735651098,2.6025619506951463,-0.00897368650328352,0.0331667881983632,0.03435932026181975,7.355853519130682e-07
469,3.900396400000318,250.92308290048106,329.9366104101011,47.74243737089669,62.77612157793233,2.6025619506839637,0.19026721981505337,0.0020007654094840177,-0.0010772138995776004,2.6025619506859043,0.006127832979760051,0.048880059113517366,0.049262668583510444,1.1018989226978252e-06
470,3.9104913999999553,250.90053619753238,329.9372547143417,47.738147472410645,62.77624416790891,2.602561950683668,0.19026721981505337,-0.002289133076558869,-0.0011998038761547036,2.6025619888310287,-0.020544608777918444,0.04633273427293813,0.05068336230997722,1.1352017158834676e-06
471,3.91479149999941,250.90085044952957,329.93588228210103,47.738207264264474,62.77598303904209,2.602561950683609,0.19026721981505337,-0.002229341222729886,-0.0009386750093369756,2.6025619964600537,0.016823099796961685,0.05462196322873461,0.05715396358731184,1.157268931659056e-06
472,3.926355699999476,250.8986401941695,329.9338683366385,47.737786725122035,62.77559985123808,2.60256214141846,0.19026721981505337,-0.0026498803651691105,-0.000555487205325278,2.602561997985859,-0.005185576448852636,0.040754047937295285,0.0410826316876397,1.158581422620141e-06
473,3.9293015000002924,250.90376389986073,329.93226621746044,47.738761598359055,62.77529502047625,2.6025619888305673,0.19026721981505337,-0.001675007128149275,-0.00025065644349808736,2.60256199829102,0.028218589088566455,0.02279369810953632,0.03627452885508014,-1.4213352603366751e-06
474,3.942549700001109,250.91006878258236,329.93097304850573,47.73996121086576,62.77504897281449,2.6025619583129886,0.19026721981505337,-0.0004753946214464122,-4.6087817366924355e-06,2.6025619983520523,-0.026201422014157434,0.00580364279238722,0.026836482355659094,-1.865983531148534e-06
475,3.9467306999995344,250.90440089315535,329.93321323282953,47.73888279730227,62.77547520645765,2.6025619522094727,0.19026721981505337,-0.001553808184937111,-0.0004308424248975484,2.602561960217286,-0.07167674935319322,0.005931688192746786,0.07192177224357348,-7.868147597043298e-07
476,3.963713799999823,250.8813545873025,329.93537545176207,47.73449784076063,62.77588660584258,2.6025619509887696,0.19026721981505337,-0.005938764726572288,-0.0008422418098277262,2.6025619525903325,-0.10150920028049931,-0.029502057364724523,0.10570945620112714,-5.845367690540716e-07
477,3.9703387999998085,250.87217122739202,329.93419939272565,47.7327505484019,62.77566284035938,2.6025619507446294,0.19026721981505337,-0.0076860570853014565,-0.0006184763266290361,2.6025619892119147,-0.10740018707099311,-0.053014327386546885,0.11977194617744294,-5.303248825360005e-07
478,3.976907800000845,250.87844701217028,329.93674351273216,47.73394462452382,62.7761469029999,2.602561950695801,0.19026721981505337,-0.006491980963382105,-0.0011025389671459607,2.602561996536231,-0.0695382498444758,-0.025910421961683285,0.07420861242244878,1.3010616397083487e-06
479,3.982221700000082,250.88015328746638,329.93950814380804,47.73426927278065,62.77667292166852,2.6025621414208984,0.19026721981505337,-0.006167332706553452,-0.001628557635768857,2.602561998001094,0.0633305767082342,-0.00326310457493657,0.06341458663166157,1.3940439813446675e-06
480,3.9903678000009677,250.87721529330213,329.9380707005028,47.733710268799186,62.77639942332719,2.602561988831055,0.19026721981505337,-0.006726336688018364,-0.0013550592944397977,2.6025619982940666,0.14841791690232076,-0.017351682883191794,0.1494287755303611,2.886965554537171e-07
481,3.9940714000003936,250.88512108406772,329.93633804866084,47.735214481628596,62.77606975647831,2.6025619583130863,0.19026721981505337,-0.0052221238586085406,-0.0010253924455554397,2.602561998352661,0.09327815623089485,-0.019877722751674102,0.09537262862911795,6.579352052531295e-08
482,4.005244500000117,250.89461630006966,329.9384912504465,47.737021109978826,62.776479440195764,2.6025619522094923,0.19026721981505337,-0.0034154955083778304,-0.0014350761630126385,2.60256199836438,0.07732406771691629,-0.007685304309647417,0.07770505357196622,1.0668637454730954e-08
483,4.010265299999446,250.89213780914827,329.940769052846,47.736549534401874,62.77691283132561,2.6025619509887736,0.19026721981505337,-0.0038870710853302626,-0.001868467292858611,2.6025619983667236,0.15482231476583652,-0.03575823346623265,0.1588980818325928,3.4802089172461214e-09
484,4.021474499999385,250.89103753456246,329.9430093408482,47.7363401882154,62.77733908469538,2.602562141479493,0.19026721981505337,-0.004096417271803432,-0.0022947206626255934,2.6025619983671926,0.06269496836539917,-0.05849600442498752,0.08574637946891148,6.420351100163149e-07
485,4.025612400000682,250.89797224374803,329.9453318029855,47.73765963605236,62.77778097310936,2.6025619888427736,0.19026721981505337,-0.002776969434840737,-0.0027366090766065554,2.6025619983672863,-0.014888115994188392,-0.028231800051636648,0.031916931744953164,-7.415642679976035e-07
486,4.03750140000011,250.89456752382762,329.94687372223075,47.73701182945886,62.778074349797336,2.60256195831543,0.19026721981505337,-0.0034247760283463435,-0.003029985764584353,2.6025620365142776,-0.0004852634321520751,-0.0003505502917532325,0.0005986368729307341,-8.479184265640645e-07
487,4.04191340000034,250.88932181259753,329.9442150736241,47.73601374256716,62.777568496118484,2.6025619522099612,0.19026721981505337,-0.004422862920044679,-0.0025241320857318783,2.602562005996703,0.08434970098139943,0.03741154933381879,0.09227402711060277,-9.189556924894826e-07
488,4.053401200000735,250.8879989406982,329.9410098230935,47.7357620434087,62.776958642011216,2.6025621417237303,0.19026721981505337,-0.004674562078506028,-0.0019142779784644404,2.6025619998931884,0.0565616471880437,0.06507798898690889,0.08622276139862935,-9.226926320607522e-07
489,4.056838399999833,250.8953243201355,329.938285903039,47.73715582298833,62.776440369315445,2.602561988891621,0.19026721981505337,-0.0032807824988765333,-0.0013960052826931246,2.6025619986724857,-0.1663620838984475,0.06209370401973759,0.17757243884658697,-4.107661793826859e-06
490,4.069920600000842,250.90769567353973,329.9361171910918,47.7395096860059,62.77602773452267,2.6025619583251993,0.19026721981505337,-0.0009269194813015247,-0.0009833704899193663,2.602561998428345,-0.11190064757547409,0.03198561880523678,0.11638227845408583,-2.8432399755754534e-06
491,4.072924300000523,250.88923928703727,329.9367423104683,47.735998040658245,62.77614667424849,2.602561952211915,0.19026721981505337,-0.004438564828959102,-0.0011023102157352582,2.602561960232544,-0.11664410261456808,0.01642598914141227,0.11779499053029242,-2.2775572767668355e-06
492,4.085766700000022,250.89234995237456,329.93916452048813,47.73658989830375,62.776607541414776,2.602561950989258,0.19026721981505337,-0.003846707183456033,-0.0015631773820246053,2.6025619525933843,-0.13752149716901485,-0.00016390302833593773,0.13752159484171952,-0.8614943966833116
493,4.101708100000906,250.88852709380654,329.94123491674316,47.735862533632265,62.777001469954136,2.602561950744727,0.19026721981505337,-0.004574071854939632,-0.0019571059213845388,2.602561989212525,-0.1712303397823588,0.0014699672425136246,0.17123664930637983,-0.9223659141501075
494,4.105905800000983,250.89517025611764,329.93973835565066,47.73712650965597,62.77671672343578,2.6025619506958204,0.19026721981505337,-0.003310095831231763,-0.0016723594030310096,2.5844805603791263,0.01777110469730185,-0.05123555273192255,0.05423001038085905,-0.9663477509279575
495,4.117787499999395,250.89588118707627,329.9372585024869,47.73726177651295,62.77624488866876,2.6025621414209024,0.19026721981505337,-0.003174828974252364,-0.0012005246360047295,2.5808642746124466,-0.0076841554548787265,-0.039534319515353133,0.04027416870149866,-0.9687415125350345
496,4.121076200000971,250.89200771131985,329.94249791419594,47.73652478104976,62.77724177696811,2.5121548080449227,0.19026721981505337,-0.003911824437444977,-0.0021974129353594662,2.580141017459111,0.06866867840428084,-0.011090256148067013,0.06955847306561785,-0.9703101218571
497,4.133161300000211,250.88685080478308,329.94106118509194,47.73554359078016,62.77696841451586,2.58448052215586,0.19026721981505337,-0.004893014707043619,-0.0019240504831117278,2.5799963660284435,0.03515095251045211,-0.017561281574438228,0.039293613640498416,0.18890974107087738
498,4.136855900000228,250.89337789284616,329.9387793953941,47.73678548167941,62.77653426473385,2.5989456649780474,0.19026721981505337,-0.0036511238077920893,-0.001489900701095337,2.5799673975953374,-0.13000781902205205,-0.030526385484455038,0.1335436004367719,0.4147915776815069
499,4.14899830000104,250.90189900812365,329.93651522238366,47.73840677059298,62.77610346682997,2.6018386935424846,0.19026721981505337,-0.00202983489422337,-0.001059102797221101,2.598043040065943,-0.15357843437804336,0.02660950237683387,0.15586661323950585,0.4700645032680162
500,4.153379999999743,250.88314381941373,329.93709358831074,47.73483827298004,62.776213510906956,2.602417299255372,0.19026721981505337,-0.00559833250716224,-0.0011691468742043298,2.601658168560064,-0.08628426309524184,-0.002369246560034007,0.0863167850835001,0.4800595791651963
501,4.166189900000973,250.86012158717764,329.93826814805425,47.730457896858546,62.77643699112386,2.6025330203979498,0.19026721981505337,-0.00997870862865824,-0.0013926270911071015,2.6023811942588884,-0.11570436610432466,-0.021398559554184952,0.1176664722280633,0.48213726989507893
502,4.169994699999734,250.86522647223387,329.94071327724794,47.73142918914567,62.77690221905763,2.602556164626465,0.19026721981505337,-0.009007416341532348,-0.0018578550248804504,2.602525799398653,-0.1413783891249224,-0.04045455060835156,0.14705243818611666,0.1847014707483353
503,4.181346499999563,250.8765048297284,329.9393790639409,47.73357509087023,62.77664836200107,2.6025607934721684,0.19026721981505337,-0.006861514616971931,-0.0016039979683171168,2.602554720426606,0.051117748761367016,-0.030384578503092605,0.059466350562657165,0.01971047595148393
504,4.185310000000754,250.87661216934617,329.94062479528213,47.73359551408088,62.776885383839996,2.602561719241309,0.19026721981505337,-0.006841091406322164,-0.0018410198072444928,2.602560504632197,0.22848107819401858,-0.04494138422230416,0.2328590369913051,0.008434773480499484
505,4.197285199999897,250.88593160678965,329.9390365088791,47.735368697533495,62.77658318500182,2.602561904395137,0.19026721981505337,-0.005067907953709039,-0.0015388209690669896,2.602561661473315,0.17223268107835482,-0.014485954166912382,0.17284079176966347,0.0008342918721480486
506,4.200888200000918,250.89624944222476,329.940745150169,47.73733184339624,62.77690828342971,2.6025619414259027,0.19026721981505337,-0.00310476209096322,-0.0018639193969605117,2.602561892841538,-0.07851825870807264,0.017636595104326337,0.08047463226024566,0.0003252788887294449
507,4.213855199999671,250.89448014620072,329.93870038666336,47.73699520436072,62.77651923196231,2.6025619488320557,0.19026721981505337,-0.0034414011264871647,-0.0014748679295593092,2.602561939115183,-0.14881502665449325,0.02806375883892545,0.1514380623170638,3.3436046882989125e-05
508,4.217361799999708,250.87485752434316,329.9353281728377,47.7332616626544,62.77587761021309,2.6025619503132864,0.19026721981505337,-0.0071749428328047316,-0.0008332461803348679,2.602561948369912,-0.3585927024888712,0.011070121674670922,0.35876353475815254,1.4132853799977151e-05
509,4.229386999999406,250.8529688366522,329.93581263402973,47.729096962902034,62.7759697872972,2.6025619506095325,0.19026721981505337,-0.011339642585170395,-0.0009254232644479998,2.602561950220858,-0.4745478725592242,0.022474507945929457,0.4750797689419087,1.2909992456859693e-06
510,4.233636799999658,250.83284822722945,329.93714682305824,47.72526867048619,62.77622363973436,2.6025619506687816,0.19026721981505337,-0.015167935001016986,-0.0011792757016095834,2.6025619505910473,-0.5890216603754633,0.003711053085157817,0.5890333507590793,5.78009852445816e-07
511,4.245645599999989,250.8306447655476,329.9392427604521,47.72484942395801,62.77662242791519,2.6025619506806317,0.19026721981505337,-0.015587181529191696,-0.001578063882440972,2.6025619506650846,-0.3702155337640541,-0.02641683825329121,0.3711568277473877,5.021241762001413e-08
512,4.249732899999799,250.8177915014455,329.9406136075935,47.72240386913175,62.77688325518958,2.6025619506830013,0.19026721981505337,-0.018032736355451107,-0.0018388911568294475,2.6025619506798923,-0.40424206737162877,-0.0299455941122174,0.40534971029917133,1.946000107308246e-08
513,4.261857299999974,250.8196593621778,329.9385530601015,47.72275926180029,62.776491200546985,2.6025619506834756,0.19026721981505337,-0.01767734368691265,-0.001446836514233496,2.602561950682854,-0.17604482011626713,-0.013079665621099891,0.17653004373910022,2.0404289171087447e-09
514,4.26555560000088,250.80962065109134,329.93904500330666,47.720849224151344,62.776584801212934,2.60256195068357,0.19026721981505337,-0.019587381335860243,-0.0015404371801821526,2.6025619506834463,-0.07284634220526587,-0.022456640530153844,0.07622919569684078,8.08811591510676e-10
515,4.2778830000006565,250.82518119426697,329.93745137533836,47.72380988544018,62.77628158604999,2.6025619506835893,0.19026721981505337,-0.016626720047021593,-0.0012372220172380821,2.6025619506835644,0.06556370262040007,-0.015457094617393571,0.06736112287742323,8.430947468911521e-11
516,4.281231999999363,250.83364896677963,329.9388611348502,47.725421024974196,62.77654981707291,2.602561950683593,0.19026721981505337,-0.01501558051300833,-0.0015054530401599209,2.6025619506835884,0.2621768858455921,-0.009656645091255998,0.26235466503592253,3.5500986109315673e-11
517,4.29398670000046,250.83993155932185,329.94079285939614,47.72661639639043,62.77691736093172,2.6025619506835938,0.19026721981505337,-0.013820209096770952,-0.0018729968989674717,2.602561950683593,0.3867831341003918,0.0035593000281863643,0.386799510652757,3.4638335908679873e-12
518,4.297884499999782,250.86067106121718,329.9395362885795,47.730562443756405,62.77667827669594,2.6025619506835938,0.19026721981505337,-0.009874161730799358,-0.0016339126631876866,2.6025619506835938,0.3674074850911385,-0.014699989576181717,0.3677014411102233,-1.043691659374765
519,4.309818300000188,250.8673551127164,329.9369791038832,47.73183419965227,62.77619172827321,2.6025619506835938,0.19026721981505337,-0.008602405834935212,-0.0011473642404595807,2.6025619506835938,0.22999142461868624,0.008952740536027359,0.230165607685506,-1.1004288585403024
520,4.313283200001024,250.86996454111855,329.9381937505802,47.73233068833965,62.77642283572331,2.6025619506835938,0.19026721981505337,-0.008105917147553043,-0.0013784716905576033,2.5844805145263674,0.19353898880013673,0.011249169696726595,0.19386563389276915,-1.1094159350057538
521,4.326030700000047,250.85616301027963,329.9356363893052,47.72970470943773,62.775936253703456,2.6025619506835938,0.19026721981505337,-0.01073189604947089,-0.0008918896707044155,2.5808642272949225,0.0016482249098872682,0.014687052186081434,0.014779247182121704,-0.13816568317178135
522,4.342126200001076,250.8486728631656,329.9371027618771,47.72827957997034,62.776215256335924,2.512154769897461,0.19026721981505337,-0.012157025516863484,-0.001170892303171911,2.5801409698486335,0.028360279662564797,0.01204645707728662,0.03081270177465448,-0.06927684408648864
523,4.346173600000839,250.84979867843788,329.93543230668024,47.728493785712224,62.77589742346979,2.5844805145263674,0.19026721981505337,-0.011942819774979796,-0.0008530594370412814,2.5997961611938476,0.07943924180706866,0.0515869302661755,0.09471960997158498,2.0346926358621724
524,4.357586300000548,250.8642021415333,329.93377873096694,47.7312342925911,62.775582802216064,2.598945663452149,0.19026721981505337,-0.0092023128961074,-0.0005384381833124507,2.603727199462891,0.12686410105447235,0.03774413944437605,0.1323598133828991,2.1552970200839447
525,4.361145299999407,250.8716596662427,329.93132828869875,47.732653215084255,62.77511656337838,2.7008379074096682,0.19026721981505337,-0.007783390402948953,-7.219934563096331e-05,2.622594843273926,0.2079097375810193,0.016708269877177637,0.20858002124675534,2.1957249294326076
526,4.372962100000223,250.87359271197084,329.9332562665106,47.733021010320726,62.77548339435651,2.6222171420288087,0.19026721981505337,-0.007415595166477829,-0.000439030323761358,2.6263683720361337,0.23572145400872208,-0.009204457154475053,0.23590109349363908,0.8996108439320962
527,4.377762899999652,250.8815832976216,329.9363475138933,47.73454135683719,62.77607155740177,2.606492988952637,0.19026721981505337,-0.0058952486500132295,-0.0010271933690191304,2.6271230777885743,0.04831605349040921,-0.031017017651335275,0.05741512352047436,0.6383120784834934
528,4.389859599999909,250.8937890739171,329.93959224956706,47.73686371595862,62.776688924237455,2.6033481583374027,0.19026721981505337,-0.0035728895285842555,-0.0016445602047028274,2.6074741761045903,-0.09809150715982998,-0.04835668104917634,0.10936321309736079,-0.43600731653841746
529,4.3939444000006915,250.8788275175027,329.9413418490129,47.734017022215546,62.7770218156598,2.602719192214356,0.19026721981505337,-0.006419583271657814,-0.001977451627048765,2.603544395767793,-0.22528906478315142,-0.04717663454243926,0.23017557984638135,-0.506468231054072
530,4.40513909999936,250.85921417307685,329.93873512045633,47.730285245700365,62.77652584066453,2.6025933989897463,0.19026721981505337,-0.01015135978683901,-0.00148147663178122,2.602758439700434,-0.254119839847722,-0.03051346163108261,0.2559452370038236,-0.5384645540858607
531,4.4099070000011125,250.8440569307204,329.93936517659847,47.72740131933714,62.776645719695026,2.6025682403448247,0.19026721981505337,-0.013035286150063996,-0.0016013556622738179,2.6026012484869625,-0.15018281436458827,-0.04353191637883903,0.1563646554502731,-0.21391274704515537
532,4.4212260999993305,250.85432096485783,329.9416970680754,47.729354228576554,62.77708940220326,2.60256320861584,0.19026721981505337,-0.011082376910650282,-0.002045038170507496,2.6025698102442676,-0.049200604262189834,-0.030378051576517573,0.057823226106385434,-0.021524007087619975
533,4.42525630000091,250.86939536572618,329.9441568719993,47.73222239292016,62.777557422257146,2.602562202270043,0.19026721981505337,-0.008214212567047241,-0.0025130582243946264,2.602563522595729,0.003335224207961184,-0.013325781339693057,0.013736818002386214,-0.007495527813598803
534,4.437127400000463,250.85741689563076,329.94513803391783,47.729943282717464,62.77774410520757,2.6025620010008836,0.19026721981505337,-0.010493322769740132,-0.0026997411748155287,2.602562265066021,0.12715786550816335,-0.010160927814714922,0.12756318910503925,-0.0009026128772095146
535,4.440968599999906,250.85599011868308,329.9425223014482,47.72967181383433,62.7772464170628,2.602561960747052,0.19026721981505337,-0.010764791652874806,-0.0022020530300466135,2.6025620135600795,0.19705083525353526,-0.01656231222483826,0.19774564940940906,-0.00034755216705294233
536,4.4533197000000655,250.8569151627274,329.94312721842846,47.72984781939285,62.777361512934846,2.6025619526962855,0.19026721981505337,-0.010588786094352542,-0.0023171489020938907,2.602561963258891,0.016073278588007466,0.004802515723568979,0.0167754118233451,-3.555841624533884e-05
537,4.458005000000412,250.86976925699045,329.94488062052505,47.73229353217152,62.77769512787698,2.602561951086132,0.19026721981505337,-0.008143073315686422,-0.0026507638442296866,2.6025619531986535,-0.08187768213935012,0.005813899927199176,0.08208383680649889,-1.4389099362003899e-05
538,4.470245599999544,250.85733870706989,329.9454791883344,47.72992840599736,62.777809015709934,2.602561950764102,0.19026721981505337,-0.010508199489841274,-0.002764651677182428,2.602561951186606,-0.11757836476767793,-0.0204443801088232,0.11934255125258204,-1.2952296129711116e-06
539,4.4749551999993855,250.8404638271581,329.9457432712047,47.726717669511835,62.777859262023476,2.6025619506996955,0.19026721981505337,-0.013718935975369106,-0.002814897990724319,2.602561950784197,-0.23835470578575746,-0.01881278390687922,0.23909597781757422,1.1838142581902062e-06
540,4.487282100000812,250.82432036352782,329.94585506828946,47.72364609756872,62.777880533343975,2.6025619506868143,0.19026721981505337,-0.01679050791848624,-0.0028361693112231023,2.602561950703715,-0.289319311641799,-0.008862694032261914,0.28945502489055863,1.7597098465397141e-06
541,4.491863700000977,250.8101221441046,329.9458830175606,47.72094464183274,62.77788585117409,2.602561950684238,0.19026721981505337,-0.019491963654466815,-0.0028414871413389164,2.6025619888345912,-0.15267400660084662,-0.014624732587632912,0.15337286296739436,1.8564155652021266e-06
542,4.5022779000009905,250.82474580702225,329.9470573022417,47.72372704551959,62.778109279055634,2.602561950683723,0.19026721981505337,-0.016709559967615917,-0.0030649150228825306,2.602561996460766,0.00899038811258221,-0.014607853531547884,0.01715273923354563,1.8793294122814717e-06
543,4.507056899999952,250.8370534561501,329.9480146307362,47.72606878770161,62.77829142728674,2.602562141418483,0.19026721981505337,-0.014367817785597481,-0.003247063253986937,2.6025619979860015,-0.03445736129709283,0.024275665480427165,0.04214994284783781,1.8836575453971482e-06
544,4.5175307000008615,250.844021359643,329.94859728561374,47.72739455132714,62.778402287410394,2.6025619888305718,0.19026721981505337,-0.013042054160067096,-0.00335792337764218,2.6025619982910486,0.13964807680766045,0.02310198199596324,0.1415460593878192,-4.173618592875858e-07
545,4.521567899999354,250.8341246941588,329.94450863536827,47.72551154030002,62.77762435129539,2.6025619583129895,0.19026721981505337,-0.014925065187185282,-0.002579987262635086,2.6025619983520576,0.1615789266508991,0.019652233649300528,0.16276965265387566,-1.0034636770902832e-06
546,4.5335506000010355,250.85181501753385,329.9449513165569,47.72887742894622,62.777708579014416,2.602561952209473,0.19026721981505337,-0.011559176540984595,-0.002664214981663804,2.6025619602172867,0.07529923958118243,0.025132841929637658,0.07938283961262953,-1.0925519428684661e-06
547,4.537020199999461,250.85868663402215,329.9456570796275,47.730184872311085,62.777842862591704,2.60256195098877,0.19026721981505337,-0.01025173317611916,-0.0027984985589526445,2.6025619525903325,0.08332517878069004,0.024550951054023686,0.08686676358936728,-1.1022019760759818e-06
548,4.5490989000008994,250.86240725420868,329.9463370604342,47.73089278436996,62.777972240649326,2.6025619507446294,0.19026721981505337,-0.009543821117240725,-0.002927876616574565,2.602561951064942,0.20522484890468556,-0.019255990225441638,0.20612625200957135,-1.1080249777374414e-06
549,4.565050400000473,250.87638367390372,329.94746835934683,47.733552038888305,62.77818748974821,2.602561950695801,0.19026721981505337,-0.0068845665988988,-0.003143125715460826,2.6025619507598634,0.1506544804727874,-0.007303094958183043,0.1508313882535519,-4.717256622772537e-07
550,4.569407599999977,250.87966034108337,329.9480716186453,47.734175481242836,62.778302270217765,2.6025619506860354,0.19026721981505337,-0.006261124244367977,-0.003257906185012871,2.602561950698848,-0.030169810820908458,0.04074824491505934,0.05070144917679439,-3.2195559109229525e-08
551,4.581745900000897,250.88018196149153,329.9446518768293,47.7342747285077,62.77765160544995,2.6025619506840822,0.19026721981505337,-0.006161876979504655,-0.0026072414171949276,2.6025619506866446,-0.10211708368514329,0.04519093325221401,0.11166968804722532,-6.946819310932605e-09
552,4.586010000000897,250.86836473475765,329.9401348320003,47.732026297631116,62.77679215988855,2.6025619506836914,0.19026721981505337,-0.00841030785608865,-0.0017477958557989837,2.602561950684204,-0.29187098770832215,0.045253691153352794,0.29535837558605743,-3.126389718956404e-09
553,4.597117799999978,250.85078487875776,329.9394633344649,47.72868142730527,62.776664395919376,2.6025619506836133,0.19026721981505337,-0.011755178181935833,-0.0016200318866239627,2.602561950683716,-0.2855385862093556,0.04523249162946127,0.28909905311752043,-3.26044830731175e-10
554,4.601302600000054,250.8335839760371,329.939753223753,47.7254086593663,62.77671955234827,2.6025619506835977,0.19026721981505337,-0.015027946120902413,-0.001675188315516607,2.6025619506836186,-0.0987884815638422,0.055846472613053935,0.11348124335329683,-1.2843620783120744e-10
555,4.613679000000047,250.84495071202684,329.94147364529374,47.72757137662144,62.77704689217175,2.6025619506835946,0.19026721981505337,-0.012865228865763356,-0.002002528138994819,2.602561950683599,0.057611383512760524,0.011401827723131652,0.058728810525008494,-1.3973346781370104e-11
556,4.617103799999313,250.86190296120984,329.9395691559523,47.7307968339431,62.77668453027958,2.602561950683594,0.19026721981505337,-0.00963977154410145,-0.0016401662468297218,2.6025619506835955,-0.010501907104858432,0.0011928480958835943,0.010569434205241505,-5.185755329136718e-12
557,4.629365599999801,250.87831753717745,329.9409012001209,47.7339199896769,62.77693797462021,2.602561950683594,0.19026721981505337,-0.006516615810305382,-0.0018936105874587383,2.6025619506835946,0.17379607772177333,-0.0014012311765045932,0.1738017263443683,-5.377178145405862e-13
558,4.63295029999972,250.8662277912768,329.9416461984677,47.731619707336115,62.777079723384425,2.602561950683594,0.19026721981505337,-0.008816898151088992,-0.002035359351673094,2.6025619506835946,-0.01994579959426082,-0.0030360723806136776,0.02017554601379453,-2.2195676555360056e-13
559,4.645629500000723,250.87551919757504,329.9433888445388,47.73338755738065,62.77741129180749,2.602561950683594,0.19026721981505337,-0.007049048106551936,-0.0023669277747373485,2.6025619506835946,-0.2608755802185344,-0.025055872788818812,0.2620760674223544,-1.4486917412856157e-14
560,4.648904100000436,250.8618546529094,329.9439847233417,47.73078764245708,62.77752466801067,2.602561950683594,0.19026721981505337,-0.009648963030123525,-0.002480303977918652,2.6025619506835946,-0.20534862041130414,-0.035518858991085346,0.20839780528799837,2.126541946159173e-06
561,4.66159080000034,250.84432795155743,329.944271022144,47.727452885718314,62.777579141287816,2.602561950683594,0.19026721981505337,-0.012983719768890012,-0.0025347772550645686,2.6025619506835946,-0.06576281011619717,-0.030421821001048066,0.07245850113960965,2.2437279380961985e-06
562,4.665178499999456,250.8543658318835,329.94564722330944,47.72936276530079,62.77784098725747,2.602561950683594,0.19026721981505337,-0.011073840186412554,-0.0027966232247180756,2.6025619888305673,0.07613582013551212,-0.04108349074995006,0.08651309912324426,2.3440421172254176e-06
563,4.678199500000119,250.85821426070527,329.9466092545578,47.730094995153365,62.778024030268476,2.602561950683594,0.19026721981505337,-0.010341610333838958,-0.00297966623572421,2.6025619964599613,0.19879362229385328,-0.03408337315040142,0.20169427505514553,2.348755519936648e-06
564,4.6812417000001005,250.87178775707085,329.94787973063166,47.73267758657001,62.778265760218886,2.602562141418457,0.19026721981505337,-0.00775901891719144,-0.003221396186134484,2.6025619979858403,0.10564204288472992,-0.030214734577477163,0.10987798419358862,2.3515161483151187e-06
565,4.694191000000501,250.85949128130872,329.9478540268962,47.73033797031323,62.778260869640604,2.6025619888305664,0.19026721981505337,-0.010098635173974913,-0.003216505607852582,2.6025619982910166,0.03454256866788024,-0.005472727435335851,0.03497341555748737,-4.438924897309498e-07
566,4.698612800000774,250.84255836720217,329.94750427820844,47.72711619182281,62.77819432393015,2.6025619583129886,0.19026721981505337,-0.013320413664395403,-0.0031499598973994125,2.6025619983520514,0.16760802870201633,-0.007056560391187153,0.1677565090538379,-9.312560383333412e-07
567,4.710015599999679,250.8531566816443,329.9444642653529,47.72913270364644,62.777615909135925,2.6025619522094727,0.19026721981505337,-0.01130390184076191,-0.002571545103172923,2.602561960217286,-0.0345070805199849,0.008822395286459783,0.035617036156918906,-1.0541826649221423e-06
568,4.714136300000973,250.8687838603525,329.9449402240531,47.7321060434928,62.777706468474555,2.6025619509887696,0.19026721981505337,-0.008330561994405628,-0.002662104441803592,2.6025619525903325,-0.11584943788237738,0.008096883890905819,0.11613204461476438,-1.0738267498156598e-06
569,4.7276278999997885,250.85732123974634,329.9449447728101,47.72992508253827,62.777707333953906,2.6025619507446294,0.19026721981505337,-0.010511522948931429,-0.0026629699211540014,2.602561951064942,0.029264172626333948,0.0029383776416890077,0.029411322014983463,-1.077755893455618e-06
570,4.731714499999725,250.84470521838387,329.9450145745502,47.72752466722851,62.77772061493693,2.602561950695801,0.19026721981505337,-0.01291193825869641,-0.002676250904180222,2.6025619507598634,0.13852983782170222,-0.01899880987061213,0.13982657380986915,-4.09544321360863e-07
571,4.742157700000462,250.84453812100222,329.94560422957505,47.727492874074265,62.77783280695916,2.6025619506860354,0.19026721981505337,-0.01294373141293903,-0.002788442926409118,2.602561950698848,-0.03739014667462542,-0.0030598693559767288,0.03751514186066271,5.646781766034873e-07
572,4.7458833000000595,250.85869846457672,329.9467587234094,47.73018712327781,62.77805246929132,2.6025619506840822,0.19026721981505337,-0.010249482209395921,-0.003008105258565763,2.6025619506866446,0.1112612087561751,-0.007567776570515068,0.11151828467164661,8.901091210701576e-07
573,4.758513000000676,250.84820809392738,329.9429274738211,47.72819114961953,62.77732350808373,2.6025619506836914,0.19026721981505337,-0.012245455867670785,-0.0022791440509806193,2.6025619888311766,0.25874583592804656,0.0030071609478693204,0.2587633100481403,9.336687793132317e-07
574,4.7635516000009375,250.86360994584513,329.9435260579084,47.73112161716392,62.77743739901385,2.6025619506836133,0.19026721981505337,-0.009314988323282591,-0.0023930349810967755,2.602561996460083,0.22848657075844933,0.005866248956851779,0.22856186447826252,9.385621711522811e-07
575,4.774210600000515,250.87201515735973,329.94074601643024,47.73272085339077,62.77690844825083,2.6025621414184608,0.19026721981505337,-0.007715752096437711,-0.0018640842180772665,2.6025619979858643,-0.05264777197369269,0.014949520520775953,0.054729115264135625,9.418070340161649e-07
576,4.790595399999802,250.8587241567716,329.9404401051818,47.7301920116603,62.776850243368074,2.6025619888305673,0.19026721981505337,-0.010244593826904236,-0.0018058793353219471,2.602561998291021,-0.02406830704682319,-0.0009565442781140705,0.024087307467962282,-4.162395969464518e-07
577,4.7953087000005326,250.84181726966165,329.94077561467435,47.72697518525416,62.77691407982645,2.6025619583129886,0.19026721981505337,-0.013461420233042531,-0.0018697157936955477,2.6025619983520523,-0.019169328683804387,-0.011182445327835779,0.022192571858569297,6.289695290665489e-07
578,4.80542400000013,250.84101233133143,329.9419352366764,47.72682203187595,62.77713471788081,2.6025619522094727,0.19026721981505337,-0.01361457361125673,-0.0020903538480609996,2.602561960217286,-0.020062890455878113,-0.013234224871548449,0.024034647519680347,7.036363081936663e-07
579,4.809952100000373,250.85543664606527,329.9436899859269,47.7295665061381,62.777468589142174,2.6025619509887696,0.19026721981505337,-0.010870099349105544,-0.0024242251094221956,2.602561990737305,0.06594147413389373,-0.019591674274691814,0.06879034606568422,7.521706019990514e-07
580,4.8217705999995815,250.86447866835226,329.94124476210675,47.731286906580145,62.77700334320409,2.6025619507446294,0.19026721981505337,-0.00914969890705919,-0.0019589791713414684,2.6025619968413096,0.2085995471067307,-0.008154922380290705,0.20875888918118368,7.538202596093458e-07
581,4.826442699999461,250.87124814609197,329.9419380826165,47.73257491628928,62.77713525936992,2.6025621414306643,0.19026721981505337,-0.007861689197923738,-0.0020908953371687744,2.60256199806211,0.21378756290045783,-0.00923453815630851,0.21398691255746818,1.5097813838783588e-06
582,4.8379612999997335,250.87311217690385,329.93929616616197,47.732929580249504,62.77663258927114,2.602561988833008,0.19026721981505337,-0.007507025237700304,-0.0015882252383860873,2.6025619983062698,0.09184737762644354,0.0010199763656385053,0.09185304093300876,-4.74948738092934e-07
583,4.842945599999439,250.87339507913808,329.94000897806393,47.73298340727109,62.77676821400998,2.6025619583134767,0.19026721981505337,-0.0074531982161119,-0.001723849977224745,2.602561998355102,-0.06345026013589258,-0.01283036662166462,0.06473448709118476,-9.008942962605967e-07
584,4.854925199999343,250.8731682583099,329.94142314295345,47.73294025070272,62.77703728323186,2.6025619522095704,0.19026721981505337,-0.007496354784485959,-0.001992919199111043,2.6025619602178955,-0.18741160040403618,0.005693050727685127,0.18749805010343476,0.4097173386800145
585,4.859653200001048,250.85749036780012,329.94216578329696,47.72995726206286,62.777178583345346,2.602561950988789,0.19026721981505337,-0.010479343424343313,-0.0021342193125946096,2.602561952590454,-0.20038171625701265,0.02236473020374239,0.20162592434305693,0.5774202210407839
586,4.869318299999577,250.84000964639338,329.9388953276602,47.72663125380044,62.77655632284381,2.602561950744633,0.19026721981505337,-0.01380535168676289,-0.001511958811057923,2.622361793899439,-0.18395325754345068,0.037717449617142795,0.18778020919806432,0.5901641974599842
587,4.874040900000182,250.83916424631514,329.93574311902444,47.72647040187792,62.775956560870405,2.6025619506958018,0.19026721981505337,-0.013966203609285799,-0.0009121968376533118,2.626321762161236,-0.14932449636028625,0.030739466765403102,0.1524556329896487,0.5971598541675808
588,4.886470200000986,250.84523570269207,329.93250603122095,47.727625601002984,62.77534064917374,2.701561164858399,0.19026721981505337,-0.012811004484220234,-0.0002962851409904488,2.627113755813595,0.030767460548309034,0.026253765071372746,0.04044622119573823,0.5977702477547437
589,4.890999100000045,250.84927126698162,329.9338711367115,47.72839343660074,62.77560038400018,2.622361793518555,0.19026721981505337,-0.012043168886464173,-0.0005560199674263799,2.6272721545440674,0.22527920083939934,-0.010320240779591221,0.22551546665492184,-0.6454287267951276
590,4.901397199999337,250.86400162411846,329.93673011327945,47.73119614070006,62.77614435352328,2.606521919250586,0.19026721981505337,-0.009240464787147573,-0.0010999894905268093,2.627303872437134,0.25499080959338977,-0.030814720881275903,0.25684598497948785,-0.8831382423581607
591,4.906146799999988,250.8796890656976,329.9396878994136,47.73418094659532,62.77670712326784,2.6033539443969924,0.19026721981505337,-0.006255658891880955,-0.0016627592350886289,2.6075103731812748,0.3439440947530806,-0.022688399127433055,0.3446916067595522,-0.9344961482675961
592,4.917456299999685,250.88649483722517,329.93823008032217,47.73547586182257,62.776429748082315,2.602720540161137,0.19026721981505337,-0.004960743664632616,-0.0013853840495627878,2.603551673330103,0.3094208099448083,-0.0036010452308877583,0.3094417637515274,-0.9441484596646185
593,4.9215571000004275,250.89808397541958,329.93628634088134,47.737680894926875,62.77605991818286,2.6025936685791025,0.19026721981505337,-0.0027557105603293053,-0.0010155541501077892,2.6027599333598683,0.3376520020131585,-0.01423946420881924,0.337952122059395,-0.9464295580474507
594,4.933475100000578,250.89789135518302,329.93390068678286,47.737644245609985,62.7756060064101,2.6025682942626958,0.19026721981505337,-0.0027923598772190417,-0.0005616423773489032,2.6026015853658215,0.24105940151283006,0.012230191162006736,0.2413694525692575,-0.11305506425019884
595,4.937270100001115,250.90608294621762,329.9360050789223,47.739202836862006,62.77600640325187,2.602563219399414,0.19026721981505337,-0.001233768625198195,-0.0009620392191180827,2.602569877620039,0.06812883990018581,0.03235987673372311,0.0754234741202426,-0.04311421763854828
596,4.949214000000211,250.91521473679853,329.9351349977579,47.740940317267764,62.775840855327715,2.602562204426758,0.19026721981505337,0.0005037117805599678,-0.0007964912949631753,2.602563536070883,-0.10898696618259207,0.011046140334749767,0.10954531488831667,-0.004504218552012795
597,4.9529541000010795,250.90046887585004,329.9326744354746,47.73813466330132,62.77537269098289,2.6025620014322266,0.19026721981505337,-0.00230194218588764,-0.0003283269501395125,2.602562305908024,-0.13873923304739177,0.013793196172616982,0.13942319407915882,-0.001849259111843536
598,4.965479800001049,250.87756778048595,329.93375302048975,47.73377733555567,62.775577910355054,2.6025619608333206,0.19026721981505337,-0.006659269931532208,-0.0005335463223019588,2.6025620598754524,-0.22884181470846962,0.04027889206441619,0.2323595603907927,-0.00017839709283252986
599,4.969699999999648,250.87419998955508,329.93260359936073,47.73313655533834,62.77535921319244,2.6025621434484023,0.19026721981505337,-0.0073000501488635905,-0.0003148491596860481,2.6025620106689384,-0.1648228747982845,0.04794505432525657,0.17165461919512326,-7.230987419594902e-05
600,4.981598100001065,250.87171009260362,329.9309200648793,47.732662809567756,62.77503889176719,2.6025619892365555,0.19026721981505337,-0.0077737959194479345,5.4722655633554496e-06,2.6025620008276356,0.020503232845396763,0.01325389289035222,0.024414099079455825,-6.534115490512405e-06
601,4.98546879999958,250.8811813073306,329.92985831211826,47.73446487126213,62.774836875021215,2.6025619583941864,0.19026721981505337,-0.005971734225077796,0.00020748901153666566,2.602561998859375,-0.06760259005252373,-0.007308536170634736,0.06799650640118987,-2.6096580773076314e-06
602,4.997411199999988,250.89225806486976,329.9328887723655,47.736572415123675,62.775413472267225,2.6025619522257126,0.19026721981505337,-0.003864190363529474,-0.00036910823447300345,2.602561998465723,-0.0427641075295816,-0.014901066779020915,0.04528587731240788,-2.779773712696197e-07
603,5.0013607000000775,250.87589273277018,329.93536300119683,47.73345862888374,62.77588423690815,2.6025619509920177,0.19026721981505337,-0.006977976603465663,-0.0008398728753959972,2.6025619983869928,-0.03997548791523639,-0.025316333936284297,0.04731761192235583,-1.1258971126440753e-07
604,5.0129792999996425,250.8742046590226,329.9345167146547,47.73313744378494,62.77572321632061,2.6025621414801416,0.19026721981505337,-0.007299161702263746,-0.0006788522878551362,2.6025619983712467,-0.04869711770959255,-0.0638114676384404,0.0802702477596378,-1.0918965451218796e-08
605,5.029211000000942,250.8719973622654,329.93666262592933,47.73271746756764,62.7761315128928,2.6025619888429037,0.19026721981505337,-0.007719137919565355,-0.0010871488600514567,2.6025619983680977,-0.0845313592394832,-0.049939192806999384,0.09818082130991379,-6.422644794151376e-07
606,5.033446499999627,250.8813904538476,329.93978546849405,47.73450466498845,62.77672568746551,2.602561958315456,0.19026721981505337,-0.005931940498754784,-0.0016813234327557325,2.6025619983674675,-0.10133072444438852,0.0029034863515285565,0.10137231352503556,-1.0368888774018927e-06
607,5.045406000001094,250.88122102654785,329.9384604662446,47.73447242852717,62.776473582971256,2.6025619522099666,0.19026721981505337,-0.005964176960034706,-0.0014292189385045617,2.6025619602203687,-0.07549469817943844,-0.005848201035983181,0.07572087498544756,-1.060392155159779e-06
608,5.0492340000000695,250.86366920927367,329.93554285093614,47.73113289305171,62.775918456418026,2.6025619509888687,0.19026721981505337,-0.009303712435496436,-0.0008740923852741389,2.6025619525909494,0.059577969844899215,-0.03305769795836351,0.06813476267769714,-1.0537592312133175
609,5.062070399999357,250.87051935309967,329.9375600291403,47.732436250872816,62.7763022593068,2.602561950744649,0.19026721981505337,-0.008000354614388527,-0.0012578952740511795,2.6025619510650655,0.011422012136811953,-0.013714978514740826,0.017848333169046403,-1.1127063409919256
610,5.065502200000992,250.88223402528664,329.94046758296867,47.734665168980875,62.776855471490194,2.602561950695805,0.19026721981505337,-0.005771436506329053,-0.0018111074574420627,2.584480514602662,0.04202281542224046,-0.03890967873872688,0.057270237607003394,-1.1441824720106184
611,5.077771800000846,250.89391742355798,329.9432772961328,47.73688813668796,62.77739006780241,2.6025619506860362,0.19026721981505337,-0.003548468799245086,-0.002345703769655927,2.5808642273101814,0.15576142887693045,-0.058255902938910184,0.16629904675917653,-1.144685931984166
612,5.082367299999532,250.89754780681722,329.9458107791113,47.73757887961755,62.77787210656518,2.5121547698979496,0.19026721981505337,-0.0028577258696529384,-0.002827742532424793,2.5801409698516853,0.1839702612173163,-0.06300624824201936,0.19446039270222243,-1.144745103688015
613,5.093850799999927,250.8792178843215,329.9428964813989,47.73409129622487,62.77731761124173,2.584480514526465,0.19026721981505337,-0.0063453092623362295,-0.002273247208975704,2.5801120395513917,0.09788854538252276,-0.02931070286019146,0.10218260428891335,0.12140079830152557
614,5.097760599999674,250.88420266443975,329.94399896165834,47.73503973647936,62.77752737709559,2.5989456634521684,0.19026721981505337,-0.0053968690078463055,-0.002483013062835937,2.580110882338989,0.06945171995621535,-0.02821708006840835,0.07496495856374183,0.22671651064218443
616,5.114787200000137,250.90380774099037,329.94334785075307,47.738769939888904,62.777403492033855,2.602417299194337,0.19026721981505337,-0.0016666655983001988,-0.0023591280011032723,2.598192087053735,0.06279865611083751,-0.0002563856875489774,0.06279917947670981,0.2702749017657108
618,5.130385000000388,250.9070043030868,329.9464714477033,47.73937814087196,62.77799781014139,2.6025561646240236,0.19026721981505337,-0.0010584646152409505,-0.0029534461086413444,2.601808327996684,0.1923514877711977,0.019564690246697613,0.19334392142563583,0.27232070621215626
619,5.1423577000005025,250.91436933138692,329.9442747222774,47.74077946433048,62.77757984530191,2.60256079347168,0.19026721981505337,0.0003428588432754509,-0.002535481269156037,2.602531576185274,0.12606025556829975,0.028743197539215327,0.12929562807273648,0.27239843160934607
620,5.146109900000738,250.92115443611823,329.94136805801077,47.74207044734386,62.777026802372966,2.602561719241211,0.19026721981505337,0.0016338418566590462,-0.0019824383402138324,2.6025605046315863,0.12395272575749713,0.05334178847387745,0.13494304213372832,0.06002601007990501
621,5.1585993000007875,250.9153204998987,329.94187735385816,47.7409604405188,62.77712370467791,2.6025619043951176,0.19026721981505337,0.0005238350315934781,-0.0020793406451602436,2.602561661769439,0.07552910491138645,0.07485415032903164,0.10633809058938612,0.01365797924897399
622,5.161622600000555,250.91863420212312,329.939807412195,47.74159092942833,62.776729862632486,2.6025619414258987,0.19026721981505337,0.0011543239411224704,-0.0016854985997341032,2.6025618931970094,0.054002292548076036,0.07475303994740544,0.0922185696149446,0.001576516216834429
624,5.177814799999396,250.90134774310144,329.9338962731987,47.738301882929825,62.77560516664971,2.6025619503132864,0.19026721981505337,-0.0021347225573791206,-0.0005608026169596769,2.6025619394825235,0.038177066972040735,0.0600802424492979,0.0711837339239387,3.466294939692033e-05
625,5.1894491000002745,250.90192308689842,329.93179254974496,47.738411351994515,62.775204897036915,2.6025619506095325,0.19026721981505337,-0.0020252534926896715,-0.00016053300416274396,2.602561948739626,0.0750141441535297,0.06532576014754063,0.0994714871807019,1.6134238469974065e-05
626,5.193448100000751,250.90749142235939,329.9302366506198,47.73947082370167,62.77490886043606,2.6025619506687816,0.19026721981505337,-0.0009657817855313056,0.00013550359669523004,2.6025619505910473,0.08193214538972067,0.04719199339844486,0.0945513653475252,8.253117720132359e-07
627,5.205708200001027,250.91363280432032,329.9290465894128,47.7406393273732,62.77468243079879,2.6025619506806317,0.19026721981505337,0.00020272188599790297,0.0003619332339610537,2.6025619506651037,0.13270095701872509,0.036233813202052115,0.13755883545903813,2.536440862384197e-07
628,5.210106900000028,250.91925369058202,329.928131093154,47.74170879777511,62.774508241870876,2.6025619506830013,0.19026721981505337,0.0012721922879066483,0.0005361221618755962,2.602561950679915,0.1437354946692296,0.030426067957200976,0.1469205160593453,9.452019277271548e-08
630,5.227697599999374,250.92394276606177,329.9267749779901,47.742600975130145,62.77425021760889,2.60256195068357,0.19026721981505337,0.0021643696429407555,0.0007941464238641061,2.602561950682877,0.0778497895472913,0.009305565692964007,0.07840397493382344,1.9271110225856222e-09
631,5.238705400000981,250.9276791119256,329.9264645574858,47.743311879269925,62.77419115476257,2.6025619506835893,0.19026721981505337,0.0028752737827204555,0.000853209270182731,2.6025619506834703,0.029534810510501667,0.008475462223738541,0.03072683667085271,7.191072900980583e-10
633,5.259636700000556,250.9205840857307,329.92993810771884,47.741961928361306,62.7748520575083,2.6025619506835938,0.19026721981505337,0.0015253228741016756,0.0001923065244540112,2.6025619506835884,-0.09601079590900798,0.00823090454609714,0.09636296342852967,4.5706524873053535e-11
634,5.270346299999801,250.912351221628,329.9291321709727,47.74039548419737,62.77469871416426,2.6025619506835938,0.19026721981505337,-4.112128983280172e-05,0.0003456498684926146,2.602561950683593,-0.18890856630914482,0.011153155589974127,0.18923752086885606,1.2028785728959502e-11
635,5.275089900000239,250.90276279319997,329.92817537672755,47.73857112057797,62.7745166675833,2.6025619506835938,0.19026721981505337,-0.0018654849092314407,0.0005276964494527192,2.6025619506835938,-0.17946379790597394,0.010164257842694665,0.17975140304411824,1.249098883757957e-12
637,5.290642100000696,250.86894174806133,329.9257821097271,47.732136084348205,62.77406130732485,2.6025619506835938,0.19026721981505337,-0.008300521138998818,0.000983056707902108,2.6025619506835938,-0.18924958526559527,0.020007044899275187,0.19030419692902578,1.2038036343176877e-13
638,5.3012761999998474,250.87519060669308,329.9257585767482,47.73332503730708,62.77405682977038,2.6025619506835938,0.19026721981505337,-0.007111568180121708,0.0009875342623715255,2.6025619506835938,-0.1332163567242246,0.01627156800893891,0.13420641424442198,3.744744158942933e-14
639,5.30454920000011,250.87323948516936,329.92545514711674,47.73295380283925,62.773999097057995,2.6025619506835938,0.19026721981505337,-0.007482802647956532,0.0010452669747564869,2.6025619506835938,-0.001544570053392244,-0.015400214733239473,0.015477477523153515,0.0
641,5.335376600000018,250.89493429460532,329.9261614117827,47.737081613915045,62.774133476072436,2.6025619506835938,0.19026721981505337,-0.0033549915721593493,0.0009108879603161313,2.6025619506835938,0.11975248144132106,-0.025140013836614405,0.12236289105386121,0.0
642,5.342038500000854,250.90451970646382,329.93036237443005,47.73890540358014,62.7749327815559,2.6025619506835938,0.19026721981505337,-0.001531201907063462,0.00011158247685472134,2.6025619506835938,-0.07766751050014062,-0.04741245522834128,0.09099551141715134,0.0
643,5.349861700000474,250.91244355576634,329.9311608450723,47.74041305235717,62.775084704345105,2.6025619506835938,0.19026721981505337,-2.355313003477022e-05,-4.034031235278235e-05,2.6025619506835938,-0.04146743920438296,-0.07533736348996392,0.0859957374047583,0.0
644,5.354247200000827,250.89226875637323,329.9337179456431,47.736574449366316,62.77557123676149,2.6025619506835938,0.19026721981505337,-0.0038621561208884714,-0.0005268727287415231,2.6025619506835938,-0.02697501285818074,-0.07426387169203079,0.07901122678068875,0.0
645,5.360313700000916,250.8944233902652,329.9376073428561,47.73698440556665,62.77631126155597,2.6025619506835938,0.19026721981505337,-0.0034521999205523457,-0.0012668975232159596,2.6025619506835938,-0.005332255132931549,-0.04018339643106983,0.04053564226133823,0.0
646,5.366866899999877,250.90153095742957,329.9375726120812,47.73833674261067,62.77630465342799,2.6025619506835938,0.19026721981505337,-0.0020998628765340754,-0.001260289395240477,2.6025619506835938,-0.02048295600184156,-0.04563165891608956,0.050017994582027304,0.0
647,5.37061360000007,250.9090527833027,329.93657973749293,47.739767899507484,62.77611574194045,2.6025619506835938,0.19026721981505337,-0.00066870597972013,-0.0010713779076994001,2.6025619506835938,0.2168809556405705,-0.01643020369596756,0.21750241495914038,0.0
648,5.381454399999711,250.9157168701421,329.9392383181623,47.74103585678302,62.776621582693075,2.6025619506835938,0.19026721981505337,0.0005992512958172824,-0.0015772186603228988,2.6025619506835938,0.21907026178210096,0.012382235989420124,0.2194199156078954,0.0
649,5.385051100000055,250.92160576172498,329.9385754486812,47.74215631981229,62.7764954603598,2.6025619506835938,0.19026721981505337,0.0017197143250839986,-0.0014510963270453203,2.6025619506835938,0.26306539969190434,0.026039279482882594,0.2643509950634744,0.0
650,5.397131400000944,250.92659132080234,329.93717376939685,47.74310490827716,62.776228766739294,2.6025619506835938,0.19026721981505337,0.002668302789956556,-0.001184402706542187,2.6025619506835938,0.19774558331144737,0.008371241604107425,0.19792269552827668,0.0
651,5.400670299999547,250.93452106018105,329.93588493404843,47.744613677742606,62.77598354362075,2.6025619506835938,0.19026721981505337,0.004177072255401981,-0.0009391795879949427,2.6025619506835938,0.07868807301065504,0.031014761595152714,0.08457971548151683,0.0
652,5.413064700000177,250.9381285560609,329.93835508360974,47.74530006595416,62.77645353211031,2.6025619506835938,0.19026721981505337,0.004863460466957292,-0.0014091680775578652,2.6025619506835938,0.027974233142632345,0.02798343412061506,0.03956804651611137,0.0
653,5.416730099999768,250.9289138528824,329.9370729017618,47.74354680999897,62.776209574934796,2.6025619506835938,0.19026721981505337,0.0031102045117634702,-0.0011652109020445778,2.6025619506835938,-0.07494264293262126,0.005833777948374228,0.0751693600802701,0.0
654,5.429417700001068,250.9327785425663,329.9357452762217,47.74428213376057,62.775956971314336,2.6025619506835938,0.19026721981505337,0.003845528273366483,-0.0009126072815845987,2.6025619506835938,-0.15994860437291547,-0.013314326275482343,0.16050179851021432,3.63753130689785e-07
655,5.433420299999852,250.92360524965525,329.9376106354617,47.742536756821835,62.77631188803088,2.6025619506835938,0.19026721981505337,0.0021001513346305956,-0.0012675239981305708,2.6025619506835938,-0.258993706239262,-0.011538932252968868,0.2592506255133972,5.073936599761141e-07
656,5.454394399999728,250.9237495179802,329.9405260109162,47.742564206354935,62.77686658841333,2.6025619506835938,0.19026721981505337,0.0021276008677304503,-0.0018222243805752214,2.6025619888305664,-0.20478977930734282,-0.015898358807198795,0.2054059675898259,5.469528992938044e-07
657,5.465017300000909,250.89919223178998,329.94214749393996,47.73789175978531,62.77717510348023,2.6025619506835938,0.19026721981505337,-0.002544845701891063,-0.002130739447480323,2.6025619964599613,-0.25890893262506265,-0.026381752401998824,0.26024955764198643,5.556846969664295e-07
658,5.472731699999713,250.89078698006665,329.94033271088733,47.73629251590807,62.77682980975425,2.602562141418457,0.19026721981505337,-0.004144089579135368,-0.0017854457214951935,2.6025619979858403,-0.12669358008759699,-0.029626668475331738,0.13011150110716413,5.587145429696372e-07
659,5.479721699999573,250.88297506532916,329.9415269643429,47.73480616460954,62.77705703703899,2.6025619888305664,0.19026721981505337,-0.005630440877666842,-0.0020126730062415277,2.6025619982910166,-0.19416576619548176,-0.02785586571771525,0.19615375096378318,-5.011698297262205e-07
660,5.483750600000349,250.88773976852957,329.9437481351287,47.73571273144072,62.77747965302914,2.6025619583129886,0.19026721981505337,-0.004723874046483445,-0.0024352889963878965,2.6025619983520514,-0.05946082525728255,-8.640721414394578e-05,0.05946088803981779,-1.0821983613575005e-06
661,5.494706800000131,250.86838879955428,329.94476119149704,47.73203087637307,62.777672404447856,2.6025619522094727,0.19026721981505337,-0.008405729114137728,-0.002628040415103783,2.602561960217286,0.0024489898799409035,-0.003470638183278991,0.004247691235399185,-1.1391727220423038e-06
662,5.49819430000025,250.87267199847255,329.9427485254133,47.732845828723164,62.77728946006769,2.6025619509887696,0.19026721981505337,-0.007590776764040186,-0.002245096034940275,2.6025619525903325,-0.0389250077591017,0.021302737866025483,0.04437299707744253,-1.1559049033469637e-06
663,5.515712300000814,250.88208554112205,329.9401854223689,47.73463691731169,62.77680178557734,2.6025619507446294,0.19026721981505337,-0.005799688175514461,-0.0017574215445890218,2.602561951064942,-0.12073216740878392,0.06101081253689,0.13527222735518982,-1.1610509443694727e-06
664,5.523338900000454,250.86527007302465,329.93652340637345,47.73143748494691,62.776105023974964,2.602561950695801,0.19026721981505337,-0.00899912054029528,-0.001060659942211828,2.6025619507598634,0.014399520802731394,0.07824628033152412,0.07956020729653583,-4.653942540622111e-07
665,5.529105400000844,250.8596929149847,329.93368529495274,47.73037633459218,62.77556502440542,2.6025619506860354,0.19026721981505337,-0.010060270895024814,-0.0005206603726648495,2.602561950698848,-0.10118845419203935,0.06828650148648166,0.12207436072754062,-2.806564371865996e-08
666,5.534248600000865,250.868872966295,329.9318313579179,47.73212299743275,62.775212280960076,2.6025619506840822,0.19026721981505337,-0.008313608054457688,-0.00016791692732454067,2.6025619506866446,-0.2912973247871341,0.05035318929271221,0.2956172780811176,-1.0673740355003684e-08
667,5.542467600000236,250.85400184142725,329.92923927258494,47.729293509848645,62.77471909209026,2.6025619506836914,0.19026721981505337,-0.011143095638558975,0.0003252719424935435,2.602561950684204,-0.17425865769518448,0.033539678658446856,0.1774570083886217,-2.675158301913537e-09
668,5.5466716999999335,250.83525796768103,329.93060541140795,47.725727165102384,62.774979023525994,2.6025619506836133,0.19026721981505337,-0.014709440384820027,6.534050675810477e-05,2.602561950683716,-0.09770089144388946,-0.01457004606807635,0.09878132632920324,-5.601353030795937e-10
669,5.557468400000289,250.84465967624644,329.9301916360551,47.72751600205264,62.77490029563998,2.6025619506835977,0.19026721981505337,-0.012920603434565692,0.00014406839277114614,2.6025619506836186,-0.1591298359014045,-0.03765649446343861,0.16352466556847903,-8.56414585165859e-11
670,5.560802800000602,250.84814306847568,329.93276610969735,47.72817877740762,62.77539013358238,2.6025619506835946,0.19026721981505337,-0.012257828079583533,-0.0003457695496251745,2.602561950683599,-0.07256630366745767,-0.07790763989034755,0.10646815853221916,-2.6295538803042027e-11
671,5.57308440000088,250.85023843435525,329.93579009920165,47.72857745684802,62.77596549965811,2.602561950683594,0.19026721981505337,-0.011859148639182138,-0.0009211356253615577,2.6025619506835955,0.10291555221231502,-0.06154273191861405,0.11991296318235213,-3.0775353463979576e-12
672,5.576939200000197,250.8520325700146,329.9386518094684,47.728918822051895,62.776509989314484,2.602561950683594,0.19026721981505337,-0.01151778343530907,-0.001465625281731775,2.6025619506835946,0.08742878967147608,-0.0428263939544619,0.09735447232953386,-1.2759564018322748e-12
673,5.589296699999977,250.85392305949583,329.9373530768788,47.72927852022958,62.77626288307538,2.602561950683594,0.19026721981505337,-0.011158085257626738,-0.0012185190426308168,2.6025619506835946,0.0029001492026136874,-0.016815120766934796,0.017063386293582603,-1.0393593448757127e-13
674,5.593276499999774,250.85576897288178,329.93524311541114,47.72962973703754,62.77586142657301,2.602561950683594,0.19026721981505337,-0.010806868449662943,-0.0008170625402570408,2.6025619506835946,0.056928543623794244,0.001916981743473621,0.05696081019552878,-4.608168620200714e-14
675,5.604896099999678,250.84209699785913,329.93627202152857,47.7270284083606,62.77605719367942,2.602561950683594,0.19026721981505337,-0.013408197126601351,-0.0010128296466689335,2.6025619506835946,0.050485809961852104,0.024227052773100756,0.05599792043973467,0.0
676,5.609525300000314,250.8494593385761,329.9351330688587,47.72842922046016,62.77584048832142,2.602561950683594,0.19026721981505337,-0.012007385027047235,-0.0007961242886693753,2.6025619506835946,0.16344749937138744,-0.004812316129278082,0.16351832752718518,0.0
677,5.621924400000353,250.85313097844286,329.93706848449983,47.72912781316976,62.77620873447465,2.602561950683594,0.19026721981505337,-0.011308792317443306,-0.0011643704418986545,2.6025619506835946,0.10507263681172724,-0.017419774944201126,0.10650684281151025,0.0
678,5.626416299999619,250.86715237351697,329.94002426223824,47.73179562502844,62.776771122087325,2.602561950683594,0.19026721981505337,-0.008640980458764602,-0.0017267580545734518,2.6025619506835946,0.23517271925935918,-0.02977698420707593,0.23705036737434054,0.0
679,5.6372026999997615,250.8556087415726,329.93787929554003,47.72959925027182,62.77636300523706,2.602561950683594,0.19026721981505337,-0.010837355215386424,-0.001318641204306914,2.6025619506835946,0.22053047445507776,-0.04754219286736423,0.2255968755679461,0.0
680,5.6418310000008205,250.8659865359791,329.93979208951,47.73157380436135,62.7767269472278,2.602561950683594,0.19026721981505337,-0.008862801125850694,-0.0016825831950484371,2.6025619506835946,0.31875185914885157,-0.03096582751262547,0.32025244758532445,0.0
681,5.653636500001085,250.88021962593814,329.9423988890767,47.73428189481724,62.777222935733974,2.602561950683594,0.19026721981505337,-0.006154710669967756,-0.002178571701222154,2.6025619506835946,0.24275936136229398,0.0015443959589544996,0.24276427391176583,0.0
682,5.658429000000979,250.8940089164943,329.94105931699573,47.73690554479458,62.77696805907839,2.602561950683594,0.19026721981505337,-0.0035310606926231003,-0.0019236950456402724,2.6025619506835946,0.27056939223874926,-0.017698166925407086,0.2711476002640734,0.0
683,5.6692292999996425,250.90615374889896,329.9389391456552,47.73921630829133,62.776564659971896,2.602561950683594,0.19026721981505337,-0.001220297195871467,-0.0015202959391444892,2.6025619506835946,0.1237449153221043,-0.005461049086386479,0.12386535885871677,0.0
684,5.673096700000315,250.90484120211732,329.9401257165896,47.73896657366432,62.776790425524695,2.602561950683594,0.19026721981505337,-0.0014700318228832998,-0.0017460614919428963,2.6025619506835946,-0.1403129344004843,-0.006576909014780304,0.14046699004486182,1.0245449187634466
685,5.685316499999317,250.8850924416426,329.94124633393255,47.735209031913996,62.77700364227102,2.602561950683594,0.19026721981505337,-0.005227573573208133,-0.001959278238267359,2.6025619506835946,-0.21876166736301578,-0.024056862600242947,0.22008043926167936,1.4152676543355132
686,5.689181600000666,250.86293189336965,329.94221313377614,47.73099260600453,62.77718759258937,2.602561950683594,0.19026721981505337,-0.009443999482677157,-0.002143228556619192,2.622361793518067,-0.25203914224102714,-0.025048078030794032,0.25328074430289693,1.719379366891682
687,5.7013435999997455,250.872852724319,329.94440032934244,47.73288021492751,62.77760374420897,2.602561950683594,0.19026721981505337,-0.007556390559692261,-0.0025593801762155977,2.6461216430664067,-0.38222995565357154,0.032540372903515816,0.3836125843447151,3.0831508151106117
688,5.717490200000611,250.8768893285407,329.94165122979655,47.733648248390274,62.77708068068137,2.701561164855957,0.19026721981505337,-0.006788357096930042,-0.002036316648620584,2.6706734939575205,-0.37113056777927067,0.049469757279736556,0.37441308100209303,3.4876744291827326
689,5.721113999999943,250.86326148618792,329.9372789573515,47.73105531671373,62.77624878055898,2.721361198425293,0.19026721981505337,-0.00938128877347566,-0.001204416526228158,2.695383668823243,-0.10052682195504323,0.08982394899954306,0.1348109184979224,3.9626346298278774
690,5.733346600000004,250.8470600309708,329.9329586553535,47.727972710872606,62.77542676870906,2.7253212051391604,0.19026721981505337,-0.012463894614597848,-0.00038240467630856756,2.72012554663086,-0.09095702207333557,0.10291979878794702,0.13735233833830698,3.657602516582792
691,5.736910900001021,250.8519703910435,329.9300704133501,47.728906991431934,62.77487723093292,2.7261128250122075,0.19026721981505337,-0.011529614055270088,0.00016713309982918645,2.746848977124024,0.033576005223128966,0.15935394590256574,0.16285278076060425,4.5304977207452675
692,5.749385099999927,250.86528294199917,329.92802083820084,47.73143993349092,62.774487263967465,2.72627133972168,0.19026721981505337,-0.008996671996285954,0.00055710006528642,2.752193586928711,0.22979196343005487,0.11860027552150164,0.25859306218616107,3.605721445399723
693,5.753266800000347,250.87895653872243,329.9216032930463,47.73404157072432,62.773266215492875,2.8351783173217773,0.19026721981505337,-0.006395034762881835,0.0017781485398771224,2.775037525674317,0.3851780711860029,0.1544843250553992,0.4150030761456977,3.4575591596420794
694,5.765268700000888,250.8957073048466,329.91997601857406,47.737228692424544,62.77295659850317,2.748084247448731,0.19026721981505337,-0.003207913062659884,0.0020877655295805653,2.801381406502051,0.35955773292948323,0.12766131434257275,0.3815483907567463,1.9753325566756057
695,5.769379100000151,250.90704755375071,329.91464824048336,47.739386370055534,62.77194289697806,2.8395408988671873,0.19026721981505337,-0.0010502354316699325,0.003101467054690943,2.806650144520625,0.431966472894648,0.07369553339399249,0.43820778786697495,5.7611059369707505
696,5.78157629999987,250.91563899415058,329.91336207232786,47.74102103953463,62.7716981813389,2.857832229150879,0.19026721981505337,0.000584434047425475,0.00334618269385345,2.80770389212434,0.2902174834773407,0.009294216096092352,0.2903662689927351,5.6740262270685085
697,5.785335800001121,250.9268047985865,329.9180759306796,47.74314552610164,62.77259507406209,2.752615029814551,0.19026721981505337,0.0027089206144381706,0.00244928997066296,2.8804777367378565,0.20094516650719452,0.02518405584476931,0.20251715140055815,6.035849375786566
698,5.797326100000646,250.9243777438361,329.91854486157615,47.742683737141945,62.77268429624006,2.8404470553403516,0.19026721981505337,0.002247131654740997,0.0023600677926935987,2.94582050767472,0.08611056898487185,-0.018024378633672507,0.0879767487239007,6.546350222228205
699,5.800589899999977,250.92127616813676,329.91673948687844,47.74209360895659,62.7723407926156,3.1119534705163128,0.19026721981505337,0.0016570034693828006,0.0027035714171503855,2.958889061862093,0.08639460660967627,-0.02176335109912216,0.08909361089497035,9.750355669950881
700,5.8132258000005095,250.9180059622002,329.914708858536,47.741471395964815,62.77195443060641,3.166254753551505,0.19026721981505337,0.001034790477611125,0.003089933426345226,3.007339030634138,-0.031197930572473276,0.027311588012486895,0.04146364325247699,6.558733504748306
701,5.816980699999476,250.9206788587141,329.91468185330586,47.74197996055337,62.77194929239635,2.9231750000877423,0.19026721981505337,0.001543355066168317,0.0030950716364017694,3.0678170264027074,-0.05631357188455361,0.04114855641556664,0.06974540897780912,7.44729640064215
702,5.829323699999804,250.9191955935848,329.91424022651006,47.74169774382097,62.77186526529371,2.9948648736747754,0.19026721981505337,0.0012611383337670645,0.003179098739039432,3.1097734654001705,-0.03353610137973319,0.042346973775075,0.05401792557715107,8.098314962034223
703,5.833190499999546,250.91586075752707,329.91298541063145,47.741063233835725,62.771626514965114,3.1428370341831977,0.19026721981505337,0.0006266283485203417,0.003417849067638201,3.148025593043413,-0.07023660807806537,0.014370604002906889,0.07169166878877992,11.161112643198155
704,5.845354299999599,250.91158237688177,329.9058739161344,47.74024919824504,62.77027343067843,3.321735665503632,0.19026721981505337,-0.0001874072421657047,0.0047709333543224375,3.2363248604299724,-0.1117071555174489,0.0004919216233174838,0.11170823864282797,9.273949471169551
705,5.84923180000078,250.90683922825366,329.90810147463907,47.739346732542394,62.770697262042084,3.357515391767719,0.19026721981505337,-0.0010898729448101108,0.004347101990667568,3.310572390909237,-0.14836817216001458,-0.04591172489608347,0.15530937187767316,11.305371452530203
706,5.860968400000274,250.9024033190263,329.91229758545666,47.738502724426354,62.77149564438138,3.3646713370205363,0.19026721981505337,-0.00193388106085024,0.003548719651369936,3.388862601350793,-0.12940226098927177,-0.06793395107792062,0.14615049386913792,9.484299085953568
707,5.864600500000961,250.89846765104562,329.91659673523134,47.737753895821555,62.77231363165658,3.3661025260710997,0.19026721981505337,-0.0026827096656489857,0.0027307323761718294,3.438100507941057,-0.1551669953165058,-0.06390525455228628,0.1678114358288643,10.906982581448595
708,5.877111899999363,250.89391317740984,329.9197772355657,47.73688732878515,62.77291877661282,3.534288086390978,0.19026721981505337,-0.0035492767020528504,0.0021255874199326286,3.44794808925911,-0.1161104396759561,-0.049287046886095566,0.12613820671190798,8.104148757440514
709,5.880866100000276,250.89005086515323,329.9171849094773,47.73615245737003,62.772425541935135,3.5679251984549536,0.19026721981505337,-0.0042841481171720375,0.0026188220976166576,3.5019057112966463,-0.1386404352671639,0.0037079130323627377,0.1386900101309544,8.667807281523743
710,5.893094000000929,250.88764333152267,329.91951229182246,47.73569438263954,62.77286836650339,3.406753298357983,0.19026721981505337,-0.004742222847667676,0.0021759975293633715,3.56468534147808,-0.12057444280889168,0.06184247842286198,0.1355089974730713,6.047410093140909
711,5.896357199999329,250.88447797155254,329.916134481647,47.735092118398306,62.77222567995224,3.6344594472082177,0.19026721981505337,-0.00534448708889812,0.002818684080509115,3.5956495087863387,-0.20862663146100746,0.12553853191039643,0.2434851008767983,8.09118284825788
712,5.909987799999726,250.87617930734126,329.9114448142594,47.73351315463064,62.77133338997655,3.6800006769782647,0.19026721981505337,-0.0069234508565614306,0.0037109740562044635,3.601842342247991,-0.18978587713631417,0.10936712028469471,0.21904302353594152,5.327294633642862
713,5.913151400000061,250.867707393974,329.90695361079145,47.731901227227745,62.77047886117907,3.689108922932274,0.19026721981505337,-0.008535378259459492,0.004565502853679959,3.6366607734422747,-0.20843676052180424,0.11129912183352904,0.23629087510468683,4.317891319934881
714,5.925740300001053,250.86098889072983,329.9036106561158,47.73062291629415,62.76984280648697,3.598889365763213,0.19026721981505337,-0.009813689193052255,0.005201557545781554,3.643624459681131,-0.2346980525081157,0.09579021830277905,0.2534934748146317,1.3804759212922268
715,5.941727900000842,250.85000521828792,329.90584193404845,47.72853308347527,62.77026734553585,3.580845454329401,0.19026721981505337,-0.011903522011934342,0.004777018496902485,3.6450171969289027,-0.23868805511273933,0.09228277514895095,0.25590642477806985,1.5205106109125919
716,5.945215600000665,250.8442151717595,329.9036531715004,47.72743142741971,62.769850895771,3.669277878402501,0.19026721981505337,-0.013005178067494683,0.005193468261751377,3.626887503106484,-0.21402971833809847,0.062429473109042594,0.22294878211050725,0.44615038211817704
717,5.958019600000625,250.83507723043988,329.90042806338295,47.72569277672999,62.76923726341589,3.6869643632171214,0.19026721981505337,-0.014743828757211475,0.005807100616863181,3.641669805613973,-0.1824399577013949,0.057989757975283086,0.191434454046597,0.4056095096975122
718,5.961811600000146,250.82737968969005,329.898019613502,47.72422818705211,62.76877901435298,3.5984604538201825,0.19026721981505337,-0.016208418435091687,0.006265349679772214,3.6630345073874437,-0.10517014804312369,0.028170123477898025,0.10887752704838853,0.427771079626341
719,5.974004100000457,250.83099424493227,329.8962044273013,47.72491591842891,62.76843364392112,3.6728008783006576,0.19026721981505337,-0.015520687058291571,0.006610720111630997,3.6673074477421377,-0.05658004500228416,-0.008820619100141178,0.05726346840499863,2.0807253353254
720,5.9783222999994905,250.8367959550319,329.90019093836827,47.72601979367975,62.76919214629859,3.6876689631967525,0.19026721981505337,-0.014416811807457464,0.005852217734158671,3.668162112107022,0.08913695022103879,-0.07940928926681758,0.11937852033162857,3.5872339983450154
721,5.990782200000467,250.8320207966193,329.90448346457254,47.725111237564406,62.770008873325466,3.6906425801759717,0.19026721981505337,-0.015325367922798705,0.005035490707285817,3.7063715276460143,0.20650195875930544,-0.09934410063395163,0.22915564427305427,2.895735142169645
722,5.993921600000249,250.84180189104936,329.9095162518853,47.72697225920836,62.77096644777538,3.6912376850415423,0.19026721981505337,-0.01346434627884463,0.004077916257372749,3.7336436521478555,0.14589197839594117,-0.06937886067301902,0.16154843134047434,4.070387785615341
723,6.0054460000010295,250.85395175450063,329.9082338603346,47.72928397994836,62.77072245070031,3.7895075315151443,0.19026721981505337,-0.011152625538841221,0.0043219133324399195,3.758728318442267,0.1032985403687685,-0.024298759067773373,0.10611794445121803,4.438882124195461
724,6.00940620000074,250.84881813882046,329.90452581127505,47.7283072211653,62.77001693051482,3.8091615008098647,0.19026721981505337,-0.012129384321902137,0.0050274335179310015,3.783375493095192,0.155577684706729,0.013064507397219184,0.15612526167228152,4.056658752415533
725,6.021442900000693,250.85151727884573,329.9013786452016,47.7288207790338,62.769418127975726,3.813092294668809,0.19026721981505337,-0.011615826453400757,0.005626236057025835,3.8079350931258746,0.050577154327357134,0.08152883449850787,0.0959426880722986,2.336147382949728
726,6.025693900000988,250.85572828821728,329.8986692462613,47.72962199607954,62.768902618171985,3.813878453440598,0.19026721981505337,-0.01081460940766732,0.006141745860766434,3.8128470131320107,0.04602228918962179,0.09552134363221507,0.10603008154083865,1.9107357908816962
727,6.037320699999327,250.85987094534534,329.8963897236747,47.73041020793394,62.76846889974693,3.8140356851949555,0.19026721981505337,-0.01002639755326129,0.006575464285823784,3.8138293971332384,0.10424603315186856,0.04713660390554129,0.1144075821597868,1.015178833832631
728,6.0412820000001375,250.86357308301604,329.8944923283796,47.73111460337592,62.768107887619244,3.814067131545827,0.19026721981505337,-0.009322002111282757,0.006936476413507364,3.814025873933484,0.021764508742520727,0.04849601948156248,0.053155975641120054,0.7988352837168708
729,6.053319700000429,250.86638689258018,329.8985269517238,47.731649979098776,62.76887554418594,3.814073420816001,0.19026721981505337,-0.008786626388427976,0.006168819846813278,3.8350429143496854,-0.021162504814147644,-0.05309373789642579,0.05715589745444631,1.3270604460462634
730,6.057704299999386,250.85786640698294,329.8972239010169,47.73002880999272,62.76862761635066,3.8140746786700364,0.19026721981505337,-0.010407795494487004,0.006416747682088442,3.8392463224329254,-0.0693045167180886,-0.1748978711301889,0.18812862983448314,1.7377180015564226
731,6.06936929999938,250.85626271380627,329.9209307311136,47.729723679750556,62.773138249003786,3.918963655521605,0.19026721981505337,-0.01071292573664806,0.0019061150289658713,3.883533659323011,-0.1213310079303159,-0.1795339464628502,0.21668791248685731,2.9434725892181026
732,6.073512599999958,250.85249722752383,329.93338057096196,47.729007231144344,62.77550704541888,3.835052725611157,0.19026721981505337,-0.011429374342860399,-0.00046268138612504117,3.8923911267010283,-0.2798683175728479,-0.11161874420550263,0.30130552474037026,3.444792766459452
733,6.084920700001021,250.8475618679161,329.9293061412757,47.728068193992996,62.774731815010135,4.035503815996255,0.19026721981505337,-0.012368411494207976,0.0003125490226167926,3.961733802427608,-0.3169713043399512,-0.1401477173970499,0.34657205667302915,4.045110754667626
734,6.089902400000938,250.82797170477198,329.92208483610017,47.724340828115835,62.77335783735096,3.858360757706087,0.19026721981505337,-0.016095777371369024,0.0016865266817944757,3.9829186598995845,-0.5366871248921592,-0.23915464776236597,0.587561073907516,5.069862317308523
735,6.101137300000119,250.79518491227697,329.927168853068,47.71810257626116,62.77432515912492,4.160788057302936,0.19026721981505337,-0.02233402922604455,0.0007192049078312834,4.027411844785249,-0.5340753386989229,-0.15776375984314397,0.5568894605989724,5.899561713441307
736,6.104839300000094,250.77330108036415,329.94432425672403,47.71393880040421,62.77758927008336,4.024887942881486,0.19026721981505337,-0.026497805082996706,-0.002544906050609086,4.060435008739921,-0.5566141344445976,-0.17123622588695797,0.5823582571918405,5.435715149708417
738,6.1207701000003,250.7599163623836,329.95811961602084,47.711392127326036,62.780214074743114,4.057518650039478,0.19026721981505337,-0.029044478161168286,-0.0051697107103620965,4.160580443532808,-0.5008195994006233,-0.22053631798296136,0.5472262225928896,8.378083084038298
739,6.133006600000954,250.7473750256545,329.9580815397474,47.70900592205383,62.78020683007642,4.200619635769614,0.19026721981505337,-0.03143068343337774,-0.005162466043671543,4.206579150242362,-0.4118998131436984,-0.17999884819357664,0.44951200364264793,8.721052251458403
740,6.136932200000956,250.7376936709644,329.9574769279056,47.7071638776129,62.78009179226221,4.359087931670524,0.19026721981505337,-0.03327272787430502,-0.005047428229460138,4.2810257024973595,-0.21576791333229633,0.002246878512776808,0.2157796118423252,7.790588247796665
741,6.148945000000822,250.73070713966493,329.95011599711313,47.7058345697264,62.77869124842508,4.390781590850707,0.19026721981505337,-0.03460203576080545,-0.0036468843923316285,4.3491996778529876,-0.2821371470556611,0.10501422677159977,0.3010471019178639,9.966240096377732
742,6.164792800000214,250.71870660059005,329.947657783458,47.70355126052034,62.77822353094721,4.397120704156469,0.19026721981505337,-0.03688534496686202,-0.0031791669144567436,4.416838684349894,-0.27611765091502327,0.12178369854611953,0.301781752891726,9.877796738738317
743,6.1689827000009245,250.70787870703228,329.9399707813137,47.70149106731665,62.7767609464205,4.398388526817622,0.19026721981505337,-0.038945538170551686,-0.0017165823877505204,4.488756378227402,-0.21911553195031896,0.18762143623919975,0.2884673632810675,6.4676013411822755
744,6.181771100000333,250.69679465844752,329.93429536866824,47.69938213620813,62.77568110143515,4.538814668254149,0.19026721981505337,-0.04105446927907508,-0.0006367374023952266,4.531174508677707,-0.22880049078034578,0.2020127501637271,0.305219291346467,5.849275735721838
745,6.18620490000103,250.69250158209235,329.925941395878,47.69856530450558,62.774091614257934,4.718676401058056,0.19026721981505337,-0.041871300981625836,0.0009527497748180735,4.539658134767768,-0.23484928757713638,0.24890985952274003,0.3422138308764254,5.2535537370080805
746,6.197713100000328,250.68287957643128,329.9145374119578,47.696734552239406,62.77192180994262,4.602872243102237,0.19026721981505337,-0.043702053247798744,0.0031225540901331783,4.56938937536664,-0.16247427384490576,0.18679407286615282,0.2475680014043718,1.8421244414111368
747,6.2023246999997355,250.67865446442033,329.9081387475207,47.695930651923675,62.770704353849645,4.4395388346067755,0.19026721981505337,-0.04450595356352949,0.004340010183106813,4.575335699780359,-0.2294707477796363,0.1811314469873554,0.2923447026615646,1.190890988457259
748,6.213398899999447,250.67109794227696,329.9058982122708,47.69449289346398,62.770278053436755,4.54704472981198,0.19026721981505337,-0.04594371202322378,0.00476631059599697,4.576524964663103,-0.22966770812430642,0.12527827406821318,0.26161403270578193,1.2865342466422813
749,6.217315100000633,250.6608088483622,329.9047429856849,47.692535216170405,62.770058251685995,4.568546290322748,0.19026721981505337,-0.04790138931679877,0.004986112346756499,4.576762893933598,-0.27674216543560665,0.0950259135993976,0.2926023759052357,2.670538851171613
750,6.229057000000466,250.64937884783274,329.89985365413605,47.69036046174718,62.76912797216544,4.724622725471777,0.19026721981505337,-0.05007614374002145,0.005916391867309301,4.6048449951685555,-0.24875179937592873,0.040070387043916335,0.2519585156540885,2.995377322856269
751,6.232842100000198,250.64153172367693,329.8991119731043,47.68886741125051,62.76898685457754,4.604061889454707,0.19026721981505337,-0.051569194236691374,0.006057509455210663,4.640816716318867,-0.21019958715476023,0.06100784848057453,0.21887399118273596,3.3753056811860906
752,6.2457297000000835,250.6392037317005,329.8998420801901,47.688424470689405,62.76912577002293,4.579949340781567,0.19026721981505337,-0.05201213479779909,0.0059185940098203105,4.678366285158305,-0.12473152597160865,0.06187612756451819,0.13923580262844257,3.9033957545522386
753,6.249471499999345,250.64044134430208,329.8970262549108,47.688659947798314,62.768590010775554,4.726903335563541,0.19026721981505337,-0.05177665768889028,0.006454353257197454,4.685876198926193,-0.12463689245408384,0.13570565892658615,0.18425629114174036,5.094773767543857
754,6.261265200000707,250.63594422889778,329.893278170173,47.68780429415315,62.767876873112854,4.756294134519935,0.19026721981505337,-0.052632311334050996,0.007167490919897546,4.717733406289145,-0.05814115197254295,0.1398919276483747,0.15149305255975415,3.3158999649804635
755,6.265664399999878,250.63167282480256,329.88291121734795,47.68699158597125,62.76590438182088,4.762172294311214,0.19026721981505337,-0.05344501951595504,0.00913998221187029,4.754460148665056,-0.01580263109881303,0.1512325168688203,0.152055901918088,2.80312127217291
756,6.2777261000010185,250.62774395082954,329.8792208463292,47.6862440500434,62.76520222518705,4.76334792626947,0.19026721981505337,-0.05419255544380519,0.0098421388456984,4.761807378151372,-0.019720889282626,0.12347158088125326,0.1250365736871155,2.8108913261321504
757,6.281927800000631,250.63165980362535,329.8782067008401,47.68698910846806,62.76500926654436,4.7635830526611205,0.19026721981505337,-0.05344749701914253,0.010035097488390932,4.763276824048635,0.015609496408217568,0.10912265374449912,0.11023343384998946,2.973954552636941
759,6.298189600000114,250.63536401452103,329.87783255991576,47.68769389837679,62.76493807979086,4.763639482995117,0.19026721981505337,-0.0527427071104114,0.010106284241892638,4.796546558565001,0.05049732002206422,-0.015502427572617973,0.052823333765061,3.677849445257796
760,6.309459199999765,250.64152990743884,329.8785004983774,47.688867065679936,62.76506516658496,4.763641364006251,0.19026721981505337,-0.05156953980726797,0.009979197447790966,4.8361763508051885,0.060551911049706725,-0.0165133065290783,0.06276323146791357,4.722132837354337
761,6.3129055999997945,250.64134332280696,329.8816658350436,47.688831564740774,62.76566742639222,4.928520966893047,0.19026721981505337,-0.051605040746430575,0.009376937640531935,4.877078154590141,-0.07195541974772711,-0.04672019850806221,0.0857925368531805,9.639287194840051
762,6.326129799999762,250.64052992249862,329.87797108522574,47.68867680132551,62.76496443661647,4.961496887470407,0.19026721981505337,-0.05175980416169779,0.010079927416285273,4.954182568173888,-0.06223232054799291,-0.06975143923346985,0.09347793855198443,10.050861993830493
763,6.329512399999658,250.63190372085904,329.8798397561697,47.687035517921984,62.76531998344172,4.968092071585879,0.19026721981505337,-0.053401087565219996,0.009724380591030979,5.038529384728528,-0.13235408218266473,-0.05973758898305194,0.14521082124939455,11.578336951092798
764,6.342383400000472,250.63812424564446,329.887333596269,47.68821907987869,62.766745815563155,5.149161550913855,0.19026721981505337,-0.052217525608512005,0.008298548469596767,5.0913488365404325,-0.1318280612738129,-0.043699243229017436,0.13888218603550637,10.0012855323004
765,6.346553600000334,250.6327213690283,329.88648336244614,47.687191089565935,62.766584043937485,5.18537544677945,0.19026721981505337,-0.053245515921268805,0.008460320095267093,5.13786281540379,-0.03584342378093357,-0.13488060899935295,0.13956192071039983,9.365471591729182
766,6.35791590000008,250.63226328903443,329.89213017899044,47.687103931959044,62.767658448022175,5.19261822595257,0.19026721981505337,-0.05333267352816051,0.007385916010576921,5.183115699677438,0.067310391890992,-0.13206804496109514,0.1482317690522675,3.847532181385092
767,6.361329299999852,250.64066317333283,329.89935548175936,47.68870215459127,62.76903318629234,5.1940667817871935,0.19026721981505337,-0.051734450895935424,0.006011177740411711,5.192166276532167,0.03293929610367627,-0.12008120959819502,0.12451704351762977,3.4117541762042145
768,6.374191900000369,250.64272881213202,329.90551056233437,47.68909517794273,62.77020429636109,5.194356492954118,0.19026721981505337,-0.051341427544471685,0.004840067671665338,5.158026379696082,-0.013213126275313403,-0.2693646033799313,0.2696884800283376,1.50348801454679
769,6.3910847999995894,250.6356349007869,329.9100247963453,47.68774543915348,62.77106320711594,5.194414435187503,0.19026721981505337,-0.05269116633372306,0.0039811569168151095,5.190542959044685,-0.03392137116008631,-0.24953812687919386,0.2518331514867671,1.4082855482317889
770,6.395117699999901,250.62551868003072,329.9250235941058,47.68582065395517,62.7739169866664,5.014675962599024,0.19026721981505337,-0.05461595153203547,0.0011273773663518227,5.197046274914406,-0.19261334794076534,-0.17546027865819683,0.2605498247778386,3.401502453390474
771,6.406708399999843,250.61874386678502,329.9247449732335,47.684531629074144,62.77386397424764,5.355201122695586,0.19026721981505337,-0.05590497641306058,0.001180389785112368,5.237691496804171,-0.1866385995395787,-0.14648149391714163,0.2372568121219975,5.419299720385183
772,6.410470900000291,250.6123123094697,329.9253848517068,47.68330791454468,62.773985722145774,5.226583361135797,0.19026721981505337,-0.057128690942526816,0.0010586418869777958,5.285165099897945,-0.11333729713490948,-0.09651865274481397,0.14886636036902612,3.853597276025603
773,6.421875300000465,250.61593437009202,329.9221573701533,47.683997073949286,62.773371638203585,5.397582602402942,0.19026721981505337,-0.0564395315379187,0.0016727258291666658,5.369954391439551,-0.03661946449938748,0.06033256982767638,0.07057622944188324,4.090602641592541
774,6.425667299999986,250.6216464038023,329.918191930429,47.68508388672283,62.7726171450119,5.43178245065637,0.19026721981505337,-0.0553527187643752,0.0024272190208520783,5.347567767325996,0.005261754239461208,0.05283567668466023,0.05309703182290359,3.7070009898667244
775,6.4381305999995675,250.61550986755213,329.91317225018537,47.68391630503122,62.771662064407586,5.4386224203070554,0.19026721981505337,-0.05652030045598622,0.0033822996251657855,5.382435001219107,0.09019375655639648,0.06844549491092274,0.11322411181084913,1.2094535125207784
776,6.442520000000513,250.61777517196617,329.91393149028073,47.68434731820411,62.771806522909706,5.2432680021278175,0.19026721981505337,-0.05608928728309337,0.0032378411230453708,5.389408447997729,0.13160193785828714,0.08572453352572176,0.1570597519934979,-0.2642172894545045
777,6.453262299999551,250.6233883425521,329.9113518300897,47.685415320565845,62.77131569813709,5.400919530601345,0.19026721981505337,-0.05502128492135938,0.0037286658956645624,5.390803137353453,0.08681255241137663,0.004375725935496427,0.08692276015889389,1.5816902114751925
778,6.457459900000686,250.62928916327473,329.9082578793974,47.68653805331937,62.77072702074062,5.432449836296051,0.19026721981505337,-0.05389855216783701,0.004317343292129294,5.391081998930653,-0.02317178139558221,0.010400158119526309,0.025398715360344482,3.286300578560723
779,6.469306400000278,250.63319051591634,329.921194413697,47.687280352840006,62.773188419155844,5.4387558974349925,0.19026721981505337,-0.0531562526471987,0.001855944876908211,5.430482177374022,-0.06765774558377291,-0.00762901635921524,0.0680865069458532,3.926811065258624
780,6.473822199999631,250.61791524372518,329.91866072500625,47.68437396926827,62.77270634125278,5.440016728193053,0.19026721981505337,-0.05606263621893248,0.0023380227799734143,5.4816039427990235,-0.26285155177080044,-0.0024565283068037937,0.26286303049238385,6.42671682649
781,6.484981300000072,250.61062886586294,329.92587794980625,47.6829876104099,62.774079542550254,5.4402688943446655,0.19026721981505337,-0.05744899507730139,0.0009648214824977686,5.535070025620352,-0.35698219921940927,-0.023431838419151158,0.3577503900923481,6.981242783560019
782,6.489251900000454,250.59095448819426,329.9242719166508,47.67924422126929,62.77377396708684,5.656528357726355,0.19026721981505337,-0.061192384217910956,0.0012703969459124664,5.589004971920946,-0.4209562205354323,0.03317154490888221,0.4222611644457936,7.802623299319623
783,6.508282400000098,250.5706321462185,329.9207347272096,47.67537754576143,62.7731009558859,5.699780250402693,0.19026721981505337,-0.06505905972577608,0.001943408146850345,5.643033767211338,-0.41127331689127083,-0.08660736993953774,0.4202934423882814,7.81408751855293
784,6.515553900000668,250.56080226262884,329.9178591578766,47.673507241139724,62.772553829303526,5.70843062893796,0.19026721981505337,-0.0669293643474802,0.0024905347292261126,5.69708133229969,-0.494341796562338,-0.17096155158766044,0.5230694637901742,9.042364622147431
785,6.520700299999589,250.54470343430955,329.93117072208634,47.67044416183313,62.7750865836171,5.710160704645014,0.19026721981505337,-0.06999244365407264,-4.2219584351244066e-05,5.755636893290993,-0.35360353467352973,-0.17213327936427694,0.39327512710355117,9.44834757941684
786,6.526138799999899,250.52928041180004,329.9467437913614,47.667509666219104,62.77804962821206,5.710506719786425,0.19026721981505337,-0.07292693926810045,-0.0030052641793076873,5.815094053462887,-0.3073360820733011,-0.1163115548312285,0.32860895473408014,12.62584677051753
787,6.533821799999714,250.52230041911213,329.94409103817236,47.666181602416046,62.77754489623792,5.949306162682872,0.19026721981505337,-0.0742550030711584,-0.0025005322051683265,5.927721264305859,-0.21629019588375398,-0.11132820656658553,0.2432599811164282,11.517017854934528
788,6.537574300000415,250.5228556833913,329.9378889094454,47.66628725100671,62.77636483444811,5.997066051262161,0.19026721981505337,-0.07414935448049675,-0.0013204704153579883,5.997992678154141,-0.1652122665909476,-0.08924434125743588,0.18777551884788393,9.543006192515335
789,6.549737400000595,250.5355143358869,329.93148608234185,47.66869577762365,62.775146586336156,6.271566683152823,0.19026721981505337,-0.0717408278635574,-0.00010222230340417582,6.020964515816659,-0.0929960706936018,0.008990247546376619,0.09342961904767948,8.0174994423509
790,6.552784200001042,250.53007304197953,329.93759869343705,47.667660477759696,62.776309615855055,6.0615177738864245,0.19026721981505337,-0.07277612772750786,-0.0012652518223035258,6.025558807055217,-0.07898130624025212,-0.01742258417412411,0.08088011606520437,5.264202890430337
792,6.569094899999982,250.5147713345329,329.94219824597656,47.6647490644254,62.77718475992914,5.825365908099012,0.19026721981505337,-0.07568754106180364,-0.002140395896390146,6.07946739613789,-0.025622317806120065,-0.009094925081190322,0.027188615852784453,4.763254869312316
793,6.581171300000278,250.5082475821684,329.94641076754885,47.663507808200244,62.77798626469711,5.972277618875662,0.19026721981505337,-0.07692879728696056,-0.0029419006643607304,6.090249113954425,-0.038748253415678446,0.02344071481020185,0.045286799992700445,6.015824306399315
794,6.58457079999971,250.51351743143078,329.94004812645755,47.66451048776825,62.77677566266599,6.266608996675523,0.19026721981505337,-0.07592611771895719,-0.0017312986332385094,6.145395188352691,0.11444458665171034,0.19616164904139677,0.22710560532166738,9.85259555821429
795,6.597187800000029,250.52229644159792,329.9226188431378,47.666180845625476,62.77345944138537,6.325475272235495,0.19026721981505337,-0.07425575986172817,0.001584922647381859,6.248242627148079,0.2011789048405728,0.22287273313159736,0.3002419140066897,8.84418949180457
796,6.600742799999352,250.53025901640535,329.91361522103836,47.66769586259665,62.771746347240246,6.337248145877763,0.19026721981505337,-0.07274074289055221,0.0032980167925060755,6.321801845742116,0.23936422541185315,0.2470039756342289,0.3439566780659029,8.277625965691719
797,6.6129703000005975,250.54665777167946,329.90848040438067,47.67081600817109,62.77076935995053,6.339603102075944,0.19026721981505337,-0.06962059731611703,0.004275004082224143,6.300563600959947,0.034073848282568514,0.13842904725358857,0.1425609633115593,4.699155078261775
798,6.629181599999356,250.55416779985347,329.9038550254116,47.67224492035249,62.769889301953484,6.340073711845853,0.19026721981505337,-0.06819168513471396,0.005155062079268191,6.269113269508395,-0.0496311097676137,0.06925913736903225,0.08520607470050125,3.066238158154528
799,6.632946900001116,250.53969169971924,329.90755097559116,47.66949059302618,62.77059252011873,6.160417772764679,0.19026721981505337,-0.07094601246102172,0.0044518439140190935,6.262823203218086,-0.40946475381298836,0.0999749329654736,0.4214930270319808,-1.0734649387506605
800,6.644979799999419,250.52159589856262,329.9128008298353,47.66604755524979,62.771591395290194,6.168223614977741,0.19026721981505337,-0.07438905023741427,0.003452968742557516,6.262665722520455,-0.6279776788029631,0.07501463465124115,0.6324422190893146,-0.2510927441634989
801,6.649644400000398,250.48793529055862,329.89722181390414,47.659643044947586,62.768627219241516,6.305797814426212,0.19026721981505337,-0.08079356053961817,0.006417144791235785,6.262634226380929,-0.7668388312552473,0.05498399849332172,0.7688075397726191,0.7037540974366006
803,6.664779000000635,250.42132599563794,329.90079338912585,47.64696947958918,62.76930677292931,6.338815698587791,0.19026721981505337,-0.09346712589802308,0.005737591103439854,6.298577939360056,-0.8494229504337831,0.05623305585986774,0.8512822712208755,2.7959343169637974
804,6.676913400000558,250.38266761951496,329.90371854991815,47.6396140578417,62.769863335140776,6.339916231148222,0.19026721981505337,-0.10082254764550669,0.005181028891975359,6.332969364450998,-0.8183507668728761,0.05802987041922767,0.8204056578926652,3.3640252390376397
805,6.680965100000321,250.3582973675252,329.90756263308504,47.634977197749414,62.770594738157676,6.340136337660309,0.19026721981505337,-0.10545940773778995,0.004449625875075469,6.368585289850046,-0.5693078194435479,-0.010007244424128835,0.56939576589621,5.4537129273208045
806,6.693259300000136,250.34984732161763,329.9123459805369,47.633369431007274,62.771504852378754,6.340180740432453,0.19026721981505337,-0.10706717447992986,0.0035395116539973515,6.403345506456338,-0.46909584625018785,0.027035570379220338,0.46987427577481794,5.522760717488753
807,6.696677300000374,250.347551704672,329.9070415732592,47.63293265035326,62.770495597553264,6.483877441421452,0.19026721981505337,-0.10750395513394295,0.004548766479487654,6.439035190158456,-0.3570832663034974,0.10378847877582426,0.3718608710264824,6.781724337524748
808,6.709866000001057,250.3242383900352,329.8973155080609,47.62849689079265,62.76864504616824,6.5126167816192515,0.19026721981505337,-0.11193971469455732,0.006399317864513421,6.474910767279739,-0.18521525619199264,0.16529627753750892,0.24824896876728944,5.139617288271272
809,6.713799900000595,250.32328524448144,329.8903292432262,47.62831553843806,62.76731578898124,6.518364649658811,0.19026721981505337,-0.11212106704914504,0.0077285750515088125,6.5108234467909085,-0.24115154432329589,0.23228317787787428,0.3348276303630791,5.9207885061422845
810,6.726187199999913,250.30472496712622,329.8820595446933,47.624784126066686,62.76574233643268,6.519514223266723,0.19026721981505337,-0.11565247942051826,0.009302027600071483,6.518005982693143,-0.2685422844146869,0.19442709340611572,0.33153710677540915,4.393555847357605
811,6.730916300000899,250.29452306917415,329.87557470062643,47.6228430393065,62.764508483181146,6.519744137988305,0.19026721981505337,-0.11759356618070171,0.010535880851605839,6.54984806848687,-0.3671867985324825,0.22153017287669255,0.4288376878392467,4.886685417701921
812,6.742290000000139,250.27869744820174,329.8692385237894,47.619831942402236,62.76330291643011,6.519790120932623,0.19026721981505337,-0.12060466308496842,0.011741447602638289,6.581757245253485,-0.4110590950572948,0.18669272094242595,0.4514684392980407,3.505717769088825
813,6.746998200000235,250.25816999803675,329.8624130855372,47.61592624152945,62.762004259269844,6.671827210587892,0.19026721981505337,-0.12451036395775361,0.013040104762907845,6.606173138223994,-0.36063239634540334,0.19167052676577892,0.40840337428148077,4.4371273983506825
815,6.762864100001025,250.23603384875423,329.8487616576898,47.61171445794806,62.759406840046815,6.677910533491875,0.19026721981505337,-0.12872214753914335,0.015637523985937207,6.641461895431377,-0.2670734278162739,0.20255883440962277,0.3351988920669629,4.649002891606975
816,6.774079400000119,250.23409162258895,329.8398072967467,47.61134491597534,62.75770311868495,6.641593688119274,0.19026721981505337,-0.129091689511867,0.017341245347800793,6.700195061911916,-0.20044009898587584,0.1734958391935545,0.26509816955034493,4.912486495701382
817,6.77831630000037,250.23536845618435,329.83278507613977,47.6115878555537,62.75636702029314,6.696187924025223,0.19026721981505337,-0.12884874993350337,0.018677343739611274,6.733211531633804,-5.574297293376579e-05,0.17722538081696268,0.17722538958342418,7.283438954252988
818,6.790532700000767,250.23976176126288,329.8353096113201,47.61242375749679,62.75684735658323,6.813455953335318,0.19026721981505337,-0.12801284799041213,0.018197007449522573,6.7835790281285195,0.07882854455337049,0.14955797083949596,0.1690607171344965,7.68011528381369
819,6.794132600000012,250.24302302088213,329.8297380473613,47.61304426829764,62.75578727059876,6.836909559197337,0.19026721981505337,-0.127392337189562,0.019257093433992623,6.844923431968478,0.11263627490678935,0.12832604498704156,0.17074690113408805,7.124623829704965
820,6.806293600000572,250.2512655513631,329.82811627453566,47.6146125516565,62.75547870039206,6.929748015965444,0.19026721981505337,-0.12582405383070494,0.0195656636406909,6.896091696281393,0.1073195707077902,0.06682619654810633,0.1264248029541297,6.379154458961807
821,6.8104545999995025,250.2542417113271,329.8271157385558,47.615178817338574,62.755288331192844,6.9483157073190664,0.19026721981505337,-0.1252577881486303,0.01975603283990779,6.906325349143975,0.11918640168670117,0.11194021648826405,0.16351149933403186,7.28990831641895
822,6.822066599999744,250.25611871640598,329.82663672272486,47.61553594987651,62.75519719018244,6.952029245589791,0.19026721981505337,-0.12490065561069486,0.019847173850308764,6.953531076298522,0.08741831106129692,0.04950390672193456,0.10046192258534407,4.480350982005069
823,6.826327500000843,250.25897978286127,329.82246576027103,47.61608031703666,62.7544035927524,6.864624217648232,0.19026721981505337,-0.12435628845054225,0.020640771280348247,6.990501671192323,0.0885583471533124,0.03527116627864555,0.09532384812407889,4.090040759853276
824,6.837996700000076,250.25980949039305,329.8235516207318,47.616238183182,62.75461019640338,7.072938194970076,0.19026721981505337,-0.12419842230520572,0.02043416762937511,7.025425239633973,0.16394046785742614,-0.008393981337290898,0.16415521899715085,5.913456166908123
825,6.853295400000206,250.2706370344635,329.8272334252025,47.6182983098897,62.755310723103925,7.114600990434445,0.19026721981505337,-0.12213829559750167,0.0197336409288269,7.059939402785194,0.1565777188336859,-0.05271144831335355,0.16521222357456528,5.2808092015389905
826,6.8577925999998115,250.28276240802995,329.83131244565607,47.620605371007414,62.75608682698519,7.122933549527319,0.19026721981505337,-0.11983123447978983,0.01895753704756231,7.1120012319974695,0.11526239797704678,-0.11872284052939823,0.16547064165823508,3.6373781292160654
827,6.869335999999748,250.28239485615788,329.8442798326054,47.62053543793458,62.758554095648314,7.124600061345894,0.19026721981505337,-0.11990116755262648,0.016490268384437456,7.122413597839924,0.10164197304309584,-0.1517422875329399,0.18263847488911755,3.0459193519982097
828,6.873867500000415,250.28051768986955,329.8477047848115,47.62017827472376,62.75920575178257,7.124933363709609,0.19026721981505337,-0.12025833076344128,0.015838612250185236,7.124496071008416,0.04708890811574748,-0.23892699842702833,0.2435230499252227,4.695602197783936
829,6.885598099999697,250.27715304307287,329.85897514639817,47.6195380927321,62.76135013214797,7.125000024182352,0.19026721981505337,-0.12089851275510455,0.013694231884784358,7.124912565642113,-0.0313245496563727,-0.24400473369506676,0.24600718988837503,3.0559711805544714
830,6.890272900000127,250.27375984890298,329.8708106811308,47.6188924791111,62.763602046436574,7.1250133562769005,0.19026721981505337,-0.12154412637610079,0.011442317596177531,7.17401869171729,-0.04633457902758606,-0.21041616305616534,0.21545731570067975,4.378273896122903
831,6.901740100000097,250.28104829962808,329.88274173278273,47.620279232367324,62.765872134463855,7.12501602269581,0.19026721981505337,-0.12015737311988062,0.00917222956889674,7.212758831727248,-0.0449794812771821,-0.20181274441544642,0.2067644494212162,4.932182612089874
832,6.906620199999452,250.27896797700663,329.8839163291918,47.61988341516582,62.76609562165701,7.370130691721779,0.19026721981505337,-0.12055319032138101,0.00894874237574328,7.24942562193627,-0.13284892064539486,-0.21453692474914515,0.252338914552367,6.682189454008488
833,6.917846899999859,250.2747171224255,329.8898633596417,47.619074616882834,62.76722714660687,7.318634063759395,0.19026721981505337,-0.1213619886043702,0.00781721742588104,7.285677742185107,-0.14054194716707258,-0.1321399685026879,0.19290673961633265,5.142711249536035
834,6.921963799999503,250.26402992757903,329.89519533209796,47.61704119403178,62.768241646182254,7.308333975227466,0.19026721981505337,-0.12339541145542654,0.006802717850497686,7.3218469284419045,-0.26531273915705195,-0.1273350103328225,0.2942873670674259,5.897095986613781
835,6.933845100000326,250.2530039418557,329.89954956544636,47.61494331038248,62.76907011405588,7.30627395752108,0.19026721981505337,-0.12549329510472518,0.005974249976873125,7.355198243110257,-0.32086086919057943,-0.06636908855510995,0.32765309901383527,5.662816452644504
836,6.937589600000138,250.2431063321436,329.90297271851,47.613060119699746,62.7697214278723,7.305861953979803,0.19026721981505337,-0.1273764857874582,0.005322936160453651,7.381972418397444,-0.663141265805971,0.07245335317586524,0.6670875705641442,9.854299014889516
837,6.950023900000815,250.21965490945192,329.8860443881236,47.60859808270349,62.766500521513564,7.536887265063539,0.19026721981505337,-0.13183852278371688,0.00854384251918816,7.460832426184373,-0.569058825030654,0.16462055905851677,0.5923916566006033,9.402631398016755
838,6.953715100000409,250.18505593927705,329.87453386314417,47.60201503283985,62.764310445927116,7.452504940195325,0.19026721981505337,-0.13842157264735278,0.010733918105636064,7.550109676765196,-0.6926839092596299,0.31282476679520543,0.7600462702149638,10.215197007047086
839,6.966017799999463,250.18353586592278,329.86066990377435,47.60172581270882,62.761672588922195,7.702634014162113,0.19026721981505337,-0.13871079277838305,0.013371775110556428,7.630411873707533,-0.6672191285904557,0.363229554608879,0.7596822196802896,9.826627321386097
840,6.9707173999995575,250.16390688518186,329.84408898473265,47.597991061115444,62.758517783554154,7.752660210425196,0.19026721981505337,-0.1424455443717605,0.016526580478597452,7.662697517563773,-0.6398658674939479,0.304761224467532,0.7087367157998321,11.9779518541149
841,6.982212200000504,250.1412155213443,329.8393715503824,47.593673638404255,62.75762021043567,7.707372938691485,0.19026721981505337,-0.14676296708294956,0.017424153597083603,7.722555754123107,-0.34546470519245476,0.19868131142128245,0.39852242853042824,7.194366765103209
842,6.9863272000002326,250.13641243136146,329.8400919110331,47.5927597678267,62.75775727145394,7.698315484344743,0.19026721981505337,-0.1476768376605051,0.01728709257881178,7.792917141425208,-0.5837320011670851,0.3834837559034687,0.6984288369106484,6.517765035220738
843,6.997548100000131,250.11804552117044,329.83638100998485,47.58926514688806,62.75705120862848,7.751796122991996,0.19026721981505337,-0.15117145859914416,0.0179931554042696,7.795930916688362,-0.4955160401689377,0.2594312959608269,0.5593216814934125,5.930096943164722
844,7.0012569000009535,250.0943650485055,329.8141901621642,47.584759529190194,62.75282901770831,8.054440950672618,0.19026721981505337,-0.15567707629701033,0.022215346324443885,7.807592097644314,-0.5766535264143904,0.22271408179580346,0.6181673331358588,8.041762724303325
845,7.013407800001005,250.07178233268303,329.8109312685684,47.58046277863478,62.75220895708417,7.767729086740969,0.19026721981505337,-0.159973826852422,0.022835406948580328,7.8553637271774335,-0.5915246178491194,0.2330695800784417,0.6357851859547279,4.798329019193991
846,7.017717400000038,250.0540860250653,329.81332089087255,47.57709575138336,62.75266362387638,7.765678843471242,0.19026721981505337,-0.16334085410384347,0.022380740156371814,7.92330779307429,-0.522430123463095,0.22949133590569998,0.5706132728542577,5.911825923774312
848,7.033131399999547,250.03007085965984,329.81182460585046,47.57252645262827,62.752378929885175,7.937173632010335,0.19026721981505337,-0.16791015285893707,0.02266543414757649,7.936896606253662,-0.2496606305953692,-0.06373186516713168,0.25766680249298485,8.515539178448156
849,7.0454969000002166,250.0322827295634,329.80889792392355,47.57294729896542,62.751822078251664,8.091516452476286,0.19026721981505337,-0.16748930652178728,0.023222285781088203,8.00906253478309,-0.15849316840288297,-0.06646434275375387,0.1718650438223931,9.579380865068991
850,7.050002500000119,250.03581116090646,329.8166577695551,47.57361864378736,62.75329852250617,8.122385016569476,0.19026721981505337,-0.16681796169984153,0.02174584152658099,8.081885460479212,-0.014577401872019643,-0.03168419355394939,0.03487676542488552,7.490583079461382
851,7.061102100000426,250.04177444550004,329.81447785791613,47.57475326136795,62.752883756779184,8.128558729388114,0.19026721981505337,-0.16568334411925179,0.022160607253567832,8.184564958306781,-0.0649904553632544,0.05198189852759201,0.08322185447859255,11.91340532216664
852,7.077006999999867,250.03661624931448,329.8087601505142,47.57377182572046,62.7517958644881,8.129793471951842,0.19026721981505337,-0.16666477976674088,0.023248499544649803,8.269206998009013,-0.06414915693993341,0.05996718253336428,0.08781330945303244,11.983013445257468
853,7.080530900000667,250.02645752912548,329.80067026223793,47.571838954273225,62.75025662393716,8.450571121148181,0.19026721981505337,-0.16859765121397885,0.02478774009559004,8.35024154608618,-0.15923983031971217,0.18838127942942573,0.2466674481963887,12.92396110631773
854,7.093517900000734,250.02906769038685,329.7948712398759,47.572335582399695,62.749153260074685,8.51472665098745,0.19026721981505337,-0.16810102308750885,0.025891103958066708,8.43055459583833,-0.23060749532138866,0.2030056271030297,0.30723134855333145,11.346526362740876
855,7.097359700001107,250.02247612059477,329.7885234129963,47.57108142274114,62.74794547670245,8.527557756955304,0.19026721981505337,-0.16935518274606665,0.027098887330303967,8.51072334592548,-0.251550521338007,0.2296993655274335,0.3406456565246776,10.446804859315092
856,7.109118399999716,250.0067405511448,329.78169506223344,47.568087459689686,62.74664626538687,8.530123978148874,0.19026721981505337,-0.1723491457975186,0.028398098645880054,8.526757095942909,-0.14493604741290797,0.1263102330983337,0.1922517433601893,5.857716296072236
857,7.113014099999418,250.00333308700493,329.7775618270818,47.567439130961176,62.74585984622573,8.530637222387588,0.19026721981505337,-0.17299747452602787,0.02918451780702469,8.529963845946396,-0.1400568426296191,0.11863637666031177,0.18354974539471652,4.627234519662546
858,7.1257753999998386,250.00229811550122,329.78293720970015,47.56724220981057,62.74688260533196,8.530739871235332,0.19026721981505337,-0.17319439567663153,0.028161758700790074,8.530605195947093,-0.06802186149108601,0.06231068648827848,0.09224746766905323,0.4541553477995338
859,7.129821500000617,250.00363010138506,329.78194646062815,47.56749564306153,62.7466940982605,8.53076040100488,0.19026721981505337,-0.17294096242567747,0.028350265772253636,8.530733465947232,0.08052345137402062,0.04665426955098797,0.09306259768844036,0.8306454157481116
860,7.142030900000464,250.00579415254353,329.7798448304891,47.56790739105899,62.74629422693686,8.53076450695879,0.19026721981505337,-0.17252921442821645,0.028750137095890693,8.53075911994726,0.1235589055346401,-0.0024446226274255113,0.12358308669356272,0.9398277755088277
861,7.146216499999355,250.01653185112417,329.77913631748555,47.56995042311514,62.746159420137474,8.53076532814957,0.19026721981505337,-0.17048618237206625,0.02888494389527807,8.544345641128125,0.14566205916508268,0.02404002248950224,0.14763251051684997,1.7867003900615157
862,7.158121500000561,250.01958248670684,329.7818659885511,47.57053085906612,62.74667878706212,8.530765492387728,0.19026721981505337,-0.1699057464210867,0.02836557697062858,8.560644335745156,0.13834103617490015,0.020024671882126553,0.13978279498540536,2.4045789306908403
863,7.162052100000437,250.02154677524118,329.78078601618074,47.57090459878446,62.74647330372174,8.598672477139655,0.19026721981505337,-0.16953200670274526,0.028571060311008978,8.577485465049424,0.14507589315609232,0.027021408030282114,0.1475709025078349,3.3794882559510007
864,7.1741734000006545,250.02320514473803,329.7790969557053,47.57122013213805,62.746151930880984,8.61225387409004,0.19026721981505337,-0.16921647334915235,0.028892433151767705,8.615317191886838,0.03489476872066454,0.050854330705590436,0.06167501792121529,3.1712772050286984
865,7.17850990000079,250.02474125810835,329.7775531695904,47.57151240415835,62.74585819898891,8.614970153480119,0.19026721981505337,-0.16892420132885633,0.029186165043839196,8.63646477504729,0.04885334396342263,0.025393881720115412,0.055059045080928286,6.105866289362099
866,7.189898599999651,250.02098252522046,329.76849260147964,47.57079724050174,62.744134269884526,8.71992396233665,0.19026721981505337,-0.16963936498546417,0.030910094148225653,8.661576402275085,0.01608144335733875,0.017443419251993154,0.023725212236270932,6.425848552330328
867,7.193772099999478,250.02339596089496,329.771972393534,47.57125643819773,62.744796360244244,8.636503408189986,0.19026721981505337,-0.1691801672894755,0.03024800378850756,8.723715121763611,-0.10264713170581247,0.005053928041215749,0.10277147384403999,8.237289367119795
868,7.205590200001097,250.01912413670811,329.7711943923288,47.57044365008616,62.744648332117926,8.724230613278623,0.19026721981505337,-0.16999295540104242,0.030396031914825983,8.793259107116395,-0.15751430059036672,-0.012231689018825938,0.15798850941358258,8.727047316374755
869,7.209707600000911,250.00684097070047,329.77196119573847,47.56810656623936,62.74479422967082,8.922947471532678,0.19026721981505337,-0.1723300392478464,0.03025013436192836,8.843402035046326,-0.2694342599359869,-0.09959994437301181,0.287254189432217,11.173428779605166
870,7.2214433000008285,249.99407703344662,329.7731142003018,47.56567800738417,62.74501360864352,8.962690080244036,0.19026721981505337,-0.17475859810303263,0.030030755389233832,8.929371172390125,-0.3312545379846952,-0.06424541258145271,0.337427091344508,8.130319954206163
871,7.225144100000762,249.98197110162337,329.7786667336692,47.5633746453929,62.746070073730266,8.970638601986307,0.19026721981505337,-0.17706196009430641,0.028974290302485883,8.98279913071826,-0.4301625944996723,-0.12597600637231685,0.4482296419116071,7.092701073495869
872,7.238073200000144,249.96902259107966,329.7782695886907,47.560910968291,62.74599451005935,9.06634909490898,0.19026721981505337,-0.17952563719620684,0.029049853973404538,8.993484569795996,-0.33368404469951984,-0.10914071727983563,0.35107938967616453,4.663932788934585
873,7.24114180000106,249.95993753253555,329.7830454855516,47.55918237945995,62.746903206677196,8.991370404919296,0.19026721981505337,-0.1812542260272565,0.02814115735555589,8.995621657611544,-0.34066365930711046,-0.1428381358435598,0.36939743072167447,3.771802272033793
874,7.253545999999915,249.95438181355382,329.7798678167004,47.55812530825523,62.74629860045938,8.976374666921359,0.19026721981505337,-0.18231129723197625,0.028745763573368777,8.996049075174653,-0.2275232856714709,-0.08865431029879098,0.24418524168609385,1.5854815320995757
875,7.25760099999934,249.9492277776072,329.7838570298587,47.55714466416484,62.74705761695626,8.973375519321772,0.19026721981505337,-0.18329194132236637,0.02798674707648985,9.007665778169695,-0.202532324654999,-0.048408957528581285,0.2082372918071158,3.3800792959055164
876,7.269145800000842,249.94578777936275,329.7847398922303,47.55649014526269,62.74722559672518,8.972775689801855,0.19026721981505337,-0.18394646022451155,0.027818767307572045,9.048133344842924,-0.09091697184035887,0.038825246384857424,0.09885997939239868,3.9327722398946863
877,7.273864200000389,249.94416102565123,329.7796047728623,47.55618062735668,62.746248551839614,9.124432609884199,0.19026721981505337,-0.18425597813052264,0.028795812193138204,9.094371084251788,-0.04999193734886352,0.10249197705224844,0.11403420171146601,6.170154528678027
878,7.2853104999994684,249.94384588995774,329.771179879739,47.55612066736442,62.74464557084781,9.193708238285435,0.19026721981505337,-0.18431593812278635,0.03039879318494343,9.133974161918719,-0.01393856745213882,0.11594107019395741,0.11677591969382208,6.509258622459722
879,7.289415600000211,249.94642213533123,329.7632600578254,47.55661084240919,62.743138688350875,9.207563363965681,0.19026721981505337,-0.18382576307801202,0.031905675681876744,9.180039003526321,-0.0073874906386613755,0.09665489324825866,0.09693680109622241,6.4895374774558805
880,7.301960599999802,249.94236267494608,329.7711677976595,47.555838460167756,62.74464327202413,9.171390907656418,0.19026721981505337,-0.1845981453194483,0.030401092008624175,9.237248035080265,-0.005399586125758211,-0.018506710445917868,0.019278326220357567,6.569280339468111
881,7.3171218000006775,249.94045517068963,329.7800111876961,47.555475524636094,62.74632587926014,9.203099897839877,0.19026721981505337,-0.18496108085111018,0.028718484772610964,9.288897055746522,-0.007657824876759024,-0.07693202750535774,0.07731221855520787,6.931663011368629
882,7.322077299999364,249.93900554682278,329.78961491850606,47.55519970873318,62.748153154421196,9.410477767653912,0.19026721981505337,-0.1852368967540272,0.026891209611555666,9.339434074235243,-0.03652499091136187,-0.2215963387952005,0.22458631376046123,7.2168739474474215
883,7.333098799999789,249.93804804808263,329.7984245426148,47.55501752810991,62.74982933710798,9.45195334161672,0.19026721981505337,-0.18541907737729701,0.02521502692476929,9.397537388577518,-0.024777946835046735,-0.21798902461021527,0.21939271068080962,7.075927693671886
884,7.337196700000277,249.9375111270109,329.8060972245209,47.55491536963033,62.75128919696278,9.460248456409282,0.19026721981505337,-0.18552123585687497,0.023755167069971606,9.449365265801442,-0.04084842726637948,-0.37780708711710487,0.38000893290296267,8.692134311413767
885,7.349283100000321,249.93733112037577,329.8125701435326,47.55488112026832,62.75252078126722,9.461907479367794,0.19026721981505337,-0.18555548521888454,0.02252358276552968,9.495965277281382,-0.023500372694876093,-0.2829568812623607,0.2839310905316988,7.505608038414032
886,7.35324860000037,249.93515751764278,329.83153761644957,47.55446755491933,62.756129669606054,9.462239283959496,0.19026721981505337,-0.18596905056787705,0.01891469442669802,9.541519715612527,0.0040262024101967095,-0.15588815842138898,0.15594014313787177,9.104807598569653
887,7.365334300000541,249.93713181715484,329.82483539288194,47.55484319939857,62.75485445616126,9.643477825053619,0.19026721981505337,-0.1855934060886355,0.02018990787149022,9.593071704352974,0.019329836279170703,-0.0849924752893287,0.0871628557723225,7.4907986699255895
888,7.369310199999745,249.9396624403727,329.81473698542754,47.55532469404263,62.752933060250356,9.679725533272443,0.19026721981505337,-0.18511191144457229,0.022111303782395453,9.645823203175285,0.026474412944249456,-0.08125952640725441,0.08546347273937516,7.531019631677688
889,7.380886999999348,249.94280135228067,329.8148445246772,47.55592192608461,62.75295352144441,9.71800840011152,0.19026721981505337,-0.18451467940259647,0.02209084258834082,9.698814604013963,0.0478653263911054,0.09480295600776968,0.1062011767276529,5.422702912489614
890,7.38502950000111,249.94351741570688,329.81665668780994,47.55605816948192,62.75329831668553,9.725664973479336,0.19026721981505337,-0.18437843600528225,0.02174604734722152,9.71561939663287,-0.057372667278043576,0.17725494368633332,0.18630871695077045,5.050688409780799
891,7.3969990000005055,249.94368498747164,329.8185287959759,47.556090052895726,62.75365451750146,9.7271962881529,0.19026721981505337,-0.18434655259147803,0.021389846531292278,9.72694382820935,-0.14074198989377543,0.11821511815378125,0.1838018549399653,2.535367555635321
892,7.40158750000046,249.9317449163015,329.80604211110335,47.553818248749785,62.75127871068605,9.727501788148158,0.19026721981505337,-0.18661835673741933,0.023765653346700333,9.737981297532459,-0.1466010822156456,0.116797185388548,0.1874392163382181,1.8050142571276446
894,7.41747260000011,249.90705378993488,329.7903411634381,47.549120336781904,62.74829133502532,9.736347691154833,0.19026721981505337,-0.19131626870530027,0.026753029007430484,9.748961221817002,-0.21694878090870356,0.214571581165658,0.3051356042511316,1.473266763975811
895,7.429322500000126,249.9084422194564,329.7908927859767,47.54938450940687,62.74839629071213,9.773195746727062,0.19026721981505337,-0.1910520960803339,0.026648073320622245,9.759929637093833,-0.2238972534523737,0.21538131521299606,0.3106752179469686,1.7496425998404186
896,7.433895699999994,249.90077846257896,329.78114299629885,47.54792634769247,62.746541225336344,9.780564594902053,0.19026721981505337,-0.19251025779473707,0.02850313869640786,9.770895903157012,-0.1755535302773254,0.10727443890102757,0.2057348955193603,2.1906446532182793
897,7.4466850999997405,249.89862219743185,329.7828711982935,47.54751608111774,62.74687004552514,9.782038364537051,0.19026721981505337,-0.1929205243694625,0.02817431850760954,9.800669453701882,-0.1284164948779239,0.09063641440281281,0.15718064694016964,2.286026130008289
898,7.4508709000001545,249.89304773075446,329.7833719133429,47.546455442841086,62.746965315185506,9.782333118464052,0.19026721981505337,-0.19398116264611787,0.028079048847246213,9.819967974846012,-0.15039421067515674,0.09348187612255505,0.17707986833063818,2.7717734795721567
900,7.465598599999794,249.88839891060135,329.7752543084267,47.54557092475513,62.74542080106655,9.885215443879188,0.19026721981505337,-0.19486568073207167,0.029623562966200723,9.837171642697886,-0.11326046103116347,0.008124719782853809,0.11355149978992612,3.766663044945693
901,7.477383999999802,249.88297314073628,329.77492167036837,47.54453857860755,62.74535751094799,9.869688352447714,0.19026721981505337,-0.19589802687965374,0.02968685308476182,9.876703990037791,-0.1060521581973638,0.031019451235788087,0.1104955501967754,4.108616073004466
902,7.481578099999751,249.88003741360205,329.77538782726003,47.54398000596758,62.74544620532376,9.866582934161418,0.19026721981505337,-0.19645659951962102,0.029598158708992628,9.907624528109288,-0.07075072455962958,0.2053290517592463,0.21717662056967324,4.828854020090729
903,7.493593700000929,249.880287673713,329.76978232058457,47.54402762226312,62.74437966115297,9.979700101236581,0.19026721981505337,-0.19640898322408162,0.030664702879782624,9.956140536725375,-0.04980101835506405,0.216442997124886,0.22209842960634557,5.375260168215229
904,7.497545500000342,249.8786908454302,329.7521532217477,47.54372379818523,62.74102542152943,9.936935808821536,0.19026721981505337,-0.19671280730197083,0.034018942503323046,9.988591388595076,0.0051794210030981155,0.36578715859689437,0.3658238261736336,5.910423464803077
905,7.509829300001002,249.88157609270522,329.7417950193041,47.54427276616273,62.739054595148204,10.12779548695962,0.19026721981505337,-0.1961638393244769,0.03598976888454786,10.036500016000268,0.045120924969778244,0.4007415270952072,0.4032736904494602,5.627040774210186
906,7.514514500000587,249.8861883957349,329.723275292912,47.545150336237135,62.73553089829584,10.031942611796222,0.19026721981505337,-0.19528626925006876,0.039513465736909836,10.06475254836607,0.04881734768557298,0.3753257902485767,0.3784872286627023,5.246286055033937
907,7.525634800000262,249.8900766094318,329.7142966064311,47.54589013584729,62.733822548581536,10.10612607118737,0.19026721981505337,-0.19454646963991706,0.04122181545121606,10.130979226714231,0.0447468432784331,0.3326303650376584,0.3356266373940998,6.615106767369889
908,7.541538900000887,249.89195274610796,329.7174993225062,47.54624710315665,62.734431920465006,10.120962763065599,0.19026721981505337,-0.194189502330552,0.040612443567745515,10.164918226934644,0.024389178406761025,0.31995121354981937,0.32087943386162804,6.463386897633961
909,7.54514460000064,249.89011007373404,329.7054597305289,47.545896503007036,62.73214118077177,10.26806920056234,0.19026721981505337,-0.1945401024801683,0.0429031832609823,10.219204806275602,-0.04795029747127256,0.20733903562533695,0.21281143465901514,7.026810017859359
910,7.557776999999987,249.88631917492765,329.6990166049955,47.54517521923054,62.730915265189616,10.297490488061689,0.19026721981505337,-0.19526138625666078,0.044129098843136205,10.258890094555902,-0.024348433175589816,0.17684280956898202,0.17851113549119954,5.960496995550328
911,7.561932500000694,249.88251042727683,329.69488812341683,47.544450539404046,62.73012975047758,10.30337550850101,0.19026721981505337,-0.19598606608315805,0.044914613555171456,10.295654972036182,0.034162233223763945,0.18558629031501062,0.1887043437012573,5.610139601230119
912,7.57371779999994,249.89394074768836,329.6948173067331,47.54662535469034,62.73011627638405,10.304552512588874,0.19026721981505337,-0.19381125079686257,0.04492808764869949,10.303007947532237,0.044635461315605474,0.061910478535938986,0.07632320590361673,2.6039377400363266
913,7.577565999999933,249.90031166397287,329.6947080498278,47.54783753121947,62.730095488376435,10.304787150466995,0.19026721981505337,-0.19259907426773282,0.044948875656317,10.304478695219338,0.08020559589742285,0.03823384217503688,0.08885248618202149,1.9783156452944017
914,7.589447100001053,249.897509861794,329.69365076733976,47.54730444010843,62.729894322176875,10.304834078042619,0.19026721981505337,-0.19313216537877764,0.045150041855876566,10.304772844756759,0.12695016636280865,-0.0030447397174714593,0.1269866732357846,0.20906004321067959
915,7.593825199999628,249.90028841515553,329.69414175677633,47.547833107731634,62.72998774137193,10.304844226497195,0.19026721981505337,-0.19260349775557017,0.04505662266082311,10.304831674664243,0.19168128998644318,-0.028677681836337784,0.19381467015263099,0.08440239032680376
916,7.605704600000536,249.90399284963848,329.69522580784644,47.54853794018169,62.730194000755176,10.30484625618811,0.19026721981505337,-0.1918986653055157,0.04485036327757541,10.304843593233631,0.14036584133725194,-0.03473018740693894,0.14459860072502667,0.007972140999151606
917,7.609779000000344,249.9148753181225,329.69794585625846,47.55060851720487,62.73071153680429,10.304846662126295,0.19026721981505337,-0.18982808828233289,0.04433282722845888,10.304846129535397,0.23714924494246958,-0.06453846970536278,0.24577424285041236,0.0030256666502662954
918,7.622515799999746,249.9187861207904,329.699610060256,47.551352614755736,62.73102818027211,10.30484674331393,0.19026721981505337,-0.18908399073146853,0.04401618376063965,10.304846636795752,0.23273139142073002,-0.11299282869701702,0.25871080358110765,0.0003385221929148104
919,7.626510300000518,249.92800356755112,329.70238359416555,47.55310639272469,62.73155589285815,10.304846759551458,0.19026721981505337,-0.18733021276251094,0.04348847117460508,10.304846738247821,0.22456782666137098,-0.1361427611290456,0.26261294747070624,0.0001312745938493754
920,7.639252200000556,249.9346109077569,329.7200371216859,47.55436355297602,62.73491478045937,10.304846762798963,0.19026721981505337,-0.18607305251118333,0.04012958357338192,10.304846758538236,0.11791267630785826,-0.10891288200457826,0.16051608984966256,6.138021390591736e-06
921,7.643761200000881,249.9350496690779,329.72319165346835,47.55444703487273,62.735514984451434,10.304846763448465,0.19026721981505337,-0.18598957061447408,0.039529379581317414,10.304846610008429,0.13392053595261053,-0.2416055127473048,0.2762389069984938,-2.116584571915275e-06
922,7.653085500000088,249.9338204006679,329.7227443244999,47.55421314538995,62.73542987241226,10.304846763578364,0.19026721981505337,-0.18622346009725277,0.039614491620490355,10.304846580302469,0.018349527998196186,-0.2126392757736643,0.21342953586442773,-7.216166251872606e-06
923,7.657192300001043,249.9368089820029,329.7376013643281,47.554781774451754,62.73825668007506,10.304846000664893,0.19026721981505337,-0.18565483103544977,0.03678768395769083,10.304846574361276,-0.042893012509890735,-0.19998334027810855,0.20453153035892388,-7.546077734779887e-06
924,7.669078400000217,249.92813763978785,329.7368066521172,47.55313190227643,62.738105472392135,10.30484661102165,0.19026721981505337,-0.18730470321077775,0.03693889164061659,10.304846573173037,-0.052573553083974434,-0.16562207991317052,0.1737660836833187,-9.58710073368322e-07
925,7.673237400000289,249.9236008772321,329.7411856107832,47.552268705077985,62.7389386446832,10.304846733093003,0.19026721981505337,-0.18816790040921916,0.03610571934954976,10.30484657293539,-0.06572987723261782,-0.19218755187751263,0.20311689210325817,-3.2189486571997954e-07
926,7.685411599999497,249.92168848835098,329.7387097938091,47.55190484016237,62.73846757787077,10.304846757507272,0.19026721981505337,-0.18853176532483218,0.036576786161980124,10.304846572887861,-0.09736522562580749,-0.04346212661412086,0.1066252484685793,-3.259616298038554e-08
927,7.690726099999665,249.9191504546073,329.7421649362452,47.55142193553816,62.739124978216154,10.304846762390127,0.19026721981505337,-0.1890146699490458,0.03591938581659804,10.304846572878354,-0.10147921378079408,-0.14467104480476226,0.17671372904918745,-1.2621329174038859e-08
928,7.701377200000934,249.91804673840767,329.73906906609255,47.5512119345254,62.7385359356093,10.304846000427245,0.19026721981505337,-0.1892246709618064,0.0365084284234527,10.304846572876453,-0.06261046933317183,-0.0965060791770399,0.11503692532506744,-1.194468897818603e-09
929,7.7053954000002705,249.9146809045726,329.7494874203317,47.550571526679235,62.740518206905435,10.30484661097412,0.19026721981505337,-0.1898650788079692,0.03452615712731699,10.304846572876073,-0.1342006955881997,-0.1656999085543204,0.21322824951508368,6.078905633866019e-06
930,7.717354399999749,249.91385089020565,329.7469421675829,47.55041360215323,62.74003392874119,10.304846733083496,0.19026721981505337,-0.1900230033339767,0.03501043529156078,10.304846572875997,-0.1038537627174224,-0.18307375560977845,0.2104794622371398,3.86676243298169e-06
931,7.722374299999501,249.90361836219984,329.7550491405285,47.548466687497886,62.741576419944664,10.304846757505372,0.19026721981505337,-0.19196991798931862,0.03346794408808762,10.304846725463872,0.02540764741522976,-0.24132883000699443,0.24266263152723258,2.8016121772437786e-06
932,7.733408899999631,249.90714848703433,329.7672611254642,47.54913835453574,62.7438999603668,10.304846762389747,0.19026721981505337,-0.19129825095146202,0.031144403665955167,10.304846603393555,0.05759909588213693,-0.16816224919976902,0.17775319378949234,1.9781970913908944e-07
933,7.737992899999881,249.92224458025467,329.7729462628114,47.55201064622285,62.74498165564412,10.304846763366621,0.19026721981505337,-0.18842595926435735,0.030062708388634007,10.304846578979493,0.038049074194305185,-0.17340987899280408,0.17753511815790896,-2.098998377516687e-06
934,7.750088299999334,249.92234505009296,329.7810508967575,47.55202976233965,62.74652370181266,10.304846000622543,0.19026721981505337,-0.18840684314755407,0.028520662220088866,10.304846421508792,0.10112395083976507,-0.03637359886834683,0.10746670241557905,1.2484378201377213
935,7.766117600000143,249.9129974563709,329.77984982135735,47.550251221670194,62.74629517653549,10.304846611013181,0.19026721981505337,-0.19018538381700978,0.02874918749726163,10.304846237426759,0.08429557485077478,0.017523317413117332,0.08609768052963701,1.3616190527174714
936,7.770901300000332,249.91117554207125,329.77034850270263,47.54990457110166,62.74448738705048,10.304845970151856,0.19026721981505337,-0.19053203438554078,0.03055697698227533,10.334707193041995,0.08278917026303648,0.13221859987307272,0.15599937456681595,2.8260786955425665
937,7.78145510000104,249.90988464479517,329.7670805338788,47.549658955665876,62.74386559970793,10.304845841979592,0.19026721981505337,-0.19077764982132805,0.031178764324820918,10.340679536752932,0.10488126681912312,0.1363898682010714,0.1720531205107589,3.4272972322246864
938,7.785696299999472,249.92368392975348,329.7595573038799,47.55228450725033,62.742434175652,10.454151541442794,0.19026721981505337,-0.18815209823687695,0.032610188380751026,10.37173484533887,0.058979471632967254,0.07449327113475979,0.09501486998602285,3.7811205604260767
939,7.7976959999996325,249.93075008400086,329.76628245341135,47.553628964773765,62.74371375115619,10.334707719177231,0.19026721981505337,-0.18680764071343958,0.031330612876558916,10.407806899487696,0.08016919828984743,-0.02517142165952884,0.08402797642927429,2.069232571566792
940,7.801773999999568,249.9234529018596,329.7726100420638,47.55224055021526,62.744917683857224,10.460123153942869,0.19026721981505337,-0.18819605527194483,0.030126680175527554,10.415021310317462,0.04714499651071169,-0.10971100023625521,0.1194117007199655,4.605502747171926
941,7.814038000000437,249.9256111502696,329.78037174879717,47.5526511941399,62.746394482218406,10.485206240895996,0.19026721981505337,-0.1877854113473063,0.02864988181434569,10.386603047463883,-0.09047453574919098,-0.19445080310352789,0.2144685441892088,3.2925914504651503
942,7.817411199999697,249.92227116525294,329.78682114764854,47.55201570447655,62.74762159140734,10.340917896128419,0.19026721981505337,-0.18842090101065168,0.027422772625413927,10.43128865758848,-0.1660629234675203,-0.15271566795247443,0.22560800027647496,1.3841080893065385
943,7.829205699999875,249.91799149736792,329.7921642712871,47.55120142396634,62.748638212687176,10.312060227174904,0.19026721981505337,-0.18923518152086416,0.02640615134557578,10.4402257796134,-0.10525886146783661,-0.039838139320323984,0.11254556971294233,1.806032634589235
944,7.8335007000005135,249.9119891768322,329.7898608310054,47.55005937912557,62.748199943508766,10.558135769800215,0.19026721981505337,-0.19037722636163323,0.026844420523985946,10.412152211586744,-0.1382408946881937,-0.025317920621474956,0.1405401795529932,2.719168931986905
945,7.845039199999519,249.90977906300688,329.77353790062244,47.54963886691255,62.745094224925566,10.504808764067466,0.19026721981505337,-0.190797738574652,0.02995013910718569,10.456906913264616,-0.1142397052704166,0.05346629787720417,0.12613229272856963,0.09884671932700853
946,7.849020100000416,249.90702926892556,329.7745383447845,47.54911567123764,62.74528457665486,10.344838400762713,0.19026721981505337,-0.19132093424956764,0.0297597873778912,10.465857853600191,-0.12433432970787,0.027735246120241905,0.12739022498314273,1.061841713273225
947,7.861312400000315,249.90261104647942,329.77259119020005,47.548275028336285,62.74491409696552,10.564691404517777,0.19026721981505337,-0.19216157715091953,0.030130267067228544,10.467648041667307,-0.08195651415637661,0.012045081929898182,0.08283691333796982,3.266946264357219
948,7.8650567999993655,249.90025908486206,329.77681936737423,47.54782752713824,62.745718580481345,10.356814928852776,0.19026721981505337,-0.19260907834896557,0.029325783551406914,10.48851450213229,-0.09839228740778562,0.0389406558467256,0.10581784773425235,3.0904393976656244
949,7.877206600000136,249.89681007150847,329.77531293510526,47.54717129295634,62.745431955801685,10.56708671013579,0.19026721981505337,-0.19326531253086188,0.029612408231066922,10.54305720950849,-0.08014661407132169,0.05870336997218859,0.0993456863340781,2.676142499500032
950,7.880847399999766,249.89454019487908,329.76758922010447,47.54673940984075,62.74396238602184,10.609141066392393,0.19026721981505337,-0.1936971956464575,0.03108197801090995,10.553965750983732,-0.08892144236106601,0.0717903543262893,0.11428419788346308,2.6695251717277197
951,7.893175200000769,249.89193567738187,329.76428500033865,47.5462438555376,62.74333370131334,10.617551937643713,0.19026721981505337,-0.19419274994960745,0.03171066271941214,10.55614761186667,-0.08804073087176309,0.10242453600595296,0.1350627849130506,1.2181364335271212
952,7.897052399999666,249.88964804288062,329.76233742440104,47.54580859368109,62.74296314145431,10.619234111893977,0.19026721981505337,-0.19462801180611677,0.032081222578440816,10.556583984043256,-0.15391256636171025,0.11219353338294132,0.19046382075606125,-2.7464750176220036
953,7.90917730000001,249.88231267600335,329.76626794985026,47.54441291381903,62.74371099160395,10.367724233267467,0.19026721981505337,-0.19602369166817368,0.031333372428804296,10.53616283562701,-0.1330506872036754,0.018233191796209823,0.13429420928859012,-3.379430016294749
954,7.912728499999503,249.8751573315985,329.764915986486,47.543051486332295,62.743453757293345,10.569268571018728,0.19026721981505337,-0.19738511915490875,0.031590606739406724,10.481709190660558,-0.177102675570244,-0.04279520594499861,0.1821998555049206,-0.6461416744371782
955,7.925249800000529,249.87421535829026,329.76927007328163,47.5428722596898,62.74428219728278,10.507035324311168,0.19026721981505337,-0.197564345797403,0.03076216674997312,10.479598331831912,-0.1496969004825652,-0.05470929399005008,0.15938089240237288,-0.5437094181052262
956,7.928857799999605,249.86927634323467,329.77408936890635,47.541932527026546,62.74519915126276,10.345283712811455,0.19026721981505337,-0.1985040784606582,0.029845212769991747,10.529545422761494,-0.12082087903256515,-0.036069527016888356,0.12609002969871877,0.13176615446227755
958,7.944848299999649,249.87135781710646,329.7710635384375,47.54232856327325,62.744623434911816,10.60867981775074,0.19026721981505337,-0.19810804221395273,0.03042092912093608,10.539534840947413,-0.021368837711824212,-0.02847705192076301,0.03560294526092066,6.358019758439295
959,7.958140900000217,249.8734028087688,329.76886146566403,47.54271765815139,62.74420445264738,10.617459687915382,0.19026721981505337,-0.1977189473358152,0.03083991138537101,10.562041147436158,-0.028086579110401064,-0.006785496747208563,0.02889461701132575,6.42754909025416
960,7.961614300000292,249.87548189726056,329.7668461037207,47.54311324053847,62.7438209953335,10.61921566194831,0.19026721981505337,-0.19732336494873692,0.031223368699251353,10.61691182401711,0.026903846633936496,0.04782045394601209,0.05486905119741947,3.66424289079929
961,7.9738682999995945,249.87239678046748,329.76412210942624,47.54252624394344,62.7433027085123,10.619566856754897,0.19026721981505337,-0.1979103615437623,0.03174165552044883,10.619106089168657,0.04248773414997881,0.05156891187174229,0.0668173646953754,3.5436545719355053
962,7.990183899999465,249.87363966142547,329.76250269532534,47.54276272344788,62.7429945870936,10.619637095716215,0.19026721981505337,-0.19767388203932512,0.032049776939153674,10.619544942198967,0.027264372401601056,0.0513734966691605,0.05815997044763203,2.848736884088911
963,7.994216000000961,249.87581576862786,329.7613425317415,47.543176765315295,62.742773845993966,10.619651143508477,0.19026721981505337,-0.19725984017190967,0.03227051803878567,10.619632712805029,-0.034177976652445985,0.048000245999958335,0.05892501764201398,-0.5418597919835265
964,8.00571839999975,249.87298378834836,329.75949609436117,47.54263793230095,62.74242252948705,10.61965395306693,0.19026721981505337,-0.19779867318625577,0.03262183454570078,10.599141844074678,-0.027845854227898426,0.02561999964779641,0.0378388157800222,-0.5905825019644403
965,8.009264800000892,249.8693804380539,329.7577527467348,47.5419523328584,62.74209082758101,10.61965451497862,0.19026721981505337,-0.19848427262880364,0.03295353645174259,10.595043670328607,-0.005651449602652885,0.01679942093747167,0.017724543053226703,-0.6046950429029709
966,8.021962799999528,249.86829649501152,329.762398086586,47.541746094029286,62.742974683479595,10.517112513103147,0.19026721981505337,-0.19869051145791872,0.03206968055315684,10.594224035579394,-0.01671410544620083,0.007217889140867455,0.01820602220465999,-0.6095748943102408
967,8.02571700000044,249.87077209128216,329.76289566422463,47.54221711884909,62.74306935619354,10.599146226985864,0.19026721981505337,-0.1982194866381164,0.0319750078392147,10.594060108629552,0.02207820970639659,0.006929732480795977,0.023140193086813757,0.8050383682017481
968,8.038176800000656,249.87387435826975,329.76244785404447,47.542807378563936,62.742984152595554,10.615552969762408,0.19026721981505337,-0.19762922692326867,0.03206021143719795,10.594027323239585,0.05299416885779535,-0.00683731741407325,0.05343342439287712,1.1061196493240326
969,8.04205120000006,249.87687007882525,329.76185524964393,47.54337736598538,62.74287139940381,10.618834318317717,0.19026721981505337,-0.1970592395018258,0.03217296462894126,10.614529189013153,0.07282104884164779,0.012677306551090336,0.07391629898600154,1.1601450882191513
970,8.05377260000023,249.8744833278118,329.7603338075282,47.542923245505655,62.74258191884234,10.619490588028778,0.19026721981505337,-0.19751335998154929,0.032462445190411415,10.618629562167865,0.05567473481316987,0.018625397171877747,0.0587075933447027,1.171624384583824
971,8.0577616999999,249.87622123478496,329.7597474533469,47.54325391223374,62.74247035486244,10.61962184197099,0.19026721981505337,-0.19718269325346682,0.03257400917031106,10.61944963679881,0.06913731306615059,0.01880536105920449,0.0716492125746959,1.1737922699976653
972,8.069706100000985,249.8787156480517,329.7594635357,47.54372851731107,62.742416334641106,10.619648092759432,0.19026721981505337,-0.1967080881761376,0.03262802939164544,10.619613651724997,0.04668907579713651,0.013268662918556696,0.04853789462303696,0.11558080328605098
973,8.073702499999854,249.8811245296887,329.7593010035539,47.544186848523005,62.74238541010154,10.619653342917122,0.19026721981505337,-0.19624975696419966,0.03265895393121099,10.619646454710235,0.02314986858803099,0.017771642416168507,0.029184716716309986,0.04568317119396342
974,8.085291900000811,249.88324881430694,329.7592145941502,47.54459103025141,62.74236896922453,10.619654392948659,0.19026721981505337,-0.1958455752357935,0.03267539480822279,10.619653015307282,0.00927111384529634,0.01250667141336017,0.015568249155708098,0.004571578587530997
975,8.08925310000086,249.87999189107674,329.75823168808836,47.54397134452325,62.74218195442081,10.619654602954967,0.19026721981505337,-0.19646526096395434,0.03286240961194409,10.619654327426693,0.01809384588925334,0.010288247122260362,0.020814304886609798,0.0018279945935468745
976,8.101811000000453,249.88088282994693,329.75812329067446,47.54414086098511,62.74216132994623,10.619654644956228,0.19026721981505337,-0.19629574450209475,0.03288303408652382,10.619654589850574,-0.0161811313013784,0.011311476249615449,0.01974280894751459,0.00018655259137413487
977,8.1056664000007,249.88258185250626,329.75825640860614,47.544464129283874,62.742186657925,10.61965465335648,0.19026721981505337,-0.19597247620333036,0.03285770610775529,10.61965464233535,-0.06454106476327867,-0.022672093444243334,0.06840740356074211,7.342387132675956e-05
978,8.117031400000997,249.87919572557774,329.7574886016632,47.54381986032725,62.74204056943262,10.61965465503653,0.19026721981505337,-0.19661674515995742,0.03300379460013403,10.619654652832306,-0.047021822993038684,-0.031645139565963654,0.056678626445406916,0.46563145512974785
979,8.121776899999531,249.8740347712382,329.7616911811775,47.54283789989347,62.742840182552854,10.61965465537254,0.19026721981505337,-0.19759870559373383,0.0322041814798979,10.619654654931697,-0.03524072875869042,-0.030675553260217443,0.046721499668397067,0.7063338404355409
980,8.133092000000033,249.86994073016308,329.7615516405092,47.542058938080295,62.74281363253784,10.619654655439742,0.19026721981505337,-0.1983776674069091,0.032230731494912845,10.645997581376964,-0.04580848322960591,-0.017392502204678195,0.04899914559190621,0.7245878911022067
981,8.137469600000259,249.87160658146655,329.7614023144242,47.54237589497643,62.7427852206788,10.619654655453182,0.19026721981505337,-0.19806071051077367,0.0322591433539543,10.65126616666602,-0.011273041108990883,-0.015218366995031825,0.018938852917758046,0.7339000685218688
982,8.149012899999434,249.8734878880424,329.7577715380787,47.54273384594824,62.742094402957775,10.751369285582825,0.19026721981505337,-0.19770275953896288,0.032949961074976386,10.652319883723829,0.0388855706041881,0.0178252890906798,0.042776495092277086,1.1838654411345924
983,8.15353900000082,249.87624703304576,329.75720716674624,47.54325882079709,62.7419870215934,10.645997581481799,0.19026721981505337,-0.19717778469011193,0.03305734243934921,10.652530627135391,0.02937720551309575,0.022532855380112814,0.037023638061915824,-0.25271713006576024
984,8.165266600000905,249.87895097945284,329.757409396667,47.5437732931625,62.74202549931819,10.624923240661595,0.19026721981505337,-0.19666331232470213,0.03301886471456328,10.678915701843094,0.002501284755391726,0.021474224676503183,0.021619406811577726,-0.5606077967342133
985,8.169605799999772,249.87629673534173,329.7568190850066,47.54326827751477,62.74191318235974,10.620708372497553,0.19026721981505337,-0.19716832797243455,0.03313118167301354,10.657849790759244,0.009275136516937418,0.006063063089662974,0.011081014910063948,-0.6155831548670402
986,8.18214799999987,249.87221139086668,329.75674017164226,47.54249097037951,62.7418981677333,10.751580028991699,0.19026721981505337,-0.19794563510769336,0.033146196299455255,10.653636608542474,-0.02263929747621063,0.0029510600191218475,0.022830824458455645,-0.628141982859599
987,8.186737699999867,249.87377641949402,329.7571553187895,47.54278874402537,62.74197715662682,10.646039730163574,0.19026721981505337,-0.19764786146183155,0.03306720740593505,10.65279397209912,-0.05530299001281426,0.008325255311719126,0.05592611715793205,-1.0795191613074997
988,8.197119899999961,249.871398206436,329.75670978917003,47.542336248038694,62.74189238694478,10.624931670397949,0.19026721981505337,-0.19810035744851007,0.033151977087975126,10.65262544481045,-0.04435796327287519,-0.011803517221977325,0.04590154599277958,-0.10867744841404064
989,8.20189500000015,249.86840039389415,329.7561177549097,47.541765862580824,62.74177974223203,10.620710058444825,0.19026721981505337,-0.19867074290637987,0.03326462180071843,10.652591739352717,-0.03737987750007745,-0.004705461085730659,0.03767488030439011,0.013571510056028815
990,8.213459900000089,249.8646525887079,329.7606618239813,47.541052778107634,62.74264432962093,10.6198657360542,0.19026721981505337,-0.19938382737957028,0.03240003441182182,10.652584998261169,-0.01524593920224429,0.0017380538754690937,0.0153446894211829,0.05076126933703174
991,8.22952819999955,249.86236523457933,329.7575635272844,47.540617569596854,62.74205482532225,10.751411501703029,0.19026721981505337,-0.19981903589035,0.032989538710502586,10.65700899143196,0.009824702472513776,0.00711798308810039,0.01213220762746424,0.37310541717395607
992,8.232964400000128,249.86553561406475,329.75729249314924,47.54122078888731,62.742003256410875,10.64600602470584,0.19026721981505337,-0.19921581659989585,0.03304110762187662,10.657017086680666,0.05039969961887755,-0.0017559691204444942,0.050430280082754256,0.440948561903587
994,8.249476299999515,249.8726317806276,329.7542494972525,47.54257095677056,62.74142427404169,10.647051636251906,0.19026721981505337,-0.19786564871664325,0.03362008999106081,10.6833616317558,0.06836596979787331,0.021276903416878455,0.07160036623799419,1.1443838941102824
996,8.265338999999585,249.8795869792702,329.7559819174308,47.54389430307955,62.74175389681257,10.620750534688359,0.19026721981505337,-0.19654230240765713,0.03329046722018347,10.688630540770825,0.08738122142804704,0.04741677956490784,0.09941744737501788,3.7219406626358222
997,8.277735499999835,249.88142247113592,329.7533494222288,47.544243537013834,62.74125301926931,10.75158846142986,0.19026721981505337,-0.19619306847337015,0.033791344763443476,10.732223995425393,0.04385901178243405,0.06165623272143647,0.07566441665625674,4.566849322401319
998,8.281293399999413,249.88269387461992,329.7502193746002,47.54448544342,62.74065747380913,10.77775604677816,0.19026721981505337,-0.1959511620672032,0.0343868902236224,10.779057017818769,-0.00506228957136623,0.10738723092450606,0.1075064841827578,4.770045136525489
999,8.293780800000604,249.87993326479756,329.74456167958755,47.5439601898641,62.73958099990851,10.86397329797868,0.19026721981505337,-0.1964764156231027,0.035463364124240115,10.83183999853446,-0.022399233215853343,0.1256525959813026,0.12763346162154598,4.739578605303455
1000,8.297823200000494,249.8764736421271,329.73895871823674,47.54330193707699,62.73851494002956,10.881216748218783,0.19026721981505337,-0.19713466841021443,0.03652942400319148,10.842396594677595,-0.01769821567659342,0.12984549289219746,0.13104609441930315,3.276922074332827
1001,8.30956420000075,249.87627249378374,329.73460540221544,47.54326366514093,62.73768664669321,10.884665438266804,0.19026721981505337,-0.19717294034627741,0.037357717339538965,10.844507913906224,-0.0424250782368437,0.08712265718205058,0.09690327475304134,0.30010601956349087
1002,8.313718999999764,249.87740094815297,329.7332653031906,47.54347837301645,62.73743166977748,10.804371442145548,0.19026721981505337,-0.19695823247075595,0.03761269425527303,10.828733430925777,-0.03491623242466866,0.032077857186738064,0.04741447256298699,2.462028443809537
1003,8.324963600000046,249.87411250510465,329.73599729503593,47.542852690100126,62.737951478270446,10.788312642921298,0.19026721981505337,-0.19758391538707798,0.03709288576230563,10.809381787503517,0.00208975469707886,-0.021941415039500423,0.02204070708098038,2.157665339376909
1004,8.329222200000004,249.87401137212578,329.7402279614543,47.5428334478094,62.738756435407836,10.785100883076447,0.19026721981505337,-0.19760315767780412,0.036287928624915367,10.873416274492891,-0.01018889935463491,0.07241182203647395,0.07312513685936495,2.2473537326934094
1005,8.340975400000389,249.87538226808027,329.7406218707347,47.54309428437132,62.738831383431474,10.784458531107479,0.19026721981505337,-0.19734232111588312,0.03621298060127742,10.886223171890768,-0.017106966097523456,0.06599677745447383,0.06817787708221165,3.4556799826684412
1006,8.345052300001043,249.87399693420758,329.72900159805477,47.54283070074685,62.73662042645517,11.204837873213684,0.19026721981505337,-0.19760590474035666,0.038423937577583445,10.888784551370343,0.011004181786846593,0.0689400479909163,0.06981276555034766,8.93340128990859
1007,8.357379900000524,249.87510400039758,329.7271036099629,47.54304133915297,62.73625930153769,10.868405929134925,0.19026721981505337,-0.1973952663342331,0.03878506249505875,10.916459302852195,-0.019817469844420878,0.11221836912497259,0.11395479138721255,6.2125188450943485
1008,8.360872100000051,249.87666250522636,329.72768196938523,47.54333787153381,62.73636934437703,10.801119540319174,0.19026721981505337,-0.19709873395339628,0.03867501965572018,11.006095815648566,-0.05279817540741105,0.20793434434692926,0.2145328387108582,6.168665285623568
1009,8.37339030000112,249.8662260205937,329.72588106363537,47.54135215061811,62.73602669104685,10.923474640485711,0.19026721981505337,-0.19908445486909443,0.03901767298589931,11.02402311820784,-0.043298284974020024,0.1342275694157005,0.14103822840966965,7.683218374618001
1010,8.377509699999791,249.86313624758006,329.7156575828034,47.54076426809694,62.73408149777212,11.232641095089331,0.19026721981505337,-0.19967233739026113,0.04096286626063517,11.027608578719693,-0.030010347868853204,0.08010638333169744,0.08554328512334813,10.969122627928503
1011,8.389505000001009,249.86205481384815,329.7047017492165,47.54055850670736,62.73199696177479,11.294474386010055,0.19026721981505337,-0.1998780987798412,0.043047402257961664,11.125982416587538,-0.04715619757561819,0.12274033764134329,0.13148725205928402,6.033036327910858
1012,8.393607600000905,249.86385583603038,329.70990499052675,47.5409011821908,62.73298696803292,10.886333231694199,0.19026721981505337,-0.19953542329640328,0.0420573959998336,11.20259627107517,-0.015982962229059757,0.13987563517176424,0.14078582455744626,5.794314226738513
1014,8.409128999999666,249.86378923041352,329.6950858435241,47.54088850932526,62.73016737013269,11.292988729658394,0.19026721981505337,-0.1995480961619478,0.04487699390006128,11.217919041972698,0.011623462694309524,0.09808721232423726,0.09877350913350201,5.6463860255106475
1015,8.421978899999885,249.86360279466393,329.68745096527556,47.54085303671351,62.728714703074715,11.306543912923868,0.19026721981505337,-0.1995835687736971,0.04632966095803681,11.220983596152202,0.014917428229259205,0.08127520878471428,0.08263285804069709,2.2652908803007152
1016,8.42666680000002,249.86348752117576,329.68096460899466,47.54083110394739,62.72748056209842,11.309254949576962,0.19026721981505337,-0.19960550153981416,0.04756380193433074,11.221596506988103,0.0034064400928495346,0.10423234154448144,0.10428798999861683,-1.708089176340656
1017,8.437871899999664,249.86344725871191,329.67568091054943,47.540823443320335,62.726475247484906,11.309797156907582,0.19026721981505337,-0.19961316216686953,0.04856911654784568,11.12406234338981,-0.010004461632631292,-0.06682468887445918,0.06756943314640919,-2.118463196963445
1018,8.454230700001062,249.86568023508812,329.68655938779364,47.54124830552735,62.72854506510598,10.889397785873705,0.19026721981505337,-0.19918829995985732,0.04649929892676852,11.104555510670151,-0.010100729211071899,-0.08517164708714506,0.0857684918727885,-2.1749103788934634
1019,8.457895100000314,249.8643730922193,329.6995329133547,47.5409995990878,62.73101350174568,10.80531791166693,0.19026721981505337,-0.19943700639940687,0.04403086228707309,11.100654144126219,-0.009274087017401724,-0.10842745753015202,0.10882335335974196,0.3650225115307517
1020,8.47573100000045,249.86406919468567,329.69753490070195,47.54094177734896,62.73063334543309,11.209009749325574,0.19026721981505337,-0.19949482813824204,0.04441101859966068,11.099873870817433,-0.11337176516998092,-0.07197993268059759,0.13429172664933853,5.537508157379319
1021,8.482273699999496,249.86405044076128,329.69248064900364,47.54093820909191,62.7296716870142,11.289748116857304,0.19026721981505337,-0.19949839639529188,0.0453726770185483,11.183819378655675,-0.13400899303405509,-0.005868567204663548,0.13413743062634337,6.64409619431099
1022,8.488153800000873,249.84794391512196,329.6840759727978,47.53787366523763,62.72807255263908,11.30589579036365,0.19026721981505337,-0.202562940249571,0.04697181139367501,11.284710042723322,-0.1137077131375523,0.1439147025412091,0.18341451860334446,6.946221653655656
1023,8.492802599999777,249.84605732887815,329.67909089261354,47.53751470971809,62.72712405529186,11.309125325064919,0.19026721981505337,-0.20292189576911568,0.047920308740891926,11.304888175536853,-0.24709038593608984,0.19751349390934456,0.31633090127005065,6.996199366042787
1024,8.501851900000474,249.84765706293243,329.6755100278409,47.53781908666904,62.72644273410704,11.309771232005172,0.19026721981505337,-0.20261751881816537,0.04860162992571304,11.30892380209956,-0.24559509011959788,0.17584884480052196,0.302059206958721,4.43277083310027
1025,8.505767300001025,249.83386632261787,329.66955652307354,47.53519516085019,62.72530997730679,11.309900413393223,0.19026721981505337,-0.20524144463701077,0.04973438672595876,11.309730927412101,-0.28610389317901863,0.013032747861597901,0.28640057648163925,1.0027469910539035
1026,8.517936600001121,249.83430962875016,329.6670839549871,47.535279507475515,62.72483952865119,11.309926249670834,0.19026721981505337,-0.20515709801168924,0.05020483538156384,11.30989235247461,-0.31646419025512795,-0.020367622487369525,0.31711894260611717,0.13475581453804716
1027,8.52204139999958,249.81869627315433,329.67877965573894,47.53230879771431,62.72706483711703,11.309931416926355,0.19026721981505337,-0.20812780777289674,0.047979526915725046,11.30992463748711,-0.4284660377457829,0.008516477595768332,0.4285506689905056,0.04562247832517892
1028,8.533831799999462,249.80450469572997,329.67648507506755,47.52960860573299,62.726628253632036,11.30993245037746,0.19026721981505337,-0.2108279997542155,0.048416110400715695,11.30993109448961,-0.3360305324446959,-0.08378127460072773,0.346317514296907,0.0043984595971542076
1029,8.538233299999774,249.79232795615906,329.67140245773174,47.527291771348416,62.72566119816217,11.30993265706768,0.19026721981505337,-0.21314483413878804,0.049383165870580115,11.309932385890109,-0.2766812757222874,-0.09739661474088353,0.2933234203030786,0.0017476608765296029
1030,8.550461799999539,249.77896120046555,329.6824685343548,47.52474851590467,62.7277667097955,11.309932698405724,0.19026721981505337,-0.21568808958253527,0.04727765423724861,11.30993264417021,-0.10004126430000056,-0.04245996612959288,0.10867889991377692,0.0001748233466665402
1031,8.555179799999678,249.7864913987492,329.68319800517077,47.52618126579675,62.72790550417959,11.309932706673333,0.19026721981505337,-0.21425533969045318,0.04713885985316324,11.30993269582623,-0.09674995736166639,-0.019449815717785472,0.09868560979666731,6.539659237314183e-05
1032,8.565535600000658,249.79517173884744,329.69775415217157,47.527832849974295,62.73067506180065,11.309932708326855,0.19026721981505337,-0.21260375551290878,0.04436930223209856,11.309932706157435,0.07990509315747799,-0.11343055681669759,0.13874910858182582,6.723495986938667e-06
1033,8.569544800000585,249.79069280653803,329.69454962202724,47.52698065597605,62.73006534475928,11.30993270865756,0.19026721981505337,-0.21345594951115743,0.04497901927346959,11.309932708223677,0.4094848004765634,-0.09912536590002259,0.42131180850546346,2.503485748214414e-06
1034,8.581485300001077,249.81309068210325,329.7102508698623,47.5312422374896,62.733052777532485,11.3099327087237,0.19026721981505337,-0.20919436799760405,0.041991586500266465,11.309932708636923,0.3266991933843051,-0.11865762022634366,0.3475801976461472,3.140081373729327e-07
1035,8.58540080000057,249.842722743768,329.7123222389499,47.53688024747994,62.73344689117,11.309932708736929,0.19026721981505337,-0.2035563580072619,0.041597472862754614,11.309932708719574,0.45718561917023914,-0.2065975756580899,0.5016983642029094,1.146451270221812e-07
1036,8.59789610000007,249.8354823216842,329.72066784001095,47.53550263249977,62.73503478548156,11.309932708739574,0.19026721981505337,-0.20493397298743332,0.04000957855119225,11.309932708736108,0.5530206784966455,-0.2952129212830004,0.6268831946521881,1.1578371618051459e-08
1037,8.601980100000219,249.85290973447377,329.7358462812918,47.53881849787981,62.7379227453052,11.309932708740103,0.19026721981505337,-0.20161810760739485,0.037121618727553596,11.309932708739415,0.5389986793146946,-0.2804062069501753,0.6075748655097325,4.658809944084225e-09
1039,8.617929199999708,249.8752587245545,329.7602390498073,47.54307077808814,62.74256388955423,11.30993270874023,0.19026721981505337,-0.19736582739906083,0.03248047447851832,11.309932708740076,0.39681277395240766,-0.3441701639114566,0.5252746703379514,4.3836618509107266e-10
1040,8.630054600000221,249.89353544529877,329.77146540210026,47.54654823893149,62.744699896393676,11.309932708740234,0.19026721981505337,-0.1938883665557114,0.03034446763907539,11.30993270874021,0.46700522295507485,-0.3451711898426325,0.5807211280508897,1.7371740576126408e-10
1041,8.634296800000811,249.90978904320946,329.7808180106813,47.54964076581795,62.74647939122641,11.309932708740236,0.19026721981505337,-0.1907958396692564,0.02856497280634329,11.309932708740236,0.2530391804381786,-0.23085225169699866,0.34252239189635403,1.1740107287055532e-11
1042,8.645116199999393,249.9234769238883,329.78832889231876,47.552245120819876,62.747908465793934,11.309932708740236,0.19026721981505337,-0.18819148466732827,0.0271358982388179,11.309932708740236,0.173293334625267,-0.17478299143845222,0.24612938451497177,3.453686808431933e-12
1043,8.648780100000295,249.9185103747709,329.7909390346031,47.55130014932723,62.748405090309696,11.309932708740236,0.19026721981505337,-0.18913645615997154,0.02663927372305608,11.309932708740236,0.13261867975295966,-0.14737291577723913,0.19825864552171057,1.2562044499221297e-12
1044,8.662072400000397,249.90928076141734,329.7916831229086,47.54954405645448,62.74854666592287,11.309932708740236,0.19026721981505337,-0.1908925490327249,0.026497698109878343,11.309932708740236,-0.07913313947130067,-0.05949937767065011,0.09900621044045158,0.0
1045,8.676673600000868,249.91568231193637,329.794684391567,47.55076206167424,62.74911770896643,11.309932708740236,0.19026721981505337,-0.18967454381296278,0.025926655066321302,11.309932708740236,-0.1574876662742568,-0.028380201011114277,0.16002437576176617,0.0
1046,8.680880699999761,249.90839064023996,329.7942445231847,47.549374695572766,62.74903401643225,11.309932708740236,0.19026721981505337,-0.1910619099144384,0.026010347600504247,11.309932708740236,-0.21393759267966067,0.020578891460704445,0.2149250667914747,0.0
1047,8.693439700000454,249.89841952895648,329.79269260052274,47.54747751995039,62.748738736421984,11.309932708740236,0.19026721981505337,-0.1929590855368133,0.0263056276107676,11.309932708740236,-0.1652508088022617,0.019429104959413676,0.16638906192813746,0.0
1048,8.69690570000057,249.88857964420203,329.7907024470057,47.54560531243486,62.74836007544529,11.309932708740236,0.19026721981505337,-0.1948312930523457,0.02668428858746097,11.309932708740236,-0.07258320293800884,0.012156382757076136,0.07359415051807251,0.0
1049,8.709190300000046,249.89576704239818,329.7917613051108,47.54697283870735,62.74856154143313,11.309932708740236,0.19026721981505337,-0.19346376677985688,0.026482822599618316,11.309932708740236,0.022606975669751842,0.004791976007425301,0.02310927049883859,-4.8037618000284035e-06
1050,8.71274269999958,249.9059752994179,329.7931704288168,47.54891513538964,62.74882965148304,11.309932708740236,0.19026721981505337,-0.19152147009756249,0.026214712549709418,11.309932708740236,-0.02493797214397972,0.02539404465822992,0.03559157145670986,-8.067848508733535e-06
1051,8.72544840000046,249.91573714150485,329.7943009079854,47.5507724939438,62.74904474461152,11.309932708740236,0.19026721981505337,-0.1896641115434008,0.025999619421234854,11.309932403564455,0.09941777421858355,0.0034838416434644307,0.09947879665121605,-8.269382784162013e-06
1052,8.729188200000863,249.90809535715357,329.79181405756276,47.54931851288086,62.7485715784955,11.309932708740236,0.19026721981505337,-0.19111809260634516,0.026472785537251298,11.309932342529297,0.1582698958308994,0.0019286197301005403,0.15828164612609727,-8.410496320976228e-06
1053,8.741302300000825,249.9132916920716,329.7918332140977,47.55030720507894,62.74857522335615,11.309931182861328,0.19026721981505337,-0.1901294004082672,0.02646914067660333,11.309932330322265,0.11994409176704944,0.006002680319241983,0.12009420186186089,-8.418376657558367e-06
1054,8.744762500000434,249.92066758854526,329.79227287871976,47.55171059639463,62.748658877121436,11.309932403564455,0.19026721981505337,-0.18872600909257642,0.026385486911316036,11.30993232788086,0.16874158171663728,0.0037235975407958147,0.16878266077674683,1.2132978514029127e-05
1055,8.757154900000387,249.94379757340585,329.7958617987815,47.556111474308416,62.74934173096373,11.309932647705079,0.19026721981505337,-0.18432513117878813,0.02570263306902376,11.309932327392579,0.20744320667969543,-0.010877927318177756,0.2077282197976346,1.6379097421120802e-05
1056,8.761029499999495,249.9517430029706,329.79643859422663,47.557623229101935,62.74945147622947,11.309932696533204,0.19026721981505337,-0.18281337638526907,0.025592887803284725,11.309932632470705,0.1884782355054716,-0.0026408327241850393,0.18849673540073086,1.713711514854597e-05
1057,8.773455900000044,249.93898937012742,329.7929435718965,47.555196630838324,62.74878648804752,11.309932706298829,0.19026721981505337,-0.18523997464887998,0.026257875985230328,11.30993269348633,0.11476517047317643,0.0033535428375096364,0.11481415680699074,1.7320706481250027e-05
1058,8.777841700000863,249.93868487304943,329.7920011517632,47.55513869502585,62.748607176388866,11.309932708251955,0.19026721981505337,-0.18529791046135102,0.026437187643885807,11.309932705689455,-0.09361765872458845,0.0489532632809712,0.10564415748601337,1.7354115705459218e-05
1059,8.789333000000624,249.9409204553229,329.79165110581187,47.55556405304969,62.7485405741189,11.30993270864258,0.19026721981505337,-0.18487255243751122,0.02650378991385338,11.30993270813008,-0.12275301272601932,0.04677993842642224,0.13136462527063408,1.6080766708821691e-06
1060,8.793157100000826,249.92711701568618,329.7881761431522,47.55293771096613,62.74787940263468,11.309932708720705,0.19026721981505337,-0.18749889452107737,0.02716496139807134,11.309932708618206,0.14024207272937494,-0.002813762792233901,0.14027029701430824,-1.637856703244475e-05
1061,8.805718499999784,249.94325844093328,329.7907635182099,47.55600889507175,62.748371695293535,11.30993270873633,0.19026721981505337,-0.1844277104154557,0.026672668739216476,11.309932708715829,0.15473079136134704,-0.011858517047888668,0.15518454247083946,-2.2983610348451298e-05
1062,8.809307600000466,249.96437982629777,329.79443160220876,47.560027602343695,62.74906961143804,11.309932708739455,0.19026721981505337,-0.1804090031435095,0.02597475259471338,11.309932403559573,0.13830988860394658,-0.006807148360033704,0.13847729978025866,-2.7381159101949637e-05
1063,8.82141650000085,249.9681495525217,329.7947077540678,47.560744857671786,62.74912215408451,11.30993270874008,0.19026721981505337,-0.17969174781541852,0.02592220994824146,11.30993203735254,0.26983907189129974,-0.03925447834713894,0.2726793699374121,-2.762401347172912e-05
1064,8.824780000000828,249.96735248212457,329.79415881107553,47.56059320130332,62.74901770822753,11.309931182861297,0.19026721981505337,-0.17984340418388456,0.02602665580522512,11.309931964111135,0.36046281039832695,-0.056707158226698105,0.3648960666743449,-2.7782016410528284e-05
1065,8.838260500000615,249.9652878275624,329.79340359437043,47.5602003652199,62.748874015244695,11.30993087768554,0.19026721981505337,-0.18023624026730545,0.026170348788056685,11.309931949462854,0.18758368131706382,-0.02739966060834812,0.18957420419960735,1.5896003015523057
1066,8.8420057000003,249.97901955820896,329.7958927076746,47.56281306343327,62.74934761191289,11.309932342529297,0.19026721981505337,-0.1776235420539365,0.02569675211986322,11.309931946533197,0.3029303613600425,-0.05055389650655351,0.3071196839763307,2.4623754246214435
1067,8.853655900000376,249.99465189272607,329.7988266925437,47.56578738426106,62.7499058530569,11.309932635498049,0.19026721981505337,-0.17464922122614723,0.02513851097585018,11.402528381494141,0.3535914794114669,0.011990770957632471,0.3537947327201865,2.5250736090639263
1068,8.857899700000416,250.00883677078895,329.80150568436636,47.5684863015735,62.75041557738291,11.309932694091799,0.19026721981505337,-0.1719503039137038,0.024628786649842027,11.42104766848633,0.3039236650510518,0.047749219736485396,0.30765172218517983,2.5600670466471636
1069,8.869715400000132,250.0217671455781,329.7801569997049,47.5709465280358,62.746353622505666,11.772913357666017,0.19026721981505337,-0.16949007745140676,0.02869074152708606,11.424751525884766,0.07816197940224905,0.0832511793507555,0.11419305533774488,3.8173429262034
1070,8.873949200000425,250.01559269581836,329.77594134953563,47.569771732646124,62.74555152246825,11.402527312646484,0.19026721981505337,-0.17066487284107978,0.0294928415645046,11.425492297364453,0.060898386236201564,0.054426526399162956,0.0816753342328782,-1.681687007331747
1071,8.885638800000379,249.98910096326122,329.7728046122862,47.56473122434439,62.74495470419251,11.328451629521485,0.19026721981505337,-0.1757053811428122,0.030089659840243144,11.49897754882836,-0.03135430045347889,0.12348275887965543,0.12740127117677494,-2.830302682670612
1072,8.889623999999458,249.99264038363756,329.77682694652856,47.565404660019155,62.74572002254597,11.313636492896485,0.19026721981505337,-0.17503194546804934,0.029324341486784533,11.421078468750048,-0.04942611043834991,0.04790605901361751,0.06883262949561178,-2.026787310072264
1073,8.900920000000042,250.00301239083126,329.7634587507923,47.567378112991804,62.74317649310929,11.677358951411328,0.19026721981505337,-0.17305849249540017,0.031867870923463215,11.405498652734387,-0.06101148616090976,-0.01893508580943714,0.06388222693499054,3.0112572240513513
1074,8.917133400000239,250.01305549638946,329.76636517597933,47.56928898676467,62.74372949054922,11.383417957274455,0.19026721981505337,-0.1711476187225358,0.0313148734835309,11.475719634111332,-0.00954818080944856,0.02215925172722239,0.024128824958549684,2.4429143092697987
1075,8.921337600000697,250.00564424519112,329.76956370610424,47.56787886860381,62.744338065983584,11.324628232568172,0.19026721981505337,-0.17255773688339104,0.030706298049167913,11.582359960757813,-0.12372268839743593,0.10599733716605263,0.16291942520946626,10.64916963519666
1076,8.933120199999394,249.99487648488176,329.7536778527956,47.56583011678612,62.74131550884015,11.679556536406213,0.19026721981505337,-0.17460648870108741,0.03372885519259938,11.622947059290237,-0.1455252954428879,0.06051301063345707,0.1576053173901969,11.279671760916601
1077,8.937808000000587,249.98497476697239,329.7480813284333,47.5639461444481,62.74025067370911,11.8468381261289,0.19026721981505337,-0.17649046103910138,0.03479369032363877,11.723660609367814,-0.11752941484566742,0.054597061519257896,0.12959167596918647,11.366532555399106
1078,8.949167200000375,249.9888965848095,329.7482157056435,47.564692337824596,62.740276241287305,11.880294444073435,0.19026721981505337,-0.17574426766260842,0.03476812274544727,11.74380362455911,-0.018563988121865646,0.05340255946145302,0.05653720024924115,6.378145348372318
1079,8.954054100000576,249.99551897652464,329.74985147279756,47.56595236188476,62.74058747415597,11.886985707662344,0.19026721981505337,-0.17448424360244275,0.03445688987677897,11.767091413388385,-0.03477356062158829,0.0004585829328418753,0.034776584314874424,5.727239628277419
1080,8.965058300000237,250.00473911913116,329.75856882523067,47.5677066527848,62.74224610056757,11.425343308524658,0.19026721981505337,-0.17272995270240443,0.032798263465181776,11.771748971154238,0.053136928830811045,-0.06260643158003289,0.0821163715756853,0.8754264994014856
1081,8.96995749999951,249.9981749836402,329.75877977954985,47.56645771297445,62.74228623825939,11.795995480552588,0.19026721981505337,-0.173978892512757,0.03275812577336268,11.772680482707411,0.08863341777383543,-0.012599590164778046,0.08952447943770249,3.8574361917692794
1082,8.981381400000828,250.0004363850702,329.76407391217265,47.56688798353742,62.74329353815486,11.870125914958173,0.19026721981505337,-0.17354862194978438,0.03175082587789291,11.740980493514138,0.05607799954912831,-0.016875853992447107,0.05856224450451355,2.632687400480053
1083,8.986551600000894,250.00704421589646,329.7573408047033,47.56814523713774,62.74201244851595,11.884952001839292,0.19026721981505337,-0.17229136834946246,0.03303191551680129,11.827236626046579,0.05691927302459983,-0.04849452569942069,0.07477648470248326,2.392914006196283
1084,8.997325399999681,250.0124269475288,329.7621577719766,47.569169394520436,62.74292895948698,11.728485761695984,0.19026721981505337,-0.1712672109667679,0.03211540454577033,11.81260156104916,0.11360010210640464,-0.09478013706877036,0.1479468065939933,2.5798863557630605
1085,9.00109920000068,250.01567234967519,329.76828297326756,47.56978688816401,62.74409438450742,11.856623971186853,0.19026721981505337,-0.17064971732319378,0.030949979525331628,11.809674548049678,0.13911805791915516,-0.055843532798515116,0.14990775228324998,4.895770496866346
1086,9.013019600000916,250.0174564480145,329.78329541372705,47.57012634359491,62.746950759816286,11.722820155565495,0.19026721981505337,-0.17031026189229692,0.02809360421646545,11.823084964541577,0.09067510377185134,-0.08802482312840432,0.1263738261303458,1.894142318093979
1087,9.01694580000003,250.02086649237472,329.78109759610754,47.57077516325477,62.74653258716816,11.855490849960756,0.19026721981505337,-0.16966144223243163,0.028511776864590388,11.857653339343862,0.06859568507700008,-0.13313282149179245,0.14976553732267128,4.005002710070279
1088,9.02942769999936,250.02092936113078,329.77539830039404,47.5707871251182,62.745448198017854,11.952004084298792,0.19026721981505337,-0.16964948036900296,0.029596166014897562,11.878562833396117,0.03086097008730554,-0.06624161177484364,0.07307770251765357,4.281344835825851
1089,9.033349900000758,250.0206131996577,329.78180123525476,47.570726969953704,62.746666466632455,11.901327635707414,0.19026721981505337,-0.1697096355335006,0.02837789740029706,11.914631023710474,-0.08229085594755958,0.06838252938605417,0.10699511810272731,4.131829498483217
1090,9.045251699999426,250.01904642735582,329.7801976232668,47.57042886454374,62.74636135183785,11.961171441448123,0.19026721981505337,-0.17000774094346127,0.028683012194903768,11.921844661773346,-0.11820849683245852,0.04197342561650129,0.1254392967987836,2.600819970361506
1091,9.049074300000939,250.008252054837,329.7714883096253,47.568375049294936,62.74470425494478,11.903161107137281,0.19026721981505337,-0.17206155619226848,0.030340109087973133,11.92328738938592,-0.12486385144436858,0.04574015241222748,0.13297797915525392,1.635377647786918
1092,9.061501000000135,250.007315851844,329.77315619605866,47.56819692055428,62.74502159905943,11.891559040275112,0.19026721981505337,-0.17223968493292574,0.030022764973324456,11.937571754000231,-0.11592959717240078,0.11396499629692393,0.16256596163254164,0.6941372847289609
1093,9.065034900000683,250.00671559015825,329.77119279657325,47.56808271043217,62.74464802849795,11.959217722361663,0.19026721981505337,-0.17235389505503207,0.030396335534803143,11.926432807831297,-0.1927862633011664,0.1792663171302512,0.26325454559241795,2.6951521411249737
1094,9.077942300000359,250.00870556990284,329.76912266203396,47.568461338345664,62.74425414975452,11.972749458778974,0.19026721981505337,-0.17197526714154066,0.03079021427823392,11.984383241253761,-0.10953452216002636,0.17911239606969456,0.2099501416304653,3.118662185198734
1095,9.082142200000817,249.9996701363722,329.7613495741999,47.566742191527965,62.74277518594295,11.905476710603452,0.19026721981505337,-0.17369441395923957,0.032269178089798345,12.028949096981224,-0.0809191402809427,0.2853695216602101,0.2966204159466843,3.1640290627440444
1096,9.093322000000626,249.99255898306765,329.7359230258742,47.56538917215903,62.73793734728352,12.192913274249598,0.19026721981505337,-0.1750474333281744,0.037107016749232,12.056842370665779,-0.11107800632872639,0.29327234283206477,0.3136032374835641,4.028451645282182
1097,9.09737529999984,249.99530161100128,329.72514896935917,47.565911004350944,62.73588739750428,12.114388318912422,0.19026721981505337,-0.17452560113625992,0.03915696652847345,12.062421025402688,-0.19287090302806084,0.2830365968554701,0.34250386916702935,0.8960306644110956
1098,9.110290200000236,249.98287233878548,329.7152914537656,47.56354612128212,62.73401183541801,12.098684090784438,0.19026721981505337,-0.17689048420508158,0.0410325286147426,12.077532575441868,-0.10551994983304999,0.1969606314418207,0.2234456313082225,-1.7208244466310068
1099,9.114153300000908,249.97516449582918,329.715710986,47.56207957143206,62.73409165864987,12.000642732463529,0.19026721981505337,-0.17835703405514636,0.04095270538288531,12.03437248188525,-0.07234498549366904,0.09738517390944719,0.12131640047187543,-2.289788010380226
1100,9.125318200000038,249.97677375945534,329.72030195304296,47.56238576154816,62.7349651691854,11.981034460799346,0.19026721981505337,-0.17805084393904735,0.04007919484735112,12.006760513222753,-0.059499760154352196,-0.05474906174420336,0.08085592878877856,-1.6631410548588486
1101,9.141103800000565,249.98049486198298,329.72570689695215,47.563093765380735,62.735993552836256,11.97711280646651,0.19026721981505337,-0.17734284010646917,0.03905081119649623,12.001237966902362,0.0348947404099491,-0.08630675008119483,0.09309402783130376,-1.8382384520399444
1102,9.145067699999345,249.98451504240003,329.73101778869113,47.56385867393185,62.73700404144217,11.976328475599942,0.19026721981505337,-0.17657793155535728,0.03804032259058232,12.019113407589458,0.18644417349440617,-0.05840877952615685,0.19537915793591554,2.616919404301049
1103,9.157202599999437,250.00293799521916,329.73181908340325,47.567363957945524,62.7371565015593,12.07107135918249,0.19026721981505337,-0.17307264754168017,0.03788786247345399,12.022688343138984,0.18549709892164867,-0.10152448817480146,0.2114625153721182,3.5792476133380218
1104,9.16142630000104,250.01133172780868,329.72918127231566,47.5689610101092,62.73665461257726,12.090019935898999,0.19026721981505337,-0.1714755953780056,0.038389751455490284,12.069585733813344,0.07543351838390197,-0.1392653316308364,0.15838260096999707,3.9574214350403807
1105,9.173553300001004,250.01277784772367,329.74790811104765,47.569236159324944,62.74021771611872,11.998909138546988,0.19026721981505337,-0.17120044616225982,0.03482664791403067,12.09794516189939,0.04236719623430428,-0.07679880979483589,0.08770995669055724,2.7621055143667523
1106,9.17723389999992,250.00299991237037,329.7528187025666,47.567375738749746,62.74115204071469,12.211599759838304,0.19026721981505337,-0.17306086673745824,0.03389232331806369,12.103617047516599,0.028944049252044503,-0.016632323614461944,0.033382513025848826,3.5784866649309652
1107,9.189398399999845,250.0047668543133,329.7491482791573,47.567711929880794,62.74045367945705,12.118125616030163,0.19026721981505337,-0.17272467560641047,0.034590684575704245,12.085771474688869,-0.06493915861659183,-0.039914219941538244,0.0762249255517666,0.7090556466527341
1108,9.192919700000857,250.00887069917403,329.74381325387134,47.568492757033,62.73943859902825,12.099430787268535,0.19026721981505337,-0.1719438484542053,0.03560576500450452,12.101182462662385,-0.04292545336379778,0.06388645538299696,0.07696800457262251,-1.356867006568041
1109,9.206021399999372,250.002583885731,329.74364679491316,47.567296582517706,62.739406927345065,12.000792071760348,0.19026721981505337,-0.17314002296949838,0.035637436687686375,12.05868363274587,0.06999574719979662,0.11963530691489832,0.1386073998265596,-0.8600323984638021
1110,9.20946019999974,250.00498328222378,329.73957685986113,47.567753109017616,62.738632552117885,12.075964078414572,0.19026721981505337,-0.17268349646958825,0.03641181191486709,12.031203916811394,0.06128503921334176,0.08136300211271312,0.10186164216315284,0.9052460829746241
1112,9.225348199999644,250.0099216312254,329.7374981966857,47.56869271495263,62.73823705065456,11.999105610255723,0.19026721981505337,-0.17174389053457162,0.03680731337819054,12.095156215811999,-0.08108879238274515,0.06107021779340778,0.10151336735339936,4.908174183799744
1113,9.237691199999972,250.0088890992126,329.7461879036636,47.568496257957186,62.73989041704226,11.980727036357786,0.19026721981505337,-0.1719403475300183,0.03515394699049068,12.185992941280603,-0.08088333416854893,0.06996290632756264,0.10694354589230927,6.897862286215823
1114,9.24128329999985,249.99963591005707,329.74266117269326,47.56673567938214,62.739219395745494,12.419192282271558,0.19026721981505337,-0.17370092610506305,0.03582496828725823,12.273608375973932,-0.16151874499651883,0.04851853275444423,0.16864860807576965,10.222277320730807
1116,9.256996199999776,249.99218095684193,329.73878959905016,47.56531724616004,62.73848276219211,12.454975699103363,0.19026721981505337,-0.17511935932716227,0.0365616018406385,12.378958278998034,-0.17925168095159577,0.08371382047068451,0.19783621726511724,10.657297848682676
1117,9.269682800000737,249.9741499755386,329.73092390122736,47.56188654147692,62.73698617773546,12.51404125188122,0.19026721981505337,-0.17855006401028106,0.03805818629729174,12.488456299153638,-0.21753799811449273,0.1289322190162971,0.25287605209692643,9.411972456323108
1118,9.27321479999955,249.9736018859745,329.727195086635,47.56178225799935,62.736276706549766,12.525855125376244,0.19026721981505337,-0.17865434748785702,0.038767657482985385,12.510355750596867,-0.13968327481298456,-0.08798005173160289,0.16508151551635117,4.712218546328998
1119,9.286246699999538,249.9594000747651,329.72088415984234,47.5590801188642,62.73507594405447,12.528217137135798,0.19026721981505337,-0.1813564866230024,0.03996841997827971,12.525117567355704,-0.13192341376077282,-0.09528015165588262,0.16273320004800512,3.3805181897272827
1120,9.289555299999847,249.95764634437487,329.7364954540231,47.558746441458545,62.73804626159596,12.528689539487708,0.19026721981505337,-0.18169016402865878,0.03699810243679025,12.528070083295361,-0.026448743935720657,-0.09824737137171388,0.1017451818870495,1.6599407125439312
1121,9.302343900000778,249.95418667154294,329.7357977526659,47.558088179127346,62.73791351189847,12.528784782897542,0.19026721981505337,-0.1823484263598587,0.03713085213428258,12.528660586483293,-0.02571526173381255,-0.12310203787391504,0.12575923987822643,0.4203169739502608
1122,9.306550600000264,249.95986777384277,329.733517614436,47.55916910666742,62.73747967633666,12.52880383157951,0.19026721981505337,-0.18126749881978554,0.037564687696090004,12.52877883970877,-0.04488634535315106,-0.2636551414790406,0.26744871962208994,0.19399427403225514
1123,9.317404499999611,249.95839269419312,329.729148141402,47.55888844736347,62.736648308850434,12.528807641315902,0.19026721981505337,-0.18154815812373215,0.03839605518231792,12.528802490353865,-0.04760886088187817,-0.13687592639739504,0.1449193667582602,0.015535348488433277
1124,9.32158569999956,249.9517296737924,329.7425668815419,47.55762069299626,62.73920145523027,12.52880840326318,0.19026721981505337,-0.18281591249094475,0.0358429088024792,12.528807220482884,-0.09771265819418448,-0.28683003488317926,0.3030168848141294,0.006310295766080293
1125,9.333181199999672,249.9447538600985,329.758647396655,47.556293424318774,62.74226105013404,12.528807792713184,0.19026721981505337,-0.1841431811684302,0.0327833138987117,12.528808166508687,-0.16452317909905753,-0.34716863149946664,0.3841795610883965,-0.4822733682847421
1126,9.337048700001105,249.938615375425,329.7736767417419,47.55512547190607,62.74512064183936,12.528808433542638,0.19026721981505337,-0.1853111335811377,0.029923722193395008,12.52880835571385,-0.13793750763192952,-0.35094136085557515,0.3770763779009123,-0.5605788528007154
1127,9.349619200000234,249.9335216417078,329.7867953451034,47.55415630135322,62.74761668202881,12.528808561708528,0.19026721981505337,-0.18628030413398733,0.02742768200393897,12.498453016357615,-0.03639999270331651,-0.3326375724235838,0.33462324195527193,-0.6112940407902265
1128,9.365211700000145,249.94229612087616,329.782064131686,47.555825797109904,62.74671648720553,12.528808587341706,0.19026721981505337,-0.18461080837730037,0.02832787682721971,12.49238210107426,-0.009267442954689013,-0.25123224869976485,0.2514031190849845,-0.6157743892957916
1129,9.370021400000041,249.94746520453543,329.79518644307774,47.556809304286745,62.74921323291158,12.377031706482015,0.19026721981505337,-0.18362730120045967,0.025831131121172746,12.491167918017588,0.11402927824887507,-0.08956927061381044,0.14500113977569065,-0.6179988258388663
1130,9.380901099999392,249.9486773668077,329.7870000409452,47.55703993903225,62.74765562893754,12.498453216296404,0.19026721981505337,-0.18339666645495356,0.02738873509521511,12.490925081406255,0.12019674914944269,-0.07104068504696189,0.13962104940887562,0.36937865386652524
1131,9.385287099999914,249.95592697109646,329.78541120408397,47.55841930108504,62.74735332536521,12.522737518259282,0.19026721981505337,-0.1820173044021658,0.02769103866754108,12.490876514083988,0.09068402041727132,0.004984547838978656,0.09082090770411376,0.7228424146244189
1132,9.397319100000459,249.95300151816474,329.79210933178274,47.557862683289024,62.74862775950042,12.527594378651857,0.19026721981505337,-0.18257392219818058,0.026416604532329302,12.521222177816801,0.06505475553121651,0.08652216085507707,0.10825066067354128,0.7945810663670849
1133,9.401723500001026,249.95206416127945,329.78197356097303,47.55768433500048,62.74669925456777,12.528565750730372,0.19026721981505337,-0.1827522704867235,0.028345109464979146,12.527291310563363,0.04534882291222193,0.07034965121379376,0.08369939764076262,0.8119259440335009
1134,9.413147900000695,249.95664778470461,329.7886635562589,47.55855644828627,62.74797214137139,12.528760025146076,0.19026721981505337,-0.1818801572009363,0.02707222266136,12.528505137112674,-0.022722852277153833,0.06226498819580888,0.06628164731381965,0.8146203079280082
1135,9.416917300000932,249.95511577308045,329.7874292557639,47.55826495669381,62.747737294447795,12.528798880029216,0.19026721981505337,-0.18217164879339265,0.027307069584956878,12.528747902422538,-0.017402209008662947,0.14661538610137675,0.14764453366121272,0.3104695490462846
1136,9.437159900000552,249.95236384317246,329.78439698679256,47.557741354641095,62.747160353060885,12.528806651005844,0.19026721981505337,-0.18269525084610905,0.027884010971867212,12.52879645548451,-0.010886700582179243,0.15657842032346242,0.1569564333200678,0.03494569199203704
1137,9.444483299999774,249.95160719614466,329.77224060412004,47.55759738951473,62.744847391926776,12.52880820520117,0.19026721981505337,-0.18283921597247144,0.030196972105976272,12.528806166096905,-0.04016337762437673,0.20003062581789732,0.20402291088820865,0.013709082094247146
1138,9.449580300000889,249.95139514620413,329.7591764840378,47.55755704336209,62.742361718119405,12.528808516040234,0.19026721981505337,-0.18287956212511602,0.03268264591334713,12.528807955631493,-0.02586340707907843,0.24047280281970354,0.24185963847178416,0.0008303766934460515
1139,9.455040000000736,249.94938519402174,329.7561393358532,47.55717461534838,62.741783848378155,12.528808578208046,0.19026721981505337,-0.18326199013882416,0.033260515654596645,12.52880831353841,-0.03701539143646,0.24166261753457785,0.2444810011368123,0.0003437295495942859
1140,9.461727100000644,249.94918025236285,329.7468427563266,47.55713562166872,62.74001501403783,12.528807827702158,0.19026721981505337,-0.1833009838184836,0.03502934999492169,12.528808385119792,-0.03877116980910179,0.17394873769949218,0.17821719040432923,7.808503414041934e-05
1141,9.465714500000104,249.94746962363757,329.7461207842965,47.556810145097025,62.73987764642688,12.528808440540432,0.19026721981505337,-0.1836264603901796,0.035166717605868314,12.528808246848179,-0.05116405137548007,0.05941357665365915,0.0784074820660184,1.4462309997434008e-05
1142,9.477994000000763,249.94563434316524,329.74758824050775,47.556460951383976,62.7401568552404,12.528808563108086,0.19026721981505337,-0.1839756541032287,0.034887508792351696,12.528808219193856,-0.010544333770928921,0.023953257579134687,0.026171387493312718,-1.4838612088507736e-06
1143,9.482452700000067,249.9439967815921,329.7495801655957,47.556149377096176,62.74053585328896,12.528807824682165,0.19026721981505337,-0.18428722839102818,0.03450851074379102,12.528808366250882,-0.009555007740830518,-0.052775722886595405,0.05363371233776421,-1.3933782906969042e-05
1144,9.4932246999997,249.95152959090584,329.7536258153247,47.5575826237817,62.74130560781524,12.528808439936434,0.19026721981505337,-0.18285398170550593,0.03373875621750955,12.528808213541227,0.05842146184029471,-0.07986119362297585,0.09894886280520584,0.6509266490843981
1145,9.496777500000462,249.95151307399598,329.75585030148744,47.55757948115518,62.741728854612944,12.528808562987287,0.19026721981505337,-0.18285712433202406,0.033315509419807654,12.528808030411405,0.14996927210829475,-0.13031358512992866,0.19867665450703292,0.841455566003297
1147,9.513796499999444,249.97461353379956,329.76488247428733,47.56197474141845,62.74344738102047,12.52880767699215,0.19026721981505337,-0.1784618640687512,0.03159698301228531,12.584199229137003,0.03591956116705475,-0.07373491434645191,0.08201861049854714,0.9669725904472778
1148,9.525425300000279,250.00085171719013,329.7816899789234,47.56696700762518,62.7466452981996,12.52880764745898,0.19026721981505337,-0.17346959786202376,0.028399065833148995,12.595277316294231,0.030772269559061188,-0.09185950022013117,0.09687672762076455,1.3548762765928588
1149,9.528955499999938,249.988974831153,329.77801831992616,47.56470722553883,62.74594670185009,12.805763818310156,0.19026721981505337,-0.1757293799483719,0.029097662182664408,12.597492933725679,-0.022115485228008856,-0.0679148915571604,0.0714249758984288,3.2288618677647922
1150,9.541688299999805,249.99615651906754,329.788864931544,47.56607366533191,62.74801045648704,12.58419887572258,0.19026721981505337,-0.17436294015529086,0.027033907545714442,12.622188253493185,-0.09554402772332982,-0.017626298947592205,0.09715630524153492,3.0370118156880634
1151,9.545554599999377,249.99076505139774,329.7888528906009,47.56504784576766,62.748008165490255,12.539886650144517,0.19026721981505337,-0.17538875971954582,0.027036198542496948,12.658415006655671,-0.31779324200234305,0.04276459923463007,0.3206576922670939,4.351829678400511
1152,9.557048599999689,249.98418723452912,329.7797632714784,47.56379630283961,62.74627870893064,12.652284275829686,0.19026721981505337,-0.17664030264759134,0.02876565510211293,12.684798540881918,-0.21038552068356098,0.032967934458792224,0.21295293380409738,5.032284213741932
1153,9.560971799999606,249.97012594071236,329.7792074804672,47.5611208995581,62.74617296012015,12.709941413271407,0.19026721981505337,-0.17931570592910617,0.028871403912603455,12.714327414475214,-0.24740942914560388,0.0897403150306887,0.2631819708337956,5.904840499752135
1154,9.57337390000066,249.96340627155504,329.7695012719723,47.559842366789454,62.744326186814874,12.937681489441392,0.19026721981505337,-0.1805942386977506,0.03071817721787795,12.764306522934106,-0.3369524201212166,0.17672881438842403,0.3804865401833328,5.018499272356824
1155,9.58918050000102,249.95694272389463,329.75938429016105,47.558612565545964,62.742401256812734,12.73184324368906,0.19026721981505337,-0.1818240399412403,0.03264310722001795,12.863924231832916,-0.31031893969652996,0.18345626692486872,0.3604913954706649,4.117854415450569
1156,9.593215099999725,249.9418228086592,329.75014880691526,47.55573574131028,62.740644047091905,12.789782192438985,0.19026721981505337,-0.184700864176925,0.034400316940846665,12.883847773612677,-0.08216568563397061,0.21210932216411896,0.2274677217642593,4.800502483742364
1157,9.605204999999842,249.9433528884441,329.7385473335647,47.55602686533705,62.73843666701174,13.150372820323735,0.19026721981505337,-0.18440974015015144,0.03660769702101163,12.857376396763552,-0.07172707827640092,0.19208525219865666,0.20504028353055523,5.263052475968622
1158,9.60931680000067,249.95326833685712,329.73486876698496,47.557913450139814,62.7377367563757,12.809559122170217,0.19026721981505337,-0.18252315534738983,0.037307607657048436,12.902359373590993,-0.01266281449664182,0.20055426732535617,0.20095362901273214,2.807833179639628
1159,9.621740200000204,249.94994504441937,329.73168319516424,47.55728113652705,62.73713064648185,12.805324605195763,0.19026721981505337,-0.18315546896015178,0.03791371755090012,12.981156536583434,0.1466871671258364,0.13656226102854196,0.20041550872282984,2.468943123707963
1160,9.625688300000547,249.95445861217905,329.72827754927937,47.55813992051613,62.73648266370767,12.956758127826262,0.19026721981505337,-0.182296684971071,0.03856170032508288,12.957571334172156,0.1369065908937638,0.13639503661376734,0.19325377264887572,4.677218415613391
1161,9.637565000000905,249.95968398898225,329.7210632227691,47.55913413843296,62.73511001385972,13.183768007401191,0.19026721981505337,-0.1813024670542447,0.03993435017303426,12.99609602342623,0.03950048535353143,0.11119569833474609,0.11800326974841165,3.268392378575059
1162,9.641885000000912,249.9591249462202,329.71690215823133,47.55902777092087,62.73431829967865,13.032446808267348,0.19026721981505337,-0.1814088345663336,0.04072606435410364,13.034257046482121,0.015971219330485863,0.05851725561571661,0.060657638032630336,2.50478510681965
1163,9.653943200000867,249.9573372363109,329.71409950196016,47.558687628326595,62.73378504606183,13.00218256844058,0.19026721981505337,-0.18174897716060912,0.041259317970919085,13.081233886103066,-0.016657506895289827,0.036165152198992634,0.039816965850538254,4.351109139568818
1164,9.657664599999407,249.95404072997616,329.71829690918145,47.558060411231175,62.73458367506426,12.996129720475226,0.19026721981505337,-0.18237619425602958,0.040460688968494196,13.090628948851474,-0.19005960049356976,-0.06326743281405858,0.20031330408801298,8.422600788772467
1165,9.670318300000872,249.95765691100968,329.7148144006352,47.558748451942776,62.73392106784518,13.191642325930985,0.19026721981505337,-0.18168815354442813,0.04112329618757116,13.131852291235141,-0.22987054153402497,-0.12354584048331825,0.2609675086402049,7.506262626553302
1166,9.673365000000558,249.94511414840673,329.7209246694947,47.55636197537351,62.7350836517134,13.230743321143228,0.19026721981505337,-0.18407463011369174,0.03996071231934906,13.203758000971641,-0.23013517792017385,-0.06718613987565518,0.23974189768945514,7.271865183044601
1167,9.686000699999568,249.93025970775597,329.7287693753815,47.55353566224898,62.736576242092745,13.238563520185677,0.19026721981505337,-0.18690094323822137,0.03846812194000648,13.257483472752924,-0.22556588129902358,-0.02543254061358042,0.22699511212417464,6.802563769607091
1168,9.689945399999488,249.92964744647026,329.72201015390397,47.55341916899635,62.73529018381411,13.361711117123075,0.19026721981505337,-0.187017436490855,0.03975418021864385,13.268228261933398,-0.3014779142494065,0.02524470380233882,0.3025330194379455,6.169746758286557
1169,9.702011600000333,249.92040777226208,329.722380285058,47.551661161872765,62.735360607639755,13.264757079381646,0.19026721981505337,-0.1887754436144391,0.03968375639299637,13.270377219769493,-0.16718589316883672,0.13012302181191476,0.2118563751226895,1.4510650778349607
1170,9.706597300000794,249.91257035737215,329.715011269995,47.55016995873112,62.73395852563094,13.24536627183336,0.19026721981505337,-0.1902666467560863,0.04108583840181268,13.270807011336712,-0.17684009959292069,0.1779482817522838,0.2508744941252982,0.6014608248230104
1171,9.717621100000542,249.9060905873899,329.7067374366394,47.548937070911556,62.73238428636115,13.241488110323704,0.19026721981505337,-0.19149953457564806,0.04266007767159863,13.270892664474374,-0.19605737048420957,0.11690889775179289,0.22826778768525743,0.4808031474461897
1172,9.72206130000086,249.89974423498225,329.70391366824185,47.547729568082985,62.731847015798756,13.240712478021772,0.19026721981505337,-0.1927070374042188,0.04319734823399557,13.270909795101907,-0.21615786912894058,0.08164113387341825,0.23106167818680276,1.777181353081124
1173,9.733529999999519,249.89217238687056,329.7026584097363,47.54628889359391,62.731608181252746,13.362139382811385,0.19026721981505337,-0.19414771189329372,0.04343618278000605,13.295229932653195,-0.12703104104920676,0.03446975274414055,0.13162465287432837,1.8539294518550187
1174,9.737911500000337,249.88650287454968,329.7068535672778,47.54521017124691,62.732406382214855,13.264842732519309,0.19026721981505337,-0.19522643424029695,0.04263798181789724,13.324410671589234,-0.1658313066734925,0.023155793972027446,0.16744017757847995,1.9087332055879231
1175,9.750134699999762,249.89424076990696,329.70236341623354,47.54668243908376,62.731552053659115,13.366966959589801,0.19026721981505337,-0.19375416640344412,0.043492310373636656,13.330246819376443,-0.117628580481873,0.014529045474039427,0.11852247090137456,2.3372512731195703
1176,9.75427800000034,249.8875807308068,329.70048556841385,47.545415251960314,62.73119476077523,13.3873918050039,0.19026721981505337,-0.1950213535268901,0.04384960325752019,13.331414354109667,-0.012252671102903998,0.052181877814152,0.05360108507639586,1.054872648556619
1177,9.765715600000476,249.88572117147123,329.69580468067767,47.545061438775456,62.7303041412794,13.269893216957811,0.19026721981505337,-0.1953751667117487,0.04474022275335443,13.355964572482092,0.013672153991921971,0.0660320337893482,0.067432612889732,-0.7447620454205796
1178,9.770237900000211,249.8952584178678,329.69083502026706,47.54687606413202,62.72935857780965,13.367977056477502,0.19026721981505337,-0.19356054135518264,0.045685786223103264,13.336557904730796,-0.05181113467766631,-0.055153763511675294,0.07567252675898355,0.02697515808252715
1179,9.782297699999617,249.88786947507242,329.6979925685433,47.545470190528974,62.73072042462087,13.38759382438144,0.19026721981505337,-0.19496641495823042,0.04432393941188195,13.308359859754756,0.0014077707346466448,-0.09785170194218419,0.09786182806091137,-0.3988651931710949
1180,9.786604999999327,249.88318410460795,329.71012741459674,47.54457871811689,62.73302928804233,13.269933620833319,0.19026721981505337,-0.19585788737031606,0.042015075990420314,13.327036962185328,0.09374333127977932,-0.0812537891469533,0.12405640011772065,-1.0023032560056262
1181,9.79774560000078,249.88085690872035,329.7175785455437,47.544135929025394,62.73444699401209,13.246401580123695,0.19026721981505337,-0.19630067646181004,0.04059737002066299,13.306455671245661,0.023429205321743363,-0.10241038733509,0.10505624729701499,0.2852349902510835
1182,9.802472900000794,249.89155898426017,329.7135819532805,47.54617218318461,62.73368657351343,13.363278729110679,0.19026721981505337,-0.1942644223025951,0.04135779051932076,13.302339413057727,0.06776449031236714,-0.08331364272450338,0.10739268695456454,1.1099451196858439
1183,9.81341860000066,249.89441760861388,329.7076389575584,47.54671608569288,62.73255581624002,13.265070601779167,0.19026721981505337,-0.1937205197943257,0.04248854779272904,13.325832872845922,0.058663415331504834,0.029154231662646645,0.06550851488315015,0.5151920385605644
1184,9.829670400000396,249.90339489897963,329.70912867249507,47.54842416977225,62.73283926015934,13.367012533441773,0.19026721981505337,-0.19201243571495752,0.04220510387341392,13.354848276229344,0.09579116155040339,0.07153437274121338,0.11955380844897553,1.340171916298206
1185,9.83392989999993,249.89774279823123,329.7085397975183,47.54734876027673,62.73272721655469,13.387400919774294,0.19026721981505337,-0.19308784521047073,0.042317147478058814,13.360651356906027,0.10897431752395055,0.015944382047965125,0.11013457767069462,2.7554985352260255
1186,9.845116500000586,249.9063204651828,329.70356317203584,47.54898080912011,62.73178032786008,13.391478597040798,0.19026721981505337,-0.19145579636709442,0.043264036172672604,13.386128684467147,0.07831944792959279,-0.004538726336652518,0.07845085060568317,2.3944967500154117
1187,9.848599200000535,249.9154114456414,329.7057064668371,47.55071052469736,62.73218812660316,13.392294132494099,0.19026721981505337,-0.1897260807898462,0.04285623742958933,13.407741941727418,0.09244945918655653,0.036868139312731654,0.09952970511495435,3.598219565817188
1188,9.86126239999976,249.90851747322677,329.70564719776394,47.549398827732546,62.732176849641384,13.39245723958476,0.19026721981505337,-0.19103777775465858,0.042867514391367934,13.41206459317947,0.15871888951558027,0.0013902957581423264,0.15872497853631634,3.4165912293463556
1189,9.86502130000008,249.91198959779888,329.7019016065699,47.55005945922173,62.731464186418336,13.475078819743125,0.19026721981505337,-0.19037714626547597,0.043580177614416016,13.441398972102693,0.015400565330626559,0.1163121898963495,0.11732733241230436,3.0204047788227992
1190,9.877937000001111,249.91734371292628,329.7121575305487,47.551078171821594,62.733415552560416,13.409014177034564,0.19026721981505337,-0.18935843366561045,0.04162881147233577,13.447265847887339,-0.07013004982477485,0.1370167804358245,0.1539214800131039,1.9887051425069948
1191,9.881893699999637,249.90547575977453,329.69844801300826,47.548820089370516,62.73080708077299,13.538150491656914,0.19026721981505337,-0.19161651611668873,0.044237283259761284,13.448439223044264,0.026778183658134343,0.1345073929349341,0.13714703742400539,2.038365426496414
1192,9.893529000000854,249.90969566113503,329.69927783577157,47.54962299827027,62.730964968843104,13.421628511417321,0.19026721981505337,-0.1908136072169313,0.044079395189648096,13.46062595496042,0.005937801565584738,0.1224532615157155,0.12259714002891124,-0.1947992112076552
1193,9.89766249999957,249.917971858399,329.69953106782964,47.55119768731433,62.73101315060276,13.398324115369403,0.19026721981505337,-0.18923891817287597,0.044031213429988725,13.463063301343649,0.031433012329252094,0.048706775502965,0.057968821309279224,0.7834606148197832
1194,9.909220699999423,249.92231828198257,329.6916750643207,47.55202466924571,62.729518410656254,13.536012479323883,0.19026721981505337,-0.18841193624149355,0.04552595337649734,13.424206440786309,0.12366131223019623,-0.0924425164981371,0.1543947505552,1.257492822715724
1195,9.913092799999504,249.9265176808472,329.7022537880528,47.55282367719258,62.73153119500996,13.421200908950716,0.19026721981505337,-0.1876129282946266,0.043513169022794784,13.444904917307653,-0.05096033520088701,0.06063830460871701,0.07920833131436562,2.3132167259654572
1196,9.925321099999564,249.91947655766296,329.70524179173975,47.55148398225994,62.73209971416427,13.343866188870221,0.19026721981505337,-0.1889526232272658,0.04294464986848112,13.477514308656845,-0.11719532937321296,0.09795008483353526,0.152738221627046,2.940108374005416
1197,9.928949200000716,249.90414358399582,329.69090547967323,47.54856661998879,62.72937198392497,13.525120894024045,0.19026721981505337,-0.19186998549841405,0.04567238010778141,13.500465714718603,-0.11467094898394212,0.09900547496101067,0.15149755975966467,4.454082634073637
1198,9.942160300000978,249.90760022705365,329.67876122099256,47.5492243058533,62.727061329589084,13.561371072115357,0.19026721981505337,-0.19121229963390363,0.047983034443667805,13.549665370930953,-0.14427348635039094,0.32001593598143774,0.3510342407027726,4.642702399674132
1200,9.956948099999863,249.91414212081926,329.66829995668314,47.55046901379241,62.725070893913184,13.650769509632664,0.19026721981505337,-0.1899675916947956,0.049973470119567764,13.611892843132086,-0.10849924955813547,0.36437660157486496,0.3801873155826302,4.3824469514369735
1201,9.961493599999812,249.91553580486303,329.6543186415145,47.55073418618071,62.72241070794669,13.667199190012472,0.19026721981505337,-0.18970241930649223,0.05263365608605852,13.6404778639395,0.054585422920982195,0.2436016118167563,0.24964237155415767,3.1868594767000773
1203,9.977500799999689,249.9213672204089,329.6395696892646,47.55184371340422,62.71960446580691,13.65500354987589,0.19026721981505337,-0.1885928920829869,0.055439898225841944,13.662334699643951,0.06806559358275462,0.28770551594849025,0.2956474064438241,5.79066745607492
1204,9.989286300000458,249.92206848967254,329.63040481245287,47.55197714195735,62.717860690175996,13.668045998061118,0.19026721981505337,-0.18845946352985266,0.05718367385675549,13.666436939380723,0.0684665540683909,0.2512313132620369,0.26039362854986986,4.93443480297078
1205,9.992822700000033,249.9242465230529,329.62305530467574,47.552391550313295,62.71646231976423,13.670655250637614,0.19026721981505337,-0.1880450551739088,0.058582044268518985,13.725647432494094,0.08413265993936846,0.13939769233972918,0.16281898260987632,4.638321497844682
1207,10.009245799999917,249.9316848946903,329.6271787189934,47.55380682860469,62.7172468703426,13.671280708316521,0.19026721981505337,-0.18662977688251203,0.057797493690152635,13.724446319992087,-0.08962855950068131,0.0188002975928057,0.09157909077810952,7.679940298473861
1208,10.021339999999327,249.9403720903718,329.6255217915648,47.555459717175005,62.71693161136732,13.96325165557932,0.19026721981505337,-0.1849768883121996,0.05811275266542992,13.782596142657702,-0.1418936097543539,0.011478775275622022,0.14235715215945108,8.830700664992493
1209,10.025564800000211,249.9226197254738,329.6350181432037,47.55208202406072,62.71873845579204,13.648997987365865,0.19026721981505337,-0.18835458142648775,0.05630590824070936,13.85261599976895,-0.19672031610849247,-0.045054838388720556,0.2018138281487642,5.658092594692533
1210,10.037425599999551,249.90703508883917,329.6280767403908,47.54911677857642,62.717417734377214,13.95879511138919,0.19026721981505337,-0.1913198269107852,0.05762662965553744,13.924989142336603,-0.33593015399758314,0.06100233380579888,0.34142400778884024,9.935831079789569
1211,10.053871899999649,249.89346867211214,329.6183305254297,47.546535534182915,62.71556334915285,14.020754536193856,0.19026721981505337,-0.19390107130428902,0.059481014879899874,13.939463770850136,-0.33215717425185987,0.06507183312723303,0.3384711684523792,9.228944070456032
1212,10.05750420000004,249.88182587774483,329.6091190693457,47.544320292067766,62.713810711013295,14.033146421154788,0.19026721981505337,-0.19611631341943792,0.061233653019456824,14.016888268086044,-0.22806218005561024,0.2085199735622443,0.30901931549033734,6.072436674693464
1213,10.069665299999542,249.8917668942409,329.6061524480005,47.54621174163861,62.7132462602177,14.035624798146975,0.19026721981505337,-0.19422486384859639,0.061798103815050354,14.032377132936414,-0.17022019699902402,0.19970008732485112,0.26240243966842175,4.859843893105682
1214,10.07358159999967,249.88602384636295,329.6001922868048,47.545119027885605,62.712112236917356,14.036120473545411,0.19026721981505337,-0.19531757760159962,0.06293212711539553,14.035474905906488,-0.16791071046353162,0.1260625741970601,0.20996613846417528,4.685830624621322
1216,10.089503100000002,249.88930459861302,329.59456463023,47.54574324749513,62.71104147834679,14.036239435641036,0.19026721981505337,-0.19469335799207244,0.06400288568595869,14.036094460500504,-0.18507645704384112,-0.17107657222940623,0.25203271318950643,0.42410854175464163
1217,10.101834700000836,249.8798807761181,329.6111197952528,47.543950202988995,62.71419138356926,14.036243401044224,0.19026721981505337,-0.19648640249820915,0.06085298046349408,14.036218371419308,-0.17998681553888723,-0.18836639273891154,0.2605324388272971,0.1693957714329847
1218,10.105402299999696,249.8668360387561,329.6299299121921,47.541468217077906,62.717770332223694,14.036244194124862,0.19026721981505337,-0.1989683884092983,0.0572740318090581,14.036243153603067,0.05672848876673933,-0.23360204476490284,0.2403914240485749,0.011207876786455512
1219,10.118396500000017,249.87919603971832,329.63266405763784,47.5438199200979,62.71829055047622,14.03624435274099,0.19026721981505337,-0.19661668538930144,0.05675381355653286,14.03624414463663,0.10392780818466638,-0.24026046039736398,0.26177486155936003,0.0034259555300813547
1220,10.121978400000444,249.89622494376746,329.6314707629446,47.54705996232783,62.71806350561252,14.036244384464215,0.19026721981505337,-0.1933766431593753,0.05698085842023204,14.036244342843345,0.08656965014452286,-0.12449981464824895,0.15163940178460686,0.0014166901624282858
1221,10.133395599999858,249.91273879209422,329.6294329373182,47.55020200633741,62.71767577419612,14.03624439080886,0.19026721981505337,-0.19023459914979668,0.05736858983663495,14.03624438249687,0.22368770665909007,0.00391645650362861,0.22372198984889247,2.74099897601138e-05
1222,10.137533499999336,249.9076890925548,329.62240034858735,47.54924121404514,62.7163377030902,14.036244392077789,0.19026721981505337,-0.191195391442065,0.058706660942554834,14.036244390427573,0.2643871968918281,-0.15009831214225722,0.30402317870233636,1.2171792170630814e-05
1225,10.165266199999678,249.9062152653622,329.6750330041039,47.54896079304272,62.726351972126814,14.036244392392483,0.19026721981505337,-0.1914758124444873,0.04869239190593788,14.036244392013732,0.07473526472014816,-0.19607026517843693,0.20983066668133427,1.1051571831772711e-06
1226,10.169418999999834,249.91460694744407,329.6927145498541,47.550557455062005,62.72971619067874,14.036244392394513,0.19026721981505337,-0.18987915042519887,0.04532817335401518,14.036244392330964,-0.09885117124455958,-0.2348681858763198,0.25482272032386505,4.105480986838684e-07
1228,10.195197000000917,249.90868633356828,329.7152688414948,47.549430956320265,62.73400753304411,14.036244392395002,0.19026721981505337,-0.1910056491669394,0.04103683098864508,14.036244392394408,-0.023371229709390606,-0.3601781967200675,0.3609356559979199,2.7232015169229583e-08
1229,10.20061429999987,249.8918101026792,329.7198252059792,47.54621996278804,62.73487445984702,14.036244392395018,0.19026721981505337,-0.1942166426991676,0.0401699041857313,14.036244392394917,0.015333724034077064,-0.32106166995567575,0.3214276263911995,1.579319404765278e-08
1230,10.205537800000457,249.89556757693933,329.72767053489326,47.54693488696904,62.736367168768034,14.03624439239502,0.19026721981505337,-0.19350171851816356,0.03867719526471802,14.036244392395018,0.02342162080370904,-0.21940317060334955,0.22064977587089282,5.152866737941707e-10
1231,10.213896499999464,249.90362517060203,329.7349419257155,47.54846798291364,62.73775067608396,14.036244392395021,0.19026721981505337,-0.19196862257356173,0.03729368794878951,14.036244392395021,0.05530978600471777,-0.19995163664274831,0.2074604285737435,2.30501862982052e-11
1232,10.21759639999982,249.9118880431388,329.74081098191715,47.5500401366989,62.73886736509039,14.036244392395021,0.19026721981505337,-0.19039646878830752,0.03617699894235926,14.036244392395023,0.05289728522921339,-0.15210233578101634,0.16103801828966288,4.2940510955530484e-12
1233,10.229871999999887,249.9193553726011,329.74527659801834,47.55146092471514,62.73971702545073,14.036244392395021,0.19026721981505337,-0.18897568077206728,0.03532733858202164,14.036244392395023,0.10133467823137719,-0.11338728515601229,0.15207035689873155,1.8102825270739661e-13
1234,10.234062300000005,249.90603589515223,329.7435319790944,47.54892666477155,62.73938508165844,14.036244392395021,0.19026721981505337,-0.19150994071565464,0.035659282374311374,14.036244392395023,0.3194591292976237,-0.1447423890794584,0.35071996591016197,9.602188379303578e-14
1235,10.245264600000155,249.92884433145406,329.74998516762514,47.55326636253503,62.74061291189912,14.036244392395021,0.19026721981505337,-0.18717024295217755,0.034431452133631524,14.036244392395023,0.1935443296370158,-0.07278444640052519,0.20677761767771857,1.5749889225118145
1236,10.249527500000113,249.95738884775608,329.75720606973834,47.558697448292776,62.74198681286876,14.036244392395021,0.19026721981505337,-0.18173915719442846,0.033057551163992116,14.036244392395023,0.11968631227563103,-0.04426709612666266,0.12761030187891204,2.9940928615176974
1237,10.26140579999992,249.94461225710504,329.7535867957549,47.55626648191089,62.74129818367018,14.036244392395021,0.19026721981505337,-0.18417012357631535,0.033746180362570044,14.129785346984868,0.2303801761528432,0.10633714658886677,0.2537372938865653,4.090461800552733
1238,10.277225499999986,249.92353099396377,329.74748635958326,47.55225540858281,62.74013747064014,14.036244392395021,0.19026721981505337,-0.18818119690439516,0.034906893392609106,14.242034339904789,0.1671322028648142,0.16613503287015274,0.23565657720762248,5.1674819697728935
1239,10.281320800000685,249.92242632759252,329.7295733110872,47.55204522678353,62.73672920470439,14.50394916534424,0.19026721981505337,-0.1883913787036775,0.038315159328362824,14.264484138488774,-0.06933412883554019,0.23416647726936687,0.24421539774987203,5.615372473636107
1240,10.299524899999597,249.92923405382197,329.71145369154135,47.55334051392647,62.73328163506929,14.597489356994629,0.19026721981505337,-0.1870960915607327,0.04176272896346234,14.362515052795414,-0.007688092468520907,0.3045294592212287,0.3046264898188904,4.167619179720255
1241,10.308279799999582,249.93345368557465,329.7106316723971,47.554143371528696,62.73312523177208,14.148493385314943,0.19026721981505337,-0.1862932339585086,0.041919132260673564,14.382121235656742,0.062461581769052525,0.275493429752965,0.28248553774333984,2.7804482043004275
1242,10.314443299999766,249.936808855964,329.69735701477896,47.55478175047068,62.730599499573074,14.526398963928225,0.19026721981505337,-0.1856548550165229,0.04444486445967755,14.386042319641115,0.10335035295178305,0.16613296600388158,0.1956564791886663,4.958124531442662
1243,10.319355900001028,249.93931848596367,329.6992110798666,47.55525925079348,62.730952267382655,14.134275306701662,0.19026721981505337,-0.18517735469372099,0.044092096650096835,14.386826689025881,0.10844571173300757,0.24345467707806712,0.26651576348213346,4.952838081702648
1244,10.32627870000033,249.94488974111982,329.68882559711506,47.556319278022926,62.72897625045309,14.523554585266114,0.19026721981505337,-0.18411732746427845,0.04606811357966478,14.500154491857911,0.04009324414051285,0.32273992919047156,0.3252207406048719,6.301159456980085
1245,10.330508400000326,249.94703786496746,329.6760210965444,47.55672799557523,62.726539973728386,14.601411203918458,0.19026721981505337,-0.18370860991197446,0.04850439030436604,14.522820052424317,0.005815214144382904,0.3548341843073126,0.3548818325422998,7.187714056587927
1246,10.341428499999893,249.93268613250163,329.65224349435096,47.55399733133943,62.722015875465175,14.715132399475099,0.19026721981505337,-0.18643927414777295,0.053028488567576915,14.620894119127442,-0.008577278703410058,0.3920321916232203,0.39212601160706145,7.220333233269001
1247,10.345298100000946,249.93130690910198,329.6406457124549,47.553734910337674,62.719809197747786,14.639726766760255,0.19026721981505337,-0.18670169514953017,0.05523516628496594,14.640508932468068,0.047193810245809174,0.5045745415735113,0.5067767987286282,3.0059934937391413
1248,10.357452500000363,249.93291904294932,329.6333517357309,47.55404164656278,62.71842139307512,14.624645640217286,0.19026721981505337,-0.18639495892442426,0.056622970957633356,14.644431895136194,0.032864739916040296,0.3983803749823528,0.3997336792175873,1.0366982431779133
1249,10.361460899999656,249.9420195861768,329.6154836248507,47.555773181621475,62.715021677294594,14.621628651969239,0.19026721981505337,-0.18466342386572876,0.060022686738157915,14.625586513304585,0.08702583795909043,0.3201949895019903,0.3318106806217388,-0.7561095668233061
1250,10.383144100000209,249.9448669265735,329.6103528398064,47.556314937162625,62.71404545708875,14.621026017259084,0.19026721981505337,-0.184121668324579,0.06099890694400045,14.528276482348419,-0.04022418418730636,0.02382401902358089,0.046750068192145895,-1.7688769444326629
1251,10.393030700000963,249.94594497261016,329.60913880809613,47.556520053984855,62.71381446665047,14.620905490317053,0.19026721981505337,-0.18391655150234953,0.06122989738228313,14.528444755698201,-0.07524929490151988,-0.05849139882762583,0.09530844726459609,-1.8332132845092075
1252,10.399641100000736,249.9214838017463,329.640810092649,47.55186589501116,62.71984047391032,14.153176611979427,0.19026721981505337,-0.1885707104760428,0.055203890122434984,14.528478562956048,-0.14336086152119107,-0.2222639515592197,0.26448743028510313,1.4101675533107647
1253,10.405907500000467,249.9165472504854,329.6506047448419,47.550926631127275,62.72170407515212,14.625487006966198,0.19026721981505337,-0.1895099743599289,0.05334028888063358,14.528485324407619,-0.14080989019950163,-0.2938863051142585,0.325878175875137,6.8894598493560135
1254,10.410222399999839,249.91862045519946,329.64994061492143,47.55132109402433,62.721577712998545,14.621797688258475,0.19026721981505337,-0.1891155114628731,0.053466651034206336,14.578173261170587,-0.16170200500119958,-0.26185893331067117,0.3077623098691757,7.487858012664626
1255,10.414739400001054,249.9195164114073,329.6573734593944,47.55149156512107,62.72299193965174,14.62105982451693,0.19026721981505337,-0.18894504036613569,0.0520524243810101,14.681651650525135,0.04338891809097247,-0.04594195624852262,0.06319225867973295,8.765173072770104
1256,10.421617300000435,249.91649027838895,329.6507401543994,47.55091579120488,62.72172983915215,14.869345174131901,0.19026721981505337,-0.18952081428232503,0.05331452488060506,14.702347328396044,0.08067511240233913,0.007961725098081004,0.0810670267597589,8.8438580175766
1257,10.425336100001005,249.9227718615894,329.6474567671155,47.55211097057647,62.72110511818207,14.670568558752162,0.19026721981505337,-0.18832563491073273,0.053939245850685325,14.726116743511241,0.07433271868652588,-0.024578301827012254,0.07829077843545758,6.588802474137984
1258,10.437385999999606,249.92508612335632,329.6492222850406,47.55255129872878,62.72144103836921,14.728965396320746,0.19026721981505337,-0.18788530675842452,0.053603325663544865,14.730870473946391,0.024762271261248636,0.023432707267660165,0.03409196163184972,3.2219462883751353
1259,10.441344900000331,249.92632844612228,329.65199825924844,47.55278767202758,62.72196921526402,14.740644763834462,0.19026721981505337,-0.1876489334596272,0.05307514876873398,14.731821220033419,-0.017097052443877762,0.06381927718577157,0.06606973091199214,5.226413844228338
1260,10.45346840000093,249.91294044893291,329.65665190856214,47.55024037502346,62.72285465218093,14.644828476692673,0.19026721981505337,-0.1901962304637408,0.05218971185182397,14.805463879841788,-0.1003505995458488,0.08928309387735747,0.13431944640119814,4.4443995830431575
1261,10.456905099999858,249.9076479540301,329.6496900157148,47.54923338673242,62.72153003218421,14.87409890456705,0.19026721981505337,-0.19120321875478652,0.0535143318485396,14.850248716735104,-0.11276021640496221,0.1192667621153188,0.16413234583459152,4.794385415425917
1263,10.472626000000673,249.89980851775675,329.6252899979304,47.54774179898777,62.71688750863694,15.03878185779401,0.19026721981505337,-0.19269480649943205,0.058156855395814944,14.889261989045409,-0.13099921256736707,0.20104864468212014,0.2399611452335307,5.0324661016171595
1264,10.485418700000082,249.8980936089314,329.6170845234084,47.547415508053334,62.715326275812366,14.952889580787318,0.19026721981505337,-0.19302109743387064,0.05971808822038582,14.916695075636376,-0.07654730682159287,0.19874240816073668,0.21297425896846767,3.4572858684668306
1265,10.489254000000074,249.8974588880727,329.611531262688,47.547294741480194,62.7142696723342,14.935711125385978,0.19026721981505337,-0.1931418640070106,0.06077469169855476,14.922181692954569,-0.019791914022194993,0.11373864557747206,0.11544782093422017,1.070530190622507
1266,10.501836900000853,249.90156885409826,329.61712384350403,47.548076733289406,62.71533375713765,14.78199390964751,0.19026721981505337,-0.19235987219779815,0.0597106068951021,14.899513242887789,-0.0038435713726860795,0.08201236374310705,0.08210238027992021,1.9986407527217689
1267,10.517688199999611,249.90079962319254,329.6204217079463,47.54793037386358,62.71596123263641,14.901531991158018,0.19026721981505337,-0.192506231623625,0.059083131396342026,14.916911162981854,-0.008365653793366625,0.08998436847924893,0.09037240028902474,2.134056536980597
1268,10.521256100000755,249.90051576273174,329.617858722885,47.54787636452289,62.71547358059436,14.92543960746012,0.19026721981505337,-0.1925602409643119,0.05957078343838873,14.942322357108091,-0.05396142418553769,0.08816538024948153,0.10336812649297268,3.424391347780188
1269,10.533709900000758,249.89736633692317,329.60726161675643,47.54727713203028,62.7134572986732,15.03987918125765,0.19026721981505337,-0.19315947345692308,0.061587065359553606,14.977460900864978,-0.06672705758447031,0.11163788939147863,0.13005967307995678,3.879327567395249
1270,10.53738390000035,249.89235611059797,329.60211752821255,47.54632385019674,62.71247854724747,15.062767096017156,0.19026721981505337,-0.1941127552904618,0.0625658167852805,15.006420219723779,-0.10077657481350005,0.14034766645953184,0.17278132280943148,3.7205598387283327
1271,10.549624900000708,249.89224796319638,329.6000075314672,47.54630327329131,62.71207708403292,14.957686628431947,0.19026721981505337,-0.19413333219589646,0.06296727999983176,15.01221208349554,-0.09502947285264766,0.11479705229273035,0.14902672218683455,1.9218242436081068
1272,10.553438700000697,249.88865036970535,329.5979236357965,47.54561876917975,62.711680586997275,15.046328585452015,0.19026721981505337,-0.19481783630745753,0.06336377703547669,15.01337045624989,-0.10144958104383522,0.11379783842751788,0.15245315846103405,0.49210593949988846
1273,10.565033599999879,249.88947902919392,329.59737977369525,47.54577643591681,62.7115771078673,14.95439892631892,0.19026721981505337,-0.19466016957039756,0.06346725616545257,14.99167052069334,-0.049131118684535104,0.04316841403166885,0.06540167270952219,-0.6304670363668027
1274,10.56991680000101,249.88742026389028,329.59335281695894,47.545384720366236,62.71081091000477,15.04567104502941,0.19026721981505337,-0.19505188512096794,0.06423345402798475,14.970540525037107,-0.03637100223779557,-0.1253673576623253,0.13053667749339692,-0.49061332760523385
1275,10.581212900000537,249.88754644170498,329.5985029991616,47.54540872786824,62.71179082085401,14.954267418234398,0.19026721981505337,-0.195027877618962,0.06325354317873888,14.9961755183375,-0.022128939562048686,-0.12448560276187368,0.1264371593366753,-1.1794991623661266
1276,10.585585900000297,249.8889741653579,329.61711689969275,47.545680376878344,62.71533243595798,14.852036650150787,0.19026721981505337,-0.19475622860885977,0.059711928074769105,15.001302516997578,-0.02570604748356274,-0.14935490039360239,0.15155093912216472,-1.7442796704719963
1277,10.59758839999995,249.88214420662268,329.61028050666147,47.54438085961834,62.714031694462356,15.174503551953986,0.19026721981505337,-0.1960557458688612,0.06101266957039542,14.963606298077252,-0.0016387371617191619,-0.24165330746593328,0.24165886383228338,-0.9715519121156821
1278,10.602769799999805,249.88202744569864,329.6134237033255,47.544358643841946,62.71462974175296,14.980033919619313,0.19026721981505337,-0.19607796164525837,0.06041462227979366,14.939277503511935,-0.13631537590697237,-0.36190453816168516,0.3867257121664938,-1.4761168433998455
1279,10.613268999999491,249.88424129745982,329.63023123100714,47.544779867261624,62.71782766331691,14.857189950427768,0.19026721981505337,-0.19565673822557983,0.057216700715841284,14.934411744598872,-0.14706668445076654,-0.247536520867965,0.28792870443698,-0.903209561548024
1280,10.61710850000054,249.87069563930635,329.64411481458774,47.5422025725442,62.720469254165856,14.832623445407819,0.19026721981505337,-0.1982340329430059,0.05457510986689584,14.933438592816259,-0.16292494141604186,-0.17252040572007663,0.23729270305940828,1.7819478719036805
1281,10.629889899999398,249.87125743643793,329.66010554690865,47.542309464122525,62.723511766347364,14.82770785558547,0.19026721981505337,-0.19812714136467946,0.051532597685387316,14.985036564998797,-0.1804545409376786,-0.08802255614985519,0.20077801606795184,4.167360937330951
1282,10.634658099999797,249.86655703489072,329.6479899487389,47.54141513178812,62.72120656516721,15.169637793040923,0.19026721981505337,-0.19902147369908363,0.05383779886554407,15.034077930675542,-0.2625710339974474,0.047558946160909284,0.26684340211896745,5.126912180777246
1283,10.645497999999861,249.86131928191605,329.6304957171652,47.540418559091556,62.717877986362886,15.238023780532014,0.19026721981505337,-0.20001804639564824,0.05716637766986565,15.112468357131204,-0.1413775032822469,0.2296265121391558,0.2696589206970828,5.229284370147874
1284,10.64911519999987,249.85427635368214,329.6233984654241,47.53907852071713,62.71652761200577,15.102396778811482,0.19026721981505337,-0.2013580847700709,0.05851675202698203,15.128146442422336,-0.08108009619183093,0.14014875632177673,0.16191249456733509,4.458240419376853
1285,10.661249799999496,249.85011236234632,329.609218756981,47.538286249662335,62.713829678302524,15.224575577686124,0.19026721981505337,-0.20215035582486962,0.061214685730227814,15.131282059480563,-0.046674719879621046,0.0720501357245702,0.08584725699619108,1.8465936358675963
1286,10.664700499999526,249.85573182593814,329.6216497820187,47.5393554493768,62.7161948948759,14.906098282041132,0.19026721981505337,-0.2010811561104049,0.058849469156854184,15.131909182892208,-0.053258267692921565,0.15947595866618683,0.16813394800024836,-3.030765831673242
1287,10.677348999999595,249.85469910028337,329.61214614911796,47.53915895553764,62.714386665065724,15.185315878332055,0.19026721981505337,-0.2012776499495672,0.06065769896702733,15.096833070816492,0.04916564699506085,0.023272564002859993,0.05439552444558422,-4.042984135827234
1288,10.68077699999958,249.852449646897,329.5987381364006,47.53873095829571,62.71183555976275,15.24115939759024,0.19026721981505337,-0.20170564719149553,0.06320880427000475,15.038025245862286,0.07785532151772402,-0.05449312260346359,0.09503131852028728,-4.132936442010796
1290,10.69696020000083,249.86449827199846,329.62490930796355,47.541023416696355,62.71681507581533,14.927016218432907,0.19026721981505337,-0.19941318879084946,0.058229288217418684,15.026263680871446,0.0906556333166034,-0.09814368787812844,0.1336062398331528,-8.319731751366556
1291,10.709252900000138,249.86954787732577,329.6356661087292,47.54198419106314,62.71886174239112,14.930536452915097,0.19026721981505337,-0.19845241442406092,0.056182621641632124,15.023911367873279,0.07530359854093414,-0.13484298954712662,0.15444501864165344,-6.960762612405995
1292,10.712580400000661,249.87608600497597,329.6514702381198,47.54322818243394,62.72186875015187,14.847290457086926,0.19026721981505337,-0.19720842305326158,0.053175613880881656,14.954858294189659,0.10958133889698875,-0.31175157694174227,0.33044986845226576,-3.611477466356891
1293,10.725324200000614,249.86990422219125,329.6541853085534,47.54205199181,62.72238533905487,15.173554313341214,0.19026721981505337,-0.19838461367720583,0.05265902497788488,15.006110056054728,-0.0006002101558697931,-0.31702682688582995,0.3170273950584227,-0.09209745409418924
1294,10.741324700000405,249.8738176082822,329.66598773338836,47.54279658090158,62.72463095361529,14.89589402917215,0.19026721981505337,-0.19764002458562402,0.0504134104174625,14.99957039988282,-0.0052560265680658,-0.3136373820538884,0.3136814199739936,0.15130969021728463
1295,10.745312500001091,249.86524013815455,329.6729895480932,47.54116456950735,62.725963169432845,15.183275027758258,0.19026721981505337,-0.19927203597985255,0.04908119459990701,15.066845079732424,-0.10231751997768902,0.03030133458797668,0.106710101547123,9.235552776624317
1296,10.758430600000793,249.86902381017342,329.68330018243347,47.54188447826307,62.727924945163295,14.897838172055557,0.19026721981505337,-0.19855212722413285,0.04711941886945681,15.080300015702347,-0.09577474134922509,0.11358452837997611,0.14857404271208535,8.786580963990048
1297,10.762403200000335,249.8666967179242,329.66626266767867,47.54144170889056,62.72468326459834,15.18366385633494,0.19026721981505337,-0.19899489659664482,0.05036109943441147,15.178299993374846,-0.22981031944146035,0.18066637353939913,0.2923236587237915,12.268451211156844
1298,10.773434000000634,249.8632424778209,329.64447094035717,47.54078448022953,62.72053701322591,15.240828993190817,0.19026721981505337,-0.1996521252576713,0.0545073508068441,15.197899988909347,-0.17363085380700427,0.25484571029286107,0.3083731659019996,9.579605835784648
1299,10.777698699999746,249.84926398859585,329.6400987531557,47.538124831947464,62.71970512932258,15.385893917534649,0.19026721981505337,-0.2023117735397406,0.05533923471017488,15.270402599100231,-0.26528838616744405,0.22762960594936216,0.34956138994458297,11.273561338133698
1300,10.789732600000207,249.84114595320364,329.63776974444124,47.536580235923026,62.71926199530955,15.281275005430759,0.19026721981505337,-0.2038563695641784,0.05578236872320019,15.31162950053294,-0.27969704014546226,0.05829831132134313,0.2857081156863637,6.83166228700559
1301,10.793415600001026,249.83333717799817,329.6432986372822,47.535094481974525,62.72031396237906,15.26035122300998,0.19026721981505337,-0.2053421235126791,0.054730401653692695,15.346601260214012,-0.35535691797603813,-0.044217855546224524,0.3580974139847082,7.7556593502224285
1302,10.805407400001059,249.82177194708743,329.6452301768987,47.53289399764262,62.72068147105185,15.389798363498482,0.19026721981505337,-0.20754260784458722,0.054362892980904576,15.376094872350398,-0.2323389029937096,-0.045706183007412346,0.2367919361157121,4.775044750532752
1303,10.810507600001074,249.81003435640076,329.6488945193223,47.53066071889534,62.72137867529724,15.415687791596183,0.19026721981505337,-0.20977588659186353,0.053665688735513584,15.408719974172207,-0.23508203966167993,-0.05657577853239471,0.24179409440274224,4.208141970944589
1305,10.826360000000932,249.80932179601774,329.6332625877555,47.53052514201231,62.718404431137685,15.533361978216583,0.19026721981505337,-0.20991146347489575,0.056639932895066636,15.441971373931102,-0.22644127398352312,-0.018974829850178666,0.22723488889500268,0.9257713437243573
1306,10.837605300001087,249.80092511453176,329.6342983129545,47.5289275287703,62.71860149569179,15.444400514539803,0.19026721981505337,-0.21150907671690078,0.056442868340958796,15.44862165388288,-0.20713201032015002,-0.018921769708084214,0.20799447845592564,-0.01576996250562862
1307,10.841277200001059,249.7939736492384,329.6361823052894,47.527604892795296,62.71895995767551,15.426608221804447,0.19026721981505337,-0.2128317126919086,0.05608440635724321,15.423225330478704,-0.05736383523341085,0.15474706711837097,0.16503716058640708,-1.5844460643365315
1308,10.853543999999602,249.78836767988773,329.6381410353067,47.526538260592574,62.71933263979027,15.423049763257374,0.19026721981505337,-0.21389834489463055,0.05571172424248516,15.395646805597696,-0.06419173286473356,0.1100319059886215,0.12738759320933163,-2.1057354089406015
1309,10.857357000000775,249.79459939677858,329.623478740272,47.52772395204007,62.7165428856779,15.288706174575303,0.19026721981505337,-0.21271265344713441,0.05850147835484876,15.390131100621495,0.15541537466298405,0.01525468368754783,0.15616223633146026,-1.3859691102702496
1310,10.869693000000552,249.79183145930207,329.6258098706149,47.527197304271795,62.716986423367274,15.395469353811546,0.19026721981505337,-0.21323930121540968,0.05805794066547776,15.383853504834129,0.2439566338336715,0.06240689724484265,0.25181235079952774,0.7892802249077502
1311,10.873286199999711,249.80988489729623,329.6350901629662,47.530632281727044,62.71875215879203,15.416821989658795,0.19026721981505337,-0.20980432376016012,0.05629220524072309,15.398909783772357,0.3133266737301056,0.08888473391668235,0.32569019081668926,1.4528961300223784
1313,10.889688700000988,249.8169971624653,329.6231815995409,47.53198551264735,62.7164863495371,15.395220242867603,0.19026721981505337,-0.20845109283985153,0.058558014495652344,15.463861194589299,0.1681222782255895,-0.02392065208437095,0.1698154823091936,1.8633394517473965
1314,10.901830799999516,249.83358278671008,329.61667186472897,47.535141213261305,62.71524776039271,15.49833115794852,0.19026721981505337,-0.20529539222589932,0.05979660364004502,15.476851476752687,0.15430833565855506,-0.020087306243871356,0.15561028990991685,2.057105926097568
1315,10.906120400000873,249.82422516445095,329.61289294176817,47.53336076448998,62.71452875522706,15.613463228660018,0.19026721981505337,-0.2070758409972271,0.0605156088056944,15.479449533185365,-0.0866064025234969,0.06020646480211342,0.10547742584093571,0.5724823626979736
1316,10.918500199999471,249.81695335532171,329.61398525936784,47.53197717758393,62.7147365874599,15.46042076462849,0.19026721981505337,-0.20845942790327143,0.06030777657284858,15.48514359926403,-0.12404252014076785,0.01481952053308479,0.1249246372486361,-0.9213566797621632
1317,10.923193500000707,249.810820980432,329.6162038343732,47.530810387662804,62.715158709558125,15.429812271822184,0.19026721981505337,-0.20962621782440038,0.059885654474626904,15.46997061438406,-0.23295449674399157,-0.08096673841216248,0.24662402616604476,-1.5141462656159934
1318,10.934092499999679,249.8048246909088,329.6212903384761,47.529669490326015,62.71612650455236,15.423690573260924,0.19026721981505337,-0.21076711516118962,0.0589178594803883,15.431722241773299,-0.16398394408215258,-0.1303449454203493,0.20947682142273494,-1.093581462917198
1319,10.938131200000498,249.79878231408463,329.62929109047843,47.52851982408661,62.71764878539227,15.42246623354867,0.19026721981505337,-0.21191678140059622,0.05739557864048095,15.424072567251148,-0.15266958678853348,-0.14385513669467806,0.20976725932238824,0.007763006413688878
1320,10.950567600000795,249.79419325918522,329.63447273599854,47.52764667736932,62.71863468267945,15.42222136560622,0.19026721981505337,-0.21278992811788555,0.056409681353301266,15.457756407981481,-0.16920915443912543,-0.005454269451741212,0.16929703778051167,5.949719787845355
1321,10.96572759999981,249.78979587339006,329.64119264689026,47.52680999899962,62.71991326144222,15.42217239201773,0.19026721981505337,-0.2136266064875869,0.055131102590529224,15.548211132670517,-0.15858324864603923,0.08371864664236266,0.17932500814655017,6.987204482361438
1322,10.969572800000606,249.7831003660526,329.62902527353896,47.525536063433265,62.717598209142224,15.59823147547386,0.19026721981505337,-0.2149005420539396,0.05744615489052762,15.650020034151293,-0.11917635411389693,0.3607043071151127,0.3798823509341734,7.554597427011994
1323,10.98170680000112,249.77981287227487,329.6062538159433,47.524910561132025,62.71326554721436,15.8759641967061,0.19026721981505337,-0.21552604435517964,0.06177881681838926,15.670381814447449,-0.10962463341240146,0.3585871782552567,0.3749697649942868,7.026728204227108
1324,10.986025899999731,249.77782370146716,329.5833719256655,47.5245320871327,62.70891187356709,15.931510740952548,0.19026721981505337,-0.21590451835450608,0.06613249046566239,15.674454170506678,-0.09398730598654367,0.32453469187426115,0.3378703596300359,5.840326070215106
1325,10.997805599999992,249.77643376960506,329.58893532760777,47.52426762866157,62.70997040658736,15.524030267086996,0.19026721981505337,-0.21616897682563518,0.06507395744539224,15.675268641718525,-0.02825913816686207,0.22508504528423035,0.22685205862089466,0.5455311240226699
1326,11.00250539999979,249.7770018139833,329.5952242493824,47.52437570888615,62.711166982249054,15.442534172313884,0.19026721981505337,-0.2160608966010571,0.06387738178369773,15.675431535960893,-0.019628672736538916,0.292451821666748,0.2931097964749686,3.9216801151934577
1327,11.013611599999422,249.77684627869115,329.5891060501386,47.52434611561853,62.710002889488656,15.60230383153309,0.19026721981505337,-0.21609048986867663,0.06504147454409548,15.675463809633587,-0.03997395185533861,0.15915011612624777,0.16409349862176464,5.528233651716324
1328,11.01812290000089,249.77664717758296,329.5726534046245,47.52430823320421,62.706872490368085,15.876778667917947,0.19026721981505337,-0.21612837228299497,0.06817187366466726,15.759188220911094,-0.04711551135917916,0.3228575362762832,0.32627727493809383,8.928264594746325
1329,11.029315699999643,249.76550807735472,329.5525642910975,47.52218882757254,62.703050190588755,15.931672109316013,0.19026721981505337,-0.21824777791466232,0.07199417344399706,15.859650754533783,-0.07958606442804807,0.41800954731642626,0.4255184171088591,9.126516012322172
1330,11.033334400000967,249.76427969878205,329.5371736655478,47.521955107396636,62.70012185905421,15.942652323474531,0.19026721981505337,-0.2184814980905685,0.07492250497854513,15.928247136990745,-0.1614229229974688,0.5026595625060845,0.5279431748283663,9.23875368186611
1331,11.04670679999981,249.75448545203926,329.521630147344,47.5200915832987,62.69716443705942,15.94484684042733,0.19026721981505337,-0.2203450221885035,0.07787992697333124,15.941966108306355,-0.19550903586297147,0.40617494423308936,0.4507791792295003,5.53796169345784
1332,11.05157060000056,249.74395736154497,329.50813123068366,47.51808843279039,62.69459603571594,15.94528574381789,0.19026721981505337,-0.22234817269681173,0.08044832831681248,15.944709749981584,-0.24278257751828203,0.43319363804531696,0.496588469448655,3.749038946222548
1333,11.061567099999593,249.73456188066945,329.49702029546387,47.516300780765384,62.69248198896213,15.945373524496,0.19026721981505337,-0.22413582472182014,0.0825623750706228,15.945258173140848,-0.185490250511793,0.2887562265615643,0.34320080333967923,0.33551287528699225
1334,11.065097500000775,249.72666262592907,329.4881771930066,47.514797811527316,62.690799436443044,15.94539031769217,0.19026721981505337,-0.22563879395988806,0.08424492758970814,15.945367705184811,-0.1761495616185045,0.27790565701448566,0.32902921186278317,0.13050385759361713
1335,11.078244300000733,249.74243759862094,329.487728807529,47.51779927172406,62.69071412338481,15.945394439270856,0.19026721981505337,-0.22263733376314576,0.08433024064794381,15.945389611593605,-0.1146669613035359,0.18661403764214926,0.21902810563873326,0.01770340027240658
1336,11.083094699999492,249.7400756472138,329.48347394992913,47.51734986979649,62.689904563458576,15.94539450064714,0.19026721981505337,-0.22308673569071402,0.0851398005741757,15.945393840287473,-0.1408074734984347,0.17653790607452402,0.22581491729775038,0.00674198929948049
1337,11.093948899999305,249.73411788030933,329.4793889952948,47.51621630205126,62.689127330497236,15.945395275861852,0.19026721981505337,-0.22422030343594201,0.08591703353551594,15.945394838614138,-0.07184726493383028,0.08775453406093556,0.11341467156732368,0.0005400887563879374
1338,11.097615000000587,249.7281537986906,329.4762849319292,47.515081532822926,62.68853672899053,15.94539466796534,0.19026721981505337,-0.22535507266427857,0.08650763504222425,15.94539503827947,-0.15876124644356737,0.09781197558108332,0.18647336522782434,0.00020880958205837127
1339,11.109731399999873,249.72300066891094,329.4742042896229,47.5141010611464,62.68814085096348,15.945395309325491,0.19026721981505337,-0.22633554434080594,0.08690351306927369,15.945395230800429,-0.1509302320432954,0.06579920628650664,0.16464953839163124,3.457436112984141e-05
1340,11.113622200000464,249.718782698966,329.4730432599057,47.51329851973171,62.687919945067065,15.945395437597522,0.19026721981505337,-0.22713808575549166,0.08712441896568635,15.945395269304619,-0.1535655792459249,0.04993183585416012,0.16147933416045296,1.625374581804795e-05
1341,11.125512900000103,249.71543938812042,329.4726156733749,47.512662397272145,62.68783858936662,15.945395463251927,0.19026721981505337,-0.22777420821505956,0.08720577466613122,15.945395277005458,-0.09730115729752205,0.01585206680338959,0.0985839907559856,5.366129777650749e-06
1342,11.129642100000638,249.7128869466395,329.4727834349453,47.51217675132783,62.687870508894214,15.94539546838281,0.19026721981505337,-0.22825985415937566,0.0871738551385377,15.945395278545625,-0.09189959573873467,0.0012643958709531462,0.09190829338999469,2.191003762528833e-06
1343,11.142205699999977,249.711024318447,329.47339757992773,47.51182235424009,62.68798736055258,15.945394706469532,0.19026721981505337,-0.22861425124711587,0.08705700348016876,15.94539527885366,-0.05338176997388736,-0.01425244662509293,0.05525165699185994,-2.5692929436844044e-06
1344,11.146716600000218,249.70974613088129,329.4743522025991,47.51157915704556,62.688168993954235,15.94539531702633,0.19026721981505337,-0.22885744844164435,0.08687537007851631,15.945395278915266,-0.046247089810566376,-0.02793173155276947,0.054027538750923775,3.1396081984087708e-06
1345,11.157689100000425,249.70895737622618,329.47555216197793,47.51142908289022,62.68839730688914,15.94539543913769,0.19026721981505337,-0.2290075225969872,0.08664705714361531,15.945395126339697,-0.022976197673891266,-0.031126634606851583,0.038688151177048734,3.4952521457544164e-06
1346,11.161870800000543,249.70856563800186,329.4769050082679,47.511354547947384,62.688654709191574,15.945395463559962,0.19026721981505337,-0.22908205753982003,0.08638965484117733,15.945395248412474,-0.016916384360856608,-0.03272078172061319,0.03683495101465792,3.55139674753782e-06
1347,11.173220000000583,249.70849059162936,329.47831896446934,47.51134026908273,62.688923738706954,15.945394705504961,0.19026721981505337,-0.22909633640447424,0.08612062532579756,15.94539527282703,-0.002437792793515113,-0.0385918101078017,0.038668729499438434,3.5991412212720216e-06
1348,11.189216900000247,249.7086663795968,329.47977108633216,47.511373715770574,62.689200029896625,15.945395316833416,0.19026721981505337,-0.22906288971663002,0.08584433413612658,15.94539527770994,0.07121279129184521,-0.0585399435779827,0.09218560971046025,6.383399330815523e-06
1349,11.193086400000539,249.70904220525077,329.4811869732432,47.51144522307289,62.68946942676276,15.945395439099107,0.19026721981505337,-0.22899138241431416,0.085574937269989,15.945395278686522,0.10702669478747738,-0.06637565279284531,0.12593824153452435,5.469708432908957e-07
1350,11.205277500001102,249.73176113114667,329.48891094008815,47.515767889940285,62.69093904446029,15.945395463552245,0.19026721981505337,-0.22466871554691892,0.08410531957245837,15.945395278881838,0.10298768891138699,-0.06342488199403461,0.12095114601881966,1.1685354344509062e-07
1351,11.209184200000891,249.7350719356187,329.49097926090093,47.51639782750253,62.69133257811103,15.945395468442872,0.19026721981505337,-0.2240387779846742,0.08371178592172157,15.9453952789209,0.25624490704042047,-0.22290719145698085,0.33963078244969613,5.588144183107889e-08
1352,11.221635300000344,249.7336680388363,329.49156500565493,47.516130711964834,62.69144402613689,15.945394706481544,0.19026721981505337,-0.22430589352237007,0.08360033789585941,15.94539527892871,0.2787457550638894,-0.26450380904223336,0.38426743417051107,5.411088180127079e-09
1353,11.225748099999691,249.75027720868368,329.5091751259255,47.51929089253513,62.69479465476138,15.945395317028732,0.19026721981505337,-0.22114571295207242,0.08024970927137076,15.945395278930276,0.28652399014544916,-0.2728404869100086,0.3956487434911932,7.906066009090247e-06
1354,11.237032799999724,249.75804583415334,329.525639728747,47.52076900730503,62.6979273289656,15.945395439138169,0.19026721981505337,-0.21966759818217696,0.07711703506715395,15.945395278930588,0.2415891285846973,-0.2421775429777072,0.34207494701166385,0.8161286940360979
1355,11.240893899999719,249.7660304709895,329.52893190484303,47.522288221957076,62.69855372215852,15.945395463560057,0.19026721981505337,-0.2181483835301279,0.07649064187422994,15.945395431518541,0.3868496089658062,-0.3842799182689605,0.5452739454089074,4.442440518026221
1356,11.25323759999992,249.76191548517903,329.52552063490214,47.52150527504734,62.69790466931083,15.945395468444435,0.19026721981505337,-0.21893133043986523,0.07713969472192161,15.995765182495116,0.2807491894634276,-0.27710383263207383,0.3944700767406268,6.490410597707152
1357,11.256571199999598,249.77426488203696,329.53812606937004,47.523854960453896,62.7003030702816,15.94539546942131,0.19026721981505337,-0.21658164503330823,0.07474129375115268,16.056208547973636,0.4272571625772881,-0.2333320466401147,0.48681878246721316,10.688914205700005
1358,11.269530800000211,249.79046716045065,329.5571160510339,47.526937722922334,62.70391624129712,16.19724407191161,0.19026721981505337,-0.21349888256487048,0.07112812273562952,16.18891291320801,0.33927095100563764,-0.19308491999358252,0.3903672175339496,11.725284700671404
1359,11.27319449999959,249.80709478693882,329.5582472134421,47.530101415186365,62.70413146442369,16.24761226653076,0.19026721981505337,-0.2103351903008388,0.07091289960906266,16.26582320153809,0.4076272096310131,-0.32512335421835803,0.5214068828561451,11.61951068122584
1360,11.285883200000171,249.80399613936166,329.5556460929113,47.52951184412667,62.70363655645188,16.608917289731934,0.19026721981505337,-0.21092476136053762,0.07140780758086862,16.331574674487307,0.286788150858031,-0.2240940376280556,0.363958213498491,8.03557382593888
1361,11.289585700000316,249.80941273112947,329.5674698728372,47.5305424439832,62.705886234186096,16.329946910094826,0.19026721981505337,-0.2098941615040033,0.06915812984665592,16.344724969077152,0.049008658204414496,-0.23066456937606683,0.23581346896316902,1.905787897890093
1362,11.301577399999587,249.81575650309486,329.5809772704554,47.5317494558382,62.70845624917784,16.274152834167403,0.19026721981505337,-0.20868714964900192,0.06658811485490901,16.34726570864551,-0.10044386057087967,-0.23935626123449616,0.25957732743546513,-3.091001328621256
1363,11.304994399999487,249.79867713236553,329.58657427366853,47.52849981145334,62.70952117541851,16.262995544860825,0.19026721981505337,-0.21193679403386767,0.06552318861424311,16.277527884879497,-0.14240596356233257,-0.24614258383442497,0.2843688274667308,-4.334145945313704
1365,11.321108100000856,249.8085232778041,329.59522984657207,47.53037321017183,62.71116804721077,16.26031596437256,0.19026721981505337,-0.2100633953153732,0.06387631682198247,16.21321121001887,-0.1085370509228199,-0.435415586272921,0.44873937223338706,-3.9873781087490388
1366,11.3335502000009,249.79176476110143,329.5948981598852,47.52718461379059,62.711104938107006,16.260228170901858,0.19026721981505337,-0.21325199169661602,0.06393942592574575,16.200348180222527,-0.10087055735218055,-0.42179093888720387,0.43368475355710684,-3.6580303402701158
1367,11.336978600000293,249.7998317542402,329.622899039483,47.52871949814737,62.71643258762046,16.008363535791702,0.19026721981505337,-0.21171710733983673,0.05861177641229176,16.218469238814038,0.19177918411515088,-0.22845906154218784,0.2982830841006746,0.678798045757245
1368,11.350110700001096,249.8094244912944,329.6329891641676,47.53054468155709,62.71835240759179,16.209837685185686,0.19026721981505337,-0.20989192393011535,0.056691956440964475,16.242876739608512,0.14743470943549802,-0.21598914769472916,0.26151157807681336,2.3468205023639737
1369,11.353938899999775,249.81973054298962,329.61981040139347,47.53250558536041,62.71584492103815,16.353600837818387,0.19026721981505337,-0.207931020126793,0.05919944299460411,16.247757934591625,0.2099978023734713,-0.23620260506146262,0.31605497566010377,3.0565410398468362
1370,11.36574599999949,249.81318611475132,329.6222835329655,47.53126039519423,62.7163154769066,16.382353468344927,0.19026721981505337,-0.2091762102929735,0.05872888712615065,16.29910328369567,0.14318517011240778,0.12011602507407679,0.18689529801392918,2.032842157206564
1371,11.369829499999469,249.81439958654914,329.62434377142495,47.53149127909953,62.71670747275043,16.284634145817424,0.19026721981505337,-0.2089453263876777,0.05833689128232322,16.309372353516476,0.06032686567774308,0.18276185060677297,0.19246096944500946,0.6997793414559135
1372,11.38212200000089,249.8217410709537,329.60963818895,47.532888122926494,62.71390948245716,16.265090281311924,0.19026721981505337,-0.20754848256071057,0.06113488157559033,16.31142616748064,-0.03362395149951369,0.07325434262087542,0.08060253610934494,-0.5389941120593172
1373,11.386674700001095,249.81515359049234,329.6056413587609,47.53163474133353,62.71314901668901,16.26118303428973,0.19026721981505337,-0.20880186415367774,0.06189534734374291,16.28954270260402,-0.037506352289540926,0.08982127379971211,0.09733749374763048,-1.4388884821681254
1374,11.397804600001109,249.81763803751568,329.5993549808035,47.53210745016143,62.71195292503235,16.363869907639195,0.19026721981505337,-0.2083291553257709,0.06309143900040226,16.23479689952127,-0.03415620418728863,0.049819121999917414,0.06040356944193289,-1.6888342712271414
1376,11.41349210000044,249.80734226839698,329.59581120302386,47.53014850279536,62.711278660286574,16.27293614396182,0.19026721981505337,-0.21028810269184106,0.06376570374617785,16.232431418103943,-0.1143409109131778,0.006844729227968008,0.11454559889694349,-1.5576912418467492
1377,11.429476200000863,249.8134993854586,329.62067826462317,47.531320000340756,62.71601004696204,16.010905130403692,0.19026721981505337,-0.20911660514644836,0.059034317070711495,16.252651986371255,-0.049528193058719736,-0.0008728749093500111,0.04953588414744595,-0.3928116901498727
1378,11.434391299999334,249.80607794084708,329.62034900951517,47.5299079427075,62.715947400508036,16.25326287422527,0.19026721981505337,-0.2105286627797014,0.05909696352471627,16.256696100024723,-0.017393063124580478,0.04856214207076845,0.05158294570259768,3.3373491758383764
1379,11.44519290000062,249.80884599278014,329.61305691790614,47.53043461225311,62.714559954510946,16.362285875626306,0.19026721981505337,-0.2100019932340942,0.06048440952180556,16.267688859897522,-0.080968293229191,0.08018793575250012,0.11395599830063946,3.7919501623120633
1380,11.449646099999882,249.81360065835128,329.60475653904683,47.531339269252484,62.71298066450198,16.38409047590651,0.19026721981505337,-0.20909733623471993,0.06206369953077484,16.328840201178725,-0.18776622967372886,0.18678633154704014,0.2648495623154554,3.732724318143032
1381,11.461115500000233,249.7869115171269,329.59263353173435,47.52626120055247,62.71067405360483,16.327899943325836,0.19026721981505337,-0.21417540493473552,0.0643703104279183,16.35318075996231,-0.11330462205515743,0.20299007668964023,0.23247130707579397,4.480985081116025
1382,11.466139800000747,249.7747460677583,329.58637554601955,47.523946514323306,62.709483364061235,16.3166618368097,0.19026721981505337,-0.21649009116389806,0.06556099997151676,16.358048871719028,-0.05194124348327789,0.21583488671527262,0.2219968267745819,7.427642409507796
1383,11.477210099999866,249.77969268149036,329.5809200583799,47.5248876927656,62.7084453635953,16.37496566814319,0.19026721981505337,-0.21554891272160148,0.06659900043744926,16.408574801199276,-0.08831909621037949,0.17522578958348534,0.19622522796667646,6.006327514600353
1384,11.481766500000958,249.78820777730618,329.57630606439966,47.52650783637294,62.70756747178844,16.386626434409887,0.19026721981505337,-0.21392876911426129,0.06747689224431497,16.480342584751575,-0.0030114095408166567,0.21781459908578943,0.21783541530780917,8.692588677404666
1385,11.493239900000845,249.78948968846717,329.5671645898304,47.52675174204559,62.705828148837135,16.63672012330776,0.19026721981505337,-0.21368486344161397,0.06921621519561683,16.556358739118284,0.08715743870438843,0.19571464956028528,0.21424435389063232,9.551326677875055
1386,11.49740329999986,249.7891349648414,329.5581043188443,47.52668424976751,62.70410427626584,16.686738861087335,0.19026721981505337,-0.21375235571969142,0.07094008776691396,16.621114277120533,0.06510063795756413,0.23689352151329876,0.24567587101189564,6.86332394073631
1387,11.509280199999921,249.7885198557123,329.5502087579337,47.526567214663636,62.7026020098425,16.696742608643248,0.19026721981505337,-0.21386939082356804,0.07244235419025102,16.68361769184989,-0.007385142065474157,0.215483810745718,0.21561032678613437,4.206983076171951
1388,11.513454600000841,249.78796553521715,329.5436343428037,47.52646174564414,62.70135111415381,16.69874335815443,0.19026721981505337,-0.21397485984306286,0.07369324987894288,16.646566067666853,0.05721306766672493,0.1735624162316909,0.18274913800075768,0.6434794279213025
1389,11.525244599999496,249.78754085279843,329.53832862964623,47.52638094250102,62.700341610862196,16.699143508056668,0.19026721981505337,-0.2140556629861834,0.07470275317055552,16.675678875154468,0.07004034881639337,0.11537882179403017,0.13497378627311538,-3.4340688603314806
1390,11.529151799999454,249.7946101277504,329.5395199015522,47.52772599379224,62.70056827085578,16.451462002392585,0.19026721981505337,-0.2127106116949662,0.07447609317696902,16.63194912952308,0.14509356160072753,0.06996776555958115,0.16108268012230434,-7.903007384726285
1391,11.541211300000214,249.79764774067783,329.5317153025365,47.52830395195882,62.6990833114993,16.83230289852539,0.19026721981505337,-0.21213265352838562,0.07596105253345087,16.573650873267898,0.1719823646157453,-0.0029217889230475948,0.17200718179580177,-5.516807239783714
1392,11.54479469999933,249.804529733021,329.5336093676263,47.529613369508745,62.699443689998084,16.478093880486327,0.19026721981505337,-0.21082323597845942,0.07560067403466775,16.512438914887955,0.2299025001389047,-0.06106632153288962,0.23787445259144022,-9.742521255015674
1393,11.557007100000192,249.81153740151697,329.53776788145734,47.53094669911086,62.70023491886328,16.407252076878514,0.19026721981505337,-0.2094899063763478,0.07480944516947119,16.549748830340874,0.1544441041207521,-0.04624611838103564,0.16121936844862803,-7.771839148095147
1394,11.561220200001117,249.81779829080892,329.54230940200495,47.53213794111001,62.7010990213516,16.39308371615695,0.19026721981505337,-0.20829866437719602,0.07394534268114938,16.47113537397833,0.17715915019420492,-0.1017929846618806,0.20432125739605927,-4.565832664270756
1395,11.572965100000147,249.8157586242159,329.54131618106766,47.531749859418,62.7009100439652,16.638011579657174,0.19026721981505337,-0.2086867460692048,0.07413432006755016,16.455412682705823,0.11774999271858536,-0.09482720581624007,0.15118617578384097,-0.15590169056381176
1396,11.57711019999988,249.81927702788016,329.54468420884115,47.53241929630139,62.70155086924593,16.439235616712686,0.19026721981505337,-0.20801730918581285,0.07349349478682399,16.50182045158023,0.0611067779992521,-0.06796995616237403,0.09139996311905671,-0.15428925174098407
1397,11.588953800001036,249.8235326358763,329.5487763378548,47.533228999003434,62.70232946725648,16.399480424123787,0.19026721981505337,-0.20720760648377023,0.07271489677626874,16.560654312484015,0.027130376092868193,0.021253056549280766,0.03446374500293606,5.018410790974657
1398,11.592795200000182,249.82001890115657,329.5473732226473,47.532560450467145,62.70206250042687,16.63929092125054,0.19026721981505337,-0.20787615502005963,0.07298186360588232,16.572421084664775,0.1152038825019422,0.17564088811433826,0.21005155586454197,8.544436960521955
1399,11.60506979999991,249.82730010492782,329.5318246899392,47.533945824865604,62.699104124336294,16.68725302067589,0.19026721981505337,-0.20649078062159987,0.07594023969645747,16.660849878554053,0.07688883989695777,0.2157240596642832,0.22901695050528298,6.850910546627866
1400,11.609196999999767,249.83613563414212,329.51473107482855,47.53562693644481,62.695851769712604,16.69684544056096,0.19026721981505337,-0.2048096690423975,0.07919259432014769,16.72808794446081,0.016984791054457285,0.18396340877478343,0.18474582240256918,6.12591296929428
1401,11.627513499999623,249.83324045150428,329.5103203419493,47.53507607809345,62.69501255183032,16.881379586159067,0.19026721981505337,-0.20536052739375776,0.08003181220243505,16.778058689966382,0.01653582679927975,0.18319534762748438,0.1839401233018251,6.929063757456677
1402,11.634957500000382,249.82419680110849,329.51910535404204,47.533355367875664,62.69668405165725,16.735670753657594,0.19026721981505337,-0.20708123761153985,0.07836031237550145,16.788052839067497,-0.023082005392125602,0.13095103628879898,0.1329697442203769,5.602630435895066
1403,11.640399300000354,249.8191549742029,329.5172275103855,47.53239607348755,62.69632675956547,16.889144648778394,0.19026721981505337,-0.20804053199965722,0.07871760446727905,16.826574801211937,-0.14568117175587889,0.011254872364228334,0.14611528310242208,4.791951004174022
1404,11.65386750000107,249.8131223311972,329.51865776870966,47.53124825927472,62.69659889084043,16.73722376618146,0.19026721981505337,-0.2091883462124855,0.07844547319232476,16.83427919364083,-0.12701798810682405,0.0067959448965084195,0.12719966261646165,4.3640641456448535
1405,11.656977799999368,249.80976022757469,329.515559217568,47.53060856116573,62.69600933812925,16.889455251283167,0.19026721981505337,-0.20982804432147617,0.07903502590350087,16.87234320445082,-0.09043319172631331,0.07894231944242977,0.12004187587987272,5.905653625411871
1406,11.669908300000316,249.81405809888585,329.5139606051732,47.53142630519123,62.69570517459333,16.91990154830351,0.19026721981505337,-0.20901030029597223,0.07933918943942331,16.879956006612822,-0.06231640895112622,0.07533158025274804,0.09776595423735311,3.116043465901054
1407,11.674112000000605,249.81299252154764,329.51095169914487,47.53122356075359,62.69513267840863,16.925990807707578,0.19026721981505337,-0.20921304473361602,0.07991168562411843,16.91800169936944,-0.13891327907532489,0.12649960460604706,0.18788041161586094,0.09215733282372929
1408,11.685535000000527,249.81084929615838,329.50809375974717,47.530815775217334,62.69458890622503,16.92720865958839,0.19026721981505337,-0.20962083026986988,0.08045545780772301,16.83953539846764,-0.09118004185055208,0.0645638951413804,0.11172419875611367,-2.491352510341595
1409,11.689124399999855,249.80201652325835,329.50364850097196,47.52913518807439,62.69374311919651,16.927452229964555,0.19026721981505337,-0.2113014174128125,0.08130124483624002,16.78731900596306,-0.07952624873029224,-0.07734123535178124,0.11093282166632165,-4.407562799401201
1410,11.702589800001078,249.8043516344767,329.5121502233875,47.529579483193864,62.69536071828416,16.49712374677416,0.19026721981505337,-0.21085712229334064,0.07968364574859521,16.778169294174194,-0.08739198635671176,-0.13417470824106448,0.16012561197680547,-6.322249781495731
1411,11.706854899999598,249.8070754574473,329.52752791229216,47.53009773741775,62.69828658839923,16.658819585780613,0.19026721981505337,-0.21033886806945645,0.07675777563352426,16.739816219492205,-0.07265384695583511,-0.17574505086927947,0.1901707243045773,-3.1118837620647826
1413,11.7215240000005,249.80032491414954,329.5389366810417,47.528813330312246,62.70045730311072,16.880242248763256,0.19026721981505337,-0.21162327517495783,0.07458706092203471,16.732145604555807,0.16332118001758886,-0.22885788141955196,0.28115785198031257,3.072315929811271
1414,11.733783600000606,249.802772878928,329.54926206332686,47.52927909776485,62.70242188489164,16.735443286178434,0.19026721981505337,-0.21115750772235486,0.07262247914110986,16.844721588990403,0.13718110907152037,-0.1497767258606017,0.20310520499390014,3.364079243711695
1415,11.737389300000359,249.8162594733941,329.54982924874184,47.531845154598685,62.70252980168367,16.889099155282562,0.19026721981505337,-0.2085914508885196,0.0725145623490846,16.90375991820154,0.08925182296322404,0.06493648176653201,0.11037497255480443,5.262015515153886
1416,11.75088069999947,249.80933143939345,329.5303100953886,47.53052697683059,62.698815946642,17.06000366894714,0.19026721981505337,-0.2099096286566109,0.0762284173907517,16.914274017331717,0.12442005530675035,0.10557465743028138,0.1631758513201512,5.3739993760850195
1417,11.75510790000044,249.80670679173312,329.5216995331245,47.53002759241727,62.69717763889897,16.954011231836304,0.19026721981505337,-0.21040901306993476,0.07786672513378079,16.91637653198197,0.051406100742281774,-0.018486462569873713,0.05462908100886344,0.4225661642966081
1418,11.76646989999972,249.81197866936884,329.5184024833788,47.53103065791822,62.69655031841026,16.932812744414136,0.19026721981505337,-0.2094059475689818,0.07849404562249163,16.916797034912022,-0.07542918405884931,-0.01667778067275244,0.07725095582549256,-3.087764620479851
1419,11.77060960000017,249.80486234312346,329.5353852277783,47.52967665430822,62.69978157797199,16.745955859429703,0.19026721981505337,-0.21075995117898572,0.07526278606076175,16.852323335205064,-0.027963386839675475,-0.17222610067445482,0.17448146250267615,-5.154822668868676
1420,11.78155549999974,249.8093202915914,329.5365867854602,47.53052485576929,62.70001019501157,16.891201669932816,0.19026721981505337,-0.20991174971791082,0.07503416902117976,16.83942859526367,-0.006559175259967095,-0.23859055422178863,0.23868069746829387,-4.77707177510927
1421,11.785647400000016,249.81232305385487,329.5473928511502,47.53109618299693,62.70206623508755,16.737635170412346,0.19026721981505337,-0.2093404224902713,0.07297812894520206,16.800326514951173,-0.07459626625455439,-0.30328188942097606,0.31232116065018317,-4.5359035010817506
1422,11.797676500000307,249.81162034476256,329.5438687816352,47.530962480491596,62.70139572017849,16.889537532129346,0.19026721981505337,-0.2094741249956087,0.07364864385426273,16.829029536388674,-0.016459862968611263,-0.12962355742164702,0.13066443176162548,-0.7274873998455439
1423,11.80229540000073,249.8055051838469,329.55038064755723,47.52979896582545,62.70263471480328,16.737302342851653,0.19026721981505337,-0.21063763966175486,0.07240964922947057,16.834770140676174,0.020437471472437088,-0.07829112922370096,0.0809147153199523,-0.13044586306423905
1424,11.813159200000882,249.80342707721172,329.54537104079554,47.5294035702535,62.70168155085237,16.889470966617207,0.19026721981505337,-0.21103303523370442,0.07336281318038118,16.872441393857894,0.0326264287451458,0.02026837390884941,0.03840951488330728,2.8847700272363124
1425,11.817328299999645,249.80916746876582,329.5402047597106,47.530495778595146,62.70069857691355,16.919904691370316,0.19026721981505337,-0.2099408268920584,0.07434578711919926,16.879975644494237,0.039027468121681085,0.05408122879962564,0.06669274755523491,2.9635263620450814
1426,11.829296300000351,249.8217834443399,329.54081290867765,47.53289618519288,62.70081428772675,16.92599143632094,0.19026721981505337,-0.20754042029432185,0.07423007630600154,16.946040294914475,0.05393933038371503,0.1753304993160999,0.1834400047772472,2.7617653003459663
1427,11.834049299999606,249.82230529712012,329.5351971236538,47.53299547667053,62.699745787923185,16.927208785311063,0.19026721981505337,-0.20744112881667576,0.07529857610956725,16.959253224998523,-0.03996464391150429,0.2511777405156773,0.2543372369385463,2.0949736088336843
1428,11.845340199999555,249.8117813108523,329.5151393077689,47.530993107061974,62.6959294430592,17.06762559495284,0.19026721981505337,-0.20944349842523025,0.07911492097355222,16.96189581101533,-0.12597420399785567,0.2133376705766932,0.24775484205153897,1.7353206836659336
1429,11.849295100000745,249.8012653350373,329.505432776161,47.528992261580015,62.69408260827612,16.955535617037444,0.19026721981505337,-0.21144434390718914,0.08096175575663267,16.962424328218695,-0.19309540385304957,0.20147184066511403,0.2790640384753317,0.6315626038374587
1430,11.861171700000341,249.7907742500191,329.5025254914035,47.526996152000756,62.6935294472881,16.933117621454365,0.19026721981505337,-0.2134404534864487,0.08151491674465206,16.962530031659366,-0.2871801347996533,0.09165109545542349,0.3014504156934042,0.07577387494334312
1431,11.877218699999503,249.77938530444814,329.50834469072197,47.52482920899035,62.69463665016397,16.92863402233775,0.19026721981505337,-0.215607396496857,0.0804077138687802,16.962551172347503,-0.2746968128053939,0.0696519313032216,0.2833897148798987,0.028978848363670456
1432,11.881577100000868,249.76908796429564,329.51577330646955,47.52286996270804,62.69605007222934,16.927737302514426,0.19026721981505337,-0.21756664277916116,0.07899429180341144,16.962555400485126,-0.2477068427506237,-0.0644879197807882,0.2559636141000037,0.0022609450773466307
1433,11.893569100000605,249.76184443980438,329.5014027382385,47.521491757441424,62.69331582416485,17.06773129839351,0.19026721981505337,-0.21894484804577985,0.0817285398679033,16.96255624611265,-0.1834757831248766,-0.07902325950350386,0.19976996404826447,0.0004814395566999843
1434,11.89720380000108,249.7547578323632,329.5052945322159,47.520143408345675,62.694056304985025,16.955556757725578,0.19026721981505337,-0.22029319714152962,0.08098805904772632,16.962556415238158,-0.11519411379142291,-0.16472861550377327,0.20101044902686344,-1.5799562803478084
1435,11.91013589999966,249.7651626941748,329.507068567136,47.52212311247512,62.694393845677126,16.93312184959199,0.19026721981505337,-0.21831349301208292,0.08065051835562542,16.962556449063257,-0.011682589530119067,-0.11076117105907114,0.11137558041377861,-1.6740530367151165
1436,11.913684200000716,249.76901131563355,329.5163469147332,47.5228553789802,62.69615921107893,16.928634867965275,0.19026721981505337,-0.21758122650700074,0.07888515295382348,16.934521787859527,-0.014520642725867061,-0.1541610365283521,0.1548433861960794,-2.311149264473744
1437,11.925626199999897,249.77328081352752,329.51976513444504,47.52366772447449,62.696809586240214,16.92773747163993,0.19026721981505337,-0.21676888101271174,0.07823477779253807,16.928914855618782,0.062427615077691,-0.13702692913428943,0.1505775097159663,-2.3505140574443555
1438,11.92944979999993,249.77068607862603,329.5195439447441,47.52317403147863,62.69676750109077,16.92755799237486,0.19026721981505337,-0.21726257400857207,0.07827686294198344,16.916735119561256,-0.00966010263854572,-0.23602320624872125,0.23622081083366395,-1.8465681886512795
1439,11.941828999999416,249.77158234729322,329.5272248533735,47.523344562026146,62.69822892622134,16.927522096521848,0.19026721981505337,-0.21709204346105793,0.07681543781141187,16.914299172349754,-0.020991368490562778,-0.14726929714299464,0.14875780124786142,-0.0724308414480821
1440,11.945655800000168,249.76741188321003,329.53770526119496,47.5225510594197,62.700223004280055,16.87222316930437,0.19026721981505337,-0.21788554606750665,0.07482135975269699,16.923941682614483,0.06060627238876869,-0.1852835946760873,0.19494391682982629,0.16081266100286143
1441,11.95808930000021,249.77719537802906,329.5412180023105,47.524412537778986,62.70089136376603,16.91645513190775,0.19026721981505337,-0.21602406770821858,0.074153000266719,16.93599988437446,0.11871045879952602,-0.2031525694674441,0.2352937302811502,0.9998490716752327
1442,11.961550800000623,249.78585539357954,329.54566674422995,47.526060254861335,62.701737813522726,16.97595002296358,0.19026721981505337,-0.21437635062586935,0.07330655051002566,16.938411524726455,0.06888289456392985,-0.2069760193483881,0.2181374010774168,1.147395030813219
1443,11.972979800000758,249.7955506098695,329.55037237453405,47.52790493671033,62.70263314071816,16.987849001174748,0.19026721981505337,-0.2125316687768759,0.07241122331458882,16.94995220240623,0.09895496235017798,-0.13784826969185046,0.1696886266983214,0.6512365276772025
1444,11.97724659999949,249.79027254016268,329.5534485013484,47.52690069306122,62.70321842681493,16.939580298281825,0.19026721981505337,-0.21353591242598213,0.07182593721782382,16.952260337942185,0.12323722812719741,-0.18989481034370936,0.22637900386729387,-0.03436913355097976
1445,11.98910160000014,249.7867214248356,329.56437988656756,47.5262250322207,62.70529831108931,16.92992655770324,0.19026721981505337,-0.2142115732665033,0.06974605294344371,16.952721965049378,0.03277916896787263,-0.11857536212495767,0.12302272319083653,-0.04074657799254258
1446,11.993184799999653,249.7925398837968,329.5711181650013,47.52733209423085,62.70658038459323,16.927995809587525,0.19026721981505337,-0.2131045112563541,0.06846397943952098,16.942684590763783,-0.06117905219540152,-0.08704921285326594,0.1063975652254358,0.28185312173722754
1447,12.005402500000855,249.79406316308786,329.5639221193753,47.52762192434656,62.705211212998314,16.978258158499536,0.19026721981505337,-0.2128146811406424,0.06983315103443744,16.950807120789477,-0.045338445957880565,-0.04541711429492833,0.06417389619428011,0.21619761186990244
1448,12.009884099999908,249.78679932959034,329.56205444341805,47.52623985494179,62.70485585548641,16.937662129746784,0.19026721981505337,-0.21419675054541187,0.07018850854634451,16.962561326501646,-0.038421568461292875,0.06606412638755714,0.0764243790840131,0.23009446049547927
1449,12.021257700000206,249.7774646029054,329.55781097413575,47.524463762447716,62.704048462383696,16.980192948410295,0.19026721981505337,-0.21597284303948783,0.07099590164905578,16.96498020474691,-0.08474788805144033,0.14787587950617462,0.1704390808145366,1.1019447833073954
1450,12.02571960000023,249.77693908773807,329.54885368347533,47.52436377413785,62.702344183592665,16.98869758626409,0.19026721981505337,-0.21607283134935074,0.07270018044008708,16.965463980395963,-0.07496427050830726,0.11973485827091356,0.14126598365494228,1.0587338183084865
1452,12.040517200000977,249.78001068120386,329.54145972728753,47.524948197686996,62.70093735610538,16.940090200813845,0.19026721981505337,-0.2154884078002084,0.07410700792737401,16.99359479314296,0.019738482934441588,0.13818990598376732,0.13959247051455065,0.5809917593697754
1453,12.053053600000567,249.7847968292365,329.54334680438046,47.52585884476679,62.70129640501742,16.9806770367448,0.19026721981505337,-0.21457776072041668,0.07374795901532849,16.99922065051658,0.02185543075965265,0.11166210691773581,0.1137808682292319,0.7164257919759285
1454,12.057860799999617,249.78896883011186,329.539012055099,47.526652639774404,62.70047164432305,17.078316193481772,0.19026721981505337,-0.21378396571279978,0.0745727197096997,17.000345821991303,-0.04223655947402305,0.10980448028086516,0.11764757050595474,0.8010937325558941
1455,12.069420899999386,249.78012413501818,329.54275777451693,47.52496978422882,62.701184331942905,17.008322235278385,0.19026721981505337,-0.21546682125838146,0.07386003208984704,17.010632518890446,-0.04013749436502041,0.06664624423649944,0.07779935941081507,0.12084153384287794
1456,12.073289800000566,249.7731522190573,329.53517980007456,47.52364325716216,62.69974249181392,16.994323443637708,0.19026721981505337,-0.21679334832504082,0.07530187221883011,17.012689858270278,-0.01413402075089451,-0.007936914699116462,0.01621003261957753,2.3211118017648875
1457,12.08495000000039,249.77621575862173,329.542577909003,47.52422614831788,62.70115010943162,16.991523685309573,0.19026721981505337,-0.21621045716932485,0.07389425460112875,16.995196968236087,-0.031691377818439205,-0.07178751558791571,0.07847159245431624,2.449458567620842
1458,12.089719699999478,249.78129606612026,329.5526442941453,47.52519276430143,62.70306541254624,16.990963733643945,0.19026721981505337,-0.21524384118577444,0.07197895148651412,17.04981057284644,-0.03167865262847704,-0.01753699754735645,0.03620888448063129,3.391296941633862
1459,12.102191500000117,249.78636558147147,329.5623248918957,47.52615732689311,62.704907312966355,16.99085174331082,0.19026721981505337,-0.21427927859409124,0.07013705106639634,17.060733293768507,-0.025385859967463863,0.020368188123523215,0.03254696566076347,8.129097766408702
1460,12.117862700000842,249.7743807020085,329.5450612034427,47.523876997197874,62.70162259896065,17.281390258330134,0.19026721981505337,-0.21655960828933019,0.07342176507210496,17.14847691998417,-0.09795517325598724,0.07354748336695129,0.12249264580872786,10.109149208398948
1461,12.12211969999953,249.76741338228925,329.53248264705206,47.52255134464533,62.69922931200691,17.048937048248057,0.19026721981505337,-0.2178852608418751,0.07581505202583827,17.251584727258553,-0.2260139724367137,0.19136621161950887,0.2961475015701234,10.157015414338204
1462,12.134760200000528,249.74662858360944,329.5228377638138,47.51859667878611,62.697394206887736,17.43024181638789,0.19026721981505337,-0.22183992670109376,0.07765015714501544,17.35776537074468,-0.30291837400817384,0.2417448058999886,0.3875565668278362,11.697443299625277
1463,12.138924900000347,249.73704929678127,329.5187328174183,47.516774054513505,62.69661317014957,17.50650277001586,0.19026721981505337,-0.22366255097369958,0.07843119388318343,17.406448398855968,-0.37960532575619743,0.2345828626339143,0.44623908701949305,11.676303607936934
1464,12.150034300000698,249.71911339841407,329.5126482922452,47.51336144099629,62.69545548446099,17.521754960741454,0.19026721981505337,-0.22707516449091258,0.07958887957175875,17.501744086509476,-0.34516685169085587,0.14439829057742487,0.3741537408978557,6.893099362568839
1465,12.15350380000018,249.70946813842187,329.50947921173315,47.51152626419318,62.69485251232259,17.52480539888657,0.19026721981505337,-0.228910341294025,0.08019185171016119,17.52080322404018,-0.3688172407825059,0.1968145407958487,0.41804559627760907,5.258086916043579
1466,12.166011999999682,249.70031625335548,329.50216380928094,47.50978496046553,62.69346063103618,17.525415486515595,0.19026721981505337,-0.23065164502167335,0.08158373299657029,17.524615051546316,-0.28419942814233395,0.2241231343637242,0.36193990428446765,2.922520314943326
1467,12.169400700000551,249.69263811485254,329.4949104591562,47.508324062399225,62.6920805562736,17.525537504041402,0.19026721981505337,-0.2321125430879789,0.08296380775914969,17.525377417047544,-0.2774048255908463,0.23522316143523442,0.36370781258679913,1.2085867858259973
1468,12.182532299999366,249.69163410757056,329.4725435327578,47.508133032725006,62.68782486337197,17.52556190754656,0.19026721981505337,-0.23230357276219848,0.08721950066077966,17.52552989014779,-0.1895368508837098,0.19393071062827238,0.2711703124748363,0.11002782171979765
1469,12.186221800000567,249.68633626126763,329.4694466131699,47.50712502623794,62.68723562109199,17.525566788247595,0.19026721981505337,-0.2333115792492677,0.08780874294075858,17.52556038476784,-0.23319570115463112,0.1543909192206068,0.27967264967240535,0.04913355170101623
1470,12.197442000000592,249.68105214393017,329.47137318893704,47.506119631922964,62.687602185306964,17.5255677643878,0.19026721981505337,-0.23431697356424053,0.0874421787257873,17.525566483691847,-0.14610504916347924,0.057954616507559724,0.15717958826005685,0.004143056160876146
1471,12.201878600000782,249.67271588632434,329.47338834117954,47.50453351536464,62.68798560272165,17.52556795961584,0.19026721981505337,-0.23590309012256228,0.08705876131109846,17.525567703476653,-0.15698827913366992,-0.044338848040532175,0.16312955964788375,0.00182331618824226
1472,12.213852799999586,249.67298930483304,329.47810355502145,47.50458553794414,62.688882753350185,17.52556799866145,0.19026721981505337,-0.2358510675430665,0.08616161068256645,17.52556794743361,-0.1190298799821822,-0.08335194362990211,0.14531228040139993,0.3299606626484116
1473,12.217768800001068,249.6715699275266,329.48196027596236,47.50431547697018,62.689616560921216,17.52556800647057,0.19026721981505337,-0.23612112851702705,0.08542780311153564,17.525567996225003,-0.14234464074177877,-0.09102276078154556,0.16895898830248876,0.49332086193902974
1474,12.22985460000018,249.66627123554377,329.4842061944789,47.50330730957794,62.69004388559328,17.525568008032394,0.19026721981505337,-0.2371292959092628,0.08500047843946845,17.545496900026254,-0.06685938768737221,-0.06288977962097342,0.09178944439697269,0.5085278554052939
1475,12.234731099999408,249.66098690678632,329.48602652420567,47.50230187503667,62.69039023466954,17.52556800834476,0.19026721981505337,-0.23813473045053257,0.0846541293632086,17.5494826807865,-0.0900220930267233,-0.05560603532440829,0.10581119221240902,0.5153221189851999
1476,12.245177400000102,249.6620805279661,329.4830483790983,47.50250995529809,62.68982359127976,17.62521247862208,0.19026721981505337,-0.23792665018911663,0.08522077275299011,17.55027983693855,-0.07314396070397526,-0.027694194715916748,0.07821129974899911,0.5158332296706407
1477,12.249867700000323,249.65933269302667,329.4839975684074,47.50198713238365,62.69000419089068,17.5454969024627,0.19026721981505337,-0.23844947310355735,0.08504017314206891,17.55043926816896,-0.07071471253491127,-0.03562439646455069,0.07918123636543338,-0.5591838212037155
1478,12.262284399999771,249.66033945987778,329.4871187768675,47.50217868711341,62.69059805454685,17.52955378723082,0.19026721981505337,-0.2382579183737974,0.08444630948590515,17.550471154415042,-0.007095900735591295,-0.0377161424802748,0.038377847918320725,-0.40017249022814866
1479,12.267631099999562,249.65833666550657,329.4892265936309,47.501797620996534,62.6909991029823,17.526365164184448,0.19026721981505337,-0.23863898449067023,0.08404526105044852,17.530548637621294,-0.019173573718527223,-0.06547895557749601,0.06822843653975587,-0.25511683303482924
1480,12.277519700000994,249.66415310558563,329.493461433564,47.5029042988796,62.69180485420273,17.52572743957517,0.19026721981505337,-0.23753230660760494,0.08323950983002248,17.54649302830551,-0.011332375556089647,-0.050457937739647976,0.05171485489375804,0.07474387827074791
1481,12.281497899999522,249.66330695315423,329.4952296772386,47.50274330380894,62.69214129301066,17.525599894653315,0.19026721981505337,-0.23769330167826297,0.08290307102209482,17.549681906442355,-0.041547694864215085,-0.04444843678739494,0.06084303149394323,0.32623419267589016
1482,12.293716000000131,249.65866655152098,329.49287937975885,47.501860387491355,62.69169410844344,17.625218855883787,0.19026721981505337,-0.23857621799584905,0.08335025558930909,17.57024857611269,-0.035937335977195874,-0.011409887706915058,0.037705140957464515,1.0845322262482338
1483,12.296980499999336,249.6563391537494,329.4931844445491,47.50141755998796,62.691752152272954,17.54549817791504,0.19026721981505337,-0.2390190454992478,0.0832922117597974,17.574361910046758,-0.03291987571436892,-0.006809213845326505,0.03361671623226877,-0.14018305301112055
1484,12.309567800000877,249.6534799300389,329.4872182302779,47.50087354344173,62.69061697727075,17.629198512536135,0.19026721981505337,-0.23956306204547673,0.08442738676200179,17.57518457683357,-0.024636611071057992,0.004776853067322926,0.025095436443572157,-0.37088847093092125
1485,12.313948999999411,249.6564043453027,329.4885648114757,47.50142996380355,62.69087318753151,17.54629410924551,0.19026721981505337,-0.23900664168365182,0.0841711765012434,17.555420216147965,-0.0016428558371333092,-0.009194351573798203,0.009339971957356643,-0.9686920545030167
1486,12.325180699999692,249.65646024770263,329.49013741868924,47.50144060019777,62.69117240313389,17.529713228587383,0.19026721981505337,-0.23899600528943665,0.08387196089886118,17.551467344010845,0.0635940441208252,-0.03147447835425046,0.07095664334869317,-1.4233809161766817
1487,12.341048899999805,249.66002189175964,329.4929109415864,47.50211826431047,62.69170011362462,17.526397052455756,0.19026721981505337,-0.23831834117673623,0.08334425040813187,17.530747875540452,0.08842120346652611,-0.04462683007152386,0.09904475344358972,-1.1199029053140321
1488,12.345137899999827,249.66411664847703,329.4956871470177,47.50289736228691,62.69222833451367,17.525733817229433,0.19026721981505337,-0.2375392432002954,0.08281602951907985,17.526603981846375,0.047377664131272916,-0.07356671500796441,0.0875025977648593,-0.03209473089059289
1489,12.35720559999936,249.66924876661145,329.4941381563833,47.5038738361361,62.69193361237215,17.525601170184167,0.19026721981505337,-0.23656276935110299,0.08311075166060533,17.545704097150526,0.06668592808031254,-0.07205869316155832,0.09818079376377148,0.6423175552485968
1490,12.361322599999767,249.66755633227785,329.49853453909583,47.50355182136073,62.6927700998881,17.525574640775115,0.19026721981505337,-0.23688478412647385,0.082274264144651,17.54952412021136,0.051121619290008066,-0.06896517010383088,0.08584645971898232,2.3785157170310227
1491,12.373183300000164,249.6736334678351,329.4997251875083,47.50470810104765,62.69299664125133,17.62521380510815,0.19026721981505337,-0.23572850443955673,0.08204772278142514,17.585344887518836,-0.0015558220961618616,-0.0059928852054313,0.0061915470991007445,2.6696778672872785
1492,12.376856799999587,249.6729554860994,329.50006862597866,47.50457910334771,62.69306198633425,17.545497167759912,0.19026721981505337,-0.23585750213949552,0.08198237769850181,17.612437935023298,0.010417154013735622,0.04950032369025259,0.0505845741623439,2.4092842365670206
1493,12.389105399999607,249.66826557440572,329.4881153010259,47.50368676688858,62.69078766042795,17.704837653766827,0.19026721981505337,-0.23674983859862664,0.08425670360480098,17.617856544524194,0.034652284927164684,0.08486037932625642,0.09166277777849378,2.2272541779187565
1494,12.392965099999856,249.6711214167948,329.4819912886354,47.504230140080175,62.689622461616295,17.661066407706492,0.19026721981505337,-0.2362064654070295,0.08542190241645642,17.618940266424374,0.0683283551022266,0.07131729533341326,0.09876700220543937,0.06392468543252461
1495,12.405199900000298,249.6738838698237,329.4836875194245,47.50475574433786,62.6899451987327,17.55266768827958,0.19026721981505337,-0.23568086114934772,0.08509916530005057,17.619157010804408,0.08327156103736587,0.06455220698442966,0.105361949033607,-1.525304669172497
1496,12.409690800001044,249.6801591998778,329.48573663815694,47.505949733940675,62.69033507885699,17.630632414609043,0.19026721981505337,-0.23448687154652958,0.08470928517576226,17.5841435969851,0.05893020035552336,-0.032924102543882866,0.06750381502005824,-1.6869150333199383
1497,12.42195730000094,249.68271222428586,329.4890641644221,47.50643549079691,62.69096819802832,17.546580889660092,0.19026721981505337,-0.23400111469029383,0.08407616600442935,17.577140914221243,0.032796437626044866,-0.09641295874764363,0.10183842563312673,-1.480102438788153
1498,12.425787399999535,249.67879573185272,329.4951374400313,47.50569031067023,62.69212374329365,17.5297705846703,0.19026721981505337,-0.23474629481697207,0.08292062073910245,17.57574037766847,-0.01349887537824998,-0.13455246453049174,0.13522790151335914,-0.397023524916561
1499,12.437079600000288,249.6793958934124,329.49606066616013,47.50580450174163,62.692299402962455,17.626052993887185,0.19026721981505337,-0.2346321037455752,0.08274496107029705,17.590587833834476,-0.0698581603070381,-0.09845499197593258,0.12072095098393146,1.1663660848335364
1500,12.441294199999902,249.6752200671031,329.50086910941116,47.505009978879336,62.69321429209146,17.54566500551572,0.19026721981505337,-0.23542662660786817,0.08183007194129033,17.613486219110648,-0.0300298925672257,-0.08074702892437349,0.0861503170494034,1.2829625796579542
1501,12.453218099999503,249.67422188689295,329.49499877149344,47.504820057905874,62.69209735921648,17.704869695439083,0.19026721981505337,-0.23561654758132988,0.08294700481626904,17.613729742322104,0.003918412241742575,-0.035814574980834506,0.03602829076648037,1.9340932195534788
1502,12.457242000000406,249.67927095634238,329.4942178325218,47.505780730312665,62.69194877212951,17.661072816040942,0.19026721981505337,-0.23465587517453912,0.08309559190324478,17.613778446964396,0.03790047556305237,-0.043213246374312814,0.05747895884680401,1.4990718882619452
1504,12.473484699999972,249.67715234889494,329.5007944678041,47.50537762876376,62.6932000902404,17.530988200727577,0.19026721981505337,-0.2350589767234439,0.08184427379234904,17.660719645412385,0.3304990545525063,0.0371631680273323,0.33258190888550787,1.1452526677273176
1505,12.485001200000625,249.68804876837606,329.503975167244,47.50745086020437,62.6938052730799,17.62629651709864,0.19026721981505337,-0.2329857452828321,0.08123909095284887,17.650812404775362,0.35251555425379133,0.02150184906176969,0.35317070306571696,1.4583642223855557
1506,12.488589099999444,249.71208177217216,329.5004902517719,47.51202355302046,62.69314220790174,17.780370997755668,0.19026721981505337,-0.22841305246674182,0.08190215613101515,17.66395852012452,0.2891916443268254,0.036485633412008195,0.2914841481005932,1.5356029123855275
1508,12.505546599999434,249.72047328092677,329.4991208354379,47.51362018206125,62.6928816528631,17.655333492253977,0.19026721981505337,-0.22681642342595154,0.08216271116965146,17.6908527910811,0.2852286110635536,0.060806719684617955,0.2916381623314199,-0.18061944903285432
1509,12.517819099999542,249.7154500463059,329.4919066737032,47.512664425175466,62.69150903436655,17.726803392786735,0.19026721981505337,-0.22777218031173874,0.08353532966620492,17.695740894574207,0.2226966830109088,0.022974057262016005,0.22387858301128222,-0.022100406821801394
1510,12.522392000000764,249.71437734311945,329.49083555514454,47.51246032492249,62.69130523561629,17.665459555510473,0.19026721981505337,-0.22797628056471098,0.08373912841646103,17.669715951796263,-0.030827105821666895,-0.011829890056389649,0.03301903620771684,-0.7583662617392581
1512,12.537717499999417,249.70369380336635,329.51030483144945,47.510427597515886,62.69500960069063,17.65073703456417,0.19026721981505337,-0.23000900797131862,0.08003476334211967,17.66867888009073,-0.047915350512379204,-0.011364155918668245,0.0492445413672212,-1.3236308706321323
1513,12.549696100000801,249.70412550772636,329.50962576840925,47.51050973670425,62.6948803972539,17.65024628386596,0.19026721981505337,-0.22992686878295387,0.08016396677885496,17.668471465749626,-0.07326415183246412,0.04290159795883831,0.08490101914083338,4.319568308587868
1514,12.565796799999589,249.70486285886517,329.50812848800075,47.51065003045546,62.69459551387329,17.65014813372632,0.19026721981505337,-0.2297865750317456,0.08044885015946335,17.648501088838437,-0.09380956530912093,0.028645985895107133,0.09808581473071884,6.120803608409639
1515,12.570062799999505,249.7002750103706,329.49953730998845,47.509777113277465,62.692960894317956,17.725766321081203,0.19026721981505337,-0.23065949220973891,0.08208346971479585,17.77056966356847,-0.22404090436455246,0.5161493540361908,0.5626761790767969,7.1927986912460415
1516,12.581990599999699,249.69103707534657,329.50121184214555,47.50801943706361,62.693279502895976,17.56560767095452,0.19026721981505337,-0.23241716842359494,0.08176486113677583,17.81011094199104,-0.2445781916433966,0.5615746529556803,0.612523128273412,7.311052123791803
1517,12.586343299999498,249.67310640628781,329.45097892489184,47.504607818512376,62.68372182538691,18.26107990821434,0.19026721981505337,-0.23582878697482812,0.09132253864584072,17.833146761152115,-0.26569688104574046,0.5948834798993171,0.6515222077984415,8.617559654446872
1518,12.597356700000091,249.66755943848602,329.43720762184796,47.503552412370325,62.68110159784352,17.847952675978807,0.19026721981505337,-0.2368841931168788,0.09394276618922959,17.839467921412755,-0.2309824825646747,0.5315384244630683,0.5795567305557078,2.947559104866699
1519,12.601361299999553,249.66552038330315,329.4333299205987,47.50316444700963,62.68036379840755,17.7653272295317,0.19026721981505337,-0.23727215847757321,0.09468056562520388,17.86066104750785,-0.18392243357481097,0.5098982292485457,0.5420550394220897,2.0442292757209555
1521,12.61739789999956,249.66290335067765,329.42772932975424,47.50266651148781,62.67929818955825,17.757372122384396,0.19026721981505337,-0.2377700939993943,0.09574617447449896,17.86489936755109,-0.18238277318458554,0.18775311948566237,0.2617531467453589,0.24001170179738873
1522,12.629281999999876,249.66839612575535,329.43615596525103,47.50371160653091,62.680901502066625,17.671573301430005,0.19026721981505337,-0.23672499895629073,0.09414286196612665,17.850619468083174,-0.1541407569859927,0.12020740966306048,0.19547172251279135,-0.21772508511462485
1523,12.634104900000239,249.64872363471034,329.4213253682659,47.49996857635294,62.67807972561007,18.282271508430533,0.19026721981505337,-0.2404680291342629,0.09696463842268344,17.832635924713028,-0.06877310956691819,-0.007472067649091058,0.06917783166922715,4.017712364777209
1524,12.646495999999388,249.65167904710532,329.42782584890244,47.500530894452744,62.679316553988244,17.776553178639233,0.19026721981505337,-0.23990571103446,0.09572781004450803,17.811388506806345,-0.02323127781837292,-0.07191203656595585,0.0755713786571199,2.685215139522577
1525,12.651079499999469,249.6596276780361,329.43876645978423,47.502043258361276,62.6813981936038,17.67540951268097,0.19026721981505337,-0.2383933471259283,0.09364617042895418,17.932710922639075,-0.07843168396018083,0.09870376534881159,0.1260712589881728,5.256079487852647
1527,12.666913200000636,249.67599330855157,329.4600496279797,47.50515710137998,62.6854476828452,17.65113503285099,0.19026721981505337,-0.23527950410722553,0.08959668118755104,17.831403811567338,0.10353637202921144,-0.029736611784922165,0.1077220795074921,11.439937995990022
1528,12.677760900000067,249.66527136790938,329.4191048142215,47.503117067542966,62.677657226965586,18.278185380593637,0.19026721981505337,-0.23731953794423788,0.09738713706716595,17.957809073229694,0.03608445810745445,0.19048717205542692,0.19387483290665256,12.647330427832117
1529,12.683308900001066,249.66917123553202,329.4207704662507,47.503859084513174,62.677974145946365,17.77573595307185,0.19026721981505337,-0.23657752097403062,0.09707021808638672,18.108662024976226,-0.07102244077434129,0.41592394343070344,0.42194420699008517,5.360149845699803
1531,12.69893779999984,249.6451957760733,329.33852158858895,47.499297340498174,62.662324880660755,18.408579486951,0.19026721981505337,-0.24113926498903027,0.11271948337199689,18.176213725102414,-0.11313239372709027,0.2606924040331178,0.2841821036430473,5.66675788179253
1532,12.710181599999487,249.6330472960691,329.29874935466677,47.49698588298279,62.654757528286545,18.42967427141364,0.19026721981505337,-0.2434507225044129,0.12028683574620658,18.064152165713594,-0.07545709894100831,-0.044396687433445464,0.08754906987316412,0.773459578779724
1533,12.714788299999782,249.63271098173212,329.3237336643503,47.496921893388915,62.65951122342903,17.98889353348195,0.19026721981505337,-0.243514712098289,0.11553314060372344,18.04173985383583,-0.012544517811334463,-0.28974276051488457,0.29001419309734594,-5.986036905067353
1534,12.726213300000381,249.63272989997404,329.37220844050165,47.49692549291021,62.668734384318505,17.717877583649518,0.19026721981505337,-0.24351111257699642,0.10630997971424705,17.895342567903686,0.02686051183751384,-0.5168840640699494,0.5175815131799442,-5.841759242830909
1535,12.730644900000698,249.64317164125328,329.40211125319183,47.498912213993435,62.67442390935372,17.66367439368303,0.19026721981505337,-0.24152439149376903,0.10062045467903147,17.866063110717256,0.013221010044545137,-0.648747007026562,0.6488817105085641,-1.2875206362038116
1537,12.7471299000008,249.63495340030784,329.41375614460867,47.49734855213698,62.67663955046865,17.67659305729029,0.19026721981505337,-0.24308805335022754,0.0984048135641018,17.949207158244818,-0.12634020386606654,-0.36307851695209625,0.38443186208358554,6.365859301689388
1538,12.758235299999797,249.61897394578008,329.41295594289045,47.49430818574982,62.67648729831243,18.283276985481496,0.19026721981505337,-0.24612841973738142,0.09855706572032119,18.09140817234017,-0.12218225608710931,-0.27813510731845154,0.30378881089596194,11.59501776428883
1539,12.76284619999933,249.60172682384737,329.40334884900386,47.49102662380987,62.67465938326813,18.404613771119738,0.19026721981505337,-0.24940998167733142,0.10038498076462332,18.245420274573302,-0.3076157801354083,0.02879696903921354,0.3089607315083282,14.279572660065552
1540,12.774219000000812,249.60298831606926,329.4262156302197,47.491266644427746,62.67901018215618,18.42888265412629,0.19026721981505337,-0.249169961059458,0.09603418187656843,18.39704273411388,-0.24619627850932546,0.06732464267818526,0.25523560696655684,13.377520077590027
1541,12.778668099999777,249.5917909327771,329.42035090462525,47.489136149439545,62.67789431712235,18.4337349048487,0.19026721981505337,-0.2513004560476588,0.09715004691040008,18.427366920846215,-0.07214250377333542,0.11062204342697304,0.13206732125187073,10.831579596619239
1542,12.790039200001047,249.6044754431552,329.41687056307035,47.4915495959639,62.67723212221069,18.434705354993177,0.19026721981505337,-0.24888700952330112,0.09781224182206216,18.433431758192683,-0.0440126682915505,-0.07754074330872093,0.08916098834698394,4.162510319627864
1543,12.80621439999959,249.65518532807397,329.3973008316856,47.501198024784536,62.67350864382758,18.434897919143168,0.19026721981505337,-0.23923858070266846,0.10153572020517032,18.434644420486194,-0.10961816209439496,0.023331563060839326,0.11207365121122347,1.496998056159281
1544,12.81052020000061,249.64226236595402,329.4096203129019,47.4987392087102,62.67585263726818,18.43493795785207,0.19026721981505337,-0.2416973967770062,0.09919172676457322,18.43488725812068,0.056966358585052924,-0.008184367961961626,0.05755128051900858,0.13428879628590076
1545,12.8214052000003,249.62470362249437,329.4026522706083,47.49539835540869,62.67452684723342,18.434945965593855,0.19026721981505337,-0.24503825007851532,0.10051751679932863,18.434935850666996,-0.0020772287578322834,-0.05451159294279204,0.054551156215730395,0.02764495126943634
1546,12.825848000000406,249.6329711021568,329.4004753845466,47.496971385778934,62.67411265717461,18.434949093021118,0.19026721981505337,-0.24346521970826984,0.10093170685814101,18.43494587435204,-0.20817285359271437,-0.16208516889286978,0.2638324069328175,0.012658043355378068
1548,12.842813499999465,249.62557258048147,329.4159369991318,47.49556368962903,62.677054495595584,18.434948317724754,0.19026721981505337,-0.24487291585817417,0.09798986843716762,18.43494818426483,-0.09043150601709046,-0.25713280327609983,0.27257134075530487,0.001369133093829169
1549,12.854300799999692,249.5993710503938,329.4345125090603,47.49057839734435,62.68058880622633,18.43494803756839,0.19026721981505337,-0.24985820814285375,0.09445555780641968,18.43494859697101,-0.12626207206177742,-0.34964167869213836,0.3717410581574088,0.0004793551727203992
1550,12.85906260000047,249.59981300795977,329.46003040997994,47.4906624873817,62.68544402628982,18.43494950741602,0.19026721981505337,-0.2497741181055062,0.08960033774292953,18.434948374336464,-0.2594199305058893,-0.3985677587559472,0.4755575240319717,2.809135962055632e-05
1552,12.874477800000022,249.56043180970158,329.48763709349487,47.48316953627613,62.690696673210525,18.43494802912477,0.19026721981505337,-0.2572670692110748,0.08434769082222715,18.43494860996592,-0.17149443072794177,-0.48380517357774966,0.5133008725409468,-1.1570717223195993e-05
1553,12.885957500000586,249.54162391311877,329.49677194427215,47.47959101008275,62.692434735871345,18.434947979848392,0.19026721981505337,-0.2608455954044544,0.08260962816140704,18.434948608184843,-0.07170194468095518,-0.46930606126396585,0.4747518804703442,-1.8910279357162352e-05
1554,12.890873000000283,249.55083795459805,329.51226213890004,47.48134414013827,62.695382012137586,18.434949495872022,0.19026721981505337,-0.25909246534893526,0.07966235189516624,18.43494830265285,-0.11913523297329784,-0.2676177244762018,0.2929376216695667,-9.599316832167192e-06
1556,12.906223899999532,249.5560805475164,329.53123627809043,47.48234163371747,62.69899216884972,18.43494802866301,0.19026721981505337,-0.2580949717697365,0.0760521951830313,18.434948290822824,-0.11648366936431237,-0.19426416613672348,0.22651051073486844,-2.4023434203578362e-05
1557,12.918477600000188,249.54194372086346,329.53195610321404,47.4796518590132,62.69912912797474,18.43494797975604,0.19026721981505337,-0.26078474647400185,0.07591523605800887,18.434948288378568,-0.042437912141995604,-0.17710970020933317,0.18212309654519826,-2.4167919505156722e-05
1558,12.923855700000786,249.5285790393467,329.53122053215117,47.4771089982173,62.698989172913635,18.434947969974647,0.19026721981505337,-0.26332760726990756,0.07605519111911718,18.434947982713933,-0.12738812813104614,-0.05312360849101903,0.1380212047760738,-1.1775599019050564e-05
1560,12.937787200000457,249.5328626212336,329.53602606658467,47.477924023433765,62.699903508590026,18.43494796762711,0.19026721981505337,-0.2625125820534393,0.07514085544272575,18.434947970487972,0.004205094774672458,-0.04938980215179893,0.0495684917932533,-1.1643338749637302e-05
1561,12.950311399999919,249.52838014505448,329.5346870586384,47.47707115515328,62.69964873927077,18.43494796754886,0.19026721981505337,-0.26336545033392156,0.07539562476198114,18.434947968042657,0.14218906648317436,-0.07220213355986746,0.15947062023442915,-1.1603688897780022e-05
1562,12.954784300000028,249.54537552332417,329.5397768061635,47.480304818526356,62.70061715138194,18.434947967533212,0.19026721981505337,-0.26013178696084793,0.07442721265081076,18.434947967553594,0.2963292097258763,-0.09090686236293888,0.3099597686175364,5.386952399034281e-06
1564,12.970796800000244,249.58496449498804,329.5503166320502,47.48783730210018,62.70262253475074,18.434947967529453,0.19026721981505337,-0.2525993033870222,0.07242182928201402,18.434947967534033,0.42097285093984305,-0.10473666730581761,0.43380630551750726,8.559490781474577e-06
1565,12.981649999999718,249.60195630319038,329.5541669876024,47.49107028620647,62.70335513119695,18.43494796752933,0.19026721981505337,-0.24936631928073183,0.07168923283580142,18.434948272705903,0.47161520250728317,-0.11498921839310049,0.48543116873831027,1.3633485038128778e-05
1566,12.98572299999978,249.61654971422533,329.55705218391233,47.49384693395171,62.70390408947746,18.434947967529304,0.19026721981505337,-0.24658967153549582,0.07114027455529026,18.434948333740277,0.4183506870174318,-0.08376423915558245,0.4266541281755876,3.116686405227042e-05
1567,12.998330200000055,249.62881546810712,329.5591009976382,47.496180704841734,62.704293911569,18.434949493408205,0.19026721981505337,-0.2442559006454701,0.07075045246374856,18.434948651123058,0.3513410644336648,-0.06127224666739867,0.35664384442893604,3.24551118155573e-05
1568,13.00254060000043,249.63892002303265,329.5604371756791,47.49810327041488,62.70454814245002,18.43494827270508,0.19026721981505337,-0.24233333507232402,0.07049622158272939,18.43494901977539,0.3070826512914455,-0.04845052947764017,0.3108813415611288,2.7635376995748752e-05
1569,13.013989400000355,249.64706521083627,329.56120609567756,47.49965303265315,62.70469444272039,18.43494955444336,0.19026721981505337,-0.24078357283405438,0.0703499213123635,18.43494909350586,0.42748006834954944,-0.0921915960681407,0.43730824280103237,3.8894021133725545e-05
1570,13.029908000000432,249.65347315085359,329.5614898784116,47.50087225358499,62.70474843727222,18.434949810791018,0.19026721981505337,-0.23956435190221725,0.07029592676052943,18.434949157490237,0.4065519177417752,-0.08416330983969803,0.41517216253343403,3.081378735245201e-05
1571,13.03436900000088,249.68357092443216,329.5697776820052,47.5065988732864,62.70632533462036,18.43494833618164,0.19026721981505337,-0.23383773220080428,0.06871902941239227,18.434949475462894,0.3089663320937588,-0.06616742592950842,0.31597202822656284,1.2523013251825152e-05
1573,13.05023489999985,249.6902813950573,329.5690087796859,47.5078756558759,62.706179037713746,18.43494981333008,0.19026721981505337,-0.23256094961130458,0.06886532631900621,18.434949233881643,0.2576200887423922,-0.04636759567108538,0.2617595538885931,1.0810186068465726e-05
1574,13.062635399999635,249.68824112513153,329.56707977060506,47.50748745938945,62.70581201051894,18.43494986256836,0.19026721981505337,-0.2329491460977522,0.06923235351381152,18.434949185565394,0.23100842899335958,-0.03875651554089532,0.234236977787137,3.597581474523941e-06
1575,13.067184699999416,249.68533924246452,329.5650182336669,47.50693532624217,62.705419767617165,18.434948346537112,0.19026721981505337,-0.23350127924503283,0.06962459641558638,18.43494917590214,0.14003942717939177,-0.017221835821545524,0.14109441092331204,-1.3512455825302847e-05
1576,13.078305400000318,249.6820388511435,329.56299222931517,47.50630736996121,62.70503428540184,18.434949569209767,0.19026721981505337,-0.23412923552599096,0.07001007863091502,18.43494881955543,0.20602780778057067,-0.0442386269767258,0.21072378531066127,-5.204046163434607e-06
1577,13.083299100000659,249.70379294642845,329.5694437360397,47.510446461190675,62.70626179564994,18.434948287865392,0.19026721981505337,-0.2299901442965293,0.06878256838281516,18.43494874828609,0.19101354790812308,-0.03880561698570483,0.19491549808593991,-1.8743365177174863e-06
1578,13.094802499999787,249.7286063176618,329.57705331682246,47.51516763234948,62.707709649429425,18.434948031596516,0.19026721981505337,-0.2252689731377231,0.06733471460332652,18.434949051005002,0.16874459926648763,-0.03867420630128796,0.17311971006977248,-1.2958161205799516e-06
1579,13.099550200000522,249.72595193341937,329.575636925397,47.51466259003936,62.70744015657073,18.43494950622165,0.19026721981505337,-0.22577401544784692,0.06760420746201845,18.434949111548782,0.14699887937762252,-0.03379039707843013,0.15083256105030768,5.155922419492035e-06
1581,13.115306900001087,249.70668028441293,329.5684422889164,47.51099582696165,62.70607125308999,18.43494986013168,0.19026721981505337,-0.22944077852555722,0.06897311094276404,18.434949123657542,0.10092402715199492,-0.023359484196084006,0.10359210760711313,-1.5590923025245186e-05
1582,13.126563400001032,249.69690704009736,329.56494687594005,47.50913629893715,62.705406190580874,18.43494987192868,0.19026721981505337,-0.23130030655005385,0.06963817345187806,18.434949126079292,0.09254540119185192,-0.022361138591647803,0.09520856999701081,-2.3410622831987673e-05
1583,13.13173149999966,249.71316337501457,329.57020705589906,47.51222934658623,62.7064070303974,18.434948348409176,0.19026721981505337,-0.22820725890097293,0.06863733363535118,18.43494851621208,0.06407161250866326,-0.016738060052478257,0.06622185578629357,-2.7065994110557293e-05
1584,13.142196299999341,249.73343229272825,329.5768550476662,47.516085857208274,62.70767192530828,18.434948043705273,0.19026721981505337,-0.22435074827892976,0.06737243872446896,18.434948382441636,0.06779518244058241,-0.019755157356808842,0.07061482142117285,2.2353048508787947
1585,13.147038999999495,249.72710120672699,329.5746947189478,47.514881259076404,62.70726088556915,18.434946456885587,0.19026721981505337,-0.22555534641080044,0.06778347846360333,18.434948355687546,-0.007218732794009003,0.0042647061571470385,0.008384379628696979,8.806567023784867
1586,13.157690600000933,249.7151157557833,329.57067563286193,47.51260082064712,62.7064961852334,18.43494919127946,0.19026721981505337,-0.2278357848400816,0.06854817879935382,18.55399767111801,-0.09368565915552722,0.10728634309526042,0.14243371141046474,9.121683653644029
1587,13.162038599999505,249.70276957004933,329.5665809565553,47.5102517462122,62.70571710255649,18.434949738158238,0.19026721981505337,-0.2301848592750062,0.06932726147626056,18.69685691164551,-0.17127466133748437,0.29102375663924807,0.3376830415414583,9.239390335084783
1589,13.180174099999931,249.7186066689899,329.5359415527046,47.51326502699756,62.69988742836903,19.03019492556149,0.19026721981505337,-0.22717157848964575,0.0751569356637205,18.72542875975101,0.008147539046111013,0.23958995818053103,0.2397284514892976,9.292783393330138
1590,13.189883299999565,249.71761553443497,329.4952295898363,47.51307644658132,62.69214127638086,19.149244246342768,0.19026721981505337,-0.22736015890588135,0.0829030876518928,18.73114282419633,0.10474418217979695,0.1796750822841583,0.2079771114674246,5.017521381792271
1591,13.194163000000117,249.732199293765,329.4991049438458,47.5158512579235,62.69287862921405,18.577805697413087,0.19026721981505337,-0.2245853475637034,0.08216573481870171,18.732285331909612,0.3377488116376909,0.016600915432064517,0.3381565468179715,-7.797092220473903
1592,13.20581250000032,249.74866261641,329.51305138244584,47.51898368855208,62.6955321793128,18.463519513506057,0.19026721981505337,-0.22145291693512092,0.07951218471995247,18.613464512670987,0.34658986625064886,-0.0945847847684553,0.3592642716682772,-8.602670078718747
1593,13.2103874000004,249.76368466655367,329.5283482948302,47.521841892268846,62.69844268030393,18.44066227672465,0.19026721981505337,-0.21859471321835855,0.07660168372882481,18.470650971381858,-0.01689675275697905,-0.217708329852247,0.21836303977730587,-8.997908120771712
1594,13.222034000000349,249.7765611202517,329.54270108737944,47.52429185931504,62.701173546238856,18.436090829368368,0.19026721981505337,-0.21614474617216217,0.07387081779389604,18.442088568299813,-0.30783547412553847,-0.15760146638497052,0.3458336324546646,-6.96627931690654
1595,13.226150599999528,249.73681911307074,329.5387590731144,47.51673025809885,62.70042351014418,18.435176539897114,0.19026721981505337,-0.22370634738835093,0.07462085388857531,18.436376087683403,-0.34872877326116436,-0.13411263138525875,0.373628097440911,-4.628160454780152
1596,13.237460500000452,249.68888922650987,329.5311359963059,47.507610771836866,62.698973088513384,18.43499368200286,0.19026721981505337,-0.23282583365033815,0.07607127551936799,18.554282969001527,-0.4571573861517427,0.28989659252507266,0.5413251426552637,1.8402899795556154
1597,13.253276900000856,249.69424455394193,329.5403081079632,47.508629715098564,62.70071824069825,18.434957110424012,0.19026721981505337,-0.23180689038863989,0.07432612333450095,18.57786434526515,-0.4500702613160957,0.31850684797985496,0.5513708845515884,4.238872517424088
1598,13.257467299999917,249.6960640376554,329.5076279913463,47.50897590320622,62.69450028576632,19.03019668331527,0.19026721981505337,-0.2314607022809838,0.08054407826643484,18.582580620517877,0.06802350132293859,0.1625150778100764,0.17617703382633906,10.799531305585537
1599,13.27004450000095,249.71231175526344,329.51367152420374,47.51206731126385,62.69565017196097,18.55399771068649,0.19026721981505337,-0.22836929422335572,0.07939419207178133,18.702573253009824,0.23059646641579876,0.22362424208894285,0.32122037913760504,9.205539919472654
1600,13.274597900001027,249.73034692074947,329.52797690204704,47.515498812059775,62.69837201643161,18.458757916160735,0.19026721981505337,-0.22493779342742926,0.07667234760113928,18.845621156949623,0.11064215256026486,0.33905072519674195,0.356646996594119,14.956428330909361
1601,13.286250799999834,249.7307472831659,329.5014095087149,47.51557498790367,62.693317112364575,19.034956844462616,0.19026721981505337,-0.22486161758353518,0.08172725166817685,18.874230737737584,0.050558322354408304,0.059449670608512986,0.07804106159422074,15.164355867953415
1602,13.290376099999776,249.7191400678618,329.4912886564756,47.51336651531796,62.69139144594685,19.15019663012299,0.19026721981505337,-0.22707009016924218,0.08365291808590314,18.99900203133658,-0.04818517745919848,0.2853536575108601,0.28939336754943035,7.807344522420035
1603,13.301918499999374,249.70592713732677,329.48608052593534,47.510852527759454,62.690400509428514,19.17324458725507,0.19026721981505337,-0.22958407772775047,0.08464385460423784,19.02399286161201,-0.16563168965039066,0.4324130520468701,0.4630495699133436,1.4589134848193879
1604,13.306104700001015,249.7004724154352,329.46324071253855,47.50981467299028,62.68605484163241,19.177854178681486,0.19026721981505337,-0.23062193249692342,0.08898952240033964,18.90994165022569,-0.1385991934408354,0.19604880765855656,0.24009346389852396,-0.9133546653682485
1606,13.321551400000317,249.7139798738651,329.45207495053955,47.512384699552506,62.68393036313975,18.58371206753789,0.19026721981505337,-0.2280519059346986,0.09111400089300048,18.90489782640546,-0.1595634375643991,0.03456385860989801,0.16326405277761824,-8.293966818037006
1607,13.334315100000822,249.72348550801706,329.5022551878302,47.51419331013518,62.6934780173787,18.464700787531015,0.19026721981505337,-0.22624329535202747,0.08156634665404994,18.784839989375786,-0.18453864944108395,-0.09144208469683326,0.2059518584311443,-6.826051468000244
1608,13.337921700000152,249.71135080815662,329.5087119903169,47.511884474529445,62.69470653523674,19.12497751102183,0.19026721981505337,-0.22855213095775895,0.08033782879601148,18.760828421969855,-0.26925450030237597,-0.347932059914456,0.43994852454508676,6.155856219368311
1609,13.349937900000441,249.68970903992977,329.54307918166126,47.507766755457034,62.70124548518668,18.57295540210671,0.19026721981505337,-0.23266985003017027,0.07379887884606973,18.875038914374443,-0.33009644058586296,-0.35718124744384616,0.48635594333060045,6.689292724500537
1610,13.353705100000298,249.67641361862502,329.54791731738794,47.50523707260911,62.70216602382049,19.057796341651812,0.19026721981505337,-0.2351995328780916,0.07287834021226303,19.016930390296768,-0.40233298081009117,-0.06138279278791281,0.40698854369377163,15.18986180907666
1611,13.365829200000007,249.66763093151172,329.5421001789564,47.50356601514956,62.701059213063836,19.154764529560833,0.19026721981505337,-0.23687059033764513,0.073985150968916,19.04530868548123,-0.30513080003136805,0.03150629800703553,0.30675307975942284,16.926635696703546
1612,13.369597700000668,249.66328377047557,329.52762251788363,47.50273889290512,62.6983045887421,19.174158167142636,0.19026721981505337,-0.23769771258208294,0.07673977529065468,19.17003341678375,-0.3501848239694557,0.03448971597514654,0.3518791716577794,15.304942766126928
1613,13.381631399999605,249.65353380272632,329.5197916768342,47.500883793648185,62.696814636386804,19.266868986944154,0.19026721981505337,-0.2395528118390189,0.07822972764594738,19.194416043617654,-0.2543919902888734,0.027130208659643724,0.2558345812142097,7.783746856413233
1614,13.38512400000036,249.64310833471478,329.52950694020467,47.49890016883436,62.69866313253808,19.1965790586193,0.19026721981505337,-0.24153643665284363,0.07638123149467191,19.199292568984436,-0.24452281168925402,-0.021486275737861833,0.24546499848553116,7.3186344732239075
1616,13.401657200000045,249.6263778188933,329.55393768962216,47.495716900102934,62.703311503307745,19.179709475821337,0.19026721981505337,-0.24471970538427001,0.07173286072500673,19.20026787405779,-0.24669150814650298,-0.254171003684731,0.354202765807524,0.7013504948586957
1617,13.414583899999343,249.62036627479168,329.5642504136165,47.494573100319926,62.70527367663087,19.179147156394738,0.19026721981505337,-0.24586350516727862,0.06977068740188486,19.200462935072462,-0.22467822969345638,-0.251007071016621,0.33687513502561833,0.29412652774038567
1618,13.418396799999755,249.61575059579752,329.572916851451,47.493694887910145,62.70692261566334,19.17903469250942,0.19026721981505337,-0.2467417175770592,0.06812174836941409,19.200501947275395,-0.03896920685640698,0.08710726908955646,0.09542680656533485,0.863182160517381
1619,13.429697300000043,249.613131832299,329.5646235610073,47.49319662305993,62.705344674347494,19.267844292017507,0.19026721981505337,-0.24723998242727419,0.06969968968525819,19.2003897954877,-0.005951804178674234,0.1163828119218567,0.11653489985330384,0.8777216464902983
1620,13.433880700000373,249.62106021027202,329.53908985021275,47.4947051334945,62.70048644618305,19.19677411963397,0.19026721981505337,-0.2457314719927055,0.07455791784970245,19.21813378358719,0.013583906687266951,0.17314743366828506,0.1736794642633422,0.8833909187557798
1623,13.460829199999353,249.61717219398986,329.55817885218227,47.493965371445896,62.704118457516834,19.179148716882853,0.19026721981505337,-0.24647123404130866,0.07092590651591735,19.221682581207087,0.05425898761376007,0.22057451506078837,0.22715007028652254,0.8880063418905656
1624,13.477169499999945,249.61796187173965,329.54683994009633,47.4941156212359,62.70196103423852,19.267867096892196,0.19026721981505337,-0.24632098425130522,0.07308332979422971,19.222392340731066,0.06771032267040505,0.23082135222578629,0.2405476760217626,0.9021058998924782
1625,13.48143119999986,249.61735820475133,329.5512149899069,47.49400076319634,62.702793462802525,19.196778680608908,0.19026721981505337,-0.24643584229086457,0.07225090123022682,19.222534292635864,-0.0058857157701515716,-0.04154683091217852,0.04196165879671779,-0.703076865364643
1626,13.493163499999355,249.6187865726722,329.53944559317983,47.494272534789516,62.70055413240837,19.271393089637407,0.19026721981505337,-0.24616407069768798,0.07449023162438095,19.223244956671707,-0.001675407970381661,-0.04148010930847142,0.04151393091613893,-0.482837257346999
1627,13.497820599999613,249.61860579233797,329.54435389097074,47.49423813821792,62.70148802058307,19.19748387915795,0.19026721981505337,-0.24619846726928074,0.0735563434496811,19.20562067102184,-0.006301855597862128,-0.1480588220569117,0.1481928749058353,-1.2714134565106845
1628,13.50937200000044,249.61821727450052,329.5525160850474,47.494164216009146,62.70304101855762,19.18270203706206,0.19026721981505337,-0.24627238947805807,0.07200334547513165,19.219862232348902,0.0009415223293788974,-0.08633437181574269,0.0863395055644612,-1.321202338632095
1629,13.513197700000092,249.61793703957238,329.5605762258517,47.49411089648847,62.70457459913978,19.17974566864288,0.19026721981505337,-0.2463257089987323,0.07046976489296952,19.20494412615728,-0.0026032935907478317,-0.16206607070325832,0.16208697791837923,-1.3611337156796421
1630,13.527034099999582,249.61861084680714,329.5523373548028,47.49423909991772,62.70300701205088,19.2679864872442,0.19026721981505337,-0.2461975055694836,0.07203735198186934,19.201960504918958,0.08802777541971632,-0.17512840601356436,0.1960072647587223,-0.2879969544620631
1631,13.531324499999755,249.61873352224865,329.55657188752883,47.494262441032916,62.70381270481989,19.19680255867931,0.19026721981505337,-0.2461741644542883,0.07123165921286301,19.20136378067129,0.11389654637577577,-0.20341506700434714,0.23313110637731782,-0.39626610952906616
1632,13.54248440000083,249.64487960858952,329.5721645172924,47.49923718419004,62.7067794711346,19.18256577296633,0.19026721981505337,-0.24119942129716776,0.0682648928981493,19.21901085427879,0.10164144256184517,-0.11122634200959963,0.15067276463544862,0.7421308124957492
1633,13.547588100000212,249.6481774521962,329.5795645668231,47.499864655724465,62.708187457985304,19.179718415823736,0.19026721981505337,-0.24057194976273877,0.0668569060474482,19.22254026900029,0.0590193391628953,-0.0926815652018518,0.10987790916963235,1.6259050023002946
1634,13.557893200000763,249.64410384180883,329.5763105142644,47.49908958120145,62.70756831845183,19.26798103668037,0.19026721981505337,-0.2413470242857514,0.0674760455809249,19.241012570401622,0.03759227915605036,-0.033643989776326946,0.05044895935711668,2.0935214298511964
1635,13.562998999999763,249.638633687503,329.5707820353044,47.49804879014972,62.7065164301303,19.2856335608517,0.19026721981505337,-0.2423878153374872,0.06852793390245182,19.262473449138916,0.15131583471339083,-0.017912319898937,0.1523723499824429,1.9975623493102304
1636,13.573030200001085,249.63327216088942,329.56511982523233,47.49702866738699,62.705439097161886,19.289164065685966,0.19026721981505337,-0.2434079381002121,0.06960526687086599,19.28453204334341,0.12335285586823264,0.048636916456269115,0.13259516089670495,1.874030432509155
1637,13.577035399999659,249.65462541326923,329.5690601076753,47.5010914913513,62.706188803747594,19.28987016665282,0.19026721981505337,-0.23934511413590087,0.06885556028515794,19.288943762184307,0.0831714681246849,0.08136696221979996,0.11635323652951743,1.5239173611728358
1638,13.588978199999474,249.65356647904974,329.56549042975087,47.5008900108814,62.70550961105328,19.29001138684619,0.19026721981505337,-0.2395465946058053,0.06953475297947165,19.289826105952486,0.10216670240742658,0.05555578325577215,0.11629479839601596,1.6682126244864433
1639,13.593182399999932,249.64746525867844,329.5605468017736,47.49972914864387,62.70456900070225,19.290039630884863,0.19026721981505337,-0.2407074568433316,0.07047536333050175,19.290002574706122,0.06728865195023323,0.07148196575606061,0.0981704339892121,1.762721534289316
1640,13.60500839999986,249.64069855954267,329.5557632263223,47.498441667611985,62.70365884310035,19.2900452796926,0.19026721981505337,-0.2419949378752193,0.07138552093240236,19.348242214159974,-0.1556036017605488,0.20023617149805983,0.25358825930444,1.5827328558344027
1641,13.609368400000676,249.63437202758098,329.55147742767434,47.49723793596456,62.702843396106914,19.290046409454146,0.19026721981505337,-0.24319866952264135,0.07220096792583774,19.359890142050745,-0.20022782385472504,0.24795379563008468,0.31870404172674777,4.584034977187456
1642,13.620926499999769,249.62829286651439,329.52374124412563,47.49608127088961,62.69756610957482,19.58106836392208,0.19026721981505337,-0.24435533459759284,0.07747825445792955,19.3622197276289,-0.15707685477444358,0.20422358993700282,0.2576439655660282,5.66429408793669
1643,13.624816999999894,249.62338562507585,329.5176998373986,47.49514758370414,62.696416627913095,19.34825102630004,0.19026721981505337,-0.24528902178306566,0.07862773611965679,19.420889990447655,-0.18024413241543613,0.4556863873539492,0.4900388054938983,1.9555604679429823
1644,13.637665599999309,249.6193092358588,329.5173567830801,47.494371980460926,62.69635135592167,19.301687558775633,0.19026721981505337,-0.24606462502627835,0.07869300811108104,19.49082838871453,-0.13523731564031422,0.4972113596458024,0.5152749437945002,1.2756310416781687
1645,13.6409122999994,249.6154748919725,329.4945888295591,47.493642430509865,62.69201936070436,19.583396593786375,0.19026721981505337,-0.2467941749773388,0.08302500332839458,19.44661172266478,-0.13840984662198352,0.39259481739432595,0.4162787242783435,4.378668671778201
1646,13.653057999999874,249.61221604354978,329.469396108757,47.49302237848068,62.68722601175776,19.639738400788524,0.19026721981505337,-0.24741422700652294,0.08781835227499357,19.43776838945483,-0.0934113178098759,0.3189553395201239,0.33235249796469885,1.4762614217671184
1647,13.656648800000767,249.61002804042846,329.47065102914235,47.492606073209835,62.68746478197057,19.35998503367333,0.19026721981505337,-0.2478305322773693,0.08757958206218319,19.494204068515966,-0.08756041079078222,0.3780956960104728,0.38810202380236875,-0.7691930176101244
1648,13.67650809999941,249.6084625154782,329.4782432016215,47.49230820513,62.688909323520534,19.30403436025029,0.19026721981505337,-0.24812840035720285,0.0861350405122181,19.505491204328194,-0.05100887761389952,0.23357572138090388,0.23908057891438905,1.5646223742766805
1649,13.68618079999942,249.60688094869377,329.4629522188624,47.492007284814974,62.685999950742726,19.583865954081308,0.19026721981505337,-0.2484293206722299,0.08904441329002566,19.449544285787518,-0.043723251452128575,0.10808798266695727,0.11659646098642325,1.6344112295965947
1650,13.691919299999427,249.6056158060211,329.44450392385625,47.49176656963598,62.68248984494157,19.639832272847514,0.19026721981505337,-0.2486700358512266,0.09255451909118051,19.43835490207938,0.1893124773584106,-0.05459064800293281,0.19702627472740494,-1.5278257720840278
1651,13.697821499999918,249.60516219125137,329.45172504102266,47.491680261614874,62.68386378682878,19.36000380808513,0.19026721981505337,-0.24875634387232992,0.09118057720397132,19.436117025337754,0.20084471401305032,-0.07652431992046987,0.21492922250423369,-2.4250682789728675
1652,13.702557399999932,249.63127864595737,329.47362614550957,47.49664936684321,62.68803084909039,19.304038115132652,0.19026721981505337,-0.24378723864399632,0.0870135149423632,19.43566975516521,0.06184768737171406,0.04402775899421785,0.07591824547025708,1.4098616833945823
1653,13.717436400000224,249.63461485802253,329.4878904841313,47.49728413863756,62.69074488514244,19.292844976542156,0.19026721981505337,-0.24315246684964364,0.08429947889030842,19.377375955427578,0.05641405728501042,-0.0968188436053313,0.1120554966810198,2.8560731991751354
1654,13.720912400000088,249.6213497899451,329.471383631775,47.494760231013814,62.68760417223671,19.581629603218587,0.19026721981505337,-0.24567637447339052,0.08744019179604123,19.423921846358954,-0.06812428356912445,0.11193804374746735,0.13103832893400463,6.521295740476104
1655,13.73369620000085,249.61670600827728,329.47760237767034,47.49387667158645,62.68878739572895,19.348363274159343,0.19026721981505337,-0.24655993390075537,0.08625696830380036,19.491435370248354,-0.2883198723941019,0.33994696450307604,0.4457491306690422,6.776516344851882
1656,13.737691700000141,249.6033227728213,329.460571859066,47.49133028058411,62.685547046302105,19.592733262742026,0.19026721981505337,-0.2491063249030958,0.08949731773064684,19.56314242072936,-0.30300598424538966,0.5301797389894358,0.6106579911238562,10.938368972247291
1657,13.749828100000741,249.60002274032445,329.4439774984579,47.490702392575635,62.68238968344459,19.641605734579656,0.19026721981505337,-0.2497342129115694,0.0926546805881614,19.57748352564978,-0.15708275861899293,0.38703721737870966,0.41769941428209756,8.455512134009545
1658,13.75344369999948,249.599438058128,329.42936900840357,47.49059114671964,62.67961016665625,19.651380228947183,0.19026721981505337,-0.2498454587675667,0.09543419737649828,19.638556092336987,0.08312354733990679,0.43232257808979013,0.44024122438564567,7.532314409513279
1659,13.765953600001012,249.59966954260818,329.41701937612436,47.49063519062811,62.67726043645675,19.653335127820686,0.19026721981505337,-0.24980141485909257,0.0977839275760033,19.65077030049865,0.22068406786659536,0.2924942157315569,0.3664073198594245,3.9508158142192475
1660,13.769625999999334,249.62151696450945,329.41443550809356,47.4947920388534,62.67676881107016,19.65372610759539,0.19026721981505337,-0.24564456663380696,0.0982755529625905,19.653213142130983,0.21760462163058558,0.3180450546455996,0.3853627228203485,3.72005666168508
1661,13.782015099999626,249.6248044425434,329.4071519678437,47.49541753815912,62.675382992116404,19.653804303550327,0.19026721981505337,-0.2450190673280872,0.09966137191634772,19.65370201563323,0.18496459136770516,0.19380326803129586,0.26790223358425447,0.34208573085340666
1662,13.785524000000805,249.6235663755284,329.3999981360039,47.49518197459023,62.67402185242122,19.653819942741315,0.19026721981505337,-0.24525463089697297,0.1010225116115322,19.65379979033368,0.10278838344257457,0.09502469379633097,0.13998265678941874,0.14704001702088695
1663,13.798130999999557,249.6107141341653,329.3902217019697,47.49273661435768,62.672161717497836,19.65382459645842,0.19026721981505337,-0.24769999112952235,0.10288264653491552,19.653819345273767,-0.14009932645132284,0.041100720146157704,0.14600373443390788,0.014014712358853907
1664,13.801577399999587,249.60333542441046,329.3957655695354,47.49133268776681,62.673216533766585,19.653824001322935,0.19026721981505337,-0.2491039177203973,0.10182783026616704,19.653823256261788,0.03308189734005304,-0.16153344561375813,0.16488622132692216,0.0061142812860285915
1665,13.814010199999757,249.59794307851473,329.40463597246196,47.49030670110494,62.674904280670056,19.65382388229584,0.19026721981505337,-0.2501299043822627,0.10014008336269598,19.653824038268947,0.07709132168407004,-0.2335467900734248,0.2459414056896421,0.0005409597187536825
1666,13.817536800001108,249.6149284270994,329.4213417934085,47.49353845615774,62.678082850776285,19.65382385849042,0.19026721981505337,-0.24689814932946774,0.09696151325646696,19.6538238894946,0.1672398872544366,-0.3025816682741054,0.34572365534400074,0.00023064452369393596
1668,13.833749499999612,249.62795824947204,329.418969207547,47.49601760423526,62.67763142546064,19.653823852777116,0.19026721981505337,-0.24441900125194138,0.09741293857211275,19.653823859739727,0.4499829720303069,-0.28730842607756774,0.5338827650452833,3.6240510711518516e-06
1669,13.84673339999972,249.64548062071762,329.43245531458206,47.49935153709673,62.68019738955233,19.653823852586672,0.19026721981505337,-0.2410850683904755,0.09484697448041857,19.65382385378875,0.5347233149989953,-0.26844557526405516,0.598324368952464,-8.956566561534502e-06
1670,13.850720599999477,249.66656958755246,329.43726879690723,47.503364076185164,62.681113237451974,19.653823852548584,0.19026721981505337,-0.23707252930203992,0.0939311265807774,19.653823852598556,0.4702741035920838,-0.19922203162496077,0.5107319751044719,1.4109605886236036e-05
1671,13.861606500000562,249.68608972354826,329.4396394648518,47.507078118191494,62.68156429785088,19.653823852540967,0.19026721981505337,-0.2333584872957104,0.09348006618186844,19.653823852550964,0.40386240076783236,-0.22164718706522482,0.46068678544959807,1.5473571131399894e-05
1672,13.86577860000034,249.6991179509066,329.4518135527364,47.509556962790086,62.68388062770647,19.653823852539443,0.19026721981505337,-0.23087964269711847,0.09116373632627983,19.653824157717224,0.10877497997851646,-0.17680817136648738,0.20758883816642895,1.0994816873393418
1673,13.878023100000064,249.68758924114462,329.4572374458013,47.50736342723562,62.684912616760506,19.65382385253914,0.19026721981505337,-0.2330731782515869,0.09013174727224538,19.65382421875048,-0.06608943197488683,-0.1262744912305754,0.14252389327514126,1.1847355044111931
1674,13.882244899999932,249.66054858592094,329.456647923462,47.50221847694423,62.684800449983996,19.653825378417984,0.19026721981505337,-0.2382181285429752,0.09024391404875587,19.67703284912119,-0.08114120581615206,-0.17337420870469503,0.19142233810419906,1.2290162214831475
1675,13.89313410000068,249.66810498095288,329.45533324551394,47.50365621121878,62.68455030986586,19.653824157714848,0.19026721981505337,-0.2367803942684219,0.09049405416688927,19.681674575195334,-0.2389977790166392,-0.07027292767489933,0.24911487859798329,1.232199285567613
1676,13.89732709999953,249.6739651795644,329.46143615561675,47.50477121491616,62.685711493603904,19.769867004394534,0.19026721981505337,-0.23566539057104308,0.08933287042884785,19.68260292041016,-0.1556599622146606,-0.11815024314508067,0.195421349375935,1.2336318284845553
1677,13.908920699999726,249.66207497409033,329.46385452230265,47.50250889857758,62.68617162950972,19.677032482910157,0.19026721981505337,-0.23792770690962328,0.08887273452302935,19.682788284277343,0.06155829557392986,-0.09214126646117451,0.11081261994482612,0.6684703721345562
1678,13.914092900000469,249.6685323543624,329.47265308370066,47.503737526369235,62.687845707325295,19.65846557861328,0.19026721981505337,-0.23669907911796884,0.08719865670745719,19.682825357050785,0.05251257596632479,-0.11066600823706094,0.12249300393795667,0.9458008875917392
1679,13.92512920000081,249.6608426527996,329.46356884953843,47.50227442823167,62.6861172753471,19.654752197753908,0.19026721981505337,-0.23816217725553201,0.0889270886856508,19.712309089964847,-0.12069749827731019,-0.027097958251959015,0.12370200253765583,2.1899248987706543
1680,13.941183599999931,249.66816705358076,329.46944598435726,47.503668021605115,62.68723550144956,19.654009521582033,0.19026721981505337,-0.236768583882089,0.08780886258319498,19.741414454711723,-0.13509784274394598,-0.009718786350444472,0.13544697088600224,2.2878697880673533
1681,13.945689899999707,249.65395353707683,329.46610874950727,47.50096365533612,62.68660053505278,19.917285668964844,0.19026721981505337,-0.2394729501510824,0.08844382897996894,19.77044414582516,-0.15461081219005263,0.018486469416720684,0.1557120830172247,3.9444599231666144
1682,13.957170600000609,249.6378345451579,329.46326028063856,47.49789673955748,62.6860585648004,19.822559306644532,0.19026721981505337,-0.24253986592972154,0.08898579923235417,19.776250084047845,-0.09142931245007108,-0.037518054651785385,0.09882774711561058,2.8991467558635144
1683,13.961197500000708,249.64079713726602,329.46712580014014,47.49846042372134,62.68679404644911,19.80361403418047,0.19026721981505337,-0.24197618176586388,0.08825031758364332,19.809633561731445,-0.041415496522176756,-0.03976062622975986,0.05741211327203609,3.7307950313442504
1684,13.973379700000805,249.65253555750985,329.4750272996444,47.50069386030616,62.688297442792155,19.683781888867344,0.19026721981505337,-0.2397427451810472,0.08674692124059646,19.778507522893168,0.1062709474735298,-0.06931372820065981,0.12687752832553398,2.1511982740774114
1685,13.977273599999535,249.65942981833254,329.47668223995015,47.50200561214557,62.68861232368309,19.820926910000033,0.19026721981505337,-0.23843099334163753,0.08643204034966345,19.801758633484884,0.04557805976079954,-0.02842563504905233,0.05371569844562133,2.5409597981119707
1686,13.990020100000038,249.66869504003236,329.4771417513938,47.50376848011936,62.68869975364794,19.761655474773445,0.19026721981505337,-0.2366681253678422,0.08634461038481334,19.783200237439164,0.04007553759957297,-0.008294341450819039,0.04092486791667826,0.6124183441008838
1687,13.99457110000003,249.65504683740068,329.4711225960516,47.50117167454916,62.687554505695346,19.938814859603127,0.19026721981505337,-0.2392649309380417,0.08748985833740619,19.79437076037846,0.09375165013540926,0.0071061376797951666,0.09402057804457696,0.9606775440189388
1688,14.005739300000641,249.66164836706503,329.4759349458879,47.50242772924492,62.68847013811948,19.710822053951876,0.19026721981505337,-0.23800887624228295,0.08657422591327446,19.779264777075692,-0.014166680643677737,0.04800069086189557,0.0500475889896728,-0.2435994944337886
1689,14.009452000000238,249.67046275094594,329.47684048696027,47.504104817560325,62.688642432901744,19.739634503563813,0.19026721981505337,-0.23633178792687914,0.08640193113100736,19.77624358041514,-0.25933969771869925,0.15815699280581164,0.3037609474343334,2.7830539202964286
1690,14.021293600000718,249.65784624803922,329.4691475607049,47.501704310628476,62.6871787212109,19.7453969934862,0.19026721981505337,-0.23873229485872827,0.08786564282185338,19.775648866242687,-0.1824944410054692,0.12804922314133882,0.22293681738330942,2.845077897810316
1691,14.02513689999978,249.6358780353985,329.45816060843794,47.497524479885016,62.68508826434882,19.746549491470677,0.19026721981505337,-0.24291212560218867,0.08995609968393126,19.82821485993163,-0.24235874417160577,0.15723675143096907,0.288896446632703,3.98317783065368
1693,14.042613400000846,249.61875906269825,329.4488735329004,47.49426730054326,62.68332123830608,19.93584128874086,0.19026721981505337,-0.2461693049439475,0.09172312572667352,19.876531098220205,-0.3140289720779583,0.15590190902967566,0.3505989169170897,6.556589576244837
1694,14.053555599999527,249.60801312993237,329.445195678147,47.49222270179157,62.68262146310727,19.97365202239661,0.19026721981505337,-0.24821390369563545,0.09242290092548444,19.923997385428702,-0.24167963079459562,0.16796553194091374,0.294315245716572,6.7278786105684
1695,14.057479499999317,249.60993861573505,329.4462903746149,47.49258905862204,62.68282974796075,19.981215695006668,0.19026721981505337,-0.24784754686516663,0.09221461607199899,19.9712933772454,-0.09017862587583203,0.09628439641125067,0.13191993616255332,4.0791163429007256
1696,14.069200800000544,249.61973547790836,329.4349597396498,47.49445308035067,62.68067389954721,19.982728429528677,0.19026721981505337,-0.24598352513653765,0.09437046448554298,19.980743355624863,-0.03550137431398487,0.08853149700264965,0.09538434640815979,3.5325347300974883
1697,14.073561400000472,249.61217111312942,329.43070801352576,47.49301382969451,62.67986493543817,19.983029450554174,0.19026721981505337,-0.24742277579269256,0.09517942859458373,19.982633656476537,0.046758430954012484,0.04709945700945413,0.06636798713134646,2.6681713262826308
1698,14.08546700000079,249.6176156847765,329.4268069472291,47.494049753204884,62.679122690399595,19.98309118063818,0.19026721981505337,-0.2463868522823205,0.09592167363315696,19.983011449204067,-0.019249526182778313,0.058503922461537315,0.06158939195711416,0.2577117827942579
1699,14.090161899999657,249.62315392119413,329.4303406528229,47.495103498050746,62.67979503873857,19.98310352665498,0.19026721981505337,-0.24533310743645842,0.0952493252941835,19.983087007749575,-0.03243635042389982,0.028561208709587112,0.04321873982168639,0.09651662954442045
1701,14.105358400000114,249.60425092256486,329.4300258684382,47.491506877055386,62.67973514558884,19.983104658644326,0.19026721981505337,-0.24892972843181838,0.0953092184439086,19.983102424634456,0.09578724460093851,-0.048442582372939136,0.10734002056641789,0.009846565203353282
1702,14.117844000000332,249.610359910817,329.4277808201369,47.492669217266005,62.67930798649021,19.98310622225621,0.19026721981505337,-0.24776738822119881,0.0957363775425435,19.983105508011434,0.10037197750166585,-0.07974098025254066,0.12819187883493632,0.9612302484204934
1703,14.122089200000119,249.61730021329996,329.4322320702686,47.49398972932411,62.680154913477466,19.98310653497859,0.19026721981505337,-0.24644687616309113,0.09488945055528575,19.983106124686827,0.11824955358306026,-0.10890303186010988,0.1607570442342019,1.5689465985001503
1704,14.133450499999526,249.62386469565897,329.4378538549695,47.495238735132084,62.68122455482291,19.98310659752306,0.19026721981505337,-0.24519787035512053,0.09381980920984034,20.037511422691274,0.14892274528510022,-0.10270919162500577,0.1809065010095353,1.6020051235796138
1705,14.137012600000162,249.62974013021358,329.4432647332736,47.496356637729995,62.68225406759459,19.983106610031957,0.19026721981505337,-0.24407996775720875,0.09279029643816017,20.04839248229216,0.131784318766056,-0.13419584999553957,0.18808411104784695,1.6075524797401444
1706,14.150098100000832,249.624010655112,329.4408637907403,47.49526650643142,62.68179724693385,20.255131148666546,0.19026721981505337,-0.2451700990557839,0.09324711709890465,20.05056869421234,0.13757178523783564,-0.07771427953244886,0.15800476365215316,1.6120569743562196
1707,14.165640600000188,249.62461533467643,329.45092944866167,47.495381557131026,62.68371241168215,20.037511520260654,0.19026721981505337,-0.24505504835617842,0.09133195235060043,20.051003631420595,0.07625419042268622,-0.023020497194410378,0.07965327895383308,0.8317354186748268
1708,14.16947810000056,249.63147274236053,329.4492573255443,47.496686297026216,62.683394261465416,19.993987594579476,0.19026721981505337,-0.24375030846098866,0.09165010256733552,20.051090618862247,0.06131015599356528,0.0922061528215708,0.11072899279822868,3.9163093727932625
1709,14.181748599999992,249.61879042680107,329.4376927493548,47.4942732681039,62.68119390170551,19.985281283564333,0.19026721981505337,-0.24616333738330098,0.09385046232723937,20.061975079905295,0.055924444823382394,0.09835927045116492,0.11314631948273415,4.6740798984021135
1710,14.185272300001088,249.62321872486433,329.43237545784655,47.49511582806491,62.68018219543328,19.98354154724021,0.19026721981505337,-0.2453207774222932,0.0948621685994695,20.127084406195934,0.020648583025965443,0.11392597946083857,0.11578209178060138,5.966212556578505
1712,14.202320100001089,249.61334158168097,329.4264909343771,47.493236531491696,62.679062563512815,20.309553453881797,0.19026721981505337,-0.2472000739955078,0.09598180051993666,20.194511178680628,-0.1565195336531898,0.00035226083920553153,0.15651993004953346,11.706017898920727
1713,14.214097300000503,249.6028822093851,329.429300345899,47.491246455803946,62.679597102432396,20.363058151713858,0.19026721981505337,-0.24919014968325826,0.09544726160035566,20.270929272435378,-0.14921626083960254,-0.05559535409803498,0.1592367291055622,12.311041872639452
1714,14.217821100000947,249.59219928159433,329.43879176127945,47.48921384483371,62.68140300764895,20.33112145700293,0.19026721981505337,-0.2512227606534907,0.09364135638379878,20.377883118237108,-0.21868488676021863,-0.0775368468261536,0.23202379686806276,8.66684788413682
1715,14.230036599999949,249.5819182286017,329.4452387118042,47.48725769746404,62.682629651001584,20.367371752338087,0.19026721981505337,-0.2531789080231661,0.0924147130311681,20.425672143666954,-0.1966336332294821,-0.07164115722190233,0.20927790405372426,9.366046542131087
1716,14.234052100000554,249.57963406764847,329.4414946144745,47.48682309650985,62.681917272011944,20.518310776248867,0.19026721981505337,-0.25361350897735235,0.09312709202080782,20.426702421897456,-0.2110564022627004,-0.12827575305751,0.24698071535758837,8.49307361213544
1717,14.245488900000055,249.57963523200002,329.435774959771,47.48682331804778,62.6808290092132,20.548498581031026,0.19026721981505337,-0.25361328743942124,0.09421535481955345,20.51191976904746,-0.09137884369499985,0.024421591517212814,0.09458597785754934,2.7775815834845994
1718,14.249498700000913,249.57455434633007,329.4426992331068,47.48585659205717,62.68214647145005,20.36820954286636,0.19026721981505337,-0.25458001343003644,0.09289789258270531,20.520435711621996,-0.09721698710057501,-0.01060945772228103,0.0977941878338086,2.0135796626895686
1719,14.261309299999994,249.57781598526415,329.42541022087437,47.486477175029194,62.67885693915923,20.75720819275296,0.19026721981505337,-0.2539594304580106,0.09618742487351994,20.52213920531268,-0.054533709044017095,-0.07654849788409833,0.09398722227201589,2.554968494301161
1720,14.265009700000519,249.5741338669215,329.4307696694764,47.48577658860911,62.67987666654448,20.409951465210746,0.19026721981505337,-0.25466001687809126,0.09516769748827159,20.5224802092266,-0.14009905840624357,-0.1250172543336544,0.18776863435473368,1.414920328933924
1721,14.277607500000158,249.5810983165839,329.4408528177597,47.487101695083915,62.68179515913533,20.52682824470231,0.19026721981505337,-0.25333491040328937,0.09324920489741828,20.559814035009385,-0.1334800950165391,-0.06415368277430572,0.14809669401823444,1.6857976856131134
1722,14.281871999999566,249.57150977812057,329.4441518030727,47.48527731052841,62.68242284789905,20.55020360060062,0.19026721981505337,-0.2551592949587942,0.09262151613370406,20.56728080016594,-0.10716477311241289,0.046663068217251746,0.11688340571562253,4.243354984767736
1723,14.293015499999456,249.55932794501842,329.4455716421744,47.48295950701181,62.68269299673751,20.554878671780283,0.19026721981505337,-0.25747709847539113,0.09235136729524385,20.606039778197253,-0.09448998402924737,0.10777140195964749,0.14332840668267868,4.41095088849642
1724,14.297307000000728,249.5634808204831,329.4267920804655,47.483749663080715,62.67911986174181,20.794542018535743,0.19026721981505337,-0.25668694240648904,0.0959245022909414,20.661537545483203,-0.012289763241821336,0.1628461295461269,0.16330921648423266,5.998782563936345
1725,14.309240300000965,249.55558120365595,329.4249124366203,47.48224662494941,62.67876222713314,20.603746355367306,0.19026721981505337,-0.25818998053779296,0.0962821368996103,20.672637098940392,0.10897418616046008,0.16565499002412243,0.19828501952801858,5.800376402556331
1726,14.313823200000115,249.5680144110214,329.4219477136472,47.48461225674822,62.67819813753554,20.804317081132055,0.19026721981505337,-0.2558243487389831,0.0968462264972132,20.722602981311518,0.2697799691078989,0.1775690732466185,0.3229736947578268,7.2094906297279095
1727,14.326991899999484,249.58036953903465,329.43116289276725,47.48696303260576,62.6799514840468,20.60570136788657,0.19026721981505337,-0.2534735728814468,0.09509287998594829,20.732596462961524,0.286596859654769,0.022700217602474173,0.2874944518476401,4.557931161671173
1728,14.33171880000009,249.59517707103797,329.4302852300277,47.48978042055235,62.67978449359742,20.80470808363591,0.19026721981505337,-0.2506561849348543,0.0952598704353349,20.782341130971215,0.41147995486883726,0.042623286953279146,0.4136816382794406,6.40482670669563
1729,14.341554200000246,249.6090413075544,329.42727345594443,47.49241833028919,62.67921145171588,20.844509426785777,0.19026721981505337,-0.24801827519801378,0.09583291231687241,20.779136988401277,0.3087678246618034,0.038468145889624064,0.3111548935732292,3.5248978389899452
1730,14.346188400000756,249.62118198826556,329.4241172531463,47.494728303854764,62.6786109297843,20.85246969541575,0.19026721981505337,-0.2457083016324404,0.09643343424845341,20.826241826391197,0.2478983021941747,0.11902293629714827,0.27499095911602145,3.051765501106586
1731,14.3571479000002,249.62133324731053,329.4182241375053,47.49475708349272,62.67748966305525,20.78829636828237,0.19026721981505337,-0.24567952199448229,0.09755470097750418,20.78791682230949,0.13906714174742682,0.0784880725712839,0.15968734279758692,0.919562907626538
1732,14.361918500000684,249.61817816046045,329.41146368818494,47.494156773889486,62.67620337115836,20.84122555783616,0.19026721981505337,-0.24627983159771816,0.09884099287439341,20.78025151631737,0.058061585716118254,0.0973331416445179,0.11333529105385459,0.9699818474475006
1733,14.373086499999772,249.6212231594999,329.4212863322025,47.49473613739106,62.67807229832681,20.613083063227393,0.19026721981505337,-0.2457004680961461,0.09697206570594119,20.778718455118945,-0.02257801938538812,0.07711336132341987,0.08035071532950575,-1.0639254710620827
1734,14.377247800000987,249.61823074715036,329.41795128275766,47.49416677941277,62.677437747740996,20.806182896825167,0.19026721981505337,-0.24626982607443182,0.09760661629175615,20.778411842879258,-0.01756089255059903,0.062287920952054786,0.06471607252996052,0.21636048288652987
1735,14.38969630000065,249.62446354005908,329.41608755213474,47.4953526755912,62.67708314089689,20.84480438942363,0.19026721981505337,-0.2450839298960048,0.09796122313586153,20.778350520431324,-0.024788876929778415,0.0467789661205012,0.05294110020336468,0.917774677710811
1736,14.406130800000028,249.62685715698743,329.41365323568994,47.49580810242946,62.676619970274785,20.786763307083945,0.19026721981505337,-0.24462850305774708,0.0984243937579663,20.82608392244564,-0.05383553056174167,0.09742121760838808,0.11130659455380497,0.9792370504943804
1737,14.411154600000373,249.62258037811404,329.40858146077795,47.494994371603454,62.675654977762754,20.840918945596478,0.19026721981505337,-0.2454422338837503,0.09938938626999771,20.835630602848507,-0.06925724328484605,0.10209965363082346,0.1233730319759974,-0.43523777331609725
1738,14.422383400000399,249.6170708757785,329.4035140785734,47.493946093911504,62.67469082103895,20.851750073298984,0.19026721981505337,-0.24649051157570057,0.10035354299380117,20.837539938929076,-0.06911037526848529,0.0953304920785232,0.11774611114463288,-0.5575266552611277
1739,14.427170799999658,249.61168806806572,329.3990886636863,47.49292192205319,62.67384880965186,20.853916298839483,0.19026721981505337,-0.24751468343401228,0.10119555438089378,20.80332891063738,-0.20019359910572673,0.03274738021876735,0.2028543024786434,-0.6923350622956126
1740,14.438271600000007,249.61728892985823,329.3994013773474,47.49398758245503,62.673908308810745,20.854351069826492,0.19026721981505337,-0.2464490230321772,0.10113605522200686,20.79648670497904,-0.1900741777579533,0.00025742902721827103,0.19007435208377296,-0.4723701251130946
1741,14.442682799999602,249.6027360813415,329.40600268808686,47.49121865242736,62.675164321852286,20.615708165625456,0.19026721981505337,-0.24921795305984773,0.09988004218046598,20.806325539237996,-0.11699001499594747,-0.008988067233735993,0.11733477302722399,-2.9648855631714723
1742,14.453101200000674,249.596637389476,329.4043800055178,47.4900582712816,62.674855578551224,20.806707917304777,0.19026721981505337,-0.25037833420560673,0.10018878548152799,20.837581941343693,-0.07422259329016467,-0.01313176480743626,0.07537530498561859,-0.7538440662087407
1743,14.456476800000019,249.60146418745688,329.40367678848884,47.49097665271403,62.6747217794022,20.90094424459377,0.19026721981505337,-0.24945995277317223,0.10032258463055399,20.796087250085147,-0.04803734191034875,-0.1368143138680165,0.14500256100147985,-2.6730245997347204
1744,14.469434599999659,249.60145781322166,329.39310974888,47.490975439906016,62.672711218154156,21.010198309367972,0.19026721981505337,-0.24946116558118803,0.1023331458785961,20.84674125372797,0.07742959794607153,-0.08015089774922975,0.11144285104078129,-3.244683238495372
1745,14.473117900000943,249.60585075091285,329.4051850910286,47.49181127194734,62.675008759933085,20.646877613533754,0.19026721981505337,-0.24862533353986294,0.10003560409966639,20.809126387952627,0.14244665169576384,-0.22883013138494238,0.2695445744380403,-4.938496530702098
1746,14.485099600000467,249.60582746433954,329.40527423906576,47.491806841275775,62.675025721882264,20.868978183839566,0.19026721981505337,-0.24862976421142946,0.10001864215048784,20.80160341479756,0.08661977307982519,-0.23412236048649512,0.24963225906955372,-1.6256121843150018
1747,14.488680899999963,249.6098499630087,329.418709001661,47.492572190914274,62.677581916810134,20.61863358842807,0.19026721981505337,-0.2478644145729305,0.09746244722261821,20.782017460303262,0.05056434688311751,-0.21626488566740884,0.22209739743737128,-1.8253914614255784
1748,14.501655800000663,249.60936785574242,329.41781049016134,47.492480461705064,62.677410959525126,20.863329378818428,0.19026721981505337,-0.24795614378214026,0.0976334045076257,20.83744472456356,-0.002438418486209894,-0.069836317356311,0.06987887453733979,1.2658961404340492
1749,14.505464899999424,249.6057568809278,329.4129166728333,47.49179341156626,62.67647982650784,20.912268536896498,0.19026721981505337,-0.24864319392094103,0.0985645375249149,20.84853017741562,-0.002742490411046318,-0.051936219232093205,0.052008577386607385,2.5035174140290324
1751,14.520577200000844,249.6027315930829,329.40430918414194,47.49121779845887,62.67484210356494,20.924013934835237,0.19026721981505337,-0.24921880702833477,0.10020226046781033,20.927781569743843,-0.079256026953992,0.14689643101036037,0.16691338847472204,4.346337145401293
1752,14.532808699999805,249.60261008332932,329.39864657093784,47.49119467913588,62.67376469389371,20.92440544809986,0.19026721981505337,-0.24924192635132414,0.10127967013904282,20.995791577213396,-0.0929479542968752,0.19246828600695629,0.21373666818407536,4.31657095039194
1753,14.536440600000788,249.5993868042796,329.3932941500587,47.4905813947924,62.67274630365375,21.01489055006919,0.19026721981505337,-0.249855210694804,0.10229806037899891,21.009393578707307,-0.06534504490432036,0.17581818627517798,0.18756867947138942,4.295304320425937
1754,14.549656200000754,249.59414067689997,329.3765522972803,47.48958322872108,62.66956087787105,21.203379416166182,0.19026721981505337,-0.2508533767661234,0.10548348616170244,21.06388219474537,-0.07011577835683898,0.19756760932493475,0.20964060348356997,3.8411363424871703
1755,14.553542800000287,249.59327546463516,329.37325947324587,47.4894186071889,62.66893436139668,20.98027854436605,0.19026721981505337,-0.25101799829830185,0.10611000263607195,21.07477991795298,-0.06025753500043543,0.20721441304272772,0.21579801550748995,4.383079336877423
1756,14.565737200000513,249.58930549945956,329.35934422622165,47.48866325295218,62.66628674603235,21.196457015025555,0.19026721981505337,-0.2517733525350252,0.10875761800040351,21.11103783173513,-0.036436490561227,0.1884993755665014,0.19198862579168416,6.127620847799344
1757,14.569378800000777,249.59021272740395,329.35673516544216,47.4888358686909,62.665790327291504,20.978894064137926,0.19026721981505337,-0.25160073679630557,0.10925403674124823,21.141153679492795,-0.03543018548171881,0.14886655593108308,0.15302466963875885,5.660694552201893
1758,14.581115200000568,249.58714363595254,329.3452110130402,47.48825192119308,62.66359765885326,21.19618011897993,0.19026721981505337,-0.25218468429412155,0.11144670517948896,21.287481414474016,-0.16710650619801926,0.3872585947116041,0.4217745886035752,13.080998715475012
1760,14.597479100000783,249.58108047993258,329.34152388472614,47.48709830135386,62.66289611919984,21.35395865495451,0.19026721981505337,-0.2533383041333437,0.11214824483290897,21.31674696147026,-0.174509780822942,0.35305054315644857,0.3938252780433661,12.93616037439795
1761,14.60114170000088,249.56759143956322,329.3154758808495,47.48453177914481,62.6579400379205,21.711917219272152,0.19026721981505337,-0.25590482634239464,0.11710432611225485,21.462904636299196,-0.20994084965649212,0.3784882236187738,0.4328146205624121,12.170118789781432
1762,14.61413850000099,249.560831728299,329.31232844286865,47.483245627675814,62.657341183646345,21.342784750006775,0.19026721981505337,-0.25719097781139055,0.11770318038640681,21.492136171264985,-0.20856849323057894,0.41666784233884807,0.46595376080442275,10.492737773144919
1763,14.630159000000276,249.54990641840288,329.29014113171326,47.48116689933626,62.65311966563763,21.709682438282606,0.19026721981505337,-0.25926970615094547,0.12192469839511944,21.563263049682686,-0.2188626312486905,0.4672764985283094,0.5159924199384884,10.18143708243647
1764,14.633644800000184,249.54912058653431,329.28322101290877,47.48101738129139,62.65180299387192,21.342337793808866,0.19026721981505337,-0.25941922419581687,0.1232413701608337,21.577488425366226,-0.17134010944467554,0.41018567738085016,0.4445331517816194,2.233470266559681
1765,14.64591239999936,249.54125658706326,329.2641417400436,47.4795211199754,62.64817283366777,21.709593047043025,0.19026721981505337,-0.2609154855118021,0.1268715303649799,21.580333500502935,-0.15857721484782852,0.36408955152608474,0.3971245832221419,3.1823098946877577
1766,14.649348299999474,249.53289333988104,329.2448608134289,47.47792986818541,62.644504305365324,21.783044097689856,0.19026721981505337,-0.2625067373017913,0.13054005866742813,21.580902515530276,-0.18567122548086806,0.41173981905710666,0.45166744687739707,3.2055596102076294
1767,14.661968700000216,249.53056220215777,329.25709227855253,47.4774863290918,62.64683155222867,21.357010125690316,0.19026721981505337,-0.2629502763954008,0.12821281180408306,21.669161154961525,-0.1937038955457875,0.37951741280095774,0.426092320710836,2.448434616869993
1768,14.66584309999962,249.52516145508045,329.2468749983491,47.47645874396048,62.64488753873029,21.712527513419314,0.19026721981505337,-0.2639778615267261,0.13015682530246409,21.686812882847775,-0.20879118403983107,0.4339012498394362,0.48152264032439784,6.664098613139071
1769,14.677797199999986,249.5199431652838,329.2332656856224,47.475465874468675,62.64229813263419,21.783630990965115,0.19026721981505337,-0.2649707310185292,0.13274623139856345,21.690343228425025,-0.12632171852599755,0.25156492250891127,0.2814997101388843,6.913363721108938
1770,14.681966600001033,249.51561735260026,329.22082252492123,47.47464281411594,62.63993060704186,21.797851686474274,0.19026721981505337,-0.2657937913712658,0.13511375699089,21.779194133966257,-0.14442639942964602,0.3715514415888983,0.39863449248528426,5.70429154493257
1771,14.694552299999486,249.51225852516177,329.2105019569139,47.47400373935738,62.637966941260196,21.800695825576106,0.19026721981505337,-0.26643286612982564,0.1370774227725562,21.796964315074504,-0.09723872078205166,0.2925402947181383,0.3082777852085762,4.805832470579957
1772,14.698301399999764,249.5097823131752,329.2023142099316,47.47353259738702,62.636409081405326,21.801264653396473,0.19026721981505337,-0.2669040081001839,0.1386352826274262,21.800518351296155,-0.09106467336356236,0.2930233681924831,0.3068476316377231,4.753976635150068
1773,14.709461000000374,249.50806462736608,329.19605584740475,47.4732057780836,62.63521832016674,21.801378418960546,0.19026721981505337,-0.26723082740360127,0.13982604386600883,21.801229158540487,-0.05338571559402489,0.18950530744726127,0.19688142670187841,0.49241293259750873
1774,14.71340489999966,249.50698289268138,329.1915157929059,47.47299995943257,62.63435449661944,21.801401172073362,0.19026721981505337,-0.2674366460546338,0.14068986741331457,21.801371319989354,-0.044192065596381905,0.17259395396920174,0.1781617568626832,0.21025122293769735
1775,14.725157200000467,249.50642635671528,329.1884123954921,47.47289406888157,62.633764021821534,21.801405722695925,0.19026721981505337,-0.26754253660563165,0.14128034221121766,21.801399752279124,-0.018339294884907143,0.09262571543263684,0.09442379412141517,0.02067774871628377
1776,14.730208599999969,249.50629866681555,329.18651502514257,47.472869773679356,62.63340301444017,21.801406632820438,0.19026721981505337,-0.2675668318078479,0.14164134959258234,21.801405438737078,-0.007972595625196893,0.07215942829012444,0.07259852183178746,0.007950427319785649
1777,14.741235900000902,249.50650707026836,329.1856058070669,47.47290942602492,62.63323002004471,21.80140681484534,0.19026721981505337,-0.26752717946228444,0.14181434398804527,21.80140657602867,-0.03154946598298181,-0.06328917907696016,0.07071696396231146,0.000741988781258215
1778,14.745152100000269,249.50697115843622,329.1855158316495,47.47299772679037,62.63321290067219,21.80140685125032,0.19026721981505337,-0.26743887869683647,0.1418314633605604,21.801406803486984,-0.03562204206059192,-0.1140494961538756,0.11948312622926915,0.00025855865069247835
1779,14.75740290000067,249.49602074371063,329.21501909463115,47.47091422182471,62.63882640449518,21.801406858531315,0.19026721981505337,-0.2695223836624976,0.13621795953757498,21.80140684897865,-0.028496618954131726,-0.12397380321556277,0.12720676544723578,3.34455341250242e-05
1780,14.761644300000626,249.49536596473627,329.2195567756109,47.47078963884966,62.6396897764396,21.801406859987516,0.19026721981505337,-0.26964696663754495,0.13535458759314878,21.801406858076984,-0.11556894083420309,-0.3785644240254836,0.3958120806939648,1.2836877619379063e-05
1781,14.773493000000599,249.4972850946997,329.21819638384414,47.47115478637227,62.63943093848028,21.801406860278753,0.19026721981505337,-0.2692818191149371,0.1356134255524708,21.801406859897117,-0.16847803974944478,-0.5192086899582875,0.5458594265981093,1.2215275983715754e-06
1782,14.77749760000006,249.48819761644836,329.2446583488907,47.46942573715025,62.644465783000534,21.801406860337003,0.19026721981505337,-0.2710108683369512,0.13057858103221776,21.801406860261142,-0.14187688088109318,-0.4582745751374754,0.4797339216127847,4.791030047793785e-07
1784,14.793208999999479,249.4682145299831,329.3023661895303,47.465623610845185,62.65544569340056,21.801406860350983,0.19026721981505337,-0.27481299464201925,0.1195986706321932,21.801406860333945,-0.1917500454861682,-0.5905213985588446,0.6208732576781201,5.022201915741265e-08
1785,14.804952800001047,249.46592677092352,329.3118433784373,47.46518832528931,62.65724889178556,21.80140686035145,0.19026721981505337,-0.2752482801978928,0.11779547224719522,21.801406860348507,-0.20951898066063407,-0.6304859541565185,0.6643874935952112,1.9500284995724354e-08
1786,14.80899909999971,249.45999899619767,329.33023440417963,47.46406046407254,62.6607481011231,21.80140686035154,0.19026721981505337,-0.2763761414146657,0.11429626290965444,21.80140686035142,-0.1474479705838952,-0.45467443933993473,0.4779850937198703,1.3204817034284048e-09
1787,14.828155100000004,249.4541568535416,329.3481530834668,47.4629488958316,62.664157438413824,21.80140686035156,0.19026721981505337,-0.27748770965560254,0.11088692561892799,21.801406860351534,-0.12503097959436388,-0.3979013072720773,0.417082960796955,3.939861180433232e-10
1788,14.835878100000627,249.44922875806313,329.3635046404956,47.46201124080593,62.667078336489524,21.801406860351562,0.19026721981505337,-0.27842536468127577,0.10796602754322748,21.801406860351555,-0.14402602016572702,-0.44050291374327305,0.4634504412567668,1.459816668868202e-10
1789,14.841604499999448,249.44531881671304,329.37599426315126,47.46126730713561,62.66945470226876,21.801406860351562,0.19026721981505337,-0.2791692983515972,0.10558966176399309,21.801406860351562,-0.17577337407988392,-0.5074596569261197,0.537039646993592,1.987142626186897e-12
1790,14.854226699999344,249.43655934895366,329.400311126823,47.45960066755797,62.6740814043142,21.801406860351562,0.19026721981505337,-0.28083593792923267,0.10096295971855085,21.801406860351562,-0.18955683575567175,-0.5415657392373258,0.573781529763179,1.2910077033766845
1791,14.857986299999538,249.42791501424037,329.4240142441081,47.45795593402492,62.67859133054099,21.801406860351562,0.19026721981505337,-0.28248067146228095,0.0964530334917626,21.801406860351562,-0.2212189342597785,-0.6200906460042761,0.658369369075622,1.9923777838089998
1792,14.86908129999938,249.42051253651908,329.44433669090984,47.45654748516915,62.682458025993796,21.801406860351562,0.19026721981505337,-0.2838891203180509,0.09258633803895577,21.873025512695314,-0.2608138705964282,-0.4713545779916968,0.5387012282232341,2.0414497211460225
1793,14.873165799999697,249.41450771176648,329.46088428259077,47.455404963857994,62.68560649025756,21.801406860351562,0.19026721981505337,-0.28503164162921024,0.0894378737751893,21.887349243164067,-0.28104558421861947,-0.44821249776163036,0.5290378659023423,2.067365643829038
1794,14.884841499999311,249.3943869682248,329.4407139295344,47.45157664592371,62.68176873325884,22.159500122070312,0.19026721981505337,-0.28885995956349575,0.09327563077390977,21.890213989257816,-0.19701755870886423,-0.24050370841480495,0.3108986204550839,2.0692586582797374
1795,14.88926309999988,249.3889676832183,329.44654322847737,47.45054553363214,62.682877857762186,21.873025512695314,0.19026721981505337,-0.2898910718550667,0.09216650627056566,21.890786938476566,-0.1676113137343964,-0.2521083459467667,0.30274109497685453,-2.4511461762594355
1796,14.901369700000942,249.38786463198622,329.4567896157131,47.4503356591409,62.68482740937468,21.815730590820316,0.19026721981505337,-0.2901009463463069,0.09021695465807511,21.89090152832032,-0.10771319067465218,-0.12284151272636198,0.16337738121972373,-3.397290090225904
1797,14.905803699999524,249.38833273514499,329.46626344396736,47.4504247238275,62.68662996833762,21.804271606445315,0.19026721981505337,-0.2900118816597015,0.08841439569513199,21.819305793945322,-0.025960818888804953,-0.2453372486590355,0.24670697131812622,-3.5935269491732913
1798,14.91750359999969,249.3895483937472,329.47391907144106,47.45065602380999,62.68808658329298,21.801979809570316,0.19026721981505337,-0.28978058167721343,0.08695778073977323,21.80498664707032,0.02689848341866381,-0.20851525708655058,0.21024305184261005,-3.6291730319683864
1799,14.921395600000324,249.39120271122977,329.4797239695204,47.45097078619809,62.68919106511185,21.801521450195317,0.19026721981505337,-0.28946581928911286,0.08585329892090243,21.80212281769532,0.04975905667325225,-0.2016121701817168,0.20766181855698332,-3.636701841707248
1800,14.9331686000005,249.3931269107176,329.4838531115207,47.45133689828501,62.68997670548047,21.801429778320315,0.19026721981505337,-0.28909970720219746,0.08506765855228338,21.801550051820314,0.052300180700414554,-0.12492045560364934,0.13542684050630194,-0.40767520198534063
1801,14.937233799999376,249.39519868934931,329.4865562344231,47.45173108984534,62.69049102115993,21.801411443945316,0.19026721981505337,-0.2887055156418654,0.08455334287282312,21.80143549864532,0.06787530841649003,-0.10496885393710087,0.12500207114084974,4.336559594748293
1802,14.949601500000426,249.3973302509506,329.4880559897581,47.45213665614508,62.69077637543791,21.801407777070317,0.19026721981505337,-0.2882999493421252,0.08426798859483853,21.80141258801032,0.05838864622860595,-0.047524926613919355,0.07528514234606799,4.80302708607449
1803,14.953717200000028,249.3994424260189,329.488591145877,47.45253853382309,62.69087819810483,21.801407043695313,0.19026721981505337,-0.28789807166411663,0.08416616592791826,21.894004745432575,0.03174723939046247,0.02976651703523253,0.04351933760208352,4.858684756624933
1804,14.965316499999972,249.40148108990317,329.48838161215286,47.45292642473248,62.69083833070568,21.801406897020314,0.19026721981505337,-0.28751018075472246,0.08420603332707088,21.912523176917023,0.013508400540484106,0.10256168262521552,0.10344745346347384,10.784403994663995
1806,14.981444900000497,249.39282556982795,329.4612794659939,47.451279562991715,62.685681680704995,22.264390565431594,0.19026721981505337,-0.28915704249548924,0.08936268332775654,21.916226863213915,0.014889592905421621,0.10538201930020101,0.10642870838583507,10.854817141804523
1807,14.985134900000048,249.3929375325937,329.45667423661564,47.451300865835876,62.68480545651458,21.894003601367572,0.19026721981505337,-0.28913573965132855,0.09023890751817021,22.025452402719385,-0.0872790960851084,0.310786296330137,0.32280917366152606,2.8677257525588398
1808,14.997610200000054,249.39554044393944,329.4572624312242,47.45179611454106,62.684917370667456,21.819926208554765,0.19026721981505337,-0.2886404909461433,0.0901269933652955,22.029821418432604,-0.08157809392132948,0.3042267452702368,0.31497444014643283,3.2329246548843287
1809,15.002870100001019,249.38411765493018,329.42955456044274,47.449622732233735,62.679645471126875,22.347534741222674,0.19026721981505337,-0.2908138732534695,0.09539889290587666,21.93809848202599,-0.04719217046436481,0.22276687274032642,0.2277107387534511,5.5936828256082265
1811,15.018435899999531,249.38918546164848,329.43195656554525,47.45058696972858,62.680102493959716,21.82325197558641,0.19026721981505337,-0.2898496357586211,0.09494187007303623,21.99137254708842,-0.06710399379664503,0.46823935582094245,0.4730232978649903,0.47491249528134816
1812,15.03020380000089,249.39350379339064,329.437372991484,47.4514086067034,62.68113306226441,21.805775883398532,0.19026721981505337,-0.28902799878380137,0.09391130176834395,22.132980729241527,-0.11783538157610274,0.5719209946024078,0.5839339014119603,2.763561621929281
1813,15.033307100000457,249.3919741233965,329.41348143146473,47.45111756064638,62.676587281562504,22.160373926679707,0.19026721981505337,-0.2893190448408234,0.09845708247024731,22.145414304148716,-0.14501774894646086,0.5999392701075048,0.6172173647319268,11.699805172703357
1814,15.046103700000458,249.37758413753858,329.3792187465381,47.44837961804402,62.67006821575811,22.52796711932032,0.19026721981505337,-0.292056987443182,0.10497614827464474,22.296330480458646,-0.2125252558115481,0.6517027322604527,0.6854804414376119,11.330799714761604
1815,15.049840499999846,249.36679975142567,329.3567828360486,47.44632770288091,62.665799397445255,22.409702615758594,0.19026721981505337,-0.29410890260629685,0.1092449665874966,22.39813236806439,-0.23033099303170673,0.7100473669556467,0.7464714526836368,8.24417602862735
1816,15.062747399999353,249.3481048145654,329.3412174985629,47.44277066921988,62.66283782395637,22.577832857136094,0.19026721981505337,-0.29766593626732174,0.11220654007637876,22.418492745585535,-0.19066866425196632,0.5378605900303539,0.5706562483977806,8.567205610269271
1817,15.079002599999512,249.3464637646765,329.323776359504,47.44245843121995,62.65951934691722,22.31478532142722,0.19026721981505337,-0.29797817426725715,0.1155250171155302,22.36323010429289,-0.13448085890295644,0.4820590766094794,0.5004658377480533,6.312756796522179
1818,15.083859500000472,249.34913196289764,329.30836108206347,47.442966101877396,62.65658632493594,22.262175814285445,0.19026721981505337,-0.29747050360980865,0.11845803909681507,22.390534204452326,-0.10355146355498608,0.41596509815852056,0.42866055159112465,4.026033726081145
1819,15.094336600001043,249.3528202526873,329.2956724238362,47.44366786252155,62.654172089211855,22.25165391285709,0.19026721981505337,-0.2967687429656536,0.12087227482089702,22.39599502448422,-0.09962126225407014,0.3797965529646701,0.39264464536898963,5.03767871274383
1820,15.09815879999951,249.34489604217572,329.2793624418965,47.44216014501828,62.65106883429296,22.546223116555794,0.19026721981505337,-0.29827646046892653,0.12397552973979487,22.45642190528747,-0.17195283732549016,0.42565006514457643,0.4590705351270855,8.896044114608856
1821,15.108921799999735,249.33041804130565,329.27661246106004,47.43940545604425,62.65054560308465,22.605136957295535,0.19026721981505337,-0.30103114944295584,0.12449876094810008,22.527841998244995,-0.23205113260020946,0.29996256919407216,0.3792430237440743,8.028116649659012
1822,15.11355420000109,249.32114515974047,329.26606015872204,47.43764113064917,62.648537845856154,22.616919725443484,0.19026721981505337,-0.30279547483803526,0.12650651817659764,22.601460733633374,-0.34247597753517733,0.21127831577617193,0.4024031832700769,8.062235256778541
1823,15.1250385000003,249.30931689906598,329.2675419561844,47.435390600375385,62.64881978333965,22.619276279073073,0.19026721981505337,-0.30504600511181934,0.12622458069310483,22.616184480711052,-0.29221486435579297,0.031078246351136863,0.29386286656659505,4.910060721146133
1824,15.129295099999581,249.2984634105575,329.2723069368,47.43332553729159,62.64972640295385,22.61974758979899,0.19026721981505337,-0.30711106819561707,0.12531796107889903,22.619129230126592,-0.31077173671153,-0.03415901453278948,0.312643424067342,2.4699994933984293
1825,15.141418999999587,249.28934134702413,329.2779842659383,47.431589907624115,62.650806612584965,22.619841851944177,0.19026721981505337,-0.30884669786308905,0.12423775144778659,22.6197181800097,-0.2538081318829432,-0.14002087183113346,0.28986964718345415,-0.7868585620301405
1826,15.145435599999473,249.28197965438298,329.28384390584006,47.43018921883215,62.651921509978195,22.619860704373213,0.19026721981505337,-0.3102473866550568,0.12312285405455725,22.597367403091788,0.04817596572329916,-0.25267781336845363,0.2572294715658289,-1.081599811498387
1827,15.156834600000366,249.27622535182817,329.2895889061475,47.42909436368307,62.65301459521453,22.61986447485902,0.19026721981505337,-0.31134224180413383,0.1220297688182228,22.592897247708205,0.14972333766711038,-0.23057177433378118,0.2749189352547541,-1.2230841489729192
1828,15.16150000000016,249.30844385016408,329.304002756322,47.43522448778806,62.65575707841406,22.507522394483527,0.19026721981505337,-0.305212117699142,0.11928728561868951,22.59200321663149,0.13186102928733676,-0.24516285270736302,0.2783741284536479,1.0005663094862105
1829,15.172951800001101,249.30980368104687,329.31016969542816,47.43548321902955,62.656930444772556,22.597396812881083,0.19026721981505337,-0.3049533864576546,0.1181139192601961,22.591824410416145,0.18972279120593782,-0.19513855759313004,0.27216501274502425,2.434151449228306
1830,15.177422400000069,249.30434148422657,329.3139773603805,47.43444394202647,62.657654918597025,22.615371696560594,0.19026721981505337,-0.30599266346073506,0.11738944543572671,22.641746840091045,0.31384421380203587,-0.15094868126262626,0.3482580866425702,2.685080860446962
1831,15.197663500001,249.29802064327345,329.3168976604076,47.43324129319142,62.65821055596421,22.618966673296498,0.19026721981505337,-0.30719531229578223,0.1168338080685416,22.674199892920555,0.04107434140909535,-0.04032517931881053,0.057560590765602375,2.7656682749349004
1832,15.205188899999484,249.31876785613088,329.31195146588317,47.437188807700714,62.657269457283384,22.869476623233517,0.19026721981505337,-0.30324779778649,0.11777490674936786,22.680690503486456,-0.031301550382004585,-0.08335596028828933,0.08903933497000098,2.7791880741576174
1833,15.21133220000047,249.31715686881788,329.3130724001622,47.43688228962351,62.65748273433224,22.66978765863108,0.19026721981505337,-0.30355431586369264,0.11756162970051065,22.681988625599637,-0.04663059126454643,-0.10921492841238245,0.11875315839927382,-1.1363698535438205
1834,15.21632640000098,249.30825116178454,329.32140927435694,47.43518782550579,62.65906896820723,22.629849865710593,0.19026721981505337,-0.30524877998141164,0.1159753958255223,22.68224825002227,-0.1047294743068514,-0.12951177492834232,0.16655798579977799,0.8804433319749094
1835,15.222261400000207,249.29860896354182,329.3304972770853,47.43335323125325,62.66079811722003,22.621862307126495,0.19026721981505337,-0.3070833742339545,0.11424624681271922,22.632329203895097,-0.23612708214508887,-0.16953995701422617,0.29068848609248216,0.8088753322496065
1836,15.225681699999768,249.29231886686202,329.3328150541346,47.432156432045616,62.66123911421534,22.620264795409675,0.19026721981505337,-0.3082801734415881,0.11380524981741047,22.67230358558763,-0.16961253482757266,-0.17462447097204403,0.24343811910401542,0.7922219211984718
1838,15.241524000000936,249.2812923519694,329.3390668558004,47.430058447712746,62.66242862713714,22.61988139259764,0.19026721981505337,-0.31037815777445843,0.11261573689561288,22.68029846192614,0.16249455923307,-0.2789789328079222,0.3228524844739418,5.396915543707289
1839,15.254012100000182,249.29984579307046,329.3430140894384,47.43358855936905,62.66317965630739,22.86965956709375,0.19026721981505337,-0.3068480461181551,0.11186470772535984,22.68189743719384,0.2084348009598785,-0.26000362944334054,0.3332370831328562,8.220305644961417
1840,15.258038699999815,249.32780721242779,329.3607779364221,47.43890870089225,62.666559534086204,22.669824247403128,0.19026721981505337,-0.3015279045949555,0.10848482994654773,22.774813057442692,0.1697612931608093,-0.10188966722841739,0.19799091126500698,4.194817023271965
1841,15.270053000000189,249.3227927149722,329.3731839860586,47.437954606402606,62.66891999865943,22.629857183465003,0.19026721981505337,-0.3024819990845984,0.1061243653733186,22.843366542152605,0.1486550466130929,-0.06704097930055038,0.16307303820410549,4.862245257656574
1842,15.274347700000362,249.31052987429968,329.3582496097959,47.43562138980081,62.66607847640825,23.08484289665394,0.19026721981505337,-0.30481521568639636,0.10896588762449966,22.807119048176617,0.00559306678882962,-0.06611317312030204,0.06634933350184716,6.9849325801490565
1843,15.28546439999991,249.2966266091999,329.3524560792068,47.43297605420392,62.66497615745015,22.962648816147194,0.19026721981505337,-0.30746055128328464,0.11006820658260352,22.849827129947826,-0.29327323008969286,0.10845693081857719,0.3126852943933046,0.9554456633449493
1844,15.289444100000765,249.28757752021988,329.3536169494892,47.43125430920183,62.66519703301135,22.688422097213817,0.19026721981505337,-0.3091822962853712,0.10984733102139899,22.892574984095035,-0.30595816777301965,0.13281560375930715,0.33354217878549114,-0.3975666076970882
1845,15.301328499999727,249.27676651140263,329.35152679596604,47.429197328610776,62.664799345311515,22.883364656259168,0.19026721981505337,-0.31123927687642805,0.11024501872123693,22.808528729729165,-0.2470396732525007,-0.02950461037745882,0.24879534198659742,3.75824204570858
1846,15.317200200001025,249.26485126530184,329.3577562717454,47.42693024786177,62.66598461034896,22.843596454201055,0.19026721981505337,-0.31350635762543533,0.10905975368379472,22.791719478855992,-0.23037474387097662,-0.06644699864458119,0.23976598224621243,3.8422284389844816
1847,15.320976500001052,249.25991551407935,329.3607327080731,47.42599113619897,62.66655092861399,22.664611624824587,0.19026721981505337,-0.3144454692882377,0.10849343541876522,22.838315209247764,-0.20454180889111365,-0.027176063894687973,0.20633925955391286,3.034800033867795
1848,15.333168200000728,249.2500069546917,329.3662146711589,47.42410586215191,62.66759396648945,22.878602561781324,0.19026721981505337,-0.31633074333529265,0.10745039754330321,22.890272905130804,-0.19244913583217949,-0.008749140837232564,0.19264791031293954,5.301393440880108
1849,15.3370675999995,249.24378759682722,329.36332795978194,47.422922522221995,62.667044719941345,22.921400749172673,0.19026721981505337,-0.317514083265209,0.10799964409140728,22.91641578708085,-0.1650868199695305,0.11918812742356615,0.20361598131381636,6.003293764838478
1850,15.350019100000281,249.23612161234158,329.35477852314864,47.42146393666677,62.665418042402145,23.14315313567438,0.19026721981505337,-0.31897266882043596,0.10962632163060704,22.971601944037268,-0.1328225114602602,0.1377292600696459,0.1913404521525522,3.5758349184701306
1851,15.354523300000437,249.23597895044867,329.3414030658457,47.42143679278503,62.66287313132736,22.97431086395128,0.19026721981505337,-0.3189998127021738,0.11217123270539275,22.982639175428545,-0.14492844361341045,0.09955625885585384,0.17582861668562166,2.7424253841099437
1852,15.365467699999499,249.23095366095203,329.3446967747622,47.42048064492374,62.66349981616578,22.940542409606664,0.19026721981505337,-0.31995596056346187,0.11154454786696988,22.9848466217068,-0.08748465494625135,0.07581056544691887,0.11576185332157667,2.150030805294828
1853,15.370130700001027,249.22568046235716,329.3514711297257,47.41947732808756,62.66478875385073,22.933788718737738,0.19026721981505337,-0.3209592773996448,0.11025561018202268,22.985288110962454,-0.09511883570096567,0.125015389763932,0.15708736608312948,2.287758933011384
1854,15.381547700000738,249.22470548546232,329.3501434782322,47.4192918219444,62.664536145292175,22.932437980563954,0.19026721981505337,-0.32114478354280607,0.11050821874057704,23.028014653442494,-0.11513133784985773,0.003999297699313453,0.11520077837057272,1.602160280202098
1855,15.385104299999512,249.22188682058433,329.34319688030024,47.41875552241447,62.663214435416485,23.145360581952637,0.19026721981505337,-0.3216810830727326,0.11182992861626673,23.045618494653343,0.11433212550312384,-0.03116374140228128,0.11850322232011382,1.4512396396257496
1856,15.39761560000079,249.21491079206015,329.34583187388364,47.41742821286183,62.66371578831983,23.187943576351465,0.19026721981505337,-0.3230083926253755,0.11132857571292476,23.033387920122077,0.1688201056558505,0.0004964854795444992,0.16882083571491976,1.4304858009031072
1857,15.402039700000387,249.2395568606127,329.351251364467,47.42211755180469,62.66474693972594,23.02856161566092,0.19026721981505337,-0.3183190536825151,0.11029742430681466,23.030941805215825,0.17082663819847443,-0.07569352231698814,0.18684552346509367,0.6809404894222144
1858,15.41399249999995,249.24315490118835,329.35867160576515,47.4228021409818,62.666158768408096,22.872635846081405,0.19026721981505337,-0.317634464505403,0.10888559562465616,23.03083315471418,0.25369811350374727,-0.20423243960814605,0.32568945666640065,0.11990895302453075
1859,15.417986000000383,249.2430244430705,329.366202935621,47.42277731907842,62.66759173360128,22.920207406032688,0.19026721981505337,-0.3176592864087837,0.10745263043147446,23.030811729789637,0.2597579970052954,-0.2050009337858654,0.33090723754744295,1.3887878022512776
1861,15.43364289999954,249.26471314420803,329.3885092502488,47.42690396794525,62.67183589406982,23.144817329444432,0.19026721981505337,-0.3135326375419538,0.10320846996292943,23.06438746189457,0.04315812250467684,-0.1962713168593656,0.20096032782576315,2.6808198117865727
1862,15.445773900000859,249.2598809838059,329.39130913629265,47.42598456621984,62.672368620603194,23.18783645172873,0.19026721981505337,-0.31445203926736554,0.10267574342955754,23.12949250089368,0.04612507863438968,-0.15216367576600506,0.15900096572552805,2.7462575306099524
1863,15.449511599999823,249.25942825376399,329.395030348038,47.425898426533436,62.67307664521633,23.19644027618559,0.19026721981505337,-0.314538178953768,0.10196771881642519,23.15157204140835,0.041024848268695374,-0.06229564670217236,0.07459078879802356,2.7916983236206323
1864,15.46219740000015,249.26423603072615,329.3882015567361,47.42681318888952,62.67177735008061,23.198161041076965,0.19026721981505337,-0.3136234165976859,0.10326701395214144,23.15560737703167,-0.012300341677988429,-0.015751028790372427,0.0199848270783212,2.3654333702978487
1865,15.465834099999483,249.26362980846278,329.386471470727,47.42669784466488,62.67144817142562,23.030605108606018,0.19026721981505337,-0.313738760822325,0.10359619260713515,23.15641413898056,0.15045361966344153,0.0215846513126674,0.15199404212705495,2.912185400298739
1866,15.478109900001073,249.26343247652977,329.3889457485411,47.4266602988666,62.671918945386366,23.16499400756105,0.19026721981505337,-0.3137763066206034,0.10312541864638547,23.15657549137033,0.18588506191262769,0.1146010657709631,0.21837275589711744,2.357320920196564
1867,15.481800100000328,249.27774547875157,329.3861768668228,47.42938359400655,62.67139211795982,23.19187026147315,0.19026721981505337,-0.31105301148065223,0.103652246072933,23.186468296516253,0.16526436133014316,0.17110036808072382,0.23788157785591404,3.9849454977553354
1868,15.494426799999928,249.287972746641,329.3678836332096,47.43132950783418,62.66791151525881,23.197247038134474,0.19026721981505337,-0.30910709765302613,0.10713284877394358,23.226026874635284,0.13923042005953695,0.19342911427614096,0.2383273633463172,4.083516699641521
1869,15.498893600000883,249.28724510926767,329.35884712900554,47.43119106229412,62.66619216472706,23.347625066806582,0.19026721981505337,-0.30924554319308584,0.10885219930569434,23.263799124927058,0.0684783611483258,0.26064656030634586,0.2694919578486344,5.498135577447917
1870,15.509464200000366,249.27825124924075,329.34761583498573,47.4294798255514,62.66405521763898,23.22839799920116,0.19026721981505337,-0.3109567799358075,0.11098914639377,23.271353880161193,-0.12380570651844769,0.2270468611645919,0.25860806277304166,3.4720473284777533
1871,15.513891300000978,249.26994885967346,329.34068813843396,47.4279001529706,62.662737104076356,23.35385525901992,0.19026721981505337,-0.31253645251660345,0.11230725995639546,23.30272536587599,-0.16277621066025524,0.17529012202779787,0.23921271211503803,3.15385990197717
1872,15.525510999999824,249.256303285475,329.3422292245499,47.425303847505084,62.66303032224713,23.22964403764383,0.19026721981505337,-0.3151327579821199,0.11201404178562058,23.27913912835098,-0.24365753877621094,0.07265837326796586,0.25426017267442375,2.442639653434586
1873,15.541816700000709,249.25281178328282,329.3407834413914,47.42463952909,62.66275523710511,23.354104466708453,0.19026721981505337,-0.3157970763972031,0.11228912692764226,23.30428241551395,-0.24757858474868533,0.04906000260956479,0.2523926296115092,2.9079748012721884
1874,15.546544000000722,249.24199399196328,329.3439696640588,47.42258125801109,62.66336147083375,23.229693879181536,0.19026721981505337,-0.31785534747611166,0.11168289319900282,23.327446754098887,-0.1277910776811887,0.17163144385382956,0.21398110209611934,0.39178462947984616
1875,15.557885399999577,249.2311756830494,329.33895262109286,47.42052288845095,62.662406892016925,23.354114435015994,0.19026721981505337,-0.3199137170362576,0.11263747201582675,23.361940156483843,-0.10423787156365884,0.20157162327527547,0.22692874030838714,1.5695787536840937
1876,15.562064300000202,249.23649341417055,329.31895293798806,47.42153467836709,62.658601607915394,23.469676951944606,0.19026721981505337,-0.3189019271201161,0.11644275611735821,23.338978302292865,-0.16561781722547897,0.15231898615103623,0.22501185507570867,1.6365376260722317
1877,15.573311300000569,249.23024685818132,329.3115955343017,47.4203461635256,62.657201735170936,23.40211104956861,0.19026721981505337,-0.32009044196160374,0.11784262886181551,23.382381842099203,-0.05029901820530794,0.17695087848590316,0.1839608779859206,0.6878936546940109
1878,15.577936600000612,249.22179587592228,329.3171719548645,47.418738218626466,62.65826274520793,23.239295195753567,0.19026721981505337,-0.3216983868607386,0.11678161882482385,23.391062550060468,-0.05687767962211704,0.1780042952947653,0.1868705423082573,0.09772140149261425
1879,15.588999900001,249.2300057011583,329.3174674271927,47.42030027924929,62.65831896390635,23.446711578213215,0.19026721981505337,-0.32013632623791466,0.11672540012639843,23.39279838647694,-0.12336379141747703,0.0174036546882701,0.1245853612163296,1.930385138027024
1880,15.592835600000399,249.22568379833643,329.31566446422005,47.419477962815066,62.65797591915412,23.397517974822332,0.19026721981505337,-0.3209586426721387,0.11706844487863322,23.393145553760235,0.022071777387792063,-0.06650795263914765,0.07007475380839633,0.6565694824980682
1881,15.605937399999675,249.21946492541417,329.30825571566436,47.41829471515376,62.65656627716412,23.478356134026967,0.19026721981505337,-0.322141890333441,0.11847808686863459,23.441210897861424,0.15178928269376277,-0.05747723160309779,0.1623071732655189,0.3031494638356455
1882,15.60933280000063,249.23055592861917,329.31352175362315,47.420404969498534,62.657568231565975,23.403846885985082,0.19026721981505337,-0.3200316359886699,0.11747613246677702,23.432688590705098,0.19298343973400445,-0.11029774673902354,0.22227955584640235,0.7830335503563788
1883,15.621352699999989,249.2495678456802,329.3251608339136,47.424022314101094,62.65978276701405,23.479621916259518,0.19026721981505337,-0.3164142913861099,0.11526159701870142,23.434007029478522,0.23981000341209183,-0.1227257837619001,0.2693890416042942,1.0155043473781316
1884,15.624816900000951,249.2558886655216,329.3300618759589,47.42522495891927,62.6607152746582,23.40410004243159,0.19026721981505337,-0.3152116465679313,0.11432908937455011,23.442862636178518,0.2648941768909099,-0.1475269191132056,0.3032047440488802,0.055827647988888535
1886,15.640705699999671,249.25753776510584,329.32778256902964,47.42553872851236,62.660281597265666,23.404110168689453,0.19026721981505337,-0.3148978769748467,0.11476276676708608,23.46276913349508,0.2901907269330099,-0.11854397522002594,0.31346982639302756,1.291833083182807
1887,15.653233900000487,249.25984952916707,329.3288633668668,47.42597858143316,62.66048723766533,23.522634167526952,0.19026721981505337,-0.31445802405404777,0.11455712636742277,23.44861505698183,0.2256191498528061,-0.08417850364217394,0.24081117344454442,1.5750126371135509
1888,15.657403999999588,249.27624320504566,329.3321548065604,47.42909776056513,62.66111349074502,23.503379372567892,0.19026721981505337,-0.3113388449220764,0.11393087328773532,23.463919617655748,0.1748362146408518,-0.08048670095434904,0.1924728837536779,0.8000794402200415
1889,15.669316400000753,249.2748713481364,329.3329318901167,47.42883674116502,62.66126134427284,23.408851533693266,0.19026721981505337,-0.3115998643221829,0.11378301975991434,23.4820930055624,0.12920301042808024,-0.08175981963366748,0.1528989405136885,0.2318698322342192
1890,15.673076600000059,249.27671420544232,329.33788690319324,47.42918737650113,62.66220412083506,23.480622845801154,0.19026721981505337,-0.3112492289860711,0.11284024319769514,23.477135764198422,-0.0171858894325094,0.017878163903811986,0.024798861670609077,1.281351967756106
1891,15.685119800000393,249.2635221182551,329.3365621798999,47.42667735474846,62.661952069417005,23.494977108222734,0.19026721981505337,-0.313759250738741,0.11309229461574688,23.458008939949064,-0.16020303697261118,0.015012746377228381,0.16090492723665986,0.5923953022974917
1892,15.688595100000384,249.25079416481768,329.32776237114683,47.42425564243399,62.66027775427066,23.49784796070705,0.19026721981505337,-0.3161809630532133,0.11476660976209274,23.472318951075753,-0.02329404880562333,-0.08492150651883315,0.08805836121111375,-0.6087307464198428
1893,15.701298899999529,249.25299089960285,329.3387460127086,47.42467360905423,62.66236758121406,23.407745251321096,0.19026721981505337,-0.3157629964329729,0.11267678281868854,23.47518095330109,0.012927012217176487,-0.04467762529670789,0.04651019078670892,-0.40282484245547534
1894,15.70521910000025,249.26664356840658,329.3492967937045,47.427271264390576,62.66437504898103,23.48040158932672,0.19026721981505337,-0.31316534109662797,0.11066931505172306,23.457618282945376,0.0893244955285708,-0.058491411495308156,0.10677130101364848,-0.12546232153899195
1895,15.717379900001106,249.28417874488485,329.35246091717613,47.43060763366806,62.664977077957126,23.494932856927846,0.19026721981505337,-0.3098289718191438,0.11006728607562621,23.454106054050015,0.2208320758002237,-0.13498261945766601,0.25881868799970537,-0.9512993993044485
1896,15.72086820000004,249.28736090936576,329.3533435007784,47.43121309525684,62.665145004685385,23.407163756444163,0.19026721981505337,-0.30922351023036754,0.1098993593473665,23.45340360827094,0.052590171759007126,-0.11875410306625173,0.12987787787268396,-0.557220284952664
1897,15.733029600000009,249.2848491079567,329.3469952379876,47.430735181786005,62.66393713837352,23.48028681623024,0.19026721981505337,-0.309701423701199,0.11110722565923226,23.453263119115128,-0.0452557410187999,-0.009230809745621824,0.04618755182644513,0.36636599447639906
1898,15.736929900000177,249.26827953773136,329.34870407072736,47.427582535725705,62.66426227322805,23.404233022425736,0.19026721981505337,-0.31285406976149943,0.11078209080470458,23.461826940229276,-0.09345486934937894,0.004400974715010854,0.09355843726544202,0.5395076451416466
1899,15.749349199999415,249.2795981131926,329.34638469688105,47.429736089610984,62.6638209724146,23.47969914354765,0.19026721981505337,-0.3107005158762206,0.11122339161815376,23.46353939927633,-0.08152585758576578,-0.009783316703554534,0.08211077116198953,1.5402582236730704
1900,15.764835800000583,249.28231331613995,329.34486643789216,47.43025270372701,62.66353209749782,23.537751962498593,0.19026721981505337,-0.3101839017601975,0.1115122665349304,23.47247350485527,-0.08214510951176829,-0.0034824769513804657,0.08221889480172609,1.7475322199286603
1901,15.768984199999977,249.28739809221858,329.3474623370121,47.43122016993487,62.66402601200629,23.415726051679407,0.19026721981505337,-0.3092164355523366,0.11101835202646271,23.49239570194762,0.1664036867169863,-0.043090941237782135,0.17189245524386146,1.4456438929273978
1902,15.781255699999747,249.28466385410934,329.33902470290536,47.43069993405151,62.66242060682299,23.524957344124942,0.19026721981505337,-0.3097366714356937,0.11262375720976081,23.50497175513562,0.165260198295826,-0.04672555294018932,0.1717387854805727,1.8293186418083123
1903,15.784920899999634,249.29303257119335,329.344445506781,47.43229222658451,62.66345200810557,23.50384400788749,0.19026721981505337,-0.3081443789026963,0.1115923559271792,23.50748696577322,0.06572270133912098,0.04508280021855459,0.07969901095281798,1.9272162590704334
1904,15.798163400000703,249.30470345529835,329.34323723118746,47.43451281325595,62.663222112867615,23.542579409487658,0.19026721981505337,-0.30592379223125477,0.11182225116513678,23.534716997646832,0.03409435201216094,0.063535795475717,0.07210563185952455,0.9864664389347652
1905,15.803270399999747,249.29224031694957,329.33041532586327,47.43214148657216,62.660782524588846,23.550328015686596,0.19026721981505337,-0.3082951189150478,0.11426183944390544,23.540163004021558,0.031017925236169794,0.031587495973377955,0.044270549892956916,0.7902852293138908
1906,15.814313500000935,249.29659752430575,329.3319705917197,47.43297052030197,62.66107844069943,23.551876211047478,0.19026721981505337,-0.3074660851852329,0.11396592333332478,23.5412522052965,-0.06424040082616567,0.072800941537,0.09709174108532671,0.6538418434012733
1907,15.819281300000512,249.2950890173069,329.33272561912133,47.43268350086923,62.661222097664016,23.552187375998557,0.19026721981505337,-0.3077531046179729,0.11382226636873582,23.54147035072727,-0.11740480558635186,0.11422344936310269,0.16380135762311118,0.24299450993138383
1908,15.830047400000694,249.29272061858455,329.33698847265146,47.432232872228916,62.66203317895367,23.509290014262213,0.19026721981505337,-0.30820373325828854,0.11301118507908114,23.541513674637642,0.0033417809932514905,0.025252076984156435,0.02547223767596047,0.029748389379131848
1909,15.834479200000715,249.290434793318,329.3317599355457,47.43179795461047,62.66103835973486,23.543670136641506,0.19026721981505337,-0.3086386508767376,0.11400600429789165,23.5415226445955,-0.02274354437826366,0.026652939430108925,0.03503780802434855,0.4570126700851296
1910,15.846429200000784,249.29919027181583,329.32969749121065,47.4334638351624,62.660645944185205,23.55054463523846,0.19026721981505337,-0.30697277032480486,0.1143984198475465,23.54152443858707,-0.020121366281242996,0.049499854844990504,0.05343318267424347,0.47755247209442
1911,15.850273699999889,249.298071798911,329.33009740747065,47.43325102643236,62.660722035140154,23.551921060836754,0.19026721981505337,-0.30718557905484545,0.11432232889259808,23.5501167163307,-0.04802980970748369,0.061334780786369135,0.07790261840688702,0.4955162788742729
1912,15.861994900000354,249.29532025685666,329.3248415515747,47.432727498175474,62.659722018051085,23.552196345956414,0.19026721981505337,-0.3077091073117302,0.11532234598166724,23.551835171879425,-0.05584213293441252,0.01884041941739259,0.0589347538765359,0.4962389636468744
1913,15.865657300000748,249.29182856885285,329.3251526486359,47.43206314440653,62.65978120962401,23.552251402980346,0.19026721981505337,-0.3083734610806772,0.11526315440874413,23.552178862989166,-0.007176810613906029,0.011911057172199927,0.013906109935826394,0.49690703115406587
1914,15.877850500000932,249.28303633532846,329.3243835601082,47.430390270577874,62.65963487728805,23.552262414385133,0.19026721981505337,-0.3100463349093303,0.11540948674470286,23.552247601211114,-0.015277443608620867,0.017766082032954322,0.023431473577567693,0.04995540329274152
1915,15.881701700000121,249.29078319271883,329.3244201698122,47.43186424359585,62.65964184291465,23.552263090787186,0.19026721981505337,-0.3085723618913576,0.11540252111809934,23.552261043679728,0.04412039993147235,-0.04849368279806828,0.06556101708662496,2.9943092013464416
1916,15.893917299999885,249.28462893416605,329.32381134128116,47.430693289930986,62.65952600280271,23.5522647519465,0.19026721981505337,-0.3097433155562186,0.11551836123004477,23.55226342699767,0.10763619415417315,-0.06772095437919962,0.12716791243872996,3.2111653318104625
1917,15.89833180000096,249.2904832528286,329.32951850914844,47.431807174866826,62.66061188976583,23.552263558299458,0.19026721981505337,-0.3086294306203783,0.11443247426691983,23.61789988998938,0.16452618288680013,0.12797490545714707,0.2084380994013967,3.331129864139395
1918,15.909474600000976,249.29845852072668,329.3360951424238,47.43332460691707,62.66186320749488,23.552263319570052,0.19026721981505337,-0.3071119985701358,0.11318115653786975,23.631027487763504,0.07847513324109592,0.13522975204431278,0.15635035137528178,3.332273105203794
1919,15.913810500000181,249.30181418462502,329.3135236025005,47.43396307975764,62.65756858334672,23.8804447293437,0.19026721981505337,-0.3064735257295652,0.11747578068602849,23.633652702142548,0.1436748652204683,0.07133653483353633,0.1604099999943148,3.3332641160682903
1920,15.925250800000867,249.29895665894924,329.3114512741603,47.43341938629176,62.65717428719489,23.617901079657802,0.19026721981505337,-0.3070172191954441,0.11787007683786044,23.633758029182765,0.025674425635510575,0.12477249235293965,0.12738662009676585,0.3596405133795616
1921,15.929400299999543,249.3039757675205,329.31821163445807,47.43437435812557,62.6584605621537,23.565390823841717,0.19026721981505337,-0.3060622473616377,0.11658380187905237,23.633779399766592,-0.013472611489610795,0.13712663401929306,0.13778688260429994,1.2323155905088783
1923,15.94572209999933,249.27500854101203,329.31639320151885,47.42886284447204,62.65811457397393,23.552790193500545,0.19026721981505337,-0.3115737610151612,0.1169297900588191,23.633783673883354,-0.013259964179050801,0.1266499169638528,0.12734216943723128,1.7215717341160142
1924,15.957566700000825,249.2713011159659,329.31953866903206,47.42815744301585,62.65871305333269,23.552370172489173,0.19026721981505337,-0.3122791624713557,0.11633131070006186,23.69942051503483,0.012097531742248605,0.2014272110626085,0.20179016732912272,2.9238880879338773
1925,15.96186839999973,249.2746543500364,329.29832949147675,47.42879545353983,62.65467764208468,23.880466099927524,0.19026721981505337,-0.3116411519473772,0.12036672194807352,23.712548188440906,-0.07935971490119262,0.1425890613231388,0.16318579827366234,3.0392975011090684
1926,15.97327580000092,249.27940653794855,329.2738468992364,47.42969963912191,62.65001940732524,23.946085285415194,0.19026721981505337,-0.31073696636529746,0.125024956707513,23.78122973046162,-0.025149659475233822,0.1361059853552027,0.13841005968220257,1.8686782741241819
1927,15.977965199999744,249.27380823849103,329.28873760371533,47.42863446624843,62.65285262026754,23.631029190872102,0.19026721981505337,-0.31180213923877176,0.1221917437652138,23.783959886126212,-0.037982227053193436,0.10241795232758248,0.10923409051617218,0.009193198511547873
1928,15.989086300000054,249.26991385161494,329.28939326323353,47.427893492084635,62.65297737078121,23.89619790360411,0.19026721981505337,-0.3125431134025689,0.12206699325154347,23.718869930931007,-0.07899032295751203,-0.15956198910018124,0.17804353256026573,-0.8737343327503162
1930,16.010027599999376,249.25629718225426,329.3134934205048,47.42530268626224,62.65756284070232,23.566020950812135,0.19026721981505337,-0.31513391922496226,0.11748152333043294,23.64021595356384,-0.08092479693133879,-0.31121387167779707,0.32156320791263227,-5.517346288782754
1931,16.021570000000793,249.2528560338448,329.3360485260246,47.424647948521404,62.661854337922215,23.55501632395149,0.19026721981505337,-0.3157886569658004,0.11319002611053719,23.624484852914627,0.002047104190642031,-0.2127319465424518,0.21274179588249206,-5.68032349390725
1932,16.02556960000038,249.25431889737723,329.3434039161741,47.424926283498685,62.66325382755661,23.552815398579362,0.19026721981505337,-0.31551032198851914,0.11179053647614268,23.55570264645666,-0.0027488718257185907,-0.37098485264776193,0.37099503661153727,-3.8297119905888684
1933,16.03738920000069,249.26597993186385,329.3503468286529,47.42714499611062,62.664574836211365,23.55237368762603,0.19026721981505337,-0.3132916093765843,0.11046952782138675,23.552952357904616,-0.03828176411633571,-0.34889593421183185,0.35098983799165134,-3.042451115734762
1934,16.04085599999962,249.26432899785854,329.36496860413587,47.42683087748733,62.66735688078127,23.55228687131427,0.19026721981505337,-0.31360572799987096,0.10768748325148181,23.56474025185436,-0.04148109809342156,-0.21803295179198806,0.2219437982151415,0.4237421317389445
1935,16.053926200000205,249.24362588960136,329.37242348648317,47.42289175463771,62.66877530051954,23.552269508051918,0.19026721981505337,-0.3175448508494938,0.10626906351320997,23.567097830644315,-0.09784913574328519,-0.11198038337723806,0.14870796759764107,4.313500980469157
1936,16.05806620000112,249.24204355736128,329.36627634281217,47.42259068868157,62.66760570058346,23.613955793700228,0.19026721981505337,-0.3178459168056378,0.10743866344929387,23.633205637906208,-0.055244553122924284,0.22028684144381075,0.22710846123172562,4.650248659868559
1937,16.069418299999597,249.229379907895,329.35551561890617,47.42018121130491,62.66555828756267,23.564603292529107,0.19026721981505337,-0.320255394182297,0.10948607647008401,23.65876515101875,-0.019230997986771,0.4117852355316536,0.41223404940085506,5.472952301476665
1938,16.07294120000006,249.23679978044055,329.32682446136715,47.421592969825525,62.66009930078444,23.88291272393551,0.19026721981505337,-0.31884363566167906,0.11494506324831377,23.663877053641254,0.09367965388392713,0.4338140404243472,0.443813586115961,6.914929598840274
1939,16.085819100000663,249.2428547302664,329.3163328853613,47.42274502829501,62.65810309778633,23.68008443687695,0.19026721981505337,-0.31769157719219265,0.1169412662464211,23.76063826473216,0.16627304809589474,0.4931048411736234,0.5203836189888802,2.881867596327453
1940,16.090107199999693,249.24878588715643,329.31629635610597,47.423873533026764,62.65809614746647,23.577829021164455,0.19026721981505337,-0.3165630724604398,0.11694821656627852,23.7923284586105,0.33376395193614966,0.34451601605483917,0.4796766212046764,4.58167613355186
1941,16.102009700000053,249.26694271812698,329.2800781173468,47.427328182776186,62.651205003871176,24.097761849154768,0.19026721981505337,-0.3131084227110179,0.12383936016157548,23.742370802020325,0.2825864884672401,-0.023569626868806204,0.2835677181467954,4.408611341174326
1942,16.1060379999999,249.28017943563526,329.2919891338289,47.42984669621596,62.653471279862394,23.7230542619208,0.19026721981505337,-0.3105899092712434,0.1215730841703575,23.78567730537026,0.3045302819537903,-0.016332293006881618,0.3049679268738233,2.4522906871366112
1944,16.120825300000433,249.29143699597722,329.3145940779444,47.431988640924125,62.65777225973331,23.63312444098465,0.19026721981505337,-0.3084479645630793,0.11727210429943824,23.79433860604025,0.21670418038404404,-0.12769342898598307,0.25152795789358806,2.8374330116710444
1945,16.133958899999925,249.30518575656265,329.30139632222046,47.43460457937662,62.65526115944393,23.89661695362662,0.19026721981505337,-0.30583202611058624,0.11978320458882052,23.76455341610853,0.11973694921276551,-0.10849243501760852,0.16157829514767877,5.737119286672858
1946,16.139040600000953,249.30048619744144,329.3162243246957,47.43371040732827,62.65808244225031,23.621135524514386,0.19026721981505337,-0.306726198158934,0.11696192178244047,23.81189441279016,0.010831315117865867,0.0647027591101477,0.06560308242490066,5.222422729495694
1948,16.15290289999939,249.28630892127563,329.2670479558403,47.431012936407654,62.648725791267594,23.948835899496203,0.19026721981505337,-0.30942366907954977,0.12631857276515746,23.954692609250138,-0.0070115423594251085,0.34585041240298375,0.34592147878611407,6.9920777310522855
1949,16.165816300001097,249.29178444467436,329.2464571183546,47.43205474902176,62.64480802986552,23.95975924532893,0.19026721981505337,-0.308381856465445,0.13023633416722902,24.06028655029995,-0.07489279408838628,0.30520969104374013,0.31426403884851467,7.374983708034783
1950,16.16936270000042,249.29282144686195,329.22567677958864,47.43225205654493,62.64085421258171,24.34711542328454,0.19026721981505337,-0.3081845489422719,0.13419015145104396,24.093743290170064,-0.07661805953524765,0.3229850084181646,0.3319482530603657,5.4670610189968105
1951,16.181340099999943,249.28399408852212,329.22643262263153,47.4305724996153,62.64099802473609,24.42458665887566,0.19026721981505337,-0.3098641058719025,0.13404633929665977,24.08951129231136,-0.030919623028446322,0.20652564087231787,0.20882735315552617,1.9439560637418474
1952,16.185124800000267,249.28032240518718,329.235708192279,47.42987389863512,62.64276286158512,23.788419223864977,0.19026721981505337,-0.31056270685208176,0.1322815024476327,24.088664892739622,-0.024094892547441536,0.20559708264899654,0.2070041647905932,-2.5275953262413045
1953,16.202966700000616,249.28350146921673,329.22701786838223,47.43047877030964,62.64110937781799,23.927675910202684,0.19026721981505337,-0.30995783517756337,0.1339349862147614,23.958163276399493,0.007265475149783297,-0.20761466904232884,0.20774175779247622,-0.4999798612193582
1954,16.210239600000932,249.28788968004832,329.2155984612362,47.43131370298453,62.638936638968374,23.955527247470226,0.19026721981505337,-0.30912290250267205,0.1361077250643774,23.855028651373647,0.048191305786215013,-0.24557676267530557,0.25026056085500936,0.9689599205077175
1955,16.215844800000923,249.29414801815662,329.24361976911763,47.43250445957706,62.64426817531456,23.69460734158389,0.19026721981505337,-0.3079321459101436,0.13077618871819396,23.964734062794264,0.08171851465403385,-0.0376511285700335,0.08997512500607453,6.336468794957
1956,16.230001600000833,249.2989398365704,329.2586359603458,47.43341618554451,62.64712526427176,23.908913533746468,0.19026721981505337,-0.30702041994269536,0.12791909976099447,24.0637094468362,0.07913845586424803,0.013824848780693205,0.08033692575887236,9.019050586146832
1957,16.233639899999616,249.29861572696487,329.2476729061021,47.433354518110946,62.64503935442012,24.336946280968046,0.19026721981505337,-0.30708208737625853,0.13000500961263128,24.1605388254024,0.06996953770331008,0.16565200955342904,0.1798230365540085,16.467904362412952
1958,16.24555479999981,249.2999308787627,329.22575184468957,47.433604748387154,62.64086849500976,24.422552830412364,0.19026721981505337,-0.30683185710005034,0.1341758690229895,24.23320273578361,0.035489978246050054,0.3292537687892014,0.33116096209818874,11.582590718389271
1959,16.249525000001086,249.30136974361645,329.203677646231,47.433878517202565,62.6366684986394,24.439674140301225,0.19026721981505337,-0.30655808828463904,0.13837586539334978,24.324769819617664,0.0328186204909087,0.4946893146207587,0.49577674395929694,9.602302951261363
1960,16.261621199999354,249.3039152813631,329.2121437767921,47.43436284959255,62.63827932576386,24.057926893489935,0.19026721981505337,-0.30607375589465136,0.13676503826889075,24.26604893462666,0.06494080387686059,0.3929332132948329,0.3982635033722969,2.9185199636635204
1961,16.265656900000977,249.30499798537983,329.1988794500574,47.4345688526757,62.63575555919333,24.36674895291674,0.19026721981505337,-0.30586775281150125,0.13928880483942407,24.25430475762846,0.00849550144963733,0.3338935347821545,0.33400159597553214,0.7284696017889712
1962,16.277322300000378,249.3138059538645,329.1949224992331,47.436244720351496,62.63500268116104,24.043341856013036,0.19026721981505337,-0.30419188513570816,0.14004168287171126,24.174921620471007,-0.00809335703231159,0.13255536300439802,0.132802208902112,-5.9724273678282245
1963,16.28059469999971,249.3093131522845,329.1939790378942,47.43538988748569,62.63482317139509,24.36383194542136,0.19026721981505337,-0.3050467180015133,0.14022119263766086,24.159044993039515,0.06946380926952408,0.1575370466508753,0.17217183818996903,-2.029326456192213
1964,16.293381699999372,249.30837305735824,329.19053882685637,47.43521101823771,62.63416861200534,24.04275845451396,0.19026721981505337,-0.30522558724949533,0.1408757520274122,24.02553733112744,0.06771976882111998,-0.07217989698901194,0.09897426240457823,-3.4581505053529003
1965,16.296768600001087,249.31598868059933,329.19068585417506,47.436660021698955,62.63419658648451,23.97854375633248,0.19026721981505337,-0.3037765837882489,0.1408477775482453,24.075870100502836,0.02927832755806882,-0.025773503118198746,0.03900633189087859,0.30134846018931905
1966,16.309957499999655,249.3189225546713,329.22695460563364,47.43721824176191,62.6410973409907,23.69921064335634,0.19026721981505337,-0.30321836372529276,0.13394702304205452,23.94326636629198,0.0038611252155767717,-0.07535323716738797,0.07545209499765386,1.453993879073058
1967,16.31416960000024,249.3178478566854,329.2203891641037,47.437013761963996,62.63984815268394,24.295005702890023,0.19026721981505337,-0.30342284352320803,0.13519621134881277,23.99377992120762,0.016101316818438502,0.13228597533316677,0.13326226650156803,9.528281292770725
1968,16.325252599999658,249.29522887090963,329.23163385108455,47.432710110425404,62.64198764801347,23.700813274367068,0.19026721981505337,-0.30772649506180016,0.13305671601928282,24.00388263219075,-0.06615703877454912,0.16374916563710706,0.1766084455122855,6.418965208395653
1969,16.329674599999635,249.29632613862583,329.206315445193,47.43291888450316,62.63717038531434,24.29532622909217,0.19026721981505337,-0.30751772098404473,0.13787397871841023,24.136235510813158,-0.1481626204579457,0.06522691824218135,0.16188487565037532,15.663843997003315
1970,16.341523099999904,249.29735576561347,329.19703326803653,47.43311478876754,62.63540429127295,24.029057311248124,0.19026721981505337,-0.3073218167196643,0.1396400727598035,24.12811258067826,-0.1858528958859078,-0.08074370557269782,0.20263475738083186,13.748247501847374
1971,16.345422599999438,249.28981974584673,329.2178526773607,47.431680931238056,62.63936554240325,24.36097503646838,0.19026721981505337,-0.3087556742491486,0.1356788216295044,24.26915828273722,-0.06411519511858474,0.15351170757707228,0.166362864270614,13.818543431773088
1972,16.357105799999772,249.2752671312859,329.2444579813519,47.42891204572452,62.64442765962598,24.254391052215553,0.19026721981505337,-0.311524559762681,0.1306167044067692,24.29736742314901,-0.11128897513941377,-0.00602385473414449,0.1114518856432637,5.7082072425948045
1973,16.36157269999967,249.28044092832928,329.22149199777937,47.429896449703854,62.64005798578132,24.406041784661863,0.19026721981505337,-0.31054015578335026,0.13498637825143334,24.303009251231366,-0.00945148898282927,-0.0924576489342708,0.09293948294694462,6.200637887285382
1974,16.37373750000006,249.2683791224632,329.2028415663394,47.427601483435765,62.636509420042884,24.436371931151125,0.19026721981505337,-0.31283512205143893,0.13853494398986754,24.173805280422055,0.09226030268109432,-0.015363002485768051,0.09353066500450458,-2.4083855302583657
1975,16.378664199999548,249.28199193637752,329.2101723666825,47.430191555693106,62.637904231043194,24.057266451659913,0.19026721981505337,-0.31024504979409784,0.13714013298955763,24.18255799211957,0.0735796375441279,-0.0711187616307308,0.10233201511264177,-3.55553049937235
1976,16.389614699999584,249.2900986615846,329.24645178307685,47.43173399976006,62.644807014737054,23.71495518242183,0.19026721981505337,-0.3087026057271416,0.1302373492956974,24.10727423270126,0.039879558171245666,-0.37614489885613955,0.3782530424139761,-2.501891354787925
1977,16.394148200000927,249.28222620348208,329.2634180605153,47.430236129043784,62.648035141175875,24.29815461070312,0.19026721981505337,-0.31020047644341986,0.1270092228568771,24.092217480817602,0.07968757951236533,-0.3523019087394988,0.36120180679231617,7.102463602429701
1978,16.40548189999936,249.28531637753068,329.295995201164,47.43082408786876,62.654233503156625,24.029622987570313,0.19026721981505337,-0.3096125176184472,0.12081086087612647,24.166240432198684,-0.06364532473131118,-0.32165131589303203,0.32788762766513946,7.235543148197669
1979,16.409362500000498,249.28552816054477,329.2876142177715,47.43086438323405,62.65263887674722,24.361088171732817,0.19026721981505337,-0.30957222225315206,0.12240548728553335,24.31137735890068,-0.16492734180899918,-0.17493665053829852,0.24042433274887387,10.260777365757281
1980,16.421249299999545,249.27359914218698,329.29572710180616,47.42859468207599,62.65418249263718,24.427381208565315,0.19026721981505337,-0.3118419234112153,0.1208618713955687,24.340404744241077,-0.051924235278306335,0.07267530023296044,0.08931867370929694,11.033643500827987
1981,16.425231799999892,249.2659476981444,329.2935667852172,47.42713886309044,62.65377145520588,24.440639815931817,0.19026721981505337,-0.3132977423967631,0.12127290882687447,24.373265370627816,-0.07543959861685433,0.15761019609907084,0.1747343897286955,8.998681516010079
1982,16.437332699999388,249.28086909616695,329.2601134980621,47.42997791600794,62.6474063912652,24.443291537405116,0.19026721981505337,-0.3104586894792618,0.12763797276755184,24.379837495905164,-0.04981457349073756,0.17994985183803075,0.18671754311952937,1.2476705302443936
1984,16.45811440000034,249.27369312008514,329.27346305676366,47.4286125629894,62.64994637468511,24.19392611950402,0.19026721981505337,-0.31182404249780404,0.12509798934764405,24.30411761920282,0.09920217736381493,0.06359302922488361,0.11783524667822737,0.5947143244723251
1985,16.469295599999896,249.2818327038494,329.2427508349917,47.43016125896268,62.64410284563421,24.393948798119556,0.19026721981505337,-0.31027534652452715,0.13094151839854362,24.288973643862352,0.14239615224459026,-0.0018572588308780336,0.14240826375049098,-0.2647147874489493
1986,16.4729767000008,249.2925536654643,329.25651900757606,47.43220110652289,62.64672247755377,24.048781825053602,0.19026721981505337,-0.308235498964315,0.1283218864789788,24.285944848794262,0.10476513718421021,0.07899206029263495,0.1312077724774781,-3.976031031904129
1987,16.485463299999537,249.28273695762584,329.2712220370503,47.430333308814724,62.649519982094695,24.364919939229473,0.19026721981505337,-0.31010329667248016,0.1255243819380567,24.335318242219795,0.11893863792443955,0.15818415523641344,0.19791065297042165,-1.9993890531747427
1988,16.489191599999685,249.2836473436545,329.25299380271963,47.43050652543336,62.64605174662646,24.428147562064648,0.19026721981505337,-0.3099300800538458,0.12899261740628987,24.268158619147087,0.21654997066484744,-0.04575040490726298,0.22133004618470759,-0.9063124100673458
1989,16.50136349999957,249.28397793698784,329.2354820322229,47.43056942650778,62.642719830740006,24.440793086631682,0.19026721981505337,-0.30986717897942384,0.13232453329274563,24.344106717410916,0.11890905680393529,0.13461892039890277,0.17961519289683608,-0.7055358869188411
1990,16.505058400000053,249.29614554625869,329.2451345461417,47.43288452369554,62.64455638772756,24.058150682756025,0.19026721981505337,-0.3075520817916626,0.13048797630519005,24.359296337063682,0.09629870739470192,0.12332830953321028,0.15647144460958282,-1.4858375408887463
1992,16.521834499999386,249.30195922328912,329.22836412202446,47.433990675861025,62.64136552575566,24.428522316372746,0.19026721981505337,-0.3064459296261788,0.13367883827709193,24.362334260994235,-0.07696098344603497,-0.24249156080561673,0.2544113795311149,6.369271664453268
1993,16.533385099999578,249.2860153185176,329.2453921169319,47.43095707342715,62.64460539500572,24.440868037493303,0.19026721981505337,-0.3094795320600525,0.13043896902703267,24.362941845780345,-0.1207352250790643,-0.34459937141144203,0.3651379483867067,5.170965701149333
1994,16.537013900000602,249.2703792568755,329.26253516302205,47.427982043449646,62.64786715472446,24.443337181717414,0.19026721981505337,-0.3124545620375585,0.12717720930829302,24.44009766449538,-0.37766096950019523,-0.39192065526466724,0.5442697933074309,4.3841889096921705
1995,16.54945039999984,249.2564108847755,329.2780132463219,47.425324320124844,62.650812126601984,24.443831010562235,0.19026721981505337,-0.31511228536236047,0.12423223743076761,24.44318310711783,-0.4214860987597014,-0.46429810624280354,0.6270751652779166,4.349926586839399
1996,16.552935100000468,249.24435861108645,329.2914500278891,47.42303116751758,62.65336870567403,24.4439297763312,0.19026721981505337,-0.31740543796962584,0.12167565835871841,24.443800195642318,-0.45914715919717114,-0.5096522460501554,0.6859748725010272,4.340797041778912
1997,16.565561200000957,249.23419298529114,329.3028429757223,47.421096982159824,62.65553641018376,24.443949529484993,0.19026721981505337,-0.3193396233273802,0.11950795384899493,24.443923613347216,-0.31618641950329607,-0.35371240158074524,0.4744326242053056,0.08846206736231818
1998,16.569110599999476,249.22578075975053,329.3123058977392,47.41949641139375,62.65733689404724,24.443953480115752,0.19026721981505337,-0.32094019409345265,0.11770746998551118,24.4439482968882,-0.5302655367525944,-0.280145637494821,0.5997191990214226,0.03889760080891196
1999,16.5814405000001,249.21897418163684,329.3200274632043,47.41820134269961,62.65880605484091,24.443954270241903,0.19026721981505337,-0.3222352627875935,0.11623830919184286,24.443953233596396,-0.418619465660214,-0.1448539135138015,0.44297281326274074,0.0034838016863649956
2000,16.585051800000656,249.19460179125883,329.317540435137,47.41356407574214,62.65833285492494,24.443954428267133,0.19026721981505337,-0.3268725297450672,0.11671150910780881,24.443954220938036,-0.4011783004004453,-0.15660477591116495,0.43066121783877415,0.0015310490643258496
2001,16.597296899999492,249.1881768150022,329.3212216566358,47.41234161337241,62.659033270705045,24.44395445987218,0.19026721981505337,-0.3280949921147922,0.11601109332770676,24.443954418406364,-0.3092172325929384,-0.06638563997489036,0.3162631026966489,0.00014031828020569413
2002,16.600872600000002,249.18693678187554,329.325552301366,47.41210567571692,62.65985725043786,24.44395446619319,0.19026721981505337,-0.32833092977028144,0.11518711359489231,24.44395445790003,-0.27383490123235693,-0.07098229343739879,0.2828852048350491,6.0324878599206295e-05
2003,16.613378699999885,249.18751941275406,329.3292442154782,47.41221653127435,62.66055970067178,24.44395446745739,0.19026721981505337,-0.32822007421285093,0.11448466336096885,24.44395446579876,0.008013838157453549,-0.11214201569816132,0.1124279915628689,5.649251693441214e-06
2004,16.617157200000293,249.1889468087549,329.33206691324455,47.41248811794301,62.661096767528164,24.44395446771023,0.19026721981505337,-0.3279484875441909,0.11394759650458752,24.443954467378507,0.05874548975128399,-0.11836305217951273,0.1321394895077481,2.4274657577438154e-06
2005,16.62967050000043,249.1971771929114,329.3369840134674,47.41405409025448,62.662032330517114,24.4439544677608,0.19026721981505337,-0.3263825152327229,0.11301203351563771,24.443954467694457,0.0772461065010741,-0.07377857693375413,0.10681872206661694,2.186659012406964e-07
2006,16.63330549999955,249.20011598401885,329.33867105219497,47.41461324586811,62.66235331868553,24.443954467770915,0.19026721981505337,-0.32582335961909337,0.11269104534721919,24.44395446775765,0.09091082463362633,-0.06144037650745839,0.10972555719131348,9.248621496200757e-08
2007,16.645720000000438,249.20184631778204,329.33916147642765,47.414942471662584,62.66244663034082,24.443954467772937,0.19026721981505337,-0.3254941338246198,0.11259773369193482,24.443954467770283,0.08093429458782968,-0.03145874402592188,0.08683324603006658,8.876649824227266e-09
2008,16.649381600000197,249.20333175766817,329.3390552006499,47.41522510217992,62.662426409544054,24.44395446777334,0.19026721981505337,-0.3252115033072869,0.11261795448869805,24.443954467772816,0.058557414845760464,-0.015106547795588994,0.060474611364761184,3.827841123645805e-09
2009,16.6618011999999,249.2047674181768,329.33854797985,47.415498261313495,62.66232990205262,24.443954467773423,0.19026721981505337,-0.3249383441737095,0.1127144619801328,24.443954467773317,0.03596333151243841,0.008210992046209193,0.036888773412197595,3.5153170862837303e-10
2010,16.68205830000079,249.20617918974926,329.33780319369293,47.4157668751656,62.66218819366116,24.443954467773438,0.19026721981505337,-0.3246697303216024,0.11285617037159312,24.44395446777342,0.03876736041342441,0.016432809541096223,0.042106358935893394,1.4812280609079326e-10
2011,16.688392100000783,249.20753921272052,329.3368616870951,47.416025642955226,62.66200905581835,24.44395446777344,0.19026721981505337,-0.324410962531978,0.11303530821439978,24.443954467773438,0.1705395540678424,0.3252469463781166,0.36724557945596564,9.763353766604863e-12
2012,16.694392200000948,249.2088176339907,329.33580233583626,47.41626888461606,62.661807495999525,24.44395446777344,0.19026721981505337,-0.3241677208711451,0.1132368680332263,24.44395446777344,0.1751855266775948,0.3395897410999563,0.3821140680708336,1.6965459994809732e-12
2013,16.69841819999965,249.22439221367347,329.30301338913483,47.419232216592086,62.65556883426998,24.44395446777344,0.19026721981505337,-0.3212043888951186,0.11947552976277365,24.44395446777344,0.22731584373558528,0.29477665086993593,0.3722442299234699,6.79335276517796e-13
2014,16.710370000000694,249.22723300214884,329.2980204981626,47.419772725517376,62.65461885078585,24.44395446777344,0.19026721981505337,-0.32066387996982826,0.1204255132469001,24.44395446777344,0.21780972490255593,0.27616963963748725,0.3517253845255225,1.1842181559317044e-13
2015,16.71451209999941,249.23319603740245,329.30274609133755,47.42090729565674,62.65551797626123,24.44395446777344,0.19026721981505337,-0.31952930983046457,0.11952638777152202,24.44395446777344,0.19095864270251706,0.23726445638707466,0.3045646491099084,0.0
2016,16.725516000000425,249.23280996516115,329.3064909661938,47.42083383876474,62.65623050318868,24.44395446777344,0.19026721981505337,-0.31960276672246124,0.11881386084407097,24.44395446777344,0.03692246153048945,-0.081874537216343,0.0898148540602322,0.0
2017,16.72938299999987,249.23090528059691,329.3097617796344,47.42047143972808,62.65685283176856,24.44395446777344,0.19026721981505337,-0.3199651657591218,0.11819153226419132,24.44395446777344,0.03440168471984913,-0.0659479879329626,0.07438153684867019,0.0
2018,16.741542699999627,249.22872393977815,329.31270808406873,47.420056402075026,62.65741341692201,24.44395446777344,0.19026721981505337,-0.3203802034121779,0.11763094711074018,24.44395446777344,-0.02573102465813009,-0.027645139368041204,0.037766908274780985,0.0
2019,16.74597150000045,249.22948323103827,329.3090043525601,47.420200870312115,62.65670871822493,24.44395446777344,0.19026721981505337,-0.3202357351750891,0.11833564580782507,24.44395446777344,0.07324953682892418,0.05520078575117547,0.09172034339882891,0.0
2020,16.757481700000426,249.22786488734943,329.3105503435111,47.41989295255774,62.65700286962503,24.44395446777344,0.19026721981505337,-0.32054365292946585,0.11804149440771994,24.44395446777344,0.09038557129291283,0.08295609442170807,0.12268359751674048,0.0
2021,16.761395900000934,249.23790875723773,329.30336085247933,47.42180397175757,62.655634945154524,24.44395446777344,0.19026721981505337,-0.318632633729635,0.11940941887822731,24.44395446777344,0.12860138398277035,0.03580159495310835,0.1334918355685859,0.0
2022,16.77347809999992,249.23739848447545,329.3047678254245,47.42170688357774,62.65590264598516,24.44395446777344,0.19026721981505337,-0.31872972190946314,0.11914171804759377,24.44395446777344,0.1139396833596243,-0.008312770453426306,0.11424252096615693,0.0
2023,16.777624300000753,249.2408185847419,329.31091027911003,47.422357616546925,62.65707135357075,24.44395446777344,0.19026721981505337,-0.31807898894027886,0.11797301046200204,24.44395446777344,0.09106226467903164,-0.025236473551961174,0.09449452706804162,0.0
2024,16.789252399999896,249.23833193500383,329.31466604634,47.42188448861461,62.65778595295986,24.44395446777344,0.19026721981505337,-0.31855211687259555,0.11725841107288915,24.44395446777344,-0.000861843894403358,-0.055896508438173106,0.055903152240970075,0.0
2025,16.794194199999765,249.23466614415133,329.31752759556935,47.421187008780684,62.658330411976095,24.44395446777344,0.19026721981505337,-0.31924959670651987,0.11671395205665647,24.44395446777344,-0.009631026639741726,-0.05814633020015488,0.058938547571863856,0.0
2027,16.809942600000795,249.2370339206916,329.3012900242836,47.42163751904014,62.65524093443101,24.44395446777344,0.19026721981505337,-0.3187990864470649,0.11980342960173829,24.44395446777344,-0.07243447460205138,-0.03366954529176316,0.07987735217838231,0.0
2028,16.821326999999656,249.2339296532686,329.30328881466465,47.421046878708005,62.6556212387198,24.44395446777344,0.19026721981505337,-0.31938972677919963,0.11942312531294874,24.44395446777344,-0.035644344393460974,-0.0014543580880714418,0.03567400236429873,0.0
2029,16.82569119999971,249.23032689573904,329.30694708159587,47.42036139204919,62.65631728699815,24.44395446777344,0.19026721981505337,-0.3200752134380167,0.11872707703459895,24.44395446777344,0.1291013532493147,0.33039278340925954,0.35472038387964433,0.0
2030,16.837277300001006,249.2390506875578,329.30088075233255,47.422021243664794,62.65516306339474,24.44395446777344,0.19026721981505337,-0.31841536182241015,0.1198813006380135,24.44395446777344,0.11821102849462466,0.29375908732134337,0.31665162030475325,0.0
2031,16.841674900000726,249.25482721656718,329.26507767099326,47.425022999977735,62.6483509106475,24.44395446777344,0.19026721981505337,-0.3154136055094696,0.12669345338525062,24.44395446777344,0.0781939555865828,0.2314217355599739,0.24427507932629347,0.0
2032,16.85307869999997,249.25327818475702,329.26429798220147,47.424728270001815,62.64820256142876,24.44395446777344,0.19026721981505337,-0.31570833548538957,0.12684180260399103,24.44395446777344,0.09096198474730248,0.23538503626503438,0.2523493569769102,0.0
2033,16.8571735000005,249.24785552641387,329.2717248251402,47.42369651587485,62.64961564618672,24.44395446777344,0.19026721981505337,-0.31674008961235245,0.1254287178460345,24.44395446777344,0.0350653592217251,0.19281579659882525,0.1959783427713077,0.0
2034,16.869212300000072,249.24195655738473,329.280562431871,47.422574135437905,62.6512971530492,24.44395446777344,0.19026721981505337,-0.3178624700492989,0.12374721098355224,24.44395446777344,-0.09810684583315737,-0.10113759412895644,0.1409033929524922,0.0
2035,16.87288660000013,249.23932596185594,329.2827489453701,47.42207361934018,62.651713174893764,24.44395446777344,0.19026721981505337,-0.3183629861470223,0.12333118913898744,24.44395446777344,-0.021364240650265223,-0.06959824788179869,0.0728034812820015,0.0
2036,16.88662310000109,249.24053369993663,329.27702421144016,47.42230341230706,62.650623945684735,24.44395446777344,0.19026721981505337,-0.3181331931801452,0.12442041834801643,24.44395446777344,0.01785928274973777,-0.025136682768928192,0.030835155277066668,0.0
2037,16.89102450000064,249.24881216643922,329.2730753277624,47.42387853311284,62.649872602566,24.44395446777344,0.19026721981505337,-0.31655807237436306,0.12517176146675268,24.44395446777344,0.038811213998385365,-0.02485581462413132,0.046088196456984996,0.0
2038,16.901518200000282,249.24573194175628,329.2798472010812,47.423292467326014,62.65116106807531,24.44395446777344,0.19026721981505337,-0.3171441381611899,0.12388329595744096,24.44395446777344,0.021094252515789016,-0.0857570359105238,0.08831328720729821,0.0
2039,16.9173279000006,249.24668994344688,329.2913363119891,47.42347474364426,62.65334706926589,24.44395446777344,0.19026721981505337,-0.31696186184294106,0.12169729476686086,24.44395446777344,0.0005934142211719388,-0.12380030315226923,0.12380172535563327,-0.2551332701651868
2040,16.9212320000006,249.24207714894766,329.2999077474309,47.42259708005932,62.65497793245723,24.44395446777344,0.19026721981505337,-0.3178395254278854,0.12006643157552332,24.44395446777344,-0.12082449561299821,-0.21585493873120173,0.24736999275333754,-0.41402011734518634
2041,16.933309500000178,249.236632415899,329.3069486775804,47.42156112583952,62.65631759066169,24.44395446777344,0.19026721981505337,-0.31887547964768714,0.11872677337105841,24.42854760742188,-0.06677783549734825,-0.21204541146092293,0.22231179868676113,-0.42166914381998905
2042,16.937188199999582,249.2315519028029,329.3128516713482,47.420594470737484,62.65744073687448,24.44395446777344,0.19026721981505337,-0.31984213474972023,0.11760362715827455,24.425466235351568,-0.057302909030266254,-0.18366624684513322,0.1923978004383324,-0.42364136394470636
2044,16.953301999999894,249.2497081618329,329.32163719857544,47.42404901166536,62.659112334714614,24.36692016601563,0.19026721981505337,-0.3163875938218439,0.11593202931813806,24.424849960937507,-0.051196435085824464,-0.11729786776221418,0.12798384564881196,-0.4247052358780081
2045,16.965801100001045,249.25357770574144,329.32139898470245,47.42478525902679,62.65906701042328,24.42854760742188,0.19026721981505337,-0.31565134646041315,0.11597735360947325,24.42472670605469,-0.045829827542014916,-0.08078192618504978,0.0928767607676843,0.11185755874276496
2046,16.970435299999735,249.24884593400373,329.323490920492,47.423884957973456,62.65946503722999,24.44087309570313,0.19026721981505337,-0.316551647513748,0.1155793268027594,24.424702055078132,-0.04945059471297575,-0.032990893246051964,0.0594454401501022,0.42324761628538954
2047,16.98138359999939,249.2454542813525,329.3193676031699,47.423239637652934,62.658680505106695,24.44333819335938,0.19026721981505337,-0.31719696783427054,0.11636385892605716,24.44010792939063,-0.11814248319652566,-0.02164908964947697,0.12010965580873353,0.43875222367272193
2048,16.98542439999983,249.2397769614514,329.32044248673,47.42215942977935,62.6588850202133,24.44383121289063,0.19026721981505337,-0.3182771757078555,0.11615934381945436,24.443189104253133,-0.14271545028083676,-0.0269850293311145,0.14524424793038485,0.4426526938501784
2050,17.00111350000043,249.22913362783973,329.3243203342536,47.42013435228349,62.659622847480485,24.443949537578128,0.19026721981505337,-0.32030225320371386,0.11542151655226718,24.44380533922563,-0.13949764417157612,-0.021823617286792687,0.14119441561513707,0.4450018613776037
2051,17.01389680000102,249.22483635495797,329.32586920709855,47.4193167221195,62.65991754721054,24.44395348173438,0.19026721981505337,-0.32111988336770736,0.11512681682221171,24.44392858622013,-0.13712787402675994,-0.03895221822631529,0.14255289944385358,0.16358889758078604
2052,17.01773239999966,249.2212443365422,329.32708039991917,47.418633278762,62.66014799750118,24.44395427056563,0.19026721981505337,-0.3218033267252025,0.11489636653157476,24.443953235619027,-0.05060338553876472,0.08851333553323565,0.101957408731313,0.011095777798207003
2053,17.029636799999935,249.21829783950665,329.32795540271417,47.41807265696285,62.660314481850314,24.443954428331878,0.19026721981505337,-0.32236394852435524,0.11472988218243785,24.44395422134256,0.016899230871353282,0.20110653246662377,0.20181531508979317,0.003240848280751722
2054,17.033544300000358,249.22169253238644,329.3159060870067,47.41871855573922,62.65802189204997,24.443954459885127,0.19026721981505337,-0.3217180497479859,0.1170224719827786,24.443954418487266,0.028234203275739188,0.22968725889311709,0.23141609091083004,1.4571127848449812
2055,17.045653400000447,249.23495804520599,329.2830704548571,47.421242547982814,62.65177434761001,24.443954466195777,0.19026721981505337,-0.3191940575043901,0.12327001642274382,24.443954457926306,0.06965802045711478,0.22500505179213418,0.23554089484839952,1.5230088425345318
2056,17.04960140000003,249.23480686359642,329.2805835927182,47.42121378307827,62.65130117926477,24.443954467457907,0.19026721981505337,-0.31922282240893196,0.12374318476798152,24.472691953607082,0.08974299840965481,0.2346645543809872,0.25123944524374076,1.5270998800833142
2058,17.06671180000012,249.2374089265944,329.2880919707607,47.421708870370686,62.65272977748024,24.44395446776082,0.19026721981505337,-0.31872773511651786,0.1223145865525126,24.47843945274324,0.02720277315168835,0.06880786639696757,0.07398995435358205,4.263040138236743
2059,17.077905699999974,249.24054653706852,329.2860732856589,47.422305854792455,62.65234568787824,24.58764190673576,0.19026721981505337,-0.31813075069474905,0.12269867615451346,24.478669352961113,-0.026446065112372096,-0.047427102742893676,0.05430215865426362,4.390677334308089
2060,17.081782700000986,249.2375429453023,329.2910160020788,47.421734369737635,62.65328612478978,24.472691955565907,0.19026721981505337,-0.31870223574956924,0.12175823924297191,24.531705750485152,-0.020104667208650194,-0.07484735160920947,0.07750047539520777,2.819156109925489
2062,17.098403600000893,249.2323185104974,329.29671480628224,47.42074033105221,62.65437042042184,24.44510396728514,0.19026721981505337,-0.31969627443499604,0.12067394361091033,24.542313029979866,-0.053937170655609934,-0.10704120612439166,0.11986258042815903,2.677762473747055
2063,17.110331199999564,249.23384943353255,329.29779625528147,47.421031615521855,62.6545761847163,24.709136455078124,0.19026721981505337,-0.3194049899653493,0.12046817931645393,24.535411658730368,-0.043163276050669205,-0.10046246078024693,0.10934246396276666,3.0082461386592882
2064,17.114051000000472,249.2311079272308,329.30257558969925,47.42050999673971,62.655485535388536,24.496990865234377,0.19026721981505337,-0.3199266087474939,0.11955882864421596,24.53403138448047,0.016458072015545243,0.01626640343555908,0.02314009540164521,0.32410838639133743
2065,17.126220000000103,249.2379642071495,329.2982772592412,47.42181452205812,62.65466770400244,24.553135050488283,0.19026721981505337,-0.3186220834290836,0.12037666003030978,24.554389589884376,0.04080637281954769,0.06201732199790385,0.07423818620143954,0.22957331194336555
2066,17.14193680000062,249.25041283523464,329.27010306725174,47.42418308791439,62.64930707882207,24.46579058431641,0.19026721981505337,-0.31625351757281095,0.12573728521068261,24.558461230965158,0.036170422994154044,0.0526263285637349,0.06385788876618305,-0.027099513543631548
2067,17.146856800000023,249.25201437213875,329.2658747658364,47.42448780788857,62.64850257166722,24.54689499430469,0.19026721981505337,-0.3159487975986366,0.1265417923655292,24.559275559181312,0.022151105524787752,0.031014351965572465,0.038112484881134306,0.7263418238997683
2068,17.157357399999455,249.25208287770266,329.26941821538486,47.42450084225175,62.64917677396137,24.729494660482032,0.19026721981505337,-0.31593576323545136,0.1258675900713797,24.539723764180017,-0.017841855449329907,-0.010967072188450805,0.020942981599129443,0.4439065295088164
2069,17.162011000000348,249.24693871869323,329.27804028382667,47.423522077418745,62.65081727095285,24.501062506315158,0.19026721981505337,-0.3169145280684589,0.12422709307990232,24.555528065824287,-0.0643328039257236,-0.10493084959805483,0.12308205741827362,-1.8792656491922426
2070,17.174131800000396,249.24102926585493,329.287130920566,47.422397702256575,62.652546921131595,24.455376075481784,0.19026721981505337,-0.31803890323062944,0.12249744290115672,24.558688926153142,-0.06592249128427635,-0.14933590534637628,0.1632390501159185,-2.1063201749817884
2071,17.178742100000818,249.2390483626063,329.2902504425439,47.42202080130273,62.65314046390547,24.544812092537764,0.19026721981505337,-0.31841580418447535,0.12190390012727903,24.506330680738444,-0.09823259211429917,-0.19304538192963322,0.2166013888179211,-1.8302749254682258
2072,17.189540299999862,249.242112249343,329.2935709114172,47.42260375851395,62.65377224028648,24.56269929594896,0.19026721981505337,-0.3178328469732534,0.12127212374627305,24.495859031655506,-0.07238600917180504,-0.14441475258423395,0.16154056793197846,-2.7978438723747288
2073,17.193887699999323,249.23844935750176,329.3000315217996,47.421906830266835,62.65500148266225,24.467703433408545,0.19026721981505337,-0.3185297752203695,0.12004288137050168,24.49376470183892,-0.08883639260493598,-0.1598125461859598,0.18284407173736275,-2.981115656910781
2074,17.20513899999969,249.2336540874223,329.3064989693171,47.42099444756056,62.6562320259207,24.448704260900463,0.19026721981505337,-0.31944215792664465,0.1188123381120505,24.47754370868396,-0.07363673710473297,-0.12566944856811607,0.14565431457682923,-0.7182651133520367
2075,17.210087600000406,249.22910215100597,329.31221281605974,47.42012836327385,62.65731918365488,24.444904426398846,0.19026721981505337,-0.32030824221335763,0.1177251803778745,24.474299510052973,-0.10451241681079151,-0.14028897305142998,0.17493953591872097,-0.2125215196143947
2077,17.225338199999896,249.2286409745868,329.3088485518582,47.420040616518726,62.65667907445852,24.463707126762987,0.19026721981505337,-0.3203959889684782,0.11836528957422843,24.473650670326773,-0.10200046255912934,-0.12230635837741,0.15925746344149713,0.0582250700744332
2078,17.23790100000042,249.2220123859807,329.31753806569895,47.418779413393345,62.65833240409855,24.546478302794004,0.19026721981505337,-0.3216571920938591,0.11671195993420014,24.49323556302606,-0.08657910213379302,-0.14009660424842463,0.16469061736551197,1.2499062927273987
2079,17.242393000000448,249.21852418414164,329.32209081525286,47.418115722927276,62.659198643098684,24.464459234777554,0.19026721981505337,-0.32232088255992863,0.1158457209340682,24.497152541565917,-0.0627642170635802,-0.12131023460443724,0.1365852113641437,0.9838835439845834
2080,17.253432299999986,249.21829300282252,329.33359734980934,47.41807173670041,62.66138795943845,24.546628724396918,0.19026721981505337,-0.32236486878679216,0.11365640459430182,24.547013821301466,-0.051039919558932494,-0.12129151795107454,0.1315929546573757,1.265294927163485
2081,17.25833860000057,249.21685047238532,329.3368401943859,47.41779727044462,62.66200496646033,24.464489319098135,0.19026721981505337,-0.3226393350425809,0.11303939757242176,24.537271416604046,-0.035809562599289184,-0.09146386201846099,0.09822404404668178,1.0867246147499818
2082,17.27009680000083,249.22011761687563,329.33424056617457,47.41841890094353,62.661510342428,24.713013525440722,0.19026721981505337,-0.3220177045436756,0.11353402160474957,24.553315618340022,-0.04565830955191946,-0.019339358923161645,0.0495851997545414,1.6395032740092816
2083,17.274914100000387,249.2195038915236,329.33379665277414,47.41830212912707,62.661425880259465,24.497766279306898,0.19026721981505337,-0.3221344763601337,0.11361848377328698,24.55652445868722,-0.03001472702602895,0.061316324346410905,0.06826840755284463,0.3541481412414941
2085,17.28966489999948,249.20423165038574,329.3207890486109,47.41539632226542,62.65895095957887,24.544680243457435,0.19026721981505337,-0.3250402832217816,0.11609340445388483,24.61015664423713,0.0382114024943595,0.12449985721271434,0.13023181533931025,1.954112575533747
2086,17.301470399999744,249.20883760619995,329.3080720180121,47.416272684672784,62.65653132552254,24.562672926132894,0.19026721981505337,-0.3241639208144207,0.11851303851020845,24.58760732451117,0.04191027143705817,0.1266002345010543,0.13335700291941865,2.31833442416957
2087,17.30549880000035,249.21487572235077,329.30404589756944,47.41742154024572,62.65576528677927,24.732650246847676,0.19026721981505337,-0.32301506524148493,0.11927907725348064,24.611834643183165,0.07023910531979459,0.17975725229270986,0.19299275029894294,4.050151514215843
2088,17.318005999999514,249.21956670890802,329.30059033181425,47.41831408121616,62.65510780589014,24.600266926810942,0.19026721981505337,-0.3221225242710446,0.11993655814261217,24.651677841722574,0.12499722488194755,0.14953286732791787,0.19489583022603857,3.4734771561818807
2089,17.322428900000887,249.2222958520317,329.294004394477,47.41883334769078,62.6538547179031,24.618902872666876,0.19026721981505337,-0.3216032577964256,0.12118964612965044,24.69292223826639,0.1570260949383968,0.10273423815332684,0.18764732393654562,3.9490395318106324
2090,17.333390699999654,249.2267203558302,329.2930445556505,47.419675185727584,62.65367209203812,24.74389623615447,0.19026721981505337,-0.32076141975962,0.12137227199463041,24.701171117575154,0.11197764715445202,0.06163233139767054,0.12781837792649084,3.150376260267216
2091,17.336917799999355,249.23106515975832,329.2935827941861,47.42050185949162,62.65377450118788,24.76889490885199,0.19026721981505337,-0.3199347459955817,0.12126986284486918,24.702820893436908,0.06552805489617873,0.06971478160953164,0.09567693950655666,2.1655476639634075
2092,17.34908279999945,249.23489794277162,329.2945642166129,47.42123111245972,62.6539612337045,24.773894643391493,0.19026721981505337,-0.31920549302748213,0.1210831303282518,24.727404083472543,0.04691999218579486,0.012879118899300167,0.04865549681523519,-1.3539131711326549
2093,17.365395000000717,249.22110470419875,329.28659271430945,47.418606711304214,62.65244451812347,24.608515806119705,0.19026721981505337,-0.32182989418299,0.12259984590928497,24.69904496464373,0.03535468116737132,-0.03723595802138326,0.05134656804711194,-1.6426769744263767
2094,17.370103299999755,249.22170760305164,329.28661399888983,47.418721423192785,62.6524485678814,24.741818822845037,0.19026721981505337,-0.32171518229441887,0.12259579615135152,24.66009738404203,0.011560082143598022,-0.0486598251452966,0.0500141388243122,-1.8084828340141903
2095,17.38137110000025,249.2228310755676,329.3004666711092,47.418935183184935,62.65508427731159,24.602100642010413,0.19026721981505337,-0.3215014223022692,0.11996008672116432,24.65230786792169,0.012341631508029575,-0.048730131683207285,0.0502686940564673,-2.2180820961136933
2096,17.38568320000013,249.22544653842314,329.30241921904684,47.41943282003099,62.65545578317924,24.57415700584349,0.19026721981505337,-0.3210037854562131,0.11958858085350954,24.65074996469762,-0.07827862839204025,-0.089825590324174,0.11914772486298457,-1.8725193246673641
2097,17.397145400000227,249.22929330574837,329.30336511970313,47.420164733755236,62.65563575706734,24.734947062789793,0.19026721981505337,-0.32027187173196836,0.11940860696541478,24.650438384052805,-0.08119086874311568,-0.09270264977014316,0.12323042822966924,-0.21834234347051582
2098,17.40296490000037,249.21051393923005,329.3068059405703,47.41659163589791,62.656290432487616,24.600726289999365,0.19026721981505337,-0.3238449695892953,0.11875393154513603,24.650376067923844,-0.04967714855629805,-0.029522281991302135,0.05778740539822209,-1.7484561958042497
2099,17.413129200000185,249.21103760345986,329.3076203694199,47.41669127203503,62.65644539160056,24.74026091962097,0.19026721981505337,-0.32374533345217316,0.11859897243218853,24.65036360469805,-0.08297619661005524,-0.039755092367391456,0.09200824187544489,-1.784594468039955
2100,17.41711849999956,249.21473907615794,329.30590136921046,47.417395540954516,62.65611832220985,24.6017890613656,0.19026721981505337,-0.32304106453268844,0.11892604182290256,24.61708535521696,-0.08128336572360012,-0.16321910418929964,0.18233886452348544,-1.8471923537009969
2101,17.429398800000854,249.2114415744594,329.31476422169715,47.416768134474,62.657804632512125,24.574094689714528,0.19026721981505337,-0.3236684710132067,0.11723973152062683,24.61042970532074,0.03100494005149553,-0.17044228023080824,0.1732393638809442,-1.4048278199458761
2102,17.433311900000263,249.21292890557774,329.3277831574751,47.41705112483083,62.66028170922755,24.568555815384315,0.19026721981505337,-0.32338548065637696,0.11476265480520453,24.60909857534149,0.07138626602177926,-0.15536543285851598,0.17098074951247078,0.6115991283490705
2103,17.445889000000534,249.20945552351358,329.33760680011096,47.416390254082124,62.66215082640033,24.567448040518272,0.19026721981505337,-0.3240463514050802,0.1128935376324236,24.636782212648047,0.05986351266941251,-0.14783295357468063,0.1594936434837909,2.3794054658123933
2104,17.44985000000088,249.2138629043159,329.33635482502774,47.41722883417405,62.661912616581965,24.733605269724748,0.19026721981505337,-0.32320777131315737,0.11313174745078669,24.67671269147739,0.09179198602090673,-0.10336497597063296,0.13823923811665004,2.5071492958909216
2106,17.46591360000093,249.22390338830684,329.32625327092455,47.419139209148604,62.65999062196694,24.74020724789837,0.19026721981505337,-0.32129739633860055,0.1150537420658111,24.68469878724326,0.08082610235123976,-0.0052052091867400944,0.0809935369271574,2.580588117704058
2108,17.482423800000106,249.23332284207925,329.3188756316789,47.42093142243006,62.658586899058875,24.77374708386125,0.19026721981505337,-0.3195051830571458,0.11645746497387677,24.686296006396436,0.03523091948933782,-0.05190392117258395,0.06273144921930317,2.4125283332904353
2109,17.494245699999738,249.23440950690653,329.32771237715804,47.42113817912561,62.6602682420534,24.608486294213655,0.19026721981505337,-0.3192984263615912,0.11477612197935372,24.68661545022707,-0.0017941448735539472,-0.056710662867605184,0.05673903628640932,0.39568352422687486
2110,17.498206399999617,249.22857002809383,329.33566649760985,47.420027117726754,62.661781650437845,24.575434136284137,0.19026721981505337,-0.3204094877604504,0.11326271359490647,24.692005232526732,0.002999708272936736,-0.040083194618498144,0.04019528256583257,0.29587018504111307
2111,17.510282499999448,249.23025728363478,329.3333749373908,47.42034814714765,62.66134564164592,24.735202488877924,0.19026721981505337,-0.3200884583395549,0.11369872238682888,24.691965194454568,-0.008344556927707076,-0.04163625184085423,0.04246420960850186,0.27649374978634533
2112,17.51447080000071,249.23340279136767,329.32891105612504,47.42094663415889,62.6604963113679,24.76715615939668,0.19026721981505337,-0.31948997132831636,0.11454805266485124,24.691957186840135,-0.07432941158154821,-0.06546874042852877,0.09905058000515328,0.2710716402249478
2113,17.525843699999314,249.23650087484387,329.32429319371874,47.42153609788866,62.65961768352637,24.77354689350043,0.19026721981505337,-0.31890050759854205,0.11542668050638127,24.691955585317245,-0.0224971260274908,-0.016607870863019833,0.027963226818440448,-0.001092476234045422
2114,17.52943509999932,249.23060349019534,329.32922698495315,47.4204140189074,62.66055642226769,24.608446256141495,0.19026721981505337,-0.3200225865798032,0.11448794176506283,24.69195526501267,-0.0007655754759066345,0.007219904600929972,0.007260380723890411,-1.5102462011260673
2115,17.54226220000055,249.2291634763086,329.3385170733867,47.42014003146868,62.66232402156577,24.575426128669704,0.19026721981505337,-0.32029657401852774,0.1127203424669787,24.691955200951757,-0.020160261929852406,-0.016964144822029213,0.02634802403640616,-1.5914130429590916
2116,17.545474900000045,249.231447058042,329.3358957478389,47.42057452221631,62.66182526924156,24.735200887355035,0.19026721981505337,-0.31986208327089116,0.11321909479119086,24.667702258452074,0.003148416493582426,0.06832320405912527,0.06839570702406646,-0.6647352683971004
2117,17.557371000000785,249.23431821592652,329.33077722065116,47.42112080944465,62.660851381304006,24.7671558390921,0.19026721981505337,-0.31931579604255234,0.11419298272874556,24.662851669952136,0.08177189297809043,0.13711949539981827,0.15965086438826775,-0.6106091316128388
2118,17.56094959999973,249.2374850410422,329.32130361912766,47.421723352455054,62.65904886548049,24.652282181002015,0.19026721981505337,-0.3187132530321506,0.11599549855225888,24.679432211431834,0.14267588254138977,0.25151587123026065,0.289165421410793,-2.1885322270700933
2119,17.573206900000514,249.2426827226629,329.3159826430632,47.42271230088651,62.65803645815801,24.584193313641812,0.19026721981505337,-0.317724304600695,0.1170079058747433,24.682748319727775,0.12114892509280166,0.23221324753528855,0.2619161208899262,-0.3817308638287085
2120,17.57734049999999,249.24883443798996,329.3065499820549,47.42388277065888,62.6562417319725,24.658328836068208,0.19026721981505337,-0.31655383482832633,0.11880263206025177,24.650135784551026,0.0925156351533099,0.19845464725128734,0.21895979028911505,0.1610022133984187
2121,17.58928080000078,249.25056691638224,329.3028643021544,47.42421240450597,62.6555404679047,24.751781428834736,0.19026721981505337,-0.3162242009812317,0.11950389612805168,24.667866207203176,0.050026730998830767,0.097774201034234,0.10982926842291256,0.21521351719154347
2122,17.60524919999989,249.24240552304087,329.3101597400894,47.422659558885094,62.656928550597925,24.604093163208354,0.19026721981505337,-0.31777704660211015,0.11811581343482658,24.704688048569544,0.035567639464998094,0.08612813789568853,0.0931832233531918,-0.31697204853172306
2123,17.60995720000028,249.24131503432466,329.3101525448856,47.422452074628815,62.65692718158651,24.740934294262765,0.19026721981505337,-0.3179845308583893,0.11811718244624103,24.727777514499063,-0.01290474879796098,0.016379188927782538,0.02085210712303362,2.76679815564367
2124,17.621946000001117,249.2418434985714,329.3086172377839,47.42255262405182,62.656635062972704,24.768302520473647,0.19026721981505337,-0.31788398143538643,0.11840930106004777,24.699119650849035,-0.024687009238207255,-0.029815552155775332,0.03870937322511293,1.9913417223659735
2125,17.625604299999395,249.2426279278655,329.3069745609108,47.42270187523275,62.656322515411006,24.773776165715823,0.19026721981505337,-0.31773473025445753,0.11872184862174606,24.726663834954962,-0.0027593201934768695,-0.015360766827504306,0.015606633380043434,-0.36820630755975214
2126,17.637210799999593,249.2407183222984,329.3174815552668,47.422338539890546,62.65832165201573,24.60849211058457,0.19026721981505337,-0.3180980655966579,0.11672271201702245,24.698896914940214,0.0001802439030576244,-0.04576927969535419,0.04576963460304387,-2.00745492440647
2127,17.641301600000588,249.2409847868734,329.3177965973128,47.42238923936442,62.65838159418995,24.74181408373801,0.19026721981505337,-0.3180473661227836,0.11666276984280444,24.660067774101325,-0.019005384827325136,-0.137465260424565,0.1387728448797826,-0.49596710324700877
2128,17.653768899999704,249.23906013104454,329.3277401649532,47.42202304045075,62.66027352915993,24.602099694189008,0.19026721981505337,-0.318413565036451,0.11477083487282158,24.61902618909761,-0.04519043500625862,-0.1711168637603646,0.17698349210940006,-1.9427559643023686
2129,17.65862030000062,249.23682802104238,329.33880912571095,47.42159834308632,62.66237958954955,24.57415681627921,0.19026721981505337,-0.318838262400881,0.11266477448319989,24.644093628932808,-0.03852695127206614,-0.11698139601088023,0.12316238462685977,-0.45983139210316604
2130,17.675598699999682,249.22878555750668,329.3461997789863,47.42006812590893,62.66378578860087,24.56856824069725,0.19026721981505337,-0.32036847957827774,0.11125857543188289,24.649107116899845,-0.02867242966008582,-0.07738336417676064,0.08252450105226769,1.6661793728031755
2131,17.682424000000537,249.22885776632978,329.34266871916066,47.42008186488094,62.66311394366484,24.733829309760544,0.19026721981505337,-0.32035474060626257,0.11193042036791212,24.683385571329193,-0.005525227152168254,-0.0018158955054772344,0.005815978986367621,2.3798783229252405
2132,17.688447099999394,249.23080987004926,329.33686499473157,47.42045328622844,62.66200968515315,24.766881523573204,0.19026721981505337,-0.31998331925876755,0.11303467887960039,24.690241262215057,0.009864359942076146,0.05704907484428094,0.057895617603193464,1.4978569745307289
2133,17.693404999999984,249.23306028611583,329.3309737560071,47.42088146663685,62.660888775539775,24.773491966335737,0.19026721981505337,-0.3195551388503546,0.11415558849297724,24.69161240039223,-0.04911412322302125,0.009393100814297131,0.05000427424604485,6.8067083540882445
2134,17.702210499999637,249.23257003368715,329.337443146033,47.42078818767024,62.66211968839391,24.608435270708554,0.19026721981505337,-0.31964841781696407,0.11292467563884401,24.69827768868185,-0.04079601592679484,0.015239124000440477,0.04354934920064936,6.044392400448817
2135,17.705664299999626,249.22558101550186,329.3432719193207,47.419458406610886,62.663228712882294,24.575423931583117,0.19026721981505337,-0.3209781988763183,0.111815651150458,24.790976102785088,-0.05798058177470157,0.04291637940990378,0.07213572959766658,5.873072604889234
2137,17.72097770000073,249.22909038298792,329.33299700594387,47.420126124205765,62.66127373368023,24.76715575120864,0.19026721981505337,-0.3203104812814388,0.11377063035251922,24.809515785605736,-0.052046601131939436,0.08107796547311318,0.09634565467444046,7.839414353218732
2138,17.734143499999846,249.22741190849112,329.3107349082243,47.41980676552973,62.65703798623988,25.230373594089386,0.19026721981505337,-0.3206298399574763,0.1180063777928737,24.813223722169866,-0.04964633756912387,0.08153650825975733,0.09546183013760462,9.203322370927307
2139,17.737508800000796,249.22946421369505,329.30336121729044,47.42019725193509,62.65563501456612,24.866190380438972,0.19026721981505337,-0.3202393535521111,0.11940934946662907,24.847241066318627,0.0485353110382402,0.14794588363800548,0.15570376007986764,4.723786258206065
2140,17.749622299999828,249.22955385859956,329.31211502356086,47.42021430842185,62.657300576947996,24.626974953529203,0.19026721981505337,-0.32022229706535654,0.11774378708475552,24.93901883093951,0.02840305737802276,0.14165703875703173,0.14447646970296044,6.137683318846097
2141,17.753754700001082,249.23185364409323,329.31187732766756,47.420651882213896,62.65725535121121,24.745510652326935,0.19026721981505337,-0.3197847232733082,0.11778901282153953,24.957374383863687,0.041403070639486096,0.26060577143699903,0.2638741790411704,12.827721648268138
2142,17.765232300000207,249.22841171424596,329.3060729696122,47.41999699579106,62.65615097214121,25.226044574313047,0.19026721981505337,-0.3204396096961446,0.11889339189153958,25.052410850893835,0.007654975870126075,0.19841718994003174,0.19856480030274964,12.636858241754144
2143,17.76880279999932,249.22917629281932,329.28887480978585,47.42014247003054,62.65287872608511,25.32215135871027,0.19026721981505337,-0.3202941354566633,0.12216563794763857,25.17285033424127,-0.03274671777328459,0.22729160439408044,0.22963845704271382,12.39795750328792
2144,17.781415200000993,249.22568243990406,329.2818515759816,47.419477704349916,62.651542434915065,25.341372715589713,0.19026721981505337,-0.3209589011372884,0.12350192911768687,25.288303587356072,-0.06549683143681388,0.2311803229217963,0.24027937205363348,10.092459250173048
2145,17.785033300000578,249.22186784508344,329.2817208285657,47.418751911998676,62.65151755796775,25.229172370266383,0.19026721981505337,-0.32168469348852824,0.12352680606500144,25.311394237979034,-0.07158018714092416,0.3571844499853213,0.3642862260674238,7.521346200307195
2146,17.79727599999933,249.21814472616344,329.2797655342899,47.418043524512726,62.651145529561965,25.322776917900935,0.19026721981505337,-0.3223930809744786,0.12389883447078631,25.224647011658313,-0.06884981803224813,0.17159131863996538,0.1848888262596629,1.1016321479532776
2147,17.801067899999907,249.21640141591587,329.26529203054514,47.41771182971864,62.64839169624347,25.341497827427848,0.19026721981505337,-0.3227247757685632,0.12665266778927986,25.207297566394168,-0.06221111138364851,0.1488796092427209,0.16135476574261445,-0.6725376701053867
2148,17.813153600000078,249.21985657956492,329.26602240949177,47.418369234100155,62.64853066341506,24.888415227106666,0.19026721981505337,-0.32206737138704966,0.12651370061769285,25.22703660068118,-0.04822821735132728,0.1388665457147286,0.14700298795476122,-1.9003175318030032
2149,17.829168300000674,249.21821411437367,329.2666627679003,47.41805672681457,62.64865250262913,25.254625489268992,0.19026721981505337,-0.32237987867263485,0.12639186140361858,25.231570343958047,-0.05635234747466569,0.13140285941445864,0.14297656636037057,-0.4808884872726774
2150,17.832898500000738,249.21565200881804,329.2675095030102,47.41756924211363,62.64881360856442,25.32786754170146,0.19026721981505337,-0.32286736337357524,0.12623075546833462,25.23247709261342,-0.045363336463663625,-0.01709832114900582,0.04847870544094689,0.43476171188466023
2152,17.84864539999944,249.20750138287536,329.2680830982106,47.416018445175766,62.64892274492849,25.345445634285248,0.19026721981505337,-0.32441816031143844,0.12612161910426067,25.232658442344494,-0.007616576120364225,-0.06568768694297712,0.06612778877080247,-1.0869892543527235
2153,17.861350799999855,249.20532917262312,329.26916921205265,47.41560514477022,62.649129396789625,25.34603157070471,0.19026721981505337,-0.324831460716986,0.12591496724312634,25.232694712290705,0.007576906975117011,-0.07525392174712595,0.07563439863998478,-1.2253864152750975
2154,17.865233599999556,249.21029072821437,329.27436169998583,47.416549166158525,62.6501173570326,24.889321975762037,0.19026721981505337,-0.32388743932867925,0.12492700700015291,25.209493042940107,0.03235258441992419,-0.11606051572310733,0.12048540587374873,-1.3277809344338414
2155,17.878015300000698,249.2140831495829,329.27808596943004,47.41727073962868,62.65082596342559,25.254806839000068,0.19026721981505337,-0.32316586585852747,0.1242184006071625,25.204266772650527,0.06382572733221169,-0.08568895835076967,0.10684718551616498,0.11164643735899027
2156,17.881902600000103,249.2139440662043,329.283136909838,47.41724427662091,62.65178699181446,25.211859194948453,0.19026721981505337,-0.32319232886629123,0.12325737221829058,25.203221518592613,0.06390588808446172,-0.07202524377571742,0.09628913891408142,1.0151572794722252
2157,17.894548000000214,249.21785750702958,329.27350486954936,47.41798887612665,62.64995433028759,25.31931428283735,0.19026721981505337,-0.32244772936055455,0.1250900337451597,25.29437782422634,0.009576680637181253,-0.024565000584695743,0.026365736586575095,2.2771026247570543
2158,17.89858110000023,249.21717647392535,329.27240148594205,47.4178592978513,62.649744392556244,25.34080530041513,0.19026721981505337,-0.3225773076359033,0.12529997147650818,25.31260908535309,-0.04420169635868216,-0.011046770177440485,0.04556117966359436,-2.8551684965144735
2159,17.909490600000936,249.2155413718993,329.27338449013786,47.41754819153469,62.64993142603164,25.345103503930687,0.19026721981505337,-0.3228884139525121,0.12511293800110934,25.316255337578433,-0.042240349219509137,0.03580849391473907,0.055375945487440584,-2.8716194296680295
2160,17.91424360000019,249.21023452510371,329.2730809247806,47.416538472548915,62.649873667495086,25.345963144633796,0.19026721981505337,-0.3238981329382895,0.12517069653766555,25.192343474742255,-0.02888496713409643,-0.15450150005238064,0.15717841723587117,-4.354110568299718
2161,17.925910699999804,249.21041843352202,329.2738747844178,47.41657346429236,62.65002471296118,25.2300904560752,0.19026721981505337,-0.32386314119484183,0.1250196510715753,25.18824664093192,-0.02558519505760306,-0.17216789179400663,0.17405856822037913,-5.260132722338716
2162,17.92993109999952,249.2130736635563,329.2909189524521,47.417078667528955,62.65326765942713,24.699754968656446,0.19026721981505337,-0.3233579379582494,0.1217767046056224,25.187427274169853,-0.023271389024563896,-0.16536215847748698,0.16699161956058187,-4.921889273514996
2164,17.946821999999884,249.21168613015635,329.29413954207223,47.41681466540655,62.65388043206032,25.32032113136345,0.19026721981505337,-0.32362194008065615,0.12116393197243269,25.18726340081744,-0.011166037293257113,-0.09637448533060682,0.09701918269895783,7.67684694731425
2165,17.95826450000095,249.2106668938672,329.29312411891647,47.41662073815147,62.653687230319534,25.34100667012035,0.19026721981505337,-0.32381586733573187,0.12135713371321799,25.2104395494868,-0.014781441994196325,-0.0879848944528848,0.08921789438959579,7.830263292693682
2166,17.961765699999887,249.20787149641603,329.2865531244557,47.41608886565016,62.65243698547206,25.34514377787173,0.19026721981505337,-0.32434773983704446,0.12260737856069426,25.339715892501925,-0.0432434338174062,0.07878837865298458,0.08987548708678282,7.913171438877949
2167,17.974194800000987,249.2068865447583,329.28465860582094,47.415901461636594,62.65207652067854,25.345971199422006,0.19026721981505337,-0.32453514385061055,0.12296784335421052,25.34488562234805,-0.040883555519185925,0.08743400495851959,0.09652031047907371,7.91907138620701
2168,17.979101099999752,249.20645720137512,329.2839560943263,47.41581977166473,62.65194285576957,25.346136683732063,0.19026721981505337,-0.32461683382247486,0.12310150826318278,25.34591956831727,-0.038175567068383084,0.08606173169339164,0.09414879491027989,7.515687557510402
2169,17.989548800000193,249.20624686870315,329.2835744728003,47.415779752252,62.65187024570279,25.34616978059407,0.19026721981505337,-0.3246568532352043,0.12317411832996328,25.3461264104661,-0.007749584104469655,0.01550252795822172,0.0173316019711882,0.13110189459457638
2170,17.99440119999963,249.20615995325977,329.2833188501337,47.41576321509223,62.6518216090887,25.346176399966474,0.19026721981505337,-0.32467339039497745,0.12322275494405233,25.346167778895857,-0.004417565442575647,0.010167913621782479,0.011086088212686578,0.0479448907839395
2172,18.010616600000503,249.2061785685509,329.2829528657554,47.41576675697192,62.651751974258545,25.34617798861585,0.19026721981505337,-0.3246698485152848,0.12329238977420687,25.34617605258181,3.577435779171805e-05,0.005630522567067168,0.0056306362147565585,-1.0856271127522068
2173,18.021462599999722,249.2062687632315,329.2828201256185,47.415783918063035,62.65172671816174,25.34617804157083,0.19026721981505337,-0.32465268742416953,0.1233176458710119,25.346177707319,0.012345604859487089,-0.0008080866486496543,0.012372023414879113,-1.7613688775784957
2174,18.025715499999933,249.2063943087278,329.2827182760335,47.415807805255575,62.65170733952436,25.346178052161825,0.19026721981505337,-0.3246288002316291,0.12333702450839468,25.322969114926597,0.01055821268561073,-0.021312372520240284,0.023784303175751954,-1.8659651749182453
2175,18.038117300000522,249.21015646902765,329.2843636510396,47.416523621036326,62.65202040045232,25.346178054280024,0.19026721981505337,-0.3239129844508781,0.12302396358042955,25.28131257298532,-0.05479047996185053,-0.12064627550887946,0.1325047942099243,-1.9444021230909583
2176,18.054311699999744,249.20910573712996,329.29223654264274,47.41632370119938,62.65351835364956,25.230133438004444,0.19026721981505337,-0.3241129042878228,0.12152601038319233,25.272981264597068,-0.05886731048538994,-0.12212998538085362,0.1355768917364269,-1.9507927779341043
2177,18.058565900000758,249.20180493770044,329.30324559806303,47.4149345983895,62.65561301601716,25.137895278909486,0.19026721981505337,-0.32550200709770394,0.11943134801558841,25.271315002919422,-0.05616052976578079,-0.10617079492675331,0.12010929522294207,0.03770578554948123
2178,18.069045300000653,249.20076938017706,329.30352593809,47.41473756573857,62.6556663555347,25.30452149962956,0.19026721981505337,-0.3256990397486348,0.11937800849805313,25.27098175058389,-0.06475282144026259,-0.09172191942605201,0.11227572483699987,1.4586622241120124
2179,18.074204800001098,249.2012886890384,329.30123854018655,47.41483637319184,62.655231138695,25.33784674377357,0.19026721981505337,-0.32560023229536483,0.11981322533775085,25.294124023456625,-0.05315319513052218,-0.046232522873790725,0.07044649262993119,1.9990052609031848
2180,18.085321900000054,249.20215093812874,329.2984923132693,47.41500043092905,62.65470862173448,25.344511792602376,0.19026721981505337,-0.3254361745581562,0.12033574229827337,25.335767248538986,0.014863998255181976,0.059990620083089016,0.06180463527991712,2.1046550308870207
2181,18.08912969999983,249.20306459000093,329.29579159638376,47.41517426893065,62.654194763841154,25.345844802368134,0.19026721981505337,-0.32526233655655545,0.12084960019159752,25.344095893555455,0.026188935326153406,0.08230758816727599,0.08637360362652097,2.127791152505291
2182,18.101326199999676,249.20393387210962,329.29330825065847,47.415339664820706,62.65372226455416,25.346111404321285,0.19026721981505337,-0.32509694066649786,0.12132209947858996,25.345761622558754,-0.01921507416395013,0.09211641649036426,0.09409916717034406,1.2317763701174516
2183,18.10529789999964,249.20472339722662,329.2910852413755,47.41548988556969,62.65329929875828,25.346164724711915,0.19026721981505337,-0.3249467199175129,0.12174506527447448,25.346094768359414,-0.03161552205832209,0.1039256779211393,0.10862820888879937,0.48318513227852294
2184,18.117875800000547,249.1909818746973,329.2822668547775,47.41287532428201,62.651621448857014,25.346175388790044,0.19026721981505337,-0.3275612812051918,0.12342291517573756,25.346161397519545,-0.034176662202423005,0.07970604185816421,0.08672426043497837,0.0457819954485214
2185,18.122447199999442,249.18984675651612,329.27971893537404,47.41265934850152,62.6511366633158,25.346177521605668,0.19026721981505337,-0.3277772569856836,0.12390770071694845,25.34617472335157,-0.011357573298767163,0.07447404201312308,0.0753351007499777,0.01849588845599065
2186,18.13339839999935,249.19173735441223,329.27892173823807,47.413019067307,62.6509849828331,25.346177948168794,0.19026721981505337,-0.3274175381802067,0.12405938119965043,25.34617738851798,-0.022376369034329352,0.05836813894163306,0.06251033142345572,-0.5815372203460191
2187,18.13710490000085,249.1942241640425,329.27867666258686,47.413492225661564,62.6509383529703,25.34617803348142,0.19026721981505337,-0.3269443798256404,0.12410601106245167,25.34617792155126,0.03836174902586857,0.03262865730191212,0.05036122581559499,-0.9902471678297895
2188,18.1497973000005,249.19307203222155,329.2769445562717,47.413273012743126,62.65060878991729,25.346178050543944,0.19026721981505337,-0.32716359274407836,0.12443557411545925,25.309163257650102,0.04694584045549604,-0.02829827080434192,0.0548151809865548,-1.015291764943172
2189,18.153429300000425,249.19490115624876,329.27685485244683,47.41362103508648,62.65059172221993,25.34617805395645,0.19026721981505337,-0.3268155704007256,0.12445264181282312,25.30176032486987,0.04093222480694094,0.001016314357473163,0.04094483999870017,-1.030491366391493
2190,18.165534699999625,249.19462601538055,329.28948959201796,47.41356868479843,62.65299569899121,25.161104202099885,0.19026721981505337,-0.3268679206887768,0.12204866504153955,25.300279738313826,0.032979569344617723,-0.0029906624272491274,0.03311489175446915,-1.0314855368934333
2191,18.169443599999795,249.19468311517326,329.28619380913733,47.41357954901724,62.6523686195454,25.309163284267637,0.19026721981505337,-0.32685705646996155,0.12267574448735274,25.299983621002614,0.062333502572561164,-0.003935519866814284,0.062457616505799986,1.3794827283944135
2192,18.18171269999948,249.2003507714691,329.286674489882,47.41465791822351,62.652460077334304,25.338775100701188,0.19026721981505337,-0.32577868726369275,0.1225842866984479,25.299924397540373,0.04912609696927869,-0.002859562064885372,0.04920925216499337,1.9143030503206677
2193,18.185761799999455,249.20310664428328,329.2862224554783,47.415182270482035,62.65237407000505,25.3446974639879,0.19026721981505337,-0.32525433500516954,0.12267029402769936,25.336927323355734,0.06290327358213862,0.04257308229156008,0.07595583692615944,2.0114226835349602
2194,18.1974007000008,249.20492857757472,329.2856059068383,47.41552892466409,62.65225676100945,25.345881936645238,0.19026721981505337,-0.3249076808231166,0.12278760302330483,25.34432790851881,0.06586404953246507,0.012238100596330879,0.06699137352690215,2.0315955537060866
2195,18.201474900000903,249.20631103233313,329.28499400600646,47.41579196048749,62.652140336339365,25.346118831176707,0.19026721981505337,-0.3246446449997151,0.12290402769338726,25.345808025551424,0.05619882661791147,0.01788838041787977,0.0589771334264803,2.0354002890935785
2196,18.213264100000742,249.20740051198953,329.2844519316774,47.415999252752755,62.65203719736384,25.346166210083002,0.19026721981505337,-0.3244373527344493,0.12300716666891276,25.346104048957947,0.03225679957411018,0.014787412634894696,0.03548476703036048,0.20787291611918496
2197,18.217435500000647,249.20826797467709,329.2839959785248,47.41616430246661,62.651950444425125,25.34617568586426,0.19026721981505337,-0.3242723030205923,0.12309391960762639,25.346163268800503,0.028498312651277717,0.014297460843915265,0.03188371387641763,0.08073524109657167
2198,18.2303265999999,249.20893115992902,329.2836073320335,47.41629048488072,62.65187649773774,25.346177581020513,0.19026721981505337,-0.3241461206064855,0.12316786629501308,25.346175113375462,0.016354771804711978,0.009390561434564466,0.018858982073286228,0.00808265393272893
2200,18.24505710000085,249.20978213548386,329.2830166722414,47.41645239763367,62.65176411454124,25.34617803585801,0.19026721981505337,-0.32398420785353466,0.12328024949151484,25.346177482290454,0.013265974477768993,0.008971867526757014,0.01601500814119354,0.003065700207757418
2202,18.26241900000059,249.21013286784273,329.28264787734224,47.41651913050449,62.651693944961096,25.346178054051514,0.19026721981505337,-0.3239174749827143,0.12335041907165589,25.34617795607345,0.00527512825465386,0.00514605143674948,0.007369452048335674,0.00022643846338982947
2203,18.266218000000663,249.21017558146264,329.2825149966793,47.416527257506196,62.65166866212679,25.346178054657962,0.19026721981505337,-0.323909347981008,0.12337570190596381,25.34617805083005,0.0031394204502624445,0.004114248325152771,0.005175229467815744,4.267676137001581e-05
2204,18.27783989999989,249.21015192759222,329.2824131119628,47.41652275695004,62.65164927680504,25.34617805477925,0.19026721981505337,-0.32391384853716687,0.12339508722771342,25.346178054620122,-1.4539437440816254e-05,0.0028917192946058454,0.002891755846200855,1.0514740731545504e-05
2205,18.293779800000266,249.21007734957385,329.2823647526001,47.41650856719782,62.65164007560354,25.34617805480351,0.19026721981505337,-0.323928038289381,0.1234042884292137,25.346178054771688,-0.0012459189209605506,0.0021118949923371404,0.0024520225154484603,-0.3974488480952257
2206,18.298167900000408,249.20996715233485,329.2823297745758,47.416487600275524,62.65163342043211,25.346178054808362,0.19026721981505337,-0.3239490052116807,0.1234109436006392,25.346178054802003,-0.003012996127235048,0.0006090739235226728,0.0030739415588212963,-0.5999043192851758
2207,18.30984669999998,249.20982516210717,329.28232103006974,47.416460584189664,62.651631756639254,25.346178054809332,0.19026721981505337,-0.3239760212975398,0.12341260739349735,25.32296913146822,-0.008774211629703845,-0.02456533613032653,0.026085293345461082,-1.5067778155579337
2208,18.31443229999968,249.20966377954045,329.28234173212684,47.416429878377365,62.6516356955621,25.346178054809528,0.19026721981505337,-0.3240067271098397,0.12340866847065257,25.31832734680146,-0.011838732789992909,-0.03335455180477949,0.03539324399049304,-2.011593069079015
2209,18.32625619999999,249.20784959967028,329.2900602255122,47.416084699417226,62.653104271839695,25.230133438110343,0.19026721981505337,-0.3243519060699782,0.12194009219305713,25.26471344299311,-0.008946338478202556,-0.05887207108382269,0.05954794476608945,-2.0489280080900705
2210,18.33050440000079,249.2074876074371,329.2910285451476,47.41601582416142,62.65328851132461,25.322969131469726,0.19026721981505337,-0.32442078132578445,0.12175585270814082,25.253990662231438,-0.006632572229904983,-0.05867051109330023,0.05904421975379107,-0.24538731134269587
2211,18.341992600000594,249.20807231079482,329.2986406201736,47.416127074043715,62.654736839676836,25.078108535766603,0.19026721981505337,-0.3243095314434896,0.12030752435591552,25.251846106079107,0.05018709498876364,-0.07909898502093629,0.09367707262053766,0.03042166202525383
2212,18.345232800000304,249.20822993072605,329.2986210315082,47.41615706394982,62.654733112595935,25.29256415100098,0.19026721981505337,-0.32427954153738625,0.1203112514368172,25.27462611818848,0.08050391756089537,-0.041980968341211344,0.09079252417196708,4.049314100629061
2213,18.357653999999457,249.22633955665611,329.30534526031846,47.41960273212742,62.65601251291706,25.335455274047856,0.19026721981505337,-0.3208338733597813,0.11903185111569314,25.279182120610358,0.07869886381347252,-0.024689710916011645,0.08248086439076471,4.7236347124171205
2214,18.36109849999957,249.22855525659566,329.3042339591226,47.420024307194865,62.655801068728145,25.344033498657232,0.19026721981505337,-0.3204122982923394,0.11924329530460653,25.332778867969733,0.05300979449872691,0.029650519478044278,0.0607387159735464,4.8669575326051815
2215,18.373746299999766,249.22687758368016,329.3013697690775,47.41970510103347,62.65525610725124,25.345749143579106,0.19026721981505337,-0.32073150445373244,0.11978825678151139,25.343498217441606,0.04259791206075435,0.039097119849124215,0.05782012532356311,3.468324503772631
2216,18.377791799999613,249.22435245256065,329.2982733504725,47.41922465135569,62.65466696029189,25.34609227256348,0.19026721981505337,-0.32121195413151327,0.1203774037408607,25.345642087335982,-0.035294373597933845,0.08415174991656893,0.09125354689923723,3.3991188882613494
2217,18.38929670000107,249.22176423008352,329.29534775656344,47.418732197460706,62.6541103156725,25.346160898360356,0.19026721981505337,-0.32170440802649836,0.12093404836025456,25.346070861314857,-0.06672037883427928,0.07921243940470368,0.1035674635599115,0.28738323649570496
2218,18.393426599999657,249.21933189614393,329.2926937506643,47.41826940404436,62.653605345348694,25.34617462351973,0.19026721981505337,-0.32216720144284494,0.12143901868405749,25.34615661611063,-0.07854232313505663,0.08792576039511028,0.1178975651339331,0.11803212891081166
2219,18.40553220000038,249.21712163980746,329.29035941178716,47.41784886471614,62.65316119718044,25.346177368551604,0.19026721981505337,-0.32258774077106267,0.1218831668523137,25.346173767069786,-0.06058165233481982,0.06455982545702875,0.08853308795393391,0.012056325130243935
2220,18.409979699999894,249.21515000834054,329.2883338715015,47.41747372787843,62.65277580326166,25.34617791755798,0.19026721981505337,-0.3229628776087736,0.12226856077109005,25.346177197261618,-0.22561104869316984,0.14382971241455503,0.26755808989018715,0.004608963722542345
2221,18.421339099999386,249.21342113855974,329.2866144126996,47.417144780631816,62.65244864661583,25.346178027359255,0.19026721981505337,-0.32329182485538865,0.12259571741692099,25.34617788329998,-0.21448849503991757,0.12663206270063945,0.2490802959053715,0.0004565578119899607
2222,18.42562589999943,249.19386584372197,329.27659439907336,47.41342404905037,62.65054216648066,25.346178049319512,0.19026721981505337,-0.32701255643683425,0.12450219755208991,25.346178020507658,-0.23077975334127449,0.133794004887566,0.266758561804703,0.0001734266230493707
2223,18.43732160000036,249.19039608739533,329.27436405386993,47.41276386816066,62.65011780489958,25.34617805371156,0.19026721981505337,-0.32767273732654445,0.12492655913317208,25.346178047949188,-0.2095722433854192,0.11560529174614553,0.23934307735405425,1.9194324786393275e-05
2224,18.442208800001026,249.18741149133126,329.2725018411042,47.41219599736528,62.64976348685394,25.34617805458997,0.19026721981505337,-0.32824060812192357,0.12528087717880965,25.346178053437498,-0.18050417364830074,0.10137208968885872,0.2070218763134513,7.127523013312962e-06
2225,18.453030900000158,249.18864517019608,329.2727458216042,47.412430726013035,62.64980990834536,25.34617805476565,0.19026721981505337,-0.32800587947416915,0.12523445568739078,25.34617805453516,-0.0022263498146336104,0.01050946776519533,0.010742697343069795,7.265698410766259e-07
2226,18.45669699999962,249.19088764142597,329.27356212678774,47.412857394779465,62.64996522446316,25.346178054800788,0.19026721981505337,-0.3275792107077393,0.1250791395695927,25.34617805475469,0.020329758739516056,-0.001700184701309745,0.020400728379778434,2.575347060765189e-07
2227,18.476205000000846,249.19329075801275,329.27454440132584,47.41331462909132,62.65015211910862,25.346178054807815,0.19026721981505337,-0.3271219763958868,0.12489224492413342,25.346178054798596,0.056381126530326675,-0.022027696282273287,0.060531403687117506,3.2989722069378083e-08
2228,18.48407059999954,249.19561959502076,329.27556816820254,47.413757730434234,62.650346908385984,25.346178054809222,0.19026721981505337,-0.3266788750529699,0.12469745564676771,25.34617805480738,0.06722138192460039,-0.028526285589325854,0.07302371640348615,1.2718399053348974e-08
2229,18.49052440000014,249.19779253303253,329.2765565317967,47.41417116930857,62.65053496157921,25.346178054809503,0.19026721981505337,-0.32626543617863746,0.12450940245354047,25.346178054809133,0.033507149698406936,-0.015339743751295761,0.036851551110731684,7.441338453845925e-10
2230,18.495472799999334,249.19976627901008,329.2775131563867,47.414546708468336,62.65071697588036,25.34617805480956,0.19026721981505337,-0.32588989701886817,0.12432738815239475,25.346178054809485,0.031647801131907995,-0.014981649518234864,0.03501475601474361,2.9420586843346423e-10
2231,18.502226900000096,249.1979136766861,329.27667656790527,47.414194218974735,62.65055780051587,25.34617805480957,0.19026721981505337,-0.32624238651246884,0.12448656351688214,25.346178054809556,-0.08717696150695375,0.08305838694167061,0.12040979303585392,7.107811946243788e-11
2232,18.517243899999812,249.19902981077308,329.2772913953943,47.4144065827044,62.650674782032866,25.346178054809574,0.19026721981505337,-0.3260300227828026,0.12436958199988624,25.34617805480957,-0.11095757659135416,0.09548666537990781,0.1463874552972375,1.6748468872786112e-11
2233,18.52115760000015,249.18796774932412,329.2677176242392,47.41230183502708,62.64885320721204,25.346178054809574,0.19026721981505337,-0.3281347704601245,0.1261911568207097,25.346178054809574,-0.10285337496562356,0.08656298930557962,0.1344320194720627,2.5330192624646477e-12
2234,18.533372699999745,249.1844469239033,329.26559883965353,47.411631937362806,62.648450071959545,25.346178054809574,0.19026721981505337,-0.32880466812439835,0.12659429207320727,25.346178054809577,-0.08224936130866436,0.07485786823750619,0.11121446791109084,4.289854587605014e-13
2235,18.53700299999946,249.18666806642506,329.2671519682142,47.41205454797524,62.6487455814128,25.346178054809574,0.19026721981505337,-0.32838205751196625,0.12629878261995486,25.346178054809577,-0.049758862455520865,0.05189516546852347,0.07189612362202064,2.3972189459361456e-13
2236,18.54970499999945,249.1900614868211,329.2694857459598,47.412700204639656,62.64918962281612,25.346178054809574,0.19026721981505337,-0.32773640084754874,0.1258547412166351,25.346178054809577,0.0675022630375633,-0.047947579830268455,0.08279810340081681,5.816921153193411e-14
2237,18.553380999999717,249.19347331848263,329.2718544687165,47.41334936436437,62.64964031310955,25.346178054809574,0.19026721981505337,-0.3270872411228325,0.12540405092320128,25.346178054809577,0.09047237410874484,-0.06310174107591468,0.11030448859264279,0.0
2238,18.565612500000498,249.19659220657377,329.2740259340737,47.413942786530384,62.65005347178598,25.346178054809574,0.19026721981505337,-0.32649381895681984,0.12499089224677107,25.346178054809577,0.08577029078908481,-0.06017042312277525,0.10477128710108496,0.0
2240,18.58191970000007,249.20173536953928,329.27769142495674,47.41492136184889,62.65075089454556,25.346178054809574,0.19026721981505337,-0.3255152436383142,0.124293469487192,25.346178054809577,0.08351164935272676,-0.058934030573739964,0.1022125996992509,0.0
2241,18.58606990000044,249.20376178427935,329.2791472825087,47.41530692214768,62.651027896514414,25.346178054809574,0.19026721981505337,-0.32512968333952585,0.12401646751833795,25.346178054809577,0.051637566183620705,-0.03703574830901343,0.06354592743973764,0.0
2243,18.600957799999378,249.20685551862195,329.2813989604058,47.41589555837989,62.65145631700781,25.346178054809574,0.19026721981505337,-0.3245410471073171,0.12358804702493842,25.346178054809577,0.05125360424269892,-0.037425082394890716,0.06346312898157136,0.0
2244,18.61328599999979,249.20797150905003,329.2822485438124,47.416107894775976,62.65161796488059,25.346178054809574,0.19026721981505337,-0.32432871071122804,0.1234263991521587,25.346178054809577,0.09614883176555675,-0.05643644383682279,0.11148843008504598,0.0
2245,18.616855199999918,249.20884559943048,329.2829187033359,47.416274205522534,62.65174547426996,25.346178054809574,0.19026721981505337,-0.32416239996467056,0.12329888976279335,25.346178054809577,0.06843532443726208,-0.0401731396667021,0.07935537021218964,0.0
2246,18.62937779999993,249.22756921846113,329.2919897466347,47.41983669646037,62.65347139645925,25.346178054809574,0.19026721981505337,-0.3205999090268321,0.12157296757349911,25.346178054809577,0.05477674241407943,-0.03206031205641216,0.0634693242334668,0.0
2247,18.633238899999924,249.22664251823832,329.29169403089696,47.41966037578538,62.65341513144797,25.346178054809574,0.19026721981505337,-0.32077622970182773,0.12162923258478031,25.346178054809577,0.03177005179570083,-0.021120385909798572,0.03814979543956077,0.0
2248,18.64514600000075,249.22484300260646,329.2909563446383,47.41931798694909,62.653274773934434,25.346178054809574,0.19026721981505337,-0.3211186185381152,0.12176959009831734,25.346178054809577,0.016283368167345734,-0.011201145262650074,0.01976395036596471,0.0
2249,18.64902649999931,249.2228481713059,329.2901081657494,47.41893843594354,62.65311339329534,25.346178054809574,0.19026721981505337,-0.3214981695436663,0.12193097073740944,25.346178054809577,-0.05988735488525887,0.025059050121199283,0.06491880519641222,0.0
2250,18.661353499999677,249.2208502874554,329.2892094755194,47.41855830413778,62.6529424020038,25.346178054809574,0.19026721981505337,-0.32187830134942175,0.12210196202894963,25.346178054809577,-0.056351131045712176,0.02476187749211502,0.061551608809725995,0.0
2251,18.66514140000072,249.21893174910994,329.28834393382124,47.418193269180684,62.65277771779126,25.346178054809574,0.19026721981505337,-0.3222433363065207,0.12226664624149208,25.346178054809577,-0.06817173201917552,0.030789259893324726,0.07480216287830838,0.0
2252,18.67727250000098,249.21714748805874,329.28750956743966,47.41785378279105,62.65261896521953,25.346178054809574,0.19026721981505337,-0.32258282269615535,0.12242539881322045,25.346178054809577,-0.05304913536884721,0.024577101698998707,0.05846575657002311,0.0
2253,18.68081600000005,249.21551123724907,329.28672877125445,47.41754245789858,62.65247040530013,25.346178054809574,0.19026721981505337,-0.32289414758862733,0.12257395873262311,25.346178054809577,-0.20246204534798645,0.09560194017092989,0.22389866183373267,0.0
2254,18.6934454000002,249.21403787400953,329.2860300321691,47.417262125171206,62.652337458156985,25.346178054809574,0.19026721981505337,-0.3231744803159984,0.12270690587576638,25.346178054809577,-0.13570676207244683,0.06451602171385033,0.15026191243947914,0.0
2255,18.69730030000028,249.19827722973287,329.2785540168313,47.41426339120219,62.65091501750337,25.346178054809574,0.19026721981505337,-0.32617321428501356,0.12412934652937935,25.346178054809577,-0.10025849976070461,0.04802731008292073,0.11116829263809094,0.0
2256,18.70945010000105,249.21343725787267,329.28570295733283,47.417147847608675,62.65227522653721,25.346178054809574,0.19026721981505337,-0.3232887578785295,0.12276913749553842,25.346178054809577,-0.11945344739937884,0.0694116141180703,0.13815606490513568,0.0
2257,18.712720499999705,249.21600274708535,329.2868950996848,47.417635976108635,62.652502052148144,25.346178054809574,0.19026721981505337,-0.3228006293785697,0.12254231188460807,25.346178054809577,-0.1216971723631667,0.07187435467403075,0.14133691881811586,0.0
2258,18.72641239999939,249.2027738801307,329.2761839189642,47.41511895637187,62.650464065571505,25.346178054809574,0.19026721981505337,-0.325317649115334,0.12458029846124674,25.346178054809577,0.01589771292859841,-0.042976425503241225,0.04582259732267223,0.0
2259,18.741855199999918,249.2000617561655,329.2743300983934,47.414602928085216,62.65011134428546,25.346178054809574,0.19026721981505337,-0.3258336774019881,0.12493301974728865,25.346178054809577,-0.030110719789258108,-0.024791418938546333,0.03900346009283963,0.3098080239383503
2260,18.745541599999342,249.19831942463708,329.2783069508679,47.414271419509305,62.650868008949395,25.346178054809574,0.19026721981505337,-0.32616518597789934,0.12417635508335678,25.346178054809577,-0.048981252691169284,-0.018289770728917243,0.05228459456199824,0.5241017197910164
2261,18.757643900000403,249.1987879250069,329.2796444867404,47.414360559772156,62.65112249818126,25.346178054809574,0.19026721981505337,-0.3260760457150482,0.1239218658514929,25.364925003051766,-0.018383513152333854,-0.05945719099167671,0.06223432426276318,0.5352279177896778
2262,18.761143199999424,249.19979768925953,329.28032219346244,47.41455268480917,62.65125144355512,25.346178054809574,0.19026721981505337,-0.32588392067803085,0.12379292047763357,25.368674392700203,-0.004696052842603152,-0.0725586002268954,0.07271040764008235,0.5433683680825013
2263,18.77462270000069,249.19761253876996,329.28435972317027,47.41413692230064,62.652019653107544,25.43991279602051,0.19026721981505337,-0.3262996831865621,0.12302471092520761,25.36942427062989,0.017765357542650486,-0.03158615216732254,0.03623938378829671,0.5439007438801178
2264,18.778307399999903,249.19829076896983,329.28518600012853,47.41426596727517,62.65217686652719,25.364925003051763,0.19026721981505337,-0.32617063821203374,0.1228674975055597,25.369574246215826,0.2053056544630855,-0.10855653396759923,0.23223895629625618,-0.7223221417836094
2265,18.78957579999951,249.1996161797913,329.2852094638993,47.41451814950728,62.65218133091363,25.34992744445801,0.19026721981505337,-0.32591845597992375,0.12286303311912405,25.369604241333015,0.2016480651643857,-0.10281723146869261,0.22634779714286385,-0.9775126171625893
2266,18.79349480000019,249.21908205398103,329.2935695168537,47.41822186727063,62.653771974946764,25.346927932739263,0.19026721981505337,-0.322214738216573,0.1212723890859877,25.350863292114262,0.1960656636108271,-0.10508144004540439,0.22244966506868455,-1.0097164878749583
2267,18.811824800000977,249.22260956378824,329.2943549036275,47.41889303675452,62.65392140830469,25.34632803039551,0.19026721981505337,-0.32154356873268597,0.12112295572806175,25.347115102270514,0.29090240397218226,-0.14347059604027823,0.3243578587994245,-1.0227537322796627
2268,18.818937899999582,249.22041298054666,329.2969087332311,47.41847509896805,62.65440731836325,25.346208049926762,0.19026721981505337,-0.3219615065191519,0.12063704566950406,25.346365464301762,0.291915170579683,-0.13753837632099838,0.3226937739956908,-0.24988985477716397
2269,18.825061400000777,249.23680109059563,329.3044594220773,47.42159321910509,62.6558439669377,25.346184053833014,0.19026721981505337,-0.3188433863821132,0.11920039709504948,25.346215536708012,0.08957805625336833,-0.04484750780517008,0.10017747809995224,0.79175610733443
2270,18.829901600000085,249.23749922284424,329.3037149531756,47.4217260507871,62.65570231890954,25.346179254614263,0.19026721981505337,-0.3187105547001039,0.11934204512321145,25.36493249943145,0.21373808785424103,-0.06327130984734322,0.22290632303590172,0.8747146587577365
2271,18.838685700000497,249.23442363383606,329.301056912122,47.42114086701722,62.65519658082812,25.34617829477051,0.19026721981505337,-0.3192957384699824,0.11984778320463363,25.36867589197614,0.21926203675420655,-0.04191864199795359,0.22323309187608278,1.2393670769228766
2272,18.84224560000075,249.24672388941605,329.30293299023754,47.42348120244944,62.65555353699531,25.4399128440127,0.19026721981505337,-0.3169554030377668,0.11949082703743841,25.369424570485073,0.07776310725863951,0.028908772056848567,0.08296275039048248,1.4014700282425032
2273,18.853175800000827,249.24493521429736,329.3007240922859,47.423140876207455,62.65513325612321,25.3649250126502,0.19026721981505337,-0.31729572927974914,0.11991110790954451,25.38820127389887,0.07808511230754711,0.02876706819155238,0.08321555729801772,0.39888674600874585
2274,18.857953400000042,249.23995618516614,329.2977228321535,47.422193530177275,62.65456221470187,25.3499274463777,0.19026721981505337,-0.3182430753099297,0.12048214933088275,25.39195661458163,0.08159047061208274,0.023566839192446384,0.08492585474532338,0.25192973673453434
2276,18.873657500000263,249.24235417227845,329.2953658709793,47.42264978851829,62.654113762252045,25.440062771683237,0.19026721981505337,-0.317786816968912,0.12093060178070658,25.373960734475993,-0.1294154318817182,0.07971500974928247,0.15199617359808715,0.17580260095894854
2277,18.885319299999537,249.23934525693682,329.2934307011433,47.422077290561575,62.65374556286747,25.364954998184306,0.19026721981505337,-0.31835931492562963,0.12129880116528113,25.370361558454867,-0.1412901402607208,0.07954055556374937,0.16214069111202176,-1.35603002262016
2278,18.889545500000168,249.23051349929278,329.2894221284108,47.420396896588564,62.65298286287824,25.34993344348452,0.19026721981505337,-0.32003970889864064,0.12206150115451209,25.36964172325064,-0.1100239214040857,0.05585022546062483,0.1233876451073407,-2.2576908511045524
2279,18.90157259999978,249.22479222370015,329.2870466942121,47.41930832538776,62.6525308956174,25.346929132544563,0.19026721981505337,-0.32112828009944394,0.12251346841534883,25.29818524162279,-0.12404340719136202,0.0280532886009264,0.1271760742788081,-2.074850715604933
2280,18.90541200000007,249.22394555348365,329.2870250402523,47.41914723179956,62.652526775578664,25.346328270356572,0.19026721981505337,-0.321289373687641,0.12251758845408744,25.28389394529722,-0.30267228325784007,0.05487136577998824,0.307605880690008,-1.0900758036541642
2281,18.917746200000693,249.22128485028497,329.29418362822713,47.418640987199204,62.65388882021044,25.082780363543975,0.19026721981505337,-0.3217956182880002,0.12115554382231153,25.281035686032105,-0.23924131156187609,0.025799983506474434,0.24062843619734767,-1.3832563375553355
2282,18.92168429999947,249.20178269938765,329.29075476936146,47.41493036716756,62.65323642076693,25.293498516556454,0.19026721981505337,-0.3255062383196474,0.12180794326582145,25.29921098242127,-0.03293985435540314,-0.029845779359601213,0.04445002306565396,2.4486938159333587
2283,18.933646900000895,249.19672405619457,329.288547151813,47.41396787319117,62.652816383513574,25.33564214715895,0.19026721981505337,-0.32646873229603557,0.12222798051917749,25.279637423535036,-0.0099538197449615,-0.057068393959467674,0.05792995871419374,3.34747924713591
2284,18.937336500001038,249.21497157190998,329.2932137532853,47.41743977727487,62.653704284801684,25.437805614490387,0.19026721981505337,-0.32299682821233233,0.12134007923106793,25.32840825863279,-0.003946304187578772,-0.033641653826560765,0.03387232187091774,3.4178497032075947
2285,18.94997710000098,249.21981955313373,329.3021852742588,47.41836218918403,62.65541127115483,25.248460475925423,0.19026721981505337,-0.3220744163031739,0.11963309287791901,25.338162425652342,0.16777910399638887,-0.045457556945150454,0.17382812551843466,1.7349372361145545
2286,18.966218100000333,249.21888005918186,329.3016129079202,47.41818343428178,62.65530236860287,25.326634539032746,0.19026721981505337,-0.32225317120542485,0.11974199542988373,25.340113259056256,0.1310050834670933,-0.004779811123427916,0.1310922518251774,2.4263955000118016
2287,18.97104969999964,249.21675691054742,329.298906339773,47.417779468693844,62.65478739740626,25.34226935165421,0.19026721981505337,-0.32265713679336017,0.1202569666264921,25.321756477494848,0.06805935104208019,0.004801284403122816,0.06822849548530857,-0.04092392235910558
2288,18.981778200000917,249.20185234409195,329.28545809129093,47.41494361827181,62.652228636556195,25.3453963141785,0.19026721981505337,-0.3254929872153909,0.12281572747655645,25.341293739346632,0.053605800983230874,0.021087989879449598,0.05760455898806556,0.15560391590000877
2289,18.98620909999954,249.21643674935308,329.289946676143,47.417718552513506,62.653082667116905,25.34602170668336,0.19026721981505337,-0.3227180529736984,0.12196169691584657,25.34520119171699,0.026897745293347732,-0.003676215725379902,0.027147804035047487,0.318715025396602
2290,18.99734089999947,249.21647796175233,329.2930829825123,47.417726393882134,62.65367940341028,25.34614678518433,0.19026721981505337,-0.3227102116050702,0.12136496062247204,25.364729630433246,0.08821312875099788,-0.03557661322031094,0.09511704101930281,1.3991077640654075
2291,19.001515100000688,249.21330680733263,329.29565233742494,47.41712302714709,62.65416826742622,25.346171800884527,0.19026721981505337,-0.32331357834011243,0.12087609660652987,25.368635318176498,0.13344504959526932,-0.09771562728810573,0.16539626681939312,1.1820190171720637
2292,19.013699999999517,249.22758588762417,329.2990412581844,47.41983986805568,62.6548130679573,25.439911545235503,0.19026721981505337,-0.32059673743152217,0.12023129607545258,25.388163403967337,0.05759032653156097,-0.06905763142582219,0.08991997646883879,1.3847142531760128
2293,19.019009300000107,249.22652080051932,329.3010557857375,47.419637216893385,62.65519636651407,25.36492475289476,0.19026721981505337,-0.3207993885938194,0.1198479975186828,25.392069021125504,0.04930692809034289,-0.03832849519131698,0.0624519551442311,0.3637121149196072
2294,19.029312500000742,249.239895886165,329.30373379506716,47.42218205725397,62.655705903903865,25.44366213563755,0.19026721981505337,-0.3182545482332344,0.11933846012888694,25.411597092799326,0.1179738356622326,-0.020064579712574707,0.11966792912013531,0.12452952405371724
2295,19.033741799999916,249.23894812315257,329.30140494534885,47.42200172902056,62.655262800142594,25.36567487097517,0.19026721981505337,-0.3184348764666467,0.11978156389015737,25.396755758891903,0.049503810634484585,0.013738483373902079,0.05137483034278452,-1.099702836817506
2296,19.045147700000598,249.25086480788775,329.30295133399346,47.42426908349453,62.655557027210754,25.443812159253632,0.19026721981505337,-0.31616752199267495,0.1194873368219973,25.39378749211042,0.03827924794380949,0.03886276224428379,0.05454919900786237,-1.3120456927499444
2297,19.049428000000262,249.2481791536321,329.3003395791038,47.42375809152592,62.65506009586907,25.365704875698384,0.19026721981505337,-0.31667851396128555,0.1199842681636838,25.37444689051193,-0.06100314949552854,0.07448497882128984,0.09627770416031844,-2.518624848477071
2298,19.061289900000702,249.2423006783006,329.29700872290096,47.422639610367845,62.654426343119745,25.350083418987335,0.19026721981505337,-0.3177969951193589,0.12061802091300677,25.370578770192235,-0.08314006765592116,0.0691223276931149,0.10812107581570536,-1.9148428263375756
2299,19.06600780000008,249.2361160936474,329.2938185259401,47.42146288664017,62.653819353213336,25.34695912764513,0.19026721981505337,-0.3189737188470332,0.1212250108194155,25.35105819788611,-0.18089743309563516,0.06651715889100099,0.19273923764381884,-1.8955214632937751
2300,19.07777399999941,249.22675363278685,329.28929020277405,47.41968151724161,62.65295776175411,25.346334269376683,0.19026721981505337,-0.3207550882455976,0.12208660227864243,25.347154083424883,-0.17647181793185104,0.03632369262359978,0.18017134392013104,-0.9944610240042164
2301,19.082545799999934,249.21948061400727,329.2902638348732,47.418297700178755,62.65314301202674,25.346209297722996,0.19026721981505337,-0.32213890530844935,0.12190135200601304,25.34637326053264,-0.18611445828435413,0.0371839740765531,0.1897926223819155,-0.9306372040582622
2302,19.094364599999608,249.2134394894393,329.2924298503199,47.41714827220265,62.65355513376385,25.34618430339226,0.19026721981505337,-0.32328833328455175,0.12148923026889946,25.346217095954188,-0.1948953824539189,0.0423102355744298,0.1994351176102721,-0.10324115238924673
2303,19.098841099999845,249.21008670951804,329.29107163494325,47.41651034808838,62.65329670990023,25.34617930452611,0.19026721981505337,-0.3239262573988242,0.12174765413251976,25.346185863038503,-0.36833770285904877,0.09498461218355445,0.3803876179624425,-0.03693724780446468
2304,19.109703300000547,249.19334122694005,329.28226345316943,47.413324231673805,62.65162080164251,25.346178304752883,0.19026721981505337,-0.3271123738133994,0.12342356239024355,25.34617961645536,-0.317211800327433,0.10754225957608643,0.33494576256716785,-0.004214632059966358
2305,19.11404020000009,249.17012333163734,329.27459113184705,47.4089066272846,62.65016101039497,25.346178104798234,0.19026721981505337,-0.3315299782026031,0.12488335363778447,25.346178367138734,-0.12283739148469938,0.04295821179815951,0.13013236610336734,-0.0015741658055508513
2306,19.126723800000036,249.16783219399332,329.27299348608676,47.40847069889486,62.64985703077791,25.346178064807305,0.19026721981505337,-0.3319659065923446,0.12518733325484277,25.346178117275407,-0.007834747123068336,-0.004469084958513135,0.009019755143507828,-0.0001789340397939745
2307,19.13130699999965,249.1889001871702,329.2816120189826,47.41247924738371,62.65149685507089,25.34617805680912,0.19026721981505337,-0.3279573581034967,0.12354750896186317,25.346178067302745,0.04797641420587149,-0.0620033253387283,0.07839737669790701,-6.40144255320481e-05
2308,19.142112100000304,249.21346192423397,329.29180040464803,47.41715254080866,62.653435370885845,25.346178055209485,0.19026721981505337,-0.3232840646785462,0.1216089931469071,25.34617805730821,0.2615945645976877,-0.13189250923915583,0.2929630526541779,-6.407804532047377e-06
2309,19.146300500000507,249.21314789072647,329.29473660018544,47.41709279052626,62.65399403264759,25.346178054889556,0.19026721981505337,-0.32334381496094267,0.12105033138516319,25.346178055309302,0.267088482819924,-0.12098262348161395,0.29321161784544414,-2.4722810504619532e-06
2310,19.158187900000485,249.21623939577734,329.29553931362057,47.417681002597334,62.654146762701195,25.34617805482557,0.19026721981505337,-0.3227556028898704,0.12089760133155636,25.346178054909522,0.08417548138857534,-0.05461491566059491,0.10034092225813099,-2.918510235496416e-07
2311,19.16180600000007,249.2161081887881,329.2940462663934,47.41765603820827,62.653862684756234,25.346178054812775,0.19026721981505337,-0.322780567278933,0.12118167927651768,25.346178054829565,-0.03126913371515775,-0.04016647430659173,0.05090289168130342,-1.0701953250410485e-07
2312,19.174172000000908,249.21351191047827,329.2957329411101,47.41716205155239,62.6541836036653,25.346178054810213,0.19026721981505337,-0.32327455393481586,0.12086076036744942,25.34617805481357,-0.048674303798682345,-0.014496956595557614,0.05078729763257643,-1.15803575083002e-08
2313,19.178049699999974,249.21056257844964,329.297916999926,47.41660089034699,62.654599158464116,25.3461780548097,0.19026721981505337,-0.3238357151402127,0.12044520556863603,25.34617805481037,-0.05685633961249268,-0.01967030675427612,0.06016281510982032,-0.2917031518884808
2314,19.19003259999954,249.20418330818663,329.298234132794,47.4153871243296,62.65465949845323,25.3461780548096,0.19026721981505337,-0.3250494811576061,0.1203848655795241,25.346178054809734,-0.052045281742304036,-0.01811349662655949,0.05510726006322749,0.41030822866120276
2315,19.205945300000167,249.20490019716385,329.30147198534695,47.41552352480221,62.65527555565665,25.346178054809577,0.19026721981505337,-0.32491308068499336,0.11976880837610082,25.322969131469762,-0.048347511381385946,-0.028412304176498558,0.056077989313019425,0.4573945007015557
2316,19.20996379999997,249.2052625248769,329.2996493073719,47.415592463888835,62.65492875978572,25.346178054809574,0.19026721981505337,-0.32484414159836916,0.12011560424703305,25.337074295043955,0.1527339626994937,-0.038156132964567935,0.15742793222519352,0.48888363398777634
2317,19.221946199999365,249.20391115123874,329.3045265846555,47.41533534178377,62.655856745774734,25.230133438110354,0.19026721981505337,-0.32510126370343073,0.11918761825801738,25.339895327758796,0.19046025349201973,-0.03430363630634507,0.1935247984731735,0.4906009747475586
2318,19.22552970000106,249.2201214645675,329.3074625177459,47.41841963303317,62.656415357601404,25.416703872680667,0.19026721981505337,-0.32201697245403693,0.11862900643134822,25.34045953430176,0.20042851112415883,-0.041759899508369065,0.20473269714043268,2.678477749008807
2319,19.23867109999992,249.22615387078054,329.306479887249,47.419567402192115,62.65622839522866,25.360283218383792,0.19026721981505337,-0.3208692032950893,0.11881596880409262,25.340572375610357,0.17079726715938726,-0.05429251282949997,0.17921881435400838,1.778230927085561
2320,19.243098799999643,249.22751319914045,329.308248389781,47.41982603781997,62.65656488328866,25.34899908752442,0.19026721981505337,-0.32061056766723084,0.11847948074409231,25.382550815454103,0.3311627717363467,-0.06323622830479694,0.3371462619610605,2.575363354490229
2321,19.253542200000084,249.2203228188281,329.3069510134609,47.41845794414853,62.656318035103176,25.346742261352542,0.19026721981505337,-0.3219786613386759,0.11872632892957569,25.37219955518067,0.15488623015494543,-0.0330124956926737,0.15836530290271772,2.5971310053364633
2322,19.257493000000977,249.23652678014648,329.3094876923301,47.421541026818566,62.65680068193918,25.440025637329107,0.19026721981505337,-0.3188955786686378,0.11824368209357061,25.38887625136817,0.04565664388157259,-0.018806963391347607,0.04937844674078184,2.6270439947195947
2323,19.270018499999424,249.23516471505616,329.30980142747705,47.42128187048063,62.656860375453356,25.36494757131348,0.19026721981505337,-0.31915473500657754,0.11818398857939627,25.392211590605672,0.012794439617701086,-0.0014418490879949592,0.012875426747240303,0.4076738354782353
2324,19.274236400000518,249.22499372393006,329.3079114774747,47.4193466642763,62.65650077992082,25.44366669932129,0.19026721981505337,-0.32108994121090717,0.11854358411193289,25.39287865845317,0.02734260526828242,-0.0175912728473809,0.032512627443012136,0.43996518272286994
2325,19.285754800001087,249.2185828731212,329.30725588450537,47.418126889516245,62.65637604206921,25.365675783711918,0.19026721981505337,-0.3223097159709596,0.11866832196353982,25.374265123780482,-0.1476956369382393,0.025094116487254316,0.1498122686994229,-0.7499913616673244
2326,19.290241500000775,249.21720904225492,329.30860260638025,47.41786549453683,62.65663227909621,25.350077600590044,0.19026721981505337,-0.3225711109503777,0.1184120849365442,25.370542416845947,-0.13194526155390154,0.05416915821575044,0.14263186792694854,-0.07169744663764621
2327,19.301516800000172,249.21158985821998,329.3031943527669,47.416796348012866,62.65560326571715,25.346957963965668,0.19026721981505337,-0.323640257474338,0.11944109831560468,25.351050927216853,-0.07671896413320338,0.06509243269155016,0.1006122470247819,-0.05475833310149938
2328,19.30557630000112,249.21282864741633,329.30019434014486,47.41703204898919,62.655032461656134,25.346334036640794,0.19026721981505337,-0.32340455649801214,0.12001190237661774,25.365899577533217,-0.0810434303111145,0.1295036731879438,0.15277185266194238,0.2972467555723811
2329,19.317805099999532,249.2010877160533,329.2912045908956,47.41479813462071,62.65332200705964,25.346209251175818,0.19026721981505337,-0.3256384708664939,0.12172235697310896,25.368869307596494,-0.05782519712373242,0.1454350732069744,0.15650914970415153,0.46528280260164123
2330,19.321928499999558,249.1983241445895,329.28399041774344,47.41427231756153,62.65194938639072,25.439919035293762,0.19026721981505337,-0.3261642879256712,0.12309497764203314,25.369463253609148,-0.009246976001190451,0.08792262082254246,0.0884075438945748,0.8122857422174866
2331,19.33328530000108,249.201776012954,329.2826446381273,47.41492909495842,62.65169332864467,25.36492625090641,0.19026721981505337,-0.32550751052878724,0.12335103538808312,25.36958204281168,-0.02397720915042497,0.05018918002947502,0.0556224806231642,-0.22721580664312788
2332,19.337041200000385,249.2046989165686,329.2865196190045,47.41548522770295,62.65243061048301,25.349927694028942,0.19026721981505337,-0.3249513777842523,0.12261375354974291,25.369605800652185,-0.11261338768450821,0.046549552439513475,0.12185497904517632,-0.4726105455802643
2333,19.349213400000735,249.20370158461088,329.28959407711443,47.41529546812412,62.65301557908003,25.346927982653447,0.19026721981505337,-0.32514113736308303,0.12202878495272529,25.350863603978098,-0.08502998564138976,-0.030897747324205277,0.09046971453412121,-0.5136982978129326
2334,19.353022299999793,249.1911727411234,329.2871583459388,47.41291163990626,62.65255213928102,25.34632804037835,0.19026721981505337,-0.3275249655809418,0.12249222475173127,25.34711516464328,-0.09586155350287685,-0.0626896984627234,0.11454010534887815,-0.5234834951397294
2335,19.365233000000444,249.19183996872812,329.2906463980081,47.413038591447595,62.65321580125082,25.34620805192333,0.19026721981505337,-0.3273980140396091,0.12182856278192844,25.346365476776317,-0.11990238407442262,-0.01967190689558323,0.12150541398488732,-0.5252417079276755
2336,19.369130900000528,249.19191522289492,329.2934410184473,47.413052909848695,62.65374752591223,25.346184054232324,0.19026721981505337,-0.32738369563850966,0.1212968381205215,25.346215539202923,-0.09623570218823081,0.008960656867849307,0.09665197228802518,-0.2175986117040681
2337,19.381293300000834,249.19369642657335,329.29223995431886,47.413391814520516,62.65351900277969,25.346179254694125,0.19026721981505337,-0.3270447909666885,0.12152536125306312,25.346185551688244,0.0008930354465128479,0.007167821950902594,0.007223239150725211,-0.02079345681497843
2338,19.385190900000453,249.19580112080348,329.290291739068,47.41379226884024,62.6531483212803,25.346178294786483,0.19026721981505337,-0.32664433664696446,0.12189604275245358,25.34617955418531,0.04106067938863184,0.024266122414298784,0.04769511598562005,-0.008526935592755386
2339,19.39710229999946,249.18702324773017,329.28323577656386,47.41212212733469,62.651805802911525,25.346178102804956,0.19026721981505337,-0.3283144781525138,0.12323856112122655,25.34617835468472,0.05577521234967574,0.037646725867422355,0.06729153201695046,-0.0008344555277076067
2340,19.40088789999936,249.1912260267763,329.2826161951175,47.412921778419296,62.65168791687228,25.34617806440865,0.19026721981505337,-0.32751482706790824,0.12335644716047511,25.346178114784607,0.05722805685602492,0.033789501008020764,0.06645886599910848,-0.0003414582416036976
2341,19.413370000000214,249.19629359775854,329.28717626557625,47.413885971061305,62.65255554880062,25.34617805672939,0.19026721981505337,-0.3265506344258995,0.12248881523213129,25.346178066804583,0.09556265213825166,0.006997060947100168,0.09581847079553048,-3.380698358001325e-05
2342,19.429219400000875,249.19921988381464,329.28721765037847,47.41444274737358,62.65256342297188,25.346178055193537,0.19026721981505337,-0.3259938581136268,0.12248094106087137,25.346178057208576,0.13598034042391252,-0.028911540279839748,0.13901989117804664,-1.3672634581363504e-05
2343,19.432968499999333,249.20502118799467,329.28798330663756,47.415546545391216,62.652709102259635,25.346178054886366,0.19026721981505337,-0.32489006009598853,0.1223352617731166,25.346178055289375,0.13415642380572385,-0.09438694739022496,0.164033051200013,-1.0031906390044893e-06
2344,19.44569820000106,249.20916087561196,329.2924548110344,47.41633419224506,62.65355988296962,25.346178054824932,0.19026721981505337,-0.3241024132421444,0.12148448106313481,25.346178054905536,0.1159656675528479,-0.08889301199271629,0.14611640439086518,0.3010999354804376
2345,19.448827100000926,249.21248461587564,329.297326349243,47.416966591064416,62.654486777000784,25.346178054812647,0.19026721981505337,-0.32347001442278867,0.12055758703196773,25.34617805482877,0.09182367455666426,-0.10692305786299218,0.14094015578202318,0.48461928740542465
2346,19.46127940000042,249.21158749308023,329.30007774209594,47.4167958980043,62.65501027686953,25.34617805481019,0.19026721981505337,-0.32364070748290175,0.12003408716321928,25.364925003055603,0.09479700776537692,-0.11285251414074002,0.14738440429419544,0.4973536825210718
2347,19.46536550000019,249.20974959543804,329.3020244404068,47.41644620632962,62.65538066974496,25.346178054809698,0.19026721981505337,-0.3239903991575872,0.11966369428779444,25.368674392700967,-0.04799295996394928,-0.04881636417909985,0.06845700561496786,0.5048530302923195
2348,19.477142800000365,249.22889385027554,329.3062647770939,47.42008873047298,62.656187466817485,25.439912796020536,0.19026721981505337,-0.320347875014221,0.1188568972152666,25.36942427063004,-0.08857126033863671,0.016865659770661953,0.09016273419475636,0.5053338880049254
2349,19.481142500000715,249.21518626164115,329.300939058043,47.417480625693145,62.655174157060166,25.364925003051766,0.19026721981505337,-0.32295597979405954,0.11987020697258544,25.369574246215855,-0.07160572010053547,-0.002921714418228253,0.07166530238726347,-0.9629539766020887
2350,19.49361830000089,249.21513537156264,329.2988294300381,47.41747094297939,62.654772764004825,25.34992744445801,0.19026721981505337,-0.3229656625078121,0.1202716000279267,25.36960424133302,-0.09037525869910498,0.03825219617535823,0.09813724011387441,-1.2082597816348382
2351,19.496829600000638,249.21633572277347,329.30120882235326,47.41769933046708,62.65522548436548,25.346927932739263,0.19026721981505337,-0.32273727502012406,0.119818879667271,25.350863292114262,-0.13788655563435012,0.07403728857833335,0.15650630123012985,-0.16285783222925754
2352,19.50896230000035,249.20489417239259,329.293861470725,47.41552237848573,62.65382752419817,25.34632803039551,0.19026721981505337,-0.32491422700147155,0.12121683983458098,25.347115102270514,-0.0007629015152506944,0.014461363122211154,0.014481472372463394,-0.11518750872314497
2353,19.51236400000016,249.20617654602785,329.2918873037164,47.41576637215208,62.653451904929994,25.346208049926762,0.19026721981505337,-0.32467023333512657,0.12159245910275729,25.36511241254395,0.16936889449749054,-0.02687050027705922,0.17148716047693344,-0.07678468370804509
2354,19.525412700000743,249.2084769673175,329.2949414304213,47.41620406691526,62.6540330051271,25.346184053833014,0.19026721981505337,-0.3242325385719411,0.12101135890565473,25.368711874598638,0.15583292115151207,-0.004666245027173417,0.15590276827967808,1.3994671394525762
2355,19.529115499999534,249.22501658069655,329.29833710321077,47.41935101316971,62.65467909034815,25.4399139958252,0.19026721981505337,-0.3210855923174947,0.12036527368460526,25.369431767009576,0.020221679008300603,0.024174780984610768,0.031517238736422384,1.650408882641095
2356,19.541340100000525,249.2252376046468,329.30026176603707,47.419393066782234,62.65504529059319,25.3649252430127,0.19026721981505337,-0.32104353870496993,0.1199990734395584,25.388322693733954,-0.05864046873559836,0.045914522883052464,0.0744771641854672,0.2976398209953106
2357,19.545334899999943,249.20723408377887,329.29481489219285,47.41596758691981,62.654008929050164,25.3499274924502,0.19026721981505337,-0.32446901856739174,0.12103543498258773,25.39210087907883,-0.07352903792463432,0.03961211057357336,0.08352028928479184,0.05025015874146932
2358,19.557547599999452,249.18652836957753,329.28075023183726,47.412027968244445,62.651332885226665,25.440662683548638,0.19026721981505337,-0.3284086372427595,0.12371147880608646,25.374109567905617,-0.23189668286011086,0.05993298154835202,0.2395162495506264,0.00012867168289082583
2359,19.561291500000152,249.1857235840936,329.28224657895544,47.41187484394787,62.65161759103272,25.365074980557388,0.19026721981505337,-0.3285617615393335,0.12342677300003402,25.37051130567097,-0.2226133967788108,0.03500597520871434,0.2253489354883075,-1.1709619112533363
2360,19.574099200001,249.1896308166777,329.2871525260865,47.41261826222881,62.65255103195391,25.349957439959137,0.19026721981505337,-0.327818343258393,0.1224933320788395,25.369791653224045,-0.08540489717278035,-0.009692513716629342,0.08595313422581072,-1.4263770349344356
2361,19.578482099999746,249.19077928620067,329.2907136075959,47.41283677833199,62.65322858903223,25.346933931839487,0.19026721981505337,-0.3275998271552112,0.12181577500052043,25.35090077449247,0.0066194155478377925,-0.0894656447983842,0.08971019039878138,-1.171105337920861
2362,19.589886199999455,249.18050350685292,329.28855974955525,47.41088163436406,62.652818780450964,25.346329230215556,0.19026721981505337,-0.32955497112314447,0.12222558358178759,25.347122598746154,0.032024779966934425,-0.08843019584655051,0.09405044428066166,-0.9813370898427537
2363,19.593725700000505,249.1832789528851,329.2921869344591,47.41140971076435,62.653508914838376,25.34620828989077,0.19026721981505337,-0.3290268947228512,0.12153544919437564,25.34636696359689,-0.11282184116709891,-0.028200596021434883,0.11629291233905127,-0.9718228026420972
2364,19.606053800000154,249.1888594415904,329.2967787282437,47.41247149483552,62.65438258267573,25.346184101825813,0.19026721981505337,-0.3279651106516823,0.12066178135702188,25.346215836567037,-0.11281146035438058,-0.006142309265776408,0.11297855349757503,-0.10989795725269082
2365,19.609561200000826,249.1765788740695,329.2925708417289,47.410134905395566,62.65358195980726,25.34617926421282,0.19026721981505337,-0.3303017000916384,0.1214624042254897,25.346185611161065,-0.029594663942615375,-0.04417476206690109,0.05317192621622487,-0.043686586698976626
2366,19.621459899999536,249.17969998585136,329.2953411967603,47.41072875065703,62.654109067556995,25.346178296690223,0.19026721981505337,-0.3297078548301755,0.12093529647575707,25.346179566079872,-0.03507272435417923,-0.02121613255254457,0.04099049004478207,0.3245031337751626
2367,19.626436900000044,249.1860993128691,329.2993754603229,47.41194633281739,62.65487665566905,25.346178103185704,0.19026721981505337,-0.3284902726698178,0.12016770836370227,25.346178357063636,-0.03755001346556921,-0.015391986796397366,0.04058222232462017,0.6154288076792793
2368,19.6378392000006,249.19270021273877,329.30326793734633,47.413202267683864,62.65561726645049,25.3461780644848,0.19026721981505337,-0.32723433780333977,0.11942709758226044,25.364925368678353,0.0004605289646333055,0.051287282245048776,0.051289349840006375,3.248017701612679
2369,19.65343600000051,249.1987449689562,329.30669009224675,47.41435238664381,62.65626839034917,25.34617805674462,0.19026721981505337,-0.3260842188433912,0.11877597368358295,25.387421719243488,0.04915054957892468,0.04463755491034848,0.06639493830319228,3.4190316866111745
2370,19.65736409999954,249.18891506303981,329.29509445909684,47.41248207777406,62.654062121467746,25.439914322286427,0.19026721981505337,-0.32795452771314615,0.120982242565006,25.43909323056745,0.047874556288981435,0.09641358027768918,0.10764549039244174,3.5234671623109275
2371,19.66945719999967,249.20756049183416,329.30002330959843,47.41602969167302,62.654999920149564,25.45866004951588,0.19026721981505337,-0.32440691381418674,0.12004444388318802,25.449427532832246,0.025651724607380157,0.1073444411659102,0.11036684295817485,3.201105669083062
2372,19.673417199999676,249.21251939541946,329.29784518286834,47.416973208471525,62.654585494032226,25.60453565980552,0.19026721981505337,-0.3234633970156793,0.12045887000052602,25.451494393285202,0.02751904724316042,0.09412312973236164,0.09806355853111938,2.1990268939591004
2373,19.686191599999802,249.21245449485096,329.2985366130999,47.416960860020794,62.65471705054008,25.397849575808763,0.19026721981505337,-0.32347574546641056,0.12032731349267323,25.45190746020001,0.18560280008651522,-0.028179833187889088,0.18772986549415144,-1.441870485924203
2374,19.691422600000806,249.21473853216,329.30150182905624,47.417395437449535,62.65528123393624,25.35651235900941,0.19026721981505337,-0.323041168037669,0.11976313009650852,25.433243125340788,0.1638184414242744,-0.03960630161157228,0.16853824752270702,-2.129599107774977
2375,19.70150250000006,249.23138849046188,329.3041428522836,47.420563378725674,62.65578373408318,25.44197965686048,0.19026721981505337,-0.31987322676152985,0.1192606299495722,25.382338017158006,0.17009477162163295,-0.07927811660346239,0.18766259911129773,-2.2693940275422886
2376,19.70544239999981,249.23520765728344,329.30693170916464,47.421290040978825,62.6563143621284,25.365338375219757,0.19026721981505337,-0.3191465645083795,0.11873000190435334,25.372156995521447,0.14549745863887692,-0.08528404113128722,0.16865016496302276,-3.1249347138443846
2377,19.717082299999674,249.251703525649,329.31266432377555,47.42442866399117,62.657405090772684,25.35001011889161,0.19026721981505337,-0.3160079414960322,0.11763927326006751,25.37009626598401,0.11460059842338532,-0.06887304822986832,0.13370412832621062,-2.2248015236724825
2378,19.72071230000074,249.24933869269154,329.31343372010406,47.42397871379903,62.657551481673046,25.34694446762598,0.19026721981505337,-0.31645789168817373,0.11749288235970567,25.35468558047437,0.0818984521874592,-0.0648103421583388,0.10444011164960754,-0.6186084330273017
2380,19.737508800000796,249.24303499275612,329.31571120479657,47.42277932633777,62.65798481235367,25.34620871132223,0.19026721981505337,-0.31765727914943653,0.117059551679084,25.37035069679041,-0.023735776450276663,0.01186794946526197,0.026537432208251048,0.42887457129384465
2382,19.754385199999888,249.2564082539418,329.31833119346385,47.42532381956343,62.658483310313336,25.364926229312267,0.19026721981505337,-0.31511278592377323,0.1165610537194155,25.420655961264558,-0.1358763009934387,0.14775244666686066,0.20073154876028595,0.7354317113756246
2383,19.76524260000042,249.2367934087003,329.30413876760423,47.42159175749222,62.65578295690259,25.443663956799956,0.19026721981505337,-0.31884484799498125,0.11926140713016053,25.449464267577355,-0.16893595931008265,0.20137450683707456,0.26285176497770163,1.5420524762417613
2384,19.76951050000025,249.23026463635478,329.29100051221354,47.42034954612924,62.653283177576185,25.601536441262336,0.19026721981505337,-0.32008705935796655,0.12176118645656686,25.45525045405004,-0.2002647355864465,0.19427564012350584,0.27901431623647427,0.2571496956110293
2385,19.78171780000048,249.21170663150082,329.27638629748697,47.41681856614036,62.65050257157038,25.490985999189967,0.19026721981505337,-0.3236180393468473,0.12454179246237373,25.452659282704545,-0.24312587259060617,0.1906066405023844,0.3089353999245617,-0.8713374696049506
2386,19.785225800000262,249.2075020057756,329.27751637417646,47.416018563693264,62.650717588120266,25.375139643685653,0.19026721981505337,-0.3244180417939404,0.1243267759124862,25.433393795017476,-0.21181826075592972,0.1037741464451381,0.23587295109885745,-1.7726687187103742
2387,19.79735310000069,249.2034524972935,329.28056836356365,47.41524807497276,62.651298281655876,25.35197037258479,0.19026721981505337,-0.3251885305144455,0.12374608237687568,25.401115404511312,-0.10732857729202047,-0.02720783298669964,0.11072348296256469,-1.762363257537897
2388,19.800836399999753,249.20002541680384,329.2839635020237,47.4145960138959,62.651944265211554,25.347336518364617,0.19026721981505337,-0.32584059159130163,0.12310009882119743,25.39465972641008,-0.16311578004102084,0.022168216758269715,0.16461527126191033,0.9176408380288912
2389,19.813240400000723,249.21511026655446,329.2884743960137,47.41746616631928,62.65280254046992,25.44014448873152,0.19026721981505337,-0.3229704391679249,0.12224182356283109,25.41211553903202,-0.06616744669037576,0.022483191231481618,0.06988293704099084,2.1821057395085943
2390,19.817082100000334,249.2036379487187,329.27889044958937,47.41528336029984,62.6509790296289,25.458707608683806,0.19026721981505337,-0.32515324518736577,0.12406533440385203,25.462778942767343,-0.011049606698704487,0.0942309376467968,0.09487656938354465,2.8260621046200427
2391,19.82928350000111,249.22009894030467,329.2827200489208,47.4184153474043,62.6517076768467,25.462418706795358,0.19026721981505337,-0.3220212580829056,0.12333668718605395,25.47291162351441,0.027951497707282235,0.11892428293222632,0.12216493480137589,3.203269545232337
2392,19.832914300000994,249.22414552365038,329.2767881054919,47.41918527956724,62.65057902246238,25.605287391261417,0.19026721981505337,-0.32125132591996675,0.12446534157037092,25.47493815966382,0.12240505392773772,0.07739336566985244,0.14481964741277295,1.9248621425869887
2393,19.84529409999959,249.22465362944774,329.2808211718808,47.419281955444674,62.65134638279152,25.39799992209994,0.19026721981505337,-0.32115465004252997,0.12369798124122866,25.475343161717923,0.23845138628027776,-0.024853050174046043,0.23974306605601733,-1.5466780249286343
2394,19.849038700000165,249.23850212196155,329.2862697460952,47.4219168696139,62.65238306785925,25.450277169478586,0.19026721981505337,-0.31851973587330207,0.1226612961735043,25.456677213886557,0.16775142315159713,-0.0609179267426216,0.17846998001906542,-1.2727940604469092
2395,19.8612463999998,249.23927488351774,329.2886160815433,47.42206390080678,62.65282949858172,25.460732618954314,0.19026721981505337,-0.3183727046804208,0.12221486545103488,25.405771783109348,0.1062796665331635,-0.1332108775225601,0.17041275013546064,-1.3565122837410788
2396,19.865140199999587,249.23729369646537,329.2935285321046,47.4216869458544,62.653764176892494,25.369088967638522,0.19026721981505337,-0.31874965963280744,0.12128018714025757,25.414337645196092,0.13081578759769258,-0.12948941595370628,0.18406596406950573,-1.3588846477273429
2397,19.87741570000071,249.23114501835462,329.29679369308474,47.42051705396472,62.654385429994434,25.350760237375365,0.19026721981505337,-0.3199195515224815,0.12065893403831751,25.416050817613442,0.13847970484057592,-0.11672262385618962,0.18110991019987435,0.4905658097066184
2398,19.893846700000722,249.24241378754763,329.3005396708298,47.42266113134981,62.65509816676547,25.44082923253367,0.19026721981505337,-0.3177754741373917,0.11994619726728217,25.416393452096912,0.12611477288703152,-0.09320588805025784,0.1568192383210196,1.3928454762777258
2399,19.898260899999514,249.25962764732637,329.30548159739493,47.425936364592204,62.656038453393556,25.45884303156533,0.19026721981505337,-0.3145002408950006,0.11900591063919563,25.43520892723579,-0.09441358443880535,0.09937764620068426,0.13707604273165971,-0.007159318668624182
2400,19.909281700000065,249.25674422262261,329.30078903948544,47.425387743390274,62.655145613446294,25.462445791371664,0.19026721981505337,-0.31504886209692984,0.11989875058645794,25.438972022263567,-0.09840385231222325,0.1063788951095359,0.14491303417778362,-0.3874873238673121
2401,19.913030400000935,249.23311229466933,329.28654674717603,47.42089136215973,62.65243577208479,25.46316634333293,0.19026721981505337,-0.31954524332747525,0.1226085919479587,25.420977693026934,-0.15427748046118986,0.07640029725689863,0.1721584920891075,-1.468521913345819
2402,19.925711899999442,249.2254304784525,329.28758669900105,47.419429764345026,62.652633640827275,25.369575712514244,0.19026721981505337,-0.3210068411421787,0.1224107232054763,25.39863187893742,-0.3214448082208305,0.10889536304937052,0.33938910534338124,-2.4027628132680774
2403,19.930023700000675,249.22205662474008,329.2919665600042,47.4187878305791,62.65346698480352,25.350857586350507,0.19026721981505337,-0.3216487749081054,0.12157737922922962,25.37541576787733,-0.32952633144921945,0.052224596664103264,0.33363904390090365,-0.752717942925313
2404,19.941384199999447,249.21645241912447,329.29498413267686,47.41772153395735,62.654041129966544,25.34711396111776,0.19026721981505337,-0.32271507152985635,0.12100323406620817,25.370772545665314,-0.061267993295003764,-0.09959248498029685,0.11692916687870174,0.48709155289917266
2405,19.945257400000628,249.2146164922323,329.29910308883325,47.41737221725179,62.65482483230296,25.34636523607121,0.19026721981505337,-0.32306438823541583,0.12021953172979494,25.404049833840094,0.035840395703298805,-0.13371630845948096,0.13843621315320678,0.9779949441650267
2406,19.963416300000972,249.22815363477682,329.30255897533334,47.41994789172797,62.655482374219325,25.43995023227284,0.19026721981505337,-0.32048871375923227,0.1195619898134268,25.42945223971724,0.0648629984576403,-0.0948283852808315,0.11488964802751234,2.733674791610376
2407,19.97075340000083,249.2424326958036,329.3097400856302,47.42266472897111,62.65684870411069,25.535962153388162,0.19026721981505337,-0.3177718765160975,0.11819565992205838,25.43453272089267,0.059250700790735106,-0.09847621428542316,0.11492697822609711,2.982756134269961
2408,19.976576200000636,249.24231746350168,329.3097043085169,47.42264280404139,62.65684189689882,25.47786961573623,0.19026721981505337,-0.31779380144581637,0.11820246713393345,25.45429576536994,0.13766965181924282,-0.07030804509803637,0.15458380975231223,1.282332137394738
2409,19.98130029999993,249.2392903033754,329.31141197800815,47.42206683470023,62.65716681042528,25.372516366994905,0.19026721981505337,-0.3183697707869726,0.11787755360747099,25.458248374265395,0.09515072879749875,-0.04675207688710057,0.10601612086825532,1.01016223032871
2410,19.990127200000643,249.2532963917618,329.3142650428419,47.42473173419799,62.65770965513914,25.44518045845758,0.19026721981505337,-0.31570487128921343,0.11733470889360831,25.45903889604449,0.03740041646882207,-0.019159593117815208,0.04202238880027608,0.872199590963184
2411,19.994282800000292,249.25175106937598,329.3124834970386,47.42443771000393,62.65737068537218,25.45971327675011,0.19026721981505337,-0.31599889548327553,0.11767367866057299,25.459197000400305,0.004415189886418348,-0.002696098493248429,0.005173282209432163,0.8477645432801942
2412,20.006333299999824,249.25691512330104,329.3155400026776,47.425420260187224,62.65795223820246,25.539914762283615,0.19026721981505337,-0.31501634529998057,0.11709212583028972,25.45922862127147,-0.0547581636545968,0.04002064972003285,0.06782410258040406,1.6455626399354322
2413,20.011060000000725,249.2527244168116,329.31346599432175,47.424622906114415,62.65755762239872,25.47866013751532,0.19026721981505337,-0.31581369937278936,0.11748674163403194,25.474693929820702,-0.0940630330991941,0.031467885325312854,0.0991871060303058,2.1794401973098987
2414,20.021846100000403,249.229040326615,329.30525706254525,47.42011660011886,62.65599573177195,25.372674471350724,0.19026721981505337,-0.3203200053683446,0.11904863226079954,25.52674420588602,-0.056641735929064595,0.023819090431659085,0.06144619856467477,2.6888119224128064
2415,20.02561930000047,249.23113016832366,329.30732470264803,47.42051422849062,62.65638913590589,25.52250700120374,0.19026721981505337,-0.3199223769965869,0.1186552281268618,25.537154261099083,0.015140118929678537,-0.004024179842978641,0.015665797924569496,2.9412813031914378
2416,20.037421400000312,249.23834742245202,329.3046372669706,47.42188743536832,62.65587780499111,25.719964657076687,0.19026721981505337,-0.31854917011888517,0.11916655904164486,25.567661565110445,0.03488075838949329,0.014615507197975504,0.03781904753533965,2.308329066218485
2417,20.042244800000844,249.24951300307396,329.30938990756295,47.42401187935088,62.6567820767034,25.59196503834893,0.19026721981505337,-0.3164247261363258,0.11826228732935107,25.57376302591272,0.07146751050499256,-0.012258196131725881,0.07251116072843601,-1.1090173156589267
2418,20.05363419999958,249.24532350223333,329.29881354134386,47.423214754673516,62.65476974090715,25.631196657572133,0.19026721981505337,-0.3172218508136879,0.12027462312560289,25.574983318073173,0.05781849575357816,-0.02491425109887066,0.06295790942386917,-1.2613748650050627
2419,20.057607200000348,249.24041946808762,329.29859559725,47.42228167773074,62.65472827329034,25.403181775362086,0.19026721981505337,-0.31815492775646703,0.12031609074241345,25.526270162149796,0.014985199261382778,-0.003831001492800582,0.015467151300132395,-3.8691991945600135
2420,20.069501899999523,249.24274112800822,329.30906967567967,47.42272341350918,62.65672114707327,25.528608462006012,0.19026721981505337,-0.3177131919780223,0.11832321695948167,25.550025760945587,-0.10127033399613214,0.06707746952244946,0.12147043864752977,-4.264433968263132
2421,20.07355970000026,249.2406550695997,329.3058974848379,47.42232650497542,62.65611758314108,25.4763988774598,0.19026721981505337,-0.318110100511781,0.11892678089166964,25.50760463949381,-0.1527027854268786,0.04358158948965364,0.15880017512450045,-4.998995055734106
2422,20.085489099999904,249.23182514435305,329.2954227354673,47.42064645964757,62.65412458170008,25.710743032327898,0.19026721981505337,-0.31979014583963306,0.12091978233267042,25.499120415203453,-0.1181896693865271,0.03310455346078636,0.12273837790004659,-2.9474119189068837
2423,20.090300500000012,249.22355229438904,329.29392556912074,47.41907240748497,62.65383972002172,25.419091050313238,0.19026721981505337,-0.3213641980022359,0.12120464401102993,25.48196458597038,-0.08894341016615123,0.056581193287386686,0.10541518697895871,-4.251672971190622
2424,20.101372200000696,249.21992768541367,329.29636652411614,47.41838276321231,62.65430415374239,25.360760653910308,0.19026721981505337,-0.3220538422748973,0.1207402102903643,25.45978647188158,-0.07718619571124594,-0.02750976545790479,0.08194202831223847,-1.3296126599950369
2425,20.117317700000058,249.235295031705,329.3005702076892,47.42130666546709,62.655103976928814,25.442829315840658,0.19026721981505337,-0.31912994002011175,0.11994038710393795,25.387646686466162,-0.05780922114820002,-0.0706204341929505,0.09126418670739551,-0.5542904405490887
2426,20.12207649999982,249.2343189056313,329.30736606266447,47.421120940672864,62.65639700536123,25.36550830701579,0.19026721981505337,-0.31931566481434004,0.11864735867152376,25.407424662000267,0.08424478933921342,-0.1266931034080451,0.15214574256932087,0.47072119623135456
2427,20.134132299999692,249.231534285734,329.3104383174239,47.42059111878676,62.65698155473287,25.350044105250817,0.19026721981505337,-0.3198454867004443,0.11806280929987878,25.44558618972427,0.14032299529669517,-0.13928815959310922,0.19771629779022215,2.040688856837784
2428,20.139026700000613,249.2413895833964,329.31612734058643,47.422466258873435,62.658063989353465,25.517980927983757,0.19026721981505337,-0.31797034661376955,0.11698037467928657,25.453218495269077,0.22841688067331117,-0.13608136998280582,0.26588044424688884,5.394551570688304
2429,20.14924280000014,249.25310023398387,329.32176102215834,47.42469441180294,62.65913589428348,25.551568292530348,0.19026721981505337,-0.31574219368426526,0.1159084697492716,25.512948996905383,0.22339938841994492,-0.04884529543462754,0.22867695474730607,4.464210292713577
2430,20.153011800000968,249.26545782827137,329.3224370206763,47.42704565691162,62.65926451464209,25.480990843564665,0.19026721981505337,-0.3133909485755808,0.11577984939066255,25.55910102984983,0.27007638744444495,-0.04626533759562712,0.27401046789836203,4.558212595489324
2431,20.165579000000434,249.26122300809322,329.3115739158136,47.42623990944991,62.6571976218813,25.66416081519731,0.19026721981505337,-0.3141966960372926,0.11784674215144975,25.55287245206372,0.21828624438385386,-0.0026528474087412256,0.21830236390516167,4.281093612839286
2432,20.16880300000048,249.26443294928893,329.312176926219,47.42685065603699,62.657312354994666,25.580804269973058,0.19026721981505337,-0.31358594945021423,0.117732009038086,25.56459304510025,0.07864875623911602,0.14354447522993255,0.16367847514867864,1.9623851680667548
2433,20.182290400000056,249.27323485475387,329.3123963433712,47.42852537011888,62.65735410288618,25.486838039053207,0.19026721981505337,-0.31191123536832777,0.11769026114657066,25.566937163707554,-0.021693499562908475,0.13967650977156282,0.1413511064875383,-0.44377777281899033
2434,20.186384700000417,249.26290405060251,329.2989242811553,47.42655975673455,62.65479081106319,25.610171257712988,0.19026721981505337,-0.3138768487526562,0.12025355296956519,25.543407879518856,0.07936274469311962,0.03142719565397413,0.08535873635368824,2.8630578001885922
2435,20.197694200000115,249.27016326851,329.3021022861091,47.42794094794384,62.655395481230315,25.492711436601194,0.19026721981505337,-0.3124956575433657,0.11964888280243713,25.545832092338433,0.015000347608288042,0.05391821085147038,0.055965917215686646,2.0977015578198914
2436,20.200776900001074,249.27731101976423,329.30820684594136,47.42930093070291,62.656556978857786,25.546514394253833,0.19026721981505337,-0.31113567478429616,0.11848738517496571,25.595274149257815,-0.0037418321771224127,0.06090831537560972,0.06102314470704115,2.7948897681681064
2438,20.216861099999733,249.26612077235342,329.3017088354641,47.42717179343901,62.65532062046996,25.592925334070934,0.19026721981505337,-0.313264812048196,0.11972374356279403,25.59219625204794,0.11504950372295811,-0.09736738294919972,0.15072091948125535,4.93699834010393
2439,20.229765699999916,249.26818653464107,329.299548302616,47.42756484028628,62.65490954189163,25.734048323650125,0.19026721981505337,-0.3128717652009243,0.12013482214112514,25.639423754545543,0.10093901550338738,-0.09375867919040898,0.13776565164917962,4.656224017245258
2440,20.234280900000158,249.2708887967462,329.3034713652048,47.42807899218423,62.65565597210356,25.59478177166362,0.19026721981505337,-0.3123576133029715,0.11938839192919204,25.661835868814595,0.031970135612609994,-0.005649385715766921,0.032465445169505766,1.3864974139720574
2442,20.24950270000045,249.27501484697683,329.30630521716125,47.428864044290435,62.656195161236674,25.7288489490892,0.19026721981505337,-0.311572561196769,0.11884920279607769,25.64372923763609,0.07306692789067776,-0.10970376088655522,0.13180929824574586,2.9203417177423594
2443,20.26118150000002,249.28092717365826,329.30239112362625,47.42998896625075,62.655450437541674,25.658574965599094,0.19026721981505337,-0.31044763923645746,0.1195939264910777,25.640107911400392,0.022722914809039214,-0.0899909041451404,0.09281537419134128,1.9734545686715173
2444,20.265564299999824,249.28261124898097,329.31260492201983,47.43030939058036,62.65739378856578,25.502392178178415,0.19026721981505337,-0.31012721490684214,0.11765057546697477,25.672881876133722,-0.021349671833149737,-0.007460864067542969,0.022615768393259184,1.972873299923182
2445,20.277533000000403,249.26869282079016,329.30440092532916,47.4276611699443,62.65583283692407,25.71594169247162,0.19026721981505337,-0.3127754355429033,0.11921152710868199,25.66001918528534,-0.015050331722630192,0.011191294577508141,0.01875520085954218,3.0396524431766574
2446,20.281153199999608,249.26666661340067,329.29969489685965,47.42727564909753,62.6549374339708,25.758651595330264,0.19026721981505337,-0.3131609563896731,0.12010693006195083,25.6779782633266,-0.015169395787546874,0.026175601977916324,0.030253474304045506,1.9122217662251237
2447,20.29383280000002,249.27220254202206,329.2958404722618,47.42832895484542,62.65420406331858,25.664535494847307,0.19026721981505337,-0.31210765064178503,0.12084030071417118,25.730527293290322,-0.026938051217889412,0.12178890969091677,0.12473250228837676,0.007514366729038657
2448,20.297698200000013,249.27414728467545,329.2930229232412,47.428698975623334,62.65366797609975,25.7483703558054,0.19026721981505337,-0.3117376298638703,0.12137638793300454,25.7075388693026,0.02731538547612005,0.04751009456931435,0.05480273140724122,0.5251717610321306
2449,20.30998229999932,249.27506834582707,329.2907850276853,47.428874223367934,62.65324217793408,25.765137327997017,0.19026721981505337,-0.3115623821192699,0.12180218609866955,25.682409568294116,0.04833527754996438,-0.035422184756533755,0.059925205287575806,-0.8093474662971689
2450,20.31395010000051,249.27611114163255,329.29581027059317,47.429072633226674,62.65419831693106,25.600999572533,0.19026721981505337,-0.3113639722605299,0.12084604710169344,25.688415202233045,0.001865228857622258,-0.028544837552137572,0.028605713233010466,-1.6854768119466903
2451,20.32524259999991,249.27602851783,329.3057412029022,47.42905691262548,62.65608784781167,25.633005090287853,0.19026721981505337,-0.3113796928617276,0.11895651622108261,25.669084712809894,0.018064734672571917,-0.01246202328172056,0.0219462220681503,1.3577623936673133
2452,20.34160560000055,249.26319047906688,329.2978098124443,47.426614254682136,62.65457876419998,25.694563664541946,0.19026721981505337,-0.3138223508050686,0.1204655998327695,25.665218614925266,-0.021921994809132782,0.008387717776247468,0.023471848370028775,1.6645841821955416
2453,20.345136199999615,249.26646976942493,329.2937441401228,47.42723819614153,62.65380520003068,25.65171790868964,0.19026721981505337,-0.31319840934567367,0.1212391640020698,25.697943625328808,-0.20640841424653145,0.10514191662701655,0.23164467639850958,1.8129238090126991
2454,20.35768900000039,249.2542204391824,329.284579528683,47.424907550131685,62.652061474891354,25.745806838573866,0.19026721981505337,-0.315529055355519,0.12298288914139732,25.691522013639982,-0.21205712493431544,0.10142457779973307,0.2350641810596884,1.9683600614707257
2455,20.36133189999964,249.2375167491999,329.27993089291294,47.421729385478066,62.65117699188745,25.764624624550713,0.19026721981505337,-0.31870722000913787,0.1238673721452983,25.699737813372533,-0.14138983778211642,0.06653298065530121,0.15626171553816975,-0.5877201495972986
2456,20.37344750000011,249.23562964506365,329.2917692222517,47.42137033142056,62.653429437897984,25.600897031843736,0.19026721981505337,-0.31906627406664256,0.1216149261347681,25.688414359549512,-0.15835254144582714,0.0034721581691090804,0.15839060346088624,-2.6100341220986754
2457,20.37738259999969,249.2398499466663,329.2934699544887,47.42217331647328,62.65375303149238,25.735642663204686,0.19026721981505337,-0.3182632890139274,0.12129133254037328,25.63719245442944,-0.04413296518906536,-0.08557842579550551,0.09628803444881455,-1.0433251927190434
2458,20.389540600001055,249.24572298471344,329.2996171834464,47.42329076309437,62.654922647655724,25.595100639574532,0.19026721981505337,-0.31714584239283283,0.12012171637702806,25.626948073405426,0.14716055504928646,-0.13137632351112888,0.19727130389824787,-1.7354298179537466
2459,20.39383579999958,249.25442391024086,329.30653271383034,47.42494626400429,62.65623844639542,25.489697312973504,0.19026721981505337,-0.31549034148291355,0.1188059176373315,25.658397427181093,0.03545599826318732,-0.052923935440101585,0.06370298859007466,-1.7233696332895185
2460,20.40565240000069,249.25964327004067,329.30567523168025,47.42593933708262,62.65607529565069,25.71340271943064,0.19026721981505337,-0.3144972684045868,0.11896906838206434,25.644155681725284,-0.003005932812829042,-0.01880014759732201,0.019038938566956272,1.1428832936259528
2461,20.40891019999981,249.24957268274454,329.3021420745216,47.42402323443588,62.65540305166094,25.758143800722067,0.19026721981505337,-0.3164133710513255,0.11964131237181164,25.64130733263412,-0.0030006334991388613,-0.18789062907168141,0.18791458776355902,-0.4167921574337843
2462,20.421700500000952,249.2503623784498,329.2962004966578,47.42417348764222,62.65427256415947,25.664433935925665,0.19026721981505337,-0.31626311784498284,0.1207717998732818,25.65812136961034,-0.0634448015666548,-0.14403575657683382,0.1573897773633762,-1.9478252213933827
2463,20.42518800000107,249.25204753430972,329.31346052455507,47.42449411756264,62.65755658168142,25.580858894118727,0.19026721981505337,-0.31594248792456625,0.11748778235133273,25.627985947025117,-0.06927292426742071,-0.17055607262674907,0.18408724004237967,-1.3251473337013533
2465,20.44327710000107,249.25995844574788,329.3217381944058,47.42599930468818,62.659131550910466,25.573767497854593,0.19026721981505337,-0.3144373007990211,0.11591281312228574,25.62195886250807,-0.03582094891051474,-0.1193759304376885,0.12463447817002143,0.7752553203736599
2466,20.453405300000668,249.26288084678853,329.3280618069022,47.42655534180937,62.660334727079345,25.562725606504515,0.19026721981505337,-0.3138812636778354,0.11470963695340686,25.641285061815598,-0.03500775077906863,-0.12250362110125049,0.12740753430440493,0.39573519482349906
2467,20.457286099999692,249.25429595632605,329.31863349371775,47.42492191856866,62.65854082814219,25.728008378136842,0.19026721981505337,-0.3155146869185472,0.1165035358905584,25.67864822648179,-0.059467812453691954,0.07523248855640856,0.09589759148392427,3.019582201271475
2468,20.474286000000575,249.25570884625924,329.31213365419114,47.42519074520815,62.65730412174622,25.761064932463306,0.19026721981505337,-0.315245860279056,0.1177402422865299,25.66873715262058,-0.11772262716874787,0.1119994997925037,0.1624884762107241,3.293707089446884
2469,20.481323500000144,249.25458578090075,329.31039425339156,47.42497706268472,62.65697317079194,25.767674717449694,0.19026721981505337,-0.3154595428024862,0.11807119324080873,25.700252862653024,-0.1612955251728245,0.10475060220013624,0.19232507663346568,2.9613123037864937
2470,20.4873989000007,249.24794209952205,329.3073043738948,47.42371298789946,62.65638526801053,25.524212128548534,0.19026721981505337,-0.3167236175877477,0.11865909602222047,25.706555699483733,-0.0723824904216177,0.02870903526026874,0.07786805266096573,0.3217600188559394
2471,20.49251809999987,249.24355748532975,329.3114757516768,47.42287873954712,62.657178944463915,25.720304156666742,0.19026721981505337,-0.3175578659400813,0.11786541956883667,25.707815961674093,-0.05698314543263661,0.05675535183636256,0.08042542399929464,2.1781318959798277
2472,20.501830499999414,249.24471581786565,329.3074603075481,47.42309913225836,62.65641493707322,25.759522562290382,0.19026721981505337,-0.31733747322884653,0.11862942695952938,25.67457008930748,-0.020757418639947865,0.03222526339903147,0.038331945290201654,0.8240518101435926
2473,20.50669410000046,249.24708822570665,329.30201613889875,47.42355052370253,62.6553790902401,25.76736624341511,0.19026721981505337,-0.3168860817846735,0.11966527379264846,25.716877824013846,0.050884099328493144,0.04727130316208074,0.06945334885456064,-0.7115426158686718
2474,20.517148000000816,249.2553717573544,329.3061711489825,47.425126608239395,62.656169652457045,25.60144535561662,0.19026721981505337,-0.31530999724780884,0.11887471157570673,25.692915950757293,0.06507822506244694,0.09627841437237997,0.1162097605682853,-0.8229718426431449
2475,20.52096150000034,249.25838105579368,329.30272381751905,47.42569917908703,62.65551373828371,25.735750802080357,0.19026721981505337,-0.3147374264001712,0.11953062574904294,25.66759226507083,0.08918374500313087,0.08532633789133551,0.12342740502307349,-0.12560708875595605
2477,20.53724780000084,249.2505066498494,329.29502039728635,47.42420093776032,62.654048029932966,25.600494790383998,0.19026721981505337,-0.31623566772688605,0.12099633409978594,25.662527833109316,0.0547138037818002,0.06123399649751504,0.08211700585951133,-1.8679272468800818
2478,20.549415900000895,249.25972825547993,329.29327566816926,47.42595550702587,62.65371606517453,25.63290413385805,0.19026721981505337,-0.31448109846133576,0.1213282988582236,25.661514946717013,0.023340282730410986,0.002785210592318163,0.023505875775624328,-2.0334933499755117
2479,20.56528140000046,249.2530958211942,329.2855610435072,47.42469357219372,62.652248224988156,25.74204408360755,0.19026721981505337,-0.3157430332934865,0.12279613904459552,25.661312674614333,0.005900527164430478,-0.033685688197320644,0.03419856444567943,-0.39264283368797803
2480,20.570593599999484,249.25292544455635,329.2958317891971,47.424661155104516,62.654202411216005,25.596380923655104,0.19026721981505337,-0.31577545038268795,0.12084195281674681,25.64473873121193,-0.03167159344827872,-0.046298588521714694,0.056095000941760426,-0.14886213087179156
2481,20.581603799999357,249.2565678479555,329.2964310918305,47.42535418507271,62.6543164388619,25.73473944156696,0.19026721981505337,-0.3150824204144911,0.12072792517085418,25.661955558742388,-0.0666815197502322,-0.07632386360706368,0.10134967800693927,0.4415744638665273
2482,20.585396300000866,249.25098964875644,329.29589427198107,47.424292836619536,62.654214299641595,25.51762507337199,0.19026721981505337,-0.3161437688676685,0.12083006439115707,25.66539892424848,-0.014131897478620502,-0.08835794077005552,0.08948092659036828,0.8073285271783441
2483,20.5973124000011,249.24905722664224,329.30358782580777,47.423925160036354,62.6556781307387,25.718988271510334,0.19026721981505337,-0.31651144545084975,0.11936623329405194,25.699585522154386,-0.006009540683240792,-0.003390554986348833,0.006900032053474906,2.2700076262867075
2484,20.601077400000577,249.25268255006876,329.30294773770197,47.42461494024565,62.65555634295438,25.759260911138004,0.19026721981505337,-0.3158216652415575,0.11948802107837508,25.70642284173557,0.015149675771346578,0.022093108639985027,0.026788395348641296,2.4035409284353544
2485,20.613078200000018,249.25485917511486,329.29935448813643,47.42502908064175,62.65487266534944,25.767313913184633,0.19026721981505337,-0.31540752484545465,0.12017169868331479,25.756747214831492,0.07628963109782454,0.027692792965899,0.08116032648587795,2.2555135363265695
2486,20.617588799999794,249.25885944709904,329.2965793446904,47.42579020127069,62.654344646521366,25.768926039472866,0.19026721981505337,-0.3146464042165178,0.12069971751138553,25.766812089450678,0.11055570837167035,0.07025780643927913,0.1309913127624158,1.700042007562655
2487,20.629584800000885,249.2604889401439,329.293116088614,47.426100240382034,62.65368570241621,25.76924693885161,0.19026721981505337,-0.31433636510517005,0.12135866161654008,25.768825064374514,0.08469208263084274,0.06888926337809745,0.10917178879695236,0.7500525721961913
2488,20.633980700000393,249.26373444817074,329.2910372008644,47.42671775417119,62.65329015822379,25.76931264460626,0.19026721981505337,-0.3137188513160112,0.12175420580896201,25.769227659359284,0.08205860436490572,0.07842363130301536,0.11350718257919812,-1.9877905619150662
2489,20.64537080000082,249.26696052854658,329.2895103988489,47.427331571515204,62.65299965784909,25.76932578575719,0.19026721981505337,-0.3131050339720005,0.12204470618366514,25.735809948375767,0.06613003107028377,0.031842866947868885,0.0733972014780971,-2.570413508795122
2490,20.64960229999997,249.26743516997846,329.2871832027396,47.427421880220855,62.6525568687154,25.769326888108473,0.19026721981505337,-0.3130147252663491,0.12248749531735115,25.695628481374378,0.08986951221302429,-0.04827991943117254,0.10201705664097271,-2.6846245557539468
2491,20.661390799999936,249.27295544166452,329.2943604979505,47.428472206967186,62.65392247272097,25.60183748455529,0.19026721981505337,-0.31196439852001845,0.12112189131178042,25.68759188279832,0.05927006154775809,-0.061706337783707724,0.08556057689468946,-2.7083906760489813
2492,20.665376700000706,249.2759834588048,329.30160220944856,47.42904833937002,62.65530033303442,25.568339603844652,0.19026721981505337,-0.3113882661171843,0.11974403099833353,25.685984563083107,0.0545801756476173,-0.04773421095932494,0.07250896820141695,-2.1246504272378814
2493,20.67717509999966,249.2752069547891,329.30018540343633,47.42890059610978,62.65503076129345,25.729129651725962,0.19026721981505337,-0.3115360093774271,0.12001360273929862,25.685663099140065,0.03767926761691289,-0.05454492890984207,0.06629386455718708,0.345478714804131
2494,20.681398000000627,249.27588257976174,329.2980688117966,47.42902914539496,62.65462804328668,25.76128918718113,0.19026721981505337,-0.31140746009224074,0.12041632074607378,25.685598806351457,-0.062192158131186136,-0.1846824177808793,0.19487293288295762,0.33266373504015806
2495,20.693127300000924,249.271988833417,329.2937173372265,47.42828829310328,62.65380010031813,25.76771956839326,0.19026721981505337,-0.3121483123839255,0.12124426371462249,25.719084177774203,-0.09142407998265868,-0.117724463284182,0.14905506249780412,0.4040789719590661
2496,20.69688529999985,249.26388572764137,329.30885719075195,47.426746537695486,62.65668071815682,25.601516020612248,0.19026721981505337,-0.31369006779171826,0.11836364587593096,25.71628143516422,-0.21669053805445723,-0.30602589031710625,0.37497551230274717,0.4033346102496125
2497,20.70902489999935,249.2637825586193,329.30955224934814,47.42672690801249,62.656812965023526,25.735766460958388,0.19026721981505337,-0.3137096974747138,0.11823139900922541,25.715720886642224,-0.22199640508339602,-0.32258817992228733,0.3915935874034779,0.9484851853952894
2498,20.712635199999568,249.25166036133453,329.3269837044269,47.42442045123706,62.66012959951869,25.715115938676053,0.19026721981505337,-0.31601615425014273,0.11491476451406157,25.715609082113602,-0.17971853382144165,-0.288733300339213,0.34009655999980776,-0.9713065036653351
2499,20.72498540000015,249.25191426635902,329.32616883870435,47.42446876104017,62.65997455728314,25.758486444571147,0.19026721981505337,-0.3159678444470373,0.11506980674960943,25.749084646012566,-0.09528175562255077,-0.12168445337631865,0.15455005385961193,-1.1354402533142045
2500,20.728959699999905,249.2550104269413,329.321158603719,47.425057858906264,62.65902127380186,25.767160545750166,0.19026721981505337,-0.3153787465809401,0.11602309023088964,25.72228152881189,-0.06152653684923261,-0.13364838207695412,0.14713057047550482,-1.28502949670871
2501,20.747701599999345,249.2561850102998,329.31438999272666,47.42528134361632,62.657733429006335,25.76889384010707,0.19026721981505337,-0.31515526187088483,0.11731093502641698,25.692922797461602,0.11499769923871889,0.0188364054565261,0.11653017206166603,-2.5352047387807675
2502,20.755096000000776,249.2626813538933,329.31713814759576,47.426517384850825,62.6582563127929,25.60175087495501,0.19026721981505337,-0.3139192206363788,0.11678805123985114,25.68705074601576,0.11914886534176654,0.05302326762516445,0.1304144126309674,-4.643852503175611
2503,20.760615499999403,249.269752827487,329.3216704011568,47.42786285447149,62.65911865207745,25.568322281924598,0.19026721981505337,-0.3125737510157123,0.115925711955299,25.652378105746127,0.08586542610477366,-0.0647316449599288,0.10753165701026195,-2.65541155327244
2504,20.765777500000695,249.2704220630729,329.3166923195275,47.42799018806583,62.658171486325834,25.729126187341954,0.19026721981505337,-0.312446417421377,0.11687287770691768,25.611945652887513,0.13031170628108896,-0.13460530084725775,0.18734921352935957,-0.28008659286363446
2505,20.773723399999653,249.26966240053386,329.3312635339834,47.42784564918652,62.6609439107897,25.593797344401985,0.19026721981505337,-0.31259095630068146,0.11410045324305429,25.63735739229626,0.1025154752677079,-0.10367525633179392,0.1458011709309195,-0.7900445871400721
2506,20.777465400000438,249.274267559362,329.3367831686521,47.428721859953555,62.6619941163325,25.566731575813993,0.19026721981505337,-0.3117147455336493,0.11305024770025085,25.675937970158472,0.0029582585270784,-0.08265503765717011,0.08270795937285141,0.7695137120129634
2507,20.78979849999996,249.27609405048503,329.33134239860834,47.429069381341556,62.66095891614262,25.728809571998738,0.19026721981505337,-0.31136722414564844,0.1140854478901332,25.634697176551228,-0.11947304558193554,-0.07146550259825515,0.139216115023529,4.325126201343346
2508,20.806454600000507,249.25385703923257,329.3358186929138,47.424838407033555,62.66181060821519,25.761225171235687,0.19026721981505337,-0.31559819845364956,0.11323375581756068,25.659946942634466,-0.1192167576682466,0.02666581501883973,0.12216260065809181,3.816449863225633
2509,20.81033059999936,249.24188909501322,329.3309410623886,47.42256129956004,62.66088255501588,25.522922219305734,0.19026721981505337,-0.31787530592716706,0.11416180901687056,25.698495125831585,-0.14940423728341154,0.11126373390003977,0.18628270075242304,1.8308836772552866
2510,20.822106199999325,249.24084260456385,329.32216855417136,47.42236218673167,62.659213434266576,25.72004617481818,0.19026721981505337,-0.3180744187555362,0.11583092976617593,25.706204762471007,-0.13965421818734478,0.11475827940999847,0.18075608800442042,3.355945228761266
2511,20.82613929999934,249.24260658619954,329.3191514525077,47.4226978146133,62.65863937872113,25.759472491799574,0.19026721981505337,-0.31773879087390355,0.11640498531161825,25.707746689798892,-0.03647984244496535,0.19004875967091872,0.19351824192376313,3.598017566645508
2512,20.837646199999654,249.24725900738974,329.3130184539472,47.42358301785857,62.65747247013591,25.767357755195853,0.19026721981505337,-0.3168535876286356,0.11757189389684441,25.757012289619936,0.09479093424459262,0.15849238449384717,0.18467581638511354,1.6396708034319327
2513,20.841260400000465,249.25223299525564,329.3068389030376,47.424529404701204,62.656296704164625,25.76893480787511,0.19026721981505337,-0.31590720078600043,0.11874765986812719,25.76686571475993,0.14559548156950947,0.18397405973600245,0.23461564080257644,1.5324756177916106
2514,20.854086900000766,249.2568753874858,329.3013343595485,47.425412699764124,62.6552493699786,25.76925021841096,0.19026721981505337,-0.3150239057230806,0.11979499405415339,25.768836094612144,0.12561891034294065,0.174079466104345,0.214671309575643,1.4572602389634357
2515,20.85740579999947,249.26101144941052,329.2966394370551,47.42619965676753,62.65435608012854,25.769313300518128,0.19026721981505337,-0.31423694871967456,0.12068828390421515,25.76923017058259,0.1364416207517245,0.1898025992213348,0.233754877049725,0.6018311635300666
2516,20.870033900000635,249.25990541972567,329.2904760824083,47.425989215574354,62.65318339577516,25.76932439106066,0.19026721981505337,-0.31444738991284993,0.12186096825759307,25.769308985776675,0.048520702991302476,0.1352956821488475,0.14373301717730744,0.05662197313658867
2517,20.87367020000056,249.2624098266111,329.2870355245083,47.42646572210973,62.65252877038891,25.76932813504807,0.19026721981505337,-0.3139708833774719,0.12251559364383979,25.769324443639714,0.0005396238322600694,0.1566488556395193,0.15664978508459979,0.025929031524165376
2518,20.885433600000397,249.25142017515864,329.283772125756,47.424374751681135,62.65190785258116,25.769328883845553,0.19026721981505337,-0.3160618538060689,0.12313651145159099,25.769327535212327,-0.03694899765497454,0.10685843940081692,0.11306615098642642,0.0021837082137657524
2519,20.889470100000835,249.24779156722715,329.2797748185484,47.42368434653822,62.651147296052024,25.769327507726146,0.19026721981505337,-0.31675225894898773,0.12389706798072808,25.76932815352684,-0.015652053453961208,0.10115538681423648,0.1023591669508084,-1.5478996295399159
2520,20.901469800000996,249.2509241796486,329.2785008335434,47.4242803799944,62.65090489846703,25.769328758381167,0.19026721981505337,-0.3161562254928043,0.12413946556571887,25.769328277189747,-0.06792097897060656,0.08427954185591054,0.10824186140199066,-1.6669424624682008
2521,20.905795399999988,249.2529661828516,329.2770379281124,47.42466890626669,62.65062655551783,25.769327482633265,0.19026721981505337,-0.3157676992205154,0.12441780851492013,25.735830071941862,0.024885653521715685,-0.002147399766187469,0.024978131974963666,-3.3973927381645854
2522,20.917131700000027,249.24520260528323,329.2713392549773,47.42319175194694,62.64954228482378,25.76932875336259,0.19026721981505337,-0.31724485354026655,0.12550207920897094,25.72913073606806,0.07479539817208124,-0.046658433114738496,0.0881553229728228,-3.419781250655894
2523,20.92115829999966,249.25126113105713,329.27936740651774,47.42434449080211,62.65106977889763,25.601837857606114,0.19026721981505337,-0.316092114685091,0.12397458513512305,25.694292638912835,0.13460311603545116,-0.13108383210920815,0.18788552335634645,-3.4223628257142984
2524,20.93362110000089,249.25640353960023,329.28160332623884,47.425322922578765,62.65149520112669,25.73583082835716,0.19026721981505337,-0.31511368290843933,0.123549162906059,25.692899430207646,0.1334032850027502,-0.1470380106356298,0.1985361755983241,-1.7146457185870074
2525,20.93793800000094,249.26431527088639,329.29072248683315,47.4268282656945,62.65323027846002,25.595138272605027,0.19026721981505337,-0.313608339792701,0.12181408557272988,25.69284375268861,0.14008838227070897,-0.14868526349170133,0.20428426867191937,-1.5625597345014774
2527,20.954246299999795,249.27149979171068,329.292044438264,47.428195244497445,62.6534818024835,25.762361439107327,0.19026721981505337,-0.3122413609897592,0.12156256154925416,25.705799230954337,0.08898446018968617,-0.0843571914149267,0.12261472137824408,0.38783688393754395
2529,20.969536000000517,249.26371480021433,329.2850202792225,47.426714015809154,62.652145335271136,25.76905036576742,0.19026721981505337,-0.31372258967805067,0.12289902876161563,25.708390326607482,0.07366721187701539,-0.11879200459140024,0.13977982136408793,0.29198612945534747
2530,20.981794999999693,249.26569676645983,329.2887385903134,47.42709111901645,62.652852807984814,25.666615248934736,0.19026721981505337,-0.31334548647075167,0.12219155604793741,25.721875159507643,0.008720841933508774,-0.07821718040930173,0.0787018449288865,-0.3618344360550668
2531,20.986662900000738,249.2657459384411,329.294016922969,47.42710047483262,62.65385710166444,25.748786306622886,0.19026721981505337,-0.31333613065458366,0.12118726236830923,25.718998020537597,-0.2119959542321,-0.2228910890900811,0.30760806589967876,0.2557804760172875
2532,20.997112999999445,249.2670628579013,329.30494954324223,47.427351041437035,62.65593722092913,25.66256243710583,0.19026721981505337,-0.3130855640501693,0.11910714310361925,25.684700788189556,-0.29479549085767076,-0.25233841219311726,0.3880451722392106,0.2630879072245551
2533,21.00063450000016,249.24818890173117,329.31862325006836,47.423759946269634,62.658538879111504,25.747975744257104,0.19026721981505337,-0.3166766592175705,0.11650548492124813,25.698372957930882,-0.38415276821752115,-0.19391572068049254,0.43032157284549344,0.050195719471600286
2534,21.013908200000515,249.2125484766535,329.3227969868335,47.41697874167708,62.65933300440205,25.597564204027204,0.19026721981505337,-0.32345786381012687,0.11571135963070134,25.701107391879148,-0.34683660269397854,-0.08143745049347466,0.3562691220288082,0.1746781461861051
2535,21.029298900000867,249.17889624391924,329.30383614856385,47.41057582491416,62.65572537841911,25.73497609764138,0.19026721981505337,-0.3298607805730427,0.11931898561363852,25.7016542786688,-0.3079041288758421,-0.047435535320470956,0.31153664726630614,1.3781676448962885
2536,21.032785700001114,249.18235070892902,329.2973106606761,47.41123309636752,62.65448379198077,25.762458476364213,0.19026721981505337,-0.32920350911968654,0.12056057205197845,25.70176365602673,0.03398562026021934,0.11544923431232829,0.1203476135524702,0.962312104548058
2537,21.04503990000012,249.19643225120686,329.299181180794,47.41391235226743,62.654839690643215,25.665296871054096,0.19026721981505337,-0.3265242532197732,0.12020467338953722,25.73528437183035,0.17314291197309986,0.13366000949351023,0.2187314931698905,0.4151178808093482
2538,21.048757800001113,249.2099089966396,329.29770331521803,47.41647653515307,62.654558501268816,25.748522631046757,0.19026721981505337,-0.323960070334131,0.12048586276393536,25.741988514991075,0.3199752288856664,0.01450524086936518,0.320303838742393,1.1297810664613799
2539,21.061468400001104,249.22226179505833,329.2956172350545,47.41882686776514,62.6541615885958,25.76516778304529,0.19026721981505337,-0.32160973772206347,0.1208827754369537,25.70983111364275,0.31298166074140144,-0.09924658552349974,0.328340379329925,1.1698736632650453
2540,21.0653755000003,249.22879466629388,329.3030379147207,47.42006985901254,62.655573500685016,25.768496813444997,0.19026721981505337,-0.32036674647466157,0.11947086334773616,25.72393124958402,0.34601710131308094,-0.08824082900377181,0.35709141449267556,-0.8611404451751848
2541,21.07753960000082,249.23861040973753,329.3166347228208,47.42193747322798,62.65816052756059,25.601671469622595,0.19026721981505337,-0.31849913225922677,0.11688383647216227,25.726751276772276,0.23396669492175243,-0.09054009323613768,0.2508743167719982,-1.921976163518068
2542,21.08197839999957,249.24756458973906,329.3160284927169,47.423641160162596,62.658045181844145,25.735797550760456,0.19026721981505337,-0.31679544532460824,0.11699918218860716,25.693817052229456,0.3034259013386179,-0.13839691821231337,0.33349810280392667,-1.8617563010571558
2543,21.093428100000892,249.25535351926095,329.31216904944876,47.42512313812806,62.65731085630348,25.76262276698803,0.19026721981505337,-0.31531346735914667,0.1177335077292696,25.653731977340428,0.2687530800219058,-0.08217462682379997,0.28103538445343795,-3.404655362513159
2544,21.09702500000094,249.2654146127254,329.3161022599208,47.42703743440984,62.65805921732495,25.600496660331203,0.19026721981505337,-0.31339917107736426,0.11698514670780469,25.645714962362618,0.3099293694074323,-0.0830833138156922,0.3208723282800894,-3.9274468892689463
2545,21.109339900000123,249.27478489707784,329.32129698832006,47.42882029236245,62.659047603855164,25.568071438999837,0.19026721981505337,-0.3116163131247518,0.11599676017758753,25.59515434501159,0.21147328876692278,-0.07809092606779819,0.2254310195958503,-2.478819109954795
2546,21.113584900000205,249.28280373769718,329.3261433388769,47.43034601487324,62.659969705501865,25.561586394733563,0.19026721981505337,-0.31009059061396727,0.11507465853088661,25.585042221541382,0.14230735194821376,-0.12845216855155814,0.19170639536570155,-0.023190884904288778
2547,21.12504439999975,249.27627115537155,329.32307483618405,47.42910307859593,62.6593858700255,25.48299446400531,0.19026721981505337,-0.3113335268912749,0.11565849400724915,25.583019796847342,0.04985269523000662,-0.09819739172685246,0.11012728528231701,1.0948393862676873
2548,21.128814800000328,249.27198298049328,329.32679379449525,47.42828717948376,62.66009346588398,25.712062149637,0.19026721981505337,-0.31214942600344386,0.11495089814876991,25.61611323671322,0.019885594229685073,-0.02116323221909719,0.029039959638868604,4.805964129109352
2549,21.140749800000776,249.2763697685608,329.3303556751863,47.42912184145329,62.66077117502038,25.590384536860995,0.19026721981505337,-0.31131476403391645,0.11427318901237271,25.656230154666865,-0.0486797006654056,0.04359804563081342,0.06534908445953913,4.92298197825668
2550,21.14469310000095,249.27626483593903,329.324036367527,47.42910187621507,62.65956881792089,25.733538638329232,0.19026721981505337,-0.3113347292721329,0.11547554611185973,25.713210752613065,-0.03789699329174011,0.048962466231190646,0.061915306669632825,6.338303467817232
2551,21.15699230000064,249.2773372355961,329.3171464820185,47.42930591871635,62.658257898560336,25.762170984501786,0.19026721981505337,-0.3111306867708521,0.11678646547241556,25.69110864222183,0.013796016490269365,0.0798555439195999,0.08103849681290326,4.275144150180413
2552,21.161206400000083,249.27612904766855,329.3154240106413,47.429076040158364,62.6579301687202,25.767897453736296,0.19026721981505337,-0.31136056532884027,0.11711419531255274,25.720186450124057,0.00550435664071899,0.11251397387320167,0.11264853420603277,3.4593737313944843
2553,21.179197999999815,249.2801070910187,329.3185639494377,47.4298329314069,62.658527596145376,25.601551597680853,0.19026721981505337,-0.31060367408030487,0.11651676788737575,25.692504086899813,0.011542774727981889,0.04308298847391735,0.04460246119066338,-0.6552060390783172
2554,21.18691360000048,249.28126181914138,329.31424486919536,47.43005263831645,62.65770581675551,25.735773576372107,0.19026721981505337,-0.31038396717075756,0.11733854727724236,25.686967614254968,-0.08769971499833337,0.10398623200785113,0.13603079231548842,0.841263520633249
2555,21.192565400000603,249.28200826484394,329.31549969386134,47.43019466246501,62.65794456875606,25.595126822208016,0.19026721981505337,-0.31024194302219144,0.1170997952766939,25.652362089745527,-0.06935823297472912,0.07829273756878517,0.10459597142046852,-0.41583263590938296
2556,21.197240100000272,249.27022435625005,329.30539927649266,47.4279525709383,62.656022790424345,25.734488621277542,0.19026721981505337,-0.31248403454890195,0.11902157360840704,25.67893921482411,-0.16886604515544093,0.1614697013047695,0.23364118995992744,1.438121978278124
2557,21.205888099999356,249.27191323627932,329.3077035788888,47.42827390944607,62.65646122363487,25.594869831189104,0.19026721981505337,-0.3121626960411348,0.11858314039788098,25.684254639839825,-0.18460458171010358,0.14073398012436944,0.23213122312607737,1.1021922627855705
2558,21.21035850000044,249.26121179906005,329.29871239374563,47.42623777673833,62.65475049583484,25.73443722307376,0.19026721981505337,-0.3141988287488715,0.12029386819791199,25.718815954823434,-0.2906296699167458,0.23168775180892154,0.371678381634161,2.0536243429883942
2559,21.221449099999518,249.2582846697357,329.29854742216685,47.42568083997975,62.654719107151195,25.76235070145069,0.19026721981505337,-0.31475576550745643,0.12032525688155715,25.692229377488125,-0.31666641563391257,0.11035815740421004,0.33534540655282913,0.8994095759556991
2560,21.225342400000955,249.24795129438706,329.2901062158933,47.42371473738086,62.65311302230164,25.767933397126075,0.19026721981505337,-0.31672186810634173,0.12193134173111275,25.686912062021065,-0.3193717472864081,0.10067616196167295,0.3348641553706612,0.15168882048863985
2561,21.237742499999513,249.20820898448545,329.3028503454772,47.41615307856685,62.65553781240654,25.601555734601,0.19026721981505337,-0.3242835269203539,0.11950655162620905,25.685848598927652,-0.26511620260238405,0.09830512626118454,0.28275519222736795,-1.9059943546777989
2562,21.253482100000838,249.210163818387,329.31104889008026,47.416525019378504,62.65709772669469,25.568283253853796,0.19026721981505337,-0.3239115861087001,0.11794663733806487,25.636678691953502,-0.25682377116028776,0.11774135474011767,0.28252694747409507,-0.9419495076037572
2563,21.25732760000028,249.2064411010811,329.3035541536724,47.41581670830655,62.655671724035116,25.729119907606698,0.19026721981505337,-0.32461989718065354,0.11937263999763559,25.626844710558675,-0.06454899054742176,0.07437603806163465,0.09848028847661276,1.5297904422766853
2564,21.270341200000985,249.20584230041675,329.2967137337306,47.41570277616892,62.65437021635042,25.516501166579936,0.19026721981505337,-0.32473382931828354,0.12067414768232965,25.658376754611737,0.05228305759868374,0.14104155860520917,0.15042020929932898,1.6866072629729874
2565,21.273962100000062,249.21452743911786,329.29298946858887,47.417355273363285,62.653661610776055,25.718763490151925,0.19026721981505337,-0.32308133212391965,0.12138275325669667,25.698181088227038,0.10923114221766608,0.19978585643725366,0.22769679589871905,5.046756071412595
2566,21.285362099999475,249.21299083805096,329.2847341835535,47.41706290855032,62.65209090064359,25.759215954866324,0.19026721981505337,-0.32337369693688345,0.12295346338915891,25.7061419549501,0.17670788305998478,0.12914036769111065,0.21886733539506645,5.3838139155227465
2567,21.289058100001057,249.21898104691508,329.2809537485251,47.41820264893701,62.65137160778105,25.767304921930297,0.19026721981505337,-0.3222339565501926,0.12367275625170038,25.756691342650175,0.25836420647689157,0.11105402593558013,0.28122066045177824,4.808177060024074
2568,21.30100990000028,249.2286039043069,329.2798484224828,47.42003356325963,62.65116130046799,25.768924241221995,0.19026721981505337,-0.320403042227575,0.12388306356476164,25.746269603979258,0.2007619404298866,0.055686292560225864,0.2083418342634921,2.602765437501859
2569,21.30558910000036,249.2382193964869,329.2796178673394,47.42186307622387,62.65111743338185,25.769248105080337,0.19026721981505337,-0.3185735292633325,0.12392693065090299,25.74418525624507,0.19397583736456517,-0.16097951816007383,0.2520734629990507,8.851374942517971
2570,21.317798300000504,249.2490232329108,329.28482451078014,47.42391869214358,62.65210808695388,25.66665479679732,0.19026721981505337,-0.316517913343624,0.12293627707887111,25.743768691874017,0.14309947894040004,-0.20479958681666843,0.249840612457807,6.395969302039779
2571,21.321781599999667,249.24777598034683,329.3046198239841,47.42368138086583,62.65587448616257,25.748794216195403,0.19026721981505337,-0.3167552246213745,0.11916987787018485,25.87100074765215,-0.009676639200627044,-0.20921932054678025,0.20944297896151948,6.354751934380955
2572,21.33996079999997,249.25293444308477,329.3069593993554,47.4246628672295,62.65631963066401,25.765222100075018,0.19026721981505337,-0.31577373825770394,0.11872473336874378,25.896447158807778,-0.07906100678330916,-0.1968408033430878,0.21212483271494315,5.768321019396558
2573,21.347267700000884,249.2294819323044,329.30713230589356,47.42020062320563,62.656352529110315,26.405084520112663,0.19026721981505337,-0.3202359822815737,0.11869183492243707,25.88856982726937,-0.03386312787627116,-0.21994219034762819,0.22253376940248193,5.604664115114609
2574,21.353794099999504,249.23128634611322,329.30468072051633,47.420543944004436,62.65588607277645,25.89648016085847,0.19026721981505337,-0.3198926614827684,0.11915829125630495,25.866462744750756,0.03329176527530084,-0.04846287465006614,0.058796189115398884,-5.31207421962705
2575,21.358981100000165,249.2420371321826,329.31004164009005,47.42258946618068,62.65690608003939,25.62726813910529,0.19026721981505337,-0.3178471393065223,0.11813828399336046,25.862041328247027,0.0653756064647798,-0.06202380989199985,0.09011616344561445,-8.65389257562406
2576,21.36612249999962,249.25240381429563,329.3133502537725,47.424561905965035,62.657535600766195,25.638258803602312,0.19026721981505337,-0.31587469952216907,0.11750876326655657,25.700343446313468,0.20692172258621006,-0.07322566537645396,0.2194962353842746,-7.963317928426125
2577,21.3704230000003,249.25724997090788,329.3154362572908,47.42548397071044,62.65793249885615,25.7431150175564,0.19026721981505337,-0.31495263477676616,0.11711186517660366,25.63450563994629,0.2614115681732822,-0.13056383606967487,0.29220356476956866,-5.593311011122567
2578,21.38170639999953,249.2630048145043,329.31902477477195,47.426578928802,62.65861527610054,25.596595110444873,0.19026721981505337,-0.3138576766852026,0.11642908793221096,25.661301522798038,0.18760425176006812,-0.09178126867477876,0.20885199677763902,-5.732072310030015
2579,21.384765799999514,249.26823151978817,329.32248538070473,47.427573399485155,62.65927371597025,25.56729112902257,0.19026721981505337,-0.3128632060020493,0.11577064806250092,25.687192315579324,0.1226073976382973,-0.09331060505145315,0.15407609474121486,-1.309119284518263
2581,21.403081599999496,249.27066881263812,329.3227485674952,47.42803713641959,62.65932379178916,25.76124755336403,0.19026721981505337,-0.3123994690676142,0.115720572243589,25.658872244155113,0.07396714697385777,-0.21898645782147785,0.23114109877010228,3.305121353025852
2582,21.41381790000014,249.26791592142126,329.3281541828894,47.4275133514613,62.66035230320161,25.767712767508744,0.19026721981505337,-0.31292325402590393,0.11469206083113903,25.653208229870273,0.07291534085130116,-0.2218481771977569,0.23352357623466796,2.238530928285307
2583,21.417987700000594,249.26728491907602,329.34394803058564,47.42739329239937,62.66335735469295,25.601514660435342,0.19026721981505337,-0.3130433130878316,0.11168700933980347,25.685573656993775,0.011957883367786689,-0.1575613695541607,0.15801448082508257,0.22046991932781895
2584,21.429309099999955,249.27274621756197,329.34840003254874,47.428432398478876,62.664204424729085,25.568275039020662,0.19026721981505337,-0.31200420700832865,0.11083993930366631,25.65208329829329,0.021442858457090402,-0.1561857888898002,0.15765087005766903,1.0357961201190435
2585,21.43342440000015,249.2731845707479,329.3461026936841,47.42851580272086,62.66376731645033,25.72911826464007,0.19026721981505337,-0.3119208027663447,0.11127704758241919,25.645385226553195,0.006721218798915737,-0.14698157717941496,0.1471351719076415,1.4415117138604059
2586,21.446133200000986,249.2780434571401,329.3458259053546,47.4294402895261,62.66371465270441,25.59379575986161,0.19026721981505337,-0.31099631596110555,0.11132971132834513,25.677543842185642,-0.0025122703934609154,-0.006741171817458733,0.007194087850614568,-0.25999402574146746
2587,21.450418100001116,249.27528707888462,329.3469468938191,47.42891584109867,62.66392794006299,25.73422240880826,0.19026721981505337,-0.3115207643885327,0.11111642396976151,25.68397556531213,0.01232558939265107,0.01108795491587516,0.016578989658381258,0.25268319625997665
2588,21.461433500000567,249.27094731903756,329.34807400372824,47.42809012705791,62.66414239213183,25.762307738597592,0.19026721981505337,-0.31234647842929775,0.11090197190092255,25.675761787867117,-0.015202180426615235,-0.05405242939726621,0.056149545086935586,0.0018203906148483995
2589,21.465594900000724,249.2745773448961,329.34776068843206,47.42878080198587,62.664082778501495,25.600433654653113,0.19026721981505337,-0.31165580350133126,0.1109615855312569,25.674119032378115,-0.04896306596007973,-0.11263208837138933,0.1228143686997233,-0.5877333204619999
2590,21.477332500000557,249.26733665800137,329.3613008288463,47.42740313662086,62.666659023374024,25.688049377415,0.19026721981505337,-0.31303346886634387,0.10838534065872807,25.640292251299844,-0.12363169358881207,-0.3183625116828026,0.3415252326031278,-0.9547060301124578
2591,21.49354359999961,249.25915212714682,329.38590321014124,47.42584588868967,62.67134005006384,25.585581982416596,0.19026721981505337,-0.31459071679753237,0.10370431396891178,25.63352658990841,-0.12087223409028668,-0.29088271014810163,0.31499658416732323,-0.6453933364564863
2592,21.497596799999883,249.2485915901363,329.40887662040643,47.423836564672925,62.675711136964665,25.565088503416913,0.19026721981505337,-0.3166000408142793,0.09933322706808667,25.632173457630124,-0.0970579847343401,-0.21373939235099962,0.234744073925767,0.12599107531954357
2593,21.509120700000494,249.2448871553466,329.4017339256094,47.4231317321645,62.67435211628364,25.728479431640416,0.19026721981505337,-0.31730487332270485,0.10069224774910879,25.64140295324478,-0.08739454321130909,-0.1749712960918111,0.19558312974068495,0.7516955413646077
2594,21.513399100000242,249.25129670949093,329.3927384740781,47.4243512602118,62.672640576729805,25.59366799326168,0.19026721981505337,-0.316085345275404,0.10240378730294708,25.65621546613724,-0.0707522557962796,-0.12326424258055693,0.1421265464268395,6.814837054158119
2595,21.525412200000574,249.24693672620086,329.3943577142227,47.42352169831276,62.67294866505033,25.734196855488275,0.19026721981505337,-0.3169149071744428,0.10209569898242421,25.659177968715735,0.024274279082532955,0.057069115018413615,0.062017130810459294,7.345751573334062
2596,21.529690299999857,249.2466478168041,329.3950371824619,47.42346672832506,62.67307794558316,25.65964454687891,0.19026721981505337,-0.3169698771621441,0.10196641844959231,25.787086143059557,-0.20891024653817075,0.15825774366724715,0.26208587245268944,5.749204033016518
2597,21.54071339999973,249.24545406845886,329.405277850303,47.42323959714625,62.675026408982326,25.57990101630938,0.19026721981505337,-0.31719700834095477,0.10001795505042566,25.812667777928322,-0.2608332624292111,0.11710579500690033,0.2859156484239082,4.962899107366581
2598,21.544665299999906,249.21996718532762,329.3923198287867,47.41839027875112,62.67256092225412,26.368020303359536,0.19026721981505337,-0.3220463267360856,0.10248344177863089,25.784285874921608,-0.14629183821023353,0.21336333200922653,0.25869907880201,6.50745876339347
2599,21.55675909999991,249.221583440619,329.3799708263373,47.41869779915192,62.67021131189058,25.7215761676055,0.19026721981505337,-0.32173880633528285,0.10483305214216898,25.778609494320264,-0.11037370442402589,0.2551883330659152,0.27803496176064385,-1.4690864463876203
2600,21.560820000000604,249.23233296342624,329.37024600248276,47.420743080970794,62.66836099669259,25.592287340454696,0.19026721981505337,-0.31969352451640987,0.10668336734016037,25.81097244818046,-0.04976994149557576,0.4073227009679727,0.410352080292421,-1.9428086234783304
2601,21.572923199999423,249.24293965565147,329.358865516734,47.42276118681192,62.66619566330903,25.63126264387219,0.19026721981505337,-0.3176754186752859,0.1088487007237191,25.690129670300156,0.20602470463842143,0.3103158136972672,0.3724809836111715,0.0024100362102768003
2602,21.576483000000735,249.24822346982108,329.3479408664882,47.423766523443994,62.66411706047931,25.741715785610374,0.19026721981505337,-0.3166700820432098,0.1109273035534386,25.68995922263425,0.18572090552161075,0.3560980093528787,0.40161928117665113,1.6351658411652361
2603,21.589635700000144,249.25181035353927,329.3383432488486,47.424448989836854,62.66229094845418,25.76380641395801,0.19026721981505337,-0.31598761565035005,0.11275341557857388,25.72342305790576,0.09036336160641562,0.3038707342488395,0.3170220185629709,-0.024944189180351503
2604,21.593173900000693,249.25039536792582,329.3304735685598,47.4241797644581,62.66079360626479,25.720723929275977,0.19026721981505337,-0.31625684102910157,0.11425075776796234,25.750647441170997,0.1026615406217942,0.3765022104452184,0.39024775001654505,1.9293828926602035
2605,21.605419999999867,249.25212444622952,329.31795469585086,47.42450875137979,62.65841167515924,25.75960651681223,0.19026721981505337,-0.3159278541074144,0.11663268887350853,25.746592195753735,0.041209469296557624,0.2338820872510598,0.23748484393033648,2.0889744237994394
2606,21.60923399999956,249.2566994770359,329.30708877161896,47.42537922977189,62.65634424596492,25.767384560198384,0.19026721981505337,-0.31505737571531256,0.11870011806783509,25.7457808414945,-0.05947477317676263,0.06551231329619553,0.08848226849401093,1.128256997717662
2607,21.621683200000916,249.25507376452265,329.31554172415474,47.425069909971775,62.65795256574313,25.721439558524054,0.19026721981505337,-0.3153666955154293,0.11709179828962135,25.755118692712966,-0.09786361058765133,-0.04254281639262217,0.10671071878620172,-0.43439418881009556
2608,21.625061300001107,249.2470570153494,329.3280233094566,47.42354458539463,62.6603274022774,25.759749642661845,0.19026721981505337,-0.316892020092574,0.11471696175534873,25.747486446062126,-0.21307606492007214,-0.20804249886169224,0.29779706307222037,0.09322606826938323
2609,21.637905900000987,249.22896243498968,329.3359273361532,47.42010177989586,62.661831279462305,25.767413185368305,0.19026721981505337,-0.3203348255913454,0.11321308457044665,25.745959996731962,-0.2716309383696333,-0.35490997614485975,0.4469277993666454,0.16707572917053864
2610,21.641891600000235,249.21745789390366,329.3491872173391,47.417912842848175,62.66435420019062,25.721445283558037,0.19026721981505337,-0.3225237626390296,0.11069016384212915,25.755154828936234,-0.2831685451624086,-0.43115709037394107,0.5158302642818835,6.643242911288124
2611,21.653642799999943,249.21347168172787,329.3610623682996,47.41715439733989,62.66661365214876,25.759752313547544,0.19026721981505337,-0.3232822081473117,0.10843071188399023,25.756994100552873,-0.1950710836193996,-0.3169153312762601,0.37213983240495563,7.646061876877247
2612,21.657496699999683,249.21179992726792,329.37140115115693,47.416836317266586,62.6685807836193,25.767413719545445,0.19026721981505337,-0.3236002882206179,0.10646358041345394,25.884677323528546,-0.313706300585349,-0.21486452801144454,0.3802346754630963,13.58882253496556
2613,21.670215199999802,249.21106155408262,329.3802114328088,47.41669582905343,62.67025709141498,25.768946000745025,0.19026721981505337,-0.3237407764337732,0.1047872726177701,25.919713785018214,-0.2286116592781363,-0.09439886141381294,0.2473346635514863,13.621609962076503
2614,21.674753900000724,249.19051792147962,329.37083258232326,47.41278704919316,62.668472603608045,26.405829300246666,0.19026721981505337,-0.32764955629404113,0.10657176042470695,26.05403644596849,-0.3731000780128722,0.033531192563637784,0.3746038028209952,13.828805450998603
2615,21.685626300000877,249.1834479618152,329.37258485456516,47.41144186762361,62.66880600357587,25.896627591006368,0.19026721981505337,-0.3289947378635958,0.10623836045688506,26.080900978158546,-0.3519531878333686,0.12071632166678574,0.37207993327083544,4.549590250271676
2616,21.69013190000078,249.16481188059052,329.36199081813345,47.40789603226074,62.666790305717385,26.431365618298933,0.19026721981505337,-0.332540573226467,0.10825405831536727,26.086273884596558,-0.33509260102832367,0.13001709281455887,0.3594321851029439,3.210307054693097
2617,21.70119639999939,249.1661610084777,329.3663232050217,47.40815272707301,62.667614616925775,25.901736380495723,0.19026721981505337,-0.33228387841419504,0.10742974710697695,25.939501481020876,-0.14508173292923196,-0.04840511612317256,0.15294366445409502,-9.452315461447256
2618,21.717142100000274,249.17230044499053,329.37347167039604,47.40932086058953,62.6689747355585,25.795810532935082,0.19026721981505337,-0.3311157448976729,0.10606962847425194,25.876649075501053,-0.09690316726662204,-0.10589196203619983,0.1435386061315175,-10.481379324122681
2619,21.721899699999994,249.17452194962652,329.38594756847795,47.40974354010043,62.671348490001236,25.67196728236827,0.19026721981505337,-0.33069306538677523,0.1036958740315157,25.716231609533807,0.10477245213634112,-0.3723402737961507,0.3868003958338905,-11.020271543308342
2620,21.733896100000493,249.18190944858827,329.4060037988578,47.411149138989266,62.675164533195584,25.58236556340725,0.19026721981505337,-0.32928746649793794,0.09987983083716756,25.68414811634036,0.12175615874680225,-0.3714851522825063,0.39092938052688414,-5.603268996164866
2621,21.738168300000325,249.18688056038926,329.4258722876051,47.41209497861103,62.67894485531146,25.629278288462704,0.19026721981505337,-0.3283416268761741,0.09609950872129502,25.67773141770167,0.15224236154603307,-0.350617631505693,0.38224397990259434,3.0104783135962707
2622,21.748773600000277,249.1929069687106,329.4297865533466,47.4132416065678,62.679689611771714,25.741318914528478,0.19026721981505337,-0.32719499891940274,0.09535475226103785,25.82429506283721,0.0836004826998552,-0.18825580140227255,0.20598370680532155,10.787358498682552
2623,21.75363280000056,249.19867077293935,329.429300276032,47.41433826957397,62.679597089139,25.76372703974163,0.19026721981505337,-0.3260983359132368,0.09544727489375049,26.014421390497134,-0.0769511316631234,0.034274198855884994,0.08423893026058736,11.783457845029211
2624,21.764967299999626,249.18351779089107,329.41066216617594,47.41145515380774,62.67605086779408,26.404785508045986,0.19026721981505337,-0.3289814516794678,0.09899349623866982,26.072978272240057,-0.1178285080379912,0.20563262436777258,0.23699859390054703,12.126773812811427
2625,21.770045799999934,249.16521843698058,329.38945448197364,47.40797338661477,62.6720157406822,26.532997201706856,0.19026721981505337,-0.3324632188724337,0.10302862335055352,26.08468964858864,-0.08584103486958286,0.1855974444593671,0.20448739486170975,9.38299255009772
2626,21.780959699999585,249.16619398302444,329.3910647923684,47.40815900104834,62.67232212996405,25.92206269717731,0.19026721981505337,-0.33227760443886467,0.1027222340687004,26.087031923858355,-0.10405226379251059,0.17558155187416064,0.20409741536551798,-0.5660418016264366
2627,21.78560049999942,249.17273212002368,329.3952210320765,47.409402994197954,62.673112926138195,25.7998757962714,0.19026721981505337,-0.33103361128925,0.10193143789455661,26.0875003789123,-0.15134187639727198,0.23866040547134465,0.2826006947818667,-3.087176769358874
2628,21.7975821,249.18121022116804,329.39717561934725,47.411016098932,62.673484820024086,25.775438416090218,0.19026721981505337,-0.32942050655520205,0.10155954400866563,25.960278701270745,-0.0020630224354692486,0.07576812969080313,0.07579621058081737,-3.667652191024832
2629,21.80227930000001,249.1690932962588,329.3816654258329,47.408710645316816,62.670533738625316,26.4071277833157,0.19026721981505337,-0.33172596017038813,0.1045106254074355,25.92533424367212,0.053712032320222015,0.009231673166740659,0.05449959821343726,1.6885129742692113
2630,21.814000100001067,249.17283896737524,329.38289194239576,47.40942332374648,62.67076710452179,25.89688881349908,0.19026721981505337,-0.33101328174072364,0.10427725951096534,25.91834504697661,0.016848651096026256,0.027210125111798388,0.03200418648169873,2.1279193874331215
2631,21.818664500000523,249.18009252382623,329.39173586401694,47.410803437766184,62.67244981290091,25.74734040918419,0.19026721981505337,-0.32963316772102047,0.10259455113184401,26.044262576289857,-0.16299880701131658,0.206797468481889,0.26331312929216105,3.9757532192695004
2632,21.829623499999798,249.18491570908157,329.39637299188314,47.41172113181537,62.67333210632794,25.764929812793874,0.19026721981505337,-0.32871547367183496,0.10171225770481129,26.069446082152506,-0.11120244562881279,0.13322658458361122,0.17353762345279244,7.574519010452812
2633,21.832860399999845,249.17190794338367,329.38162498625206,47.409246180400025,62.6705260442987,26.405026062656432,0.19026721981505337,-0.3311904250871791,0.1045183197340549,26.064982661254724,-0.09090699603223132,0.05388487969202663,0.10567716019570314,15.093748593683557
2634,21.845738699999856,249.156216274176,329.3639990810357,47.406260570125625,62.667172412316454,26.533045312628946,0.19026721981505337,-0.3341760353615797,0.10787195171629804,26.200905467797824,-0.18412105115767255,0.16230012001819974,0.2454422344205013,9.802269541957985
2635,21.84991439999976,249.15977779290924,329.3731424094191,47.406938210393314,62.66891208798782,25.874571709010166,0.19026721981505337,-0.33349839509389057,0.10613227604493147,26.355405702934572,-0.31839651179169387,0.3151847891135422,0.4480153903714317,3.0809716164752965
2636,21.861662100000103,249.14926985716286,329.3619471013782,47.40493889467286,62.666781987851905,26.426954441899692,0.19026721981505337,-0.33549771081434443,0.10826237618084633,26.361726488604077,-0.1645181293234304,0.15090944586189176,0.22324846186799185,4.740723204632054
2637,21.865688199999568,249.13683528655633,329.34747530073514,47.40257300349396,62.66402847857783,26.5374309884776,0.19026721981505337,-0.3378636019932415,0.11101588545491836,26.23567527708563,-0.08736467570706936,0.07398280663207268,0.11448162402132515,0.6526807793953311
2639,21.88181649999933,249.13724101766564,329.34361662035843,47.40265020082412,62.6632942981904,26.43662999100395,0.19026721981505337,-0.33778640466308474,0.11175006584235092,26.347280525504598,-0.18933835793125647,0.2420896870345255,0.30733764877180125,-7.977418357248117
2640,21.893398199999865,249.14661112721916,329.3511782029412,47.40443302551823,62.66473301948582,25.90278925503673,0.19026721981505337,-0.336003579968974,0.11031134454692904,26.232786084465733,-0.12418829409435307,0.1671334316379162,0.2082217960760389,-7.752519947501121
2641,21.897121199999674,249.1398098252618,329.3428833568876,47.403138960703686,62.66315478218842,26.432597951105006,0.19026721981505337,-0.33729764478351854,0.11188958184433062,26.20988719625796,-0.06695798012047212,0.095558739828992,0.11668266306319255,-1.3015220420189406
2642,21.909150699999373,249.14964514430375,329.35511476012033,47.40501029951378,62.66548201727594,25.854482236705376,0.19026721981505337,-0.3354263059734208,0.10956234675681031,26.229886679974253,-0.09888398848399768,0.12099073161617643,0.15625876076406411,-2.6719657100756224
2643,21.91337680000106,249.14294870062673,329.34787292831135,47.40373618579271,62.66410413407128,26.422936547438734,0.19026721981505337,-0.3367004196944947,0.11094022996147146,26.23388657671751,-0.10875117743944614,0.1195140456431003,0.16158720772526194,1.006152156753116
2644,21.92520710000099,249.13332094590862,329.3371360787575,47.401904339669436,62.6620612635571,26.536627409585407,0.19026721981505337,-0.3385322658177685,0.11298310047565252,26.234686556066166,-0.09792557038894328,0.09909515416486923,0.13931714508616333,-3.069875393434334
2645,21.94131279999965,249.14217499355723,329.3482763292597,47.403588974699645,62.66418088804819,25.92278873875302,0.19026721981505337,-0.33684763078755964,0.11086347598455859,26.37166204265855,-0.15556060063065147,0.16789717498115242,0.22888547755421434,-5.847145831342516
2646,21.945079000000987,249.13636619711977,329.34190611844775,47.40248375115102,62.66296884574737,26.43659784784826,0.19026721981505337,-0.33795285433618716,0.11207551828537987,26.27174177132468,0.026126488765165698,-0.005422742444357753,0.026683319711275966,-7.718277016631627
2647,21.957129200000054,249.1279674342897,329.3323713660377,47.400885741897454,62.661154694914686,26.539359669667313,0.19026721981505337,-0.33955086358974995,0.1138896691180662,26.124442348405562,0.09792887180847551,-0.08807149476287651,0.1317066897444781,-7.825907265241568
2648,21.96063250000043,249.13914289006658,329.34232440889224,47.40301206479829,62.66304843270732,25.9233351907694,0.19026721981505337,-0.3374245406889145,0.11199593132543129,26.09498246382174,0.19528478968147986,-0.2080398339572877,0.2853361554270956,-9.584658129590895
2649,21.97315449999951,249.15257975938187,329.358156480641,47.405568660565926,62.66606075698287,25.800130294989817,0.19026721981505337,-0.33486794492127814,0.10898360704987908,26.089090486904976,0.23307093972109888,-0.2496693723347711,0.3415506674338592,-2.242015065676339
2650,21.977232400000503,249.16525446743336,329.3738332485782,47.40798024202885,62.66904353203396,25.7754893158339,0.19026721981505337,-0.3324563634583555,0.10600083199879151,26.087912091521623,0.31796928471406605,0.15344591939964047,0.35305823344311876,1.4711033693992928
2651,21.989712700000382,249.15839812003216,329.3663770133164,47.40667570387074,62.667624854880415,26.40713796326444,0.19026721981505337,-0.3337609016164649,0.10741950915233645,26.214991781097297,0.1687798432392823,0.31420444415602494,0.35666660652670207,5.43506346443594
2652,21.993720399999802,249.16454612424633,329.32075074746973,47.40784546753998,62.65894367212723,26.53346769275055,0.19026721981505337,-0.33259113794722595,0.11610069190552252,26.24040771901243,0.219528549054697,0.23326080317300457,0.3203176332126842,7.087211964903805
2653,22.005323499999577,249.15606954497758,329.3046978797385,47.40623265236898,62.65588933761395,26.55873363864777,0.19026721981505337,-0.3342039531182266,0.11915502641880238,26.372806275247804,0.07679922352826543,0.38620724919807803,0.39376917104782444,7.228388473340013
2654,22.0087225999996,249.16425008277758,329.3162257394659,47.40778914055277,62.658082711434695,25.927209984565494,0.19026721981505337,-0.332647464934432,0.11696165259805724,26.399285986494878,0.34464871937001296,0.23196589405421944,0.41544062845100177,-2.0740115317202896
2655,22.021425400000226,249.1560870873448,329.3140036394563,47.40623599010641,62.657659918643716,26.437482097010758,0.19026721981505337,-0.3342006153807944,0.11738444538903536,26.404581928744292,0.26701346449995056,-0.19363981830449162,0.32983718628629927,-1.7594986491339792
2656,22.024900700000217,249.17863969175806,329.3260137272469,47.41052701144771,62.65994504465737,26.539536519499812,0.19026721981505337,-0.32990959403949205,0.11509931937538198,26.278325748541832,0.35491267233170576,-0.4207600576368406,0.550456202693902,-2.8712964752830743
2657,22.03779679999934,249.1721127732813,329.32343153239765,47.40928515281518,62.659453737622385,26.559947403997622,0.19026721981505337,-0.3311514526720245,0.11559062641036633,26.380389881153683,0.23122076369822517,-0.2831031125851766,0.36552758298192173,-4.363946256355872
2658,22.041285200000857,249.17762215694336,329.339425693158,47.41033340792745,62.66249690212353,25.927452737635463,0.19026721981505337,-0.33010319755975104,0.11254746190922305,26.40080270767605,0.12362083339763363,-0.2225236475317644,0.2545562495024752,-4.404424168425316
2659,22.05377150000095,249.16708620329834,329.3366035546371,47.40832876131932,62.66195994167323,26.43753064762475,0.19026721981505337,-0.3321078441678864,0.11308442235952043,26.40488527298053,-0.16358485588045124,-0.06871256092691924,0.1774300456590247,5.013066372608555
2660,22.057577699999456,249.15387787406678,329.3298784277218,47.40581564923803,62.66068037047214,26.53954622962261,0.19026721981505337,-0.3346209562491751,0.11436399356060889,26.405701786041423,-0.26090190526807494,-0.010669880256574518,0.2611199925651063,4.839035789272431
2661,22.06942750000053,249.1413404096788,329.32293286376637,47.403430180745396,62.6593588573283,26.55994934602218,0.19026721981505337,-0.33700642474180853,0.11568550670445177,26.533180457305946,-0.3490954242669485,0.17967397931619106,0.3926198595173655,3.748050455812613
2662,22.073046900000918,249.130252399783,329.31668750060953,47.40132049592924,62.65817056944371,26.564029969302094,0.19026721981505337,-0.33911610955796334,0.1168737945890399,26.55867619155885,-0.39838279525308096,0.21685880266715513,0.4535819571454428,-1.3434433709309856
2663,22.08590069999991,249.12076271542426,329.3113267213438,47.39951492006938,62.65715058887678,26.564846093958078,0.19026721981505337,-0.3409216854178254,0.1178937751559701,26.56377533840943,-0.2865622610410363,0.1609572183903594,0.32867180530875006,-1.6907070403985696
2664,22.089620700000523,249.1128055775377,329.30685084537504,47.39800093756602,62.65629897639997,26.565009318889274,0.19026721981505337,-0.34243566792118685,0.11874538763278508,26.470289857720953,-0.13357717234627425,0.0993404624905451,0.16646737956687385,-4.021811574237366
2665,22.10190689999945,249.10627298862272,329.3031912880039,47.39675800003497,62.65560268259321,26.565041963875515,0.19026721981505337,-0.34367860545223294,0.1194416814395396,26.451592761583257,0.08778803692887603,-0.017267444091635144,0.08947012939123004,-5.443649304445858
2666,22.106072700000368,249.11861307747796,329.3074949045205,47.399105914433726,62.65642151974298,26.092521942579793,0.19026721981505337,-0.3413306910534786,0.11862284428977432,26.447853342355717,0.5406782303876536,0.11318859349936078,0.5523989559308455,-5.529693415461594
2667,22.11757849999958,249.15029688509213,329.32289881157936,47.40513430442163,62.65935237831335,26.47054448861362,0.19026721981505337,-0.3353023010655747,0.1156919857194012,26.44710545851021,0.616485686000438,0.08727232620449908,0.6226323634092393,1.183905256969524
2668,22.12204120000024,249.20011465706403,329.305738435805,47.414612993392105,62.656087321323774,26.54614899782038,0.19026721981505337,-0.3258236120950997,0.11895704270897767,26.446955881741108,0.5358298826565118,0.09574755267243401,0.5443172392919883,2.236584514754556
2669,22.133238300000812,249.19846997896326,329.299891945377,47.414300065062385,62.65497492584437,26.561269899661735,0.19026721981505337,-0.32613654042481954,0.12006943818838067,26.541431276445884,0.3719585125749453,0.14015461396771084,0.3974876738886425,2.4833897717709332
2670,22.138288300000568,249.1850812093404,329.2972630254068,47.4117526210895,62.65447472855052,26.564294080030006,0.19026721981505337,-0.3286839843977063,0.12056963548223365,26.560326355386838,0.23250449262383716,0.19335016269919064,0.3023948156071321,2.5060478530881287
2671,22.14952269999958,249.16998093465932,329.2957589326212,47.408879533807486,62.654188548997865,26.56489891610366,0.19026721981505337,-0.33155707167971826,0.1208558150348864,26.56410537117503,-0.2998751594463519,0.05167376366455499,0.30429474051359356,2.5194467590379195
2672,22.165174100000513,249.1557230779031,329.29483359301855,47.40616673104196,62.654012487204284,26.565019883318392,0.19026721981505337,-0.3342698744452477,0.12103187682846794,26.56486117433267,-0.22338992025627613,-0.020360758937031105,0.2243158865898653,0.8324500989969996
2673,22.169689399999697,249.14295756390936,329.29428182354764,47.403737872184855,62.65390750356107,26.56504407676134,0.19026721981505337,-0.3366987333023488,0.1211368604716796,26.565012334964194,-0.17091178980311394,-0.05830851845839957,0.18058439361837814,0.0844139173737124
2674,22.181760499999655,249.16544672740312,329.3108293670197,47.40801682279878,62.65705595865227,26.56504891544993,0.19026721981505337,-0.33241978268842587,0.11798840538047983,26.5650425670905,-0.15779369002814697,-0.05857330706812927,0.16831423265308343,-1.6784686462099043
2675,22.186021900000924,249.16002546969258,329.31286053999713,47.4069853351663,62.65744242428765,26.565049883187644,0.19026721981505337,-0.33345127032090716,0.11760193974510003,26.56504861351576,-0.23131750353729683,-0.04104037684809629,0.23492998951721997,-2.6373411079757414
2676,22.197168799999417,249.1488854567786,329.31144572581957,47.40486575588045,62.65717323152753,26.56505007673519,0.19026721981505337,-0.33557084960675354,0.11787113250522196,26.470544817918004,-0.09467295348444875,-0.0649556311731736,0.11481377157194149,-4.463440884679549
2677,22.201151200000822,249.13756316106964,329.3093754085057,47.402711494153976,62.656779318008084,26.5650501154447,0.19026721981505337,-0.3377251113332278,0.1182650460246677,26.45164405879845,0.12866298520516856,-0.18530220768957223,0.22559049611305612,-5.702207973040767
2678,22.213149299999714,249.14672599534555,329.3154496260522,47.404454881157285,62.657935042493214,26.092525098772533,0.19026721981505337,-0.335981724329919,0.11710932153953735,26.342497085685476,0.22123538630832923,-0.20514973777208947,0.3017142871376043,-5.771531693292249
2679,22.21667510000043,249.1739877122153,329.3314335124701,47.40964189223348,62.66097625212378,26.470545119852165,0.19026721981505337,-0.33079471325372367,0.11406811190897059,26.320667691062884,0.1651471058435042,-0.18546406805658824,0.2483354326482316,0.8454610640517117
2680,22.229322499999398,249.1886652324972,329.3440583292894,47.41243454321129,62.663378340920666,26.01931501762278,0.19026721981505337,-0.3280020622759139,0.11166602311208607,26.316301812138363,0.23000175379198146,-0.1873881971904967,0.29667346223363444,2.099537466538106
2681,22.233127600000444,249.17925401564383,329.3416069285138,47.410643897145526,62.66291191971044,26.455903103622216,0.19026721981505337,-0.32979270834167806,0.11213244432231306,26.409933641236275,0.0610045411222708,-0.10577039364273846,0.12210213023890566,9.697062629933548
2682,22.245504399999845,249.1651595732469,329.33579846064407,47.40796218677582,62.66180675867748,26.543220720822102,0.19026721981505337,-0.33247441871138506,0.11323760535527327,26.428799715243375,-0.11699765691147235,0.006981433955636093,0.11720576838556838,11.21300173913233
2683,22.24928209999962,249.1512676154797,329.32960848967275,47.405319002593664,62.660629010110036,26.56068424426208,0.19026721981505337,-0.33511760289353987,0.11441535392271618,26.53793975133386,-0.08198086133034302,0.005289633112411672,0.0821513350039356,11.353536253087247
2685,22.265004200000476,249.19928882069405,329.35429880330963,47.41445586380197,62.66532676744208,26.564875489887676,0.19026721981505337,-0.3259807416852354,0.10971759659067004,26.559767758551953,-0.11420483669258452,0.04500964898505918,0.12275427986729481,6.483071463397833
2686,22.27721659999952,249.22469937192156,329.36703234242896,47.41929065873799,62.667749542528725,26.565015198075194,0.19026721981505337,-0.32114594674921193,0.10729482150402703,26.564133359995573,-0.026786547742607095,0.005728849286093029,0.02739231377795125,6.17875884374959
2687,22.28064590000031,249.2133136674433,329.36124355924005,47.41712433240128,62.66664812684526,26.5650431397127,0.19026721981505337,-0.32331227308592503,0.1083962371874918,26.565006480284296,0.2950039587547862,-0.14471350299651264,0.32858687379522217,0.40099459267802334
2688,22.29336239999975,249.22804536632373,329.36840232047405,47.41992729179041,62.668010204442574,26.5650487280402,0.19026721981505337,-0.320509313696796,0.10703415959017804,26.565041405095844,0.25464611784732094,-0.12119580451577217,0.282016078206433,0.12333902819244373
2689,22.297279700000217,249.24676582766492,329.3774704531654,47.42348918192346,62.66973557283867,26.5650498457057,0.19026721981505337,-0.3169474235637466,0.10530879119408354,26.565048390058156,0.2130604269723258,-0.09914771552876081,0.23500003199191666,0.051849006270976876
2691,22.313376600000993,249.27886013534723,329.3928011928736,47.42959567661806,62.67265251006066,26.565050113945418,0.19026721981505337,-0.3108409288691476,0.10239185397209383,26.56504978705062,0.43511425923477054,-0.20753664502220262,0.4820745560766455,0.0009307131847490277
2692,22.325663199999326,249.2909979928212,329.3984932669684,47.43190511301414,62.673735525173655,26.565050122886742,0.19026721981505337,-0.3085314924730653,0.10130883885909725,26.565050066463414,0.42432825629769516,-0.20093820179636512,0.4695004047216565,0.0003814596558297536
2693,22.329513200000292,249.30068147452366,329.4029604139101,47.433747562155794,62.674585476802754,26.565050124675007,0.19026721981505337,-0.30668904333141,0.10045888722999763,26.565050122345973,0.2540501434928022,-0.1177266832317279,0.28000187026778406,2.4845280180304413e-05
2695,22.34448060000068,249.31377836333692,329.40879098290065,47.436239470778524,62.67569484295453,26.565050125104193,0.19026721981505337,-0.30419713470868004,0.09934952107822426,26.565050124581163,0.20638011021368585,-0.09259493659694204,0.22620029216427825,7.493157003064705e-06
2696,22.357467499999984,249.3177291062151,329.4104558023658,47.436991167642155,62.67601160352566,26.565050125118496,0.19026721981505337,-0.30344543784504907,0.09903276050709309,26.5650501250282,0.17308089292057688,-0.07633107279372782,0.18916508178843572,2.9449604674885314e-06
2697,22.360931200000778,249.3202960766026,329.4114671000055,47.437479577961135,62.67620402031597,26.56505012512136,0.19026721981505337,-0.30295702752606957,0.09884034371678041,26.565050125117608,0.08180635402328494,-0.03237937208344175,0.0879812667282132,4.20029125974492e-08
2698,22.373718900000313,249.32173890562527,329.41192591806777,47.43775410102795,62.67629131835308,26.56505012512193,0.19026721981505337,-0.3026825044592556,0.09875304567967191,26.565050125121186,0.04773585286076265,-0.01648644892865564,0.050502620195605225,1.2138007777692903e-08
2699,22.378088299999945,249.32224838607428,329.41194906984896,47.43785103845653,62.67629572337812,26.565050125122045,0.19026721981505337,-0.3025855670306754,0.09874864065463385,26.565050125121896,0.034301556925279725,-0.010237702790157581,0.03579675077318898,5.2539149228049365e-09
2700,22.38928719999967,249.32202098934084,329.411634423224,47.43780777231226,62.67623585643956,26.56505012512207,0.19026721981505337,-0.3026288331749427,0.0988085075931906,26.56505012512204,-0.0052375070333031265,0.00784470323313767,0.009432435991826308,9.171817719209796e-11
2701,22.40545159999965,249.3212317182825,329.4110522215286,47.43765759990231,62.67612508254161,26.565050125122074,0.19026721981505337,-0.30277900558489534,0.09891928149114193,26.565050125122067,-0.013963911357005964,0.011801497686037311,0.018282947465325827,3.5764680086564265e-11
2702,22.409494100000302,249.32002732043975,329.4103115783314,47.43742844247322,62.6759841624196,26.565050125122074,0.19026721981505337,-0.3030081630139847,0.09906020161314899,26.565050125122074,-0.036683843298110266,0.02211196969209525,0.04283273937987679,3.241096261786532e-12
2703,22.42229589999988,249.3185360354322,329.40943977202426,47.437144699820884,62.675818286257325,26.565050125122074,0.19026721981505337,-0.30329190566632036,0.0992260777754268,26.565050125122074,-0.044237501732843104,0.025518217367035887,0.05106991264095317,7.03194375788982e-13
2704,22.425787300000593,249.31685858771547,329.40851228675604,47.436825536507435,62.67564181621392,26.565050125122074,0.19026721981505337,-0.3036110689797695,0.0994025478188334,26.565050125122074,-0.0475861812568199,0.02689321947373489,0.05465976491231362,3.515362946917586e-13
2706,22.442069300001094,249.31329597893193,329.4065973865746,47.43614768883891,62.67527747348018,26.565050125122074,0.19026721981505337,-0.3042889166482965,0.09976689055257282,26.565050125122074,-0.05191989197061203,0.028027725680773143,0.05900193716376348,0.0
2707,22.45487990000038,249.3115431414615,329.4056730893194,47.43581418132662,62.67510161001115,26.565050125122074,0.19026721981505337,-0.30462242416058416,0.09994275402160469,26.565050125122074,-0.05306344811452885,0.028290217155393205,0.060133733565300926,0.0
2708,22.458973000000697,249.30985752608802,329.404801145865,47.43549346397583,62.674935707754244,26.565050125122074,0.19026721981505337,-0.30494314151137303,0.10010865627850762,26.565050125122074,-0.047980295564234464,0.024771819752785307,0.05399770195384042,0.0
2709,22.469814300000508,249.3082688248814,329.40398806722794,47.435191186214126,62.67478100554248,26.565050125122074,0.19026721981505337,-0.3052454192730778,0.1002633584902739,26.565050125122074,-0.045487014113216075,0.023255733507194842,0.05108715683900977,0.0
2710,22.474027599999317,249.30680734904263,329.4032583693461,47.43491311526946,62.67464216795519,26.565050125122074,0.19026721981505337,-0.3055234902177446,0.10040219607756029,26.565050125122074,0.008736063169939565,0.12659724480082735,0.12689831043347183,0.0
2712,22.4902775999999,249.3043164505261,329.40199464845034,47.43443917893388,62.674401723293734,26.565050125122074,0.19026721981505337,-0.3059974265533256,0.10064264073901796,26.565050125122074,0.035135882051394965,0.16092166223356952,0.1647128154805951,0.0
2713,22.502523299999666,249.3200900379245,329.3678555346712,47.43744037555468,62.66790616902803,26.565050125122074,0.19026721981505337,-0.30299622993252484,0.10713819500472255,26.565050125122074,0.032902539546581434,0.14880655763104078,0.15240068471832605,0.0
2714,22.506605900000068,249.32124107637566,329.3633033001717,47.43765938044068,62.667040028025866,26.565050125122074,0.19026721981505337,-0.30277722504652615,0.10800433600688564,26.565050125122074,0.02114672438026438,0.10544640563111132,0.10754593629019989,0.0
2715,22.517917499999385,249.31891958305874,329.3660562327578,47.437217676361456,62.66756382085536,26.565050125122074,0.19026721981505337,-0.3032189291257481,0.1074805431773953,26.565050125122074,0.01693768323413277,0.08682312453636858,0.08845982177009848,0.0
2716,22.52246709999963,249.31593595045217,329.37045235164646,47.436649988880454,62.66840025817428,26.565050125122074,0.19026721981505337,-0.3037866166067502,0.1066441058584715,26.565050125122074,-0.054591041893863414,-0.05561478647398724,0.07793065077108458,0.0
2717,22.53353319999951,249.31301566485914,329.3750074970913,47.4360943542596,62.669266953033926,26.565050125122074,0.19026721981505337,-0.3043422512276024,0.10577741099882587,26.565050125122074,-0.07585826484378494,-0.11587545690247024,0.138497645674813,0.0
2718,22.53805579999971,249.3103400978554,329.37932774097203,47.43558528156437,62.67008895382603,26.565050125122074,0.19026721981505337,-0.30485132392283276,0.1049554102067205,26.565050125122074,-0.07413847231564284,-0.11734167889523317,0.13880051398769871,0.0
2720,22.55410210000082,249.30589623322777,329.3868461826633,47.434739759796436,62.67151946682397,26.565050125122074,0.19026721981505337,-0.30569684569076827,0.10352489720877855,26.565050125122074,-0.06109956224503153,-0.10208759493619374,0.11897492822603782,0.0
2721,22.5651299000001,249.30413137642216,329.38995495386894,47.43440396539866,62.67211096407831,26.565050125122074,0.19026721981505337,-0.3060326400885458,0.10293339995444484,26.565050125122074,-0.05508136070129818,-0.09400625893556272,0.10895472920330986,0.0
2722,22.56986440000037,249.30264874986727,329.39263186590864,47.43412187016604,62.67262029268979,26.565050125122074,0.19026721981505337,-0.30631473532116615,0.10242407134295917,26.565050125122074,-0.039607929086442895,-0.07132087674423948,0.08158097514790866,0.0
2723,22.581378299999415,249.30143123043558,329.39492615495374,47.4338902161287,62.673056820687854,26.565050125122074,0.19026721981505337,-0.30654638935850187,0.10198754334489735,26.565050125122074,-0.03165832834229293,-0.058696490024373396,0.06668978703377147,0.0
2724,22.58673590000035,249.30044020506983,329.396850130047,47.43370165648759,62.67342289007985,26.565050125122074,0.19026721981505337,-0.30673494899961185,0.10162147395290333,26.565050125122074,-0.030569251140748016,-0.058563632196271025,0.0660619264881538,0.0
2725,22.598283499999525,249.29965457641396,329.3984297566328,47.43355217710743,62.67372344123868,26.565050125122074,0.19026721981505337,-0.3068844283797745,0.10132092279407345,26.565050125122074,-0.02010037199757847,-0.04038280119229011,0.04510870854477064,0.0
2726,22.602825899999516,249.2990576260371,329.39969441425586,47.433438597018856,62.673964064128626,26.565050125122074,0.19026721981505337,-0.3069980084683479,0.10108029990412604,26.565050125122074,-0.016769824141435078,-0.034591490111485414,0.03844214080755196,0.0
2727,22.614268999999695,249.29862228614795,329.40069722416945,47.43335576610848,62.67415486598289,26.565050125122074,0.19026721981505337,-0.30708083937872743,0.10088949804985958,26.565050125122074,-0.29476638324380017,0.11622114448761274,0.31685102984942537,0.0
2728,22.63029160000042,249.29833034570692,329.4014514666869,47.43330021941241,62.67429837360976,26.565050125122074,0.19026721981505337,-0.3071363860747951,0.10074599042299326,26.565050125122074,-0.3063221552959296,0.1270976554995425,0.3316429960946318,0.0
2729,22.634805400000914,249.26452017797948,329.38518342331236,47.42686725279743,62.67120309822505,26.565050125122074,0.19026721981505337,-0.31356935268977537,0.10384126580770214,26.565050125122074,-0.27605781839433613,0.12323358603204362,0.30231512668564464,0.0
2730,22.646122899999682,249.26031339410423,329.38349678356246,47.426066839725124,62.670882185969006,26.565050125122074,0.19026721981505337,-0.31436976576208053,0.10416217806374561,26.565050125122074,-0.25826727078542117,0.11810534284249813,0.2839909420507881,0.0
2731,22.65079610000066,249.2634159034577,329.38527238924996,47.42665714555426,62.67122002552665,26.565050125122074,0.19026721981505337,-0.3137794599329453,0.10382433850610084,26.565050125122074,-0.2120603539944635,0.09736864439074357,0.23334576629274473,0.0
2732,22.661848600000667,249.26816263064958,329.38773045082814,47.42756029214028,62.671687714069265,26.565050125122074,0.19026721981505337,-0.31287631334692634,0.10335664996348726,26.565050125122074,0.08753080475802673,-0.04665864480620531,0.09919007468864728,0.0
2733,22.66594090000035,249.27305719818975,329.3901531327266,47.42849156789834,62.67214867101858,26.565050125122074,0.19026721981505337,-0.31194503758886327,0.1028956930141689,26.565050125122074,0.13709391387423722,-0.0683866857567145,0.1532040469770443,0.0
2734,22.678025799999887,249.27767973533844,329.3923380878691,47.42937108519011,62.67256439635897,26.565050125122074,0.19026721981505337,-0.3110655202970918,0.10247996767377998,26.565050125122074,0.12541580088939633,-0.05982674339656749,0.13895453334874483,0.0
2735,22.682574899999963,249.28191383031898,329.3942576176704,47.43017669467049,62.672929619957614,26.565050125122074,0.19026721981505337,-0.3102599108167112,0.10211474407513776,26.565050125122074,0.1413943895642016,-0.06487184607502892,0.15556583755251488,0.0
2736,22.69320119999975,249.28570749200358,329.39590479748404,47.430898504132145,62.67324302428129,26.565050125122074,0.19026721981505337,-0.3095381013550593,0.10180133975146077,26.565050125122074,0.1083002273675232,-0.04720401111729342,0.11814041608788578,0.0
2737,22.6971338000003,249.28904772261026,329.39730078433195,47.43153404052322,62.673508634817736,26.565050125122074,0.19026721981505337,-0.3089025649639865,0.10153572921501564,26.565050125122074,0.10061181617048803,-0.04278093293617225,0.10932952838100668,0.0
2739,22.713586699999723,249.29441741137407,329.3994021455784,47.43255571627558,62.67390845497993,26.565050125122074,0.19026721981505337,-0.30788088921162426,0.10113590905282166,26.565050125122074,0.08047206022237245,-0.03186191628394126,0.0865501830484374,0.0
2740,22.72506869999961,249.29648948467946,329.40014350514457,47.43294996390265,62.67404951140347,26.565050125122074,0.19026721981505337,-0.3074866415845534,0.10099485262928454,26.565050125122074,0.07123798556987679,-0.027357388730244427,0.07631040103545307,0.0
2741,22.72932320000109,249.29819768855268,329.40071794415724,47.43327497910448,62.67415880831736,26.565050125122074,0.19026721981505337,-0.3071616263827224,0.1008855557153936,26.565050125122074,0.04831711045850245,-0.01638402507277613,0.05101940259003905,0.0
2742,22.741364800000156,249.29957459914013,329.40115910029715,47.43353696005389,62.674242745869606,26.565050125122074,0.19026721981505337,-0.3068996454333117,0.10080161816314614,26.565050125122074,0.03854534577569828,-0.012129196747093427,0.04040867598298468,0.0
2743,22.745769400000427,249.30066269275378,329.4014524948009,47.43374398860066,62.67429856922614,26.565050125122074,0.19026721981505337,-0.3066926168865436,0.10074579480661328,26.565050125122074,0.03706722978947948,-0.010512825286263466,0.03852919697794876,0.0
2744,22.757574200000818,249.30148403256345,329.40164028434475,47.433900262642766,62.674334299420565,26.565050125122074,0.19026721981505337,-0.30653634284443854,0.10071006461218701,26.565050125122074,0.023114439373689163,-0.005451645634181943,0.02374863675415174,0.0
2745,22.76177160000043,249.30207846663694,329.4017330080979,47.4340133639613,62.674351941711286,26.565050125122074,0.19026721981505337,-0.3064232415259056,0.10069242232146536,26.565050125122074,0.020898572905576465,-0.003910854182539261,0.021261352965575346,0.0
2746,22.77326279999943,249.30247884517485,329.4017561890362,47.43408954287258,62.674356352283965,26.565050125122074,0.19026721981505337,-0.30634706261462696,0.10068801174878672,26.565050125122074,0.011888057760599702,-0.001212632422914855,0.011949744545908048,0.0
2747,22.777697699999408,249.3027277130027,329.40173909608717,47.43413689426228,62.67435310005608,26.565050125122074,0.19026721981505337,-0.3062997112249235,0.10069126397667105,26.565050125122074,0.009305626454452175,0.000366082513227024,0.009312824497234487,0.0
2748,22.789350200000627,249.30284715041864,329.4016890464827,47.43415961928736,62.674343577256984,26.565050125122074,0.19026721981505337,-0.30627698619984756,0.10070078677576788,26.565050125122074,0.003443805726363157,0.001775875473635093,0.003874729871718845,0.0
2749,22.793418600000223,249.30285412158904,329.40158498134724,47.434160945672566,62.67432377707298,26.565050125122074,0.19026721981505337,-0.3062756598146379,0.10072058695977404,26.565050125122074,0.0015602962222714114,0.0022969872361335237,0.0027768101599127664,0.0
2751,22.809365299999627,249.30265602847334,329.4013464673401,47.434123255046174,62.674278395675955,26.565050125122074,0.19026721981505337,-0.30631335044103025,0.10076596835679652,26.565050125122074,-0.0025003291232498135,0.003346252861009264,0.004177206474952353,0.0
2752,22.821755299999495,249.3024744624406,329.40120179017487,47.43408870898192,62.67425086835395,26.565050125122074,0.19026721981505337,-0.3063478965052866,0.10079349567880058,26.565050125122074,-0.0036027762887289533,0.003577176791541923,0.005077025781357993,0.0
2753,22.82581930000015,249.30226885364726,329.40107406814917,47.43404958836844,62.67422656703921,26.565050125122074,0.19026721981505337,-0.3063870171187659,0.10081779699353888,26.565050125122074,-0.004234992259030398,0.002894410303701189,0.0051295974930026435,0.0
2754,22.837734400000045,249.302045790072,329.4009505849084,47.43400714668213,62.6742030722263,26.565050125122074,0.19026721981505337,-0.3064294588050771,0.10084129180645363,26.565050125122074,-0.0059900447838833505,0.003501411636208736,0.006938336973591443,0.0
2755,22.85376560000077,249.30180691870942,329.40082816136385,47.43396169729208,62.67417977903884,26.565050125122074,0.19026721981505337,-0.3064749081951277,0.10086458499391426,26.565050125122074,-0.006107430870093286,0.0034350119605827106,0.007007140572467111,0.0
2756,22.857717900000353,249.3015755394918,329.4007060027433,47.43391767341162,62.674156536257726,26.565050125122074,0.19026721981505337,-0.30651893207558345,0.10088782777502558,26.565050125122074,-0.006016426888539122,0.00334054070803952,0.006881613526434459,0.0
2757,22.87001070000042,249.30135747740223,329.4005839103538,47.43387618334409,62.674133306078225,26.565050125122074,0.19026721981505337,-0.3065604221431144,0.10091105795452648,26.565050125122074,-0.006224730881336913,0.0033625361583542396,0.007074879784230196,0.0
2758,22.87422820000029,249.3011541886865,329.40046183452205,47.433837504165325,62.67411007904911,26.565050125122074,0.19026721981505337,-0.3065991013218792,0.10093428498364432,26.565050125122074,-0.006138980012626769,0.003334184911340041,0.006985976282413114,0.0
2760,22.889742900000783,249.30077880946135,329.400292078769,47.43376608180378,62.674077780093924,26.565050125122074,0.19026721981505337,-0.3066705236834224,0.10096658393882763,26.565050125122074,-0.005099060744729581,0.0027190900954848396,0.005778743066256358,0.0
2761,22.902266600000075,249.30062042258018,329.40020577115706,47.433735945972245,62.67406135858455,26.565050125122074,0.19026721981505337,-0.3067006595149593,0.10098300544819949,26.565050125122074,-0.004824159376338785,0.002466107658404246,0.005417951704395074,0.0
2762,22.906834699999308,249.30047782903372,329.4001384178869,47.4337088150946,62.6740485434651,26.565050125122074,0.19026721981505337,-0.3067277903926069,0.100995820567654,26.565050125122074,-0.003457742189889597,0.0015282071810576515,0.0037803965717869703,8.638323120902795
2763,22.918931899999734,249.30035062791274,329.4000986913858,47.43368461289095,62.67404098481417,26.565050125122074,0.19026721981505337,-0.3067519925962543,0.10100337921858227,26.565050125122074,-0.003150675430148993,0.0013953693474559464,0.0034458397063653694,54.09142347469394
2765,22.933801799999856,249.30016782641496,329.40003477844107,47.433649831758196,62.67402882427587,26.565050125122074,0.19026721981505337,-0.30678677372900864,0.10101553975687949,27.207305130004887,0.11299903333610496,0.25416402521982095,0.2781512776365335,67.53085444160607
2766,22.937917000001107,249.30010146588108,329.40000411697355,47.43363720552391,62.67402299040369,26.565050125122074,0.19026721981505337,-0.3067993999632961,0.1010213736290595,28.14254812316895,0.2727769534774085,0.5815939441555591,0.6423852288361213,90.41398673529257
2768,22.95365429999947,249.34793705908584,329.29536120396614,47.44273875085118,62.65411287427242,29.776325149536135,0.19026721981505337,-0.29769785463602716,0.12093148976033063,29.20004990783692,0.7785172981285293,1.3562811779035742,1.5638375289718724,162.24904588300163
2769,22.96515890000046,249.3958831905527,329.19620053048374,47.451861327986265,62.63524584861394,31.241265090942385,0.19026721981505337,-0.28857527750093936,0.1397985154188106,30.51635632687989,0.9514931722329455,1.6676778596632238,1.9200230989279334,164.39298820614457
2770,22.96937330000037,249.45184936819481,329.1103904646522,47.462509857009906,62.61891900595602,31.852559048461917,0.19026721981505337,-0.2779267484772987,0.15612535807672856,32.03006469320802,1.0536283651048466,2.0157601433879417,2.2745157039301547,130.68377271810505
2772,22.986650599999848,249.53017272967722,328.96893362950465,47.47741222524573,62.59200440720866,33.14658222033692,0.19026721981505337,-0.26302438024147534,0.18303995682408924,32.96150686696192,1.4052492640912513,2.3098227944919643,2.7037024311457927,138.89524545551905
2773,22.997698900000614,249.55964813237048,328.86779035317693,47.48302042816911,62.5727601572188,34.1335919567627,0.19026721981505337,-0.25741617731809185,0.20228420681394965,33.610256682818324,1.409441162927428,2.2610757043785283,2.664392563547098,119.74586766859382
2774,23.002597099999548,249.619797134411,328.79736903604817,47.494464811562004,62.559361288993,34.43353601830567,0.19026721981505337,-0.2459717939252002,0.21568307503974893,34.140508965325544,1.0582995241662698,1.5816192874758086,1.9030284951534588,49.340222782653335
2776,23.01877710000008,249.68901064395976,328.67863691057823,47.50763387359749,62.536770457577106,34.48501417022442,0.19026721981505337,-0.2328027318897128,0.23827390645564606,34.44256970493245,1.24293678712284,1.544245941096678,1.982318688651452,39.334080784397116
2777,23.030099300000074,249.73488999009152,328.6502653067461,47.516363209232914,62.531372271394275,34.503820460998014,0.19026721981505337,-0.22407339625429046,0.24367209263847656,34.5234902757054,1.248373954499121,1.2385713579025734,1.758549555425834,27.678191195625985
2778,23.034269800000402,249.77403164058927,328.6202155576436,47.523810582252096,62.52565478917639,34.65688591837148,0.19026721981505337,-0.21662602323510782,0.24938957485635882,34.53967438986,0.9864353695042445,0.7268596763825569,1.225308013260311,6.070772819899753
2779,23.045495300000766,249.8055837158114,328.6076219436101,47.529813907884005,62.523258637246826,34.538194810627424,0.19026721981505337,-0.21062269760319907,0.2517857267859256,34.54461334476888,0.8846123788542428,0.444348935393889,0.9899419362810351,1.817848583903355
2780,23.05003840000063,249.83009999999777,328.60339779547286,47.534478553116344,62.52245492032466,34.51445658907861,0.19026721981505337,-0.2059580523708604,0.25258944370808933,34.54560113575066,0.8245736012213394,0.31512974048577985,0.8827391331360377,2.0916999619652703
2781,23.061465599999792,249.84840558471623,328.60437880677836,47.53796150582781,62.52264157461836,34.509708944768846,0.19026721981505337,-0.20247509965939514,0.25240278941438987,34.51593785410326,0.37576916265636495,0.09900197409145706,0.3885921441273243,2.8431171483581665
2782,23.066705200000797,249.86137050018297,328.60904147903835,47.540428304248806,62.52352872830618,34.508759415906894,0.19026721981505337,-0.2000083012383982,0.25151563572656954,34.560560007344094,0.2854678596898821,0.059858174655465966,0.29167601887883493,3.954378502426973
2783,23.078002399999605,249.83415900077816,328.59180504749395,47.535250847910056,62.5202492003967,34.50856951013451,0.19026721981505337,-0.20518575757714785,0.2547951636360537,34.646844667484444,0.2803357179310142,0.07825593281431618,0.2910534414304973,10.648928582546162
2784,23.09378160000051,249.84106614789962,328.59033407437346,47.53656505158971,62.51996932243064,34.76130557683159,0.19026721981505337,-0.20387155389749267,0.2550750416021117,34.74146121865314,0.27425687327070625,0.07957651403154908,0.28556830027444846,12.819326421182398
2785,23.098155400000906,249.86407894542216,328.58415273246055,47.54094363259449,62.518793215690145,34.94587988978038,0.19026721981505337,-0.19949297289271328,0.2562511483426064,34.8888153150197,0.6543524672505496,-0.003911676686672527,0.6543641590210932,17.458662118926657
2786,23.11134950000087,249.8831072912872,328.5848275507909,47.544564103059905,62.51892161149774,34.982791700612324,0.19026721981505337,-0.19587250242729937,0.2561227525350134,34.99774765901065,0.7551427169022452,-0.09371593740394013,0.760935739608808,16.289433790869058
2787,23.115634699999646,249.93651321198195,328.598042520022,47.55472549911216,62.52143598695328,35.24552989773966,0.19026721981505337,-0.18571110637504518,0.25360837707947326,35.13364423523071,0.7306256551967923,-0.013910889710640584,0.7307580727465717,15.189324282078575
2789,23.130805099999634,249.94015343652768,328.6106980462953,47.55541811451598,62.5238439187526,35.053231230089274,0.19026721981505337,-0.18501849097122403,0.25120044528015484,35.16082294012317,0.5569158349491505,-0.03411845404206058,0.5579599592473725,7.799584395546827
2790,23.14177010000094,249.9378887009288,328.5866802488785,47.554987209569966,62.51927411921202,35.440788457931916,0.19026721981505337,-0.18544939591723875,0.25577024482073085,35.16625868110165,0.4744710871726535,-0.08915702283340249,0.482775089750202,6.713413493542649
2791,23.14603360000001,249.94085874139432,328.5829188415165,47.55555231091208,62.51855844669067,35.08177341424263,0.19026721981505337,-0.18488429457512723,0.2564859173420828,35.15236597089891,-0.03920023104635528,0.04175854893942106,0.057275077683174386,-3.0854844285572565
2792,23.158611299999393,249.93174788847358,328.601753880301,47.55381881425671,62.52214213715529,35.00997040550478,0.19026721981505337,-0.18661779123049627,0.25290222687745967,35.18790157108455,-0.07562774063689959,0.10469609644322035,0.12915427892365877,-2.557727500328186
2793,23.163252000000284,249.9269410309563,328.60009972495806,47.552904226840845,62.52182740561705,35.17606634672596,0.19026721981505337,-0.18753237864635963,0.2532169584156989,35.10770339327012,-0.07630743896846952,-0.005973477033385129,0.07654088887513052,-1.478042478506625
2795,23.179337800000212,249.91540241947627,328.5869141917942,47.55070880731401,62.51931863088019,35.23090923101748,0.19026721981505337,-0.18972779817319463,0.2557257331525591,35.178969055558795,-0.14486119234284092,0.13906472962972685,0.20080777891799556,0.2912374842224237
2796,23.189731800001027,249.91306996522064,328.5943756426751,47.55026501772745,62.52073830039509,35.03979756885975,0.19026721981505337,-0.19017158775975673,0.2543060636376637,35.240232962091454,-0.13588087495636414,0.20093054332211424,0.24256276593621515,-0.09100494136661436
2797,23.194040100001075,249.90830975815086,328.57415390822734,47.54935930636254,62.51689076720187,35.43810172568601,0.19026721981505337,-0.19107729912466453,0.2581535968308799,35.26430721440005,-0.13536091082477106,0.17095144388467326,0.2180526825002761,4.02534332263814
2799,23.21096430000034,249.90004443007484,328.5719830994888,47.547786685368656,62.516477733458444,35.31628993816807,0.19026721981505337,-0.19264992011854787,0.2585666305743075,35.279777184050744,-0.11714534617907582,0.109121137969723,0.1600951432218443,2.370290185130319
2801,23.227376700000605,249.88326865364968,328.5790629238206,47.544594805028,62.51782479195082,35.29643760826891,0.19026721981505337,-0.19584180045920618,0.25721957208192947,35.33394234497307,-0.13982589552476637,0.15328626970401815,0.2074800268437323,1.0014366979659513
2802,23.23787420000008,249.8807636050628,328.58751475439266,47.54411817639787,62.51943289825612,35.30825907927097,0.19026721981505337,-0.19631842908933095,0.2556114657766315,35.293580302253325,-0.10784126521533507,-0.05462452730420873,0.12088663063570133,0.9743622922873875
2803,23.242096899999524,249.87729920815048,328.58564516809037,47.543459015229026,62.51907717726818,35.31062337347139,0.19026721981505337,-0.19697759025817874,0.25596718676457186,35.28956828662665,-0.09764407265150943,-0.048072533211873256,0.10883626864873634,0.8311149647241101
2805,23.25797700000112,249.87310093012366,328.5978725831375,47.54266022054085,62.52140365353472,35.23629151208729,0.19026721981505337,-0.1977763849463514,0.2536407104980327,35.37615461757737,-0.031577072841156094,0.20994609119566288,0.2123074957168335,0.19486217330729164
2806,23.26979179999944,249.8704969122184,328.59432288211246,47.54216476129368,62.520728261789515,35.29622986003465,0.19026721981505337,-0.1982718441935276,0.2543161022432372,35.378492025369084,-0.04142392418263366,0.2225192964645999,0.22634217192955686,1.7898886656616053
2807,23.273720400000457,249.87330202346476,328.5693799758992,47.542698482011794,62.51598244437021,35.72936926302256,0.19026721981505337,-0.19773812347541053,0.25906191966254255,35.37895950692742,-0.013876551506572892,0.10714384758771234,0.10803870953326637,2.4483843530977647
2808,23.286138299999948,249.8671254021064,328.5752749866506,47.54152327343809,62.517104071676656,35.31994611822951,0.19026721981505337,-0.19891333204911632,0.2579402923560963,35.4302480781433,-0.022574982348446297,0.16215308043867266,0.1637169854467865,-0.051774235513617706
2809,23.290517499999623,249.86670276776294,328.58661354646733,47.541442859976556,62.51926142792969,35.312960781263094,0.19026721981505337,-0.19899374551064852,0.2557829361030599,35.440505792386475,-0.040795055563717625,0.09192870635201308,0.10057397083739639,1.3373892458251921
2810,23.30217690000063,249.8609551719212,328.57873651649965,47.54034928089513,62.517762687337346,35.49273436816668,0.19026721981505337,-0.2000873245920758,0.25728167669540625,35.35832698855542,-0.08421811331350747,-0.16090943214156864,0.1816164528951297,7.406947549697488
2811,23.31801319999977,249.8498823476678,328.6032031110585,47.53824248540894,62.5224178782624,35.34751843125053,0.19026721981505337,-0.20219412007826776,0.2526264857703495,35.47145604712515,-0.0584244645171013,-0.01866877644577128,0.06133466612032883,6.933213823744062
2812,23.32152049999968,249.8483844357939,328.6042385829404,47.53795748188116,62.52261489461856,35.3184752438673,0.19026721981505337,-0.20247912360604658,0.25242946941418865,35.578312205518785,0.00442960091375217,0.33854141254413483,0.33857039057134514,10.529337656698605
2813,23.333652600000278,249.8505734343879,328.5646491232742,47.53837397655782,62.5150823181939,35.885591411078146,0.19026721981505337,-0.20206262892938298,0.2599620458388543,35.59968343719751,0.015619284188207565,0.3493684755192236,0.34971744841397084,14.362340566038396
2814,23.338007500000458,249.85734626997393,328.5350450322834,47.53966262515504,62.50944963010592,35.84724157323126,0.19026721981505337,-0.20077398033216554,0.2655947339268323,35.68818803021294,-0.08014065883636193,0.4905783130063287,0.49708108633387127,15.801243500941784
2815,23.350150000000212,249.85493104991536,328.5233868073873,47.539203087949254,62.50723145206696,35.59959052656031,0.19026721981505337,-0.2012335175379505,0.26781291196579105,35.835315387805416,-0.0637303023408636,0.6489360028486709,0.652057886410147,9.877287210007584
2816,23.354729399999997,249.8402052356234,328.51346846698357,47.536401248204406,62.50534431701317,35.790041396327695,0.19026721981505337,-0.2040353572827982,0.26970004701958317,35.900975600534856,-0.10183435546393439,0.5589383241154984,0.5681393192851528,11.4941994736475
2818,23.370233499999813,249.8402697470873,328.4535261816523,47.53641352262129,62.49393926503383,36.054112031829675,0.19026721981505337,-0.2040230828659162,0.2811050989989212,35.91410764308074,-0.25939317273296436,0.29343751177411304,0.3916508539204992,12.276532940090972
2819,23.38213790000009,249.8304974294476,328.4428340600615,47.534554170912834,62.49190490478482,36.21389247472531,0.19026721981505337,-0.20588243457437017,0.28313945924793416,36.031319622878975,-0.2914735342739863,0.2589024776141835,0.3898555041254791,10.38839665375356
2820,23.387275000000955,249.81721679510605,328.44375447448806,47.53202730153929,62.49208002947884,35.91290178596069,0.19026721981505337,-0.20840930394791712,0.2829643345539097,36.1558154856355,-0.15879286553017194,0.44091065001549273,0.46863351933079606,7.780563063867312
2821,23.397699600000124,249.80635498002653,328.4432063798525,47.52996065418196,62.491975745036335,36.185650425551515,0.19026721981505337,-0.21047595130524144,0.2830686189964169,36.18371219026295,-0.1917867159296915,0.2788436139825025,0.33843153733941383,8.410237144433433
2822,23.401994699999705,249.80751907337577,328.4133604938889,47.53018214298713,62.486297051291125,36.41252071011031,0.19026721981505337,-0.21025446250007462,0.2887473127416271,36.189291531188445,-0.17994202911435564,0.22563600648115262,0.28860135353555494,6.681604558396692
2824,23.418940600000496,249.7928968143394,328.4200153287196,47.52740000641286,62.487563248212695,36.19359555496692,0.19026721981505337,-0.2130365990743428,0.2874811158200572,36.25699675484229,-0.11523267484429953,0.1892646590311654,0.22158447714123694,1.939801168421523
2825,23.430197199999384,249.78716005563564,328.4256443961448,47.526308489283544,62.48863427522183,36.241789179352764,0.19026721981505337,-0.21412811620366057,0.2864100888109249,36.270537799573056,-0.13276375700663698,0.1824467574167029,0.22563916873270606,2.3441279923669915
2826,23.435349400000632,249.78260162889916,328.43149197061825,47.525441170101665,62.48974687695956,36.25142790422993,0.19026721981505337,-0.21499543538553922,0.28529748707319413,36.27324600851921,-0.3167666144486965,-0.22094236962751307,0.3862079993033673,6.734232401461575
2827,23.446716899999956,249.76552040234196,328.432930976053,47.522191172613596,62.49002067252293,36.25335564920536,0.19026721981505337,-0.21824543287360854,0.28502369150982076,36.32664688236791,-0.39851049617370904,-0.24405401335257354,0.46730394498026,8.031567041195762
2828,23.45141590000094,249.74407251391557,328.4500906541695,47.518110342511804,62.49328559677108,36.42606175484107,0.19026721981505337,-0.22232626297540037,0.28175876726167104,36.43589639307515,-0.6088491665865892,-0.08124706767522541,0.6142461995478742,10.853733787244261
2829,23.46193080000012,249.71241201885977,328.46060615963614,47.512086388139565,62.49528635276116,36.460599924210406,0.19026721981505337,-0.22835021734763927,0.27975801127158917,36.54611408070165,-0.6593054180227962,-0.026454557661762308,0.6598359476834326,10.944092217551916
2830,23.466705200000433,249.68358853938292,328.44256700621764,47.50660222483411,62.49185409319241,36.788036732888955,0.19026721981505337,-0.23383438065309292,0.2831902708403433,36.61922817486757,-0.6644567734785368,-0.01999264236037884,0.6647574817706512,11.126486411192385
2832,23.48166499999934,249.65051713802052,328.43800551540323,47.5003098212415,62.49098619101694,36.80251634236244,0.19026721981505337,-0.2401267842457031,0.28405817301581493,36.6338503833492,-0.6235367241096924,0.04874785026603566,0.6254393649419634,4.238971180679508
2833,23.49361409999983,249.63094440901685,328.4374890497493,47.496585772509775,62.49088792453283,36.618926120034985,0.19026721981505337,-0.24385083297742938,0.28415643949992386,36.700880660006455,-0.5454491532529709,0.14151202389569567,0.5635072596617003,2.143635280108291
2834,23.49814569999944,249.6151335631917,328.44585144944904,47.493577486831704,62.492479015074686,36.49917279724919,0.19026721981505337,-0.24685911865550025,0.28256534895806595,36.65018088037698,-0.39829121952252866,-0.05513021552201848,0.40208859249206175,1.3264713085374105
2835,23.50961880000068,249.60413129118854,328.42935684429585,47.49148411512601,62.48934063241024,36.795751307496715,0.19026721981505337,-0.24895249036119083,0.2857037316225117,36.65024247490352,-0.3314933437978084,-0.01721246770042195,0.33193991327737327,2.349731647842198
2836,23.51385029999983,249.59494914359792,328.435235329238,47.48973705343201,62.490459115396916,36.534537834741535,0.19026721981505337,-0.25069955205519534,0.28458524863583534,36.697753573105715,-0.2436274769228464,0.002877153163448505,0.24364446540424017,0.5820872901365735
2837,23.52592960000038,249.58944926099713,328.41951592459463,47.48869060606025,62.48746822797827,36.802824314995185,0.19026721981505337,-0.25174599942695153,0.28757613605448284,36.77136162770709,0.0032569513542386047,0.12399586356126194,0.12403863072618532,2.3847957015792893
2838,23.54122559999996,249.59971293170435,328.4107795548791,47.49064344615081,62.485805983201224,36.856481611045915,0.19026721981505337,-0.24979315933639157,0.2892383808315273,36.72197740366642,0.03599249887950797,0.031006439414220002,0.04750641283804828,1.2257738681658414
2839,23.545767699999487,249.61333384205693,328.4047044712393,47.493235058894946,62.48465009392693,36.86721307025606,0.19026721981505337,-0.24720154659225813,0.2903942701058213,36.71210055885828,0.08297771515635133,-0.05251481728821841,0.09819932406785467,-4.830851785513963
2840,23.55718119999983,249.61220720929353,328.4161861886106,47.4930206976113,62.48683468836987,36.548830187293404,0.19026721981505337,-0.2474159078759044,0.288209675662884,36.646019354935724,0.08885834465528429,-0.14665124411719066,0.1714712594459991,-6.309387058782169
2841,23.56123900000057,249.60841221492103,328.4307295915862,47.49229863458283,62.48960182122069,36.48515361070087,0.19026721981505337,-0.24813797090437362,0.2854425428120635,36.568697279190275,0.03625578676168981,-0.2900723993638423,0.2923294014402341,-2.53239482750838
2842,23.573144399999364,249.60483132521463,328.44468801313093,47.491617308653936,62.49225765128101,36.47241829538237,0.19026721981505337,-0.2488192968332683,0.2827867127517436,36.553232864041185,-0.041086011095994045,-0.3259077721173648,0.32848734562275655,-0.9544408717718433
2843,23.57704139999987,249.60205927173334,328.45714978648584,47.49108987774487,62.494628718251214,36.46987123231867,0.19026721981505337,-0.2493467277423349,0.2804156457815381,36.61424581597231,0.464966758746748,-0.4798746270564573,0.6681869083063738,0.925407106798472
2844,23.590393099999346,249.6149618394177,328.4518652664457,47.493544813426645,62.493623247315114,36.789890994510614,0.19026721981505337,-0.2468917920605591,0.28142111671763814,36.69055424131947,0.4865421311078486,-0.33677116001645613,0.59172464843185,6.00473737781774
2845,23.594621300000654,249.67077308314543,328.473226326377,47.50416386360514,62.49768755680055,36.853894946949,0.19026721981505337,-0.23627274188206115,0.27735680723220213,36.7058159263889,0.41766648701361686,-0.3462593870331286,0.5425318953599444,3.690467234054749
2846,23.605211600000985,249.66687311087423,328.47135681352785,47.503421826723745,62.49733184978833,36.86669573743668,0.19026721981505337,-0.23701477876345933,0.27771251424442056,36.772974098363726,0.42216200831520073,-0.16382881711186212,0.4528362204826327,0.3603176444654883
2847,23.609148900000946,249.65856245496465,328.4769548039679,47.50184058132899,62.49839696386591,36.548726720729526,0.19026721981505337,-0.23859602415821257,0.2766474001668442,36.722299897797754,0.29996974919922714,-0.20662055034277887,0.3642442892601064,1.605305532912607
2848,23.62150660000043,249.6512319528525,328.45722850812086,47.50044582707226,62.494643696397844,36.80566209219278,0.19026721981505337,-0.23999077841494199,0.28040066763490756,36.71001192088046,-0.23005985821612182,0.011873223934315284,0.23036603874924028,1.7450705287206527
2849,23.625009800000043,249.6433682909475,328.45978137019426,47.49894962998403,62.49512942236713,36.53651999168075,0.19026721981505337,-0.24148697550317166,0.2799149416656235,36.751840824520436,-0.2347224780863632,0.03750519565284556,0.23769998195195866,-0.36857998036875517
2851,23.641831099999763,249.63110903197816,328.44817946613034,47.49661709486294,62.49292196033632,36.79245506236255,0.19026721981505337,-0.2438195106242631,0.2821224036964338,36.82431244020937,-0.06325376106742381,0.17941555457018105,0.19023926910840555,4.788296759409049
2852,23.65356840000095,249.62534851653947,328.4382014827435,47.49552105760572,62.49102347717795,37.07584025563658,0.19026721981505337,-0.24491554788148306,0.28402088685480464,36.77470153873778,-0.05480640601326202,0.10039466403372987,0.11438020242391608,5.93635617634132
2853,23.65776410000035,249.63539825584385,328.4285200972484,47.49743319356303,62.48918142687584,36.91108479917419,0.19026721981505337,-0.24300341192417108,0.2858629371569137,36.8288851934044,-0.09550248594500904,0.14765949704173456,0.1758523582107862,-0.3817229207751165
2854,23.669832600000518,249.63091835058205,328.43431660878474,47.49658081444384,62.490284313010484,36.55760758483484,0.19026721981505337,-0.24385579104336585,0.28476005102226765,36.88616156016526,-0.1267208638913795,0.16524631158823094,0.20824149643837137,-1.5076507787901374
2855,23.6739206000002,249.6173700905752,328.4322180682118,47.494003024679,62.48988502953,36.80743826501384,0.19026721981505337,-0.2464335808082012,0.285159334502751,36.805831555197116,-0.15384844209147785,0.11872160376843413,0.19433003456831857,2.8137719834073334
2856,23.686079700000846,249.5985335016477,328.41821229293186,47.490419039272965,62.48722018960613,37.078836896166834,0.19026721981505337,-0.25001756621423965,0.2878241744266248,36.789765554203484,-0.24254901967267317,0.07494774438807703,0.2538645137332812,0.4240363880787117
2857,23.689583200000925,249.5943164503631,328.4195173676666,47.48961667264923,62.48746850254756,36.674190230795865,0.19026721981505337,-0.25081993283797743,0.28757586148519465,36.85065757861414,-0.3117809065218362,0.12511817109467344,0.3359492378465145,-2.839461066016291
2858,23.7021979000001,249.59512757450483,328.40492054064714,47.4897710029846,62.484691204852446,36.83075479420605,0.19026721981505337,-0.2506656025026075,0.2903531591803059,36.86283598349627,-0.21256910882128308,0.10524157088611089,0.23719488668108085,2.5731342382979063
2859,23.70581459999994,249.5872050503645,328.4018893148493,47.4882636063425,62.484114461947264,36.862067706888084,0.19026721981505337,-0.2521729991447046,0.2909299020854874,36.82098516544926,-0.09917676204718812,-0.04625547515276138,0.10943308051851733,6.021108307341267
2860,23.718263700000534,249.57840374061846,328.4020012593764,47.48658900560639,62.484135761321205,36.86833028942449,0.19026721981505337,-0.25384759988081385,0.2909086027115464,36.913267600096916,-0.06292212020296323,-0.005371694879022233,0.06315099616561458,3.319526149202561
2861,23.722205199999735,249.58404261606282,328.41315290273474,47.487661898760074,62.486257553499364,36.86958280593178,0.19026721981505337,-0.25277470672713065,0.28878681053338795,36.97601058604988,-0.10451360997593043,-0.011301584557764165,0.10512288277876133,4.218212103873729
2863,23.738452999999936,249.57996541679984,328.40174902785645,47.48688614139167,62.48408776993116,37.13560240403415,0.19026721981505337,-0.2535504640955324,0.29095659410159413,37.03892905628735,-0.04598007438163258,-0.011097053613974686,0.047300230856221974,7.246534824797511
2864,23.749985399999787,249.56810231611402,328.390201661261,47.4846289822058,62.481890684592855,37.1444697239709,0.19026721981505337,-0.25580762328140594,0.29315367943989656,37.10188262338173,-0.10089591550376702,0.10429747516754087,0.14511357307869963,6.187622718158803
2865,23.76591709999957,249.5577093253664,328.3767633669754,47.48265153675069,62.47933381770007,37.176660058075434,0.19026721981505337,-0.2577850687365171,0.29571054633267835,37.158759835824036,-0.1354463151527029,0.2086939605080547,0.2487948420706965,3.13383408542433
2866,23.769973099999333,249.54898848856817,328.36450028998604,47.48099224737862,62.47700055613493,37.18309812489634,0.19026721981505337,-0.25944435810858124,0.2980438078978196,37.16735133239919,-0.15749975570562136,0.23835878482035225,0.28569403799933485,2.423493585768463
2867,23.781981899999664,249.5552654632065,328.365531505602,47.48218654989191,62.47719676266321,37.15396886814334,0.19026721981505337,-0.25825005559529757,0.2978476013695399,37.17515239538609,-0.09235482253458752,0.1937276280999988,0.21461548670738234,1.222643267835586
2868,23.786844599999313,249.55122710188562,328.35832776165444,47.48141818211077,62.47582612633005,37.17855988690992,0.19026721981505337,-0.2590184233764319,0.2992182377027035,37.17671199763191,0.19929761015966402,-0.11355793000261324,0.2293794691811624,0.7294029415095918
2869,23.797426499999347,249.55845725764914,328.3601431586753,47.482793843746734,62.47617153687407,37.18347503890543,0.19026721981505337,-0.2576427617404704,0.29887282715868224,37.170940544057636,0.30151701138929093,-0.28757484325633587,0.41666749168975964,0.3230556725342738
2870,23.801891799999794,249.58976766524236,328.39243447130946,47.48875118795077,62.48231551515315,37.184458069304526,0.19026721981505337,-0.2516854175364358,0.29272884887960515,37.175869627366225,0.21796337267558147,-0.22527155260108606,0.31345702135925796,0.20198138281069106
2871,23.813290800000686,249.59587865337113,328.4100974483938,47.48991390867235,62.485676200696645,37.15424085702497,0.19026721981505337,-0.25052269681485484,0.28936816333610693,37.176855444027936,0.2166179947019495,-0.24215397371892036,0.32490291260091436,0.13853887159549239
2872,23.81774740000037,249.58842278834277,328.40318354178595,47.48849530196209,62.484360710908305,37.17861428468625,0.19026721981505337,-0.2519413035251148,0.29068365312444655,37.17705260736028,0.019456135388046775,-0.3085155296154577,0.30912840894706584,0.485880983471655
2873,23.82913920000101,249.57855940191968,328.39136137616913,47.486618622849406,62.4821113403242,37.183488970218505,0.19026721981505337,-0.2538179826377984,0.29293302370854946,37.17709265037831,-0.29616645618247595,-0.024947374944712462,0.29721531132214324,0.28699900541754
2874,23.8342518999998,249.5555628546303,328.4011545530267,47.48224313373131,62.483974660858046,37.18446085556714,0.19026721981505337,-0.25819347175589513,0.29106970317470626,37.18318342265379,-0.3933781348240497,-0.13285121043894055,0.4152057334295131,0.28062341620570475
2875,23.84537570000066,249.5412993135111,328.39870477595196,47.479529249417844,62.48350854858487,37.18465828439468,0.19026721981505337,-0.2609073560693602,0.29153581544787954,37.18440096675733,-0.3510493453107667,-0.26426913526531287,0.4394016598705496,0.2725999785088197
2876,23.849824000000808,249.53232037281137,328.4182110450622,47.47782085133402,62.48721995217744,37.184694718402376,0.19026721981505337,-0.26261575415318106,0.28782441185531127,37.18464386522647,-0.3644990325818728,-0.49295734133542546,0.6130795096311834,0.2723356498029344
2877,23.861605000000054,249.52571543866182,328.4406199609726,47.47656414887633,62.491483634306775,37.18470200520392,0.19026721981505337,-0.2638724566108763,0.283560729725977,37.1846924449203,-0.20550509386126353,-0.4764237271193931,0.5188563494506554,0.03410538618461173
2878,23.865756299999703,249.52065386576896,328.46125972657126,47.47560109747411,62.49541070512487,37.18470346256422,0.19026721981505337,-0.26483550801309264,0.2796336589078834,37.1847015505075,-0.1882833564314274,-0.6509374941307351,0.6776210176597866,0.012271539344351648
2879,23.87780240000029,249.51680210779966,328.4790997216819,47.47486823419389,62.49880507139609,37.184703754036285,0.19026721981505337,-0.26556837129331257,0.27623929263666014,37.18470337162494,-0.08717675219688939,-0.48208647975463725,0.4899052562341173,0.0013537758949829285
2880,23.881225099999938,249.51396233725265,328.4940425085455,47.474327918947,62.501648193908906,37.184703812330696,0.19026721981505337,-0.2661086865402069,0.27339617012384565,37.18470434619999,0.33784587386874476,-0.7984013013272369,0.866939716734192,0.000563154499405973
2881,23.893431200000123,249.52175535482098,328.493406562195,47.475810674733694,62.50152719416485,37.18470382398958,0.19026721981505337,-0.2646259307535104,0.2735171698679011,37.184704541115,0.39470900017530963,-0.648183278878361,0.7589049728634645,0.0001265856912287289
2882,23.89724059999935,249.56216720174234,328.5323177050019,47.48349972449501,62.508930709126545,37.18470687807917,0.19026721981505337,-0.2569368809921926,0.2661136549062064,37.18470519044957,0.24095667970303347,-0.5453182647493376,0.5961812906849215,0.00012685882907262195
2883,23.909508099999584,249.56554103749613,328.5448836254692,47.484141654844,62.51132159187828,37.184704437139274,0.19026721981505337,-0.25629495064320196,0.26372277215447326,37.18470532031648,0.2769115263497707,-0.33834271880699646,0.4372136649226211,0.027743398810720302
2884,23.91367949999949,249.54735297177638,328.53978535949227,47.48068106214569,62.51035155898497,37.18470700070911,0.19026721981505337,-0.2597555433415124,0.2646928050477797,37.18470595664143,0.21349534154451152,-0.3346297638034365,0.39693493129775226,0.043327405085200416
2885,23.92527379999956,249.54868821853003,328.5273413594043,47.480935115833276,62.50798387368486,37.18470446166526,0.19026721981505337,-0.2595014896539283,0.2670604903478946,37.18631023023457,-0.23852982925926314,0.07652573983839533,0.25050482690811965,0.04401070613445823
2886,23.929390700001022,249.5444558375915,328.52672517139405,47.4801298324789,62.50786663330526,37.18470700561431,0.19026721981505337,-0.2603067730083026,0.2671777307274894,37.1866310849532,-0.31239349822133194,0.14726574408729035,0.34536487533121346,0.20451749648262568
2888,23.947110600000087,249.52194734360924,328.51626726229904,47.475847203906675,62.505876836016675,37.19272824604489,0.19026721981505337,-0.2645894015805297,0.2691675280160766,37.186694645545366,-0.184824109288344,0.09320842813201946,0.20699701072496568,0.2950946211551743
2889,23.957121200000984,249.50526939815816,328.50791203041854,47.47267393759347,62.50428710927586,37.18630871073242,0.19026721981505337,-0.2677626678937344,0.2707572547568944,37.19472859789817,-0.06279430647745432,-0.04101452367657523,0.07500210715973793,0.24641867373079895
2890,23.96066790000077,249.50169500456883,328.5086155808468,47.4719938476627,62.50442097185985,37.185024803669926,0.19026721981505337,-0.2684427578245021,0.2706233921729009,37.19633538836873,-0.09711306033320112,-0.004744243729305438,0.09722887603918404,0.21628694778445326
2891,23.972883500000535,249.54227479484337,328.5385918834929,47.479714851538915,62.51012447962466,37.224874223429296,0.19026721981505337,-0.2607217539482889,0.2649198844080942,37.19505260013469,-0.09689511739459061,0.005576806954728196,0.09705547151357208,0.21480260118196629
2892,23.976403000000573,249.53548248655264,328.5347105319084,47.47842249792431,62.509385985649544,37.19274095796711,0.19026721981505337,-0.2620141075628908,0.2656583783832076,37.19479665283944,-0.0748784270345842,0.0031092883126826974,0.07494295503237736,0.19395317270814394
2893,23.989592600000833,249.51880409331784,328.5233489586607,47.475249146412544,62.507224250694975,37.18631430487467,0.19026721981505337,-0.2651874590746601,0.2678201133377769,37.194746073731956,-0.17035537203642792,0.10847162314327183,0.2019580298205688,1.0711970430958222
2894,24.00541340000018,249.5015996744525,328.51117018644254,47.471975709466506,62.50490702956427,37.185028974256184,0.19026721981505337,-0.26846089602069867,0.27013733446847965,37.20579369716827,-0.2975249768969752,0.2287581586529903,0.37530175462932797,1.3061838637798213
2895,24.009812399999646,249.48612913614244,328.49986285911064,47.4690321731532,62.502755615829294,37.18477190813249,0.19026721981505337,-0.2714044323340019,0.27228874820345794,37.22708159099616,-0.18710364460280376,0.2549381933343405,0.3162297523071317,3.3894407736534964
2896,24.021288199999617,249.4859007227563,328.4917488568675,47.46898871357325,62.501211787180914,37.28011234061088,0.19026721981505337,-0.2714478919139509,0.2738325768518379,37.23935979964455,-0.1657194886474977,0.25532422535149163,0.30439022482485767,4.096043885116467
2897,24.02493880000111,249.48944850832578,328.4852113841388,47.46966374087006,62.499967920420204,37.299180427106556,0.19026721981505337,-0.2707728646171432,0.2750764436125479,37.27712000680391,-0.09685370148610821,0.3351925926667533,0.34890502098740306,5.1666393003717985
2898,24.037082299999383,249.48091696716932,328.47462773617144,47.468040468253484,62.49795419914596,37.247705348116625,0.19026721981505337,-0.27239613723372,0.2770901648867934,37.319976613665474,0.05390498661963401,0.2699576959526358,0.2752869506288278,4.540804308513544
2899,24.04118019999987,249.48387670272984,328.46287232710927,47.46860360890997,62.49571753014591,37.37383001005301,0.19026721981505337,-0.27183299657723126,0.27932683388684154,37.34477413132685,0.11187730401946291,0.3323496643910835,0.3506748217017144,4.5479823540111655
2900,24.053568900000755,249.48938882289926,328.45226593333985,47.469652384689894,62.49369948109114,37.399054942440294,0.19026721981505337,-0.2707842207973101,0.2813448829416103,37.36595983114819,0.0924867690866841,0.28822860998806016,0.3027037067360473,2.4937687825514545
2901,24.05740060000062,249.49514994009982,328.44327430804196,47.47074853644267,62.49198866954409,37.40409992891775,0.19026721981505337,-0.269688069044534,0.2830556944886595,37.370196971112456,0.0607021599712557,0.28168287260476865,0.2881492546303916,0.9737741849952423
2902,24.069081800000276,249.50054987516168,328.4358994485925,47.47177596707407,62.49058547554012,37.405108926213245,0.19026721981505337,-0.2686606384131309,0.28445888849262957,37.371043788753745,0.004106260457833404,0.21459402930523533,0.21463331239209762,-0.549389205015832
2903,24.07302619999973,249.49448408744277,328.4331402063864,47.47062184650881,62.49006048219676,37.26889104793796,0.19026721981505337,-0.26981475897839147,0.2849838818359913,37.35498695599294,0.015896693328581256,0.1650499790349565,0.16581375225904074,-1.8836952515346737
2904,24.085450000000492,249.4849796644388,328.4194041311864,47.4688134663679,62.48744695735729,37.37806409825947,0.19026721981505337,-0.27162313911930624,0.2875974066754594,37.335549393151716,-0.023851507285576935,0.05882549609534897,0.06347703041776487,-1.7293083797472706
2905,24.08950399999958,249.48803950229134,328.4212115064294,47.46939565320918,62.48779084161994,37.31877077863627,0.19026721981505337,-0.27104095227802105,0.28725352241281144,37.315435684294414,0.017145612713948807,-0.02761795647421475,0.03250728464741931,-2.944369962962681
2906,24.10189150000042,249.49372542122714,328.4267216388144,47.470477497197194,62.488839239189645,37.306912114711636,0.19026721981505337,-0.2699591082900099,0.28620512484310723,37.33869626771826,0.10336583348787404,-0.05972377863918756,0.11937933350285375,-1.9325023025546844
2907,24.10566160000053,249.4995299881193,328.4329056904653,47.471581916001995,62.49001586150445,37.30454038192671,0.19026721981505337,-0.2688546894852095,0.2850285025282986,37.31606505920772,0.050001949242598154,-0.10050285147528007,0.1122542564124923,-1.489982725785382
2908,24.117496500000925,249.50814513130717,328.4346119206632,47.47322109534466,62.490340501180576,37.38519396505722,0.19026721981505337,-0.26721551014254175,0.28470386285217586,37.32776440344311,-0.008629640451939386,-0.049973350320837114,0.05071298094786836,1.616782204857211
2909,24.12110709999979,249.50031966905726,328.4344891618064,47.4717321663986,62.49031714419419,37.264908055706755,0.19026721981505337,-0.26870443908860153,0.2847272198385653,37.330104272290185,0.007728464730625651,-0.07938774124056278,0.07976304047847647,3.1202670963856787
2910,24.134064699999726,249.49013500149283,328.42306015666253,47.46979435801638,62.488142579160204,37.37726749981323,0.19026721981505337,-0.27064224747082477,0.2869017848725477,37.46709690426273,-0.02434598328147901,0.07118260207976052,0.07523090947733904,4.701281838798899
2911,24.13698099999965,249.49272723181852,328.42661159678283,47.470287574473566,62.48881830179824,37.318611458947025,0.19026721981505337,-0.27014903101363785,0.28622606223451186,37.4944960410088,-0.012008025389727409,0.11084689275057334,0.11149540935041877,4.719855223786471
2912,24.154204599999503,249.50472782846245,328.3867127136488,47.47257089463313,62.481226852230606,37.989503541789404,0.19026721981505337,-0.26786571085407473,0.2938175118021462,37.52725980390489,0.05622121189449459,0.043563361903835154,0.07112377357290722,8.969394281377475
2913,24.160264600001028,249.5111039847035,328.3812698532169,47.473784068154224,62.48019125430838,37.522189648787574,0.19026721981505337,-0.26665253733298044,0.2948531097243716,37.53381316683567,0.10631568260416095,-0.04040345460173642,0.11373417916942676,3.218937222071194
2914,24.167531099999906,249.50838360115634,328.3938709301011,47.47326646833987,62.48258882617382,37.428726870187205,0.19026721981505337,-0.26717013714733184,0.29245553785893463,37.69291863922651,0.1190543652225565,0.17755943913104433,0.21377861516783409,0.9799753398495322
2915,24.17239789999985,249.51096507143166,328.4003170977596,47.47375763751219,62.48381532057266,37.41003431446713,0.19026721981505337,-0.266678967975011,0.29122904346009193,37.604440661439064,0.41878895148159795,-0.10822337273303906,0.4325465111277289,0.41180007113361694
2916,24.182231099999626,249.52299731033838,328.35596916701803,47.47604697815712,62.475377363085904,38.11413882090124,0.19026721981505337,-0.26438962733008253,0.2996670009468474,37.58674445553001,0.3251138223310461,-0.18682752056889199,0.3749713587897385,0.18354023736165526
2917,24.186001800000668,249.55532513324866,328.37555235034824,47.482197903144936,62.479103400933276,37.547113652852126,0.19026721981505337,-0.2582387023422683,0.2959409630994756,37.5832052143482,0.23194169443279167,-0.2893417741886484,0.3708309748483658,-11.200938069024454
2918,24.197821699999622,249.53866496251138,328.3893516495988,47.47902801877711,62.481728955237074,37.4337086192423,0.19026721981505337,-0.2614085867100968,0.29331540879567797,37.58249736611183,0.17274837817121363,-0.30648310246136434,0.3518151421629373,-8.059605504181496
2919,24.201867499999935,249.52724436562784,328.40726680644264,47.47685505355945,62.485137622322306,37.41103066427815,0.19026721981505337,-0.2635815519277571,0.28990674171044617,37.44078658259737,0.07199393850156653,-0.4998371110440468,0.5049953116196487,-5.309200184646189
2920,24.21332699999948,249.5154971570808,328.4276071068841,47.47461994484862,62.489007714737504,37.40649507328532,0.19026721981505337,-0.2658166606385848,0.28603664929524797,37.41244442589448,-0.43521034712811435,-0.34662218720569915,0.5563766592072645,-3.5413748202553608
2921,24.229645400000663,249.49225853609636,328.4369264959593,47.47019839704157,62.49078088898722,37.40558490332894,0.19026721981505337,-0.2702382084456332,0.2842634750455346,37.60748827482734,-0.4750379129932155,-0.16563380480053028,0.5030860523545152,0.1814329561257173
2922,24.234582900000532,249.4687792031159,328.4426895707672,47.46573104963227,62.4918774132085,37.405402869337664,0.19026721981505337,-0.2747055558549363,0.2831669508242527,37.64649704461391,-0.3387461105844428,0.04949535709656051,0.3423429827091591,9.140643325448496
2923,24.245821000000433,249.4411770395485,328.40235940441056,47.46047926270942,62.48420390458114,38.4089278639066,0.19026721981505337,-0.2799573427777844,0.2908404594516085,37.8550104684931,-0.35998674950478415,0.24317337146151682,0.43442346668542325,9.779419069905018
2924,24.2500897000009,249.4444159639887,328.3971291577433,47.46109552385784,62.483208760088814,37.60607451321101,0.19026721981505337,-0.27934108162936155,0.29183560394393737,37.896713153268934,-0.4490172414677568,0.23745273646713613,0.5079372847025949,3.216352409471094
2925,24.261663600000247,249.42609117361437,328.35876562683814,47.45760891693963,62.47590943772121,38.44906219268127,0.19026721981505337,-0.28282768854757734,0.29913492631154526,37.90505369022411,-0.30487732835876313,0.24277486375011537,0.3897304450720577,3.4248419884345376
2926,24.26543800000036,249.41188549481961,328.36148858688534,47.45490604192977,62.47642752775905,37.614098327208126,0.19026721981505337,-0.2855305635574368,0.29861683627370184,37.82630858960732,-0.5070774746500392,0.18068418828106436,0.5383069209960506,-3.58101968849566
2927,24.277128699999594,249.40057498088265,328.373498977776,47.4527540218883,62.47871271144272,37.4471055541135,0.19026721981505337,-0.287682583598901,0.2963316525900339,37.93085803139803,-0.6202528740076428,0.16490730952840588,0.6418006298303535,-3.8406208240996307
2928,24.28074039999956,249.3725131299863,328.36643077471746,47.447414771535385,62.47736786409767,38.0152023608227,0.19026721981505337,-0.29302183395181913,0.29767649993507916,37.87135471174835,-0.8257535511442544,0.14405540229865293,0.8382248422462637,4.010677219742092
2929,24.293536200000744,249.34416588015281,328.35605776692154,47.442021219120164,62.475394220743226,38.128821722164545,0.19026721981505337,-0.29841538636704,0.29965014328952577,37.97975312008405,-0.7461903400696518,0.19747791831798006,0.7718792339715231,8.644258704346257
2930,24.297087700000702,249.31936361359288,328.34623184895696,47.4373021608167,62.47352467064997,38.15154559443291,0.19026721981505337,-0.3031344446705049,0.3015196933827795,38.12173187401681,-0.8492266832297573,0.294594086594417,0.8988724244106131,10.66860643279975
2931,24.30940709999959,249.29875493538066,328.3378244417314,47.433381004909194,62.47192501665131,38.15609036888658,0.19026721981505337,-0.3070556005780105,0.30311934738143975,38.15012762480337,-0.5952423355718401,0.23778687972461185,0.6409805287418535,15.612292211023409
2932,24.31392290000076,249.2821586740307,328.3309389595539,47.430223280402814,62.470614935100315,38.15699932377732,0.19026721981505337,-0.3102133250843906,0.30442942893243696,38.23621998296849,-0.6507801709266845,0.4409671301316427,0.7861086697956599,14.830435430764519
2933,24.325766699999804,249.26918621391783,328.3254410387166,47.42775504648298,62.469568860987835,38.15718111475547,0.19026721981505337,-0.31268155900422556,0.3054755030449172,38.33385166260933,-0.335564952864739,0.4075202338858037,0.527898265404855,7.127989724854685
2934,24.330046799999764,249.25345759473922,328.2991184383901,47.42476240584033,62.46456053300541,38.559283512990156,0.19026721981505337,-0.31567419964687105,0.3104838310273408,38.353377998537496,-0.28677142657498894,0.40405058367585944,0.49547424279033614,11.37898169670311
2935,24.341583499999615,249.2684539677766,328.2773400344022,47.42761572404546,62.46041681662662,38.639703992637095,0.19026721981505337,-0.3128208814417448,0.31462754740613263,38.37027805177181,-0.10580403577597375,0.3691736714451748,0.3840360577794661,7.767686452992479
2936,24.345140100000208,249.26706466381916,328.2752371082099,47.427351385044005,62.460016698706546,38.25372204852742,0.19026721981505337,-0.31308522044319886,0.3150276653262054,38.45407127042649,-0.030229561681997606,0.348707498658459,0.35001535112066856,6.187885578686975
2938,24.361762099999396,249.28502402287296,328.2651271239506,47.43076846236083,62.45809310010915,38.241499589948916,0.19026721981505337,-0.30966814312637325,0.31695126392359896,38.47082991415743,0.2999733975950517,0.20367415482756157,0.36258406005978877,9.323046861967022
2939,24.373051399999895,249.2950795530815,328.2659582946595,47.43268170013738,62.45825124464913,38.57614720802885,0.19026721981505337,-0.3077549053498245,0.3167931193836253,38.47471646874098,0.22295740357743765,0.19001247829477996,0.292941539761292,10.095783255764484
2940,24.37706319999961,249.31514867245005,328.25657593841095,47.43650019568376,62.4564660898104,38.64307673164483,0.19026721981505337,-0.30393640980344117,0.31857827422235374,38.5559069876655,0.2010314189172968,0.20615027300926653,0.28794368625426886,5.654670011063265
2942,24.392762800000128,249.3037820657708,328.23257537908523,47.434337503032175,62.45189957011348,38.65913676555486,0.19026721981505337,-0.306099102455029,0.3231447939192691,38.63956351340953,0.2343886727768955,0.14015009208721266,0.2730935704811975,5.617649738614134
2943,24.405116500000076,249.29183830819073,328.2200319673299,47.432064997483266,62.4495129700318,38.65967464315004,0.19026721981505337,-0.30837160800393804,0.3255313940009543,38.65629481855834,0.17264464843626698,0.1682285353593933,0.24105396645325888,5.551045208229306
2944,24.40918109999984,249.29979292055356,328.2246094322621,47.43357849946225,62.45038391155826,38.65978221866907,0.19026721981505337,-0.3068581060249542,0.3246604524744896,38.659640469236535,-0.02936334349915565,0.09116251950498547,0.09577479263327204,1.5048887948865033
2945,24.42106899999999,249.29109279190595,328.2167129659757,47.43192315017244,62.448881472871584,38.659803733772875,0.19026721981505337,-0.3085134553147668,0.32616289116116803,38.65977416318324,0.0007627562844546637,0.03015292857313475,0.03016257447045993,0.43926007218819063
2946,24.42481090000001,249.28994772800579,328.21553993582984,47.431705282047645,62.44865828368697,38.65980498503583,0.19026721981505337,-0.30873132343955945,0.32638608034578453,38.65980090197259,0.06492295168898628,-0.03186435464833573,0.0723209980100203,0.16840214268813034
2947,24.43715350000093,249.29078298302684,328.21645975202387,47.43186420369833,62.44883329455694,38.65980523528842,0.19026721981505337,-0.30857240178887224,0.3262110694758107,38.65980624973046,0.015234966909009967,-0.01728550441977686,0.023041112815242976,3.2829744558731435
2948,24.453323400000954,249.30241300039538,328.2263942959161,47.43407701476945,62.45072351260345,38.65980833709675,0.19026721981505337,-0.3063595907177543,0.3243208514292988,38.65980731928204,0.07758707518582947,-0.07382756559146805,0.10709931688416165,4.6806921754539434
2949,24.457559099999344,249.30517173154416,328.2295416892134,47.434601910875344,62.4513223583758,38.65980895745842,0.19026721981505337,-0.3058346946118604,0.3237220056569541,38.72925577537985,-0.1487832360730809,0.08670011768342797,0.17220151492567765,9.685816232326784
2950,24.469464800000424,249.315966547388,328.2393235936901,47.43665581047436,62.45318353414506,38.659809081530746,0.19026721981505337,-0.30378079501284105,0.32186082988769016,38.812593708786906,-0.24092206605381367,0.13990202139550859,0.2785965138012095,11.083192903909836
2951,24.472904899999776,249.29444955310677,328.2237331811374,47.4325618317937,62.45021718969289,39.0070472655249,0.19026721981505337,-0.3078747736935057,0.32482717433985897,38.89870892730426,-0.4243071813085947,0.26392488918207896,0.49969283689064153,15.57673395069894
2952,24.485308900000746,249.26525514950717,328.20731574157344,47.42700709378664,62.44709348911058,39.07649490232373,0.19026721981505337,-0.3134295117005621,0.32795087492217334,38.985379602843665,-0.49085794608625244,0.32200237294903356,0.5870494454650501,13.053093604844772
2953,24.489171400000487,249.2494192561268,328.1971002366629,47.423994042379874,62.44514981339224,39.090384429683496,0.19026721981505337,-0.31644256310733,0.32989455064051043,39.07216136978748,-0.5184908706293357,0.3385616332736273,0.6192388573489819,12.123436949457309
2954,24.502047800000582,249.23528648517427,328.1870161480329,47.42130503934246,62.44323114188425,39.09316233515545,0.19026721981505337,-0.3191315661447476,0.3318132221485044,39.120805564973125,-0.2592697143014836,0.17016040334504878,0.31012150460831095,7.15011064612408
2955,24.506185000000187,249.23603338276817,328.1886149989223,47.421447149471135,62.443535350797866,39.093717916249844,0.19026721981505337,-0.31898945601606954,0.3315090132348857,39.130534404010255,-0.30972100979710193,0.23596733651823734,0.38936831896450896,5.773936389602876
2956,24.51789699999972,249.2425601340221,328.1873667624259,47.42268897628664,62.443297852310025,39.2502682414531,0.19026721981505337,-0.31774762920056077,0.3317465117227272,39.132480171817676,-0.21044972143860258,0.16179141066250424,0.26545347203935477,1.2816174730031578
2957,24.521552899999733,249.22910850884733,328.17620570427835,47.420129572962644,62.4411742688061,39.12513909750937,0.19026721981505337,-0.3203070325245605,0.3338700952266507,39.13286932537916,-0.23663315850264377,0.12607468587583637,0.2681232517362643,0.5267377597589005
2958,24.534153399999923,249.21031896681143,328.1674416238235,47.416554539037875,62.43950675158372,39.10011326872063,0.19026721981505337,-0.32388206644932893,0.3355376124490306,39.13294715609146,-0.2583410393595093,0.13049466757887043,0.28942866285817553,0.5926997958577028
2959,24.5387580000006,249.20209680102903,328.16815740302616,47.4149901304136,62.439642940902615,39.095108102962875,0.19026721981505337,-0.3254464750736048,0.3354014231301363,39.13296272223392,-0.18715984144634745,0.10548418415816918,0.2148388218123914,2.1660295632457367
2960,24.55042780000076,249.1975464475717,328.17131181169407,47.4141243473121,62.44024312147002,39.09410706981133,0.19026721981505337,-0.3263122581751077,0.33480124256273314,39.16425367725928,0.0029584229014736826,-0.019317682204676223,0.019542904385603188,2.283649389005296
2961,24.5551018999995,249.20889436335779,328.17388569218133,47.41628348369941,62.44073284655446,39.25034607216539,0.19026721981505337,-0.3241531217877949,0.3343115174782909,39.20179971006124,-0.028089615917799522,0.11193124775341473,0.11540203960955718,3.94741431406306
2962,24.565913599999476,249.22312965773398,328.17633732880705,47.41899199358362,62.441199312639235,39.28159387263621,0.19026721981505337,-0.321444611903587,0.33384505139351717,39.20930891662162,0.035733105155899,0.10543252218313974,0.111323274915809,5.489710367568079
2963,24.569852300001003,249.2140427598925,328.1600129821041,47.417263054794574,62.43809332457677,39.28784343273037,0.19026721981505337,-0.3231735506926299,0.3369510394559825,39.24209859973058,0.1883587430163615,0.11730836075108643,0.22190148168232393,5.785074722566525
2964,24.581407300000137,249.21278955960202,328.163782542401,47.41702461185943,62.43881054833439,39.132654135764824,0.19026721981505337,-0.3234119936277722,0.33623381569836397,39.33124381662581,0.05285165108363246,0.2639255092123366,0.26916532361219414,4.239295422340238
2965,24.58569499999976,249.22831488257629,328.16360341147913,47.41997857189848,62.4387764655919,39.258055485356095,0.19026721981505337,-0.3204580335887215,0.3362678984408518,39.34907286000485,-0.07907037030733848,0.4130170559668238,0.42051779032526326,5.604475806256926
2966,24.597428999999465,249.21501863153276,328.12485471029163,47.41744873117847,62.43140385794551,39.696072156641534,0.19026721981505337,-0.3229878743087369,0.3436405060872403,39.35263866868066,-0.01692783997617755,0.17852517921391597,0.17932593615988707,4.015640732423388
2967,24.60168420000082,249.20586952604725,328.1091479427096,47.415707956313945,62.4284153749454,39.37073908953143,0.19026721981505337,-0.3247286491732595,0.34662898908734974,39.3846396722127,-0.07692103326905228,-0.06686394934038065,0.10191973842476067,2.5138490723829414
2968,24.618490299999394,249.19454141715636,328.1430554182946,47.41355258852951,62.4348668560559,39.305672476109415,0.19026721981505337,-0.32688401695769187,0.3401775079768541,39.39103987291911,-0.26494909082740814,-0.29272982692390803,0.3948275222184635,4.127691360741746
2969,24.624701099999584,249.18407618070512,328.18513214070646,47.41156139708523,62.442872677048136,39.29265915342501,0.19026721981505337,-0.3288752084019748,0.33217168698461563,39.392318692357264,-0.2927700527162977,-0.38641630187011117,0.48480084789372696,4.707695400719818
2970,24.63147620000018,249.17513128882862,328.2250626372274,47.40985947737634,62.450470141607006,39.290056488888126,0.19026721981505337,-0.3305771281108676,0.3245742224257455,39.475160515815205,-0.2463992438161748,-0.4674033155657384,0.5283733970924614,3.27655814220437
2971,24.636647499999526,249.16549073846693,328.22071725842795,47.408025196661534,62.449643358463796,39.70246625383231,0.19026721981505337,-0.33241140882567066,0.32540100556895624,39.4917288805068,-0.25917202371014625,-0.5890309198867212,0.6435274372212964,3.228885030541863
2972,24.645733700001074,249.15702667631595,328.2065159845289,47.406414763087724,62.446941321561184,39.784948206821156,0.19026721981505337,-0.33402184239947985,0.3281030424715681,39.49504316379667,-0.2370816253448979,-0.4098535945157632,0.47348459955279454,3.1901214822189274
2973,24.650390900000275,249.1523242960321,328.23079769730407,47.405520054264606,62.45156133554327,39.38851429956736,0.19026721981505337,-0.334916551222598,0.32348302848948407,39.49570663080622,-0.28781854945800694,-0.34924666184103537,0.452562424665612,0.7458025285469486
2974,24.661371100000906,249.14019670511155,328.25348494678695,47.40321257125709,62.455877975427626,39.309230569874416,0.19026721981505337,-0.33722403423011116,0.3191663886051259,39.49583932420813,-0.2284374595683674,-0.33057181467762703,0.4018225946774383,1.5093137882403362
2975,24.665946600000098,249.12805531031108,328.27316432751707,47.40090246182373,62.45962231648683,39.29337382393582,0.19026721981505337,-0.3395341436634709,0.3154220475459226,39.49586586288851,-0.19496221185622672,-0.3344641534394882,0.387138907871407,2.719609682366067
2976,24.67770930000006,249.12448208929652,328.25750769564877,47.400222594995505,62.45664337266958,39.70312972084186,0.19026721981505337,-0.3402140104916995,0.3184009913631698,39.57845723019489,-0.15284596928415098,0.08560017308682286,0.17518356075529934,8.039929265952845
2977,24.693175500000507,249.12368033677726,328.2349167798692,47.40007004777269,62.452345061931126,39.785080900223065,0.19026721981505337,-0.3403665577145176,0.32269930210162556,39.677692074761936,-0.10507544121464046,0.25304514200017797,0.2739939638684429,8.289427309138594
2978,24.69700560000092,249.1240521032373,328.2126064532681,47.400140782743456,62.44810013811557,39.8014711360993,0.19026721981505337,-0.34029582274374803,0.3269442259171811,39.78012449289409,0.0013529892133353396,0.46532058192761594,0.46532254893274466,8.356981311650383
2980,24.713270199999897,249.12650573600556,328.17464387561927,47.40060762862873,62.44087710400931,39.8054047927096,0.19026721981505337,-0.33982897685847746,0.33416726002344177,39.80061097652052,0.03283430676345268,0.5516274805137621,0.5526038083098935,6.9986052547184485
2981,24.725199399999838,249.12821456876702,328.1594065133384,47.400932763487376,62.43797793345082,39.80553591459661,0.19026721981505337,-0.33950384199982864,0.33706643058193464,39.80470949394893,0.04082886740110541,0.5289036338147016,0.5304771910984044,5.715891769052359
2982,24.72876980000001,249.1300837325238,328.14655634024865,47.401288404078755,62.43553296674288,39.80556213897401,0.19026721981505337,-0.3391482014084488,0.33951139728986846,39.80552919743461,0.058541749351584176,0.40219699831526434,0.40643518778638305,3.1089262565948363
2983,24.74105159999999,249.13202731130477,328.13595091367546,47.4016582034099,62.43351510171385,39.805573487365116,0.19026721981505337,-0.3387784020773026,0.34152926231890035,39.805562016244735,0.058432494228415205,0.3336034728649644,0.3386822013175756,3.743887689088038
2984,24.74449900000036,249.13396660565823,328.1273486292978,47.40202718755494,62.43187836898125,39.80556965352771,0.19026721981505337,-0.33840941793226165,0.3431659950514998,39.85282321867864,0.11552080354908695,0.5305168710982366,0.5429486224059232,4.2963477939377785
2985,24.75728700000036,249.1358590525376,328.1205517569338,47.402387258161326,62.43058514697312,39.805568886760234,0.19026721981505337,-0.3380493473258781,0.34445921705962945,39.90953009783729,0.11556034029191861,0.46990866910507645,0.4839094435413389,5.063905167032591
2986,24.760938200000965,249.14185966059534,328.0969943235108,47.40352897717367,62.42610293960975,40.04184192676611,0.19026721981505337,-0.3369076283135328,0.34894142442300335,39.9208702529659,0.047778932572825526,0.5310139887118667,0.5331591531667491,7.861108071665768
2987,24.77311379999992,249.14824643980705,328.07256553644413,47.40474417189786,62.42145494221112,40.089096534767286,0.19026721981505337,-0.33569243358934386,0.35358942182163133,39.97039292266349,0.15391880115447895,0.3876173247611926,0.4170589740118967,6.565351523816464
2988,24.777199899999687,249.141614832608,328.0624757957321,47.40348239443319,62.419535195297186,39.862274263008146,0.19026721981505337,-0.3369542110540138,0.3555091687355656,40.027552095274885,0.2431459864069156,0.4749016567102936,0.5335274634467972,10.458040867357319
2989,24.789853899999798,249.184028128318,328.07858434199943,47.411552254291124,62.422600123610735,40.05318300201569,0.19026721981505337,-0.3288843511960806,0.3524442404220167,40.11904618565654,0.21137637162911027,0.38441315960481925,0.4386951649613294,10.995693014273266
2990,24.793969800000923,249.1942881294916,328.06695596098814,47.41350439618972,62.420387623884764,40.0913647498172,0.19026721981505337,-0.3269322092974818,0.35465674014798765,40.21740725959225,0.2743876705162928,0.8347441423764513,0.8786844581322438,15.387924918724
2991,24.80552060000082,249.20362803212876,328.019897559583,47.41528147349784,62.41143395268047,40.499312378674375,0.19026721981505337,-0.3251551319893622,0.36361041135228334,40.28433411305126,0.3321752728113397,0.7824697371348046,0.850058410580766,12.894602036635746
2992,24.80911080000078,249.21145617185056,327.9702072390169,47.41677091187903,62.401979513534634,40.58090190444581,0.19026721981505337,-0.3236656936081772,0.37306485049811755,40.37778173960244,0.006987353503834837,0.8924674572719011,0.8924948097318887,11.64497025303231
2993,24.82138979999945,249.2101745288025,327.9567546906136,47.41652705721948,62.399419934550515,40.196908530303226,0.19026721981505337,-0.32390954826772145,0.3756244294822366,40.39647126491267,-0.176507190046077,0.7011250796350451,0.7230014975304064,6.877867488592396
2994,24.8251951000002,249.1904106060776,327.95059919511436,47.41276663058997,62.39824874553529,40.52042113477158,0.19026721981505337,-0.3276699748972334,0.3767956184974608,40.40020916997473,-0.4511319510652402,0.4586050309444031,0.6433028926403542,9.471428907167926
2995,24.837182100000064,249.16248988906824,327.9770067934075,47.40745423338936,62.40327324584452,40.184812376368384,0.19026721981505337,-0.3329823720978453,0.37177111818823505,40.40095614063558,-0.5941818702324245,-0.06476540839601705,0.597701140234486,3.5446965828981982
2996,24.84145730000091,249.13509345005025,327.9868359268675,47.40224158910458,62.40514340774114,40.51800190398461,0.19026721981505337,-0.3381950163826275,0.3699009562916089,40.481167180275555,-0.727443678992167,-0.08026289901781816,0.7318582096720672,10.089751076583436
2997,24.853203799999392,249.11654847847936,327.98581420632627,47.398713088922236,62.40494900781434,40.58463675775005,0.19026721981505337,-0.3417235165649686,0.37009535621841394,40.43881949562543,-0.5899918715644241,-0.19017109876388805,0.6198834207471243,11.392357834074694
2998,24.857199399999445,249.1021389811921,327.9830639641792,47.395971433934456,62.4044257268872,40.59796372850314,0.19026721981505337,-0.3444651715527485,0.37061863714555443,40.57565818623446,-0.7954965781407891,0.07574359471519526,0.7990944236910207,17.476791083805626
2999,24.86955560000024,249.08259498699724,327.99876434309556,47.39225285249491,62.407412994333654,40.308682711520945,0.19026721981505337,-0.3481837529922913,0.3676313696990974,40.668271896035954,-0.60352388959974,0.21554035001568,0.6408578062273105,15.096413459320214
3000,24.87323169999945,249.05417993571416,327.9811745452465,47.386846399686384,62.404066232399806,40.86900582941357,0.19026721981505337,-0.35359020580082046,0.37097813163294546,40.78033589776189,-0.6768970993495864,0.2554352163653995,0.7234893453724957,18.26426155339498
3001,24.890134499999476,249.03113455302034,327.95794012068666,47.38246161879165,62.3996454830348,40.98107045299209,0.19026721981505337,-0.3579749866955524,0.37539888099794894,40.896289957872696,-0.595868801963287,0.3132630683137757,0.6731963897129307,12.753994343914817
3002,24.896802799999932,249.0077493059797,327.9503691244099,47.37801217285254,62.398204970622,41.14495676637967,0.19026721981505337,-0.3624244326346613,0.376839393410755,40.97787066247298,-0.56052410046958,0.35412372879793025,0.663016502437897,10.946395769366735
3003,24.903465100000176,248.99790900618243,327.93565899252826,47.37613988636797,62.39540611472576,41.17773402905719,0.19026721981505337,-0.3642967191192312,0.37963824930699275,41.022481481127414,-0.3003838780560563,0.28972803463282804,0.4173401589209897,1.5697061269005306
3004,24.917802500000107,248.9885481438796,327.93848170369847,47.37435882112254,62.395943184132456,40.716586234522374,0.19026721981505337,-0.36607778436466276,0.3791011799002959,41.000363605795805,-0.26710387438604144,0.20265279499942118,0.33527993532734945,0.03274359838423668
3005,24.92107489999944,248.98562427962224,327.9283612706512,47.37380250559917,62.39401759747322,41.09205992268573,0.19026721981505337,-0.36663409988803153,0.38102676655952905,40.946699626521166,-0.15032301226231953,0.13501044114617666,0.2020515459829563,-1.2756628654688142
3006,24.934088100000736,248.97926282039384,327.94025071805345,47.37259212843782,62.39627976957559,40.87048107633402,0.19026721981505337,-0.36784447704938117,0.3787645944571594,40.93596683066624,-0.06873129955176861,0.1213295873611641,0.139444828901273,-5.036264714375131
3008,24.949755100000402,248.9723996812795,327.95031191926796,47.37128629803934,62.39819408635868,40.876636870006486,0.19026721981505337,-0.3691503074478675,0.3768502776740732,41.02514458556627,-0.046517313962469435,0.13230285364097072,0.14024231023420525,-4.382044303037169
3009,24.953182799999922,248.9746863766187,327.9439759900709,47.37172138120408,62.396988566725405,41.12407004978255,0.19026721981505337,-0.36871522428312176,0.37805579730734706,40.9836454197494,-0.011249898898142104,-0.026825072970275705,0.029088567601018706,-0.13083501567055889
3011,24.970571899999413,248.97348408353622,327.9423851113179,47.37149262424188,62.39668587464801,41.16247500902256,0.19026721981505337,-0.368943981245323,0.3783584893847447,41.01370129947666,0.04449340619653567,-0.0027789773900143352,0.044580106665463796,0.6122867133499316
3012,24.982171699999526,248.9738702884622,327.9550176645482,47.371566106379426,62.399089435430305,40.884564093601384,0.19026721981505337,-0.36887049910777847,0.3759549286024466,41.07004245068137,0.08976177652146941,0.051195565615618825,0.10333519469664414,-1.044983846782846
3013,24.98606959999961,248.97767472543586,327.95611586633237,47.37228996602536,62.39929838723057,41.020760474970274,0.19026721981505337,-0.3681466394618411,0.3757459768021789,41.081310680922314,0.08625780226850345,0.01653152090895206,0.08782767010319333,2.2526159886834436
3015,25.001093700000638,248.98896588402383,327.944454202095,47.37443830337838,62.39707955479771,41.15834262603006,0.19026721981505337,-0.3659983021088209,0.3779648092350385,41.042334007040104,0.15147895013364632,0.00687105864231066,0.1516347050660164,3.314821571268925
3016,25.01285800000005,248.99573085088878,327.93342495189097,47.37572545481592,62.39498105002475,41.180411200987265,0.19026721981505337,-0.36471115067128324,0.3800633140080052,41.09387338906054,0.16843034001392776,0.07157561406293303,0.1830077811616032,2.43045777447755
3017,25.01730250000037,249.00304114167727,327.9341466432462,47.37711636352029,62.395118364232474,40.96759163961152,0.19026721981505337,-0.3633202419669175,0.3799259998002782,41.12516026937088,0.16800609278913414,0.14546559694110453,0.2222302569581897,1.8943681675095116
3018,25.029175400000895,249.00872537330994,327.926888406417,47.37819788646982,62.39373735969022,41.14226100370356,0.19026721981505337,-0.3622387190173839,0.3813070043425313,41.13032807438199,0.15322402248321826,0.14123155628822617,0.20838414900738533,3.205667612920863
3019,25.034087800000634,249.0134652178392,327.91873382035425,47.37909972351076,62.39218580927132,41.177194876521966,0.19026721981505337,-0.36133688197644176,0.3828585547614338,41.13136163538422,0.16187653164790325,0.16153567065615637,0.22868708838211405,2.748205227502259
3020,25.045105200000762,249.01746542555355,327.9114080034284,47.37986083191125,62.39079194645196,41.18418165108565,0.19026721981505337,-0.3605757735759525,0.38425241758078954,41.175015002858096,0.10839140729941263,0.184249140593189,0.21376726359682835,1.3707238760799718
3021,25.04927520000092,249.0208115163005,327.9052735706813,47.380497483294924,62.38962476498803,41.185579005998385,0.19026721981505337,-0.3599391221922801,0.3854195990447238,41.18374567635287,0.02416026067444775,0.09690737380590374,0.09987370671910813,1.2984591786615047
3022,25.06075890000102,249.0235592023173,327.9002838467719,47.38102027787426,62.388675384092146,41.18585847698093,0.19026721981505337,-0.35941632761294073,0.38636897994060604,41.18549181105183,-0.0272094977320248,0.02008533469617368,0.03381977877938265,0.9165009516707889
3023,25.06548219999968,249.01536550858714,327.9082374655992,47.37946128654821,62.390188697033885,41.18591437117744,0.19026721981505337,-0.3609753189389977,0.38485566699886675,41.18584103799162,-0.06830548710123657,-0.03134588986735709,0.07515453665424114,-0.045220650214581354
3024,25.077786100000594,249.01062772358233,327.91265201776696,47.37855984136726,62.39102864160157,41.18592555001674,0.19026721981505337,-0.3618767641199412,0.38401572243117954,41.16493187947333,-0.09852093031161575,-0.1065978836421023,0.1451533069083906,0.8976208452661609
3025,25.082726900000125,249.00708579442096,327.9160444741683,47.377885928352946,62.3916741148494,41.1859277857846,0.19026721981505337,-0.3625506771342586,0.3833702491833506,41.160750047769675,-0.12391816398775506,-0.14575626122512456,0.19131283033927154,1.4394723393878497
3026,25.093123900000137,249.00717305993336,327.92131000770223,47.37790253211938,62.39267597327574,41.08103321340692,0.19026721981505337,-0.3625340733678257,0.38236839075700857,41.23153172342113,-0.10147667780670863,-0.061661736310508225,0.11874209810978244,1.4759434947639198
3027,25.098071399999753,249.00505483114546,327.92425145212087,47.37749950261697,62.393235633727514,41.16494931846264,0.19026721981505337,-0.36293710287023373,0.381808730305238,41.24568805855142,-0.20641075711484874,-0.15797028109169098,0.259923085471285,2.795107410266345
3028,25.109118399999716,248.99240598073558,327.9184407927177,47.37509284101563,62.39213005571759,41.53982274943472,0.19026721981505337,-0.3653437644715751,0.38291430831516493,41.248519325577476,-0.1860226905760695,-0.14364239572408347,0.2350267628558805,3.0365125975676843
3029,25.113518600001044,248.97857787457843,327.9311559135115,47.372461805701796,62.39454932640063,41.2567072256682,0.19026721981505337,-0.3679747997854079,0.380495037632123,41.270064582888935,-0.19666769456091737,-0.14164769137651606,0.24236800646166778,0.7879140546903272
3030,25.125466999999844,248.97641403041217,327.93486112193256,47.37205009708817,62.39525430610574,41.200084120914894,0.19026721981505337,-0.3683865083990341,0.3797900579270106,41.274373634351235,-0.4004024409435015,-0.14773171264335436,0.42678656683880395,-0.5545677917848228
3031,25.1414206999998,248.97208507498584,327.9421045627097,47.3712264387745,62.3966324954443,41.188759499964235,0.19026721981505337,-0.3692101667127048,0.3784118685884508,41.2036174026515,-0.3904133250922707,-0.20452721493864587,0.44074249404857946,-0.6523054180163144
3032,25.14509530000032,248.9508383463832,327.9448767266149,47.36718388279311,62.39715994736342,41.186494575774105,0.19026721981505337,-0.37325272269409737,0.3778844166693318,41.18946615631155,-0.33194860310559593,-0.20371471881246833,0.38947344166784914,-1.65769106397421
3033,25.15727390000029,248.940090720629,327.9566476484506,47.36513896192125,62.39939956793576,41.18604159093608,0.19026721981505337,-0.37529764356595763,0.3756447960969922,41.186635907043566,-0.3628667522855147,-0.1935469230052492,0.4112574513842113,-1.7311495077723813
3034,25.161611400000766,248.93312372385842,327.96908897510093,47.363813370815244,62.40176674456833,41.18595099396847,0.19026721981505337,-0.37662323467196046,0.3732776194644245,41.18606985718997,-0.4379750738108247,-0.1649850121839308,0.46801946489962265,-0.8447283177774448
3035,25.178625599999577,248.91621855303492,327.96981893566976,47.36059687096216,62.401905632136334,41.185932874574945,0.19026721981505337,-0.37983973452504216,0.3731387318964181,41.18595664721926,-0.2749994231262256,-0.08331919359047656,0.2873443417579754,-0.07465037201141055
3036,25.186191599999802,248.89923209797553,327.96757527835103,47.3573649053835,62.40147873769608,41.18592925069625,0.19026721981505337,-0.38307170010370584,0.3735656263366707,41.18593400522511,-0.20032749696948354,-0.05179541482602453,0.2069151300390051,2.7714509176540014
3037,25.19258120000086,248.88965253743334,327.9586830651932,47.35554222903208,62.39978684102054,41.1859285259205,0.19026721981505337,-0.38489437645512226,0.37525752301220905,41.18592947682628,-0.10117423219306272,0.046079519572677155,0.111173501266734,3.118003735875978
3038,25.197697400000834,248.89517695882122,327.9593896994038,47.356593345330644,62.399921290347216,41.18592838096536,0.19026721981505337,-0.38384326015656,0.3751230736855362,41.2575466131387,-0.0671470489797301,0.10304437184220053,0.12299133609746649,3.258221612527967
3039,25.206636900000376,248.90411116475414,327.96203828178454,47.35829323185476,62.40042522875325,41.185928351974326,0.19026721981505337,-0.3821433736324451,0.3746191352795023,41.27187004040118,0.027043621178191347,0.06557936289169279,0.07093666388906271,4.634475967014147
3040,25.210762099999556,248.90370113103228,327.95603996595395,47.35821521587847,62.39928394587659,41.544018556137054,0.19026721981505337,-0.38222138960873764,0.3757604181561618,41.274734725853676,0.04740641777509129,0.08433311214085848,0.09674421041917239,5.411261469462284
3041,25.221257600000172,248.90611632279712,327.96326078494553,47.35867474770088,62.400657831030905,41.25754638700867,0.19026721981505337,-0.3817618577863229,0.37438653300184654,41.34692570493637,0.10174353952275073,0.13358420550526365,0.16791809847389902,3.1233582089518466
3042,25.22497570000087,248.90253158314067,327.9562540390098,47.35799268925269,62.39932467696177,41.200251953182985,0.19026721981505337,-0.38244391623451435,0.37571968707098335,41.3613639007529,0.028752839717628757,0.17474737100508006,0.17709706227098954,8.255052549411435
3043,25.237775100000363,248.93462871487696,327.94145608787744,47.36409972127219,62.39650911194085,41.546883276378786,0.19026721981505337,-0.3763368842150143,0.37853525209190053,41.39411237975996,0.048290906504783765,0.20515667965497641,0.21076355201530547,9.354353250240532
3044,25.24271829999998,248.93008738501806,327.9375734946256,47.36323565506567,62.39577038171715,41.25811933105701,0.19026721981505337,-0.3772009504215319,0.3792739823156026,41.528867641967615,0.054225575693892046,0.4799339443510643,0.48298758162058836,5.250020531847877
3045,25.253215799999452,248.93443377252405,327.91392065637126,47.36406263013268,62.391270021941764,41.70776095117234,0.19026721981505337,-0.3763739753545252,0.3837743420909874,41.59385702448728,0.09474880043063896,0.5007324142209556,0.5096177840642845,5.933755046343248
3046,25.25751239999954,248.93609257399038,327.88585168508894,47.3643782456759,62.38592941681281,41.93132269804697,0.19026721981505337,-0.376058359811303,0.38911494721994444,41.53523685899901,0.05631505036200554,0.3843742470876087,0.38847773001993474,6.434527671048318
3047,25.269804400000794,248.93733124896636,327.8559691468582,47.36461392491984,62.38024374934262,41.52519886578127,0.19026721981505337,-0.37582268056736723,0.3948006146901335,41.62499170773731,0.10813753014411329,0.3947099076003451,0.4092549774694768,-1.5099904879284565
3048,25.273350299999947,248.94264198582556,327.8627120743122,47.365624384057206,62.38152670740271,41.25378244893751,0.19026721981505337,-0.37481222142999826,0.39351765663003846,41.64294267748497,0.0056258427534364025,0.5940658164244068,0.5940924543795211,-6.655145888140348
3049,25.284920500000226,248.94776910851692,327.8504817905507,47.36659990743734,62.379199685313864,41.706893574748435,0.19026721981505337,-0.37383669804986397,0.3958446787188876,41.49875650646236,-0.02374445932882266,0.2947168288806262,0.2956717919827159,-4.086658629957551
3050,25.288343899999745,248.93996428030306,327.8248335824033,47.36511490447196,62.37431967205642,41.79751579991063,0.19026721981505337,-0.3753217010152454,0.400724691976329,41.43188094217972,-0.026886269702883152,0.1899936936578653,0.19188662050360608,-6.048240197870263
3052,25.305043000000296,248.93352270038025,327.84710530629764,47.36388928296883,62.37855725104228,41.21039184293393,0.19026721981505337,-0.37654732251837686,0.3964871129904708,41.41850582932318,-0.030471466326109864,0.07473049897453807,0.08070413705038103,-12.87988652264415
3053,25.31802609999977,248.93375909306383,327.8512721761838,47.36393426074752,62.37935006979085,41.19082104436804,0.19026721981505337,-0.37650234473968425,0.39569429424189906,41.38596996690813,-0.09465954390776388,0.059625292651460694,0.11187316379095663,-9.227780383918404
3054,25.32173750000038,248.9389680325433,327.869571584085,47.36492535118046,62.382831847256476,41.18690688465486,0.19026721981505337,-0.37551125430674404,0.3922125167762758,41.27798391258918,-0.10757214521538548,-0.2756082278576763,0.2958575023370014,-4.5215061845020985
3055,25.333738799999992,248.9240425452452,327.8616494878181,47.36208552020786,62.38132453202467,41.544214262673165,0.19026721981505337,-0.37835108527934125,0.393719832008081,41.347575542283465,-0.13958313255155388,-0.193948194031988,0.23895470880728492,-3.195337493342829
3056,25.337221400001,248.91492100618433,327.8662378724428,47.36034999033032,62.38219755121065,41.257585528315886,0.19026721981505337,-0.380086615156884,0.3928468128220999,41.361493868222325,-0.08151818732755127,-0.3501591034549608,0.3595227567172232,-5.980133131566229
3057,25.349983500000235,248.8992624781086,327.8558722122513,47.357370685726956,62.38022530586447,41.558349991405365,0.19026721981505337,-0.3830659197602486,0.3948190581682809,41.435895575402284,-0.15432851758057964,-0.12166847022483279,0.19652101156230165,-0.34266986246776954
3058,25.353436800000054,248.9045946722615,327.8711564685902,47.35838522748394,62.38313339882501,41.26041267406233,0.19026721981505337,-0.3820513780032613,0.3919109652077424,41.379157874846086,-0.11666532131307561,-0.1571173769244288,0.1956953431451454,-1.9633278707022703
3059,25.365927799999554,248.89822584702046,327.8577427304288,47.35717344881184,62.380581204157714,41.558915420554655,0.19026721981505337,-0.3832631566753619,0.39446315987503766,41.36781033473485,0.09089782322893036,-0.3234222345480911,0.3359529075150836,-3.2091172735606817
3060,25.38148320000073,248.89427615780005,327.86196528465797,47.35642195242474,62.38138461781141,41.26052575989219,0.19026721981505337,-0.3840146530624651,0.3936597462213385,41.33196111479854,0.14375850012678817,-0.329468812662314,0.35946655599070504,-5.519340983221599
3061,25.384694899999886,248.90338242445978,327.8802328372778,47.35815457646498,62.38486033426121,41.200847827759695,0.19026721981505337,-0.3822820290222211,0.39018402977153954,41.324791270811275,0.06436300936262535,-0.19895379762851645,0.2091057401532107,-1.6841216670455434
3062,25.397463499999503,248.90545299747237,327.87189078988587,47.35854853863551,62.38327311609639,41.379103891723815,0.19026721981505337,-0.38188806685169396,0.39177124793636153,41.25173926002164,0.0754791178662393,-0.25837610255075105,0.269175235865378,-0.38099230021392727
3063,25.401573400000416,248.90322405869426,327.87598508760817,47.35812444465106,62.3840521267411,41.22456345412602,0.19026721981505337,-0.3823121608361433,0.39099223729164834,41.26302546430902,0.07655752091220751,-0.19006537419690228,0.2049046131174981,-1.1648599830912874
3064,25.414748499999405,248.90035511745677,327.8824102733669,47.35757857917799,62.38527462897221,41.19365536660646,0.19026721981505337,-0.38285802630921495,0.3897697350605398,41.33690074715868,-0.06938835586289485,0.07345170845001867,0.10104403695212438,1.0732744082378947
3065,25.41848620000019,248.89951199713764,327.8767152392402,47.3574181610189,62.384191050662174,41.316956781329104,0.19026721981505337,-0.3830184444683056,0.3908533133705774,41.313637473650495,-0.10186882963990124,0.016601631920848417,0.10321275422465265,4.853733771475962
3066,25.429294800000207,248.88870398805395,327.86334384887255,47.35536175117881,62.38164691339186,41.57022424200801,0.19026721981505337,-0.3850748543083924,0.39339745064089016,41.41046370078479,-0.11184512902568675,0.14614751747387084,0.18403377339648258,4.50837760051306
3067,25.43364979999933,248.8856929953045,327.8670047854603,47.35478885795949,62.382343469618334,41.262787524182855,0.19026721981505337,-0.38564774752771314,0.3927008944144177,41.46786727628977,-0.1902676854812238,0.24936126730007194,0.31366037965908256,3.4793045043683115
3068,25.444912900000418,248.8766318364726,327.8398819947049,47.35306481646024,62.377182891627676,41.70869458979751,0.19026721981505337,-0.38737178902696456,0.39786147240507574,41.47934799139077,-0.17641030192027463,0.20444484446602457,0.2700338664914818,5.392403520714812
3069,25.44988480000029,248.8653028260615,327.82882120668404,47.350909277146066,62.37507838624198,41.48067324413138,0.19026721981505337,-0.38952732834113846,0.3999659777907709,41.48164413441098,-0.19524604954204866,0.22470638858753839,0.2976810053292449,0.8222438372068712
3070,25.461405699999887,248.8668994369841,327.82486582413196,47.35121305986744,62.374325806600496,41.37436035683409,0.19026721981505337,-0.3892235456197639,0.40071855743225626,41.52014169309314,-0.10937193699831646,0.23951727028748432,0.26330731734748947,-1.4349515032455378
3071,25.465417999999772,248.86090134240033,327.81776583347437,47.35007181908679,62.37297491111736,41.58170495710901,0.19026721981505337,-0.3903647864004114,0.4020694529153914,41.464400653071756,-0.12159441622172051,0.15689391444660936,0.19849660563012403,2.439241539904214
3072,25.47725460000038,248.8794289793989,327.82310906090765,47.35359702106825,62.37399155214593,41.45527531759368,0.19026721981505337,-0.3868395844189507,0.40105281188682085,41.48683215698154,-0.05813420764467398,0.08844212903814219,0.1058375939223557,2.606876802448566
3073,25.481181400000423,248.87500861203722,327.8221789375902,47.35275597005979,62.373814580168236,41.42998938969062,0.19026721981505337,-0.38768063542741515,0.40122978386451535,41.56690073315412,-0.05933932107376193,0.18794429368802598,0.19708935170471786,0.6265092931275114
3074,25.49349869999969,248.86748338469874,327.8169338945538,47.35132416597562,62.37281662041189,41.59283076368031,0.19026721981505337,-0.38911243951158525,0.40222774362086255,41.582913227685516,0.034583357591684426,0.09170464274120549,0.09800892879022018,3.9133803210621885
3075,25.498808800000916,248.86805111350867,327.80122596631423,47.35143218615789,62.36982791657669,41.774703237697,0.19026721981505337,-0.38900441932931074,0.40521644745606267,41.54807739651366,0.022504424457658635,-0.058388740611028084,0.06257550759132828,-0.047825951608907236
3076,25.509278699999413,248.87824095830882,327.8091779515395,47.35337097959837,62.37134091869751,41.661767429765966,0.19026721981505337,-0.3870656258888374,0.40370344533523905,41.57468994219336,0.09621316944028194,-0.10915068988300686,0.14550205179199618,-4.148231350552111
3077,25.512980100000277,248.8828598001241,327.8254481744083,47.35424979378932,62.37443660876853,41.281096161734446,0.19026721981505337,-0.3861868116978826,0.4006077552642253,41.508394409337114,0.14954836175281633,-0.26865036726449476,0.3074698885001573,-2.904827940210974
3078,25.525053499999558,248.89265479988455,327.83869389174663,47.35611346116183,62.37695683458095,41.563052118089075,0.19026721981505337,-0.3843231443253714,0.39808752945180004,41.50704531901478,0.15982724809461524,-0.349095721200278,0.38394344869243424,-0.9284223967463181
3079,25.528990200000408,248.89576730714887,327.8535180774288,47.35670566926567,62.379777391176724,41.261353099399074,0.19026721981505337,-0.3837309362215322,0.3952669728560281,41.53663756149719,0.15974705345381376,-0.30724576690634514,0.34629334727806105,-1.2400506164411822
3081,25.545729699999356,248.90207863449223,327.83938804695356,47.35790650797263,62.377088909562296,41.76795778608534,0.19026721981505337,-0.3825300975145751,0.39795545447045555,41.592241678938976,-0.0019630394211542085,-0.13432555172052346,0.13433989492623563,7.5125529160694455
3082,25.557035100000576,248.9130578055957,327.8355412866407,47.35999548433437,62.37635699717227,41.809728642178,0.19026721981505337,-0.3804411211528347,0.3986873668604787,41.60336250242734,-0.06996819494519867,-0.07532204833408868,0.10280544377187482,6.6462985022502
3083,25.561046500000884,248.90101683177002,327.83494580750005,47.35770448172069,62.376243697011724,41.55911674894342,0.19026721981505337,-0.382732123766516,0.39880066702102823,41.707065548960955,-0.026450755322338024,0.09842587962790622,0.10191808592025892,2.9300446882252547
3084,25.573337699999684,248.88902297625305,327.8293724382031,47.35542244417661,62.37518326753059,41.61865623553087,0.19026721981505337,-0.3850141613105933,0.39986109650216406,41.65245559026094,-0.06847778036944259,0.07222907085062646,0.09953012147219772,2.493642655334043
3085,25.5770236999997,248.89615253361404,327.8264226993945,47.3567789652342,62.3746220289283,41.77986833206711,0.19026721981505337,-0.38365764025300564,0.4004223351044516,41.611672758677194,-0.12982437558068372,0.07068444111770321,0.14781968309747007,2.332177161220797
3086,25.589110700000674,248.88736058213397,327.8245408555127,47.355106145069335,62.37426397572477,41.4949079925853,0.19026721981505337,-0.3853304604178689,0.4007803883079788,41.62544856540732,-0.15265634263976247,0.1537082989607845,0.21663379264917665,-4.296971320339386
3087,25.604734300000928,248.8773462795667,327.81985896876097,47.353200751561474,62.37337316614904,41.60581448425925,0.19026721981505337,-0.38723585392573057,0.4016711978837151,41.62820372675334,-0.12754244099926104,0.16601027259248255,0.20934776058577828,-2.9751913552984606
3088,25.608753000000434,248.86287218390535,327.81049452734646,47.35044680562065,62.37159141991598,41.62799578259404,0.19026721981505337,-0.38998979986655513,0.403452944116772,41.59889269847567,-0.07371624817704656,0.0038360155483510017,0.07381598919331171,1.631057055163189
3089,25.621550300000308,248.85883022859352,327.80055454003974,47.34967775402085,62.36970016616613,41.632432042261,0.19026721981505337,-0.3907588514663516,0.40534419786661857,41.626610204734206,-0.023629321146508172,-0.05838121496768848,0.06298183134006403,1.5126170428221855
3090,25.624508799999603,248.8687374033398,327.81079537329117,47.35156276461605,62.371648661037476,41.63331319067876,0.19026721981505337,-0.38887384087115606,0.40339570299527594,41.662014545829656,0.14916515639632977,-0.10711747624317623,0.1836420365805415,1.5593972753781402
3091,25.63744140000017,248.87635259424314,327.8299266265259,47.35301168581759,62.37528871140202,41.63349552387794,0.19026721981505337,-0.3874249196696127,0.39975565263073065,41.669095414048755,0.25564703491019464,-0.16973380574806268,0.3068631148771311,3.5149981941022337
3092,25.640893400001005,248.88981492468383,327.83331326063535,47.355573126002774,62.37593307685856,41.78283618973653,0.19026721981505337,-0.3848634794844301,0.3991112871741933,41.67051158769257,0.17978613770690327,-0.14442107695732215,0.2306089824379752,3.398664417625845
3093,25.653027500000462,248.8800655780948,327.82500464572524,47.35371814493226,62.3743522197991,41.6634001236895,0.19026721981505337,-0.3867184605549454,0.40069214423365196,41.700656882968204,0.05309247135348629,0.032035093287104896,0.06200852938374104,0.5438550039435659
3094,25.65683320000062,248.87127677050026,327.8195171526422,47.352045922945756,62.373308129746434,41.63951291048009,0.19026721981505337,-0.3883906825414485,0.401736234286318,41.706685942023334,-0.027394146783953476,0.1382836681839799,0.140970962132057,1.7431940871274099
3095,25.66925380000066,248.87151716015435,327.8049159092543,47.35209166121692,62.370529991761174,41.78403966705696,0.19026721981505337,-0.3883449442702869,0.4045143722715778,41.67803091399061,-0.19567362000939492,0.1820406316925282,0.2672582218652885,1.2030549942320452
3096,25.67294100000072,248.86588954394483,327.80007541286045,47.35102091032655,62.36960900396979,41.663640819153585,0.19026721981505337,-0.38941569516065755,0.40543536006295966,41.70216074822781,-0.14582760487866903,0.2539118822591911,0.2928086991485303,-0.9036242406928239
3097,25.684990100000505,248.8595960126952,327.7980413141526,47.34982345763286,62.36922198166382,41.639561049572904,0.19026721981505337,-0.39061314785434575,0.40582238236893176,41.674562909123615,-0.0767716842676767,0.2832788253032449,0.293497503175891,-0.9339446268248652
3098,25.689385699999548,248.86182206835934,327.7867295668194,47.35024700305523,62.367069726947484,41.784049294875516,0.19026721981505337,-0.390189602431974,0.4079746370852675,41.63918250145902,-0.08072990630734513,0.22863304225786488,0.2424672880709465,0.09472437043879639
3100,25.705289999999877,248.85395466906738,327.7515231217299,47.34875009486477,62.36037109452074,41.501523714959085,0.19026721981505337,-0.391686510622435,0.414673269512015,41.66196725976986,0.025580777342617357,0.22449404776347595,0.22594679384908825,-0.8436367362826066
3101,25.717424800001027,248.85292729641725,327.7546837589481,47.348554619526915,62.36097246017708,41.60713762873401,0.19026721981505337,-0.3918819859602891,0.41407190385567105,41.69638505127577,0.025738805457357416,0.25416224412289207,0.25546219376642854,2.961892170471963
3102,25.721140800000285,248.85763718909453,327.75020963602606,47.34945075771225,62.36012118124759,41.77756461070774,0.19026721981505337,-0.3909858477749566,0.4149231827851594,41.70326860957695,-0.04843334391765286,0.24837810983224318,0.2530562669583259,20.726162188034372
3103,25.733444900000904,248.85126156167792,327.73853965265886,47.34823768480911,62.35790076595703,41.811650007102486,0.19026721981505337,-0.3921989206780907,0.4171435980757252,41.90920474730602,-0.01633042054247799,0.09994506525440543,0.10127042363790893,24.80171740748233
3104,25.737381500000993,248.8455821140523,327.72900747175845,47.3471570720993,62.356087104398334,41.81846708638143,0.19026721981505337,-0.3932795333879042,0.41895725963441777,42.2271729807112,-0.13331283621710638,0.07249131217540103,0.15174749632583884,41.809347622468785
3105,25.755383800000345,248.85186412592518,327.759377417256,47.3483523330332,62.361865509494095,42.53120440360441,0.19026721981505337,-0.39208427245400657,0.413178854538657,42.6198102064938,-0.4060173046218738,-0.1096972075158339,0.4205752358249156,59.38583521247699
3106,25.762067199999365,248.830752438952,327.7659399353687,47.34433547104721,62.36311414157038,43.19697879575995,0.19026721981505337,-0.39610113443999495,0.41193022246237376,43.20711023465814,-0.784883234313632,0.12320791452034854,0.7944947335930436,78.1432411285806
3107,25.769045900000492,248.7895858453337,327.7909494003461,47.3365028177302,62.36787262294069,43.74075073962074,0.19026721981505337,-0.40393378775700484,0.4071717410920641,43.83334282329882,-0.8211621839068591,0.0855709533113563,0.8256086968590488,78.44832285426229
3108,25.775003000000652,248.72718924697796,327.74883903465684,47.32463079043514,62.3598604007356,44.74815014792415,0.19026721981505337,-0.4158058150520674,0.415183963297153,44.49174668965977,-1.436109657378383,0.42430601247271876,1.4974800633851375,107.09516282733722
3109,25.782640400000673,248.70888929172497,327.73789945592983,47.32114890882641,62.35777895750526,44.94963002958483,0.19026721981505337,-0.41928769666079546,0.4172654065274912,45.12028720414289,-1.455438610292608,0.5547991476083031,1.5575954681872242,99.39555687988681
3110,25.786547300000166,248.64711673211093,327.70971290109185,47.30939561564779,62.352415980080075,45.82322373540916,0.19026721981505337,-0.43104098983941697,0.4226283839526772,45.76509992129733,-1.8450367295791517,1.2643127914864478,2.2366598686908983,123.690493010887
3111,25.797993500000302,248.60514618742226,327.68170068621043,47.30140999679575,62.34708617383372,46.33968136817558,0.19026721981505337,-0.4390266086914565,0.42795819019902837,46.330272181525096,-1.6801854791903592,1.2324725229316653,2.0837494485335037,113.74211991333533
3112,25.80123790000107,248.55279106345714,327.63283514469714,47.29144853291583,62.337788663105236,46.96481432539293,0.19026721981505337,-0.44898807257137463,0.43725570092751553,47.01552037868783,-1.836426864447934,1.3347461963366207,2.2702447086385087,107.444668969514
3113,25.813290300000517,248.47876249364748,327.5577220308032,47.27736332275126,62.32349709975298,47.574011449062965,0.19026721981505337,-0.46307328273594095,0.45154726427977465,47.74809369976101,-2.198241971275905,1.7392504659677028,2.8030804390255817,119.36412005611294
3114,25.829531100000167,248.37316581262087,327.49080990223206,47.257271735830635,62.310765915077845,48.37587101539853,0.19026721981505337,-0.48316486965656935,0.4642784489549072,48.57329610811627,-2.4482979937509857,1.9288791818074982,3.116847439996938,125.22900048081306
3115,25.833442999999534,248.27411954763764,327.42100417233536,47.23842647835921,62.29748417292324,49.48609034077502,0.19026721981505337,-0.5020101271279955,0.47756019110951087,49.45207255170138,-2.890848485480049,2.053822518328878,3.54615170329712,118.48488027588616
3116,25.844986300000528,248.15593986005393,327.33523151183385,47.215940757764045,62.281164447273476,50.46569340995188,0.19026721981505337,-0.5244958477231592,0.4938799167592762,50.36053963241059,-3.0531767113945243,2.1409154063724634,3.728995415422879,118.09090914097438
3117,25.849485200000345,248.03101987712284,327.25269978469674,47.1921725799124,62.26546136500456,51.3586965433185,0.19026721981505337,-0.5482640255748024,0.5095829990281899,51.15904457198994,-3.8283268162570776,2.7351674847403964,4.705021507034177,134.53031100076606
3118,25.86135909999939,247.9074360605893,327.15152333484605,47.16865863072643,62.246210803180716,52.11634685260901,0.19026721981505337,-0.5717779747607707,0.5288335608520356,51.857378372405805,-3.2457811022126233,2.336626451135302,3.9993647165050787,97.7890240752115
3119,25.866333199999644,247.77377216212,327.05335324582086,47.14322677237504,62.2275322532729,52.36839571329524,0.19026721981505337,-0.5972098331121671,0.547512110759854,52.51897079166868,-3.7676254530001714,2.600791298407581,4.578112813372704,99.1002003203773
3120,25.878024600000572,247.65673420874288,326.9671728451466,47.12095828637313,62.21113494803406,52.97775934285437,0.19026721981505337,-0.6194783191140729,0.5639094159986939,52.99756307923218,-2.9652500650790774,2.0166806922020664,3.5860436364818646,69.70202048788373
3121,25.882275500000105,247.5549191784064,326.9060769637281,47.10158622361563,62.19951040453441,53.77365550626619,0.19026721981505337,-0.6388503818715776,0.575533959498344,53.35998075549489,-3.00059296034402,1.8599436474469742,3.5302901418076735,66.2289752984468
3122,25.893733099999736,247.47836755094926,326.8717600246234,47.087020958287034,62.1929810159384,53.75165798113605,0.19026721981505337,-0.6534156472001698,0.5820633480943513,53.70941497434117,-2.0661036395148202,1.1397838734575427,2.3596380077058994,40.11569214123229
3123,25.898671700000705,247.42237966849905,326.85002008428086,47.0763682995499,62.18884461793048,53.92843523392253,0.19026721981505337,-0.664068305937306,0.5861997461022739,53.91410650561042,-1.867814587362445,0.9453167752613406,2.0934075423467933,34.0462833139461
3124,25.9154424999997,247.38356046277906,326.83641401765226,47.06898227720213,62.186255829460436,54.11556680752669,0.19026721981505337,-0.6714543282850727,0.5887885345723163,53.95504481186428,-1.1020476459457937,0.4681609320923011,1.1973653044381225,19.952548287174146
3125,25.922504800000752,247.34966285129047,326.8204468882021,47.062532672905824,62.18321780813153,54.00121699920065,0.19026721981505337,-0.6779039325813798,0.5918265559012212,54.029823049286925,-0.8956627578163449,0.3327475396958265,0.9554751178930857,14.601970934565934
3126,25.928814400000192,247.32551004265662,326.8088791170701,47.057937185156334,62.18101684047878,53.97834703753544,0.19026721981505337,-0.6824994203308705,0.5940275235539687,54.123129526849574,-0.44236074040572226,0.1310834117299949,0.46137391070917105,7.156682670121336
3127,25.93379719999939,247.3192429586622,326.8116863320019,47.056744764508366,62.18155096145928,54.12554916824928,0.19026721981505337,-0.6836918409788382,0.5934934025734719,54.141790822362104,-0.28334095686912963,0.010392961945025217,0.2835315000092666,8.242221611053983
3128,25.941873199999463,247.3238903295093,326.8189341562427,47.0576290068389,62.18292998482728,54.394967621735795,0.19026721981505337,-0.6828075986483029,0.5921143792054693,54.17587830607399,-0.05594984118955554,-0.12271821525155033,0.1348708459366305,6.266341862797828
3129,25.946597300000576,247.3326968255414,326.8300844912091,47.05930459435524,62.18505152806135,54.208873285089346,0.19026721981505337,-0.6811320111319645,0.5899928359714011,54.21305102742574,0.23409764475512246,-0.32640925022634837,0.40167736544797045,0.931661463104402
3130,25.95708370000102,247.34502647078966,326.84305731664995,47.06165052167793,62.18751983149112,54.17165441776006,0.19026721981505337,-0.6787860838092712,0.5875245325416287,54.220485571696095,0.33143280915958695,-0.34698239138438713,0.4798379798622064,0.03535062317894133
3131,25.96099680000043,247.3598734084689,326.85682908746327,47.064475407232926,62.1901401480357,54.1642106442942,0.19026721981505337,-0.6759611982542779,0.5849042159970494,54.173976875081415,0.46396691584395955,-0.43572433764485435,0.636491160515056,-2.3281909852074527
3132,25.973631200000455,247.37629952887505,326.8707777064361,47.06760075949495,62.192794112987926,54.16272188960103,0.19026721981505337,-0.6728358459922532,0.582250251044826,54.16467275375097,0.48003780906818544,-0.4104696206502177,0.6316024126075812,-4.392994273575209
3133,25.977871900000537,247.393509544084,326.8844729910621,47.07087526124173,62.1953998767183,54.162424138662395,0.19026721981505337,-0.6695613442454729,0.5796444873144537,54.13245670487551,0.45903273971107,-0.3698490717932837,0.589490790456479,-5.140198095725936
3135,25.99285939999936,247.427778283578,326.9099014491484,47.07739547903182,62.20023807874255,54.162352678437124,0.19026721981505337,-0.6630411264553828,0.574806285290201,54.09565827049104,0.4543842086008172,-0.34252266257668823,0.5690226563190738,-0.4714476269511607
3136,26.005318699999407,247.43555022274995,326.912015157209,47.078874224290644,62.20064024809874,54.01057417338274,0.19026721981505337,-0.6615623811965605,0.5744041159340085,54.05794335900477,0.423762323948563,-0.3031895091794522,0.5210550697140984,-0.19324703760606612
3137,26.00884910000059,247.44851386794335,326.92190485131397,47.08134078102026,62.20252193270092,53.98021847237187,0.19026721981505337,-0.6590958244669451,0.5725224313318336,54.098395982176264,0.35322759812021864,-0.1698748657455035,0.3919530661773569,5.272408073490254
3138,26.021212400000877,247.4546386903745,326.92277510198863,47.082506133956095,62.20268751287733,53.97414733216969,0.19026721981505337,-0.6579304715311096,0.5723568511554191,54.10648888881807,0.30664776191306803,-0.12996687924052752,0.33305290808791255,7.325823763519912
3139,26.025265300000683,247.46357422337488,326.9216651500089,47.084206272977646,62.20247632540001,54.36468725451988,0.19026721981505337,-0.6562303325095584,0.5725680386327383,54.18645830022456,0.3178544056252202,-0.14257274780808427,0.348365342123624,9.17017548273989
3140,26.037342499999795,247.47640533562887,326.92949007900614,47.08664761303334,62.20396515288557,54.20281721164616,0.19026721981505337,-0.6537889924538618,0.571079211147179,54.28080301258398,0.3252384335504165,-0.11422964055701962,0.3447150264205414,8.002462329529342
3141,26.053036499999507,247.49081687956152,326.93735146262264,47.08938965743065,62.20546091649018,54.410421230415174,0.19026721981505337,-0.6510469480565533,0.5695834475425698,54.37802278513399,0.3417131808144917,-0.13013886951279754,0.3656556075057874,7.781388168958497
3142,26.05649640000047,247.5041930199392,326.94446664983536,47.09193469847217,62.206814703379614,54.45194203416898,0.19026721981505337,-0.6485019070150315,0.5682296606531381,54.397466739643995,0.3559575195409124,-0.19178491540750087,0.4043355159957895,-0.25810801500253167
3143,26.069134600000325,247.51592557432073,326.9506399778885,47.094167018975675,62.20798928534529,54.46024619491973,0.19026721981505337,-0.6462695865115293,0.56705507868746,54.39176969610944,0.3434980117065687,-0.19309397510427495,0.39405097039334436,-2.646117438499361
3144,26.07301860000007,247.52594260573838,326.9558683074604,47.09607293169431,62.2089840650772,54.461907027069884,0.19026721981505337,-0.6443636737928955,0.5660602989555485,54.31227945732441,0.2939254361843153,-0.15848736563420787,0.3339317401832463,-4.52554585659771
3146,26.0884958000006,247.53731839619604,326.9664285520532,47.098237371717886,62.21099333345644,54.174331993973425,0.19026721981505337,-0.6421992337693183,0.5640510305763087,54.24838580409865,0.16037280634523127,-0.09821521494939801,0.1880576120836418,-5.997470057011073
3147,26.100930399999925,247.53253821721307,326.96134895930237,47.09732786035258,62.210026853465955,54.01297003649,0.19026721981505337,-0.6431087451346258,0.5650175105667969,54.20856483712538,0.14714583405479575,-0.0807736979488549,0.16785793624376041,-5.419816926056309
3148,26.105508000000555,247.53416986314116,326.9635122886537,47.09763830908704,62.21043846412718,54.132473768040185,0.19026721981505337,-0.6427982964001657,0.5646058999055725,54.200600643730716,0.09886956648873071,-0.04604081770995008,0.10906396321916051,1.857530906332979
3149,26.11738350000087,247.54106657467202,326.9638700155228,47.098950527215884,62.210506527824016,54.26114136005335,0.19026721981505337,-0.6414860782713205,0.5645378362087357,54.22954700862896,0.06779551952332386,-0.03472104292993079,0.076169438028513,2.8696155702551174
3150,26.120969900001,247.5457662164219,326.9654242909901,47.09984471498576,62.210802255496006,54.42208606009661,0.19026721981505337,-0.6405918905014474,0.564242108536746,54.286644875358604,0.12784776439881926,-0.048527304586632396,0.13674776105011663,2.516993153338143
3151,26.133220300000175,247.544766749418,326.9701387265561,47.09965454917763,62.21169925804415,54.319063818464635,0.19026721981505337,-0.6407820563095754,0.5633451059886028,54.29806444870454,0.11667342383342733,-0.03567951396139271,0.12200703072174073,2.030657245290217
3152,26.136980100000073,247.5492547366709,326.9699669326156,47.1005084660348,62.2116665712887,54.29845937013824,0.19026721981505337,-0.639928139452401,0.5633777927440491,54.27939499423309,0.09072675363586585,-0.05396898304726155,0.10556512187488205,0.9533140221988471
3153,26.149380799999562,247.55003341073024,326.9716405979,47.100656622183216,62.21198501492926,54.189571634769834,0.19026721981505337,-0.6397799833039883,0.5630593491034901,54.227665497870056,0.06551407419393362,-0.02236018029683609,0.0692247902156103,-1.8462657478816253
3154,26.152888799999346,247.54967876283882,326.9734323052367,47.1005891443149,62.21232591810295,54.16779408769615,0.19026721981505337,-0.6398474611723017,0.5627184459298036,54.217319598597456,0.0485510243786634,0.1161258741198562,0.12586667791086828,-1.747123967620325
3155,26.165876900000512,247.55809306107102,326.9682726270904,47.10219010944624,62.21134420048691,54.163438578281415,0.19026721981505337,-0.6382464960409635,0.563700163545839,54.242292655071054,0.008932053628530126,0.1599496540844465,0.16019885587530588,-0.40085437197354334
3156,26.169374799999787,247.55624842395918,326.956889018589,47.1018391354714,62.20917827294588,54.2673343221016,0.19026721981505337,-0.638597470015803,0.5658660910868747,54.247287266365774,0.0709812543710464,0.2159677421438711,0.22733324464056898,1.5830337163378476
3157,26.18180670000038,247.55814474759137,326.94200393189334,47.10219994369677,62.206346128883595,54.42332465250626,0.19026721981505337,-0.6382366617904367,0.5686982351491565,54.269239557765346,0.06144567053855475,0.21775821005920845,0.22626137203712648,2.2596825886642207
3158,26.186215900001116,247.56561116858728,326.93610828277804,47.10362055886163,62.20522438011742,54.21454469124344,0.19026721981505337,-0.6368160466255759,0.5698199839153304,54.29458338518589,0.04138575988885602,0.1754865983485336,0.18030065812835405,0.4407768977837476
3159,26.19789470000069,247.56150395791832,326.94152371376094,47.10283909130645,62.206254759114636,54.277555544694,0.19026721981505337,-0.6375975141807544,0.5687896049181163,54.29965215066999,0.04636521260879353,0.07227723743705267,0.08587043724001127,0.07235671988543642
3160,26.201524000000063,247.56194199900108,326.9441135334207,47.10292243616543,62.206747516901125,54.29015771538411,0.19026721981505337,-0.6375141693217756,0.5682968471316272,54.2736236674387,-0.019011261939027996,0.11000502050513963,0.11163571389501895,-0.3366710647512518
3161,26.2140916999997,247.55695888842214,326.9372994404841,47.10197431356955,62.20545101838251,54.29267814952213,0.19026721981505337,-0.638462291917655,0.5695933456502402,54.26841797079243,-0.06573368090276072,0.06681239143605527,0.09372733034942712,-1.0438811632903398
3162,26.217818900000566,247.55112402996687,326.9291414494765,47.10086413127325,62.203898820114226,54.293182236349736,0.19026721981505337,-0.6395724742139564,0.5711455439185258,54.267376831463174,-0.090255262419044,0.14619529505091078,0.17181116578777222,-2.0013933258840413
3163,26.22995059999994,247.5567720963589,326.9266899644199,47.10193877316299,62.20343238286809,54.18851620801213,0.19026721981505337,-0.6384978323242123,0.5716119811646649,54.29421083992545,-0.0750001092287961,0.17657051940171475,0.19183890300489803,3.4105140328404504
3164,26.233530800000153,247.55320593302528,326.92088147548,47.10126024918009,62.20232721782616,54.27234984804774,0.19026721981505337,-0.6391763563071109,0.5727171462065925,54.27862427247728,-0.07728545117023411,0.08651237029018378,0.11600616869724005,36.720961078998
3165,26.245819899999333,247.55961572275828,326.9198413405497,47.102479822052196,62.202129314244736,54.42432775769549,0.19026721981505337,-0.6379567834350084,0.5729150497880156,54.5230271005892,-0.16869706296994227,0.1634804341414441,0.23491392338846095,57.203761214294474
3166,26.249804799999765,247.55779638674426,326.92711151921947,47.102133662046896,62.2035125909278,54.21474531228129,0.19026721981505337,-0.6383029434403085,0.571531773104951,55.185070508008465,-1.3418715809094703,0.5841134780228773,1.4634916791223869,141.31209133257818
3167,26.261047199999666,247.5131902465884,326.87976524552755,47.09364657577276,62.19450414706383,55.51519637690939,0.19026721981505337,-0.6467900297144453,0.5805402169689202,56.33330926761733,-1.9288688101164753,0.7609606282053277,2.0735467113906054,178.8965767923956
3168,26.2649863000006,247.39358305359048,326.8354274564014,47.07088924769116,62.18606811919406,57.49873324510844,0.19026721981505337,-0.6695473577960414,0.5889762448386904,57.99857774707816,-2.4163672487650802,0.8824443288268103,2.572457710902771,195.95030163949986
3169,26.277151100000992,247.19381660079995,326.7591574622449,47.032880240106394,62.17155643945059,60.013543646092,0.19026721981505337,-0.7075563653808103,0.6034879245821614,60.23165646738439,-3.902124865544327,1.4096114951684755,4.14892552760476,224.4924289298021
3170,26.298956599999656,246.92584215068825,326.6876989114597,46.98189348650217,62.15796021966067,62.75067015499965,0.19026721981505337,-0.7585431189850311,0.6170841443720789,62.52464428175814,-5.492801731164754,1.664249088859346,5.739389853255804,261.19583516488683
3171,26.306123399999706,246.64274975275995,326.6014901575524,46.92803028299758,62.141557519731016,65.38013891381243,0.19026721981505337,-0.8124063224896219,0.6334868443017356,64.73810085342194,-6.681044806972958,1.5350699380778732,6.85512942456747,228.9874522938487
3172,26.312703800000236,246.3415727531314,326.5297441824545,46.87072617260601,62.12790661251622,66.98013544877811,0.19026721981505337,-0.8697104328811918,0.6471377515165315,66.61780327615314,-7.730910821310239,1.5076025828526587,7.876537797463792,216.05182101781742
3173,26.318016400000488,246.01437115459146,326.48798108955896,46.80847043413278,62.1199604649401,68.5660161034275,0.19026721981505337,-0.9319661713544249,0.6550838990926522,68.00817247163688,-9.851194206977864,1.7531869352382068,10.005982796981222,220.57779883691234
3174,26.325385300000562,245.69005900568888,326.4470990321554,46.74676446320884,62.11218194953761,69.412055759748,0.19026721981505337,-0.9936721422783634,0.6628624144951445,68.88426633026488,-9.178265100432702,1.4014807250523214,9.2846485381254,162.9978544471208
3175,26.32963220000056,245.40123637007457,326.40577347630057,46.69181098331085,62.104319050917795,69.70251613241835,0.19026721981505337,-1.0486256221763526,0.6707253131149571,69.4269619086311,-9.601114010053617,1.207284087217049,9.676720782439439,109.93057872987593
3176,26.341019999999844,245.1527916974991,326.3740416356767,46.644540106182056,62.09828152182268,69.76060820695243,0.19026721981505337,-1.095896499305148,0.6767628422100742,69.66552421766373,-7.744550796895425,0.9591555054522566,7.803720031455057,58.44534663181646
3177,26.34456230000069,244.9513029353611,326.3534972863606,46.60620339958608,62.094372605595396,69.69361334060925,0.19026721981505337,-1.1342332059011255,0.6806717584373558,69.73748716775151,-7.169640794997495,0.7837957303508843,7.212356402467129,35.19114589438795
3178,26.35694700000022,244.79276118916255,326.3368942190511,46.57603810231225,62.09121358613801,69.75882764859061,0.19026721981505337,-1.1643985031749509,0.683830777894741,69.79056139839406,-4.840069776313327,0.46595696389201213,4.862447051822899,12.03769261033286
3179,26.360998899999686,244.67564925114806,326.33308677497763,46.55375553945909,62.09048915433956,69.77187051018689,0.19026721981505337,-1.1866810660281146,0.684555209693194,69.80117624452257,-4.585154179160689,0.4111569982791946,4.60355177269776,11.375911201586472
3180,26.37293160000081,244.59463252763078,326.31663961366627,46.53834071271693,62.087359798682996,69.96788728563112,0.19026721981505337,-1.2020958927702736,0.6876845653497554,69.94459560046703,-2.4809831130142035,0.2175214616898152,2.490500510611737,8.16996408729874
3181,26.376750499999616,244.53689894611668,326.3114978550767,46.52735590467228,62.0863814905712,69.81368243759498,0.19026721981505337,-1.2130807008149276,0.6886628734615527,70.01196111228091,-2.097286728077366,0.30501008359504544,2.11934961034373,5.984812655383324
3182,26.388920600000347,244.5176018117245,326.3028424203121,46.52368429256108,62.08473464506225,70.4107101203315,0.19026721981505337,-1.2167523129261255,0.6903097189705036,70.06411707597181,-0.9869393400414765,0.2924602021335591,1.029360107422814,5.363781274399294
3183,26.393175000001065,244.50603695805808,326.28735763876944,46.5214838800064,62.081788398728676,70.09565520766006,0.19026721981505337,-1.2189527254808041,0.6932559653040755,70.03586662808499,-0.6499888146662641,0.17809127327207142,0.6739450725444343,-2.6094181919681234
3184,26.404814200001056,244.5092454455692,326.28025920949705,46.522094350004956,62.08043780032597,70.03265032864138,0.19026721981505337,-1.2183422554822485,0.6946065637067846,70.03021653850763,-0.0195854977053942,0.09059412556216848,0.0926870395834388,-7.089468709265787
3185,26.40936420000071,244.51864208038643,326.28766276380003,46.52388222158724,62.081846454019946,69.82663504619703,0.19026721981505337,-1.216554383899961,0.6931979100128061,69.9035127901234,0.2715174171134903,-0.05636587315748137,0.2773063638880045,-10.525816266653566
3186,26.421202300000004,244.5357884497841,326.2989435840164,46.52714461362246,62.08399282431975,69.78543198970816,0.19026721981505337,-1.2132919918647431,0.6910515397130013,69.84716080305618,0.5441189510692896,-0.2611589648798352,0.6035473782975542,-9.324607666856108
3187,26.42507579999983,244.5592782281687,326.31114794434393,46.53161394844977,62.08631491402889,69.7771913784104,0.19026721981505337,-1.2088226570374374,0.6887294500038621,69.7972075443146,0.6448046646521528,-0.3179934881510946,0.7189526507800605,-9.26040766235214
3189,26.44082780000099,244.6293009357083,326.33858813446096,46.544936974337254,62.09153588271365,69.81389527232392,0.19026721981505337,-1.19549963114995,0.6835084813191017,69.7872168925663,0.8751960596695816,-0.351034546540804,0.9429705168913128,-4.529469746980831
3190,26.45297919999939,244.6648020405677,326.34932598869335,46.55169167085921,62.09357894438523,69.78288403493355,0.19026721981505337,-1.1887449346279908,0.6814654196475232,69.78521876221664,0.9122942725998107,-0.3416692683607082,0.9741759229012793,-4.016024940971655
3191,26.456824900000356,244.69602762806184,326.3589226836968,46.557632876578815,62.095404880862944,69.77668178745546,0.19026721981505337,-1.1828037289083895,0.679639483169808,69.7690964798967,0.9536033113967575,-0.32495852289848576,1.0074509005957695,-2.493964777755881
3192,26.468962400000237,244.7254404702479,326.36750166701796,46.56322917628842,62.09703718016831,69.77544133795985,0.19026721981505337,-1.1772074291987877,0.6780071838644446,69.74247896394809,0.8673039327042591,-0.2904580755352518,0.9146485693029406,-2.692664267983778
3193,26.472944000001007,244.75390803015964,326.37829814624666,46.56864561976774,62.09909139625494,69.69657996681073,0.19026721981505337,-1.1717909857194613,0.6759529677778104,69.72143280450838,0.9884969610839278,-0.3836806967851311,1.0603476407092554,-3.568529967931445
3194,26.485189099999843,244.78057142892663,326.3885274784562,46.57371879052196,62.10103770285501,69.6808076925809,0.19026721981505337,-1.1667178149652457,0.6740066611777422,69.70150091637043,0.7850904183630756,-0.3236266803658902,0.8491767738522734,-2.5291334033298076
3195,26.48952670000108,244.80705844561055,326.4029866669773,46.5787584015476,62.103788812455704,69.67765323773494,0.19026721981505337,-1.1616782039396014,0.6712555515770475,69.68179188249285,0.7419293406477971,-0.31135808112952645,0.8046135725916732,-2.0610552883769246
3196,26.50125250000019,244.83958962360967,326.41374257738886,46.5849480183428,62.10583530962629,69.67702234676574,0.19026721981505337,-1.1554885871444043,0.6692090544064584,69.69357273196732,0.7555464435713112,-0.16395403897284697,0.7731308784990846,-0.9808669913082908
3197,26.517238200000065,244.86019647816804,326.4198876707144,46.588868827268755,62.10700451944884,69.6768961685719,0.19026721981505337,-1.1515677782184497,0.6680398445839089,69.69592890186223,0.7469164002154861,-0.12854529962732714,0.7578970925971016,0.2697000877382263
3198,26.52133280000089,244.89093718106545,326.4151296935575,46.59471777534421,62.10609923236326,69.75548421418314,0.19026721981505337,-1.1457188301429966,0.6689451316694885,69.6964001358412,0.6231550339401786,-0.02893605987463381,0.6238264918116683,2.6553126081596106
3199,26.533116300000984,244.91392310752224,326.41400886381905,46.59909124366602,62.10588597520504,69.69258854205539,0.19026721981505337,-1.1413453618211875,0.6691583888277108,69.75089990021513,0.5677003099228364,0.04461834746667748,0.5694509977312724,2.2938318221377187
3200,26.53672159999951,244.92421289357978,326.4165896793337,46.601049052651675,62.10637701979787,69.68000940762984,0.19026721981505337,-1.1393875528355295,0.6686673442348834,69.7775225093399,0.5589792586074325,0.08431831790047974,0.5653029190503807,2.162632748265155
3201,26.549675399999614,244.941273560309,326.4034333085053,46.60429513827844,62.103873793697495,69.94952116863534,0.19026721981505337,-1.1361414672087662,0.6711705703352564,69.76712437491486,0.2765085048265876,0.03088684372584613,0.27822823429116583,2.132978337609897
3202,26.553764300000694,244.9456073915421,326.40073930857164,46.605119724298305,62.10336121381993,69.81000921419583,0.19026721981505337,-1.1353168811888992,0.6716831502128215,69.76504474802985,0.19801889529848818,-0.011719223995486597,0.1983653777913122,-1.6093767550908686
3203,26.566297700001087,244.94666796116678,326.4037736943304,46.60532151593221,62.1039385579621,69.70349354205793,0.19026721981505337,-1.1351150895549935,0.6711058060706492,69.76462882265285,0.08531472271246614,0.003800820952681661,0.08539934514631438,-3.527694959341624
3204,26.570165799999813,244.94623501397334,326.40773663647326,46.60523914027339,62.10469257594591,69.68219040763034,0.19026721981505337,-1.135197465213814,0.6703517880868404,69.71014011999932,0.01758859651730833,-0.06512042573984532,0.06745389963513881,-3.632322925091301
3205,26.582226000000446,244.9449365916281,326.41145106585657,46.604992093063615,62.105399310097866,69.67792978074482,0.19026721981505337,-1.1354445124235895,0.6696450539348859,69.68351972321862,-0.029898420668968986,-0.09878729905956918,0.10321262526446746,-3.2831123611687114
3206,26.586241599999994,244.943078477741,326.4146456033782,46.60463855490022,62.106007125870704,69.67707765536773,0.19026721981505337,-1.1357980505869847,0.6690372381620477,69.67819564386248,-0.05266806770595868,-0.10673764130460037,0.11902457488749531,-3.1538540167431592
3207,26.5980868000006,244.9408515591325,326.4173210688133,46.60421484528782,62.10651617924075,69.6769072302923,0.19026721981505337,-1.1362217601993834,0.6685281847920024,69.69285348424125,-0.06007866012400307,-0.062182236033504916,0.08646430408221646,-0.027289658315358345
3208,26.60286830000041,244.9383951102421,326.41947766710564,46.60374746358683,62.1069265092021,69.67687314527721,0.19026721981505337,-1.1366891419003764,0.6681178548306548,69.695785052317,-0.08625931464851848,-0.0607370237408288,0.10549718203120932,3.8905117105712423
3209,26.613416500000312,244.93516030099804,326.4179339919717,46.60313198542533,62.10663279842607,69.7554796095242,0.19026721981505337,-1.137304620061876,0.6684115656066822,69.71209402218216,-0.07748788782374247,-0.02485544974849697,0.08137669286463388,4.562853887864529
3210,26.616734200000792,244.93252054399952,326.4188298114695,46.602629726200234,62.106803243511365,69.6925876211236,0.19026721981505337,-1.1378068792869698,0.6682411205213867,69.76976133373331,-0.050770127361358115,0.1035241241408204,0.11530329618624317,6.469394936779496
3211,26.630122200000187,244.92941156910535,326.41685650071895,46.60203819019065,62.106427787161024,69.75862250469348,0.19026721981505337,-1.1383984152965567,0.6686165768717274,69.79701745229355,-0.03833934384357269,0.1328307815455011,0.13825310778548283,6.767029234101839
3212,26.63421990000097,244.93151823651462,326.4039577775235,46.602439019941684,62.10397358295946,69.96524378804807,0.19026721981505337,-1.13799758554552,0.6710707810732899,69.84115031663059,0.07767701874414878,0.1950637477844469,0.20996091288783528,8.567398436011542
3213,26.645902899999783,244.92933265361108,326.40022955668553,46.60202317515895,62.103264224745764,69.81315373807837,0.19026721981505337,-1.1384134303282565,0.6717801392869873,69.865699545748,0.10387231588620599,0.20959061150252317,0.23391811053778064,4.286310819127504
3214,26.650035700000444,244.94066522517033,326.39286592188625,46.60417939204289,62.10186316642478,69.97614393120942,0.19026721981505337,-1.136257213444317,0.673181197607974,69.9092922528996,-0.010623148306058039,0.25521392797555,0.25543492383118194,3.401078687130787
3215,26.661390100000062,244.93944715956405,326.3915972177763,46.603947634086424,62.101621773621005,69.81533376671064,0.19026721981505337,-1.1364889714007802,0.6734225904117466,69.8636052767518,-0.04457165886369109,0.12528998991791118,0.1329820076081405,0.6000869953573686
3216,26.665212800000518,244.92705768222498,326.3864506350105,46.601590322678156,62.100642547626606,69.97658604045151,0.19026721981505337,-1.1388462828090482,0.6744018164061458,69.85446788152224,-0.06641037606262284,0.0969118112776503,0.1174829230734999,-0.2003395630253214
3217,26.677735700000994,244.9223238077633,326.389787402405,46.60068962154538,62.101277425081925,69.73680890730905,0.19026721981505337,-1.1397469839418264,0.673766938950827,69.81395876185132,-0.17920589817758123,0.02451567089023461,0.1808750177908268,-3.0085474508122236
3218,26.68199790000108,244.91908040262442,326.39160578614815,46.60007250786687,62.10162340390129,69.76746676193056,0.19026721981505337,-1.1403640976203349,0.6734209601314589,69.80585693791714,-0.07587039830779792,0.051953377007619046,0.09195363354364908,0.31699548808062294
3219,26.693536000000677,244.91651860529478,326.39299879761126,46.599585081811234,62.10188844831955,69.77359833285487,0.19026721981505337,-1.1408515236759698,0.6731559157132025,69.7655537118022,0.04652805886269149,-0.001297571952238734,0.04654614865379649,0.9509975159446834
3220,26.697212999999465,244.92610917402877,326.38993671112155,46.601409852660694,62.101305833636324,69.77482464703974,0.19026721981505337,-1.13902675282651,0.6737385303964274,69.81189858415732,0.08316101544637815,0.08251109283875162,0.11714877264196084,1.6783447774994924
3221,26.709100699999908,244.92581745464,326.3905673686984,46.60135434802363,62.10142582710012,69.7750699098767,0.19026721981505337,-1.1390822574635777,0.6736185369326293,69.82116755862835,0.1589832580961441,0.11769402583701939,0.1978068756959428,2.770900076750654
3222,26.713712900000246,244.92851399500765,326.38163842420585,46.601867411262496,62.099726941655646,69.96853326908472,0.19026721981505337,-1.1385691942247078,0.6753174223771055,69.82302135352255,0.20099349686431206,0.13157832457583873,0.240231640880066,3.5643815778828825
3223,26.724677100000918,244.94201695700386,326.376178954196,46.604436582300785,62.09868818347521,69.8138116342857,0.19026721981505337,-1.1360000231864191,0.6763561805575407,69.86207497382952,0.12849777073357888,0.176464295881334,0.21829183403048863,-0.8710891609702263
3224,26.741143200000806,244.95653924291307,326.37215905739663,46.60719969726609,62.09792332888725,69.7828673073259,0.19026721981505337,-1.1332369082211144,0.6771210351455039,69.86988569789091,0.11182836231569099,0.16994159509255627,0.20343482583080952,-1.1506713293270021
3225,26.74502070000017,244.95926573113843,326.36435629266947,46.60771845860059,62.09643871853574,69.97009274857456,0.19026721981505337,-1.1327181468866172,0.6786056454970151,69.83276498137508,0.031515347785878445,0.055501821513742354,0.0638253032692222,-0.6848987237064965
3226,26.75703000000067,244.95371032316547,326.3670519027572,46.606661446570634,62.09695160477284,69.81412353018366,0.19026721981505337,-1.1337751589165705,0.6780927592599113,69.8253408380719,-0.037290798658473026,0.02009422689829528,0.04236014186976889,-0.8603852290558983
3227,26.761675199999445,244.9466223134574,326.3720287837948,46.605312830669455,62.097898542091215,69.7829296865055,0.19026721981505337,-1.1351237748177496,0.6771458219415365,69.83802593128627,-0.12529030912115294,-0.029263838755713926,0.12866248022789892,2.6489424587975936
3228,26.77360050000061,244.93974624608896,326.3771868834487,46.604004540448,62.098879959371885,69.77669091776986,0.19026721981505337,-1.1364320650392017,0.6761644046608666,69.87003926828851,-0.15507193102500502,-0.10925343545213358,0.18969348156939245,6.3145139317862595
3229,26.77773800000068,244.9338272475574,326.38154342496375,46.60287834905331,62.09970886641397,69.84629277339772,0.19026721981505337,-1.1375582564338913,0.6753354976187822,69.94460111537646,-0.18875573629506573,-0.051827743527996246,0.19574177628573863,11.40441732427185
3230,26.78987799999959,244.93286248205536,326.3826325603425,46.602694785803465,62.09991609317448,70.1301594335858,0.19026721981505337,-1.1377418196837397,0.6751282708582735,70.05088067229406,-0.13395100897540696,0.03016995917390261,0.1373065884875322,12.4756411078368
3231,26.79347890000099,244.92800932168572,326.3780067728981,46.60177138847262,62.099035957457986,70.18693276562341,0.19026721981505337,-1.1386652170145837,0.6760084065747662,70.14029576336507,-0.13314447573895322,0.046420788418056864,0.14100475529979373,14.26731907981485
3232,26.805236199999854,244.92700202524566,326.3652689051386,46.60157973297944,62.09661235877301,70.31432747109343,0.19026721981505337,-1.1388568725077661,0.6784320052597437,70.23537604720427,-0.09478960298527701,0.1121929150752595,0.14687518179457967,10.324655979448966
3233,26.808862800000497,244.9249878109989,326.36528878390186,46.601196494034596,62.09661614105003,70.22376637312495,0.19026721981505337,-1.139240111452608,0.6784282229827241,70.27760011178461,-0.0722354869972954,0.1770252899501895,0.19119602209168762,8.342641023140766
3234,26.821291100000963,244.91973495934153,326.35689379021375,46.600197048553646,62.095018848940626,70.32169419259374,0.19026721981505337,-1.1402395569335582,0.6800255150921259,70.25656738563818,-0.011560695288485218,0.14322627921848002,0.14369209002002584,4.287123162453143
3235,26.824931299999662,244.92160320394672,326.35101849149873,46.60055251426061,62.093900972188536,70.3412797564875,0.19026721981505337,-1.139884091226591,0.6811433918442162,70.2523608404089,0.02393445590825949,0.13612915627565236,0.13821723976387823,-1.2812278552587562
3236,26.837354799999957,244.9246680739359,326.34609355109734,46.60113565855254,62.09296391747061,70.08176913489125,0.19026721981505337,-1.1393009469346609,0.6820804465621393,70.30893408214429,0.08937558843620114,0.14029318007083857,0.16634353664241344,-5.42599845239967
3237,26.84140710000065,244.92810076482186,326.34245905671963,46.60178878710391,62.09227239232993,70.293294744947,0.19026721981505337,-1.1386478183832978,0.6827719717028202,70.22888154299136,0.0932931730152347,0.03907778681128177,0.10114687119885865,-8.029324752630728
3238,26.853231299999607,244.94186787309025,326.3412299985549,46.60440821651902,62.09203854284994,70.50663258180191,0.19026721981505337,-1.1360283889681853,0.6830058211828103,70.12150628906703,0.0449204955707137,-0.015580557839693655,0.047545816902379,-9.555133179222317
3239,26.857321100000263,244.94056035206162,326.3493455855762,46.60415943812806,62.093582673029644,69.92143149682914,0.19026721981505337,-1.1362771673591467,0.6814616910031077,70.06134959765717,-0.008299520870280054,-0.09176428451586782,0.09213884066660137,-16.58808717634858
3240,26.86909150000065,244.93163895886502,326.3472546092847,46.60246198944766,62.093184828783954,69.80440348686584,0.19026721981505337,-1.1379746160395428,0.6818595352487975,69.9579510718752,-0.054921052305220076,-0.15738332387907825,0.16669082944643224,-13.16479434279664
3241,26.87386929999957,244.92613560031197,326.35492583493834,46.60141488071613,62.09464441156165,69.78098567784193,0.19026721981505337,-1.1390217247710765,0.6803999524710989,69.81169763625005,-0.0551110401130411,-0.21982833000929952,0.22663124545617871,-11.660123908368535
3242,26.884954999999536,244.92194451409165,326.364099195551,46.60061745439298,62.09638980138178,69.77630211603714,0.19026721981505337,-1.1398191510942226,0.6786545626509692,69.78244939053127,-0.06196269386392911,-0.13074890740134698,0.14468812051278088,-8.737184296910792
3243,26.888710499999434,244.9262983538647,326.3698715396104,46.60144584738212,62.097488089237785,69.77536540367619,0.19026721981505337,-1.1389907581050878,0.6775562747949664,69.77659974138751,-0.0997928593599189,-0.11235669465662941,0.15027521955862053,-6.9928212127440235
3244,26.901096499999767,244.92010837142516,326.36545525062525,46.60026809663265,62.09664781421068,69.77519026823524,0.19026721981505337,-1.1401685088545577,0.6783965498220752,69.775432252965,-0.07340654638203413,-0.04582818130524018,0.08653752511762568,-0.8713075510034699
3245,26.904775299999528,244.9136628045262,326.36302366373053,46.59904171653865,62.096185162932485,69.77515524114705,0.19026721981505337,-1.141394888948554,0.6788592011002663,69.77520119668677,-0.034862013466654164,0.15743085146651492,0.16124463704700712,-0.3440844910326628
3246,26.917376299999887,244.9078857633874,326.36122558145996,46.597942534982415,62.09584304681786,69.77514823572942,0.19026721981505337,-1.1424940705047888,0.6792013172148899,69.77515742683735,-0.10316483319566955,0.2639694568985151,0.2834128737082833,-0.032589783029723096
3247,26.921248399999968,244.91034393840545,326.3437472522986,46.598410245108916,62.09251749372132,69.77514683464588,0.19026721981505337,-1.1420263603782885,0.6825268703114347,69.77514867286747,-0.0843679091677135,0.5122971274276573,0.5191977377338627,-0.013757471513037151
3248,26.933047300000908,244.90284462107599,326.32884910555515,46.596983370850126,62.08968286476004,69.77514655442918,0.19026721981505337,-1.1434532346370787,0.6853614992727088,69.77514692207349,-0.01227308379052431,0.5601704554681128,0.5603048882216558,-0.0011970758418258553
3249,26.93665139999939,244.90282373461469,326.3040445517794,46.596979396841206,62.08496337127438,69.77514649838584,0.19026721981505337,-1.143457208645998,0.6900809927583751,69.7751465719147,0.026770148896056112,0.7649138026271253,0.7653821047825757,-0.0005030973493038496
3250,26.949305100000856,244.90462667950328,326.27976174829644,46.59732243815264,62.080343149766364,69.77514648717717,0.19026721981505337,-1.1431141673345664,0.694701214266388,69.77514650188294,0.009099154952967287,0.6467085036687144,0.6467725128190634,-5.098512010023268e-05
3251,26.953164200000174,244.90681691767855,326.25844751715226,46.59773916868098,62.076287750264065,69.77514648493543,0.19026721981505337,-1.1426974368062233,0.6987566137686869,69.7751464878766,0.050026216059061296,0.659780721788613,0.6616745598382116,0.48951134402176166
3252,26.965909099999408,244.90898953825752,326.24050757020603,46.59815254715825,62.072874366434974,69.7751464844871,0.19026721981505337,-1.1422840583289542,0.7021699975977782,69.77514648507534,0.18024625345336143,0.47878658968970844,0.5115909599970221,0.8929433601378145
3253,26.98171159999947,244.91594138480852,326.2151256718484,46.59947525567409,62.06804502320084,69.77514648439742,0.19026721981505337,-1.1409613498131108,0.7069993408319135,69.81382568373382,0.2041536355846093,0.46101624280607695,0.5041970676763652,0.5978526737004315
3254,26.98554680000052,244.92904332960057,326.2069720307551,46.60196812628384,62.06649365257864,69.77514648437949,0.19026721981505337,-1.138468479203361,0.7085507114541088,69.82156152346552,0.2960483667592685,0.2729982987243177,0.4027067252569817,-0.42672276297590583
3255,26.99812639999982,244.9387389512966,326.18870589831374,46.603812885268326,62.06301820634226,69.96854248046965,0.19026721981505337,-1.1366237202188785,0.7120261576904952,69.80300083984936,0.34221195086647427,0.22001937228706822,0.4068384734724996,-0.47698064755327807
3256,27.00192059999972,244.9500549160468,326.1864968481136,46.60596594242087,62.06259789650225,69.81382568359393,0.19026721981505337,-1.134470663066331,0.7124464675305049,69.78356360546988,0.3584373717284376,0.13370378766632796,0.3825624815476717,-1.8371570969878626
3258,27.0174003000011,244.97147254846385,326.186258561552,46.610041015795886,62.06255255838065,69.68234306640626,0.19026721981505337,-1.130395589691318,0.7124918056520997,69.77967371718772,0.35986035788430293,-0.2007171652166504,0.4120520083548031,-2.8140039466773943
3259,27.030076500001087,244.98245401358082,326.19465118823956,46.612130428633186,62.06414940012744,69.6779603125,0.19026721981505337,-1.128306176854018,0.7108949639053108,69.7244914426563,0.379269645364603,-0.35136809867708024,0.5170154781657297,-2.4821829538126843
3260,27.033926600000996,244.99575083249675,326.2203012858294,46.6146603774007,62.069029772883844,69.75569704296876,0.19026721981505337,-1.125776228086501,0.7060145911489073,69.71345254634377,0.3641256048586033,-0.612917835407474,0.7129205629480939,-1.436166323558342
3261,27.04576989999987,245.0109196722355,326.24999109294174,46.617546510365614,62.07467876993995,69.6926311078125,0.19026721981505337,-1.1228900951215905,0.7003655940928013,69.71562752098751,0.34631999397440993,-0.6906659399004389,0.772629910607266,-1.6470663486793347
3262,27.049827599999844,245.0214066758714,326.2755180979425,46.61954184339161,62.07953572221165,69.75863120203125,0.19026721981505337,-1.1208947620955954,0.6955086418210996,69.71606251591626,0.4096355453881415,-0.8835095067763956,0.9738533404007556,-0.09847837802053316
3263,27.061801699999705,245.03237116970027,326.29979840876297,46.62162802714911,62.08415546944771,69.69321793962501,0.19026721981505337,-1.118808578338097,0.6908888945850435,69.70042685865201,0.3031198135357683,-0.6898190976437336,0.7534799326007122,0.2452110386117994
3264,27.06551750000108,245.04177275458326,326.3210891285579,46.62341684056665,62.08820639551095,69.68013528714376,0.19026721981505337,-1.1170197649205562,0.6868379685218002,69.71302238344916,0.2772061763203324,-0.703150384959634,0.7558199045136484,0.7986891926441486
3265,27.077011600000333,245.0492958802962,326.3391605267684,46.62484824478037,62.09164479020664,69.67751875664752,0.19026721981505337,-1.1155883607068375,0.6833995738261152,69.6998188321586,0.19129042258764334,-0.5021448048019478,0.5373466579065561,2.6465456560862926
3266,27.081444600000395,245.05195485996663,326.3518265696804,46.625354161449806,62.09405472297755,69.75560873179826,0.19026721981505337,-1.115082444037398,0.6809896410551985,69.71290077815048,0.09411569150403737,-0.5084921595989471,0.5171286491395388,6.144261401461968
3267,27.09318230000099,245.05578961831196,326.3636677019904,46.62608379025884,62.09630770230164,69.69261344557842,0.19026721981505337,-1.114352815228365,0.678736661731115,69.82260701109887,-0.01596844385245305,-0.24388544365068285,0.2444076529566113,5.458259604027755
3268,27.097900000000664,245.0480622422245,326.3740208683687,46.624613523894205,62.098277570484726,69.75862766958444,0.19026721981505337,-1.1158230815929997,0.6767667935480262,69.89895255456354,-0.13442945031175416,-0.08846533403607762,0.16092666788706952,6.3602777640299974
3269,27.10915759999989,245.04397890894478,326.36024410869373,46.6238365994235,62.095656304723306,70.22866645188564,0.19026721981505337,-1.116600006063706,0.6793880593094457,69.89849900700646,-0.24554184288045325,0.025115884919983327,0.24682302218480964,5.545856470351068
3270,27.113808800000697,245.03254395208972,326.34856017268123,46.62166090197398,62.09343323470171,70.05924647397089,0.19026721981505337,-1.1187757035132222,0.6816111293310385,69.91413339515131,-0.3760494691386801,0.10189378700047012,0.38960948020906816,-0.8247443142164306
3271,27.12504430000081,245.0064765947119,326.3471269206117,46.616701138357776,62.093160533815144,69.75334099401293,0.19026721981505337,-1.1237354671294284,0.6818838302176076,69.90153761653026,-0.3159811084170708,0.1814079958708026,0.36435274370085613,-5.144396085282377
3272,27.129914400000416,244.99136524242797,326.34221385905914,46.61382594337107,62.09222573925276,69.77078538630259,0.19026721981505337,-1.1266106621161356,0.6828186247799906,69.79192861705606,-0.4937155605435206,0.12403829444794572,0.5090584968472268,-2.9438810699296973
3273,27.14110520000031,244.99070019732574,326.34338885294835,46.61369940708842,62.09244930207336,69.69564877647927,0.19026721981505337,-1.1267371983987857,0.6825950619593897,69.73132517653622,-0.38125336909527785,0.02063821711603928,0.38181156013435336,-3.73051769690567
3274,27.144962500000474,244.97128497364784,326.3444836878465,46.610005326457134,62.09265761326559,69.68062145451461,0.19026721981505337,-1.13043127903007,0.682386750767165,69.77361000601037,-0.22216927738977232,0.058081274940123606,0.22963584718977095,-0.6883647849650574
3275,27.157673100000466,244.9776006013221,326.3470919912976,46.61120698337611,62.09315388791166,69.75622927137168,0.19026721981505337,-1.1292296221110973,0.6818904761210902,69.76634187424895,-0.09662734219710528,-0.005372977360433774,0.09677660949729648,4.88064222542617
3276,27.161431300000913,244.9845925636606,326.342914660422,46.6125373246113,62.09235907877972,69.96476514138371,0.19026721981505337,-1.1278992808759014,0.6826852852530294,69.8192937654748,-0.05073307347199644,0.027293493728527875,0.05760884952699697,6.500615055097207
3277,27.173606199999995,244.98698142338586,326.3509340484063,46.612991846309754,62.09388490543611,69.7344447274955,0.19026721981505337,-1.1274447591774504,0.681159458596639,69.88428966129808,0.16068767577316168,0.0588154122656441,0.1711133596928025,3.914483165390442
3278,27.178448700000445,244.9925339300652,326.3472855140547,46.61404830631864,62.09319070894863,69.96040823260847,0.19026721981505337,-1.1263882991685676,0.6818536550841188,69.89728884046275,0.1566278869593401,0.061788260624536635,0.16837483221774413,4.172294089045522
3279,27.18958130000101,244.99835092026044,326.3412235391582,46.61515508887078,62.09203731383848,70.00560093363107,0.19026721981505337,-1.1252815166164254,0.68300705019427,69.87537573684256,0.1594248056309695,0.022533815031625288,0.16100944528303893,-0.4562032028507266
3280,27.205391999999847,245.00452013362957,326.3432328257075,46.61632888794697,62.09241961520403,69.82122516719497,0.19026721981505337,-1.1241077175402339,0.6826247488287223,69.88671577236852,0.1627842029776857,0.041319726166445664,0.16794646917857617,-2.031830138640095
3281,27.209414500001003,245.01229946700113,326.34291117273546,46.617809040079585,62.09235841518729,69.85519962328274,0.19026721981505337,-1.122627565407619,0.6826859488454602,69.85030091814559,0.13947742558546475,-0.00482255329461161,0.13956077266993125,-2.8185504509038486
3282,27.227514000000156,245.01744864604717,326.34589777609403,46.61878876006101,62.09292666790502,69.79114490512531,0.19026721981505337,-1.121647845426196,0.6821176961277331,69.80433508597288,0.14114393690016322,-0.046613338134426974,0.14864189926030844,-3.579998319083499
3283,27.234873200000948,245.02137952601373,326.34927656804695,46.619536677663675,62.09356954125624,69.77833396149381,0.19026721981505337,-1.1208999278235297,0.681474822776515,69.79514191953834,0.17675959912540318,-0.05091162820141958,0.18394550760780437,-3.988468991334391
3284,27.240367200000037,245.02449084707962,326.35231853166016,46.62012866007283,62.0941483272157,69.77577177276751,0.19026721981505337,-1.1203079454143747,0.6808960368170531,69.76341070812643,0.10315387862887768,-0.07956348271462706,0.13027306113645287,-2.2051951884811527
3285,27.24515640000027,245.03084195005115,326.35346812168456,46.62133706677798,62.09436705651357,69.77525933502226,0.19026721981505337,-1.1190995387092215,0.6806773075191828,69.75706446584404,0.09983359681946258,-0.09590859993745857,0.13843845779217018,-2.5079117901124555
3286,27.254460199999812,245.03083899703427,326.3597293351086,46.62133650491567,62.095558360184434,69.69654356622321,0.19026721981505337,-1.1191001005715364,0.6794860038483179,69.75579521738757,0.08189720988067488,-0.08222972981133213,0.11605551021422462,-2.3165318320819925
3287,27.258401900000536,245.03161645702224,326.36207283670683,46.6214844300661,62.096004251718156,69.7594136937134,0.19026721981505337,-1.1189521754211071,0.6790401123145955,69.73981871144628,0.13108399683340383,-0.08204542662683559,0.1546430284759041,-1.1992942942263376
3288,27.269333199999892,245.0323029179665,326.36316225214546,46.621615041081476,62.09621153176489,69.77198771921144,0.19026721981505337,-1.118821564405728,0.6788328322678652,69.73662341025802,0.08339577671940437,-0.07419180027477969,0.11162113958675367,-0.9363335800733904
3289,27.27270689999932,245.0385742341303,326.3650138906731,46.62280826697254,62.09656383787964,69.69588924306105,0.19026721981505337,-1.1176283385146633,0.678480526153109,69.73598435002036,0.11024380203394146,-0.0719531143190518,0.13164705293742587,-0.9104697886839431
3290,27.28510169999936,245.039478305847,326.3654310239378,46.6229802821846,62.09664320466621,69.75928282908097,0.19026721981505337,-1.117456323302605,0.678401159366544,69.73585653797284,0.11258848390843938,-0.044921155413452,0.12121912766754438,-0.09991043461498295
3291,27.288700200000676,245.0420160303192,326.3676410201446,46.62346312796458,62.097063694500285,69.69334826503496,0.19026721981505337,-1.1169734775226274,0.6779806695324666,69.73583097556333,0.10077342335927048,-0.033022960092646304,0.1060462104406719,-0.8551986393185924
3292,27.301319500000318,245.04528260255051,326.3661793590401,46.624084649581356,62.096785588305615,69.75877463347575,0.19026721981505337,-1.1163519559058486,0.6782587757271372,69.73582586308143,0.03363770643022641,-0.017278031220419744,0.03781568003804632,-0.36632252104261454
3293,27.305184000000736,245.04432541137982,326.365356180092,46.62390252747847,62.09662896433576,69.7718599071639,0.19026721981505337,-1.1165340780087334,0.6784153996969948,69.72010218433505,-0.089187401990929,-0.08366253075650318,0.12228577892164896,-0.893566857474283
3294,27.317045800000415,245.04544796051096,326.36695855185894,46.62411611178076,62.09693384315696,69.69586368065154,0.19026721981505337,-1.1163204937064464,0.6781105208757907,69.74685002671076,-0.10500574639506416,-0.04201750988121926,0.11310030023215185,-0.927268363541488
3295,27.320965299999443,245.0330828763582,326.3739280534921,46.62176344159624,62.09825991085619,69.68066443534906,0.19026721981505337,-1.1186731638909677,0.676784453176559,69.73647693893591,-0.17235989860237874,-0.07697496131400329,0.1887672622980865,-0.10764975444136193
3296,27.3327790000003,245.03650329355244,326.368254657416,46.62241423486639,62.09718044955789,69.82708747691356,0.19026721981505337,-1.1180223706208139,0.6778639144748624,69.73440232138094,-0.16910669354782065,-0.08261339805082886,0.18820745824802274,1.6299706044383004
3297,27.336514700000407,245.03085815371037,326.37125372783055,46.621340149803174,62.09775107434769,69.70690919460147,0.19026721981505337,-1.11909645568403,0.6772932896850605,69.74971005411994,-0.14496886265785264,-0.0477847658310602,0.15264126239598713,2.9997809482041538
3298,27.348955200001,245.02884033188462,326.37044709894985,46.62095622445431,62.09759759931314,69.76148681938905,0.19026721981505337,-1.1194803810328935,0.6774467647196118,69.80717711824587,-0.0070209464303808665,0.058795117103316835,0.05921283208875435,3.9044681773315197
3299,27.352910199999315,245.03172332760005,326.36736153059684,46.62150476403382,62.09701051680106,69.77240234434657,0.19026721981505337,-1.1189318414533815,0.6780338472316885,69.84318347052418,0.04447949246543398,0.1842641790385678,0.1895566219543384,6.387478541632413
3300,27.36512390000098,245.03746803282775,326.35487138850857,46.622597793126154,62.094634052190834,69.9679997559787,0.19026721981505337,-1.1178388123610503,0.6804103118419178,69.86610739722984,0.11141044586911258,0.2237930236841205,0.2499912096423308,6.308138776952416
3301,27.368658999999752,245.04327585220108,326.3415178349201,46.6237028307715,62.09209330867491,70.00711923830511,0.19026721981505337,-1.116733774715705,0.6829510553578402,69.9093750438991,-0.05214928125702929,0.2426275931169849,0.24816868552935104,5.910725232479945
3302,27.381449200000134,245.04644442081394,326.3384998810933,46.62430570551226,62.09151909099075,69.82152882812977,0.19026721981505337,-1.1161308999749409,0.683525273042001,69.95671143456107,-0.11502013620168963,0.22420029814510845,0.25198294668530796,4.118896120045746
3303,27.385045799999716,245.03040230393395,326.336486542539,46.62125341653356,62.09113601866147,69.97782505273533,0.19026721981505337,-1.1191831889536417,0.6839083453712789,69.96617871269346,-0.1027775630828463,0.25835831983457613,0.2780508027339493,3.760404089767988
3304,27.39811650000047,245.01833513408894,326.3326186449121,46.618957429676115,62.09040008453347,70.00908429765644,0.19026721981505337,-1.1214791758110891,0.6846442794992811,69.96807216831995,-0.1419062424074952,0.1442502723174416,0.20235000048893217,1.3138865120963898
3305,27.40260110000054,245.0218872503191,326.32400701718507,46.61963328095569,62.08876157406777,70.01533614664066,0.19026721981505337,-1.120803324531515,0.6862827899649844,69.96845085944526,-0.1397014092317127,0.13142545687160023,0.1918049385579926,-0.10296835093358447
3306,27.413653300000078,245.02868043074383,326.31539964247986,46.6209258005088,62.087123872812704,70.01658651643751,0.19026721981505337,-1.119510804978404,0.6879204912200478,69.9685265976703,0.02301457360986731,0.13681105324511533,0.13873332292020465,-1.1979609565919656
3307,27.429729499999667,245.03359451564495,326.3170243490965,46.621860789780875,62.08743300122367,69.82342228375626,0.19026721981505337,-1.118575815706329,0.6876113628090792,69.9141362277372,-0.004352397523158635,0.07712615183197646,0.07724886187257832,-1.2628964300875403
3308,27.433556199999657,245.03288898535655,326.31434062096554,46.62172655049441,62.08692237573345,69.97820374386063,0.19026721981505337,-1.1187100549927962,0.6881219882993008,69.90325815375057,-0.21796736642719347,-0.04253558898781585,0.22207892551466207,-2.1609421229368113
3309,27.44565540000076,245.01301732080202,326.3297371938156,46.61794562412652,62.08985183884432,69.73713244799089,0.19026721981505337,-1.1224909813606843,0.6851925251884339,69.90108253895325,-0.28636298353316375,-0.07715892453083557,0.29657588906175464,-3.0538374019483356
3310,27.449322800001028,244.99533501867705,326.33422720616875,46.61458126166127,62.09070614101168,69.96094577670755,0.19026721981505337,-1.1258553438259327,0.6843382230210722,69.88492475974378,-0.45597607580301824,-0.20502953043444364,0.49995128768199837,-2.9266674358888602
3311,27.462252799999987,244.98004255593878,326.33592191384685,46.61167160729193,62.09102858832999,70.00570844245088,0.19026721981505337,-1.1287649981952725,0.6840157757027612,69.82728768632376,-0.4751637325480507,-0.2763691403072044,0.5496912537444439,-2.400072684373328
3312,27.466448499999387,244.96262385919954,326.3504447118602,46.60835740029056,62.09379180073192,69.74263338770893,0.19026721981505337,-1.1320792051966464,0.6812525633008306,69.81576027163976,-0.5137435174477127,-0.34404753406049043,0.6183050278080008,-4.723761123354806
3313,27.477442499999597,244.9550533952198,326.363345125719,46.606916989156424,62.0962463266113,69.69001837676055,0.19026721981505337,-1.13351961633078,0.6787980374214513,69.81345478870297,-0.2850185689615765,-0.2692284029505262,0.3920708068808437,-4.723407124758367
3314,27.48209289999977,244.94270087932253,326.37753366912506,46.604566710298926,62.0989459413184,69.67949537457086,0.19026721981505337,-1.1358698951882786,0.6760984227143538,69.75858817453748,-0.2998969238292034,-0.33785990649945047,0.451760424718718,-12.95431020442171
3315,27.49304630000006,244.9557260315982,326.3694078313438,46.60704496981009,62.09739986075509,69.94941836202355,0.19026721981505337,-1.133391635677114,0.6776445032776621,69.71034922670438,-0.01658796420176048,-0.0387601008852215,0.04216047885154337,-18.692420270178662
3316,27.49739109999973,244.9488886307023,326.3778133836172,46.60574403655086,62.09899916181716,69.73137537162347,0.19026721981505337,-1.1346925689363445,0.6760452022155903,69.51217360510651,0.7219224857920242,1.5530714136763986,1.7126595959124344,-43.82449097179366
3317,27.509120700000494,244.9875197040623,326.3262190929746,46.61309426347754,62.08918245957827,69.50143864854346,0.19026721981505337,-1.127342342009662,0.6858619044544838,69.14341860774006,1.3158701291773356,2.7379403816883117,3.037734637940041,-54.31830726393778
3318,27.513794000000416,245.07499729662104,326.1362117556655,46.62973838180981,62.053030291764,68.69914026877119,0.19026721981505337,-1.110698223677396,0.7220140722687489,68.55519006920427,3.02393778773098,6.080755870877381,6.791155402821899,-87.61759494569563
3319,27.525536700000885,245.22708901531738,325.80640706489294,46.65867645028305,61.99027927016874,67.83572038773862,0.19026721981505337,-1.081760155204151,0.78476509386401,67.80051799430962,3.7666514529491377,7.628422996940364,8.50767304192236,-89.59017124929292
3320,27.530059799999435,245.43549158366332,325.4057185875123,46.69832862756455,61.914041387565604,67.0082756693446,0.19026721981505337,-1.0421079779226545,0.8610029764671481,67.02751814964319,5.187942389516967,11.569754199254069,12.679667127653794,-105.96461934556982
3321,27.54133340000044,245.637784486492,324.9690215047882,46.73681833577408,61.830952247734345,65.95801499715017,0.19026721981505337,-1.0036182697131224,0.9440921162984068,66.40211495805364,5.0253671362996375,11.0161410572512,12.108248372405317,-85.77686597342644
3322,27.545351500000834,245.8010934604902,324.53517834982983,46.767890680227566,61.748406116804624,65.6364394252113,0.19026721981505337,-0.972545925259638,1.026638247228128,65.94682313809511,5.767684323231817,11.901063336364217,13.225032740549517,-76.472131761968
3323,27.556996200000867,245.96931633387254,324.2311380322817,46.79989797865532,61.69055721087305,65.57212431082351,0.19026721981505337,-0.9405386268318807,1.0844871531596993,65.65650574090029,4.409778210816868,9.116421831323763,10.126958619211976,-42.90475974728672
3324,27.561525600000095,246.11633726217906,323.998595665297,46.82787124193884,61.64631202121766,65.55926128794596,0.19026721981505337,-0.9125653635483673,1.1287323428150913,65.57613757396132,4.681863242041176,9.207067132739406,10.329081692190575,-36.26633116560953
3325,27.573207299999922,246.2377215530936,323.8185804959141,46.85096669350036,61.61206103541464,65.55668868337045,0.19026721981505337,-0.8894699119868434,1.162983328618111,65.54034958510478,3.3152300300492388,5.672076457942553,6.569870736695389,-16.20875297683657
3326,27.57683730000099,246.32881286508004,323.66932102729885,46.86829838418133,61.583661851290145,65.55617416245535,0.19026721981505337,-0.8721382213058746,1.1913825127426065,65.4594627392866,3.5148542992346465,6.51202516820573,7.400045441495149,-16.230574597414893
3327,27.589164799999708,246.38711959810595,323.4834618486216,46.879392244170674,61.54829894208611,65.45749948092858,0.19026721981505337,-0.8610443613165302,1.2267454219466387,65.29892990137294,2.420711463717939,5.1249929019129015,5.667926978643345,-13.801314420484006
3328,27.59256319999986,246.45404155724134,323.3197180012179,46.89212529927994,61.51714385547879,65.16769008173259,0.19026721981505337,-0.8483113062072647,1.2579005085539592,65.21383261113397,2.5080367006475672,6.151703749829293,6.643320488841324,-14.234922648404048
3329,27.60507090000101,246.5004008006873,323.1334649617303,46.90094594364313,61.481706007473385,64.75659709837777,0.19026721981505337,-0.8394906618440743,1.2933383565593672,65.14382243042994,1.7011322901964605,5.081180765238934,5.358381195639517,-9.508279567046898
3330,27.609472100000858,246.5562334704355,322.94689468281535,46.91156907049097,61.44620779920412,65.13120223217555,0.19026721981505337,-0.8288675349962347,1.3288365648286344,65.12079695678912,1.8793148211161377,5.623978121574076,5.929667284832316,-2.429077086275494
3331,27.621419799999785,246.60270430266746,322.7917392346687,46.92041094654224,61.4166868034461,65.20612325893512,0.19026721981505337,-0.8200256589449637,1.3583575605866542,65.13693038745157,1.202045332220236,4.062281601723714,4.236395259228704,1.7792879669877124
3332,27.625647599999866,246.64249736472937,322.6676918887453,46.92798226182868,61.39308465981182,65.34237211272452,0.19026721981505337,-0.8124543436585228,1.3819597042209324,65.23152181967782,1.1016457825139885,3.6097045315951384,3.774068128101205,1.7812263694676063
3333,27.637961300000825,246.6658237735554,322.5797342514832,46.93242051278428,61.37634920470846,65.2483572350449,0.19026721981505337,-0.8080160927029212,1.3986951593242907,65.18228458854495,0.8102292238771264,2.390699204490337,2.524265057709919,-16.388966873109624
3334,27.654114500001015,246.68307657937518,322.5313089901169,46.935703156181624,61.367135464859466,65.22955425950899,0.19026721981505337,-0.80473344930558,1.407908899173286,65.09202576536524,0.716858243319011,1.968770119204667,2.095218729223175,-22.465509564091665
3335,27.657535399999688,246.7002758281934,322.4958796156933,46.93897560943717,61.36039441628811,64.88501607651118,0.19026721981505337,-0.8014609960500323,1.4146499477446426,64.76333679369806,0.5027427919015083,1.265891157771784,1.3620685511873882,-62.498520553090934
3336,27.66966400000092,246.71769056959718,322.4728544864429,46.94228906386787,61.356013488959746,64.75482914303662,0.19026721981505337,-0.7981475416193362,1.4190308750730054,64.41121472202087,0.548115198463794,1.1187802944369944,1.2458329013184442,-73.00325986571609
3337,27.672869800000626,246.72982623737,322.4380073227826,46.9445980836356,61.34938321601167,63.69892725438858,0.19026721981505337,-0.7958385218516071,1.425661148021085,63.84125112311512,0.9856021461400246,1.306327120789218,1.6364296920385155,-111.01824633852289
3338,27.685794799999712,246.76972157399092,322.3956499019847,46.95218885841805,61.341323987317914,63.487746876658974,0.19026721981505337,-0.7882477470691569,1.433720376714838,63.110700786146474,1.0746596234005237,0.8786798688176428,1.388154032531241,-107.16536046393732
3339,27.69019450000087,246.82500256756998,322.36077618399224,46.96270701937495,61.33468866195088,62.37973626498024,0.19026721981505337,-0.7777295861122511,1.4403557020818738,62.24984401465118,1.9865635469841845,0.61922846477595,2.080836038181568,-152.7287468398799
3340,27.70159760000024,246.9090208750468,322.370826065041,46.97869294915213,61.33660082487749,61.232264391667925,0.19026721981505337,-0.7617436563350708,1.4384435391552586,61.373878715039616,2.0645007446814856,0.07326991843781142,2.0658005241886963,-132.28163150184432
3341,27.705420800000866,247.0061286623652,322.38963492202197,46.99716937786759,61.34017953380316,60.45054528556015,0.19026721981505337,-0.7432672276196115,1.4348648302295928,60.39189244222668,2.868191998400854,-0.6255116703338317,2.935607294822402,-171.84633557128075
3342,27.71729199999936,247.07538088995653,322.43091245365,47.0103458066774,61.34803329498686,59.31910075633078,0.19026721981505337,-0.7300907988098047,1.4270110690458893,59.49495441617971,2.7920533011806588,-1.1243811079434338,3.009949254145976,-148.16767587655534
3343,27.720913299999665,247.16304077912974,322.48554335999455,47.02702461007968,61.35842776565301,58.577815512594285,0.19026721981505337,-0.713411995407526,1.4166165983797399,58.57389200628282,3.6578789460033585,-1.5291893717702651,3.9646561664726714,-188.03636494299383
3344,27.733161300000575,247.2924272174875,322.5490286622643,47.05164260798778,61.37050693761499,57.89504613474542,0.19026721981505337,-0.6887939974994239,1.404537426417761,57.6274975174675,3.0206896034126824,-1.3994097550071456,3.3291009811320875,-154.92593926805162
3345,27.736780400000498,247.40143779802423,322.5907178589255,47.07238374807693,61.378439025160034,56.62695234218346,0.19026721981505337,-0.6680528574102738,1.3966053388727175,56.62804100739976,3.838532119426527,-1.5839272998854281,4.152487751118773,-205.8904527982557
3346,27.749130700000023,247.50832987797287,322.6093570160009,47.09272180694901,61.38198544575648,55.71857284148357,0.19026721981505337,-0.6477147985381961,1.3930589182762745,55.500493455386206,3.230016599868003,-1.1144120188627105,3.4168584084226428,-175.47608318409297
3347,27.75301390000095,247.61444056275494,322.6416886192346,47.11291119193516,61.38813709001592,54.32181820599203,0.19026721981505337,-0.6275254135520427,1.386907274016835,54.217568173499124,4.211944832519951,-1.4844318850776803,4.465872512021227,-231.30674310241307
3348,27.76633480000055,247.7238806790188,322.67829019680084,47.13373405859292,61.39510117042029,52.940077752526534,0.19026721981505337,-0.606702546894283,1.379943193612462,52.85518721868421,3.500819209191288,-1.2501758169586674,3.7173478057280285,-196.42118551142988
3349,27.769974900000307,247.8562631385047,322.7325532010557,47.158922101111585,61.40542564137867,51.48041972531,0.19026721981505337,-0.5815145043756189,1.3696187226540815,51.5577732835806,4.065034662553957,-1.569314272286134,4.357436642450022,-219.43488836300415
3350,27.78134250000039,247.98623299043672,322.79352038034204,47.18365110349846,61.41702569708145,49.81504756810888,0.19026721981505337,-0.5567855019887418,1.3580186669513026,50.401303802223936,3.354115968867707,-1.4166413587253555,3.6410117648621485,-162.76792246757088
3351,27.785741499999858,248.089530049367,322.8370519700855,47.2033051477162,61.42530833163607,49.23150316596553,0.19026721981505337,-0.5371314577710038,1.3497360323966845,49.49350111689011,4.076071895564252,-1.932843751120327,4.511124811402767,-155.94612074411026
3352,27.797978799999328,248.19530273939253,322.8898431316815,47.223430223379715,61.43535275918375,48.53947079920873,0.19026721981505337,-0.5170063821074891,1.3396916048490013,48.9178152136124,2.907008921471323,-1.5029477613462818,3.272545315629665,-86.64567614860495
3353,27.801598199999717,248.29370636111767,322.94888595381883,47.242153206905094,61.44658667280185,48.40106432585738,0.19026721981505337,-0.49828339858211024,1.328457691230902,48.67109905346467,2.7472855197702355,-1.4610817799559066,3.111645496334429,-71.65702093735972
3354,27.813562100000127,248.3612569430626,322.99207378337655,47.255005868328645,61.454803901061645,48.60199020892148,0.19026721981505337,-0.4854307371585591,1.3202404629711069,48.55241255971637,1.8813520206263294,-1.1121099411449626,2.185468816228734,-33.590593823981095
3355,27.817458499999702,248.38945135124416,323.0086843393988,47.26037033998768,61.457964345375586,48.58146676737023,0.19026721981505337,-0.4800662654995236,1.3170800186571654,48.448025846904216,1.9161273273775956,-1.2819643268672627,2.3054232735190823,-37.971123908614935
3356,27.829496599999402,248.3981936788755,323.01741461512313,47.262033718360804,61.45962543066587,48.63807069722405,0.19026721981505337,-0.4784028871263999,1.3154189333668853,48.255012273873035,1.0351566102866276,-0.7982447758223529,1.3071893244468376,-29.225589208245907
3357,27.833609700001034,248.4375038945724,323.05351747214013,47.26951316381178,61.46649462089787,48.017537235147934,0.19026721981505337,-0.4709234416754242,1.3085497431348827,47.97142970086836,1.4631886427140965,-0.9693352079122635,1.7551443671293343,-45.253571462295724
3358,27.84545860000071,248.48533727735403,323.0961888162772,47.278614288567994,61.47461357891261,47.43599646070146,0.19026721981505337,-0.4618223169192106,1.3004307851201418,47.6818750515018,1.3136207359695202,-0.8690790273639662,1.5750865988170306,-42.516574023265136
3359,27.848821800000223,248.5421564628932,323.12345058541695,47.289425117032685,61.479800599934066,47.18407734389811,0.19026721981505337,-0.4510114884545189,1.2952437640986858,47.37898426323005,1.662664300536587,-0.9859381286692731,1.9330097179897172,-42.70464437824714
3360,27.862494400000287,248.58735185986393,323.1457155516277,47.29802431956275,61.484036893154254,47.133693520537435,0.19026721981505337,-0.4424122859244548,1.2910074708784975,47.19979709678664,1.3816274198253595,-0.6798593855143082,1.5398386640441177,-27.86828512332389
3361,27.866203600000517,248.62406803698747,323.15979619747725,47.30501020450628,61.48671597849325,47.1236167558653,0.19026721981505337,-0.4354264009809228,1.2883283855395007,47.13683747111515,1.2715670963618146,-0.555899588720212,1.387770598221953,-22.04941887715173
3362,27.87851220000084,248.65080231808474,323.1688324111857,47.310096861844414,61.48843527375321,47.12160140293088,0.19026721981505337,-0.43033974364279004,1.2866090902795406,47.201280458090224,0.5239179923354425,-0.33180209727876286,0.6201473167331988,1.1885060348401817
3363,27.893938600000183,248.66846077239228,323.17413559303077,47.31345668685174,61.48944429541905,47.121198332343994,0.19026721981505337,-0.42697991863546747,1.2856000686137037,47.27312230255555,0.312019316822149,-0.3201303488347404,0.44703410867093035,6.946348767081631
3364,27.899027800000113,248.6544503981762,323.18541774835535,47.31079097190108,61.49159091974618,47.506292278773486,0.19026721981505337,-0.4296456335861265,1.2834534442865717,47.40609968023767,-0.3735198179257215,-0.05692016038443379,0.3778319190347128,18.71104177545312
3365,27.90982029999941,248.6300280048175,323.19968237898337,47.306144191015484,61.49430501135746,47.492902742864075,0.19026721981505337,-0.4342924144717202,1.2807393526752904,47.575365443860036,-0.5933871898133026,0.08117148673216737,0.5989133220198386,18.39391565220204
3366,27.914677000000665,248.5906086552571,323.1845260024607,47.29864398096772,61.491421249734024,47.78850364427594,0.19026721981505337,-0.4417926245194863,1.2836231142987273,47.778616179592326,-0.9387327891297307,0.31059003725897033,0.9887797634619209,20.30145901824383
3367,27.925814100000935,248.5504498627889,323.152286896123,47.291003079173656,61.485287204601825,47.96793022104269,0.19026721981505337,-0.44943352631354827,1.289757159430927,47.819266326738784,-1.0240236913907892,0.5031591369088195,1.1409617160906174,15.773400559459272
3368,27.93058949999977,248.51257813342184,323.12513837442134,47.2837973305174,61.480121730855565,48.13745201100542,0.19026721981505337,-0.4566392749698025,1.2949226331771868,47.887052117886824,-1.207524320721114,0.716548923604656,1.4041215563661071,12.960188648722678
3369,27.941371400000207,248.45873001309178,323.0944788685077,47.27355179836993,61.47428823190447,47.70954301450577,0.19026721981505337,-0.46688480711727465,1.300756132128285,47.92467055541331,-1.0358129396218512,0.7003801188915639,1.2503762461061958,5.1649305124201526
3370,27.94602219999979,248.4257786946792,323.074545925623,47.26728224262633,61.47049564627907,47.831831698604276,0.19026721981505337,-0.47315436286087476,1.3045487177536828,47.932193632567035,-1.0381358376715009,0.6362382421500371,1.2175898809665258,10.378452487952
3371,27.95693829999982,248.38643582357213,323.0451181098237,47.25979658392124,61.464896497581705,47.97659583190836,0.19026721981505337,-0.48064002156596075,1.3101478664510466,47.96355847748997,-0.8333300044155987,0.4800318205563331,0.9617013283789979,9.349883894050741
3372,27.96126220000042,248.37058051351022,323.0398897569481,47.25677983815646,61.46390171341586,48.00554560681136,0.19026721981505337,-0.4836567673307428,1.311142650616894,48.09205434686518,-0.9375742051343428,0.4956486648616363,1.0605248649194499,12.112321661432778
3373,27.9730109000011,248.34063859761585,323.0213249782995,47.251082873063304,61.460369444595905,48.29427623562009,0.19026721981505337,-0.48935373242390057,1.3146749194368468,48.19840293480273,-0.8194335339332348,0.42372337124488246,0.9225035565641134,12.526780899862342
3374,27.97751100000096,248.30583607152312,323.00668164740694,47.2444610931811,61.45758329873814,48.352022361381835,0.19026721981505337,-0.49597551230610293,1.3174610652946086,48.2762601768043,-0.8415483086024963,0.5014017765845108,0.9795954763441009,15.627056164493931
3375,27.9889746000008,248.2602053557714,322.97921710374624,47.23577906375685,61.45235769637233,48.36357463829199,0.19026721981505337,-0.5046575417303529,1.3226866676604203,48.31855953047805,-0.7484046618254647,0.48423161411701043,0.8913976631966529,9.954496789089706
3376,27.993332699999883,248.24196555403074,322.9585722813076,47.23230862738968,61.44842966340336,48.365882041916215,0.19026721981505337,-0.5081279780975265,1.326614700629392,48.39863805355655,-0.6359659443850229,0.7117204931120001,0.9544625412938543,13.167701696267507
3377,28.005154700000276,248.22755224055845,322.94961163722144,47.22956624630698,61.44672474656533,48.21704237518012,0.19026721981505337,-0.5108703591802239,1.3283196174674217,48.41465436852381,-0.430355152662541,0.6577109200589695,0.7859956817871299,13.085407234253207
3378,28.009863200000837,248.2294649644365,322.9140233927038,47.229930174961524,61.43995347022287,48.694668851012594,0.19026721981505337,-0.5105064305256803,1.335090893809884,48.5329223287829,-0.4286487538277935,0.9254193236445565,1.019872873809706,18.29230018081315
3379,28.020775500001037,248.20403372157787,322.8940026743478,47.22509144308638,61.43614418380257,48.43210393621815,0.19026721981505337,-0.515345162400827,1.3389001802301834,48.7172283755648,-0.3556790601115115,0.9067055213544613,0.9739725336252936,14.638788856577975
3380,28.02542960000028,248.18571683493548,322.85011047083304,47.22160633998926,61.427792936268254,48.954914439587384,0.19026721981505337,-0.5188302654979466,1.3472514277644976,48.85556846675711,-0.36847191818794134,0.9506978569882466,1.0196067721308766,15.179680767045927
3382,28.041971799999374,248.14820398187095,322.7798832319417,47.214468873729345,61.41443099476911,49.28741227582569,0.19026721981505337,-0.5259677317578593,1.360613369263639,48.85733987855026,-0.5340050460535167,0.7792214598991825,0.9446414519689635,9.534108864043567
3383,28.053322600000683,248.1305492254482,322.75815745349325,47.211109752308275,61.41029729130541,48.90874283114171,0.19026721981505337,-0.5293268531789295,1.36474707272734,48.90341559645577,-0.4921313358064796,0.7290203359872004,0.8795816630453142,4.409634857328298
3384,28.05758439999954,248.11374158492652,322.7451500201116,47.20791180927456,61.407822403118956,48.703525909978346,0.19026721981505337,-0.5325247962126411,1.3672219609137954,48.890161867966555,-0.38231523680764046,0.41697392088492635,0.5657138773208865,-0.6304310243736932
3385,28.070331400000214,248.09806125072382,322.7385793751451,47.204928355680046,61.40657222476878,48.66248252574567,0.19026721981505337,-0.5355082498071582,1.3684721392639716,48.778847192929256,-0.25003052385568647,0.27183531035082686,0.36933683652335486,0.3361887003269213
3386,28.075013900001068,248.09314553118682,322.7328168408566,47.20399305539035,61.405475803390615,48.88864579714133,0.19026721981505337,-0.5364435500968554,1.3695685606421364,48.800030913195236,-0.14297907827124312,0.28477487596709866,0.31865301945120605,2.993512248986568
3387,28.085359900000185,248.1056495114588,322.7283549670501,47.20637215295332,61.4046268550663,48.730838900639206,0.19026721981505337,-0.5340644525338831,1.3704175089664545,48.85114204689687,0.0935787161034635,0.24245184278790294,0.25988434385091885,4.281468088618692
3388,28.08994689999963,248.11141909173188,322.7180155606102,47.20746991495138,61.40265960494843,49.01466143247159,0.19026721981505337,-0.5329666905358224,1.3723847590843192,48.93070753535594,0.18205074972289512,0.29198411713490724,0.3440889421846035,7.108467062349791
3389,28.10147340000003,248.1376150573568,322.6956553183752,47.21245414850121,61.39840518382399,48.95908157848651,0.19026721981505337,-0.5279824569859954,1.3766391802087625,48.96908950511806,0.1927716105472156,0.550659282139811,0.5834265496527384,11.190691187475615
3390,28.117510899999616,248.15517326507162,322.6665133168985,47.21579489986804,61.39286041622317,49.060309968041054,0.19026721981505337,-0.5246417056191675,1.3821839478095796,49.05573013246893,0.139657333352153,0.6153691117640573,0.6310176815845331,11.374604438330412
3391,28.121734000000288,248.15192960777182,322.6326088590098,47.21517773821157,61.38640950928135,49.08055564595196,0.19026721981505337,-0.5252588672756318,1.3886348547514018,49.16103372180629,0.01660604863365553,0.6947890686907583,0.6949874896884076,17.37550756937179
3392,28.133279499999844,248.14976829061482,322.60799657510404,47.21476651040497,61.381726598449305,49.164042037393514,0.19026721981505337,-0.5256700950822335,1.393317765583447,49.22868745725189,-0.0980028483645161,0.6488124669794685,0.6561723672904416,16.62016127005098
3393,28.137312000000748,248.1418007457494,322.5904909650651,47.21325054779468,61.37839585469603,49.54117937915839,0.19026721981505337,-0.5271860576925249,1.3966485093367211,49.41962787230976,-0.2952729462592377,0.24595961764321522,0.3842944786277931,12.596046284065773
3394,28.149080299999696,248.13310262174008,322.5818802485905,47.21159557992181,61.37675751761179,49.29735025571449,0.19026721981505337,-0.5288410255653915,1.3982868464209588,49.41436930004789,-0.30937369093835165,-0.1996668289376097,0.3682104333432438,5.210467748768174
3395,28.153183100001115,248.11632542960496,322.61785928333904,47.20840343021796,61.383603148525026,50.0150120433304,0.19026721981505337,-0.5320331752692411,1.3914412155077258,49.35398347915021,-0.3686728659786856,-0.8146372450206962,0.894177567982919,0.08589546744632637
3396,28.165148600000975,248.10270119993055,322.66191873929176,47.20581118591569,61.391986218715715,49.054262784642646,0.19026721981505337,-0.5346254195715119,1.3830581453170367,49.210484195830055,-0.3203902845985296,-1.1254804074410647,1.170194890605335,-11.481098213718361
3397,28.16858820000016,248.09669733367406,322.710172677987,47.204668846974926,61.40116736147638,48.8621129329051,0.19026721981505337,-0.5357677585122786,1.3738770025563696,49.14250699541602,-0.3922001639683587,-1.6153604409801154,1.6622906854399082,-10.553356511127495
3398,28.18163690000074,248.08747160514702,322.76011610650846,47.20291349325732,61.4106699587692,48.82368296255759,0.19026721981505337,-0.5375231122298842,1.364374405263554,49.00569677148222,-0.27838647996634996,-1.34895943985083,1.3773854226725066,-6.9965173026786065
3399,28.185473999999886,248.0773946346852,322.80670535719355,47.20099617610339,61.419534365970314,48.95746425364433,0.19026721981505337,-0.5394404293838164,1.3555099980624377,49.02178138196889,-0.22653128402824127,-1.203037304767614,1.2241793901655136,-3.0080225432178986
3401,28.200693700000556,248.06067861059068,322.83362411717326,47.19781566467257,61.42465612359252,49.3309609236614,0.19026721981505337,-0.5426209408146363,1.3503882404402319,49.068444959339665,-0.11347594659928983,-0.6268097985309704,0.636998676600698,5.8414311791517
3402,28.213634199999433,248.06357816094845,322.8316512685511,47.19836735405785,61.424280755170074,49.134685837076034,0.19026721981505337,-0.5420692514293535,1.3507636088626782,49.17131832422789,-0.078159444819132,-0.4671814069911116,0.4736743246711073,7.5949190707790795
3403,28.217139399999724,248.06787360517853,322.8277477170401,47.19918463628938,61.423538037276664,49.09543081975896,0.19026721981505337,-0.5412519691978233,1.3515063267560876,49.25714018958834,0.11704377967818763,0.10463364761285417,0.15699505270589603,12.343378497818179
3404,28.229452300000048,248.0705954154548,322.8232241607053,47.19970250756351,61.422677352789165,49.338049786998674,0.19026721981505337,-0.5407340979236963,1.3523670112435866,49.23599712971455,0.170393523633205,0.16488580898072552,0.2371102758198554,13.406268272817995
3405,28.23318450000079,248.0799390455141,322.81245734632864,47.201480294077875,61.42062878095145,49.386573580446615,0.19026721981505337,-0.5389563114093292,1.3544155830812983,49.34025301481011,0.8609069816571842,-0.5600573708105637,1.0270467806606107,16.419127914776354
3406,28.246078100000886,248.08385423769687,322.81484681949235,47.20222522680953,61.421083419367136,49.22524562429245,0.19026721981505337,-0.5382113786776728,1.3539609446656158,49.448307151083746,0.8228192442387146,-1.2679208734622045,1.511507476015494,11.735739749558864
3407,28.249732199999926,248.1509798863285,322.8839027449121,47.21499703735296,61.43422249830851,49.655965262553806,0.19026721981505337,-0.5254395681342459,1.3408218657242443,49.532402678739906,-0.027032831812085045,-2.174011892922163,2.174179956802745,12.221566176605894
3409,28.26549200000045,248.15451871665041,323.15951294926697,47.2156703607597,61.486662085643765,49.63570150112716,0.19026721981505337,-0.5247662447275019,1.288382278388987,49.54922178427114,-1.4028552049893417,-2.772634587049379,3.1073308931409556,6.738531037722726
3411,28.28178520000074,247.79424241887511,323.54148468078915,47.14712159121673,61.55933878504843,49.75852742527947,0.19026721981505337,-0.5933150142704733,1.2157055789843199,49.56082229971332,-6.29483671026671,-3.7966658896600807,7.351165967833252,7.706509855957103
3412,28.293374500000937,247.404245266584,323.69036384597854,47.07291791731452,61.58766560989741,49.470669108102776,0.19026721981505337,-0.6675186881726844,1.187378754135345,49.566837005275524,-10.014662467873292,-3.448242124082719,10.59168721647918,2.4648134874248044
3413,28.297569500000463,246.86622855297412,323.804030170479,46.970550973001934,61.6092925854467,49.28324820150337,0.19026721981505337,-0.7698856324852699,1.1657517785860492,49.622296337719376,-12.223145778970332,-2.896028778049716,12.561539532129506,2.0682267796276905
3415,28.313657599999715,245.5891114754178,323.960760995152,46.727557457276966,61.63911332371655,49.686038790364826,0.19026721981505337,-1.0128791482102386,1.1359310403162013,49.57090350380671,-12.81501136742868,-2.025004566214929,12.974018646530364,2.5611330925778213
3416,28.324882200000502,244.94019702779,323.9941727927333,46.604090309429004,61.64547049355137,49.91299816334641,0.19026721981505337,-1.1363462960581998,1.12957387048138,49.56062493702418,-16.572942439102064,-1.727145821734937,16.662696473840203,4.352532156305851
3417,28.34123659999932,244.32419873204515,324.00323527582003,46.48688602628682,61.64719478701291,49.501563255716164,0.19026721981505337,-1.253550579200386,1.1278495770198447,49.61257496097237,-13.10169608488112,-0.7279019526596733,13.121900836131745,2.458985629371213
3418,28.345423000000665,243.76989627114605,324.024246318955,46.38142043811491,61.65119249977561,49.41927627419011,0.19026721981505337,-1.359016167372296,1.1238518642571407,49.652245216803855,-12.429702364907929,-0.13642744362513964,12.430451050849758,6.72932100031221
3419,28.357117200001085,243.3368412858041,324.0340309400903,46.29902427002684,61.65305419243597,49.542998321244276,0.19026721981505337,-1.4414123354603632,1.121990171596785,49.6961289750014,-10.666075991672953,0.022225471601814303,10.666099147848293,8.194506633503249
3420,28.362010000000737,243.0348405094393,324.00564671207337,46.241563421925925,61.64765360428459,49.8843900695223,0.19026721981505337,-1.4988731835612796,1.1273907597481596,49.78496859285185,-9.10597718927174,0.17235506363077885,9.107608184342167,11.734089281913192
3421,28.37389079999957,242.89861796427388,323.9914782063387,46.21564473698117,61.644957802089515,50.132416954334154,0.19026721981505337,-1.5247918685060355,1.1300865619432372,49.86112701935163,-3.4315295887980417,0.4196639448164789,3.457096056718035,9.68965216524396
3422,28.379376500000944,242.91689615976964,323.9728756551003,46.21912247842138,61.64141834638393,49.945761344968396,0.19026721981505337,-1.5213141270658213,1.1336260176488224,49.975637879456265,0.7340545788130033,0.5934703463839793,0.9439508338432973,9.351468826127224
3423,28.38949280000088,243.08596308413186,323.9579024464899,46.251290372082465,61.63856943560992,49.80006840668899,0.19026721981505337,-1.489146233404739,1.1364749284228353,49.96808907168219,5.454597222481393,0.4073725183858037,5.469788225172683,5.22187990957006
3424,28.394158799999786,243.42394514725368,323.94049489873186,46.31559727958001,61.63525734989419,50.11555262176749,0.19026721981505337,-1.4248393259071932,1.1397870141385624,49.97770892718558,8.970057945609685,0.5003824876795536,8.984003683301328,4.717928309906078
3426,28.410321700001077,244.43132750432054,323.9257738816102,46.507269119949854,61.632456422893604,49.846646030651954,0.19026721981505337,-1.2331674855373507,1.1425879411391477,49.93745150180189,10.873554673442758,0.4360919030288032,10.8822960529585,0.7535336342938663
3428,28.42596880000019,245.69743488247218,323.8688693209698,46.748167850778096,61.621629350345756,50.18051623185108,0.19026721981505337,-0.9922687547091087,1.1534150136869954,49.99832579797515,15.861798874439183,0.6326967423776617,15.874412389155557,4.358162179715253
3429,28.43753800000013,246.31469380362586,323.84918296744945,46.86561198961205,61.617883682593146,49.74447421804991,0.19026721981505337,-0.8748246158751556,1.1571606814396063,50.01050187791293,14.773756899188285,0.5190882901657861,14.782873386770946,3.761276754107906
3430,28.441522299999633,246.90356358762523,323.8227007101241,46.977654606246695,61.61284497711742,50.1044398875553,0.19026721981505337,-0.7627819992405094,1.1621993869153329,50.07933839107829,15.569298413478009,0.7204843569676087,15.5859600537331,7.84597352767536
3431,28.453477600000042,247.42771508513874,323.81379132743336,47.07738345444049,61.61114981364259,50.176433021456376,0.19026721981505337,-0.6630531510467108,1.163894550390161,50.068306817425224,13.560379714324537,0.5362329247781239,13.570977995202869,6.822994787437032
3432,28.4583418000002,247.83257574394094,323.7836175095927,47.154415166403275,61.60540872521084,50.19082859647878,0.19026721981505337,-0.5860214390839289,1.1696356388219087,50.15553531714774,11.563203590973373,0.4997653402268631,11.573998560635454,6.496219998682649
3434,28.473454999999376,248.25762527842988,323.80183139525286,47.23528815961417,61.60887423059743,50.12535836358572,0.19026721981505337,-0.5051484458730329,1.1661701334353225,50.13703008935786,4.989909715690523,0.27524707736286935,4.997495365114356,2.9750562997384633
3435,28.48603120000007,248.26856891726374,323.7924836056492,47.23737037534975,61.60709565265812,50.18061671666246,0.19026721981505337,-0.5030662301374562,1.1679487113746347,50.12971806751637,1.9485785156251143,0.24897170084507803,1.9644197971353945,2.7168320718983927
3436,28.490479699999923,248.15761921906204,323.7891624663537,47.21626028473359,61.606463748717744,50.011913748605934,0.19026721981505337,-0.524176320753611,1.1685806153150082,50.128255052796504,-2.4233739392935982,-0.011235976039265218,2.4233999869614853,-0.8560386859729763
3438,28.505781300000308,247.6055371600537,323.7883248819303,47.1112171662563,61.606304383858145,50.139872912248926,0.19026721981505337,-0.6292194392309014,1.1687399801746068,50.09437951181486,-7.315930911594153,0.04507538692923423,7.316069770971684,1.010374415292579
3439,28.51826450000044,247.21035569504272,323.79624809059976,47.03602708758623,61.6078119107437,50.18351352287948,0.19026721981505337,-0.7044095179009773,1.1672324532890528,50.09523335945491,-9.437711216948038,-0.015582213863522838,9.437724080513041,1.2615573392617778
3440,28.52271970000038,246.7628474076474,323.79502454706403,46.95088092989932,61.60757911051684,49.95598065867746,0.19026721981505337,-0.7895556755878843,1.167465253515914,50.13135444636573,-9.936207385784218,-0.04600686557214325,9.936313896259145,2.3599476975149787
3442,28.538782900001024,245.88117501040227,323.80868981238973,46.78312757408782,61.61017916255839,50.18488595486273,0.19026721981505337,-0.9573090313993831,1.1648652014743632,50.14218902967985,-11.80662683348486,-0.10118244460309417,11.80706039081111,5.425454275813742
3443,28.54952570000023,245.4725100917119,323.80925863473806,46.705372036172655,61.610287390805176,50.192519183160044,0.19026721981505337,-1.0350645693145495,1.1647569732275755,50.19765489653798,-11.471939160153402,-0.032103197426508065,11.471984079031236,4.8660105267760825
3444,28.553974899999957,245.09329384372876,323.81546620897745,46.633219614960204,61.611468488697504,50.19404582881951,0.19026721981505337,-1.1072169905270002,1.1635758753352476,50.25600026717524,-8.060899330701513,-0.051193865308394176,8.061061892303602,3.8219049283380286
3445,28.565668900000674,244.8259472097115,323.8016601313459,46.582352314178834,61.608841644689996,50.46084285717016,0.19026721981505337,-1.15808429130837,1.1662027193427562,50.22408945773193,-7.049094646441659,-0.03121049353045244,7.0491637397211075,4.207337412970801
3446,28.581919199999902,244.6503115704943,323.8053497252193,46.54893460940453,61.60954365345853,50.24770751186372,0.19026721981505337,-1.1915019960826712,1.1655007105742214,50.271005635687025,-5.535435387412686,0.01683395186578066,5.5354609844308404,2.3296679706877907
3447,28.585525599999528,244.54825523027006,323.80652389370715,46.52951663328557,61.60976705923231,50.02533190764619,0.19026721981505337,-1.210919972201637,1.1652773048004406,50.28038826092648,-1.3460184691669563,0.11860994221269597,1.3512342645634234,1.1586144261606408
3448,28.59769580000102,244.56938726337808,323.79180278739165,46.53353736647407,61.60696611526106,50.427100072935495,0.19026721981505337,-1.2068992390131328,1.1680782487716925,50.228965835779064,0.11743837316613792,0.08560302394800366,0.14532601006341414,2.4015829182254924
3449,28.601699599999847,244.66892381169413,323.78668055524633,46.552475908792154,61.60599152239152,50.240958955016794,0.19026721981505337,-1.1879606966950504,1.169052841641232,50.25802705387458,2.5674863724671972,0.17049372813897662,2.57314095691229,-0.09066547239278933
3450,28.613679600000978,244.85576473588253,323.78292807338187,46.58802561198515,61.605277548099764,50.203730731433055,0.19026721981505337,-1.152410993502052,1.169766815932988,50.299789614876495,4.6084489259108175,0.1615258637639801,4.611278793067414,-0.09453371979438951
3451,28.618374100000437,245.1072784337265,323.77352132498606,46.63588042401933,61.603487752235,50.3930136023413,0.19026721981505337,-1.1045561814678777,1.1715566117977545,50.25484378723312,7.620347252958048,0.1277070899366978,7.6214172800395446,1.0495058113391722
3452,28.630129400000442,245.40510406277733,323.7801189176723,46.6925468784485,61.60474305785288,50.23414471265576,0.19026721981505337,-1.0478897270387009,1.1703013061798728,50.28519971447788,7.649362062511167,0.1096439223248209,7.650147825570945,-0.9989870600473607
3453,28.634190599999783,245.73359641974707,323.77881574016027,46.75504820593963,61.604495105890734,50.20237093471866,0.19026721981505337,-0.9853883995475741,1.1705492581420174,50.29127089992684,9.25854771077948,0.215730730533177,9.261060709274954,-1.9912765343358934
3454,28.64696879999974,246.06101217256372,323.768533585919,46.81734469095171,61.60253874898954,50.39273859124061,0.19026721981505337,-0.9230919145354974,1.1725056150432138,50.25314004424319,8.262795772970199,0.1679516044082111,8.264502509361193,0.994450765290143
3455,28.65213760000006,246.36020085808235,323.7525047954055,46.87427049034545,61.599488995581545,50.23408665867782,0.19026721981505337,-0.8661661151417519,1.1755553684512066,50.24551387310646,9.450057674310667,0.313313895633464,9.455250163004413,-1.4754894016272924
3456,28.661806699999943,246.62522172330966,323.7452703638904,46.924695273565234,61.598112520410226,50.20235932392306,0.19026721981505337,-0.81574133192197,1.1769318436225262,50.29728697872286,6.9049753236487055,0.3398087184184332,6.913331627031263,-1.0447496741698115
3457,28.66564880000078,246.84243595450906,323.7327500860898,46.96602402143981,61.59573032196179,50.196013856972115,0.19026721981505337,-0.774412584047397,1.1793140420709634,50.259759718583396,6.175350495560569,0.2702781333164556,6.1812623316252475,0.3350570160208356
3458,28.678199699999823,247.01819565854913,323.71998409134665,46.999465331683034,61.593301371633835,50.46123646280068,0.19026721981505337,-0.7409712738041705,1.1817429923989167,50.30555321675081,3.449061174687712,0.18409153389760574,3.4539705672734025,7.680264978807365
3460,28.694152899999608,247.12108275478238,323.73629653683713,47.01904137343817,61.59640509528569,50.20510229054328,0.19026721981505337,-0.7213952320490336,1.1786392687470624,50.368009645876484,2.0332784239736714,0.21307057894745193,2.0444119499283553,6.501832143409727
3461,28.69773770000029,247.07175552145927,323.7332989877249,47.00965601789262,61.595834759949845,50.46305414951491,0.19026721981505337,-0.7307805875945874,1.1792096040829065,50.49437605377192,-1.6384639550050637,0.1806586523409346,1.648393666730274,12.880813288254846
3462,28.709740800000873,246.95417240087264,323.7151774690992,46.98728380444142,61.592386828982114,50.51464146955142,0.19026721981505337,-0.7531528010457862,1.1826575350506374,50.487922304750576,-3.22537778752306,0.10128632619925308,3.226967739553975,12.743739334234998
3463,28.713800600000468,246.79196793542323,323.7054056953998,46.95642161175878,61.59052758076766,50.82784589644935,0.19026721981505337,-0.7840149937284266,1.1845167832650887,50.57775562370905,-4.159805984592761,0.09465543449377073,4.160882776615193,12.567372780532725
3465,28.729747600000337,246.35026017247762,323.7224478413141,46.872379103732385,61.593770142490456,50.428967717693915,0.19026721981505337,-0.8680575017548193,1.1812742215422958,50.62501061757887,-5.436665227246867,-0.07060628924293279,5.437123691919827,4.44057267503841
3466,28.742519800000082,246.11900196328543,323.737733237184,46.82837824720998,61.596678452266396,50.65426888533566,0.19026721981505337,-0.9120583582772213,1.178365911766356,50.66375055678252,-5.740646773406901,-0.1452333187451163,5.74248361720787,5.628871451867272
3467,28.746892600000137,245.91210522714948,323.7530673424991,46.789012580436584,61.59959602985305,50.69932911886401,0.19026721981505337,-0.9514240250506205,1.1754483341796984,50.64021009247482,-5.618248355063345,-0.31422142028662475,5.627028494697617,0.40912630322207666
3468,28.757312499999898,245.72679415957057,323.75777061980443,46.75375395880739,61.60049090934996,50.70834116556968,0.19026721981505337,-0.9866826466798173,1.174553454682794,50.69651736029184,-4.954083093478209,-0.269476384284651,4.961406737889341,-0.5536756386213642
3469,28.761851900000693,245.56002877060553,323.7670030797558,46.72202397188763,61.60224754383696,50.710143574910816,0.19026721981505337,-1.0184126335995742,1.1727968201957921,50.678490483777125,-4.960206013827889,-0.1415353559411867,4.962224899840368,-2.7950883062939433
3470,28.77341780000097,245.44153612331544,323.7657635262866,46.69947870531922,61.60201169744456,50.710504056779044,0.19026721981505337,-1.0409579001679816,1.1730326665881918,50.657084815505435,-3.269219158187546,0.03125365602204911,3.2693685468718927,-2.333171867671706
3471,28.777524700000868,245.36651424933473,323.7568705690717,46.685204501931594,61.60031965919934,50.564134502762066,0.19026721981505337,-1.0552321035556105,1.1747247048334089,50.62351535177297,-2.4918447068322136,0.06610049451091923,2.4927212676796233,-3.502130082725821
3472,28.789237500001036,245.33281279695282,323.7447596344554,46.678792220283164,61.59801534534055,50.59230077750554,0.19026721981505337,-1.0616443852040405,1.1770290186922026,50.587512518596796,-0.34757280867774554,0.2594592271644991,0.43373488203387084,-2.2684418466562306
3473,28.805566400000316,245.37598884376945,323.7371771522662,46.68700720667356,61.59657264753511,50.54049384690737,0.19026721981505337,-1.0534293988136412,1.17847171649764,50.58031195196156,0.43325044948771885,0.2750809396822824,0.5132012035817901,-1.535786491138188
3474,28.810139100000015,245.46566698022946,323.7232423471486,46.70407001637601,61.593921310906715,50.53012940902991,0.19026721981505337,-1.0363665891111964,1.1811230531260364,50.59035926539232,2.694357012773179,0.25648427117292744,2.7065372514781902,3.5906584765538687
3475,28.821068499999456,245.57795696722533,323.7175842684278,46.72543512001478,61.59284476399902,50.67450122360286,0.19026721981505337,-1.0150014854724247,1.1821996000337336,50.61016902104723,3.315755344721752,0.20615508173070332,3.322157946843325,4.899567000978484
3476,28.82476520000091,245.73008341905242,323.7113861183765,46.754379797064246,61.591665459220756,50.61437106991589,0.19026721981505337,-0.9860568084229584,1.1833789048119954,50.674707144053194,4.895776616396224,0.19586850903490985,4.899693169014119,5.454240595198113
3477,28.836923000000752,245.89363383083733,323.7148948694379,46.78549807921417,61.59233305953023,50.69134955578006,0.19026721981505337,-0.9549385262730326,1.1827113045025186,50.716903709084086,4.605902075913494,0.08265210792457413,4.6066436050392054,6.926770851139705
3478,28.84054130000004,246.05343699164487,323.7141927725353,46.81590338233868,61.592199473504536,50.863184461937266,0.19026721981505337,-0.9245332231485222,1.1828448905282158,50.72534302209026,5.794332493813443,-0.01859784959271389,5.7943623401433735,11.832433082389457
3479,28.853751399999965,246.2118799083116,323.7132390500674,46.84604987559225,61.59201801138209,50.74111223418433,0.19026721981505337,-0.8943867298949542,1.1830263526506641,50.851630124791164,4.729864709216468,-0.02709653153469873,4.729942324121151,8.160389601264553
3480,28.856908300000214,246.34290604275174,323.7200044036301,46.87097985391529,61.59330523639554,50.716697788633745,0.19026721981505337,-0.8694567515719172,1.181739127637215,50.934785494550084,4.438216863719826,0.027274906319036903,4.438300671419384,7.8998956807862335
3482,28.87315909999961,246.55707520524766,323.6963865362132,46.911729225033504,61.58881153042416,51.245806583420354,0.19026721981505337,-0.8287073804537002,1.1862328336085923,50.920128726704995,2.871726667870212,-0.013266463400177286,2.871757311126429,6.21454066491684
3483,28.885066599999845,246.6259974695248,323.682809402608,46.92484287264087,61.58622824696003,51.1071264045747,0.19026721981505337,-0.815593732846331,1.1888161170727187,50.94594740867795,2.1386318165139673,0.022446858679431164,2.1387496132250745,3.3394411917725844
3484,28.889025200000106,246.63787220063315,323.6862586861012,46.92710224471491,61.58688453254065,50.78990062271182,0.19026721981505337,-0.8133343607722949,1.1881598314921007,50.92182220464286,0.22544834001536435,0.12132085761431505,0.2560189534154771,-3.061141810253255
3486,28.90570740000112,246.51657923940724,323.6693979733012,46.90402417019932,61.583676491592094,50.8702056440491,0.19026721981505337,-0.8364124352878832,1.191367872440658,50.84148727920493,-1.7522753130259905,0.18645708351690704,1.7621677038902863,-2.6847549193138067
3487,28.918770599999334,246.40199484647292,323.66345087271986,46.88222251632151,61.582544953298516,50.59607176845826,0.19026721981505337,-0.858214089165692,1.1924994107342357,50.76752234489859,-2.519607370830902,0.16076047657466075,2.5247307250425584,-1.3779614803556686
3488,28.92257410000093,246.2544446344698,323.65141264493775,46.854148547700554,61.58025447316692,50.84413195623072,0.19026721981505337,-0.8862880577866505,1.1947898908658345,50.771249865849825,-4.189534411906703,0.19281012910090645,4.193968804656795,7.975114209200447
3489,28.932886900000085,246.10618318010182,323.64661780967197,46.825939252972226,61.57934217319142,50.73730173304302,0.19026721981505337,-0.914497352514978,1.195702190841331,50.860994303601935,-4.453280057011069,0.1927699883851168,4.457450340115357,9.469291527808574
3490,28.936525200000688,245.95743492466414,323.64672372732036,46.79763733595776,61.57936232584792,50.808538227467984,0.19026721981505337,-0.9427992695294449,1.1956820381848345,51.008967605214856,-4.415562406073873,0.17728759072216219,4.419120076639348,12.440129044894269
3492,28.953868599999623,245.71112866899756,323.6292130338609,46.75077332946902,61.57603061488634,51.31892783280966,0.19026721981505337,-0.9896632760181845,1.1990137491464097,51.05501917471713,-3.678899863797422,0.03691021179649266,3.679085018259778,14.037268815397441
3493,28.96524379999937,245.62262545948573,323.6286625113949,46.7339340698505,61.5759258685073,51.335938276522874,0.19026721981505337,-1.0065025356367059,1.199118495525454,51.15958119263221,-3.2283979339339757,0.04734654667737635,3.2287450991540716,11.509243952363844
3494,28.969000299999607,245.54961922497887,323.630630593669,46.72004337658171,61.57630033004996,51.07438980374208,0.19026721981505337,-1.0203932289054976,1.1987440339827913,51.19326093019961,-1.5746561450098395,0.05214280234403744,1.5755192308739168,2.2706961876206258
3496,28.98506670000097,245.5088461356432,323.6187543931834,46.71228559423054,61.574040678401595,51.260111822618434,0.19026721981505337,-1.0281510112566608,1.2010036856311572,51.12999326993737,-0.2699390573865543,-0.0025214836065717856,0.2699508336388678,3.73771691548964
3497,28.99695470000006,245.53945060861784,323.6176021114794,46.71810862221733,61.57382143696533,50.97693691530494,0.19026721981505337,-1.022327983269875,1.2012229270674197,51.06435084628336,0.31414531297466114,-0.010743899293340225,0.31432898217627536,2.090023969690459
3498,29.00094469999931,245.6195886043029,323.6193053130261,46.73335625585788,61.574145500388404,51.002589531498494,0.19026721981505337,-1.0070803496293266,1.2008988636443476,51.10421247385725,1.3691948749337097,-0.02437771169028925,1.3694118731674527,1.2526846591933032
3499,29.014950099999623,245.72559112080228,323.6216537208346,46.75352505996561,61.57459232541313,51.00772615825283,0.19026721981505337,-0.9869115455215933,1.2004520386196234,51.11756856899021,2.759746602094735,-0.21098305267174186,2.7677996958393005,1.3007568560703224
3500,29.03004080000028,245.8507054889408,323.63496665286493,46.77733022295025,61.57712533997812,51.2736979416115,0.19026721981505337,-0.9631063825369566,1.1979190240546345,51.18968741985274,3.1614977320589617,-0.18641576795290715,3.166988908783141,3.2506435290697313
3501,29.034044100000756,245.9868348500184,323.65163869690764,46.80323117801768,61.58029748344676,51.32689229828324,0.19026721981505337,-0.9372054274695216,1.1947468805859884,51.17488511580649,3.455034778447115,-0.34078322214636547,3.4718004730651737,1.7364945149992839
3502,29.045877599999585,246.14223178379365,323.64285199600425,46.832798120574886,61.57862566229453,51.33753116961759,0.19026721981505337,-0.9076384849123187,1.1964187017382244,51.224913546598806,3.541988204004952,-0.3048950324019126,3.555086696283733,1.5787178298574032
3503,29.05001280000033,246.2571842276867,323.66139201511436,46.85466980248536,61.58215322018592,50.92857801126727,0.19026721981505337,-0.8857668030018431,1.192891143846829,51.23491923275727,4.370842548133994,-0.11052860573875178,4.372239832541785,0.6457221190340521
3504,29.062158900000213,246.37686853616972,323.6519736751653,46.877441803115914,61.58036121882855,51.25786831221439,0.19026721981505337,-0.8629948023712899,1.194683145204202,51.23692036998896,3.2937166000485627,0.09998728426974823,3.2952339064854113,2.734279440281825
3505,29.0656682000008,246.48240072779242,323.6371450301194,46.89752111981695,61.577539813762044,51.32372637240382,0.19026721981505337,-0.8429154856702539,1.1975045502707076,51.23732059743529,3.0235183097579013,0.16948608690744757,3.028264932778583,2.8072848275244993
3506,29.077868800000942,246.55192800177232,323.6204602687603,46.910749880938425,61.57436525060497,51.336897984441705,0.19026721981505337,-0.8296867245487789,1.2006791134277819,51.319616829448,1.9484119891735916,0.33488554381288016,1.9769819440273704,2.374897807190486
3507,29.081452700000227,246.57354413423215,323.6112536780299,46.91486272236471,61.57261353818272,51.33953230684928,0.19026721981505337,-0.8255738831224946,1.2024308258500298,51.336076686202105,1.2097079165277245,0.21914285583357954,1.2293969393864397,4.9382286661076575
3508,29.09422699999959,246.56774440147797,323.6130032388434,46.913759223337905,61.5729464222546,51.34005917133079,0.19026721981505337,-0.826677382149299,1.202097941778149,51.339368657552924,-0.19040883533693737,0.060887662861628576,0.19990705856252367,5.120814797181876
3509,29.098833699999886,246.52371100271324,323.6234427652773,46.90538111097593,61.57493272192536,51.340167595984916,0.19026721981505337,-0.8350554945112734,1.2001116421073945,51.39917011822934,-1.489608709311212,0.13509490960753812,1.4957221471442093,3.9117502285476853
3510,29.110479799999666,246.44543428144004,323.62266519571386,46.890487616843046,61.57478477592631,51.34018622915792,0.19026721981505337,-0.849948988644158,1.2002595881064408,51.41113041036463,-2.1050054919748504,0.06749229126212469,2.106087208693907,3.0005380285321284
3511,29.113898199999312,246.34820549418814,323.6113242579128,46.871988165806634,61.57262696722081,51.635905287823775,0.19026721981505337,-0.8684484396805701,1.2024173968119385,51.413523079143246,-3.586055521086173,0.0994578561739892,3.5874344684561623,5.93279244864267
3512,29.12695110000095,246.21584318262907,323.60098169924385,46.846803956778,61.570659117337094,51.3993337675257,0.19026721981505337,-0.8936326487092074,1.204385246695658,51.41400161289897,-3.73966588491613,0.18776683155814927,3.744376759066711,3.5578231925366217
3513,29.13092180000058,246.05949973608696,323.59819006592426,46.81705692386812,61.57012796102663,51.352022515223894,0.19026721981505337,-0.9233796816190818,1.2049164030061235,51.47324038605637,-4.623279070892961,0.06125347281971341,4.623684824389456,6.27276922696388
3514,29.14162860000033,245.9139380443733,323.5976065985123,46.789361305474195,61.57001694630431,51.342560264763534,0.19026721981505337,-0.9510753000130094,1.205027417728445,51.48508814068784,-3.899784161817397,-0.09835584128348558,3.9010242732231752,6.343858865487906
3515,29.14584130000003,245.78780305357378,323.61133097091715,46.76536195145337,61.572628244485486,51.6363800949449,0.19026721981505337,-0.9750746540338326,1.2024161195472658,51.54660075802039,-4.355081265541643,-0.13189835606194644,4.3570781500684195,8.170161741481728
3516,29.157586700001048,245.67704185836413,323.6216285190965,46.744287726777436,61.574587530348474,51.69514406098117,0.19026721981505337,-0.9961488787097679,1.200456833684278,51.55899669348099,-3.149628180341484,-0.1875373584966374,3.1552064806020383,4.565298321456993
3517,29.162076099999467,245.5778030976477,323.6220285286999,46.725405843678026,61.574663639063616,51.70689685418842,0.19026721981505337,-1.0150307618091787,1.2003807249691363,51.60015630049499,-2.7047314666321074,-0.1893569328148593,2.7113517578128667,3.411182881551078
3519,29.178470599999855,245.4516247785639,323.6344730965203,46.70139824570502,61.57703143238461,51.414002192526915,0.19026721981505337,-1.0390383597821824,1.1980129316481438,51.5492457658431,-1.417405505558343,-0.1588618561076039,1.426280286799567,1.177875538646485
3520,29.19017189999977,245.42934677691636,323.63439494649333,46.69715947226851,61.57701656299624,51.54835829983351,0.19026721981505337,-1.0432771332186945,1.1980278010365097,51.494670742942226,-0.7074825208052835,-0.07135919505511618,0.7110721847772647,2.0911841906039834
3521,29.194673600000897,245.446848565567,323.645453289846,46.70048948893685,61.57912060324171,51.38182742168546,0.19026721981505337,-1.0399471165503513,1.1959237607910396,51.510134855707605,0.739191581695225,-0.09358562342797361,0.7450922515779446,1.0039611323699444
3523,29.20951050000076,245.58373038062382,323.6243442791017,46.72653361133095,61.57510425045435,51.4222689464768,0.19026721981505337,-1.013902994156254,1.1999401135783998,51.59354686392284,1.431138431601457,-0.09388883525374725,1.4342148806200499,3.0835409794656483
3525,29.22516259999975,245.8327830831762,323.63488104503176,46.77392017663302,61.57710905161371,51.78421741801533,0.19026721981505337,-0.9665164288541845,1.197935312419041,51.65196144330026,1.8036941310099077,-0.08280700984533355,1.8055939518948083,4.632211488340477
3526,29.237791300000026,245.96522244315733,323.6445677344025,46.799119045450716,61.57895211106948,51.83106223360307,0.19026721981505337,-0.941317560036488,1.1960922529632683,51.744056956832,2.7617680833872362,0.07445093812878856,2.7627714144685704,4.185612926657896
3527,29.25417170000037,246.0944054337874,323.63968807617874,46.82369833392529,61.57802367206561,51.84043119672062,0.19026721981505337,-0.9167382715619112,1.1970206919671398,51.79449775968852,2.7548319048121654,0.022509175252743204,2.7549238622404038,1.62045758389612
3528,29.25831350000044,246.21478635600545,323.6327461157244,46.846602877314496,61.57670284454989,51.84230498934413,0.19026721981505337,-0.8938337281727087,1.1983415194828595,51.79947694451584,3.0298030047645272,0.0741417893477044,3.030710024500503,-1.220709102480484
3529,29.269337800000358,246.31448455286855,323.63210925842327,46.86557217605221,61.57658167148179,51.67447296075946,0.19026721981505337,-0.874864429434993,1.1984626925509616,51.720059573473485,2.7466202751081963,0.09676826503580568,2.748324404569712,-3.1416975602633537
3530,29.272885100001076,246.3965608965179,323.6296841139222,46.88118861377096,61.57612024597993,51.809113342151896,0.19026721981505337,-0.859247991716245,1.1989241180528225,51.68290595766345,2.6436250936018015,0.11159600232072026,2.645979460096979,-6.289089862258907
3531,29.285296899999594,246.43436056104355,323.6318244098282,46.888380650850195,61.57652747413154,51.43397537839132,0.19026721981505337,-0.8520559546370094,1.1985168899012137,51.654205092899886,1.5923095305236128,-0.015287222059953712,1.5923829125416533,-7.080991418398446
3532,29.28944550000051,246.45584966174528,323.6289720326328,46.89246932229704,61.57598476025271,51.65466311767045,0.19026721981505337,-0.8479672831901652,1.199059603780043,51.601693679712795,1.0212145369381023,-0.1214844672211763,1.0284150943221884,-3.0764249430356494
3533,29.300968400000784,246.47241425869805,323.6480801053262,46.895621022106596,61.5796204001201,51.69880066552628,0.19026721981505337,-0.8448155833806084,1.1954239639126527,51.569921255473815,0.005322399083552337,-0.10598206294269827,0.10611562372051844,-0.4540201313737132
3534,29.30508639999971,246.44785362570968,323.65933447945656,46.890947938751005,61.58176173859665,51.41191589482401,0.19026721981505337,-0.8494886667361996,1.1932826254361046,51.62270983703226,-0.8318334126901995,0.0817002939493616,0.835835967459666,1.4527877154840403
3535,29.317150400000173,246.40492071233564,323.6461721208407,46.88277921268476,61.57925737321659,51.65025122095699,0.19026721981505337,-0.8576573928024445,1.1957869908161598,51.65453769494552,-1.3517026724132504,0.11040245708623242,1.3562038258093068,5.03568603610572
3536,29.320977100000164,246.332389388289,323.6279584354836,46.868978879308905,61.57579190594112,51.69791828618359,0.19026721981505337,-0.8714577261782992,1.1992524580916353,51.68217279777817,-2.487955355871841,0.27503274884768225,2.5031110374392287,7.170159016267272
3537,29.333279000000402,246.22804821377147,323.61022142039434,46.84912617412122,61.572417133392264,51.81380240723672,0.19026721981505337,-0.8913104313659872,1.2026272306404877,51.746842274399384,-2.70605016455706,0.3517142627306928,2.7288111726001647,4.880297050385305
3538,29.337600400000156,246.1052260121831,323.59869182970795,46.82575713529343,61.57022343022676,51.836976179689536,0.19026721981505337,-0.914679470193775,1.2048209338059905,51.78104631132519,-3.6249927454649935,0.29170383146117207,3.6367105370049675,3.9580569475279326
3539,29.34917619999942,245.96984135411998,323.60700175381373,46.79999787279815,61.57180453638324,51.735263277930095,0.19026721981505337,-0.9404387326890529,1.2032398276495115,51.79690140093692,-3.269082430209364,0.0954588293787092,3.270475855836566,2.481672048174083
3540,29.353780900000856,245.84225663369602,323.6092394521253,46.7757226827522,61.572230297019765,51.821271405586025,0.19026721981505337,-0.964713922735001,1.2028140670129872,51.78781655948426,-3.9789025488024765,0.07047941143664466,3.9795267105905068,4.947227943571926
3541,29.365553999999975,245.72922184275018,323.61391874975004,46.75421586733656,61.573120613969515,51.77719373424221,0.19026721981505337,-0.9862207381506423,1.2019237500632372,51.78592967727115,-3.252048276527458,-0.04246357126101123,3.252325498431768,4.137079277279165
3542,29.369310199999745,245.62729752611722,323.6109687011094,46.73482301097926,61.572559316416346,51.76837819997345,0.19026721981505337,-1.0056135945079419,1.2024850476164062,51.85198113383634,-2.899678486454757,-0.008838066283606602,2.899691955402192,4.9544579610251995
3544,29.384414899999683,245.48650700633203,323.6154999206504,46.70803519020342,61.57342145896077,51.827541768623945,0.19026721981505337,-1.0324014152837862,1.2016229050719787,51.91035011655563,-1.8406849943100683,0.15983954305819137,1.847611952711745,12.530335824306778
3545,29.397076400000515,245.45566834704198,323.6134010421743,46.702167604237474,61.5730221111884,52.06552056075604,0.19026721981505337,-1.0382690012497306,1.2020222528443512,51.97943846388073,-1.4103674673487683,0.1938311120046551,1.4236245617917458,13.35202592704784
3546,29.401152899999943,245.45616409603784,323.59731235771153,46.70226192902064,61.56996096192519,52.11311631918246,0.19026721981505337,-1.0381746764665607,1.2050834021075616,52.12581106498638,0.22673597608397789,0.3128730404074118,0.38639195419228406,-557.7293071820474
3547,29.413050799999837,245.47647541121648,323.59141335554114,46.70612650649047,61.568838575182546,52.12263547086774,0.19026721981505337,-1.034310098996734,1.2062057888502054,52.17278611436447,0.7459380795959161,0.3421557318028993,0.8206669016091857,-676.6751771899744
3548,29.416720200000782,245.53476826686662,323.5770525576353,46.7172177260701,61.56610618609067,52.50024120550167,0.19026721981505337,-1.0232188794171009,1.2089381779420805,41.75968200221326,0.838621979063739,0.3358476676344158,0.9033717283733532,-677.7664909730264
3549,29.434359799999584,245.61102513556432,323.56877028052213,46.731726908469014,61.56453034025061,52.062417015514406,0.19026721981505337,-1.0087096970181904,1.2105140237821388,31.33705873837677,0.8339942453125708,0.1856624958625562,0.854410301660975,-684.9477788977748
