frame,t_s,x_px_filt,y_px_filt,x_mm_abs,y_mm_abs,angle_deg_raw,angle_deg,mm_per_px,x_mm,y_mm,angle_deg_unwrapped,vx_mm_s,vy_mm_s,speed_mm_s,angular_vel_dps
851,7.0532375,211.6815896,278.3993532,48.59531806,63.91158127,-0.958284152,1.691715848,0.229567995,0.04267807,0.000318116,1.670866992,1.970057448,0.053532984,1.970784648,6.589210309
852,7.0642569,211.7333552,278.3981858,48.60720178,63.91131326,-0.002395318,1.647604682,0.229567995,0.054561781,0.000586124,1.666992574,1.571042693,0.042879333,1.571627749,-7.057111143
853,7.0692527,211.780194,278.394186,48.61795446,63.91039505,-0.01121736,1.63878264,0.229567995,0.065314467,0.001504338,1.388504964,1.763651945,0.617442771,1.868610114,-23.13448361
854,7.0804542,211.8176872,278.3921104,48.62656171,63.90991854,-0.012981959,1.637018041,0.229567995,0.073921714,0.001980848,1.340970665,1.359789799,0.648204227,1.506385415,-23.28168737
856,7.0961613,211.8944091,278.3209661,48.64417461,63.89358609,-0.195955645,1.454044355,0.229567995,0.091534615,0.018313292,1.023036833,0.941313114,0.780933196,1.223080961,-1.809918287
858,7.1175153,211.9454298,278.2610215,48.65588732,63.87982472,-0.244090709,1.405909291,0.229567995,0.103247328,0.032074663,1.273711215,0.372790183,-0.01144886,0.372965946,22.04964348
859,7.1282901,211.9506977,278.2745678,48.65709665,63.88293453,-0.059556629,1.590443371,0.229567995,0.10445666,0.028964855,1.325709097,0.239171482,-0.116359636,0.265974741,24.13148733
860,7.1332053,211.9519002,278.2907947,48.65737272,63.8866597,-0.022649813,1.627350187,0.229567995,0.104732721,0.025239688,1.613821419,-0.380611486,-0.449338889,0.588872262,25.4598934
861,7.1442579,211.9465589,278.3103925,48.65614652,63.89115872,0.064033766,1.714033766,0.229567995,0.103506528,0.020740662,1.679607126,-0.768871417,-0.520092694,0.92825625,15.47979101
862,7.1490369,211.8930843,278.3277888,48.64387046,63.89515238,0.081370481,1.731370481,0.229567995,0.09123047,0.016747006,1.70862471,-1.423382257,-0.585882988,1.539245245,14.69298466
863,7.1602471,211.8279883,278.3429869,48.62892652,63.89864137,0.084837825,1.734837825,0.229567995,0.076286523,0.013258009,1.73028867,-1.68711435,-0.480832349,1.754296034,2.697458892
864,7.1651053,211.7611086,278.3560562,48.61357307,63.90164165,0.085531293,1.735531293,0.229567995,0.060933071,0.01025773,1.734621443,-2.208618499,-0.516432013,2.268192606,0.385772086
865,7.1761219,211.7005234,278.3672199,48.59966466,63.90420449,0.085669987,1.735669987,0.229567995,0.047024661,0.007694895,1.719627555,-1.882349618,-0.366055798,1.9176123,-0.918824107
866,7.1807825,211.6453343,278.3790975,48.58699499,63.90693119,0.08569763,1.73569763,0.229567995,0.034354995,0.004968191,1.693498475,-2.019283113,-0.304086315,2.04205112,-2.059235521
867,7.1923675,211.5980287,278.3833257,48.57613514,63.90790186,0.006401039,1.656401039,0.229567995,0.023495146,0.003997523,1.68827264,-1.510628205,-0.196888602,1.523404968,-2.293963136
868,7.1968523,211.5586106,278.3833528,48.56708601,63.90790808,-0.045807576,1.604192424,0.229567995,0.014446011,0.003991304,1.671367029,-1.489748447,-0.156688756,1.497965888,-1.423742733
869,7.208851,211.5263599,278.3876168,48.5596823,63.90888695,0.059402118,1.709402118,0.229567995,0.007042302,0.003012432,1.667985907,-1.034003878,-0.054328226,1.035430141,0.201940039
870,7.2139292,211.5007421,278.3883165,48.55380125,63.9090476,0.001141936,1.651141936,0.229567995,0.001161254,0.002851784,1.683170107,-0.991344714,-0.069636372,0.993787485,0.515246419
871,7.2243046,211.4808679,278.3916272,48.54923878,63.90980761,0.06879202,1.71879202,0.229567995,-0.003401219,0.00209177,1.709337249,-0.619209139,-0.080336128,0.624398792,1.561570751
872,7.2289964,211.4660689,278.3949039,48.5458414,63.91055984,0.082322037,1.732322037,0.229567995,-0.006798599,0.001339547,1.714570697,-0.531501462,-0.060033967,0.534881184,0.821170299
873,7.2405601,211.4581577,278.3976685,48.54402524,63.91119452,0.085028136,1.735028136,0.229567995,-0.008614753,0.000704867,1.73147783,-0.282981885,-0.059503354,0.289170185,-0.00218181
874,7.2455174,211.4543031,278.3972382,48.54314034,63.91109572,0.085569355,1.735569355,0.229567995,-0.009499652,0.000803663,1.711728973,0.26027637,-0.016679158,0.260810243,-1.259675067
875,7.2562684,211.4582604,278.3985954,48.54404881,63.9114073,0.085677599,1.735677599,0.229567995,-0.008591182,0.00049208,1.699615978,0.672520055,0.01496371,0.672686507,-1.696091933
876,7.2611239,211.5064108,278.395616,48.55510261,63.91072331,-0.029952264,1.620047736,0.229567995,0.002462615,0.001176072,1.681332936,1.350549183,0.03765949,1.35107414,-2.441010413
877,7.2722053,211.5709539,278.395718,48.56991964,63.91074673,0.021757064,1.671757064,0.229567995,0.017279645,0.001152657,1.669513085,1.632125021,0.032036689,1.632439412,-1.549768395
878,7.2768582,211.6364824,278.3945304,48.58496288,63.9104741,-0.006387074,1.643612926,0.229567995,0.032322886,0.001425287,1.658985873,2.110019543,0.031958167,2.110261546,-1.608212505
879,7.2877901,211.6950245,278.3949201,48.59840229,63.91056357,0.026470102,1.676470102,0.229567995,0.045762291,0.001335812,1.66415029,1.829155787,0.009332074,1.829179592,-0.878412371
880,7.2924869,211.7456403,278.3955211,48.61002204,63.91070154,0.033041537,1.683041537,0.229567995,0.05738205,0.001197847,1.657485972,1.896411111,0.0040679,1.896415474,-0.347267197
881,7.3039348,211.7891361,278.3941378,48.62000728,63.91038398,-0.00413018,1.64586982,0.229567995,0.067367286,0.0015154,1.656153109,1.373374463,0.008507659,1.373400814,-0.005908136
882,7.3089041,211.8253587,278.3947533,48.62832283,63.91052528,-0.011564523,1.638435477,0.229567995,0.075682837,0.001374104,1.664049759,1.189846074,0.005327936,1.189858002,-0.115410731
883,7.3199132,211.8549908,278.3908789,48.63512542,63.90963583,-0.013051392,1.636948608,0.229567995,0.082485425,0.002263553,1.657931889,0.869556738,0.021944249,0.869833588,0.828892348
884,7.3362067,211.8771159,278.3925882,48.64020464,63.91002823,0.065953355,1.715953355,0.229567995,0.087564648,0.001871151,1.656708315,0.75131496,0.023219357,0.751673671,1.047098885
885,7.340935,211.8950869,278.391482,48.64433021,63.90977429,0.002452184,1.652452184,0.229567995,0.091690217,0.002125095,1.672324043,0.472966396,0.007726877,0.473029509,0.471978211
886,7.3520373,211.9086777,278.3898322,48.64745023,63.90939554,-0.010248051,1.639751949,0.229567995,0.094810231,0.002503845,1.683144389,0.320805099,-0.010381719,0.320973039,0.562403659
887,7.3567004,211.9143986,278.3919832,48.64876355,63.90988934,0.066514118,1.716514118,0.229567995,0.096123556,0.00201004,1.677145235,-0.207963552,0.004549424,0.208013308,1.208770344
888,7.3682833,211.9071885,278.3924752,48.64710835,63.91000229,0.04105034,1.69105034,0.229567995,0.094468353,0.001897098,1.675945443,-0.630871859,0.007763051,0.63091962,0.605905638
889,7.3732316,211.8569203,278.3913851,48.63556837,63.90975204,0.035957585,1.685957585,0.229567995,0.082928372,0.002147345,1.691565927,-1.280357601,-0.001102825,1.280358076,0.789658178
890,7.3840684,211.7982907,278.3880913,48.6221089,63.9089959,-0.00354678,1.64645322,0.229567995,0.069468908,0.002903487,1.694690024,-1.550066632,0.016278526,1.550152106,1.216661824
891,7.3887099,211.7383147,278.3882979,48.60834034,63.90904331,0.067854372,1.717854372,0.229567995,0.055700341,0.002856074,1.703478086,-1.985525524,0.007747366,1.985540639,2.001829281
892,7.4004021,211.683976,278.389265,48.59586589,63.90926534,0.082134603,1.732134603,0.229567995,0.043225896,0.002634046,1.713398941,-1.683402262,-0.006374167,1.68341433,1.434309844
893,7.4050707,211.6367914,278.3903308,48.58503383,63.90951,0.084990649,1.734990649,0.229567995,0.032393833,0.00238938,1.731243516,-1.762743832,-0.028823483,1.76297947,1.407292384
894,7.4162536,211.5967741,278.3913068,48.57584714,63.90973406,0.085561858,1.735561858,0.229567995,0.023207149,0.002165328,1.734812432,-1.28598483,-0.029975257,1.286334132,0.878177573
895,7.4209128,211.5635154,278.3921687,48.56821201,63.90993194,0.0856761,1.7356761,0.229567995,0.015572013,0.001967446,1.735526215,-1.28387468,-0.032271888,1.284280215,0.639830677
896,7.4315754,211.5364553,278.3929107,48.56199987,63.91010226,0.085698948,1.735698948,0.229567995,0.009359881,0.001797124,1.727505729,-0.890296383,-0.015657778,0.89043406,-0.13054278
897,7.4362489,211.5149503,278.393531,48.55706301,63.91024467,0.085703518,1.735703518,0.229567995,0.004423017,0.00165471,1.725901632,-0.817910348,-0.013844497,0.81802751,-0.196998805
898,7.4470826,211.4983245,278.3920839,48.55324626,63.90991247,0.04488822,1.69488822,0.229567995,0.000606267,0.001986915,1.725580812,-0.513452628,-0.007699258,0.513510351,-0.227863081
899,7.4519658,211.488549,278.3923172,48.55100212,63.90996603,0.077541372,1.727541372,0.229567995,-0.001637875,0.001933351,1.725516648,-0.400513251,-0.01021191,0.400643417,0.234841173
900,7.4633955,211.482752,278.392902,48.54967132,63.91010027,0.084072003,1.734072003,0.229567995,-0.002968679,0.001799109,1.725503816,-0.180625655,-0.006573856,0.180745243,0.186486777
901,7.4686223,211.4823442,278.3935517,48.54957769,63.91024943,0.085378129,1.735378129,0.229567995,-0.003062305,0.001649952,1.733664491,-0.024394085,-0.019416789,0.031178247,0.135909486
902,7.4797865,211.4844395,278.394149,48.5500587,63.91038655,0.085639354,1.735639354,0.229567995,-0.00258129,0.00151283,1.727133384,0.106662793,-0.011812672,0.107314914,-0.139899704
903,7.4844103,211.4930772,278.3948248,48.55204164,63.91054169,0.085691599,1.735691599,0.229567995,-0.000598353,0.001357698,1.725827163,0.684036654,-0.025773007,0.684522017,-0.278494153
904,7.4959904,211.5029499,278.3934602,48.55430811,63.91022843,0.044885836,1.694885836,0.229567995,0.001668112,0.001670959,1.709705514,0.934984989,-0.012855283,0.935073359,-0.602253314
905,7.5006358,211.5590108,278.3951104,48.56717789,63.91060724,0.077540896,1.727540896,0.229567995,0.014537893,0.001292142,1.706481165,1.482037389,-0.025687061,1.482259979,-0.154869756
906,7.5118548,211.6194547,278.3933485,48.58105387,63.91020278,0.004769883,1.654769883,0.229567995,0.028413877,0.001696606,1.705836276,1.5846575,-0.027189408,1.584890739,-0.212625567
907,7.5167184,211.6783164,278.394968,48.59456664,63.91057456,0.069517609,1.719517609,0.229567995,0.041926648,0.001324826,1.713870521,1.942599589,-0.051292152,1.943276627,0.638217441
908,7.5281951,211.7254072,278.3970208,48.60537718,63.91104582,0.082467155,1.732467155,0.229567995,0.052737182,0.000853565,1.707314128,1.551639616,-0.034361259,1.552020036,0.679852077
909,7.5332786,211.7693721,278.3990904,48.61547012,63.91152093,0.085057064,1.735057064,0.229567995,0.062830121,0.00037845,1.721863254,1.60243947,-0.054521631,1.603366728,0.643748229
910,7.5440898,211.8077834,278.398944,48.62428811,63.91148734,0.044758929,1.694758929,0.229567995,0.07164812,0.000412049,1.716609856,1.147550001,-0.027390169,1.147876834,0.168631731
911,7.5485044,211.8364521,278.4001892,48.63086952,63.91177318,0.077515514,1.727515514,0.229567995,0.07822953,0.000126203,1.715559177,1.001490082,-0.020991658,1.001710055,0.364640468
912,7.5600751,211.8618497,278.3972046,48.6367,63.91108801,0.043250619,1.693250619,0.229567995,0.084060008,0.000811374,1.707185818,0.752708353,0.033441331,0.753450853,-0.140970709
913,7.5759486,211.8764846,278.3978317,48.64005971,63.91123198,0.077213757,1.727213757,0.229567995,0.087419718,0.000667403,1.71367435,0.582689521,0.03050842,0.583487653,0.098922727
914,7.5798342,211.8890354,278.3948071,48.64294097,63.91053761,0.043190268,1.693190268,0.229567995,0.090300978,0.001361771,1.714972037,0.20476759,0.009427743,0.204984508,-0.10702555
915,7.5916383,211.8872636,278.3954013,48.64253422,63.91067403,0.077201591,1.727201591,0.229567995,0.089894226,0.001225354,1.723394798,0.042330033,0.001930042,0.04237401,0.154506618
916,7.5967487,211.8783863,278.3991891,48.64049629,63.91154358,0.084003951,1.734003951,0.229567995,0.087856293,0.000355801,1.716916127,-0.540714671,0.031560351,0.541634943,-0.26268115
917,7.6085083,211.8625943,278.3980761,48.63687095,63.91128808,0.085364423,1.735364423,0.229567995,0.084230954,0.000611308,1.723783635,-0.896782236,0.008271584,0.896820382,-0.352662022
918,7.6125566,211.8149184,278.3956234,48.62592609,63.91072503,0.044820401,1.694820401,0.229567995,0.073286099,0.001174353,1.716993933,-1.241757731,0.027789739,1.24206865,-0.503784806
919,7.6242698,211.7619152,278.3924468,48.61375824,63.90999578,0.077527809,1.727527809,0.229567995,0.061118247,0.001903606,1.715636011,-1.358199332,0.062253107,1.35962527,-0.394496782
920,7.6307251,211.7124438,278.3900276,48.6024012,63.9094404,0.043253078,1.693253078,0.229567995,0.049761205,0.002458981,1.715364446,-1.661189539,0.053754206,1.662059024,-0.572894201
921,7.6414716,211.6665219,278.3899263,48.591859,63.90941716,0.077214344,1.727214344,0.229567995,0.039219002,0.002482228,1.70761297,-1.265469175,0.040333383,1.266111771,-0.080442886
922,7.6465051,211.6265456,278.3903817,48.58268172,63.90952169,0.084006597,1.734006597,0.229567995,0.03004173,0.002377698,1.706062675,-1.320968229,0.0266289,1.321236603,0.00793928
923,7.6565081,211.5949566,278.3872454,48.57542989,63.9088017,0.006063023,1.656063023,0.229567995,0.022789891,0.003097689,1.713915858,-1.063490645,0.005672615,1.063505774,0.022037116
924,7.6613263,211.5673297,278.3873768,48.56908764,63.90883187,0.069776333,1.719776333,0.229567995,0.016447644,0.003067511,1.715486495,-1.036670177,0.019516691,1.036853875,0.485081116
925,7.6723791,211.5446072,278.3882795,48.56387129,63.90903908,0.082518995,1.732518995,0.229567995,0.011231295,0.0028603,1.715800622,-0.719451269,0.031195382,0.720127267,0.424560702
926,7.6772476,211.5266471,278.3867656,48.55974822,63.90869155,0.085067527,1.735067527,0.229567995,0.007108225,0.003207831,1.72356061,-0.621226761,0.02565105,0.621756114,0.213721983
927,7.6880751,211.5154623,278.384991,48.55718054,63.90828415,0.085577234,1.735577234,0.229567995,0.004540548,0.003615232,1.716949366,-0.355443652,0.029149203,0.356636882,0.000591286
928,7.6929885,211.5104574,278.3840438,48.55603157,63.90806671,0.044862963,1.694862963,0.229567995,0.003391579,0.003832679,1.715627117,-0.230283938,-0.006488537,0.230375331,-0.413171759
929,7.7043823,211.511083,278.3834865,48.55617519,63.90793878,0.036720109,1.686720109,0.229567995,0.003535197,0.003960602,1.707199425,0.10890521,-0.026526066,0.112089147,-0.767226502
930,7.7092092,211.5143178,278.3876273,48.55691781,63.90888937,0.07590775,1.72590775,0.229567995,0.004277818,0.003010011,1.697350644,0.755271609,-0.01661214,0.755454278,-0.664141216
931,7.7203784,211.5556272,278.3890287,48.56640112,63.90921109,0.042929067,1.692929067,0.229567995,0.013761124,0.002688293,1.695380888,0.998653983,-0.017550071,0.998808181,-0.611620538
932,7.7245178,211.6096252,278.3874565,48.57879733,63.90885015,0.03633333,1.68633333,0.229567995,0.026157335,0.003049233,1.694986937,1.498600556,-0.000203203,1.49860057,-0.811052105
933,7.7366256,211.6614738,278.3853697,48.59070012,63.90837109,0.035014183,1.685014183,0.229567995,0.038060126,0.003528293,1.694908146,1.633121263,0.038159488,1.633567019,-0.429587126
934,7.7410664,211.7100729,278.3834747,48.60185691,63.90793606,0.034750353,1.684750353,0.229567995,0.049216915,0.003963321,1.687195226,1.819808169,0.049303872,1.820475939,-0.407391708
935,7.7526587,211.7518056,278.3837334,48.61143741,63.90799545,0.075513799,1.725513799,0.229567995,0.058797418,0.003903938,1.685652641,1.356189345,0.036721294,1.356686402,-0.52885626
936,7.7573776,211.7884458,278.38318,48.61984882,63.90786842,0.004364463,1.654364463,0.229567995,0.067208825,0.004030961,1.685344125,1.405427522,0.016887919,1.405528982,-0.912597909
937,7.7684224,211.8209976,278.3820117,48.62732166,63.90760022,0.028620409,1.678620409,0.229567995,0.074681668,0.004299164,1.67758522,1.000258865,-0.002237646,1.000261368,-0.456241052
938,7.7734686,211.8480182,278.3833218,48.63352475,63.90790098,0.033471598,1.683471598,0.229567995,0.080884754,0.003998407,1.667870197,0.887840612,0.001851209,0.887842542,-0.30380885
939,7.7840276,211.8703946,278.3832145,48.63866164,63.90787633,-0.004044168,1.645955832,0.229567995,0.086021649,0.004023052,1.673624355,0.623785813,-0.015881129,0.623987941,-0.522323722
940,7.7988332,211.8874442,278.3822264,48.64257569,63.90764949,0.026938683,1.676938683,0.229567995,0.089935698,0.004249897,1.682938429,0.510843244,-0.025612004,0.511484892,-0.118697654
941,7.8038717,211.8975889,278.3835815,48.64490458,63.90796058,0.033135253,1.683135253,0.229567995,0.092264589,0.003938801,1.677104081,-0.041989557,0.015407049,0.04472695,0.11317807
942,7.8150401,211.9030319,278.3847671,48.64615411,63.90823277,0.075190779,1.725190779,0.229567995,0.09351412,0.003666614,1.691797636,-0.239017525,0.004871496,0.239067164,0.14102778
943,7.8212535,211.8614887,278.3808292,48.63661713,63.90732875,0.004299859,1.654299859,0.229567995,0.083977141,0.004570631,1.687039184,-0.707748844,0.01265715,0.707862013,0.066778623
944,7.8317936,211.8385945,278.3831407,48.63136136,63.90785938,0.069423605,1.719423605,0.229567995,0.078721369,0.004040002,1.694250736,-1.079238906,0.016756759,1.079368985,0.828115963
945,7.8373873,211.78793,278.3818188,48.61973042,63.90755592,0.003146424,1.653146424,0.229567995,0.067090423,0.00434346,1.695693047,-1.602843578,0.000843871,1.6028438,0.770877067
946,7.8467585,211.7309753,278.3835025,48.60665543,63.90794245,0.069193013,1.719193013,0.229567995,0.054015433,0.003956937,1.720514857,-1.47553853,-0.044546876,1.476210817,1.211402843
947,7.8515809,211.6783302,278.3856858,48.59456981,63.90844367,0.082402331,1.732402331,0.229567995,0.041929812,0.003455718,1.725479238,-1.745247689,-0.054320676,1.746092848,0.87668125
948,7.8633107,211.6324274,278.389848,48.58403199,63.90939917,0.12840891,1.77840891,0.229567995,0.031391995,0.002500219,1.742332519,-1.459256996,-0.06046331,1.460509086,0.808318743
949,7.8681546,211.5934515,278.3919414,48.57508438,63.90987974,0.09424551,1.74424551,0.229567995,0.022444386,0.002019642,1.737539933,-1.446073928,-0.039787518,1.446621185,0.270142394
950,7.87957,211.5611627,278.390771,48.5676719,63.90961106,0.08741283,1.73741283,0.229567995,0.015031906,0.002288323,1.736581416,-1.019453114,-0.022497566,1.019701325,0.063574484
951,7.8841183,211.5348257,278.38954,48.56162577,63.90932846,0.045230083,1.695230083,0.229567995,0.008985779,0.002570924,1.736389712,-0.972238544,-0.039567261,0.973043347,-0.583086931
952,7.8954031,211.5164884,278.3903995,48.55741611,63.90952578,0.077609745,1.727609745,0.229567995,0.004776115,0.0023736,1.736351372,-0.627874357,-0.015594636,0.62806799,-0.41202034
953,7.8999513,211.5033668,278.3937043,48.5544038,63.91028446,0.127450393,1.777450393,0.229567995,0.00176381,0.001614925,1.728180461,-0.162464458,0.004936025,0.162539424,-0.05828278
954,7.91214,211.4967104,278.3926079,48.55287571,63.91003276,0.094053807,1.744053807,0.229567995,0.000235711,0.001866626,1.726546279,0.2933894,-0.005810066,0.293446923,-0.183636108
955,7.917094,211.5329148,278.3898848,48.56118708,63.90940761,0.046558278,1.696558278,0.229567995,0.008547082,0.002491771,1.734892386,0.772728858,-0.018148043,0.772941938,-0.238637959
956,7.9275643,211.5762409,278.3895015,48.57113337,63.90931963,0.037059172,1.687059172,0.229567995,0.01849338,0.002579751,1.727888645,1.107108134,0.003424707,1.107113431,0.26934938
957,7.9325956,211.6205922,278.3912368,48.58131501,63.90971799,0.119340278,1.769340278,0.229567995,0.028675015,0.002181394,1.726487897,1.561578584,-0.026647612,1.561805932,0.041666318
958,7.9431994,211.6672254,278.3939594,48.59202049,63.91034302,0.092431689,1.742431689,0.229567995,0.039380499,0.001556365,1.734370989,1.385051656,-0.061575427,1.386419714,-0.467975637
959,7.9480093,211.7122089,278.3966771,48.60234726,63.91096692,0.087050066,1.737050066,0.229567995,0.049707268,0.000932467,1.728250445,1.536211101,-0.022761624,1.536379718,-0.417288763
960,7.959471,211.7519048,278.399096,48.61146017,63.91152223,0.085973742,1.735973742,0.229567995,0.058820172,0.000377158,1.718353393,1.24259386,-0.0005719,1.242593992,-0.368360966
961,7.9642351,211.7873033,278.3948942,48.61958653,63.91055763,0.006456452,1.656456452,0.229567995,0.066946539,0.001341754,1.716374002,1.256024845,-0.004241986,1.256032008,-0.520313562
962,7.9759592,211.8156765,278.3932716,48.62610012,63.91018512,0.069855019,1.719855019,0.229567995,0.073460129,0.001714263,1.715978105,0.887525485,0.003230747,0.887531365,0.159097763
963,7.9808045,211.8384025,278.394903,48.63131727,63.91055964,0.082534732,1.732534732,0.229567995,0.078677278,0.001339749,1.715898925,0.785761144,0.01700114,0.785945046,0.53994071
964,7.9923445,211.8537084,278.3995451,48.63483103,63.91162533,0.085070579,1.735070579,0.229567995,0.082191038,0.000274058,1.740416437,0.447412657,-0.047449188,0.449921672,0.640962509
965,7.9970561,211.8595834,278.3991264,48.63617974,63.9115292,0.085577844,1.735577844,0.229567995,0.083539747,0.000370188,1.745319921,0.319592409,-0.065731275,0.326281946,0.54688154
966,8.0079977,211.8602511,278.4048353,48.63633301,63.91283978,0.129044013,1.779044013,0.229567995,0.08369302,-0.000940396,1.746300598,0.030144422,-0.081980625,0.087347061,-0.187231762
967,8.0238,211.8545014,278.4089405,48.63501307,63.91378219,0.094372436,1.744372436,0.229567995,0.082373077,-0.001882806,1.738333511,-0.21489161,-0.031891211,0.217245146,-0.822916454
968,8.028534,211.8468613,278.4122098,48.63325915,63.91453272,0.08743812,1.73743812,0.229567995,0.080619151,-0.002633339,1.720879688,-0.812001003,0.009232209,0.812053485,-1.868965934
969,8.0400761,211.8005711,278.4042609,48.62263239,63.91270792,0.045235141,1.695235141,0.229567995,0.069992398,-0.000808539,1.708715981,-1.002179105,0.050038,1.003427507,-1.95032538
970,8.0444425,211.7492303,278.399962,48.61084619,63.91172103,-0.001691268,1.648308732,0.229567995,0.0582062,0.000178355,1.690422853,-1.380653328,0.13295078,1.387039842,-1.879791746
971,8.0559777,211.7021544,278.3957287,48.60003907,63.9107492,0.068225475,1.718225475,0.229567995,0.047399076,0.001150184,1.686764247,-1.305323948,0.165167468,1.315732078,-0.868889376
972,8.0608074,211.660585,278.3882617,48.59049607,63.90903501,0.002906798,1.652906798,0.229567995,0.037856074,0.002864372,1.686032525,-1.345060483,0.171167402,1.355907807,-0.872854827
973,8.0722976,211.6608929,278.3881345,48.59056675,63.9090058,0.069145088,1.719145088,0.229567995,0.037926753,0.002893585,1.701746567,-0.759787533,0.1414163,0.772836118,0.084456774
974,8.0769735,211.6380931,278.3843032,48.58533265,63.90812627,0.041576534,1.691576534,0.229567995,0.032692655,0.003773118,1.696726133,-0.726420399,0.161491335,0.744154586,0.207348881
975,8.088184,211.6491816,278.3805301,48.58787822,63.90726009,0.07687894,1.72687894,0.229567995,0.035238229,0.004639292,1.703419209,-0.258326776,0.0886367,0.273110212,0.384345425
976,8.0926867,211.6340781,278.376909,48.58441094,63.90642878,0.043123305,1.693123305,0.229567995,0.031770941,0.005470599,1.704757824,-0.384878859,0.090237386,0.395315725,-0.181691102
977,8.1041812,211.6523321,278.377377,48.58860147,63.90653622,0.036372178,1.686372178,0.229567995,0.035961473,0.005363163,1.713188789,-0.227627668,0.063368428,0.236283543,0.010998834
978,8.1086097,211.6402444,278.3771735,48.58582653,63.90648952,0.075838164,1.725838164,0.229567995,0.033186534,0.005409865,1.706711759,-0.088645118,0.035840548,0.095616431,-0.119870428
979,8.1203612,211.6231921,278.3744219,48.58191185,63.90585783,0.083731361,1.733731361,0.229567995,0.029271856,0.006041559,1.705416353,0.165620512,0.000580511,0.16562153,-0.027693853
980,8.1248819,211.6413479,278.3756108,48.58607986,63.90613076,0.044493789,1.694493789,0.229567995,0.033439866,0.005768622,1.705157272,-0.009155454,0.018778439,0.020891436,-0.450374965
981,8.1362528,211.6661773,278.3751985,48.59177988,63.90603611,0.036646274,1.686646274,0.229567995,0.039139889,0.005863274,1.713778399,0.04969946,0.007546246,0.050269097,-0.035890802
982,8.140919,211.655825,278.373539,48.58940333,63.90565515,0.035076772,1.685076772,0.229567995,0.03676334,0.006244236,1.707339382,0.232481524,-0.002488392,0.232494841,0.039232523
983,8.1521931,211.639504,278.3757792,48.58565656,63.90616942,0.118943798,1.768943798,0.229567995,0.033016566,0.005729967,1.714214802,0.120372094,-0.006729685,0.120560066,0.204723727
984,8.1573746,211.6526128,278.3756983,48.58866592,63.90615086,0.051536276,1.701536276,0.229567995,0.036025923,0.005748523,1.715589886,-0.136940636,-0.022323889,0.138748311,-11.64290514
985,8.1683313,211.6698633,278.379592,48.59262606,63.90704472,0.078870888,1.728870888,0.229567995,0.03998607,0.00485466,1.724028145,-0.134885245,-0.128763182,0.186477845,-16.93194849
986,8.1731996,211.6532103,278.381069,48.58880308,63.90738379,0.043521694,1.693521694,0.229567995,0.036163081,0.004515598,1.439330108,-0.3728339,-1.211322854,1.267402135,-32.31578781
987,8.1849332,211.6277038,278.4040975,48.58294761,63.9126704,0.077268067,1.727268067,0.229567995,0.030307612,-0.000771018,1.112840997,-0.601833961,-1.68299404,1.787364835,-38.42047
988,8.1894282,211.5979011,278.5109746,48.57610587,63.93720597,-1.304546387,0.345453613,0.229567995,0.023465871,-0.025306587,0.769830448,-0.887465901,-2.602975198,2.750104654,-52.12879276
989,8.2006038,211.5704348,278.6256074,48.56980046,63.96352199,-1.580909277,0.069090723,0.229567995,0.017160468,-0.051622608,0.431678835,-0.815721567,-2.974402698,3.08422974,-41.73130068
990,8.2056995,211.5467568,278.729522,48.56436476,63.98737745,-1.636181855,0.013818145,0.229567995,0.011724765,-0.075478062,0.086335767,-0.865837798,-3.578471805,3.681729967,-36.72621198
991,8.2163377,211.5269899,278.8188093,48.55982692,64.00787496,-1.647236371,0.002763629,0.229567995,0.00718693,-0.09597558,0.017267153,-0.613406992,-2.733895483,2.801865923,-21.51315281
992,8.2212717,211.5108788,278.8934078,48.55612832,64.02500038,-1.649447274,0.000552726,0.229567995,0.003488327,-0.113100997,0.003453431,-0.530161583,-2.40811812,2.465786727,-15.46874368
993,8.2325917,211.498062,278.9543319,48.55318598,64.0389866,-1.649889455,0.000110545,0.229567995,0.000545989,-0.127087218,0.000690686,-0.382438931,-1.807963446,1.847969523,-1.918754721
994,8.247948,211.4881629,279.0028881,48.55091349,64.05013356,-1.649977891,2.21E-05,0.229567995,-0.001726506,-0.138234171,0.000138137,-0.318789536,-1.540261717,1.572905885,-0.620656645
995,8.2530825,211.4808245,279.0404788,48.54922881,64.05876318,-1.649995578,4.42E-06,0.229567995,-0.003411188,-0.146863796,2.76E-05,-0.200437948,-1.034406734,1.053647314,-0.060899179
996,8.2640293,211.4756596,279.0685303,48.54804312,64.06520292,-1.649999116,8.84E-07,0.229567995,-0.004596873,-0.153303534,5.53E-06,-0.155851414,-0.84029601,0.854626847,-0.012103224
997,8.2688695,211.4723313,279.0883835,48.54727906,64.06976057,-1.649999823,1.77E-07,0.229567995,-0.005360936,-0.157861183,1.11E-06,-0.131859914,-0.765196059,0.776474111,-0.004914325
998,8.2800702,211.4705265,279.1013119,48.54686473,64.07272851,-1.649999965,3.54E-08,0.229567995,-0.005775263,-0.160829125,2.21E-07,-0.064693888,-0.43948433,0.444220413,-0.00061035
999,8.2847971,211.4699494,279.1085265,48.54673225,64.07438476,-1.649999993,7.07E-09,0.229567995,-0.005907744,-0.162485375,4.42E-08,-0.032595921,-0.311581458,0.31328182,-0.000206832
1000,8.2961615,211.4703316,279.1111084,48.54681998,64.07497747,-1.649999999,1.41E-09,0.229567995,-0.005820013,-0.163078087,8.84E-09,0.005816086,-0.107164637,0.107322348,-2.42E-05
1001,8.3010632,211.4714457,279.1100143,48.54707573,64.07472632,-1.65,2.83E-10,0.229567995,-0.00556426,-0.162826931,1.77E-09,0.032381766,0.002094302,0.03244942,-8.43E-06
1002,8.312227,211.4731089,279.1061016,48.54745756,64.07382808,-1.65,5.66E-11,0.229567995,-0.005182431,-0.161928693,3.54E-10,0.04749994,0.103350569,0.113743503,-9.49E-07
1003,8.3171157,211.4751498,279.1001109,48.54792608,64.07245281,-1.65,1.13E-11,0.229567995,-0.004713912,-0.160553421,7.07E-11,0.067746226,0.189731122,0.201463271,-3.27E-07
1004,8.3280845,211.4774224,279.0926623,48.5484478,64.07074285,-1.65,2.26E-12,0.229567995,-0.004192193,-0.158843461,1.41E-11,0.067174193,0.215532228,0.225757643,-3.84E-08
1005,8.3331398,211.4798216,279.0842999,48.54899858,64.06882311,-1.65,4.53E-13,0.229567995,-0.003641412,-0.156923723,2.83E-12,0.082168821,0.281899512,0.293630806,-1.31E-08
1006,8.3444022,211.482241,279.0754573,48.549554,64.06679313,-1.65,9.06E-14,0.229567995,-0.003085993,-0.154893742,5.66E-13,0.072507447,0.262437716,0.272269874,-1.54E-09
1007,8.3493799,211.4846083,279.0665175,48.55009745,64.06474084,-1.65,1.81E-14,0.229567995,-0.002542549,-0.152841455,1.13E-13,0.083277168,0.311260167,0.322207974,-5.08E-10
1008,8.3603636,211.4868824,279.0577137,48.5506195,64.06271976,-1.65,3.62E-15,0.229567995,-0.00202049,-0.150820372,2.26E-14,0.405935081,0.267029168,0.485888739,-5.156961758
1009,8.3651997,211.4890187,279.0492871,48.55110994,64.06078529,-1.65,7.24E-16,0.229567995,-0.00153005,-0.148885906,4.53E-15,1.293290246,0.299046552,1.327414216,-19.58466734
1010,8.3766645,211.5750287,279.0413669,48.57085509,64.05896706,-1.65,1.45E-16,0.229567995,0.018215096,-0.147067673,-0.295617676,1.401112546,0.060338241,1.402411163,-26.7124696
1011,8.381582,211.6711238,279.0340768,48.59291545,64.05729348,-1.65,2.90E-17,0.229567995,0.040275454,-0.145394095,-0.650358887,1.492499674,-0.369185638,1.537482785,-42.27504911
1012,8.3921438,211.7009497,279.0700197,48.59976253,64.06554484,-3.128088379,-1.478088379,0.229567995,0.047122533,-0.153645452,-1.026770996,1.480687184,-0.614184755,1.603015112,-49.95577009
1013,8.3970369,211.7117021,279.1118729,48.60223093,64.07515299,-3.423706055,-1.773706055,0.229567995,0.049590935,-0.163253601,-1.407517285,1.121583073,-0.991042289,1.496700842,-51.51709277
1014,8.4081964,211.7137608,279.1519764,48.60270353,64.08435946,-3.532060547,-1.882060547,0.229567995,0.05006354,-0.172460079,-1.836082314,0.173972698,-1.20832548,1.220785389,-39.17435482
1015,8.4128581,211.7122727,279.1870191,48.60236193,64.09240414,-3.553731445,-1.903731445,0.229567995,0.049721932,-0.180504752,-1.992675447,-0.117785747,-1.40798607,1.412904192,-34.4059854
1016,8.4241246,211.6999073,279.2236346,48.59952322,64.1008099,-3.792825146,-2.142825146,0.229567995,0.046883227,-0.188910518,-2.110126886,-0.284168216,-1.167755626,1.201833922,-20.6331936
1017,8.4289904,211.6827283,279.261353,48.59557947,64.10946883,-3.911054043,-2.261054043,0.229567995,0.042939471,-0.197569444,-2.167529528,-0.389338091,-1.571220555,1.618739689,-16.60009881
1018,8.4406505,211.6660968,279.3000795,48.59176141,64.11835918,-4.01096325,-2.36096325,0.229567995,0.039121413,-0.2064598,-2.271875046,-0.423658525,-1.386742061,1.450013824,-9.931794464
1019,8.4453035,211.656297,279.3576889,48.58951169,64.13158448,-3.819073754,-2.169073754,0.229567995,0.036871691,-0.219685091,-2.35673707,-0.519432422,-1.571819038,1.655422946,-7.221936555
1020,8.4568696,211.6439594,279.3981609,48.58667936,64.14087555,-4.075459038,-2.425459038,0.229567995,0.034039362,-0.228976169,-2.359627443,-0.352988511,-1.406754635,1.450365296,-5.553349436
1021,8.4615663,211.6290074,279.4323573,48.58324687,64.14872595,-4.217135265,-2.567135265,0.229567995,0.030606876,-0.236826561,-2.344952832,-0.280584503,-1.391267627,1.419279138,-4.338307476
1022,8.472984,211.6300874,279.4798163,48.5834948,64.15962101,-3.92550591,-2.27550591,0.229567995,0.030854804,-0.24772163,-2.384392178,-0.081785017,-1.249284995,1.25195918,0.375781509
1023,8.4889106,211.632486,279.5273409,48.58404544,64.17053113,-3.937590196,-2.287590196,0.229567995,0.031405445,-0.258631744,-2.430160906,-0.086902293,-1.159491254,1.162743298,-1.006023449
1024,8.4936936,211.6431221,279.571769,48.58648715,64.18073041,-4.016270481,-2.366270481,0.229567995,0.033847157,-0.268831021,-2.404656449,0.097863147,-1.117715601,1.121991694,-5.206847978
1025,8.5046859,211.6301714,279.5887354,48.58351408,64.18462535,-4.30430268,-2.65430268,0.229567995,0.030874088,-0.272725965,-2.483349503,0.107651169,-1.037850758,1.043418885,-5.766416601
1026,8.5094651,211.6341893,279.619184,48.58443646,64.19161537,-4.089612977,-2.439612977,0.229567995,0.031796464,-0.279715983,-2.568800027,0.257250612,-1.16284647,1.190961708,-5.832679034
1027,8.5209092,211.6377114,279.6468462,48.58524504,64.19796572,-4.318971179,-2.668971179,0.229567995,0.032605042,-0.286066337,-2.640349361,0.251432831,-0.830352454,0.867584962,-8.256548787
1028,8.525374,211.6529314,279.672324,48.58873906,64.20381462,-4.36484282,-2.71484282,0.229567995,0.036099064,-0.291915239,-2.654659228,0.382813853,-0.952197423,1.026268181,-8.423255276
1029,8.537028,211.6773701,279.6961801,48.5943494,64.20929121,-4.374017148,-2.724017148,0.229567995,0.041709406,-0.297391822,-2.733755332,0.362907626,-0.724711741,0.810499262,-5.777880203
1030,8.5417317,211.685288,279.7159228,48.59616708,64.2138235,-4.375852014,-2.725852014,0.229567995,0.043527089,-0.301924113,-2.771349455,0.464249562,-0.768165777,0.897555746,-6.957673286
1031,8.553199,211.6899568,279.7321652,48.5972389,64.21755224,-4.485093498,-2.835093498,0.229567995,0.044598901,-0.305652857,-2.824704461,0.400096134,-0.542898264,0.67440006,-7.338649563
1032,8.5578494,211.7016526,279.7478072,48.59992387,64.22114315,-4.506941795,-2.856941795,0.229567995,0.047283875,-0.309243766,-2.881211644,0.352151434,-0.550723463,0.653687207,-12.28657533
1033,8.5690311,211.7241459,279.7567531,48.60508762,64.22319684,-4.631617851,-2.981617851,0.229567995,0.052447626,-0.311297461,-2.938349262,0.332871675,-0.476504018,0.581256941,-13.22468297
1034,8.5736007,211.7289567,279.766886,48.60619203,64.22552303,-4.656553062,-3.006553062,0.229567995,0.053552033,-0.31362365,-3.082413505,0.474884339,-0.494489314,0.685590852,-18.2511243
1035,8.5848789,211.7432057,279.7959924,48.60946313,64.23220493,-4.661540105,-3.011540105,0.229567995,0.056823139,-0.320305549,-3.225454869,0.423478343,-0.367740902,0.560862977,-17.99915158
1036,8.5901438,211.7616338,279.8055121,48.61369364,64.23439034,-5.20541471,-3.55541471,0.229567995,0.061053645,-0.322490955,-3.382269929,0.49457505,-0.342445078,0.601558902,-23.8227543
1037,8.6013024,211.7772043,279.8122408,48.61726812,64.23593503,-5.222148616,-3.572148616,0.229567995,0.064628127,-0.324035641,-3.503800177,0.492765971,-0.246331817,0.550906222,-18.89148396
1038,8.6057582,211.7930674,279.8133507,48.62090979,64.23618984,-5.415693151,-3.765693151,0.229567995,0.068269795,-0.324290453,-3.656313014,0.53889656,-0.203686938,0.576105781,-18.43868249
1039,8.6161086,211.8035563,279.8146353,48.62331771,64.23648473,-5.264204304,-3.614204304,0.229567995,0.070677715,-0.324585349,-3.727423491,0.426653856,-0.160820346,0.455956902,-12.67117136
1040,8.6211246,211.8149333,279.8229215,48.62592949,64.23838699,-5.424104289,-3.774104289,0.229567995,0.0732895,-0.326487603,-3.779685138,0.434478272,-0.237723148,0.495261208,-12.02795624
1041,8.6321567,211.826578,279.8325691,48.62860276,64.24060175,-5.560967098,-3.910967098,0.229567995,0.075962762,-0.32870237,-3.790137467,0.29678383,-0.292073195,0.416398119,-5.706287729
1042,8.6373853,211.8347649,279.8444795,48.63048221,64.24333602,-5.483456847,-3.833456847,0.229567995,0.077842215,-0.331436636,-3.830267484,0.292065873,-0.459590997,0.544542339,-3.754035047
1043,8.6484567,211.8409773,279.8603432,48.63190837,64.24697781,-5.467954797,-3.817954797,0.229567995,0.079268378,-0.335078427,-3.859270049,0.209739406,-0.446567628,0.493369299,-1.611828614
1044,8.6537062,211.8457576,279.8801478,48.63300578,64.2515243,-5.464854387,-3.814854387,0.229567995,0.080365788,-0.339624915,-3.844094,0.180980022,-0.577021301,0.604737422,-1.40447507
1045,8.6640992,211.8506949,279.8943686,48.63413923,64.25478895,-5.569117118,-3.919117118,0.229567995,0.081499234,-0.342889567,-3.84105879,0.118772597,-0.620768425,0.632028771,0.133181349
1046,8.6708954,211.8536115,279.9196218,48.63480879,64.26058628,-5.485086851,-3.835086851,0.229567995,0.082168794,-0.348686896,-3.840451748,0.100791976,-0.772693689,0.779239731,1.402762716
1047,8.680104,211.8555538,279.9493726,48.63525466,64.26741611,-5.468280798,-3.818280798,0.229567995,0.082614667,-0.355516728,-3.84033034,0.059542903,-0.699592482,0.702121783,0.494607768
1048,8.6857368,211.8565085,279.9760822,48.63547384,64.27354777,-5.464919587,-3.814919587,0.229567995,0.08283385,-0.361648386,-3.819329496,0.036205554,-0.687672552,0.688624993,0.130929152
1049,8.6959054,211.8566328,279.9982549,48.63550237,64.27863791,-5.464247345,-3.814247345,0.229567995,0.082862374,-0.366738526,-3.836105889,0.004547482,-0.665316769,0.66533231,-0.741684738
1050,8.7118466,211.8561031,280.0159288,48.63538077,64.28269527,-5.464112897,-3.814112897,0.229567995,0.082740772,-0.37079589,-3.860437731,-0.014469504,-0.595038018,0.595213919,-1.27691781
1051,8.7178935,211.8545287,280.0354534,48.63501934,64.28717752,-5.56896882,-3.91896882,0.229567995,0.082379345,-0.375278131,-3.886280661,-0.044409474,-0.510159439,0.512088717,-3.182171295
1052,8.7277115,211.8525329,280.0521449,48.63456117,64.29100934,-5.589940004,-3.939940004,0.229567995,0.08192118,-0.379109959,-3.91242581,-0.054060055,-0.449132694,0.452374476,-2.944417336
1053,8.7322313,211.8503517,280.0652213,48.63406044,64.29401126,-5.594134241,-3.944134241,0.229567995,0.081420441,-0.382111875,-3.938631402,-0.072586824,-0.459101184,0.464803984,-2.680353645
1054,8.743599,211.8481012,280.0748991,48.6335438,64.29623297,-5.594973088,-3.944973088,0.229567995,0.080903804,-0.384333585,-3.943872521,-0.067886186,-0.352205019,0.35868776,-2.233413868
1055,8.7486867,211.8458792,280.0816444,48.6330337,64.29778148,-5.595140858,-3.945140858,0.229567995,0.080393701,-0.385882093,-3.944920744,-0.071242866,-0.428907264,0.43478384,-2.962512086
1056,8.7598091,211.8441221,280.091662,48.63263031,64.3000812,-5.595174412,-3.945174412,0.229567995,0.07999032,-0.388181819,-3.967599872,-0.055140071,-0.373844834,0.377889385,-3.145387852
1057,8.7640899,211.8429389,280.1060912,48.6323587,64.30339367,-5.595181123,-3.945181123,0.229567995,0.079718707,-0.39149429,-3.994605179,-0.060732966,-0.508965307,0.512576021,-6.800906982
1058,8.7757052,211.8414072,280.125766,48.63200706,64.30791038,-5.707529877,-4.057529877,0.229567995,0.079367066,-0.396010993,-4.072570938,-0.055563627,-0.521339963,0.524292546,-7.981164987
1059,8.7804098,211.8399027,280.1436165,48.63166168,64.31200829,-5.729999628,-4.079999628,0.229567995,0.079021691,-0.400108901,-4.160728787,-0.088296599,-0.637143493,0.643232556,-10.69918416
1060,8.7909258,211.8364939,280.1603929,48.63087913,64.31585963,-5.984969652,-4.334969652,0.229567995,0.078239139,-0.403960243,-4.224953375,-0.082070077,-0.543003658,0.549170711,-10.05349169
1061,8.7949529,211.8329867,280.1741772,48.63007399,64.31902405,-6.035963657,-4.385963657,0.229567995,0.077433992,-0.407124669,-4.287893507,-0.097466293,-0.619331405,0.626953801,-10.30989339
1062,8.8068722,211.8313088,280.1899142,48.6296888,64.32263677,-5.91630406,-4.26630406,0.229567995,0.077048801,-0.410737386,-4.324605069,-0.084543907,-0.511656424,0.518594223,-7.682028143
1063,8.8112973,211.8292414,280.2047662,48.62921418,64.3260463,-6.022230538,-4.372230538,0.229567995,0.076574187,-0.414146911,-4.359980828,-0.060487417,-0.559216657,0.562478441,-9.660818442
1064,8.8229889,211.8287932,280.2217085,48.62911129,64.32993572,-5.913557436,-4.263557436,0.229567995,0.076471297,-0.418036332,-4.425445873,-0.00241809,-0.489207637,0.489213613,-7.73377266
1065,8.8271822,211.829631,280.2327419,48.62930363,64.33246863,-6.16184845,-4.51184845,0.229567995,0.076663632,-0.420569243,-4.492544009,0.039320179,-0.74215334,0.743194226,-13.07010305
1066,8.8391626,211.8343494,280.2554816,48.63038683,64.33768894,-6.363288879,-4.713288879,0.229567995,0.077746831,-0.425789557,-4.564353528,0.076078864,-0.637062093,0.641588735,-11.9170238
1067,8.8435877,211.8377492,280.2857027,48.6311673,64.34462673,-6.251794739,-4.601794739,0.229567995,0.078527307,-0.432727346,-4.696051858,0.103811914,-0.619721066,0.628355881,-11.04158817
1068,8.8554048,211.841689,280.2983162,48.63207176,64.3475224,-6.381278137,-4.731278137,0.229567995,0.079431769,-0.435623014,-4.722391524,0.101843394,-0.569886878,0.578915478,-10.48675653
1069,8.8597152,211.8441274,280.3029345,48.63263153,64.3485826,-6.572049084,-4.922049084,0.229567995,0.079991539,-0.436683213,-4.727659457,0.05434169,-0.757123214,0.759070867,-14.178227
1070,8.8713302,211.8459501,280.320889,48.63304996,64.35270437,-6.29354678,-4.64354678,0.229567995,0.080409964,-0.440804988,-4.881292389,-0.071184582,-0.452197036,0.457765665,-10.03859898
1071,8.8754057,211.8433387,280.3452445,48.63245048,64.35829563,-6.389628545,-4.739628545,0.229567995,0.079810482,-0.446396246,-4.980943536,-0.097944275,-0.560384001,0.568878994,-15.57447045
1072,8.8874516,211.8196604,280.3475111,48.62701468,64.35881596,-7.0199594,-5.3699594,0.229567995,0.07437469,-0.446916577,-5.090121813,-0.198746426,-0.497202855,0.535453845,-16.7925499
1073,8.8915012,211.8186503,280.3613758,48.6267828,64.36199885,-6.879533872,-5.229533872,0.229567995,0.07414281,-0.450099462,-5.211238474,-0.330088525,-0.529110054,0.623631208,-12.71082414
1074,8.9042393,211.79789,280.3574948,48.6220169,64.36110791,-7.117940466,-5.467940466,0.229567995,0.069376903,-0.449208523,-5.304386367,-0.341395363,-0.305305558,0.45799812,-9.196816095
1075,8.9090668,211.7848378,280.368312,48.61902054,64.36359119,-6.899130085,-5.249130085,0.229567995,0.066380541,-0.451691802,-5.269717605,-0.273470787,-0.326808608,0.426133944,-6.900013527
1076,8.9200609,211.7750859,280.3804233,48.61678182,64.36637156,-6.855368009,-5.205368009,0.229567995,0.06414183,-0.454472177,-5.345370523,-0.513009322,-0.270248993,0.579838842,-0.467210879
1077,8.9358295,211.767418,280.3907754,48.61502152,64.36874806,-6.846615594,-5.196615594,0.229567995,0.062381523,-0.456848677,-5.307202767,-0.457263081,-0.331095509,0.564547395,-0.236148862
1078,8.9392136,211.7489186,280.3981928,48.61077463,64.37045086,-7.257798461,-5.607798461,0.229567995,0.058134638,-0.45855148,-5.299569215,-0.342139661,-0.450940055,0.566044593,-2.450042628
1079,8.9523786,211.7434468,280.4116286,48.6095185,64.37353529,-6.927101684,-5.277101684,0.229567995,0.056878504,-0.461635904,-5.380629175,-0.316122982,-0.440342978,0.542066119,0.2332068
1080,8.9565484,211.7426282,280.4318561,48.60933057,64.37817888,-6.860962329,-5.210962329,0.229567995,0.056690576,-0.466279499,-5.396841167,-0.270771628,-0.719073935,0.768364887,0.701477926
1081,8.9686898,211.7387386,280.4424291,48.60843763,64.38060609,-7.260667808,-5.610667808,0.229567995,0.055797636,-0.468706706,-5.317496896,-0.005285859,-0.729648359,0.729667505,0.302372881
1082,8.9720223,211.7404097,280.4648477,48.60882128,64.38575269,-6.927675554,-5.277675554,0.229567995,0.056181284,-0.473853305,-5.301628041,0.057972354,-0.96077185,0.962519269,1.562045637
1083,8.9842204,211.7442608,280.4943934,48.60970535,64.39253544,-6.861077103,-5.211077103,0.229567995,0.057065355,-0.480636051,-5.29845427,0.083779401,-0.827940803,0.83216883,0.932305949
1084,8.988718,211.7485881,280.5216239,48.61069876,64.39878668,-6.847757413,-5.197757413,0.229567995,0.058058769,-0.486887298,-5.297819516,-0.002480953,-0.933701782,0.933705078,-5.402410084
1085,9.0004366,211.7528743,280.5445676,48.61168273,64.40405384,-6.845093475,-5.195093475,0.229567995,0.059042737,-0.492154457,-5.380279235,-0.070044735,-0.657544943,0.661265164,-8.243129521
1086,9.0043779,211.7442069,280.5570785,48.60969298,64.40692593,-7.257494037,-5.607494037,0.229567995,0.057052985,-0.495026548,-5.479357849,-0.162931927,-0.661648121,0.681414007,-12.27451642
1087,9.0152236,211.7336858,280.5648067,48.60727769,64.40870009,-7.339974149,-5.689974149,0.229567995,0.054637693,-0.496800704,-5.581760242,-0.238997821,-0.435064464,0.496388,-12.69419398
1088,9.0204037,211.7248414,280.5778167,48.6052473,64.41168675,-7.356470172,-5.706470172,0.229567995,0.052607301,-0.49978737,-5.68482739,-0.318173624,-0.442754149,0.545220773,-13.66085162
1089,9.0309355,211.7175263,280.5896065,48.60356797,64.41439331,-7.359769376,-5.709769376,0.229567995,0.050927974,-0.502493926,-5.70544082,-0.236472947,-0.32466596,0.401655873,-8.817946074
1090,9.0353053,211.7115891,280.5988939,48.60220497,64.41652542,-7.360429217,-5.710429217,0.229567995,0.049564978,-0.504626032,-5.757310088,-0.081689289,-0.366476146,0.375470246,-7.013708882
1091,9.046532,211.7068775,280.6056561,48.60112335,64.4180778,-7.360561185,-5.710561185,0.229567995,0.048483359,-0.506178411,-5.767683941,0.100319619,-0.320229638,0.335575695,-4.801307047
1092,9.0514653,211.718723,280.6136638,48.6038427,64.4199161,-7.599320489,-5.949320489,0.229567995,0.051202705,-0.508016718,-5.769758712,0.2249557,-0.440353733,0.494486074,-7.176278811
1093,9.0629144,211.7445611,280.6308863,48.6097743,64.42386985,-7.40833944,-5.75833944,0.229567995,0.057134309,-0.511970468,-5.87090853,0.289035871,-0.3854264,0.481762644,-8.264812246
1094,9.0678288,211.7544882,280.6492453,48.61205325,64.42808449,-7.37014323,-5.72014323,0.229567995,0.059413251,-0.516185103,-5.938885075,0.211260538,-0.67285018,0.7052364,-19.19203687
1095,9.078928,211.7548986,280.6595571,48.61214746,64.43045174,-7.866178304,-6.216178304,0.229567995,0.059507463,-0.51855236,-6.131041175,0.00737944,-0.520166224,0.520218566,-24.14994926
1096,9.0836929,211.7448274,280.6922559,48.60983543,64.43795834,-7.700443913,-6.050443913,0.229567995,0.057195438,-0.526058958,-6.395779768,-0.317372352,-0.257145344,0.408471465,-27.4546828
1097,9.09477,211.7222367,280.6733997,48.60464932,64.43362955,-8.56010099,-6.91010099,0.229567995,0.052009328,-0.521730167,-6.67503486,-0.481163557,-0.055020749,0.484299134,-27.00825552
1098,9.0993048,211.7003956,280.6542432,48.59963531,64.42923183,-8.732032405,-7.082032405,0.229567995,0.046995316,-0.517332447,-6.790030165,-0.565506066,-0.180756021,0.593691713,-21.93136519
1099,9.1109541,211.6823697,280.6464786,48.59549715,64.42744933,-8.766418688,-7.116418688,0.229567995,0.042857151,-0.515549946,-6.925161795,-0.450330643,0.0498286,0.453078997,-10.67623365
1100,9.1158355,211.6735832,280.6643815,48.59348003,64.43155926,-8.441154831,-6.791154831,0.229567995,0.040840038,-0.51965988,-6.885759898,-0.187448882,-0.19868338,0.273152281,-5.566021297
1101,9.1268493,211.6779325,280.6846501,48.59447851,64.43621228,-8.37610206,-6.72610206,0.229567995,0.041838516,-0.524312896,-6.877879519,0.056196775,-0.4435293,0.447075293,-2.918583204
1102,9.1314721,211.6949729,280.7018022,48.59839044,64.44014985,-8.363091506,-6.713091506,0.229567995,0.045750449,-0.52825047,-6.876303443,0.42520856,-0.567832854,0.709391619,-5.824413382
1103,9.1431255,211.7006864,280.714719,48.59970208,64.44311515,-8.692630508,-7.042630508,0.229567995,0.047062086,-0.53121577,-7.017556831,0.468972482,-0.401825689,0.617575156,-9.558424359
1104,9.146749,211.7242019,280.7221139,48.60510048,64.44481278,-8.758538309,-7.108538309,0.229567995,0.052460486,-0.532913395,-7.112235731,0.452329222,-0.392780362,0.599064385,-10.66927819
1105,9.1594292,211.713464,280.7227724,48.60263539,64.44496396,-9.147421773,-7.497421773,0.229567995,0.049995396,-0.533064573,-7.246623172,0.327368059,-0.488635838,0.588162246,-11.39338097
1106,9.1751152,211.7139724,280.7485489,48.60275211,64.45088142,-8.849496562,-7.199496562,0.229567995,0.050112111,-0.538982035,-7.322524097,0.28071315,-0.540533241,0.609078039,-8.556842351
1107,9.1797439,211.7184368,280.7753864,48.60377699,64.45704245,-9.035028707,-7.385028707,0.229567995,0.051136998,-0.545143066,-7.337704282,0.019221032,-0.840957482,0.841177112,-3.080068866
1108,9.1909402,211.7125491,280.8004521,48.60242537,64.46279673,-9.072135136,-7.422135136,0.229567995,0.049785375,-0.550897348,-7.314623376,0.040917446,-0.949404352,0.950285674,-2.781793836
1109,9.1946192,211.7154717,280.8320329,48.60309631,64.47004666,-8.834439234,-7.184439234,0.229567995,0.050456313,-0.558147278,-7.310007195,0.079751437,-1.163384096,1.166114423,-5.726567846
1110,9.2067933,211.7109152,280.8614201,48.60205028,64.47679302,-9.032017241,-7.382017241,0.229567995,0.049410282,-0.564893637,-7.42087473,0.022805604,-0.922069301,0.922351284,-6.576399642
1111,9.2106565,211.7143079,280.8857728,48.60282914,64.48238363,-8.826415655,-7.176415655,0.229567995,0.050189144,-0.570484242,-7.496449116,-0.002356975,-0.976425894,0.976428739,-5.397102602
1112,9.2226446,211.7110019,280.892273,48.60207018,64.48387586,-9.589366383,-7.939366383,0.229567995,0.049430187,-0.571976473,-7.586704374,0.016704648,-0.704139724,0.704337842,-8.166717602
1113,9.2265366,211.7068223,280.9055939,48.60111067,64.48693391,-9.450007066,-7.800007066,0.229567995,0.048470679,-0.575034526,-7.555731988,0.287341829,-1.104769602,1.141525821,-7.975199686
1114,9.2388145,211.7216732,280.9381752,48.60451997,64.49441354,-9.285715524,-7.635715524,0.229567995,0.051879979,-0.582514155,-7.71035172,0.251377254,-0.8912374,0.926010057,-5.148873485
1115,9.2426092,211.7426208,280.9804468,48.60932886,64.50411775,-8.877155312,-7.227155312,0.229567995,0.056688863,-0.592218364,-7.741275666,0.226394475,-0.983014136,1.008747366,-8.122804488
1116,9.2544992,211.7437492,281.0001013,48.60958791,64.5086298,-9.599514314,-7.949514314,0.229567995,0.05694792,-0.596730411,-7.805850348,0.259150396,-0.850468241,0.889075451,-12.58757688
1117,9.2589008,211.7401403,281.0112863,48.60875943,64.51119751,-9.743986115,-8.093986115,0.229567995,0.056119438,-0.599298127,-7.904439113,0.174110328,-0.893380633,0.91018864,-11.74476896
1118,9.2714675,211.7356103,281.0180193,48.60771949,64.5127432,-9.772880475,-8.122880475,0.229567995,0.055079496,-0.600843812,-8.084971074,-0.088101077,-0.439579519,0.448321261,-10.23934398
1119,9.2757765,211.7328413,281.0334813,48.60708382,64.51629276,-9.778659347,-8.128659347,0.229567995,0.054443821,-0.604393379,-8.121077467,0.019338354,-0.47753923,0.477930631,-9.224719967
1120,9.287384,211.730627,281.0480584,48.60657548,64.51963921,-9.779815121,-8.129815121,0.229567995,0.053935485,-0.607739827,-8.128298745,0.05578887,-0.395668739,0.399582469,-4.750221861
1121,9.2914195,211.7404532,281.0580656,48.60883126,64.52193654,-9.780046276,-8.130046276,0.229567995,0.056191269,-0.61003716,-8.129743001,0.204801051,-0.569502932,0.605208278,-1.880121852
1122,9.3025712,211.7401632,281.0665184,48.60876468,64.52387702,-9.780092507,-8.130092507,0.229567995,0.056124687,-0.611977636,-8.130031852,0.279130824,-0.461170433,0.539066031,-1.237865179
1123,9.3063224,211.7509855,281.0827307,48.61124913,64.52759885,-9.780101753,-8.130101753,0.229567995,0.058609134,-0.615699462,-8.130089622,0.41629913,-0.648263758,0.770422524,-4.505193803
1124,9.3187291,211.7630981,281.0979761,48.6140298,64.5310987,-9.780103603,-8.130103603,0.229567995,0.061389802,-0.619199318,-8.194207622,0.30404798,-0.582810156,0.657352913,-4.678774517
1125,9.3232654,211.775785,281.1221579,48.61694232,64.53665008,-9.780103972,-8.130103972,0.229567995,0.064302323,-0.624750693,-8.271137667,0.267097067,-0.645005611,0.698121108,-8.075814566
1126,9.3358173,211.7756609,281.1353902,48.61691381,64.5396878,-10.10063627,-8.450636273,0.229567995,0.06427382,-0.627788416,-8.286523676,0.165209935,-0.50704539,0.53328168,-9.458250486
1127,9.3397667,211.7723797,281.1437337,48.61616057,64.5416032,-10.16474273,-8.514742733,0.229567995,0.063520571,-0.629703814,-8.353707323,0.133474315,-0.778036908,0.789402827,-9.190979245
1128,9.3509601,211.7798335,281.1584768,48.61787172,64.54498773,-9.857031799,-8.207031799,0.229567995,0.065231722,-0.633088343,-8.431250498,0.00269904,-0.639173435,0.639179134,-5.850200851
1129,9.3550076,211.7809874,281.1873395,48.61813662,64.55161369,-10.11602184,-8.466021838,0.229567995,0.065496624,-0.63971431,-8.446759133,-0.012569247,-0.902120791,0.90220835,-9.269791256
1130,9.3671773,211.7803604,281.2154064,48.61799267,64.55805694,-10.16781985,-8.517819846,0.229567995,0.065352673,-0.646157554,-8.44986086,0.020343555,-0.876328623,0.876564725,-6.074776108
1131,9.3707097,211.7791508,281.2393603,48.61771498,64.563556,-10.17817945,-8.528179448,0.229567995,0.065074983,-0.651656618,-8.51458765,-0.014364198,-0.857576118,0.857696408,-4.720330197
1132,9.3832049,211.7777268,281.2587384,48.61738809,64.56800459,-10.18025137,-8.530251368,0.229567995,0.064748096,-0.656105204,-8.527533009,-0.023203595,-0.821662087,0.821989654,-3.981715922
1133,9.3998709,211.7762264,281.2738826,48.61704365,64.57148121,-10.18066575,-8.530665752,0.229567995,0.064403654,-0.659581828,-8.53012208,-0.011156906,-0.850426602,0.850499783,-3.932511734
1134,9.4036073,211.7765723,281.2976043,48.61712305,64.57692695,-10.18074863,-8.530748629,0.229567995,0.064483057,-0.665027562,-8.530639895,0.183918232,-0.901054701,0.919633346,-0.268848361
1135,9.4153067,211.7790392,281.331916,48.61768936,64.58480383,-10.1807652,-8.530765204,0.229567995,0.065049365,-0.672904444,-8.530743457,0.248813923,-0.921501504,0.954501645,-0.061709988
1136,9.4191237,211.7939496,281.3620089,48.62111231,64.59171218,-10.18076852,-8.530768519,0.229567995,0.068472311,-0.679812796,-8.53076417,0.413850771,-1.096254069,1.171770218,-0.030679858
1137,9.4315035,211.8100368,281.3867211,48.62480542,64.59738532,-10.18076918,-8.530769182,0.229567995,0.072165421,-0.685485934,-8.530768313,0.462037105,-0.867707407,0.983053626,-0.002965619
1138,9.4356489,211.8245642,281.4062658,48.62814046,64.60187217,-10.18076931,-8.530769315,0.229567995,0.075500465,-0.689972784,-8.530769141,0.559248566,-0.845810487,1.013979457,-0.001196721
1139,9.4465247,211.8369852,281.4211771,48.63099191,64.60529531,-10.18076934,-8.530769342,0.229567995,0.078351914,-0.693395922,-8.530769307,0.41871859,-0.559177749,0.698573555,-2.474632743
1140,9.4509504,211.8472887,281.432046,48.63335728,64.60779046,-10.18076935,-8.530769347,0.229567995,0.080717283,-0.695891077,-8.53076934,0.482762956,-0.829386386,0.959657152,-7.632598063
1141,9.4629971,211.857475,281.4518149,48.63569571,64.61232877,-10.18076935,-8.530769348,0.229567995,0.083055711,-0.70042939,-8.679818419,0.319721022,-0.658027345,0.731588354,-8.492996288
1142,9.4668942,211.8679752,281.4825292,48.63810621,64.6193798,-10.18076935,-8.530769348,0.229567995,0.08546622,-0.707480416,-8.780325256,0.373671288,-0.669775307,0.766961011,-11.73263728
1143,9.4795771,211.8673844,281.4949914,48.6379706,64.62224073,-10.92601471,-9.276014709,0.229567995,0.085330605,-0.710341341,-8.834889514,0.354576006,-0.610337498,0.705858346,-13.33661345
1144,9.4846153,211.8790585,281.5031882,48.64065059,64.62412243,-10.68330353,-9.033303528,0.229567995,0.088010596,-0.712223048,-8.916499387,0.452029076,-0.877523235,0.987105523,-11.7257614
1145,9.4954657,211.8998069,281.5157888,48.64541376,64.62701513,-10.45359064,-8.803590637,0.229567995,0.092773767,-0.715115751,-9.003518383,0.379575934,-0.634574339,0.739433892,-8.026632581
1146,9.4994959,211.9117689,281.5458555,48.64815986,64.63391748,-10.58881871,-8.938818713,0.229567995,0.095519861,-0.722018094,-9.020922183,0.335737188,-0.858523707,0.921836436,-13.70614713
1147,9.5107143,211.9242923,281.5749099,48.65103483,64.64058745,-10.61586433,-8.965864329,0.229567995,0.098394839,-0.728688065,-9.102754993,0.202012318,-0.847284601,0.871033967,-13.33640625
1148,9.514719,211.9202821,281.5983784,48.65011421,64.64597505,-11.01303371,-9.363033706,0.229567995,0.097474213,-0.734075669,-9.233707737,0.163690808,-0.910208634,0.924810488,-16.73839039
1149,9.5280886,211.9123215,281.6168569,48.64828671,64.65021713,-11.09246758,-9.442467581,0.229567995,0.09564672,-0.738317741,-9.425555024,-0.001369937,-0.633457147,0.633458628,-17.84526491
1150,9.5327519,211.9173466,281.6286634,48.64944031,64.65292752,-11.10835436,-9.458354356,0.229567995,0.096800319,-0.741028139,-9.542276532,0.010413146,-0.692410437,0.692488734,-20.76129094
1151,9.5439822,211.9103059,281.6447528,48.647824,64.65662115,-11.54805515,-9.898055149,0.229567995,0.095184001,-0.744721761,-9.652925521,0.029427896,-0.49139321,0.492273591,-17.96288401
1152,9.548985,211.9171746,281.6641332,48.64940082,64.66107025,-11.19947187,-9.54947187,0.229567995,0.096760828,-0.749170865,-9.762360007,-0.02796225,-0.546464924,0.547179861,-16.76662456
1153,9.5600531,211.9106749,281.6805368,48.6479087,64.66483599,-11.56627865,-9.916278651,0.229567995,0.095268707,-0.752936611,-9.969419023,-0.124519524,-0.457066985,0.473724963,-15.3219175
1154,9.5650018,211.9015426,281.6933123,48.64581223,64.66776885,-11.63964001,-9.989640008,0.229567995,0.093172236,-0.755869462,-10.01083083,-0.175520357,-0.448761327,0.481865255,-18.93772379
1155,9.5758662,211.8904018,281.6996647,48.64325466,64.66922717,-12.14364944,-10.49364944,0.229567995,0.090614667,-0.757327782,-10.20428531,-0.275337048,-0.276015099,0.389865137,-15.86768079
1156,9.5807552,211.881906,281.7057847,48.6413043,64.67063212,-11.75511416,-10.10511416,0.229567995,0.088664304,-0.758732732,-10.34084363,-0.325880706,-0.198837366,0.381751925,-12.73026107
1157,9.5922214,211.8727211,281.7070629,48.63919573,64.67092556,-12.16674427,-10.51674427,0.229567995,0.086555732,-0.759026171,-10.41565408,-0.210122365,-0.208438026,0.295969287,-13.10580212
1158,9.5971747,211.8643595,281.7060779,48.63727617,64.67069941,-12.24907029,-10.59907029,0.229567995,0.084636175,-0.75880003,-10.43061617,-0.15948981,-0.263306577,0.307843065,-9.77691256
1159,9.6070186,211.8710124,281.7335492,48.63880346,64.67700595,-12.01369223,-10.36369223,0.229567995,0.086163464,-0.765106567,-10.53147602,-0.078427064,-0.455665399,0.462365397,-4.349553381
1160,9.6243809,211.8723551,281.7644496,48.63911172,64.6840997,-12.21845988,-10.56845988,0.229567995,0.086471725,-0.772200315,-10.55164799,0.023172485,-0.536835096,0.537334984,-3.996831842
1161,9.6294559,211.8724963,281.7920646,48.63914412,64.6904392,-12.25941341,-10.60941341,0.229567995,0.086504128,-0.778539821,-10.55568238,0.267870376,-0.696443634,0.746182466,-3.829114999
1162,9.6402052,211.8876721,281.8122663,48.642628,64.69507688,-12.26760412,-10.61760412,0.229567995,0.08998801,-0.7831775,-10.60685791,0.305887057,-0.619117844,0.690560494,-1.819053017
1163,9.6448958,211.9047527,281.8276393,48.64654915,64.69860604,-12.26924226,-10.61924226,0.229567995,0.093909157,-0.786706652,-10.61709302,0.438351149,-0.620685919,0.759870212,-6.394187898
1164,9.6553604,211.9204898,281.8392188,48.65016189,64.70126431,-12.26956989,-10.61956989,0.229567995,0.097521895,-0.789364925,-10.61914004,0.481923158,-0.392944844,0.621816357,-6.610504849
1165,9.6599721,211.9341515,281.8475839,48.65329819,64.70318468,-12.26963541,-10.61963541,0.229567995,0.100658197,-0.791285294,-10.72999378,0.502569447,-0.322052534,0.59690358,-10.53009777
1166,9.6717868,211.9456923,281.8532687,48.65594758,64.70448971,-12.26964852,-10.61964852,0.229567995,0.103307583,-0.792590326,-10.75216453,0.377343929,-0.238284554,0.446282388,-10.49532644
1167,9.6765029,211.9544712,281.8548501,48.65796293,64.70485275,-12.82187282,-11.17187282,0.229567995,0.105322936,-0.792953365,-10.86704301,0.397422529,-0.351197147,0.530362237,-15.43756139
1168,9.6879439,211.9649285,281.8714731,48.6603636,64.70866887,-12.380096,-10.730096,0.229567995,0.10772361,-0.79676949,-10.89001871,0.291776039,-0.327012676,0.438258539,-11.02947621
1169,9.6925627,211.9738943,281.8879427,48.66242187,64.71244977,-12.84396232,-11.19396232,0.229567995,0.109781873,-0.800550386,-11.00505819,0.334821942,-0.574087322,0.664591594,-15.5984456
1170,9.7040835,211.9815145,281.9027718,48.66417122,64.71585405,-12.3845139,-10.7345139,0.229567995,0.111531222,-0.803954666,-11.02806608,0.281148646,-0.66609556,0.722999209,-11.134605
1171,9.7087372,211.9904233,281.9300539,48.6662164,64.72211715,-12.84484589,-11.19484589,0.229567995,0.113576404,-0.810217762,-11.143112,0.298737447,-0.813624953,0.866735038,-15.50369785
1172,9.7200185,211.9982353,281.9564438,48.66800977,64.72817543,-12.93691229,-11.28691229,0.229567995,0.115369771,-0.816276044,-11.16612118,0.229375079,-0.725590544,0.760982631,-12.60949949
1173,9.7248415,212.0044912,281.9789486,48.66944593,64.7333418,-12.95532557,-11.30532557,0.229567995,0.116805939,-0.821442418,-11.28116735,0.266539457,-0.974108447,1.009916109,-13.22749385
1174,9.7359193,212.0092596,281.9972091,48.67054059,64.73753382,-12.95900823,-11.30900823,0.229567995,0.117900597,-0.825634437,-11.39677302,0.156547473,-0.851318409,0.865592367,-9.976351686
1175,9.7404644,212.0159448,282.0276607,48.67207531,64.74452455,-12.95974476,-11.30974476,0.229567995,0.119435316,-0.832625162,-11.41989415,0.156510796,-0.986961113,0.999293684,-14.25044733
1176,9.7519485,212.0104178,282.064273,48.67080648,64.75292955,-13.42287425,-11.77287425,0.229567995,0.118166488,-0.841030161,-11.51711482,0.13715475,-0.864717515,0.875527159,-11.48777553
1177,9.7567345,212.0137281,282.089608,48.67156643,64.75874565,-13.05251796,-11.40251796,0.229567995,0.118926432,-0.846846268,-11.62915539,0.214533733,-0.967480105,0.990980563,-10.35826917
1178,9.7681888,212.0237567,282.1125585,48.67386868,64.76401437,-13.44142889,-11.79142889,0.229567995,0.121228685,-0.852114985,-11.74415993,0.180120233,-0.702252028,0.724983592,-11.11917754
1179,9.7729924,212.03392,282.131228,48.67620184,64.76830028,-13.51921107,-11.86921107,0.229567995,0.123561843,-0.856400897,-11.76716084,0.270954003,-0.652743213,0.706745904,-6.320110909
1180,9.7839237,212.0418052,282.1413199,48.67801203,64.77061705,-13.53476751,-11.88476751,0.229567995,0.125372034,-0.858717666,-11.86435746,0.26219252,-0.440006017,0.51220134,-1.381997245
1181,9.7886345,212.0488577,282.1512586,48.67963105,64.77289867,-13.53787879,-11.88787879,0.229567995,0.126991057,-0.860999283,-11.79120035,0.407134661,-0.487012774,0.634775609,-3.750748726
1182,9.8000608,212.0545804,282.1588016,48.68094482,64.77463029,-13.53850105,-11.88850105,0.229567995,0.128304823,-0.862730908,-11.77656893,0.323502167,-0.378232926,0.497708547,-4.92893737
1183,9.8046074,212.0729141,282.1725663,48.68515363,64.77779023,-13.07564333,-11.42564333,0.229567995,0.132513635,-0.865890845,-11.87606696,0.289764587,-0.506513852,0.583540742,-8.70642783
1184,9.8160618,212.0762844,282.1899464,48.68592735,64.78178014,-13.44605396,-11.79605396,0.229567995,0.133287355,-0.869880755,-11.99839088,0.142346958,-0.483599703,0.504114401,-15.76165916
1185,9.8206296,212.0762229,282.2069257,48.68591323,64.78567804,-14.03225767,-12.38225767,0.229567995,0.133273236,-0.873778659,-12.12527998,0.058536946,-0.495639394,0.499084144,-17.7897432
1186,9.831791,212.0570959,282.2249034,48.68152228,64.78980516,-14.14949841,-12.49949841,0.229567995,0.128882287,-0.877905771,-12.34567856,-0.329892142,-0.474618463,0.578006498,-14.67429465
1187,9.8483266,212.0351938,282.2401553,48.67649426,64.7933065,-14.17294656,-12.52294656,0.229567995,0.123854263,-0.881407115,-12.49218259,-0.420059376,-0.442228323,0.609930954,-12.64576722
1188,9.8529725,212.0146235,282.2520936,48.67177198,64.79604714,-14.17763619,-12.52763619,0.229567995,0.119131984,-0.88414776,-12.52148339,-0.482422899,-0.31026376,0.573581253,-7.136917431
1189,9.863894,211.9963889,282.2609604,48.66758589,64.79808269,-14.17857411,-12.52857411,0.229567995,0.1149459,-0.886183301,-12.52734355,-0.41752557,-0.243279156,0.483231155,-5.233750222
1190,9.8688858,211.9895414,282.2651684,48.66601393,64.7990487,-14.1787617,-12.5287617,0.229567995,0.11337394,-0.887149319,-12.52851559,-0.37367513,-0.201028991,0.424317991,-8.711083636
1191,9.8800393,211.986193,282.2668612,48.66524526,64.79943733,-14.17879921,-12.52879921,0.229567995,0.112605261,-0.887537946,-12.64262328,-0.260173817,-0.126341535,0.28922759,-8.665128719
1192,9.8852474,211.9842687,282.2668725,48.6648035,64.79943991,-14.17880672,-12.52880672,0.229567995,0.112163507,-0.887540524,-12.77931811,-0.463944531,-0.219623857,0.513302218,-14.80124526
1193,9.8969986,211.9612886,282.2779532,48.65952799,64.80198368,-14.74817467,-13.09817467,0.229567995,0.106887999,-0.890084295,-12.85073057,-0.423858344,-0.258500476,0.496465902,-16.0178534
1194,9.9011039,211.9362145,282.2896268,48.65377178,64.80466358,-14.86204826,-13.21204826,0.229567995,0.101131786,-0.892764198,-12.97888635,-0.574784079,-0.336492811,0.666036147,-11.62953139
1195,9.9121369,211.9307127,282.3082694,48.65250875,64.80894333,-14.53582396,-12.88582396,0.229567995,0.099868755,-0.897043942,-13.04859099,-0.559098049,-0.393475096,0.683676298,-6.177401294
1196,9.9169067,211.9136016,282.3170957,48.6485806,64.81096956,-14.81957812,-13.16957812,0.229567995,0.095940601,-0.899070178,-12.99273211,-0.422495521,-0.504587623,0.658111794,-7.760025153
1197,9.9279235,211.913295,282.3307922,48.64851019,64.81411383,-14.52732993,-12.87732993,0.229567995,0.0958702,-0.902214443,-12.98156034,-0.167381618,-0.477194979,0.505699174,-1.755318368
1198,9.932753,211.9182194,282.3470337,48.64964068,64.81784235,-14.46888029,-12.81888029,0.229567995,0.097000685,-0.90594297,-13.04912579,-0.216683445,-0.627417504,0.663780416,1.211839595
1199,9.9440741,211.9119775,282.3724716,48.64820774,64.82368209,-14.80618939,-13.15618939,0.229567995,0.095567746,-0.911782706,-13.06263888,-0.079770739,-0.6269297,0.631984351,-2.237732588
1200,9.948931,211.9043402,282.3965694,48.64645446,64.82921418,-14.87365121,-13.22365121,0.229567995,0.09381447,-0.917314796,-13.02126801,0.099936299,-0.724887238,0.731743652,-2.946721515
1201,9.9600429,211.8976129,282.4170135,48.6449101,64.83390747,-14.88714357,-13.23714357,0.229567995,0.092270101,-0.922008087,-13.08279364,0.062177315,-0.682464033,0.685290577,-0.632601214
1202,9.9649049,211.9165076,282.4334312,48.6492477,64.83767646,-14.32047559,-12.67047559,0.229567995,0.096607709,-0.92577708,-13.09509877,0.073402442,-0.820589884,0.823866298,-1.615018155
1203,9.975972,211.9186906,282.4604238,48.64974887,64.84387311,-14.77650845,-13.12650845,0.229567995,0.097108873,-0.931973723,-13.1218762,0.116330077,-0.689959957,0.699698099,-6.00561179
1204,9.9808317,211.9171994,282.4859632,48.64940652,64.84973613,-14.86771502,-13.21771502,0.229567995,0.096766523,-0.937836742,-13.15154809,0.074309533,-0.786047752,0.789552389,-11.52249145
1205,9.9915592,211.9103606,282.5086673,48.64783656,64.85494826,-15.00753837,-13.35753837,0.229567995,0.09519657,-0.94304888,-13.29567217,-0.127603029,-0.710532438,0.721899494,-12.06910274
1206,9.9962734,211.9031921,282.5272065,48.6461909,64.85920427,-15.03550303,-13.38550303,0.229567995,0.093550908,-0.947304884,-13.45181266,-0.195730003,-0.715490844,0.741779874,-16.52002628
1207,10.0068253,211.8977951,282.5454827,48.64495192,64.86339989,-15.04109597,-13.39109597,0.229567995,0.092311925,-0.951500504,-13.50735716,-0.194617708,-0.515870392,0.551360421,-17.33673482
1208,10.0114499,211.8918453,282.5572615,48.64358604,64.86610393,-15.55721089,-13.90721089,0.229567995,0.090946047,-0.954204543,-13.62146533,-0.481541568,-0.555793543,0.7353834,-16.10422553
1209,10.0237983,211.8883552,282.5684688,48.64278481,64.86867677,-15.14543754,-13.49543754,0.229567995,0.090144817,-0.956777389,-13.74728623,-0.511213222,-0.405980673,0.652808751,-7.416883808
1210,10.0272585,211.8645258,282.5788009,48.63731435,64.87104868,-15.57807921,-13.92807921,0.229567995,0.084674352,-0.959149297,-13.77245041,-0.478641271,-0.626708083,0.788581313,-9.64319942
1211,10.0391129,211.8388388,282.5867397,48.63141744,64.87287119,-15.66460754,-14.01460754,0.229567995,0.078777448,-0.960971802,-13.65016757,-0.352286803,-0.731622938,0.812021006,-4.973439168
1212,10.0439034,211.8397871,282.6180671,48.63163513,64.88006295,-15.16691687,-13.51691687,0.229567995,0.078995137,-0.968163562,-13.72871027,-0.379362307,-1.104551555,1.167882656,-3.061775391
1213,10.0557556,211.8571559,282.6753374,48.63562247,64.89321038,-14.9457967,-13.2957967,0.229567995,0.082982474,-0.981310994,-13.74441881,-0.098841577,-1.121360203,1.125707938,-3.524572609
1214,10.0607351,211.8528121,282.7203022,48.63462526,64.90353287,-15.53815104,-13.88815104,0.229567995,0.081985265,-0.991633486,-13.74756052,-0.024028348,-1.178359075,1.178604035,-7.539247324
1215,10.0715449,211.8444133,282.7565374,48.63269718,64.91185129,-15.65662191,-14.00662191,0.229567995,0.080057184,-0.999951907,-13.85118813,-0.112905875,-1.138937807,1.144520452,-5.743709465
1216,10.0867162,211.8362597,282.7855317,48.63082537,64.91850747,-15.68031608,-14.03031608,0.229567995,0.078185376,-1.00660809,-13.99922933,-0.200545396,-0.97946489,0.999784941,-5.572167585
1217,10.0907077,211.8293233,282.808207,48.62923298,64.92371298,-15.68505492,-14.03505492,0.229567995,0.076592984,-1.011813598,-14.02883756,0.009465513,-0.647654755,0.647723921,-10.94068286
1218,10.10337,211.8237096,282.8254114,48.62794426,64.92766257,-15.68600268,-14.03600268,0.229567995,0.075304266,-1.01576319,-14.03475921,0.041912664,-0.52309242,0.524768855,-9.395783907
1219,10.1075324,211.8391176,282.8329169,48.63148143,64.92938559,-15.68619224,-14.03619224,0.229567995,0.078841439,-1.017486203,-14.14911493,-0.15164188,-0.564403369,0.584419732,-12.63877163
1220,10.1198158,211.8382546,282.8407671,48.63128332,64.93118774,-15.68623015,-14.03623015,0.229567995,0.078643327,-1.019288353,-14.17198607,-0.097937218,-0.319565497,0.334236152,-13.57183122
1221,10.1243492,211.816707,282.8535099,48.6263367,64.93411309,-16.25209466,-14.60209466,0.229567995,0.073696704,-1.02221371,-14.28973169,-0.302902639,-0.398667107,0.500685002,-20.98486953
1222,10.1356642,211.8102788,282.857451,48.62486097,64.93501783,-15.79941063,-14.14941063,0.229567995,0.072220973,-1.023118445,-14.4264522,-0.465827038,-0.336330939,0.574554897,-15.95565203
1223,10.139408,211.7919061,282.8689877,48.62064319,64.93766629,-16.27473076,-14.62473076,0.229567995,0.068003196,-1.025766904,-14.56696769,-0.433219492,-0.3471086,0.555124768,-21.72222408
1224,10.1514828,211.7937559,282.8743667,48.62106786,64.93890113,-16.36979478,-14.71979478,0.229567995,0.068427864,-1.027001748,-14.59507078,-0.188383379,-0.219718773,0.28942121,-17.42980308
1225,10.1553529,211.7962326,282.8777485,48.62163641,64.93967748,-16.38880759,-14.73880759,0.229567995,0.068996418,-1.0277781,-14.71386279,-0.078482085,-0.189902755,0.205481128,-18.05561091
1226,10.1672833,211.803146,282.8781819,48.62322351,64.93977699,-16.39261015,-14.74261015,0.229567995,0.070583515,-1.027877609,-14.76767856,0.159140864,-0.050804364,0.167053579,-12.17118194
1227,10.1714084,211.8106765,282.8769399,48.62495227,64.93949186,-16.39337066,-14.74337066,0.229567995,0.072312278,-1.027592477,-14.83043024,0.358147509,-0.048252118,0.361383322,-19.37641349
1228,10.1830473,211.8137951,282.8775449,48.6256682,64.93963075,-16.54380963,-14.89380963,0.229567995,0.073028206,-1.02773137,-14.92482995,0.373843203,-0.036764055,0.375646558,-14.93213827
1229,10.1863705,211.8287082,282.8788406,48.62909177,64.9399282,-16.68355319,-15.03355319,0.229567995,0.076451777,-1.028028813,-15.05228655,0.373549071,-0.112973549,0.3902588,-17.49586045
1230,10.1990384,211.8411454,282.8867405,48.63194696,64.94174176,-16.8608061,-15.2108061,0.229567995,0.079306966,-1.029842378,-15.15962723,0.239353028,-0.173486033,0.295613389,-15.89320215
1231,10.2032659,211.8435681,282.8939111,48.63250313,64.9433879,-17.02989315,-15.37989315,0.229567995,0.079863132,-1.031488517,-15.23288736,0.302054365,-0.248930705,0.391411977,-15.27997671
1232,10.2154277,211.8302234,282.9062781,48.62943961,64.94622697,-16.93007409,-15.28007409,0.229567995,0.07679962,-1.034327582,-15.32043856,0.019173391,-0.273641796,0.274312689,-8.256254824
1233,10.2188988,211.8358937,282.9121622,48.63074134,64.94757777,-16.91011028,-15.26011028,0.229567995,0.078101346,-1.035678384,-15.3379488,-0.211671985,-0.346016633,0.405626108,-10.13064022
1234,10.2308663,211.8158651,282.9232691,48.6261434,64.95012757,-17.12130916,-15.47130916,0.229567995,0.07350341,-1.038228185,-15.37666325,-0.233780079,-0.288545875,0.371364844,-6.88583363
1235,10.2347711,211.8000661,282.9318595,48.62251647,64.95209964,-16.94835729,-15.29835729,0.229567995,0.069876479,-1.040200251,-15.44634583,-0.117226836,-0.291639119,0.314317525,-5.605905343
1236,10.2473789,211.8012204,282.9374632,48.62278147,64.95338607,-17.2234654,-15.5734654,0.229567995,0.070141476,-1.041486681,-15.46028235,-0.142788467,-0.318290592,0.348851613,-5.306221632
1237,10.2508664,211.8062469,282.9412445,48.62393538,64.95425413,-17.27848703,-15.62848703,0.229567995,0.071295385,-1.042354746,-15.46306965,-0.424550842,-0.500040431,0.655960251,-4.209414769
1238,10.2631602,211.8194855,282.9692207,48.62697453,64.96067659,-16.97979286,-15.32979286,0.229567995,0.074334538,-1.048777202,-15.50666544,-0.30150315,-0.512742751,0.594818693,-0.285694763
1239,10.2676875,211.7841255,282.9913439,48.61885702,64.96575535,-17.13524568,-15.48524568,0.229567995,0.066217027,-1.05385597,-15.49648324,-0.584228241,-0.950687836,1.115853933,-1.746177319
1240,10.2794952,211.7679956,283.0205868,48.61515412,64.9724686,-17.16633625,-15.51633625,0.229567995,0.062514124,-1.060569215,-15.47554543,-0.659427258,-1.112485148,1.293239155,-1.725833275
1241,10.284116,211.7399649,283.0667159,48.60871916,64.98305836,-17.17255436,-15.52255436,0.229567995,0.056079166,-1.071158979,-15.51439619,-0.630962123,-1.128210778,1.292661116,-1.91620503
1242,10.2952559,211.7377752,283.1180507,48.60821647,64.9948432,-17.17379798,-15.52379798,0.229567995,0.055576477,-1.082943812,-15.52216635,-0.180219037,-1.315584646,1.327871177,-6.181894208
1243,10.3105871,211.7637895,283.1581901,48.61418852,65.0040579,-17.17404671,-15.52404671,0.229567995,0.061548529,-1.092158513,-15.59112638,-0.169274156,-1.267257386,1.278512816,-7.950990669
1244,10.3148429,211.7723301,283.1963545,48.61614918,65.01281922,-17.17409645,-15.52409645,0.229567995,0.063509183,-1.100919839,-15.6723244,0.001730274,-1.128711065,1.128712392,-13.27707749
1245,10.3266702,211.7589929,283.2131969,48.61308737,65.01668571,-17.51113643,-15.86113643,0.229567995,0.060447376,-1.104786322,-15.75597001,-0.03152041,-0.982966672,0.983471919,-14.69894202
1246,10.3310996,211.7486204,283.2440493,48.61070619,65.02376844,-17.57854442,-15.92854442,0.229567995,0.058066198,-1.111869058,-15.91116837,-0.124762668,-0.918735299,0.927167877,-18.04913877
1247,10.3437098,211.7370094,283.2621308,48.60804067,65.02791937,-17.59202602,-15.94202602,0.229567995,0.055400672,-1.116019983,-16.00961404,-0.235062206,-0.578578697,0.624505844,-15.80169052
1248,10.3479807,211.7355829,283.2673378,48.60771319,65.02911473,-17.95003851,-16.30003851,0.229567995,0.055073199,-1.117215346,-16.10036641,-0.16926592,-0.50953533,0.536914522,-18.19192562
1249,10.3593569,211.7310835,283.2850733,48.60668028,65.03318623,-17.66632484,-16.01632484,0.229567995,0.054040286,-1.121286842,-16.18958012,-0.030334523,-0.236638183,0.238574544,-11.4782822
1250,10.3640304,211.7325107,283.2847006,48.60700792,65.03310068,-17.96489827,-16.31489827,0.229567995,0.054367922,-1.121201293,-16.27848609,-0.115661661,-0.353676321,0.372108264,-12.99039583
1251,10.3761263,211.7407868,283.2970586,48.60890785,65.03593768,-18.02461295,-16.37461295,0.229567995,0.056267852,-1.124038296,-16.29626729,-0.170041202,-0.371146205,0.408244432,-9.010030618
1252,10.380982,211.7272919,283.3163988,48.60580984,65.04037755,-18.03655589,-16.38655589,0.229567995,0.053169846,-1.128478167,-16.37088676,-0.084829714,-0.37130486,0.380871867,-7.563772729
1253,10.3920599,211.7104713,283.3341198,48.60194838,65.04444574,-18.03894448,-16.38894448,0.229567995,0.049308388,-1.132546359,-16.38581065,-0.141900487,-0.415824886,0.439370099,-3.769604682
1254,10.3969462,211.7176073,283.3417544,48.60358657,65.04619841,-18.0394222,-16.3894222,0.229567995,0.050946576,-1.134299022,-16.38879543,-0.044610246,-0.515962135,0.517887053,-5.536954038
1255,10.4082986,211.706963,283.3518571,48.60114298,65.04851765,-18.03951774,-16.38951774,0.229567995,0.048502986,-1.136618261,-16.38939239,0.157213637,-0.391222968,0.421629623,-3.541358899
1256,10.4131179,211.7204724,283.3672917,48.60424431,65.05206093,-18.03953685,-16.38953685,0.229567995,0.051604319,-1.140161549,-16.43906378,0.394553676,-0.463510029,0.608698735,-8.406593231
1257,10.4241555,211.7383151,283.3812669,48.60834042,65.0552692,-18.03954067,-16.38954067,0.229567995,0.055700429,-1.143369813,-16.49855006,0.394421196,-0.446919643,0.596074867,-8.739550097
1258,10.4290636,211.7562341,283.3968457,48.61245404,65.05884558,-18.28730144,-16.63730144,0.229567995,0.059814041,-1.1469462,-16.62455742,0.531726405,-0.390504146,0.659716953,-8.946217141
1259,10.4401381,211.7723753,283.4101474,48.61615955,65.06189924,-18.3368536,-16.6868536,0.229567995,0.063519557,-1.149999852,-16.6497589,0.480814127,-0.353810768,0.596962549,-8.169606095
1260,10.4447796,211.7819038,283.4085747,48.61834699,65.06153821,-18.66955456,-17.01955456,0.229567995,0.065706991,-1.149638825,-16.65479919,0.605035302,-0.660216703,0.895518739,-10.51103185
1261,10.4549865,211.7991976,283.4331068,48.62231708,65.06716999,-18.16554421,-16.51554421,0.229567995,0.069677088,-1.155270604,-16.72036536,0.469041397,-0.538969577,0.714484455,-5.634001959
1262,10.4595296,211.8188332,283.4691776,48.6268248,65.07545068,-18.06474214,-16.41474214,0.229567995,0.074184802,-1.163551296,-16.79803669,0.208020388,-0.537535685,0.576382767,-10.33830012
1263,10.4715885,211.827141,283.4756089,48.628732,65.07692711,-18.61513227,-16.96513227,0.229567995,0.076092008,-1.165027723,-16.81357096,0.04357418,-0.633383635,0.634880728,-12.39578056
1264,10.4761323,211.807932,283.4809246,48.62432222,65.07814743,-18.72521029,-17.07521029,0.229567995,0.071682223,-1.166248042,-16.93078792,0.03091369,-0.659626124,0.660350119,-12.25712673
1265,10.4882267,211.7894426,283.5020747,48.62007764,65.08300281,-18.7472259,-17.0972259,0.229567995,0.067437648,-1.171103427,-17.06834142,-0.111921161,-0.362170004,0.379069199,-8.937033851
1266,10.4930275,211.7962528,283.5163573,48.62164107,65.08628163,-18.75162902,-17.10162902,0.229567995,0.069001075,-1.17438225,-17.09585212,0.020592691,-0.585866866,0.586228662,-8.725554801
1267,10.5041186,211.8096856,283.5325622,48.6247248,65.09000177,-18.75250964,-17.10250964,0.229567995,0.072084809,-1.178102382,-17.10135426,0.183081759,-0.661055616,0.685939836,-3.570050055
1268,10.5088864,211.8267309,283.5583343,48.62863786,65.09591822,-18.75268577,-17.10268577,0.229567995,0.07599787,-1.184018835,-17.10245469,0.423370235,-0.600437543,0.734688777,-1.295947519
1269,10.5201165,211.8189989,283.5898628,48.62686283,65.10315615,-18.75272099,-17.10272099,0.229567995,0.074222832,-1.191256764,-17.10267478,1.062160536,-0.517136246,1.181361461,-0.150253859
1270,10.5357875,211.8770558,283.5965776,48.64019084,65.10469766,-18.75272804,-17.10272804,0.229567995,0.087550841,-1.192798273,-17.10271879,1.068037962,-0.518253729,1.187136056,-0.051066191
1271,10.5402507,211.9454831,283.6017582,48.65589956,65.10588696,-18.75272945,-17.10272945,0.229567995,0.103259569,-1.193987572,-17.1027276,0.918978847,-0.443921819,1.020582531,-1.731750908
1272,10.5521706,211.9614455,283.6194642,48.65956403,65.10995168,-18.75272973,-17.10272973,0.229567995,0.106924031,-1.198052298,-17.10272936,0.937715544,-0.378093837,1.011071407,-3.135292698
1273,10.5568274,211.9629757,283.6370972,48.65991529,65.11399965,-18.75272978,-17.10272978,0.229567995,0.1072753,-1.202100265,-17.14293723,0.942042484,-0.367448301,1.011168777,-12.84381695
1274,10.5675837,211.9599593,283.6518738,48.65922283,65.11739188,-18.75272979,-17.10272979,0.229567995,0.106582839,-1.205492497,-17.21863261,0.223451748,-0.33794151,0.405135962,-17.27984843
1275,10.5722864,211.9778248,283.6527985,48.66332417,65.11760416,-18.95376739,-17.30376739,0.229567995,0.110684174,-1.205704773,-17.44692721,0.090715653,-0.430958867,0.440403082,-29.28581943
1276,10.5839541,211.9740972,283.6588432,48.66246843,65.11899184,-19.13120636,-17.48120636,0.229567995,0.109828434,-1.207092459,-17.70574164,0.148138645,-0.28491774,0.321127976,-31.62285875
1277,10.5883672,211.9672487,283.6743391,48.66089623,65.1225492,-19.8942027,-18.2442027,0.229567995,0.108256238,-1.210649815,-17.97066005,0.636499716,-0.168031385,0.65830573,-38.83991321
1278,10.5994862,211.9848084,283.6810741,48.66492738,65.12409534,-20.04680197,-18.39680197,0.229567995,0.11228739,-1.212195953,-18.19659173,0.639414349,-0.1280744,0.652114838,-29.76034246
1279,10.6039082,212.030603,283.6758914,48.67544037,65.12290555,-20.07732182,-18.42732182,0.229567995,0.122800377,-1.21100617,-18.38727977,0.56435698,-0.18439687,0.593717952,-25.65256149
1280,10.6160247,212.0774025,283.6677293,48.68618403,65.12103179,-20.08342579,-18.43342579,0.229567995,0.133544036,-1.209132405,-18.42541738,0.649271476,-0.030888186,0.650005792,-13.67337853
1281,10.6206665,212.0683313,283.6758282,48.68410158,65.12289105,-20.08464658,-18.43464658,0.229567995,0.131461588,-1.210991661,-18.4330449,0.62024508,-0.001163062,0.620246171,-9.621662898
1282,10.6320434,212.0717169,283.6777385,48.68487881,65.12332959,-20.08489074,-18.43489074,0.229567995,0.132238811,-1.211430203,-18.43457041,0.159856983,-0.050196588,0.167552835,-0.998250686
1283,10.6370577,212.0764658,283.6775294,48.68596899,65.12328159,-20.08493957,-18.43493957,0.229567995,0.133328991,-1.211382207,-18.43487551,0.239544802,0.013577817,0.239929301,-0.369234679
1284,10.648116,212.080102,283.6763785,48.68680375,65.12301738,-20.08494934,-18.43494934,0.229567995,0.134163756,-1.211117997,-18.43493653,0.483605701,0.037028547,0.485021224,-0.04063341
1285,10.6530048,212.1074698,283.6662946,48.69308652,65.12070245,-20.08495129,-18.43495129,0.229567995,0.140446528,-1.208803063,-18.43494873,0.803351339,-0.120996124,0.81241211,-0.013836029
1286,10.6641678,212.1449934,283.6800701,48.70170073,65.12386484,-20.08495168,-18.43495168,0.229567995,0.149060736,-1.211965459,-18.43495117,0.992195343,-0.5097533,1.11548197,-0.001668589
1287,10.6690024,212.1801006,283.6975215,48.70976022,65.12787113,-20.08495176,-18.43495176,0.229567995,0.157120228,-1.215971747,-18.43495166,1.499160874,-1.49019216,2.113801315,-0.000565821
1288,10.6799056,212.2352717,283.7893859,48.72242575,65.14896025,-20.08495178,-18.43495178,0.229567995,0.169785758,-1.237060869,-18.43495176,1.422877724,-1.94004218,2.405897894,-6.66E-05
1289,10.6845537,212.2881232,283.8881576,48.73455876,65.17163509,-20.08495178,-18.43495178,0.229567995,0.181918764,-1.259735704,-18.43495178,1.641929883,-2.645797164,3.113868394,-2.29E-05
1290,10.6961052,212.333597,283.9775097,48.74499808,65.19214746,-20.08495178,-18.43495178,0.229567995,0.192358085,-1.280248077,-18.43495178,1.458943817,-2.828556627,3.182648214,-2.74E-06
1291,10.700713,212.3710694,284.054024,48.75360055,65.20971271,-20.08495178,-18.43495178,0.229567995,0.200960552,-1.297813321,-18.43495178,1.565255824,-3.271455152,3.626629924,-9.46E-07
1292,10.7124274,212.4094483,284.1429387,48.76241111,65.23012467,-20.08495178,-18.43495178,0.229567995,0.209771114,-1.318225281,-18.43495178,1.148754632,-2.567613322,2.812876709,-1.06E-07
1293,10.7168579,212.4421257,284.2230058,48.76991281,65.24850551,-20.08495178,-18.43495178,0.229567995,0.217272811,-1.336606126,-18.43495178,1.152280707,-2.715134201,2.949526158,-3.81E-08
1294,10.7281761,212.4681479,284.290012,48.77588666,65.26388799,-20.08495178,-18.43495178,0.229567995,0.223246663,-1.351988609,-18.43495178,0.83809409,-2.126885199,2.286053883,2.20E-05
1295,10.7331076,212.48794,284.3440026,48.7804303,65.27628251,-20.08495178,-18.43495178,0.229567995,0.227790302,-1.364383129,-18.43495178,0.782945945,-2.090811368,2.232598605,-10.63263156
1296,10.7442142,212.5022607,284.3861334,48.78371788,65.28595439,-20.08495178,-18.43495178,0.229567995,0.231077886,-1.374055007,-18.43495056,0.468153432,-1.354744316,1.433352643,-11.52266933
1297,10.7488735,212.5119292,284.4178377,48.78593745,65.29323268,-20.08495178,-18.43495178,0.229567995,0.233297451,-1.381333291,-18.68265417,0.345102271,-1.063292689,1.117893966,-14.70023689
1298,10.7600055,212.5177108,284.4405495,48.78726473,65.29844659,-20.08494568,-18.43494568,0.229567995,0.234624738,-1.386547201,-18.73219368,0.233147332,-0.867175975,0.897970963,-27.46831135
1299,10.7762199,212.5115345,284.4336161,48.78584684,65.29685489,-21.32346985,-19.67346985,0.229567995,0.233206847,-1.384955507,-18.98980543,0.136845461,-0.637274658,0.651801864,-31.05777004
1300,10.780907,212.5189168,284.4649104,48.78754158,65.30403906,-20.33264929,-18.68264929,0.229567995,0.234901588,-1.392139675,-19.28903164,-0.077903196,-0.096200389,0.123787814,-22.02581362
1301,10.7918648,212.5100621,284.4516081,48.78550884,65.30098529,-21.37301057,-19.72301057,0.229567995,0.232868843,-1.38908591,-19.48569329,-0.107691554,-0.025264002,0.110615282,-23.70517511
1302,10.7967792,212.4972741,284.4271339,48.78257312,65.29536679,-21.58108283,-19.93108283,0.229567995,0.229933127,-1.383467409,-19.52502562,-0.198094023,0.164073232,0.257218326,-17.18159969
1303,10.8080412,212.4958166,284.4327112,48.78223853,65.29664716,-21.06825392,-19.41825392,0.229567995,0.229598532,-1.384747779,-19.66970849,-0.276197677,0.45085203,0.528727444,-1.963447437
1304,10.8129397,212.4843057,284.4104163,48.77959599,65.29152896,-21.5201315,-19.8701315,0.229567995,0.226955993,-1.379629573,-19.5877564,-0.23287514,0.303701313,0.382707875,2.776690761
1305,10.8233295,212.4829958,284.4148904,48.77929528,65.29255609,-21.05606365,-19.40606365,0.229567995,0.226655285,-1.380656701,-19.4604773,-0.11123254,0.044187034,0.119687811,5.955977218
1306,10.8277539,212.4835953,284.4236994,48.7794329,65.29457834,-20.96325008,-19.31325008,0.229567995,0.22679291,-1.38267896,-19.43502149,-0.103977434,0.011327741,0.10459266,9.290061357
1307,10.8394076,212.4841458,284.4315322,48.77955926,65.29637649,-20.94468737,-19.29468737,0.229567995,0.226919269,-1.384477105,-19.34303945,-0.001636768,-0.203258433,0.203265023,6.014730758
1308,10.8442191,212.4842834,284.4373584,48.77959085,65.29771402,-20.94097483,-19.29097483,0.229567995,0.226950858,-1.385814634,-19.32464305,-0.004444633,-0.204663852,0.204712108,3.600861016
1309,10.8546306,212.4830246,284.4386319,48.77930188,65.29800637,-21.06022133,-19.41022133,0.229567995,0.226661882,-1.386106981,-19.32096377,-0.013574768,-0.116943927,0.117729165,2.081456965
1310,10.8586952,212.4822636,284.4405067,48.77912717,65.29843675,-20.96408162,-19.31408162,0.229567995,0.226487178,-1.386537367,-19.32022791,-0.025567453,-0.086882791,0.090566628,7.541074416
1311,10.8716328,212.4814439,284.4415476,48.778939,65.29867571,-20.94485368,-19.29485368,0.229567995,0.226299006,-1.386776323,-19.34407854,-0.035036143,-0.017533395,0.039178454,7.327708997
1312,10.876067,212.4804951,284.4416247,48.77872119,65.29869341,-20.94100809,-19.29100809,0.229567995,0.226081195,-1.386794027,-19.18803446,0.090490898,-0.383202708,0.393742197,13.2778204
1313,10.8873885,212.4784841,284.4382336,48.77825952,65.29791493,-21.06022798,-19.41022798,0.229567995,0.225619527,-1.386015548,-19.15682564,0.101490755,-0.374353432,0.387867072,13.31798106
1314,10.8921406,212.4909017,284.476662,48.78111021,65.30673685,-20.28000092,-18.63000092,0.229567995,0.228470215,-1.39483747,-19.01376869,0.216680337,-0.711378462,0.743646209,14.7551333
1315,10.904223,212.4915342,284.4799062,48.78125541,65.30748161,-20.80803754,-19.15803754,0.229567995,0.228615413,-1.395582228,-19.00915511,0.217834832,-0.688845521,0.722468107,4.949196748
1316,10.9088878,212.5029418,284.514523,48.78387424,65.31542854,-20.22956893,-18.57956893,0.229567995,0.231234247,-1.403529158,-18.98423459,0.185117354,-0.586641595,0.615155912,8.871030302
1317,10.9201483,212.5008156,284.5091926,48.78338612,65.31420484,-20.91794015,-19.26794015,0.229567995,0.230746125,-1.402305456,-19.14006469,0.027476231,-0.278144935,0.279498745,0.807359482
1318,10.924872,212.4966104,284.4972627,48.78242076,65.31146613,-20.93562538,-19.28562538,0.229567995,0.229780764,-1.399566746,-19.03441553,0.193890717,-0.818419685,0.841073356,6.597403944
1319,10.9361977,212.4873194,284.5127511,48.78028784,65.31502175,-21.05915144,-19.40915144,0.229567995,0.227647842,-1.403122364,-19.15010088,0.075642298,-0.594854215,0.599644306,3.293242086
1320,10.9408914,212.5045775,284.5692431,48.78424974,65.32799051,-20.27979171,-18.62979171,0.229567995,0.231609746,-1.416091122,-19.01242496,0.252863966,-1.099858902,1.128552077,-0.345324219
1321,10.9518084,212.5031585,284.597099,48.78392399,65.33438533,-20.8079957,-19.1579957,0.229567995,0.231283996,-1.422485948,-19.13446131,0.189655593,-1.139638285,1.155311501,-10.45558938
1322,10.9564907,212.5203476,284.6463832,48.78787005,65.34569941,-20.22956057,-18.57956057,0.229567995,0.235230052,-1.43380003,-19.28444231,-0.083548786,-0.760753348,0.765327418,-17.24091613
1323,10.9677157,212.4949017,284.6277594,48.78202847,65.34142399,-21.54580713,-19.89580713,0.229567995,0.22938848,-1.429524609,-19.60082523,-0.343741689,-0.062271992,0.349336729,-28.74279708
1324,10.9725377,212.4622531,284.5945619,48.77453341,65.33380291,-21.80905645,-20.15905645,0.229567995,0.221893415,-1.421903524,-19.81367335,-0.335214735,0.176432011,0.378810207,-27.33461679
1325,10.9842122,212.4390191,284.5574692,48.76919962,65.32528761,-21.86170631,-20.21170631,0.229567995,0.21655963,-1.413388224,-20.14262969,-0.708800226,0.949411066,1.184811855,-21.49599331
1326,11.0001128,212.4399054,284.5153744,48.76940309,65.31562398,-21.87223628,-20.22223628,0.229567995,0.216763094,-1.403724598,-20.20842096,-0.587903009,1.006943157,1.166003632,-15.90478982
1327,11.0047478,212.4192071,284.4861281,48.76465144,65.30890998,-21.87434228,-20.22434228,0.229567995,0.212011444,-1.397010597,-20.22157677,-0.086282715,0.723127135,0.728256521,-7.098631752
1328,11.0162104,212.4234053,284.4527469,48.7656152,65.30124673,-21.87476347,-20.22476347,0.229567995,0.212975206,-1.389347341,-20.22420793,0.053578656,0.672840708,0.674970585,-1.465023787
1329,11.0209833,212.4432346,284.4493913,48.77016737,65.30047637,-21.87483551,-20.22483551,0.229567995,0.217527377,-1.388576985,-20.22473416,0.263190482,0.448972591,0.520428301,-0.638259621
1330,11.0320388,212.4549096,284.4263737,48.77284758,65.29519227,-21.87486212,-20.22486212,0.229567995,0.220207584,-1.383292888,-20.22483697,0.599901094,-0.025464704,0.600441315,-0.070652004
1331,11.0367591,212.4767225,284.4368928,48.77785513,65.29760712,-21.87486744,-20.22486744,0.229567995,0.225215139,-1.385707738,-20.22485509,0.883844046,-0.631071117,1.086016138,-0.024670674
1332,11.0479142,212.5087146,284.4817742,48.78519949,65.30791045,-21.8748563,-20.2248563,0.229567995,0.232559498,-1.396011063,-20.22485871,0.800440447,-0.83919617,1.159722002,-0.002572016
1333,11.052638,212.5396581,284.5303251,48.79230311,65.3190562,-21.87485407,-20.22485407,0.229567995,0.239663118,-1.407156811,-20.224857,0.981224686,-1.321410428,1.645881953,-0.000688143
1334,11.0642874,212.5668946,284.5749412,48.79855576,65.32929862,-21.87485363,-20.22485363,0.229567995,0.245915767,-1.417399234,-20.22485421,0.85460289,-1.36724846,1.612363002,8.18E-05
1335,11.0689145,212.5900002,284.6139044,48.80386005,65.33824331,-21.87485354,-20.22485354,0.229567995,0.251220058,-1.426343929,-20.22485365,0.908405028,-1.513161545,1.764895906,-5.256579983
1336,11.0791823,212.6091318,284.6470369,48.80825206,65.34584948,-21.87485352,-20.22485352,0.229567995,0.25561207,-1.433950094,-20.22485354,0.665642817,-1.157894019,1.335589353,-5.594046224
1337,11.083015,212.624615,284.6746376,48.8118065,65.35218573,-21.87485352,-20.22485352,0.229567995,0.259166502,-1.440286344,-20.32559083,0.453319609,-1.143075526,1.229683019,-5.803619618
1338,11.094958,212.6397009,284.7049753,48.81526976,65.35915029,-21.87485352,-20.22485352,0.229567995,0.262629764,-1.447250906,-20.34573828,0.251735934,-0.834885048,0.872011482,-7.99954052
1339,11.0988043,212.6309068,284.7184649,48.81325091,65.36224706,-22.37854004,-20.72854004,0.229567995,0.260610917,-1.450347681,-20.34976777,0.272036054,-0.899309239,0.939553469,-21.88279998
1340,11.1107203,212.6380925,284.7388203,48.8149005,65.36692002,-21.97559082,-20.32559082,0.229567995,0.262260506,-1.455020635,-20.48059931,0.035919338,-0.553662557,0.554826482,-19.91020452
1341,11.1147311,212.647339,284.7573903,48.8170232,65.3711831,-21.89500098,-20.24500098,0.229567995,0.264383209,-1.459283712,-20.75901415,-0.248655888,-0.069800674,0.25826708,-33.10305029
1342,11.127349,212.6334229,284.7532666,48.81382851,65.37023643,-22.52901118,-20.87901118,0.229567995,0.261188519,-1.458337048,-20.96620835,-0.225961363,0.241249808,0.330545015,-38.08532114
1343,11.1316902,212.6119995,284.7185443,48.8089104,65.3622653,-23.26692772,-21.61692772,0.229567995,0.256270402,-1.450365913,-21.25989572,-0.475917214,0.738155435,0.878277087,-35.15660741
1344,11.1436701,212.5905304,284.6793996,48.80398177,65.35327892,-23.41451103,-21.76451103,0.229567995,0.251341779,-1.441379531,-21.57088173,-0.605230411,0.967136814,1.140902041,-17.64846028
1345,11.1477196,212.5709267,284.6424909,48.79948138,65.34480586,-23.44402769,-21.79402769,0.229567995,0.24684139,-1.432906478,-21.55604402,-0.407485506,0.446570463,0.60454083,-12.52825353
1346,11.1588772,212.5652246,284.6385051,48.79817238,65.34389086,-23.44993103,-21.79993103,0.229567995,0.245532388,-1.431991471,-21.35381867,-0.114984044,-0.132303468,0.175287017,1.13646203
1347,11.1632828,212.5793402,284.6870158,48.80141287,65.35502736,-22.45482263,-20.80482263,0.229567995,0.248772872,-1.443127974,-21.3133736,0.036628083,-0.523568007,0.524847668,6.409371661
1348,11.1753132,212.5966135,284.7424708,48.80537825,65.36775805,-22.25580095,-20.60580095,0.229567995,0.252738257,-1.455858669,-21.30528458,0.269332913,-0.981205226,1.017498852,2.445686497
1349,11.1793022,212.6026369,284.7634299,48.80676105,65.37256959,-23.21228568,-21.56228568,0.229567995,0.254121055,-1.460670205,-21.30366678,0.308094395,-1.056131344,1.100152522,-7.274823778
1350,11.1916168,212.605436,284.773934,48.80740362,65.37498098,-23.40358262,-21.75358262,0.229567995,0.254763628,-1.463081599,-21.50260103,0.165394466,-0.567037534,0.590666484,-9.661027346
1351,11.1965679,212.6070856,284.780245,48.80778232,65.37642979,-23.44184201,-21.79184201,0.229567995,0.255142329,-1.464530405,-21.65350116,0.112240866,-0.427871477,0.442348293,-11.02783913
1352,11.2075399,212.6081389,284.7841802,48.80802412,65.37733319,-23.44949389,-21.79949389,0.229567995,0.255384127,-1.46543381,-21.68368119,0.051221692,-0.224890733,0.230650175,-8.071188183
1353,11.2235473,212.6125908,284.8094484,48.80904613,65.38313396,-23.01030161,-21.36030161,0.229567995,0.256406131,-1.471234573,-21.78231363,-0.058447434,-0.118199974,0.131861049,-4.611340034
1354,11.2280518,212.6134062,284.8132019,48.80923332,65.38399566,-23.36318581,-21.71318581,0.229567995,0.256593325,-1.472096272,-21.71389559,0.034885829,-0.169150332,0.172710323,4.04424558
1355,11.2400036,212.5875747,284.7956238,48.80330324,65.37996028,-23.89674483,-22.24674483,0.229567995,0.250663249,-1.468060891,-21.70021198,0.094653675,-0.270820655,0.286885248,4.838120082
1356,11.245168,212.5997936,284.8079376,48.80610831,65.38278714,-23.0997518,-21.4497518,0.229567995,0.253468316,-1.470887754,-21.63410856,0.626410773,-0.730360347,0.962193688,10.21297107
1357,11.2560159,212.6149562,284.8358498,48.80958915,65.38919487,-23.38107585,-21.73107585,0.229567995,0.256949158,-1.477295488,-21.62088787,0.689107702,-0.804812004,1.059524321,5.949223658
1358,11.2606141,212.6694899,284.8891306,48.82210835,65.40142645,-22.67978451,-21.02978451,0.229567995,0.269468361,-1.489527061,-21.5256473,0.909527556,-1.184157896,1.493141084,5.144835898
1359,11.2718861,212.6869228,284.9168017,48.82611039,65.40777884,-23.29708239,-21.64708239,0.229567995,0.273470391,-1.49587946,-21.59474372,0.840852168,-1.195386856,1.46149995,-0.185376854
1360,11.2766894,212.6996009,284.9494229,48.82902087,65.41526763,-23.42054197,-21.77054197,0.229567995,0.276380871,-1.503368244,-21.608563,0.848349681,-1.313916201,1.563992635,-1.736733196
1361,11.2878274,212.7092935,284.978704,48.83124599,65.42198963,-23.44523388,-21.79523388,0.229567995,0.278605993,-1.510090247,-21.76283809,0.32608336,-0.861699589,0.921334108,-5.989805419
1362,11.2925467,212.7166605,285.0030302,48.83293722,65.42757415,-23.45017226,-21.80017226,0.229567995,0.280297223,-1.515674762,-21.79369311,0.34863395,-1.036730835,1.093780808,-4.816381592
1363,11.3037102,212.7220729,285.0224327,48.83417971,65.43202833,-23.45115994,-21.80115994,0.229567995,0.281539716,-1.520128949,-21.79986411,0.262613467,-0.832845323,0.873268095,-4.245225727
1364,11.3084066,212.7316428,285.0518652,48.83637666,65.4387851,-23.45135748,-21.80135748,0.229567995,0.283736667,-1.526885715,-21.80109831,0.290900179,-0.925780907,0.97040878,-1.477009555
1365,11.3200171,212.7405355,285.0791589,48.83841815,65.44505087,-23.45139698,-21.80139698,0.229567995,0.285778152,-1.533151484,-21.80134515,0.24132426,-0.760385898,0.797761939,-0.169571996
1366,11.3248776,212.7477598,285.1017752,48.8400766,65.45024284,-23.45140488,-21.80140488,0.229567995,0.287436609,-1.538343458,-21.80139452,0.257823134,-0.811914685,0.851867492,-0.059099541
1367,11.3363346,212.7532737,285.11956,48.84134243,65.45432567,-23.45140647,-21.80140647,0.229567995,0.288702435,-1.542426281,-21.80140439,0.175217642,-0.563952762,0.590545459,-0.006547252
1368,11.3410178,212.7572271,285.1329555,48.84225001,65.45740084,-23.45140678,-21.80140678,0.229567995,0.289610011,-1.545501455,-21.80140637,0.155720428,-0.521134803,0.543902873,-0.002298763
1369,11.3520684,212.7598634,285.14253,48.84285522,65.45959883,-23.45140684,-21.80140684,0.229567995,0.290215221,-1.547699444,-21.80140676,0.090041964,-0.322248578,0.334591843,-0.000267644
1370,11.3565482,212.7613922,285.1488832,48.84320619,65.46105734,-23.45140686,-21.80140686,0.229567995,0.290566191,-1.549157951,-21.80140684,0.176779834,-0.538977285,0.567228017,-3.813708625
1371,11.3679019,212.7620262,285.1525315,48.84335173,65.46189486,-23.45140686,-21.80140686,0.229567995,0.290711732,-1.549995473,-21.80140686,0.192339623,-0.549260547,0.581963641,-3.085820922
1372,11.372758,212.7735373,285.1829922,48.84599429,65.46888766,-23.45140686,-21.80140686,0.229567995,0.293354296,-1.556988277,-21.8940033,0.143251402,-0.789744862,0.802631865,-2.723028745
1373,11.3832193,212.7859136,285.2152579,48.84883551,65.47629485,-23.45140686,-21.80140686,0.229567995,0.296195511,-1.564395461,-21.85593445,0.213429258,-0.849107662,0.875520342,-2.696710044
1374,11.3874167,212.7824273,285.2408796,48.84803517,65.48217676,-23.91438904,-22.26438904,0.229567995,0.295395177,-1.570277377,-21.84832068,0.407030821,-1.252192874,1.316685643,-2.680463592
1375,11.3989899,212.8040663,285.272256,48.85300278,65.48937979,-23.26106262,-21.61106262,0.229567995,0.30036279,-1.577480401,-21.84679792,0.345302384,-1.075351623,1.129431207,2.636753823
1376,11.4027391,212.8200847,285.3063758,48.8566801,65.49721259,-23.41333801,-21.76333801,0.229567995,0.304040105,-1.585313201,-21.84649337,0.415566224,-1.235991744,1.303982699,-0.150615822
1377,11.4150638,212.8327296,285.3362146,48.85958296,65.50406263,-23.44379309,-21.79379309,0.229567995,0.306942968,-1.592163243,-21.75383603,0.482681394,-1.026321791,1.134159489,-2.754405878
1378,11.4187594,212.8427573,285.3605429,48.861885,65.50964763,-23.44988411,-21.79988411,0.229567995,0.309245002,-1.597748242,-21.79189269,0.413627611,-0.942701138,1.029452882,-4.755730196
1379,11.4311257,212.8505628,285.3795568,48.8636769,65.51401261,-23.45110231,-21.80110231,0.229567995,0.311036902,-1.602113224,-21.9304574,-0.0075128,-0.502617662,0.502673807,-12.98805793
1380,11.4471931,212.8564395,285.3938547,48.865026,65.51729494,-23.45134595,-21.80134595,0.229567995,0.312386006,-1.605395552,-22.08912371,-0.129987868,-0.388370198,0.409546404,-17.02292834
1381,11.4511533,212.8370347,285.391936,48.86057127,65.51685446,-24.10616152,-22.45616152,0.229567995,0.307931274,-1.60495508,-22.25181034,-0.446083556,-0.067910578,0.45122321,-21.8383204
1382,11.464071,212.8158299,285.3910672,48.85570332,65.51665502,-24.23712464,-22.58712464,0.229567995,0.303063327,-1.604755637,-22.41530103,-0.55247905,0.016133391,0.552714562,-20.21962361
1383,11.4688318,212.7959718,285.3891791,48.85114454,65.51622159,-24.26331726,-22.61331726,0.229567995,0.298504545,-1.604322205,-22.57895254,-0.353974809,0.257611645,0.437792102,-18.54623453
1384,11.4793508,212.7782357,285.3860979,48.84707289,65.51551423,-24.26855579,-22.61855579,0.229567995,0.294432897,-1.603614847,-22.61168284,-0.164225311,0.261344304,0.308659679,-11.9582264
1385,11.4836914,212.7985895,285.3671315,48.85174549,65.51116015,-24.26960349,-22.61960349,0.229567995,0.299105495,-1.599260763,-22.6182289,-0.229717098,0.294475431,0.373477877,-10.2246635
1386,11.4952272,212.7897391,285.3606046,48.84971371,65.50966178,-24.26981303,-22.61981303,0.229567995,0.297073718,-1.5977624,-22.71213455,-0.112757861,0.321267335,0.340480595,-4.98838374
1387,11.499936,212.7752927,285.35689,48.84639729,65.50880904,-24.26985494,-22.61985494,0.229567995,0.2937573,-1.596909659,-22.73091568,0.247022377,0.45437367,0.517180323,-5.307571121
1388,11.5116958,212.7561973,285.3453642,48.84201359,65.50616307,-24.7328455,-23.0828455,0.229567995,0.289373597,-1.594263689,-22.82726834,-0.046980257,0.281949316,0.285836599,-6.614747124
1389,11.5157894,212.7813726,285.3322975,48.84779304,65.50316338,-24.36246143,-22.71246143,0.229567995,0.295153047,-1.591263991,-22.84653887,0.241071509,0.362292389,0.435168068,-3.249484567
1390,11.5277798,212.7608186,285.3249338,48.8430745,65.50147291,-24.7513668,-23.1013668,0.229567995,0.290434505,-1.58957353,-22.94298942,0.553743443,0.311794155,0.635489886,-2.911025717
1391,11.5322813,212.7856064,285.3145098,48.84876498,65.4990799,-24.36616569,-22.71616569,0.229567995,0.29612499,-1.587180517,-22.90388963,1.089905894,0.060926013,1.091607456,2.571516053
1392,11.5437726,212.8286076,285.3180836,48.85863667,65.49990033,-24.75210765,-23.10210765,0.229567995,0.305996677,-1.58800095,-22.93027622,0.989505221,-0.182833306,1.006254739,3.847625371
1393,11.5483159,212.8742852,285.3384549,48.8691228,65.50457693,-24.53734658,-22.88734658,0.229567995,0.316482805,-1.592677548,-22.8429571,1.446180904,-0.498921657,1.529824182,9.707779741
1394,11.5587541,212.9156538,285.3605537,48.87861971,65.5096501,-24.49439436,-22.84439436,0.229567995,0.325979712,-1.597750713,-22.82549328,1.315275738,-0.707884196,1.493670078,9.245796288
1395,11.5632745,212.9528667,285.3888979,48.88716259,65.51615702,-24.31477121,-22.66477121,0.229567995,0.334522598,-1.604257635,-22.72940407,1.404673023,-0.924844833,1.681797927,7.817803976
1396,11.5751775,212.9844745,285.4155076,48.89441872,65.52226575,-24.27884658,-22.62884658,0.229567995,0.341778727,-1.610366364,-22.65351021,1.045247375,-0.817846438,1.327183059,2.131462401
1397,11.5797568,213.0105267,285.4385708,48.90039949,65.52756033,-24.27166165,-22.62166165,0.229567995,0.347759494,-1.615660947,-22.69672133,1.221695417,-0.560840636,1.344277468,-3.611839557
1398,11.5907462,213.0349841,285.4622352,48.90601413,65.53299291,-24.15787725,-22.50787725,0.229567995,0.353374131,-1.621093529,-22.79795999,0.857811043,-0.275811711,0.901061532,-9.80145238
1399,11.5949189,213.0675572,285.4477121,48.91349186,65.52965888,-24.71044996,-23.06044996,0.229567995,0.36085187,-1.617759501,-22.91080416,1.057760955,-0.178325487,1.072687381,-29.2353121
1400,11.6068023,213.071203,285.448453,48.91432881,65.52982897,-24.8209645,-23.1709645,0.229567995,0.361688816,-1.617929583,-23.02596942,0.836551863,0.023156162,0.836872289,-33.44290007
1401,11.6111016,213.1013426,285.4489358,48.92124791,65.52993979,-24.84306741,-23.19306741,0.229567995,0.368607914,-1.61804041,-23.41631693,0.381739563,0.362679023,0.526555949,-48.75143178
1402,11.6241774,213.1127342,285.4574106,48.92386305,65.53188536,-24.84748799,-23.19748799,0.229567995,0.371223054,-1.619985971,-23.81479049,-0.186663814,0.397634346,0.439268088,-50.89164266
1403,11.628843,213.076901,285.4329562,48.91563691,65.52627139,-26.10961479,-24.45961479,0.229567995,0.362996913,-1.61437201,-24.21488925,-0.759941956,0.93539637,1.205188013,-69.53878077
1404,11.6394518,213.0283805,285.3879555,48.90449815,65.51594069,-26.70281773,-25.05281773,0.229567995,0.351858157,-1.604041303,-24.61531305,-1.250776609,1.1013855,1.666580975,-53.92933928
1405,11.6433428,212.9809912,285.3426249,48.89361907,65.50553422,-26.82145832,-25.17145832,0.229567995,0.340979073,-1.593634833,-25.01580187,-1.756702846,1.568592087,2.35509788,-49.44159606
1406,11.6549741,212.9381875,285.3018809,48.88379273,65.4961807,-26.84518644,-25.19518644,0.229567995,0.331152734,-1.584281319,-25.16405515,-1.465320458,1.317877181,1.97077759,-32.38443943
1407,11.6586641,212.9007418,285.2667239,48.87519638,65.48810978,-26.84993206,-25.19993206,0.229567995,0.322556389,-1.576210396,-25.19370581,-1.331316659,1.184908566,1.782249241,-24.85114529
1408,11.6713011,212.8838845,285.2694932,48.87132648,65.48874552,-26.85088119,-25.20088119,0.229567995,0.318686489,-1.576846134,-25.19963594,-0.873915727,0.53400251,1.024152029,-4.278146142
1409,11.6865017,212.8587275,285.2490368,48.86555124,65.48404939,-26.85107101,-25.20107101,0.229567995,0.312911243,-1.572150009,-25.20082196,-0.715461603,0.317149334,0.78260399,-1.729643324
1410,11.6903296,212.8502409,285.2587085,48.863603,65.4862697,-26.85110898,-25.20110898,0.229567995,0.310963009,-1.574370316,-25.20105917,-0.23718497,-0.337333374,0.412371817,-0.12298994
1411,11.7036981,212.8471809,285.2750195,48.86290052,65.49001419,-26.85111657,-25.20111657,0.229567995,0.310260521,-1.57811481,-25.20110661,-0.163895004,-0.415288223,0.446459271,-0.029172119
1412,11.7081293,212.8483728,285.2959659,48.86317414,65.49482281,-26.85111809,-25.20111809,0.229567995,0.310534149,-1.582923422,-25.2011161,-0.042232841,-0.716220002,0.717464079,-0.013588479
1413,11.7187769,212.8511656,285.3163773,48.86381528,65.49950862,-26.85111839,-25.20111839,0.229567995,0.311175286,-1.587609239,-25.20111799,0.073678301,-0.659409736,0.663513144,-0.001196186
1414,11.7223317,212.854702,285.3348927,48.86462711,65.50375915,-26.85111845,-25.20111845,0.229567995,0.311987114,-1.591859768,-25.20111837,0.107568886,-0.848674235,0.855464215,-0.000487251
1415,11.7349934,212.8585958,285.3512174,48.86552102,65.50750678,-26.85111847,-25.20111847,0.229567995,0.312881025,-1.595607396,-25.20111845,0.11668178,-0.694772278,0.704502063,1.988242839
1416,11.7387478,212.8605077,285.3712745,48.86595993,65.51211125,-26.85111847,-25.20111847,0.229567995,0.313319932,-1.60021187,-25.20111847,0.133624199,-0.813669828,0.824568988,3.36306556
1417,11.7509337,212.8662042,285.3880304,48.86726766,65.51595788,-26.85111847,-25.20111847,0.229567995,0.314627661,-1.604058493,-25.07997223,0.175417128,-0.745539104,0.765897986,-0.092926535
1418,11.7544585,212.8684294,285.4039153,48.86777849,65.51960453,-26.85111847,-25.20111847,0.229567995,0.315138497,-1.607705145,-25.05574298,0.101650217,-1.197076793,1.201384874,4.382232677
1419,11.766807,212.891954,285.4499092,48.87317899,65.53016326,-26.24538727,-24.59538727,0.229567995,0.320538991,-1.618263876,-25.26912589,0.08231574,-0.901700056,0.905449541,6.479915244
1420,11.7703139,212.8873981,285.4889192,48.8721331,65.53911872,-26.72997223,-25.07997223,0.229567995,0.319493111,-1.62721934,-25.19065623,0.357484378,-1.126131643,1.18151071,0.121909945
1421,11.7833607,212.888548,285.474685,48.87239707,65.53585099,-27.91803302,-26.26803302,0.229567995,0.31975708,-1.623951601,-25.05381606,0.448189844,-1.045232173,1.137270607,-1.569727508
1422,11.7876529,212.9162784,285.5015677,48.87876309,65.5420224,-26.45877018,-24.80877018,0.229567995,0.326123091,-1.630123011,-25.14759427,0.507236282,-1.075183138,1.188826071,12.09027431
1423,11.7994917,212.9471406,285.5340604,48.88584806,65.5494817,-26.16691761,-24.51691761,0.229567995,0.333208063,-1.637582312,-25.16634991,0.598608661,-0.614941146,0.858187009,6.217382769
1424,11.8036955,212.9605553,285.5524604,48.88892764,65.55370574,-26.7142783,-25.0642783,0.229567995,0.336287651,-1.64180636,-24.95187228,0.856234932,-1.190574145,1.466494137,-3.517648346
1425,11.8148923,212.9682921,285.5647737,48.89070376,65.55653249,-26.82375043,-25.17375043,0.229567995,0.338063764,-1.644633103,-25.03012299,0.579284527,-0.938541925,1.102919538,0.41965803
1426,11.8184746,212.9887084,285.6057778,48.89539071,65.5659457,-26.84564486,-25.19564486,0.229567995,0.342750716,-1.65404632,-25.16691937,0.809787776,-1.149474791,1.40607558,0.441633008
1427,11.8311293,212.994133,285.615571,48.89663601,65.56819392,-26.85002375,-25.20002375,0.229567995,0.343996015,-1.656294536,-25.19427865,0.713884994,-1.076431652,1.29164116,-9.307638047
1428,11.8348406,213.02244,285.6428072,48.90313438,65.57444648,-26.85089952,-25.20089952,0.229567995,0.350494389,-1.6625471,-25.19975051,0.982480361,-1.344575052,1.665277674,-7.629573357
1429,11.8473234,213.0362,285.6775857,48.90629326,65.58243049,-26.85107468,-25.20107468,0.229567995,0.353653266,-1.670531111,-25.17136978,0.860769275,-0.937470808,1.272703917,0.02720587
1430,11.851373,213.0626885,285.7056894,48.91237415,65.58888222,-26.85110971,-25.20110971,0.229567995,0.359734161,-1.67698284,-25.16569363,0.962816172,-1.3008958,1.618439021,7.487790566
1431,11.8630584,213.0983099,285.7358325,48.9205517,65.59580209,-26.70374123,-25.05374123,0.229567995,0.367911702,-1.68390271,-25.1645584,0.631908886,-1.049201464,1.224798984,10.62438543
1432,11.8665123,213.107467,285.7658444,48.92265388,65.60269188,-26.82164302,-25.17164302,0.229567995,0.370013886,-1.690792493,-25.04318512,1.117992452,-1.239764547,1.669408056,10.49426388
1433,11.8791817,213.112789,285.7893691,48.92387563,65.6080924,-26.84522338,-25.19522338,0.229567995,0.371235639,-1.696193015,-24.86317072,1.0407824,-1.029772935,1.464124415,10.23519274
1434,11.8832038,213.1598043,285.8172687,48.93466884,65.61449726,-26.24420825,-24.59420825,0.229567995,0.382028848,-1.702597873,-24.85664293,0.895119362,-0.947695731,1.303597281,7.404093372
1435,11.8954856,213.219486,285.8463307,48.94836985,65.62116896,-25.95103769,-24.30103769,0.229567995,0.395729853,-1.709269578,-24.85533738,0.606825988,-0.603722151,0.855989612,-6.657192199
1436,11.9109901,213.2175607,285.8586087,48.94792786,65.6239876,-26.67110231,-25.02110231,0.229567995,0.395287869,-1.712088217,-25.07330502,0.537495743,-0.457563432,0.705879571,-16.87198915
1437,11.9156748,213.2005656,285.8642188,48.94402632,65.6252755,-26.81511524,-25.16511524,0.229567995,0.391386328,-1.713376114,-25.23804479,-0.061174158,-0.326180537,0.331867474,-22.58586846
1438,11.9267127,213.1885348,285.8495767,48.94126444,65.62191414,-27.93506162,-26.28506162,0.229567995,0.388624448,-1.710014758,-25.64496125,-0.321005648,-0.159912059,0.358631416,-26.57954242
1439,11.9305942,213.1832955,285.8653941,48.94006167,65.62554529,-27.0679071,-25.4179071,0.229567995,0.387421675,-1.713645909,-25.74955377,-0.455526333,-0.269875082,0.529468412,-16.57611672
1440,11.9426346,213.1736658,285.8502825,48.937851,65.62207617,-27.98561999,-26.33561999,0.229567995,0.385211009,-1.710176786,-25.98870104,-0.329117497,-0.146205455,0.360131034,-9.040324698
1441,11.9467279,213.1611647,285.8633275,48.93498115,65.62507087,-27.19406492,-25.54406492,0.229567995,0.382341155,-1.713171485,-25.84151096,-0.387073641,-0.375087187,0.538995734,8.250174763
1442,11.95844,213.1509212,285.8458062,48.93262957,65.62104855,-28.01085156,-26.36085156,0.229567995,0.379989575,-1.70914917,-25.81207294,-0.341292776,-0.264630831,0.431868308,13.95689834
1443,11.9624916,213.1413909,285.8606291,48.93044171,65.62445141,-27.19911123,-25.54911123,0.229567995,0.377801717,-1.712552028,-25.61116581,-0.229930938,-0.790252277,0.823023024,25.11444315
1444,11.9759958,213.1366279,285.8831718,48.92934829,65.62962649,-26.92071702,-25.27071702,0.229567995,0.376708295,-1.717727109,-25.58973194,-0.111573701,-0.741885499,0.750228488,18.23649667
1445,11.9810217,213.1447985,285.9344007,48.93122398,65.64138702,-26.98108432,-25.33108432,0.229567995,0.378583987,-1.729487633,-25.40917319,-0.146196215,-0.944360708,0.955610004,8.811847452
1446,11.9920884,213.1395283,285.9580112,48.93001413,65.64680722,-27.08689558,-25.43689558,0.229567995,0.377374131,-1.734907838,-25.391809,0.001938007,-0.969333076,0.969335013,-5.529685467
1447,11.9969025,213.1316877,285.9720391,48.92821416,65.65002758,-27.10805783,-25.45805783,0.229567995,0.375574165,-1.738128199,-25.60656493,-0.337926452,-0.749474574,0.822135283,-7.794353348
1448,12.0076604,213.1410915,286.0172484,48.93037297,65.66040618,-27.11229028,-25.46229028,0.229567995,0.37773298,-1.748506796,-25.84453564,-0.524042514,-0.301836068,0.604752485,-18.2154685
1449,12.0125488,213.1031821,286.0020004,48.9216702,65.65690573,-27.99449663,-26.34449663,0.229567995,0.369030204,-1.745006348,-25.89212978,-0.289114179,-0.471440982,0.55303129,-20.57986942
1450,12.0240316,213.0753027,286.0070919,48.91526997,65.65807458,-28.1709379,-26.5209379,0.229567995,0.362629977,-1.746175195,-26.07792059,-0.127359955,-0.306805931,0.332190363,-8.601373875
1451,12.0291635,213.0991174,286.0369979,48.92073707,65.66494004,-27.32486629,-25.67486629,0.229567995,0.36809708,-1.753040654,-26.13053773,0.436760923,-0.194309759,0.478033876,-2.74512448
1452,12.040009,213.1196623,286.0297115,48.92545353,65.66326732,-28.03701183,-26.38701183,0.229567995,0.372813533,-1.751367935,-25.96478919,0.951028468,-0.46187704,1.057253776,-4.111541144
1453,12.0446384,213.1805885,286.0378234,48.93944023,65.66512955,-27.375376,-25.725376,0.229567995,0.386800232,-1.753230162,-25.93163948,1.002781921,-0.835030995,1.304932314,-2.451935912
1454,12.0548774,213.2158701,286.0655548,48.94753975,65.67149579,-27.16575391,-25.51575391,0.229567995,0.394899757,-1.759596404,-26.10128151,0.734842227,-0.694114313,1.010835188,-3.099805002
1455,12.059182,213.2102709,286.1024483,48.94625436,65.67996535,-28.00518936,-26.35518936,0.229567995,0.393614369,-1.768065967,-26.13520992,0.824180428,-0.847785499,1.182376264,-15.31855552
1456,12.0716038,213.1954243,286.1367113,48.94284606,65.68783105,-28.17307645,-26.52307645,0.229567995,0.390206066,-1.775931665,-26.30280858,0.306791355,-0.78577859,0.843545451,-17.45272001
1457,12.0761833,213.2130101,286.1489621,48.9468832,65.69064343,-28.20665386,-26.55665386,0.229567995,0.394243204,-1.778744047,-26.51260029,0.024739033,-0.839733521,0.840097855,-14.49707419
1458,12.0881368,213.2356256,286.1537643,48.95207498,65.69174586,-28.21336935,-26.56336935,0.229567995,0.399434986,-1.779846476,-26.55455863,0.208923207,-0.588703804,0.624676777,-12.9504436
1459,12.0928249,213.2229803,286.1719707,48.94917204,65.69592548,-28.21471244,-26.56471244,0.229567995,0.396532044,-1.784026099,-26.5629503,0.615400302,-0.788841318,1.000493956,-10.26599893
1460,12.1041084,213.2535677,286.2069865,48.95619391,65.70396399,-28.21498106,-26.56498106,0.229567995,0.403553913,-1.792064603,-26.56462863,0.5817779,-0.78950819,0.980708268,-1.10502593
1461,12.1088983,213.2902481,286.2410777,48.96461457,65.71179023,-28.21503479,-26.56503479,0.229567995,0.411974579,-1.799890844,-26.5649643,0.576819467,-0.838442038,1.017696295,-0.403165949
1462,12.1197513,213.3239773,286.2702685,48.97235771,65.71849151,-28.21504553,-26.56504553,0.229567995,0.419717711,-1.806592122,-26.56503143,0.933910534,-0.842773498,1.257957095,-0.045281758
1463,12.1359224,213.3528258,286.2939999,48.97898041,65.72393948,-28.21504768,-26.56504768,0.229567995,0.426340414,-1.812040097,-26.56504486,0.885317087,-0.756239369,1.16433858,-0.015542556
1464,12.140613,213.3766548,286.3126586,48.98445077,65.72822292,-28.21504811,-26.56504811,0.229567995,0.43181078,-1.816323534,-26.56504755,0.682406293,-0.530737558,0.864500263,-0.001531589
1465,12.1522172,213.39583,286.326799,48.98885278,65.7314691,-28.2150482,-26.5650482,0.229567995,0.436212784,-1.819569713,-26.56504808,0.586410134,-0.435677186,0.730541891,-3.426118956
1466,12.1568496,213.4108319,286.3370174,48.99229674,65.73381492,-28.21504821,-26.56504821,0.229567995,0.439656745,-1.82191554,-26.56504819,0.582007632,-0.407426615,0.710443052,-12.88502037
1467,12.1679978,213.4221698,286.3439208,48.99489956,65.73539972,-28.21504822,-26.56504822,0.229567995,0.442259567,-1.823500332,-26.75600707,0.189600668,-0.173718726,0.257150946,-17.179385
1468,12.1728429,213.4303487,286.3480499,48.99677717,65.73634763,-28.21504822,-26.56504822,0.229567995,0.444137174,-1.824448242,-26.98515771,-0.318340644,0.031427424,0.319888181,-26.97274155
1469,12.1838705,213.3921216,286.3357841,48.98800146,65.7335318,-29.16984253,-27.51984253,0.229567995,0.435361468,-1.821632416,-27.2219467,-0.651839843,0.200264201,0.681909768,-31.38247948
1470,12.1887374,213.3463214,286.319969,48.9774872,65.72990115,-29.36080139,-27.71080139,0.229567995,0.424847208,-1.818001762,-27.46026336,-1.056797862,0.366733725,1.118622074,-29.87099267
1471,12.1995599,213.3027592,286.3040447,48.96748672,65.72624543,-29.39899316,-27.74899316,0.229567995,0.414846728,-1.81434605,-27.69888556,-1.22834276,0.39204894,1.289390673,-20.9391657
1472,12.2045459,213.2638536,286.2890544,48.95855522,65.72280414,-29.40663152,-27.75663152,0.229567995,0.405915229,-1.810904758,-27.74661,-1.242661349,0.274199632,1.272553601,-9.114013881
1473,12.2165863,213.2391926,286.2926768,48.95289386,65.72363573,-29.40815919,-27.75815919,0.229567995,0.400253862,-1.81173635,-27.77835093,-0.855327026,0.111328415,0.862541789,1.337934866
1474,12.2214892,213.2206678,286.299808,48.94864114,65.72527283,-29.40846472,-27.75846472,0.229567995,0.396001147,-1.813373444,-27.59374025,-0.261921927,-0.32115171,0.41441708,14.50784302
1475,12.2327018,213.2097423,286.3031472,48.946133,65.7260394,-29.51950606,-27.86950606,0.229567995,0.39349301,-1.814140016,-27.55681812,0.083766956,-0.496399062,0.503417254,20.60859592
1476,12.2372301,213.2500407,286.3391382,48.95538423,65.73430179,-28.47593979,-26.82593979,0.229567995,0.402744237,-1.822402409,-27.35847483,0.565019578,-0.796289209,0.976382931,32.2282838
1477,12.248248,213.2470233,286.3480673,48.95469153,65.73635163,-29.22202084,-27.57202084,0.229567995,0.402051531,-1.824452244,-27.12784731,0.921143312,-0.864138053,1.26302794,25.61023289
1478,12.2529229,213.2864491,286.3800085,48.96374244,65.74368429,-28.41644274,-26.76644274,0.229567995,0.411102443,-1.831784906,-26.8685669,1.375677132,-1.139417893,1.786270054,33.52125767
1479,12.2642871,213.3316564,286.413331,48.97412058,65.75133407,-28.25532712,-26.60532712,0.229567995,0.421480584,-1.839434687,-26.81671082,1.117867819,-0.876868639,1.420748772,25.4834885
1480,12.2689858,213.373594,286.4429018,48.98374812,65.75812259,-28.223104,-26.573104,0.229567995,0.431108126,-1.84622321,-26.61538074,1.444043367,-1.044464311,1.78218039,21.65155887
1481,12.2801337,213.4102053,286.4677582,48.9921529,65.76382883,-28.21665937,-26.56665937,0.229567995,0.439512902,-1.851929444,-26.57511472,1.159313039,-0.794836796,1.405621661,10.58703594
1482,12.2846773,213.4412392,286.4880257,48.99927729,65.76848158,-28.21537045,-26.56537045,0.229567995,0.446637298,-1.8565822,-26.56706152,1.178489842,-0.779445281,1.412930732,9.687955215
1483,12.296213,213.4669878,286.5041246,49.00518834,65.77217739,-28.21511266,-26.56511266,0.229567995,0.45254835,-1.860278007,-26.56545088,0.836721544,-0.528007994,0.989391421,1.119500485
1484,12.3009708,213.4879017,286.5164807,49.00998951,65.77501394,-28.21506111,-26.56506111,0.229567995,0.457349518,-1.863114559,-26.56512875,0.80343198,-0.48450175,0.938213671,0.397621947
1485,12.3121463,213.5044599,286.5256122,49.01379073,65.77711024,-28.2150508,-26.5650508,0.229567995,0.461150735,-1.865210857,-26.56506432,0.599229135,-0.436920794,0.741603221,0.043183235
1486,12.3171223,213.5171939,286.531992,49.01671406,65.77857485,-28.21504873,-26.56504873,0.229567995,0.464074065,-1.866675468,-26.56505144,0.577896192,-0.431891413,0.721452841,-8.745350805
1487,12.328122,213.5434029,286.5696588,49.02273081,65.78722193,-28.21504832,-26.56504832,0.229567995,0.470090818,-1.875322546,-26.56504886,0.454473775,-0.438246648,0.631352941,-9.509052487
1488,12.3329882,213.5520037,286.5759169,49.02470527,65.78865859,-28.21504824,-26.56504824,0.229567995,0.472065274,-1.876759209,-26.77820325,0.279510859,-0.69464753,0.748773337,-18.85063494
1489,12.344354,213.5714116,286.6070072,49.0291607,65.79579593,-28.21504822,-26.56504822,0.229567995,0.476520702,-1.883896544,-26.82083413,0.210819067,-0.751039889,0.780067686,-23.46614398
1490,12.3491007,213.5603562,286.6373933,49.02662275,65.8027716,-29.28082275,-27.63082275,0.229567995,0.473982755,-1.890872219,-27.04251522,0.057911606,-0.655871177,0.65842293,-26.81992383
1491,12.3602596,213.572218,286.6654061,49.02934582,65.80920244,-28.42820313,-26.77820313,0.229567995,0.476705826,-1.897303058,-27.30000634,-0.227789585,-0.76090425,0.794269081,-20.37752848
1492,12.3760422,213.557262,286.6867373,49.0259124,65.8140994,-29.32345374,-27.67345374,0.229567995,0.473272403,-1.902200018,-27.56465947,-0.387848159,-0.684455672,0.786705639,-23.56650521
1493,12.3806087,213.5369176,286.7030564,49.02124198,65.81784575,-29.50250386,-27.85250386,0.229567995,0.468601984,-1.905946368,-27.6175901,-0.465151042,-0.476470196,0.665874867,-15.19970444
1494,12.3919686,213.5167138,286.7152157,49.01660385,65.82063714,-29.53831388,-27.88831388,0.229567995,0.463963852,-1.908737757,-27.84133113,-0.580436452,-0.384090562,0.696011519,-10.27630606
1495,12.3966012,213.4981245,286.723886,49.01233634,65.82262757,-29.54547589,-27.89547589,0.229567995,0.459696344,-1.910728185,-27.86388329,-0.712322479,-0.389496742,0.81185653,-6.775330995
1496,12.4080702,213.4815181,286.7296013,49.00852404,65.82393961,-29.54690829,-27.89690829,0.229567995,0.455884046,-1.912040223,-27.84619768,-0.576411178,-0.247965013,0.627484258,-4.444525892
1497,12.4128747,213.4631644,286.7366606,49.00431061,65.8255602,-29.43621454,-27.78621454,0.229567995,0.45167062,-1.913660813,-27.84266056,-0.600702953,-0.197070033,0.632203002,-0.499285967
1498,12.4241118,213.4463651,286.7421791,49.00045404,65.82682707,-29.41407579,-27.76407579,0.229567995,0.447814044,-1.914927682,-27.84195313,-0.448150403,-0.101512003,0.459503504,-0.402213869
1499,12.4287487,213.4356651,286.7420023,48.99799765,65.82678648,-29.52062827,-27.87062827,0.229567995,0.445357652,-1.9148871,-27.84181165,-0.509938291,-0.08432759,0.516863815,-2.016012886
1500,12.4402033,213.4277601,286.7396006,48.99618292,65.82623514,-29.54193876,-27.89193876,0.229567995,0.443542925,-1.914335752,-27.89201467,-0.375948538,-0.000461498,0.375948821,-2.285763716
1501,12.4451423,213.4139621,286.7402133,48.99301534,65.82637578,-29.54620086,-27.89620086,0.229567995,0.440375349,-1.914476398,-27.92425132,-0.336434786,0.066208681,0.342887671,-2.34989715
1502,12.4556678,213.4044701,286.7364525,48.99083629,65.82551244,-29.68722967,-28.03722967,0.229567995,0.438196294,-1.913613058,-27.93069865,-0.218887683,0.092720697,0.237716103,-1.977207123
1503,12.4606713,213.4012961,286.7316443,48.99010762,65.82440861,-29.57525905,-27.92525905,0.229567995,0.437467627,-1.91250923,-27.93198812,-0.181542011,0.133655844,0.225435992,-0.918568505
1504,12.4722545,213.4042219,286.7245142,48.99077929,65.82277177,-29.55286492,-27.90286492,0.229567995,0.438139299,-1.910872385,-27.91004997,-0.030912304,0.143849575,0.147133514,-0.773886104
1505,12.4770739,213.404816,286.7192068,48.99091569,65.82155338,-29.54838609,-27.89838609,0.229567995,0.438275691,-1.909653997,-27.90566234,0.007711908,0.12442446,0.124663226,-5.765550369
1506,12.4880466,213.4101601,286.7181318,48.99214253,65.82130658,-29.4365101,-27.7865101,0.229567995,0.439502536,-1.909407199,-27.96934292,0.113212875,0.162581568,0.198115929,-7.544164051
1507,12.4930072,213.4098597,286.7184581,48.99207355,65.8213815,-29.66529152,-28.01529152,0.229567995,0.439433559,-1.909482113,-28.09618975,0.001257184,0.142103881,0.142109442,-19.73182723
1508,12.5028345,213.4262068,286.7008471,48.99582634,65.81733858,-29.89366194,-28.24366194,0.229567995,0.443186342,-1.905439195,-28.18611722,0.158514747,0.006047453,0.158630063,-23.63180171
1509,12.5074727,213.4160686,286.7000607,48.99349893,65.81715804,-30.18709909,-28.53709909,0.229567995,0.440858932,-1.90525866,-28.45997674,0.541368769,-0.086059112,0.54816632,-29.56968826
1510,12.5188722,213.4565181,286.7212875,49.00278483,65.82203102,-29.99802346,-28.34802346,0.229567995,0.450144832,-1.910131639,-28.67188732,0.62367033,-0.188955704,0.651666278,-26.23283088
1511,12.5234646,213.4970488,286.7300503,49.01208939,65.82404268,-30.80580769,-29.15580769,0.229567995,0.459449397,-1.912143297,-28.83488528,1.305572908,-0.231687369,1.325971212,-31.04889115
1512,12.5351297,213.5172523,286.7569602,49.01672747,65.83022034,-30.7248444,-29.0748444,0.229567995,0.464087472,-1.918320958,-28.9385481,1.468367606,-0.319074761,1.502635062,-18.90897206
1513,12.5393832,213.5875002,286.7532964,49.03285413,65.82937926,-30.70865174,-29.05865174,0.229567995,0.480214133,-1.917479878,-29.07989651,1.614017176,-0.318772345,1.645195202,-15.012536
1514,12.5516076,213.6041237,286.7744905,49.03667036,65.83424474,-30.70541321,-29.05541321,0.229567995,0.484030368,-1.922345353,-29.05966216,1.211867567,-0.308671284,1.250560259,-7.900355636
1515,12.5561408,213.6345896,286.7829018,49.04366435,65.8361757,-30.7047655,-29.0547655,0.229567995,0.491024354,-1.924276319,-29.05561529,1.535395895,-0.13180915,1.54104322,-6.116402366
1516,12.568057,213.6353854,286.8030176,49.04384703,65.84079365,-30.70463596,-29.05463596,0.229567995,0.49120704,-1.928894269,-29.05480592,0.97816945,-0.113240101,0.984702389,0.530420739
1517,12.5729345,213.6782021,286.795481,49.05367639,65.83906348,-30.70461005,-29.05461005,0.229567995,0.501036394,-1.927164094,-29.05464405,0.997712656,-0.015616975,0.997834873,-0.434061055
1518,12.5836088,213.7249437,286.7819696,49.06440677,65.8359617,-30.70460487,-29.05460487,0.229567995,0.511766777,-1.924062318,-29.05461167,1.215600432,0.278534706,1.24710304,-1.166308705
1519,12.5989214,213.7522847,286.7759596,49.07068337,65.834582,-30.70460384,-29.05460384,0.229567995,0.518043378,-1.922682619,-29.10310922,1.287083961,0.356134657,1.335446374,-2.89023492
1520,12.6024249,213.7924565,286.7600147,49.07990555,65.83092156,-30.70460363,-29.05460363,0.229567995,0.527265554,-1.919022171,-29.11280873,1.179451953,0.419183602,1.251727527,-3.882942404
1521,12.6155667,213.8137948,286.7599881,49.08480414,65.83091545,-30.94712373,-29.29712373,0.229567995,0.532164142,-1.919016069,-29.22519358,0.970573724,0.380137951,1.042361845,-3.958283528
1522,12.6201256,213.8431277,286.7466834,49.09153802,65.82786113,-30.75310761,-29.10310761,0.229567995,0.538898021,-1.915961741,-29.24767055,1.057923974,0.480294848,1.161846064,-1.369540455
1523,12.6321559,213.8410767,286.7416864,49.09106718,65.82671397,-31.26652911,-29.61652911,0.229567995,0.538427189,-1.914814588,-29.25216595,0.641873713,0.265429312,0.694589507,-0.646248755
1524,12.6370252,213.8590347,286.7291533,49.09518977,65.82383677,-30.81698868,-29.16698868,0.229567995,0.542549778,-1.911937383,-29.204561,0.811490591,0.220150459,0.840822933,1.145653744
1525,12.6482536,213.8860348,286.7305976,49.10138812,65.82416835,-30.7270806,-29.0770806,0.229567995,0.548748122,-1.912268961,-29.19504001,0.602219951,0.06492138,0.605709216,1.244455789
1526,12.652923,213.9108665,286.7351931,49.10708867,65.8252233,-30.70909898,-29.05909898,0.229567995,0.554448679,-1.913323918,-29.19313581,0.596584247,-0.093541358,0.603873123,-1.331334787
1527,12.6637705,213.9312193,286.74021,49.11176103,65.82637503,-30.70550266,-29.05550266,0.229567995,0.559121034,-1.91447565,-29.241259,0.417246363,-0.215913536,0.469801216,-6.409335468
1528,12.6681567,213.9299331,286.7535263,49.11146577,65.82943203,-31.25700812,-29.60700812,0.229567995,0.558825774,-1.917532649,-29.29938766,0.390072896,-0.412615949,0.567810519,-11.55925741
1529,12.6792921,213.9275059,286.7545437,49.11090855,65.82966559,-31.05760463,-29.40760463,0.229567995,0.558268555,-1.917766205,-29.47324973,0.141591896,-0.535993415,0.554380019,-10.94178465
1530,12.6833954,213.9349442,286.7726508,49.11261616,65.83382241,-31.01772393,-29.36772393,0.229567995,0.55997617,-1.921923022,-29.57542875,0.305427117,-1.192107851,1.230612389,-9.608680721
1531,12.6952704,213.9338284,286.8162477,49.11236,65.84383086,-31.57840929,-29.92840929,0.229567995,0.559720002,-1.931931477,-29.53392364,0.418570248,-1.251239545,1.31939435,-6.931338549
1532,12.6989942,213.954103,286.8711838,49.1170144,65.85644243,-31.2163978,-29.5663978,0.229567995,0.564374407,-1.944543046,-29.52562262,0.716033144,-1.793581188,1.931226797,1.976721633
1533,12.7113759,213.9809841,286.9247204,49.12318544,65.86873271,-31.04948256,-29.39948256,0.229567995,0.570545445,-1.95683333,-29.52396241,0.70931746,-1.737424622,1.876639437,7.630037824
1534,12.7153191,214.0056716,286.9716586,49.1288529,65.87950823,-31.01609952,-29.36609952,0.229567995,0.576212905,-1.967608843,-29.40989807,0.973064855,-2.077178533,2.29380162,7.500634723
1535,12.7277163,214.0263317,287.0112023,49.1335958,65.88858619,-31.00942291,-29.35942291,0.229567995,0.580955801,-1.976686811,-29.36818262,0.769150127,-1.493335071,1.679774256,6.109143105
1536,12.7306456,214.0428836,287.0436331,49.13739558,65.89603127,-31.00808758,-29.35808758,0.229567995,0.584755587,-1.984131881,-29.35983953,0.76837135,-1.505039326,1.689833691,2.727819705
1537,12.7433928,214.0556733,287.0695936,49.14033169,65.90199096,-31.00782052,-29.35782052,0.229567995,0.587691694,-1.990091576,-29.42011183,0.480661097,-0.971615723,1.084007473,-3.323942792
1538,12.7478045,214.0651764,287.0897937,49.1425133,65.90662827,-31.00776711,-29.35776711,0.229567995,0.589873307,-1.994728882,-29.4941072,0.36884191,-0.796624024,0.877869119,-12.48322181
1539,12.7589152,214.0651146,287.0929669,49.14249911,65.90735673,-31.31746101,-29.66746101,0.229567995,0.589859117,-1.995457349,-29.50890628,0.117918504,-0.315309855,0.336637904,-13.67825438
1540,12.7631622,214.061849,287.090327,49.14174944,65.90675069,-31.3793998,-29.7293998,0.229567995,0.589109445,-1.994851306,-29.6891128,-0.100355623,-0.295234904,0.311825111,-10.31235269
1541,12.774688,214.0639852,287.0971057,49.14223984,65.90830686,-31.08208296,-29.43208296,0.229567995,0.589599844,-1.996407473,-29.7251541,-0.052239432,-0.371753467,0.375405911,-6.780054899
1542,12.7792109,214.0470212,287.1043393,49.13834545,65.90996746,-31.90885312,-30.25885312,0.229567995,0.585705459,-1.998068079,-29.67042145,0.024563778,-0.485039403,0.485660995,-14.72249138
1543,12.7915248,214.0864509,287.1812438,49.14739724,65.92762228,-31.18797363,-29.53797363,0.229567995,0.594757248,-2.015722898,-29.65947491,0.184791404,-0.720790861,0.744101692,-6.811189827
1544,12.7957899,214.0935617,287.1929855,49.14902966,65.9303178,-31.04379773,-29.39379773,0.229567995,0.596389668,-2.018418416,-29.83453231,0.121397679,-0.686416338,0.697068709,-8.500110119
1545,12.8079679,214.1266962,287.2479458,49.15663629,65.94293492,-31.32466714,-29.67466714,0.229567995,0.603996293,-2.031035534,-29.86954379,0.434431871,-1.199461485,1.275711137,-20.58698552
1546,12.8238904,214.1076628,287.2453895,49.15226682,65.94234807,-31.95736995,-30.30736995,0.229567995,0.599626829,-2.030448685,-30.05379279,0.365184901,-1.171131538,1.226747362,-23.61233843
1547,12.82832,214.1212494,287.3019708,49.15538586,65.95533734,-32.08391051,-30.43391051,0.229567995,0.602745861,-2.043437958,-30.2678893,0.249547445,-1.222375527,1.247588016,-16.68897403
1548,12.839426,214.1400612,287.3644789,49.15970445,65.9696872,-32.10921863,-30.45921863,0.229567995,0.607064453,-2.057787812,-30.42601438,0.084655403,-1.037412348,1.040860662,-16.22846024
1549,12.8443464,214.1358721,287.3835163,49.15874276,65.97405756,-32.11428025,-30.46428025,0.229567995,0.606102769,-2.06215818,-30.4576394,0.253643018,-1.419488905,1.441972098,-13.97078549
1550,12.8553962,214.1262532,287.3888707,49.15653457,65.97528677,-32.11529257,-30.46529257,0.229567995,0.603894577,-2.063387387,-30.4639644,0.169254904,-0.984353762,0.998799054,-4.308559019
1551,12.8598624,214.1373525,287.4253198,49.15908262,65.98365431,-32.11549504,-30.46549504,0.229567995,0.606442622,-2.071754929,-30.4652294,0.004449724,-0.683875948,0.683890424,-1.463196334
1552,12.8713552,214.1514798,287.4632025,49.16232581,65.99235097,-32.11553553,-30.46553553,0.229567995,0.609685813,-2.080451589,-30.4654824,0.100490004,-0.63338955,0.641311596,-0.1779029
1553,12.8759578,214.1427551,287.4589861,49.16032288,65.99138301,-32.11554363,-30.46554363,0.229567995,0.607682882,-2.079483626,-30.465533,0.253664764,-0.856867037,0.893625723,-0.063508508
1554,12.8877342,214.1573623,287.4916005,49.16367624,65.99887023,-32.11554525,-30.46554525,0.229567995,0.611036248,-2.086970849,-30.46554312,0.201170418,-0.60006624,0.632889429,-1.379844694
1555,12.8923668,214.1687847,287.5163938,49.16629845,66.00456198,-32.11554557,-30.46554557,0.229567995,0.613658456,-2.0926626,-30.46554515,0.278355794,-0.691445004,0.745371143,-2.018808778
1556,12.9039787,214.1843661,287.5462127,49.16987545,66.01140746,-32.11554564,-30.46554564,0.229567995,0.617235452,-2.099508072,-30.54525991,0.274391963,-0.557242043,0.621135769,-1.484654778
1557,12.9089348,214.19879,287.5724129,49.17318672,66.01742217,-32.11554565,-30.46554565,0.229567995,0.620546722,-2.10552279,-30.56120286,0.272671554,-0.51009994,0.578404465,-1.221685103
1558,12.9203151,214.1762348,287.5287233,49.16800876,66.00739246,-32.51411743,-30.86411743,0.229567995,0.615368767,-2.095493073,-30.53093381,0.125974439,-0.064337741,0.141452834,-4.00076
1559,12.9249223,214.1817769,287.5367524,49.16928104,66.00923567,-32.19526001,-30.54526001,0.229567995,0.61664105,-2.097336283,-30.52488,0.140777923,-0.0269055,0.143325955,-6.865876472
1560,12.9359351,214.1737439,287.4887718,49.16743693,65.99822087,-31.96420032,-30.31420032,0.229567995,0.614796937,-2.086321488,-30.67791179,0.014377195,0.12364106,0.124474156,-9.343988271
1561,12.9408965,214.182001,287.4974676,49.1693325,66.00021715,-32.08527659,-30.43527659,0.229567995,0.616692505,-2.088317761,-30.78304635,0.199193389,-0.207081824,0.287334105,-22.67434358
1562,12.9521264,214.1837678,287.520012,49.16973808,66.00539263,-32.88070461,-31.23070461,0.229567995,0.61709809,-2.093493241,-30.95831581,0.145718584,-0.207038861,0.253177795,-28.57708648
1563,12.9570471,214.1938225,287.5365658,49.17204633,66.00919284,-33.03979021,-31.38979021,0.229567995,0.619406331,-2.097293457,-31.27320125,-0.201006591,0.041541664,0.205254377,-32.38439408
1564,12.9680171,214.1942419,287.5556731,49.17214261,66.01357927,-33.07160733,-31.42160733,0.229567995,0.619502615,-2.101679885,-31.58255224,-0.302153539,0.105312175,0.319980336,-30.33017296
1565,12.9726934,214.155517,287.5099815,49.1632526,66.00308994,-33.5386275,-31.8886275,0.229567995,0.610612606,-2.091190552,-31.73655378,-0.291600596,0.058865471,0.297482859,-32.09841694
1566,12.9839515,214.1494521,287.5140768,49.16186029,66.00403008,-33.63203153,-31.98203153,0.229567995,0.609220298,-2.092130698,-31.85948544,-0.371081552,0.152855873,0.401330831,-18.58888169
1567,12.9887255,214.1513004,287.5284902,49.16228461,66.00733894,-33.65071234,-32.00071234,0.229567995,0.609644617,-2.095439556,-31.97620312,-0.337182674,0.104407451,0.352977438,-12.60626741
1568,13.0000642,214.1548409,287.5434232,49.16309741,66.01076708,-33.6544485,-32.0044485,0.229567995,0.610457412,-2.098867695,-31.93588638,0.11555157,-0.410206643,0.426170922,-5.991056835
1569,13.0047704,214.1584955,287.5565864,49.16393639,66.01378892,-33.65519573,-32.00519573,0.229567995,0.611296393,-2.101889541,-31.92782303,0.184648772,-0.48244225,0.516571092,-1.192485893
1570,13.0159926,214.1762206,287.5727175,49.16800549,66.0174921,-33.33704378,-31.68704378,0.229567995,0.615365491,-2.105592717,-31.92621036,0.171795715,-0.369658075,0.407628336,3.920716484
1571,13.0208867,214.1809494,287.5821976,49.16909107,66.01966844,-33.59171479,-31.94171479,0.229567995,0.616451072,-2.107769057,-31.86222755,0.29747328,-0.402484168,0.500483624,7.6364296
1572,13.0323388,214.1821773,287.5886417,49.16937297,66.02114781,-33.64264899,-31.99264899,0.229567995,0.616732977,-2.109248424,-31.84943098,0.26806843,-0.289213631,0.394341486,8.813291514
1573,13.0371079,214.1967208,287.5983323,49.17271168,66.02337245,-33.33453444,-31.68453444,0.229567995,0.620071686,-2.111473068,-31.74387057,0.298743772,-0.267694862,0.401133869,11.09678721
1574,13.0482656,214.1982395,287.6020138,49.17306033,66.0242176,-33.59121292,-31.94121292,0.229567995,0.620420332,-2.11231822,-31.65909821,0.420170739,-0.250329077,0.489089048,14.64033384
1575,13.0641477,214.2339356,287.6173995,49.18125502,66.02774967,-32.80924173,-31.15924173,0.229567995,0.628615024,-2.115850285,-31.47548236,0.546349899,-0.274872309,0.611598724,14.89938987
1576,13.0686855,214.2503212,287.6244732,49.18501662,66.02937356,-33.16785298,-31.51785298,0.229567995,0.63237663,-2.117474171,-31.33575809,0.73464105,-0.302145705,0.794348475,3.470154603
1577,13.080268,214.2833941,287.6371821,49.19260909,66.03229113,-32.72456974,-31.07456974,0.229567995,0.639969094,-2.120391743,-31.30781324,0.692795537,-0.271148308,0.743967111,3.213621507
1578,13.0848685,214.31629,287.6492629,49.20016093,66.03506448,-32.63591309,-30.98591309,0.229567995,0.647520939,-2.123165096,-31.46888565,0.41405245,-0.151926069,0.441045305,-5.569287766
1579,13.0960778,214.3075996,287.6453937,49.1981659,66.03417625,-33.45148865,-31.80148865,0.229567995,0.645525903,-2.122276861,-31.39809903,0.321714611,-0.103052415,0.337816654,-12.25840887
1580,13.1007915,214.2895769,287.6377202,49.19402847,66.03241465,-33.61460376,-31.96460376,0.229567995,0.641388475,-2.120515265,-31.55060308,0.060915684,0.008536437,0.061510905,-12.99846042
1581,13.1122821,214.3079594,287.6434007,49.19824851,66.03371871,-32.8139199,-31.1639199,0.229567995,0.645608513,-2.121819325,-31.58110389,-0.195584159,0.108000447,0.223421708,-3.081885846
1582,13.1170198,214.2945764,287.6370846,49.19517619,66.03226874,-33.48709001,-31.83709001,0.229567995,0.642536195,-2.120369354,-31.58720405,-0.306873919,0.160887741,0.346491656,-5.423094802
1583,13.128374,214.3123335,287.6423034,49.19925266,66.0334668,-32.78841715,-31.13841715,0.229567995,0.646612668,-2.121567417,-31.42176271,-0.059923663,0.065689143,0.088915178,0.95016998
1584,13.1330676,214.2973178,287.6352768,49.19580555,66.03185372,-33.48198946,-31.83198946,0.229567995,0.643165551,-2.119954333,-31.44706617,-0.107297964,0.042928722,0.115566986,-7.352742753
1585,13.1434583,214.3134766,287.6399059,49.19951509,66.03291642,-32.78739704,-31.13739704,0.229567995,0.646875094,-2.121017038,-31.45212686,-0.000103006,-0.074179183,0.074179255,-8.524939593
1586,13.1482335,214.3161888,287.6446338,49.20013772,66.03400178,-32.94043717,-31.29043717,0.229567995,0.647497726,-2.1221024,-31.66304256,-0.203341805,-0.221813046,0.300913471,-21.00641261
1587,13.1601835,214.3103323,287.6591824,49.19879325,66.03734169,-33.51239346,-31.86239346,0.229567995,0.646153254,-2.125442307,-31.74846789,-0.114943105,-0.35628213,0.374364626,-23.44994665
1588,13.1649286,214.2967489,287.6766212,49.19567493,66.04134507,-33.84299566,-32.19299566,0.229567995,0.643034934,-2.129445683,-31.97545652,-0.251943795,-0.428978218,0.497491696,-26.82465004
1589,13.1761111,214.282504,287.6926309,49.19240477,66.0450204,-33.9091161,-32.2591161,0.229567995,0.639764771,-2.133121014,-32.17236608,-0.283415031,-0.402981936,0.492664714,-18.28445943
1590,13.1808704,214.2757041,287.7022868,49.19084373,66.04723707,-33.92234019,-32.27234019,0.229567995,0.638203733,-2.135337682,-32.25499018,-0.260224433,-0.373481395,0.455197878,-18.33865236
1591,13.1921269,214.2743818,287.7070582,49.19054017,66.04833244,-33.92498501,-32.27498501,0.229567995,0.637900172,-2.136433052,-32.271515,-0.165685093,-0.234938074,0.287484693,-9.448407308
1592,13.1967893,214.2744518,287.7097388,49.19055623,66.04894781,-33.92551397,-32.27551397,0.229567995,0.637916233,-2.13704843,-32.30610781,-0.087753608,-0.155047753,0.178158641,-16.62270822
1593,13.2080756,214.2653827,287.717161,49.18847425,66.05065171,-33.92561976,-32.27561976,0.229567995,0.635834254,-2.138752321,-32.34431421,-0.005146291,-0.047243187,0.047522658,-14.52236631
1594,13.2124501,214.2672353,287.7158122,49.18889954,66.05034206,-34.08208013,-32.43208013,0.229567995,0.63625955,-2.138442678,-32.57826348,-0.320717889,0.116735389,0.341302088,-19.29476967
1595,13.2238336,214.2714521,287.7121791,49.18986759,66.04950802,-34.1133722,-32.4633722,0.229567995,0.637227595,-2.137608635,-32.65634117,-0.346024144,0.151596191,0.377775216,-21.80995443
1596,13.228427,214.2393413,287.697721,49.18249598,66.04618891,-35.09473133,-33.44473133,0.229567995,0.629855988,-2.134289523,-32.77269218,-0.526829478,0.138740154,0.544791822,-24.51634235
1597,13.239344,214.233488,287.6957086,49.18115225,66.04572694,-34.31590244,-32.66590244,0.229567995,0.628512254,-2.133827552,-32.99098253,-0.682316587,0.176611556,0.704803211,-9.078470501
1598,13.2444219,214.2094111,287.7004698,49.17562497,66.04681995,-34.50737482,-32.85737482,0.229567995,0.622984979,-2.13492057,-33.07688608,-0.680901001,0.188183338,0.706427025,-7.339188985
1599,13.2550663,214.1778716,287.6884079,49.1683845,66.04405091,-35.17353185,-33.52353185,0.229567995,0.615744511,-2.13215153,-32.82451662,-0.230163462,0.005773392,0.23023586,-4.370826688
1600,13.2595442,214.1796684,287.6858501,49.168797,66.04346374,-34.54288996,-32.89288996,0.229567995,0.616157002,-2.131564358,-32.81628821,-0.214644184,-0.040443784,0.218421211,2.287469739
1601,13.27136,214.2130651,287.6956019,49.17646382,66.04570244,-33.83288402,-32.18288402,0.229567995,0.623823826,-2.13380306,-32.94021504,-0.158872098,-0.105940574,0.190954835,6.441761998
1602,13.2865166,214.2100618,287.7080649,49.17577435,66.04856354,-34.2747604,-32.6247604,0.229567995,0.623134352,-2.136664161,-32.73869242,0.06489474,-0.198213393,0.20856624,-0.475091044
1603,13.289916,214.1980729,287.7161016,49.17302207,66.05040851,-35.12700896,-33.47700896,0.229567995,0.620382076,-2.13850913,-32.72559005,0.266681622,-0.411832616,0.490637536,-3.521774498
1604,13.3029142,214.2229076,287.7274949,49.17872335,66.05302406,-34.16591876,-32.51591876,0.229567995,0.626083351,-2.141124675,-32.86694723,0.201632012,-0.435952592,0.480322944,0.490648126
1605,13.3070553,214.2427691,287.7443966,49.18328291,66.05690414,-34.47737809,-32.82737809,0.229567995,0.630642916,-2.145004759,-32.92242082,0.379852674,-0.562422871,0.678680735,-6.154216735
1606,13.3190126,214.2596249,287.7605468,49.18715246,66.0606117,-34.53966995,-32.88966995,0.229567995,0.634512465,-2.148712319,-32.80794303,0.587050772,-0.497054418,0.769214992,-7.17760889
1607,13.3229186,214.2740127,287.7745178,49.19045542,66.063819,-34.55212833,-32.90212833,0.229567995,0.63781543,-2.151919617,-32.88578294,0.621299957,-0.569782129,0.843009675,-5.165999449
1608,13.3352483,214.2861698,287.786113,49.19324631,66.06648088,-34.55462,-32.90462,0.229567995,0.640606315,-2.154581497,-32.90135092,0.431178362,-0.40925541,0.594478571,-2.496703909
1609,13.3390589,214.296293,287.7954891,49.19557027,66.06863334,-34.55511834,-32.90511834,0.229567995,0.642930272,-2.15673396,-32.90446452,0.440210345,-0.409933712,0.601523729,-4.417555547
1610,13.3516697,214.3045573,287.8028686,49.19746748,66.07032743,-34.555218,-32.905218,0.229567995,0.644827486,-2.158428043,-32.90508724,0.292567732,-0.262874078,0.393317503,-0.780396809
1611,13.3557699,214.3111437,287.8084671,49.19897953,66.07161267,-34.55523794,-32.90523794,0.229567995,0.646339533,-2.159713284,-32.90521178,0.295365171,-0.254733978,0.390038439,-1.777832273
1612,13.366677,214.3162465,287.8125446,49.20015095,66.07254874,-34.55524192,-32.90524192,0.229567995,0.647510958,-2.160649359,-32.92421741,0.175822463,-0.152574543,0.23279289,-1.689196819
1613,13.3703222,214.3200627,287.8153264,49.20102705,66.07318735,-34.55524272,-32.90524272,0.229567995,0.648387052,-2.161287966,-32.94699924,0.140113285,-0.148076525,0.20385875,-7.447855876
1614,13.3825079,214.3207078,287.8181962,49.20117514,66.07384617,-34.65014644,-33.00014644,0.229567995,0.648535142,-2.161946785,-32.95155561,0.069757749,-0.085825857,0.110599373,-9.814424113
1615,13.3868932,214.320171,287.8203327,49.2010519,66.07433665,-34.66912719,-33.01912719,0.229567995,0.648411905,-2.162437262,-33.07803939,-0.092574728,-0.149347975,0.175712543,-16.10503335
1616,13.3996106,214.3211125,287.8204549,49.20126805,66.07436469,-34.57801977,-32.92801977,0.229567995,0.648628052,-2.162465302,-33.22890866,-0.121200758,-0.092887681,0.15270149,-17.26164068
1617,13.4037306,214.3084733,287.8276952,49.19836649,66.07602683,-35.18766084,-33.53766084,0.229567995,0.645726492,-2.164127447,-33.36567431,-0.033369684,0.006947597,0.034085259,-24.74072537
1618,13.4148622,214.3131871,287.8225015,49.19944861,66.07483452,-35.30958905,-33.65958905,0.229567995,0.646808614,-2.162935138,-33.49961924,0.001096135,0.058961147,0.058971335,-19.46988415
1619,13.4188962,214.3211175,287.8146799,49.20126918,66.07303894,-35.3339747,-33.6839747,0.229567995,0.648629191,-2.161139559,-33.65198073,0.089966616,0.160479329,0.183977191,-17.46427033
1620,13.4311416,214.3288107,287.8067736,49.2030353,66.07122391,-35.33885182,-33.68885182,0.229567995,0.650395306,-2.159324521,-33.68245303,0.17963819,0.217677935,0.282229627,-10.84474532
1621,13.4344619,214.3354833,287.7994641,49.20456712,66.06954587,-35.33982725,-33.68982725,0.229567995,0.651927122,-2.157646488,-33.68854627,-0.067265523,0.081315687,0.105531472,-8.452111714
1622,13.4469071,214.3216104,287.8058307,49.20138234,66.07100744,-35.34002233,-33.69002233,0.229567995,0.648742342,-2.159108053,-33.68976492,-0.122849274,-0.182148499,0.219704392,-0.899030941
1623,13.4504046,214.3042834,287.8145863,49.19740461,66.07301745,-35.34005525,-33.69005525,0.229567995,0.644764611,-2.161118069,-33.69000865,0.034430347,-0.86962049,0.870301813,-7.784671737
1624,13.4628063,214.3136502,287.8617047,49.19955493,66.08383433,-35.34006793,-33.69006793,0.229567995,0.646914934,-2.17193495,-33.69005739,0.063065289,-1.090615881,1.092437747,-9.894192042
1625,13.4663538,214.3280311,287.9125316,49.20285632,66.09550255,-35.34007047,-33.69007047,0.229567995,0.650216326,-2.183603167,-33.82101929,0.377078911,-1.428276285,1.477214152,-11.589003
1626,13.4790445,214.3614496,287.9456775,49.21052814,66.10311178,-35.34007098,-33.69007098,0.229567995,0.65788815,-2.191212395,-33.97816504,0.660268121,-1.398235625,1.546291323,-13.69296837
1627,13.482711,214.3824385,287.9745175,49.21534653,66.10973253,-35.99483182,-34.34483182,0.229567995,0.662706531,-2.197833149,-34.00959419,0.644219323,-1.309124171,1.459049222,-15.49409432
1628,13.4956708,214.3981685,287.9984817,49.21895763,66.11523394,-36.12578399,-34.47578399,0.229567995,0.666317639,-2.203334554,-34.14683217,0.57457743,-0.859091367,1.033526584,-8.504721508
1629,13.5109758,214.4043784,288.026926,49.22038322,66.12176385,-35.49721368,-33.84721368,0.229567995,0.667743229,-2.209864466,-34.28472349,0.550835518,-0.748692963,0.929494982,-6.049988735
1630,13.5145649,214.413484,288.0431695,49.22247357,66.12549283,-36.02626036,-34.37626036,0.229567995,0.669833576,-2.213593447,-34.29179333,0.433201102,-0.48103044,0.647343401,-9.683796475
1631,13.527527,214.4409145,288.0458571,49.22877074,66.12610981,-36.02952759,-34.37952759,0.229567995,0.676130742,-2.214210429,-34.2932073,0.391890951,-0.416593288,0.571951471,-7.593359813
1632,13.5316677,214.4540091,288.0542881,49.23177685,66.1280453,-36.03018103,-34.38018103,0.229567995,0.679136856,-2.216145914,-34.40393382,0.426329527,-0.392998898,0.579831872,-5.807744845
1633,13.543587,214.457752,288.0596002,49.23263609,66.12926478,-36.13285383,-34.48285383,0.229567995,0.6799961,-2.2173654,-34.4055707,0.423109529,-0.131214437,0.442988602,-5.414832618
1634,13.5476046,214.4623956,288.0650023,49.23370212,66.13050494,-36.05084628,-34.40084628,0.229567995,0.681062123,-2.218605554,-34.40589808,0.393041617,-0.121360465,0.411351523,-4.349013525
1635,13.5600812,214.4931738,288.0503311,49.24076781,66.1271369,-36.03444477,-34.38444477,0.229567995,0.688127815,-2.215237517,-34.40596355,0.242819752,-0.038301021,0.245821887,1.072674377
1636,13.5640075,214.4989114,288.0503025,49.24208498,66.12713034,-36.03116447,-34.38116447,0.229567995,0.689444987,-2.215230956,-34.38546822,0.194244572,-0.040333003,0.198387764,1.13570948
1637,13.5751637,214.4976908,288.0528359,49.24180476,66.12771194,-36.03050841,-34.38050841,0.229567995,0.689164771,-2.215812554,-34.38136916,0.123693245,0.015620606,0.124675668,1.15493258
1638,13.5797734,214.4942614,288.0550944,49.24101749,66.1282304,-36.03037719,-34.38037719,0.229567995,0.688377492,-2.216331015,-34.38054934,-0.034614314,-0.044300536,0.056219999,-0.995011171
1639,13.5909807,214.4899937,288.0565058,49.24003776,66.12855443,-36.03035095,-34.38035095,0.229567995,0.687397767,-2.216655043,-34.38038538,-0.132245222,-0.052513545,0.142290095,-3.085415986
1640,13.595661,214.485402,288.0571105,49.23898365,66.12869323,-36.0303457,-34.3803457,0.229567995,0.686343659,-2.216793848,-34.43072185,-0.219187794,-0.067622264,0.229381908,-5.926998028
1641,13.6072123,214.4777195,288.0590927,49.23722,66.12914829,-36.03034465,-34.38034465,0.229567995,0.684580003,-2.217248901,-34.49115841,-0.219137576,-0.05307962,0.225474441,-7.038541491
1642,13.6117249,214.4686807,288.0616024,49.23514497,66.12972444,-36.28219076,-34.63219076,0.229567995,0.682504972,-2.217825051,-34.55361498,-0.280174811,-0.060984127,0.286735049,-13.39213282
1643,13.6234093,214.4600008,288.063626,49.23315235,66.13018899,-36.33255998,-34.68255998,0.229567995,0.680512356,-2.218289607,-34.61647556,-0.264896764,-0.058371201,0.271251715,-13.33669701
1644,13.628024,214.4521088,288.0650017,49.2313406,66.1305048,-36.34263382,-34.69263382,0.229567995,0.678700604,-2.218605413,-34.76300764,-0.361926641,-0.102110761,0.376055183,-13.27393287
1645,13.6387989,214.4451233,288.0657804,49.22973695,66.13068358,-36.34464859,-34.69464859,0.229567995,0.677096954,-2.218784197,-34.87590475,-0.320461951,-0.098019415,0.335117394,-10.58413531
1646,13.6433899,214.4323677,288.0709419,49.22680867,66.13186848,-36.76300504,-35.11300504,0.229567995,0.674168677,-2.219969097,-34.89848417,-0.243684218,-0.210983368,0.322328992,-9.54521962
1647,13.6549248,214.4196802,288.0763292,49.22389603,66.13310524,-36.84667632,-35.19667632,0.229567995,0.671256034,-2.221205859,-34.90300006,-0.1341917,-0.246402972,0.28057412,-1.815362645
1648,13.6597991,214.4242102,288.0891659,49.22493597,66.13605214,-36.44545709,-34.79545709,0.229567995,0.672295977,-2.224152755,-34.90390323,-0.024619534,-0.351274361,0.352136051,4.457093247
1649,13.6718946,214.4323694,288.1021026,49.22680906,66.13902198,-36.36521324,-34.71521324,0.229567995,0.674169062,-2.227122597,-34.82049317,0.133191592,-0.33685304,0.362229169,5.785676053
1650,13.6766959,214.4407149,288.1134163,49.22872491,66.14161924,-36.34916448,-34.69916448,0.229567995,0.676084919,-2.229719859,-34.72022046,0.246252241,-0.385422799,0.457373917,6.025490813
1651,13.6883236,214.4483745,288.1228365,49.23048332,66.14378182,-36.34595472,-34.69595472,0.229567995,0.677843328,-2.23188244,-34.70016592,0.228710391,-0.290059519,0.369381873,6.077569565
1652,13.6932902,214.4551417,288.1304101,49.23203686,66.14552047,-36.34531277,-34.69531277,0.229567995,0.679396862,-2.233621087,-34.69615501,0.243424053,-0.282325683,0.372777495,4.704825416
1653,13.7039717,214.4609877,288.1363546,49.23337891,66.14688516,-36.34518438,-34.69518438,0.229567995,0.680738918,-2.234985776,-34.69535283,0.180435543,-0.187301171,0.260074439,0.528497311
1654,13.7089484,214.4659397,288.1408392,49.23451572,66.14791466,-36.3451587,-34.6951587,0.229567995,0.681875728,-2.236015274,-34.69519239,0.159966588,-0.156437469,0.223745371,0.183634259
1655,13.7202018,214.4700616,288.144066,49.23546198,66.14865544,-36.34515357,-34.69515357,0.229567995,0.682821984,-2.236756053,-34.6951603,0.124159113,-0.099157232,0.158895066,-2.040281129
1656,13.7360057,214.4734267,288.146246,49.23623449,66.1491559,-36.34515254,-34.69515254,0.229567995,0.683594496,-2.237256512,-34.69515389,0.107634943,-0.07596907,0.131744375,-4.65741828
1657,13.7406118,214.4761104,288.1475234,49.2368506,66.14944915,-36.34515233,-34.69515233,0.229567995,0.684210603,-2.237549767,-34.74265199,0.334266186,0.257762304,0.422108148,-5.958103845
1658,13.7517031,214.478189,288.1480945,49.23732777,66.14958026,-36.34515229,-34.69515229,0.229567995,0.684687775,-2.237680879,-34.8869563,0.278315596,0.275331982,0.391493641,-8.3540912
1659,13.756163,214.5046409,288.1196958,49.24340029,66.14306081,-36.58264923,-34.93264923,0.229567995,0.690760296,-2.231161427,-34.91581716,0.236373416,0.260474518,0.351737638,-15.21971506
1660,13.7679001,214.4946371,288.1185699,49.24110373,66.14280235,-37.06667511,-35.41667511,0.229567995,0.688463737,-2.230902961,-35.05639341,0.27458169,0.343628125,0.439858378,-13.73719704
1661,13.7726461,214.4913122,288.1207603,49.24034043,66.1433052,-36.48945685,-34.83945685,0.229567995,0.687700438,-2.231405819,-35.21931274,0.444881646,0.539174405,0.699019826,-11.41131725
1662,13.7838842,214.5072122,288.1035238,49.24399057,66.13934825,-37.04803358,-35.39803358,0.229567995,0.691350576,-2.227448869,-35.25189661,0.268753838,0.354174466,0.444598895,-12.48826602
1663,13.788602,214.5255953,288.0836736,49.24821075,66.13479128,-37.15974893,-35.50974893,0.229567995,0.695570752,-2.222891898,-35.25841277,0.452882842,0.511187182,0.682945974,-9.099806009
1664,13.8000821,214.5496461,288.05683,49.25373203,66.12862884,-36.74556856,-35.09556856,0.229567995,0.701092031,-2.216729454,-35.39452008,0.531158047,0.58435482,0.789683118,-1.231510624
1665,13.8049141,214.5649056,288.0398423,49.25723512,66.124729,-37.09925592,-35.44925592,0.229567995,0.704595126,-2.21282962,-35.37052816,0.769456205,0.402427816,0.868338067,-3.850575362
1666,13.8160857,214.5761248,288.0271954,49.25981069,66.12182568,-37.1699934,-35.5199934,0.229567995,0.707170697,-2.209926299,-35.3145164,0.676139198,0.209894366,0.707968827,-2.919471204
1667,13.8208437,214.6075512,288.0387507,49.2670252,66.12447843,-36.928074,-35.278074,0.229567995,0.714385209,-2.212579044,-35.39061934,0.619119083,0.173676531,0.643017866,1.956837936
1668,13.8318361,214.6280421,288.0385955,49.27172926,66.12444278,-36.87969012,-35.22969012,0.229567995,0.719089263,-2.212543396,-35.35462655,0.514340765,0.023230402,0.514865103,0.286820268
1669,13.8364995,214.6320205,288.0313698,49.27264255,66.12278399,-37.12608329,-35.47608329,0.229567995,0.720002557,-2.210884604,-35.29621462,0.562102621,-0.017861914,0.562386348,-1.046927815
1670,13.8481784,214.6422504,288.0285791,49.27499102,66.12214335,-36.91929197,-35.26929197,0.229567995,0.722351029,-2.210243967,-35.33574622,0.29183129,0.049688984,0.296031243,3.041813312
1671,13.8529557,214.6520177,288.0274466,49.27723328,66.12188336,-36.87793371,-35.22793371,0.229567995,0.724593281,-2.209983974,-35.34365254,0.375711478,-0.125757694,0.396199586,0.649771246
1672,13.8641117,214.6600328,288.0381269,49.27907328,66.12433522,-37.12573201,-35.47573201,0.229567995,0.726433289,-2.212435831,-35.29401981,0.404842189,-0.269075154,0.486105581,-2.887259762
1673,13.8688651,214.6775776,288.0562236,49.28310102,66.12848964,-36.91922172,-35.26922172,0.229567995,0.730461025,-2.216590257,-35.33530726,0.394190294,-0.38534454,0.551249855,-0.544090399
1674,13.8803916,214.694724,288.0743434,49.28703728,66.13264936,-36.87791966,-35.22791966,0.229567995,0.734397283,-2.220749974,-35.39477874,0.163112638,-0.523694514,0.548508594,-0.07096583
1675,13.8851113,214.6977632,288.0851676,49.28773498,66.13513425,-37.1257292,-35.4757292,0.229567995,0.735094984,-2.223234862,-35.35545904,-0.146254175,-0.850922598,0.863399995,-3.076392637
1676,13.8961772,214.6646942,288.1158888,49.28014341,66.14218685,-37.1752911,-35.5252911,0.229567995,0.727503414,-2.230287462,-35.3475951,-0.282053766,-0.725497628,0.778396516,-0.602228498
1677,13.90087,214.6364456,288.1538272,49.27365843,66.15089631,-36.92913354,-35.27913354,0.229567995,0.721018435,-2.238996922,-35.39723631,-0.421260243,-0.492495502,0.648083338,2.878261354
1678,13.9120739,214.6446613,288.1658753,49.27554449,66.15366216,-36.87990202,-35.22990202,0.229567995,0.722904499,-2.241762779,-35.35595056,-0.399959099,-0.382723183,0.553574128,1.423707803
1679,13.9169315,214.6371594,288.1488602,49.2738223,66.14975603,-37.12612567,-35.47612567,0.229567995,0.721182305,-2.237856648,-35.29647942,-0.430979029,-0.499281831,0.659564455,-0.768982762
1680,13.9281715,214.649612,288.147765,49.276681,66.14950461,-36.91930045,-35.26930045,0.229567995,0.724041007,-2.237605222,-35.28458519,-0.246755846,-0.243608277,0.346746939,2.085316508
1681,13.9329346,214.6321601,288.1730802,49.2726746,66.15531616,-36.87793541,-35.22793541,0.229567995,0.72003461,-2.243416778,-35.33342033,-0.690513039,-0.227646785,0.727070365,1.691993469
1682,13.9441567,214.6096353,288.2013129,49.26750364,66.16179751,-36.8696624,-35.2196624,0.229567995,0.714863648,-2.249898123,-35.29197337,-0.757290458,-0.398484733,0.855732973,-0.726599018
1683,13.9489808,214.5665476,288.2048235,49.25761209,66.16260341,-37.12407774,-35.47407774,0.229567995,0.704972091,-2.250704028,-35.28368398,-0.75689186,-0.386693433,0.849951233,-0.934010369
1684,13.9600375,214.5333911,288.2072346,49.2500004,66.16315693,-36.91889087,-35.26889087,0.229567995,0.697360404,-2.251257548,-35.2820261,-0.312370342,-0.068866781,0.319871636,3.341920576
1685,13.9757159,214.5508969,288.2016805,49.25401918,66.16188188,-36.87785349,-35.22785349,0.229567995,0.701379185,-2.249982497,-35.28169453,-0.111179603,0.076480636,0.134945144,1.902537365
1686,13.9803246,214.5786307,288.1942724,49.26038598,66.16018121,-36.86964602,-35.21964602,0.229567995,0.70774599,-2.248281828,-35.23041422,0.120068434,0.113891286,0.165492157,1.230380291
1687,13.9920149,214.6063925,288.1866754,49.26675918,66.15843719,-36.86800452,-35.21800452,0.229567995,0.71411919,-2.246537808,-35.27137215,0.278734055,0.170565076,0.326779924,1.171161799
1688,13.9970023,214.5869657,288.186241,49.26229942,66.15833747,-36.86767622,-35.21767622,0.229567995,0.709659428,-2.246438084,-35.27956374,0.116644672,-0.001346112,0.116652439,-1.031240542
1689,14.0082122,214.5920883,288.1748485,49.2634754,66.15572212,-37.12368051,-35.47368051,0.229567995,0.710835403,-2.243822736,-35.28120205,-0.073718822,-0.061606179,0.096071775,-3.457339008
1690,14.0129017,214.580769,288.1907458,49.26087685,66.15937163,-36.91881142,-35.26881142,0.229567995,0.708236853,-2.247472249,-35.33274371,-0.052187719,0.0386813,0.064959995,-0.559772489
1691,14.0231726,214.5999919,288.1877164,49.26528982,66.15867617,-36.8778376,-35.2278376,0.229567995,0.712649824,-2.246776782,-35.34305204,0.205942359,0.064956083,0.215943391,-0.073301245
1692,14.0276474,214.6127169,288.1750343,49.26821108,66.15576476,-37.12571278,-35.47571278,0.229567995,0.715571087,-2.243865376,-35.29389971,0.274261718,0.2339136,0.360465064,0.036397329
1693,14.0400926,214.6342087,288.1668283,49.27314491,66.15388094,-36.91921787,-35.26921787,0.229567995,0.720504919,-2.241981558,-35.28406925,0.269746464,0.392127961,0.475949045,2.241791009
1694,14.0449792,214.643713,288.1438799,49.27532679,66.14861273,-36.87791889,-35.22791889,0.229567995,0.722686795,-2.236713341,-35.28210316,0.295703546,0.399760639,0.497241547,2.445873037
1695,14.055887,214.6163116,288.1432698,49.26903629,66.14847266,-36.8696591,-35.2196591,0.229567995,0.716396297,-2.236573271,-35.28170933,0.148860178,0.364890757,0.394087068,0.249301146
1696,14.060585,214.6277603,288.1411031,49.27166455,66.14797525,-36.86800714,-35.21800714,0.229567995,0.719024561,-2.236075867,-35.28163056,-0.09272525,0.157014842,0.182350302,-1.99585032
1697,14.0719115,214.6237446,288.1176046,49.27074268,66.14258074,-37.12374364,-35.47374364,0.229567995,0.718102681,-2.230681358,-35.28161481,-0.123882964,-0.073228006,0.143907365,-3.163461417
1698,14.0768187,214.6063985,288.1365865,49.26676057,66.14693839,-36.91882405,-35.26882405,0.229567995,0.714120573,-2.235039003,-35.33282565,-0.231251643,-0.240123498,0.333371589,-1.552701611
1699,14.0881247,214.6207158,288.1401876,49.27004737,66.14776508,-36.87784013,-35.22784013,0.229567995,0.717407378,-2.235865695,-35.3942818,-0.380319668,-0.178801998,0.420253738,-1.416042013
1700,14.0929359,214.5973787,288.1574071,49.26468991,66.15171814,-37.12571329,-35.47571329,0.229567995,0.712049911,-2.239818751,-35.35535966,-0.304589672,-0.076364572,0.314016586,-3.418299832
1701,14.1040555,214.5883744,288.1374276,49.26262281,66.14713149,-37.17528792,-35.52528792,0.229567995,0.709982811,-2.235232103,-35.34757523,-0.055190727,0.113389682,0.126108035,-1.510143863
1702,14.1090163,214.5947979,288.1160677,49.26409745,66.14222793,-36.9291329,-35.2791329,0.229567995,0.711457451,-2.230328549,-35.39723233,-0.010268857,0.164027608,0.164348732,-0.505472984
1703,14.1201119,214.6158473,288.113131,49.26892971,66.14155376,-36.8799019,-35.2299019,0.229567995,0.71628972,-2.229654371,-35.40716375,0.196326019,0.406345961,0.451288096,-3.036232543
1704,14.1249288,214.62666,288.1093527,49.27141197,66.14068638,-37.12612564,-35.47612564,0.229567995,0.718771977,-2.228786993,-35.40915004,0.273274785,0.365331142,0.456230152,-5.632095504
1705,14.1362374,214.6226913,288.0901434,49.27050088,66.13627653,-37.17537039,-35.52537039,0.229567995,0.717860886,-2.224377141,-35.46076128,0.237848121,0.169434711,0.292027139,-2.909633978
1706,14.1412488,214.6270321,288.0856157,49.27149738,66.13523712,-37.18521934,-35.53521934,0.229567995,0.718857387,-2.223337731,-35.52229752,-0.106247692,-0.071606464,0.128125164,-2.402577245
1707,14.152049,214.6326835,288.0851933,49.27279476,66.13514015,-37.18718913,-35.53718913,0.229567995,0.720154764,-2.223240765,-35.48339078,-0.159060376,-0.14816436,0.217377278,-1.365046258
1708,14.1567935,214.606127,288.1088456,49.26669823,66.14056997,-37.18758309,-35.53758309,0.229567995,0.714058238,-2.228670585,-35.47560882,-0.175328045,-0.074617479,0.190545773,2.165855382
1709,14.1678442,214.6182218,288.1186039,49.26947482,66.14281016,-36.93159194,-35.28159194,0.229567995,0.716834828,-2.230910778,-35.42283844,-0.331586066,-0.151507972,0.364559987,5.764350146
1710,14.1725627,214.614894,288.1030305,49.26871088,66.139235,-37.1364606,-35.4864606,0.229567995,0.716070881,-2.227335618,-35.36107037,-0.349882386,-0.125266037,0.371630548,5.19760352
1711,14.1836891,214.5866649,288.1116112,49.26223038,66.14120486,-36.92136744,-35.27136744,0.229567995,0.709590385,-2.229305473,-35.29750277,0.088757187,0.074024329,0.11557439,4.96788232
1712,14.2002286,214.5887286,288.1015112,49.26270413,66.13888622,-36.8783488,-35.2283488,0.229567995,0.710064137,-2.226986835,-35.28478925,0.139135927,0.087542285,0.16438509,4.022640667
1713,14.2054009,214.6091916,288.1048456,49.26740177,66.13965169,-36.86974508,-35.21974508,0.229567995,0.714761779,-2.227752301,-35.28224655,0.153062156,0.081111659,0.173225647,-0.720026336
1714,14.2157604,214.6318969,288.1109434,49.27261419,66.14105156,-36.86802433,-35.21802433,0.229567995,0.719974192,-2.229152178,-35.28173801,0.336378143,0.103488203,0.351937585,-2.054890983
1715,14.220572,214.6299629,288.0957367,49.2721702,66.13756057,-37.12374708,-35.47374708,0.229567995,0.719530209,-2.225661185,-35.33285029,0.39832843,0.060057703,0.402830567,-4.767407842
1716,14.2312082,214.6454439,288.0987556,49.27572415,66.13825363,-36.91882473,-35.26882473,0.229567995,0.723084154,-2.226354246,-35.34307274,0.274064002,0.064251667,0.281494856,-4.175780154
1717,14.235371,214.6515801,288.1001513,49.27713282,66.13857402,-37.13391021,-35.48391021,0.229567995,0.724492825,-2.226674635,-35.39633122,0.089192426,0.241961934,0.257877619,-3.814519338
1718,14.2471289,214.6662748,288.1066571,49.28050626,66.14006755,-36.92085736,-35.27085736,0.229567995,0.727866269,-2.228168164,-35.35576954,0.024784244,-0.002007739,0.024865433,-1.664263249
1719,14.2515012,214.6582527,288.0923076,49.27866463,66.13677336,-37.13431674,-35.48431674,0.229567995,0.726024635,-2.224873979,-35.3476572,-0.37949142,-0.152760349,0.409083685,-1.458678251
1720,14.2641215,214.6354761,288.1194819,49.27343586,66.14301172,-36.92093866,-35.27093866,0.229567995,0.720795863,-2.231112339,-35.34603474,-0.454869261,-0.141451897,0.476355628,1.101255362
1721,14.2689774,214.599787,288.1368041,49.26524278,66.14698833,-36.87826305,-35.22826305,0.229567995,0.712602787,-2.23508895,-35.34571024,-0.456494831,0.015720864,0.45676545,0.411847177
1722,14.2803505,214.5978799,288.1378158,49.26480498,66.1472206,-37.12579787,-35.47579787,0.229567995,0.712164989,-2.235321216,-35.34564473,-0.388290788,-0.048889646,0.39135653,-0.872839254
1723,14.285207,214.6037775,288.1238781,49.26615888,66.14402094,-36.91923489,-35.26923489,0.229567995,0.713518889,-2.232121558,-35.34563163,-0.2487899,0.205625541,0.322766599,-1.342393681
1724,14.2964178,214.5998618,288.1028613,49.26525995,66.13919616,-37.13398919,-35.48398919,0.229567995,0.712619954,-2.227296777,-35.396843,0.121900949,0.377328861,0.396531096,-1.394888119
1725,14.3010328,214.6055547,288.0872159,49.26656687,66.13560447,-36.92087316,-35.27087316,0.229567995,0.713926876,-2.223705087,-35.40708466,0.089471815,0.524857336,0.532428802,-1.414026436
1726,14.3115023,214.6131349,288.0854102,49.26830703,66.13518995,-37.13431989,-35.48431989,0.229567995,0.715667039,-2.223290569,-35.409133,0.0533799,0.433459393,0.436733854,-2.277561891
1727,14.3160644,214.6091477,288.0711572,49.26739169,66.13191792,-37.17700619,-35.52700619,0.229567995,0.7147517,-2.220018539,-35.40954327,0.134217494,0.321468617,0.348362466,0.336013913
1728,14.3279523,214.6142391,288.0607047,49.26856053,66.12951834,-36.92947656,-35.27947656,0.229567995,0.715920534,-2.217618959,-35.46083932,0.104134746,0.142344268,0.17636875,1.83409666
1729,14.3327706,214.6210395,288.0634245,49.27012167,66.13014272,-37.13604057,-35.48604057,0.229567995,0.717481679,-2.218243338,-35.41988454,0.12573752,0.181765821,0.221017505,2.377968074
1730,14.3440402,214.6275575,288.0691856,49.27161801,66.13146529,-37.17735338,-35.52735338,0.229567995,0.718978015,-2.219565908,-35.3604802,0.235566244,-0.00413282,0.235602494,2.439901357
1731,14.3487479,214.633181,288.0643316,49.27290899,66.13035098,-36.92954599,-35.27954599,0.229567995,0.720268991,-2.218451592,-35.34859934,0.381305015,-0.165802453,0.415793179,5.487384872
1732,14.3595645,214.6496016,288.0743333,49.27667861,66.13264705,-36.87998452,-35.22998452,0.229567995,0.724038618,-2.220747667,-35.34622255,0.287494391,-0.103898831,0.305692643,3.958669995
1733,14.3642969,214.66665,288.0868359,49.28059238,66.13551724,-36.87007222,-35.22007222,0.229567995,0.727952385,-2.223617856,-35.29453321,0.363649193,-0.161367918,0.397844619,2.99552223
1734,14.3763701,214.6590217,288.077373,49.27884116,66.13334487,-37.12415666,-35.47415666,0.229567995,0.726201168,-2.221445486,-35.28419534,0.360004795,-0.253238675,0.440151427,2.4979704
1735,14.3809096,214.6691766,288.0853757,49.28117242,66.13518202,-36.91890665,-35.26890665,0.229567995,0.72853243,-2.223282634,-35.28212776,0.401796562,-0.311872918,0.508630705,4.558909846
1736,14.392412,214.6820036,288.0965316,49.28411709,66.13774306,-36.87785665,-35.22785665,0.229567995,0.731477096,-2.225843679,-35.28171425,0.229444957,-0.159999494,0.279722767,2.569005651
1737,14.397286,214.6938392,288.1072628,49.28683416,66.1402066,-36.86964665,-35.21964665,0.229567995,0.734194169,-2.228307215,-35.23041817,0.244120943,-0.165092115,0.294703989,2.424226506
1738,14.4078308,214.6922434,288.100241,49.28646781,66.13859462,-36.86800465,-35.21800465,0.229567995,0.733827813,-2.226695236,-35.22015895,0.076256728,0.038286744,0.085328561,2.354482276
1739,14.4233316,214.6874041,288.0898109,49.28535687,66.13620021,-36.86767625,-35.21767625,0.229567995,0.732716871,-2.224300826,-35.21810711,0.00467825,0.117960108,0.11805284,2.348657778
1740,14.4271761,214.6819485,288.0795587,49.28410444,66.13384664,-36.86761057,-35.21761057,0.229567995,0.731464446,-2.221947255,-35.21769674,-0.159138446,0.302733807,0.342012869,0.244523697
1741,14.4391966,214.6766135,288.0703581,49.2828797,66.13173447,-36.86759743,-35.21759743,0.229567995,0.730239702,-2.219835088,-35.21761467,-0.123155468,0.232243315,0.262876828,0.049998665
1742,14.4435603,214.6716406,288.0624046,49.28173806,66.1299086,-36.8675948,-35.2175948,0.229567995,0.729098067,-2.218009211,-35.21759825,-0.137288937,0.239909605,0.27641431,0.023555479
1743,14.4548052,214.6787515,288.0721807,49.28337051,66.13215288,-36.86759428,-35.21759428,0.229567995,0.730730512,-2.220253501,-35.21759497,-0.090717077,0.141694303,0.168246437,0.002209413
1744,14.4590626,214.6761118,288.0686052,49.28276452,66.13133205,-36.86759417,-35.21759417,0.229567995,0.730124526,-2.219432667,-35.21759431,-0.127052045,0.177366099,0.218176432,-2.671700271
1745,14.4705616,214.6714579,288.0625386,49.28169613,66.12993935,-36.86759415,-35.21759415,0.229567995,0.729056137,-2.218039966,-35.21759418,-0.090993962,0.113089602,0.145152194,-2.840929284
1746,14.4743942,214.6667239,288.0566274,49.28060935,66.12858233,-36.86759415,-35.21759415,0.229567995,0.727969354,-2.216682947,-35.26880814,-0.167677374,0.064994613,0.17983326,-2.958155286
1747,14.4865535,214.6624161,288.0514875,49.27962043,66.12740237,-36.86759415,-35.21759415,0.229567995,0.726980434,-2.215502989,-35.27905094,-0.150531358,0.033823077,0.154284446,-2.964463169
1748,14.4900503,214.6587872,288.0581905,49.27878733,66.12894117,-37.12366409,-35.47366409,0.229567995,0.726147339,-2.217041783,-35.28109949,-0.161697043,0.049860772,0.169210018,-5.391468911
1749,14.5031046,214.6555682,288.0560897,49.27804837,66.12845889,-36.91880814,-35.26880814,0.229567995,0.725408371,-2.216559506,-35.28150921,-0.069425747,-0.069962844,0.09856335,-2.888423592
1750,14.5073317,214.6528294,288.052383,49.27741963,66.12760796,-36.87783694,-35.22783694,0.229567995,0.724779633,-2.215708576,-35.33280514,-0.055869878,-0.186803022,0.194979004,-2.807380439
1751,14.5194363,214.6622041,288.0653037,49.27957175,66.13057414,-36.86964271,-35.21964271,0.229567995,0.726931755,-2.218674753,-35.34306371,-0.061510483,-0.069286464,0.092650708,-2.697148633
1752,14.5241295,214.6619271,288.075263,49.27950815,66.13286047,-37.1240738,-35.4740738,0.229567995,0.726868157,-2.220961089,-35.34511543,-0.088560781,-0.021879281,0.091223434,-2.694201085
1753,14.5359621,214.6481936,288.0676591,49.27635538,66.13111487,-37.17495697,-35.52495697,0.229567995,0.723715384,-2.219215485,-35.34552577,-0.065468455,-0.039858316,0.07664727,0.746074002
1754,14.5408919,214.6440735,288.0617756,49.27540955,66.1297642,-36.92906671,-35.27906671,0.229567995,0.722769559,-2.217864819,-35.34560784,-0.107069415,0.052172059,0.119104086,3.686779496
1755,14.5509973,214.6426087,288.0568715,49.27507326,66.12863838,-36.87988866,-35.22988866,0.229567995,0.722433269,-2.216738993,-35.29441026,-0.105054336,0.162252302,0.193293101,3.968357051
1756,14.5554324,214.642025,288.0527158,49.27493927,66.12768436,-36.87005305,-35.22005305,0.229567995,0.72229928,-2.215784975,-35.23295737,0.064843779,-0.003032308,0.064914641,4.082067643
1757,14.5680937,214.6418333,288.0492278,49.27489527,66.12688363,-36.86808593,-35.21808593,0.229567995,0.722255274,-2.21498425,-35.22066679,0.110011831,-0.056466224,0.123656934,4.094324861
1758,14.572698,214.653527,288.0628441,49.27757977,66.13000948,-36.8676925,-35.2176925,0.229567995,0.724939777,-2.2181101,-35.21820868,0.109170119,-0.045416686,0.118240392,3.085279886
1759,14.5837114,214.6551573,288.0625174,49.27795402,66.12993448,-36.86761382,-35.21761382,0.229567995,0.725314029,-2.218035096,-35.21771705,0.159906516,-0.143236058,0.214678043,0.314440659
1760,14.588364,214.6543975,288.0591398,49.27777961,66.1291591,-36.86759808,-35.21759808,0.229567995,0.725139618,-2.217259713,-35.21761873,0.162706982,-0.142195142,0.216085678,0.120466074
1761,14.599067,214.6648163,288.0719139,49.28017142,66.13209162,-36.86759493,-35.21759493,0.229567995,0.727531427,-2.220192231,-35.21759906,0.083640562,-0.054032641,0.099575448,0.013704868
1762,14.6037093,214.6650291,288.0705297,49.28022029,66.13177387,-36.8675943,-35.2175943,0.229567995,0.727580295,-2.219874482,-35.21759513,0.185700066,-0.197755707,0.271278149,0.004784242
1763,14.6152931,214.6745008,288.0825433,49.28239469,66.1345318,-36.86759418,-35.21759418,0.229567995,0.729754696,-2.222632418,-35.21759434,0.184881881,-0.215769655,0.284144073,0.000558129
1764,14.6197238,214.6850055,288.0962813,49.28480623,66.1376856,-36.86759415,-35.21759415,0.229567995,0.732166233,-2.225786213,-35.21759419,0.09055172,-0.083543041,0.123203302,0.00019094
1765,14.6313833,214.6828938,288.0923915,49.28432145,66.13679264,-36.86759415,-35.21759415,0.229567995,0.731681458,-2.224893255,-35.21759415,0.067577471,-0.065589432,0.094173712,2.15E-05
1766,14.6359366,214.6779714,288.0847129,49.28319141,66.13502986,-36.86759415,-35.21759415,0.229567995,0.73055142,-2.223130478,-35.21759415,0.015668002,0.003473474,0.016048406,-0.653786274
1767,14.6474564,214.6727353,288.0767736,49.28198939,66.13320726,-36.86759415,-35.21759415,0.229567995,0.729349392,-2.221307878,-35.21759415,-0.14106329,0.216365776,0.2582886,-1.139752232
1768,14.6631231,214.6678329,288.0694559,49.28086394,66.13152734,-36.86759415,-35.21759415,0.229567995,0.728223945,-2.219627955,-35.26880814,-0.14713067,0.180162191,0.23260664,-1.174364711
1769,14.6673386,214.6634373,288.0629801,49.27985484,66.13004072,-36.86759415,-35.21759415,0.229567995,0.727214849,-2.218141332,-35.27905093,-0.132430421,0.138559097,0.191667524,-1.193216618
1770,14.6791759,214.6597291,288.068365,49.27900357,66.1312769,-37.12366409,-35.47366409,0.229567995,0.726363575,-2.21937752,-35.28109949,-0.122501594,0.126123343,0.175823031,-2.05713357
1771,14.6835226,214.6564217,288.0649733,49.27824429,66.13049829,-36.91880814,-35.26880814,0.229567995,0.725604299,-2.218598908,-35.28150921,-0.132809005,0.154614247,0.203822956,-1.871506757
1772,14.6953978,214.6535921,288.0600055,49.27759471,66.12935785,-36.87783694,-35.22783694,0.229567995,0.72495472,-2.217458464,-35.33280514,-0.138374934,0.120911418,0.183758519,-2.328180764
1773,14.6997805,214.6512368,288.0552388,49.277054,66.12826356,-36.86964271,-35.21964271,0.229567995,0.724414009,-2.216364176,-35.34306432,-0.265058886,0.231628007,0.352005322,-2.756981631
1774,14.711082,214.6380823,288.0461736,49.27403416,66.12618248,-37.1240738,-35.4740738,0.229567995,0.721394169,-2.214283093,-35.39633015,-0.279223548,0.226275775,0.359397435,-2.773920312
1775,14.7156797,214.6239562,288.0371782,49.27079125,66.12411741,-37.17496002,-35.52496002,0.229567995,0.718151253,-2.21221803,-35.40698332,-0.264213208,0.226940415,0.348296672,0.640356297
1776,14.7275859,214.6112236,288.0292759,49.26786825,66.12230331,-37.18513727,-35.53513727,0.229567995,0.715228258,-2.210403929,-35.40911395,-0.225220806,0.176621724,0.286216081,2.1780687
1777,14.7315687,214.6115766,288.0275521,49.26794931,66.12190759,-36.93110277,-35.28110277,0.229567995,0.715309313,-2.210008202,-35.35832609,-0.120932509,0.13076465,0.178112507,6.422225308
1778,14.7430449,214.6151554,288.0276476,49.26877087,66.12192951,-36.88029587,-35.23029587,0.229567995,0.716130872,-2.210030121,-35.29695452,0.077188863,-0.022058717,0.080278936,7.084301355
1779,14.7468909,214.6194146,288.0284039,49.26974865,66.12210313,-36.87013449,-35.22013449,0.229567995,0.717108657,-2.210203741,-35.23346622,0.18273439,-0.085770711,0.201862508,7.235197936
1780,14.759674,214.6352995,288.0459422,49.27339532,66.12612936,-36.86810222,-35.21810222,0.229567995,0.720755324,-2.214229978,-35.22076856,0.188365188,-0.104605282,0.215461619,4.693118372
1781,14.7640865,214.6407241,288.0491366,49.27464064,66.12686269,-36.86769576,-35.21769576,0.229567995,0.722000645,-2.214963308,-35.21822903,0.190419832,-0.094167798,0.21243184,3.627890742
1782,14.7763546,214.6433163,288.0488595,49.27523571,66.12679907,-36.86761447,-35.21761447,0.229567995,0.722595712,-2.214899684,-35.21772112,0.145358282,-0.080197813,0.166014214,0.326771296
1783,14.7810603,214.6449943,288.0478289,49.27562092,66.12656248,-36.86759821,-35.21759821,0.229567995,0.722980927,-2.214663094,-35.21761954,0.098628848,-0.006883844,0.098868786,0.128290215
1784,14.7911104,214.6462606,288.0467473,49.27591164,66.12631417,-36.86759496,-35.21759496,0.229567995,0.723271643,-2.214414788,-35.21759923,0.045032354,0.029538746,0.05385583,-0.804441186
1785,14.7955716,214.6472639,288.0457444,49.27614195,66.12608395,-36.86759431,-35.21759431,0.229567995,0.723501954,-2.214184571,-35.21759516,0.041180783,0.035813713,0.054575443,-1.251462614
1786,14.8080989,214.6480411,288.0448757,49.27632038,66.12588453,-36.86759418,-35.21759418,0.229567995,0.723680383,-2.213985148,-35.26880834,-0.020284156,0.04886722,0.052909849,-1.293144821
1787,14.812768,214.6486359,288.0441321,49.27645694,66.12571383,-36.86759415,-35.21759415,0.229567995,0.723816942,-2.213814441,-35.27905097,-0.03685554,0.055215798,0.066386106,-1.311782561
1788,14.823733,214.637867,288.0386133,49.27398473,66.12444687,-37.12366409,-35.47366409,0.229567995,0.721344736,-2.21254749,-35.2810995,-0.041858153,0.044605991,0.061170249,-1.313502697
1789,14.828227,214.6368113,288.0375082,49.27374237,66.12419319,-36.91880814,-35.26880814,0.229567995,0.721102373,-2.212293805,-35.28150921,-0.029020834,0.037826383,0.047676452,-0.496547826
1790,14.8388827,214.6380465,288.0375753,49.27402594,66.12420858,-36.87783694,-35.22783694,0.229567995,0.721385946,-2.2123092,-35.28159115,-0.028554899,0.028636521,0.040440483,-0.057861806
1791,14.8437728,214.6397172,288.0379583,49.27440947,66.1242965,-36.86964271,-35.21964271,0.229567995,0.721769475,-2.212397119,-35.28160754,0.114651752,-0.054188248,0.126812422,-2.309368495
1792,14.8556284,214.6413479,288.0384431,49.27478383,66.12440781,-36.86800386,-35.21800386,0.229567995,0.72214384,-2.212508424,-35.28161081,0.135369098,-0.070528463,0.152640285,-2.485800929
1793,14.8601035,214.6509109,288.0442635,49.27697918,66.12574398,-37.12374604,-35.47374604,0.229567995,0.72433919,-2.213844594,-35.33282546,0.100409413,-0.05679224,0.115357743,-2.50860784
1794,14.8706271,214.6531872,288.045421,49.27750175,66.12600971,-36.91882452,-35.26882452,0.229567995,0.724861755,-2.214110329,-35.34306839,0.069045579,-0.044391902,0.082084913,-0.316067005
1795,14.8874568,214.6423236,288.0404919,49.27500782,66.12487815,-37.13391017,-35.48391017,0.229567995,0.722367826,-2.212978761,-35.34511697,0.114396999,-0.112269891,0.160284752,-0.130027885
1796,14.8920925,214.6407407,288.039603,49.27464443,66.12467407,-36.92085735,-35.27085735,0.229567995,0.722004436,-2.212774685,-35.2943127,0.04485243,-0.07931563,0.091119206,2.259017197
1797,14.9030191,214.6530364,288.0562035,49.27746715,66.12848503,-36.87824679,-35.22824679,0.229567995,0.724827151,-2.216585646,-35.28415185,0.035012094,-0.070107053,0.078363548,1.635921039
1798,14.9070764,214.655561,288.0585684,49.27804672,66.12902793,-36.86972467,-35.21972467,0.229567995,0.725406724,-2.217128543,-35.28211968,-0.055838021,-0.014135177,0.057599373,1.210203431
1799,14.9195024,214.6555857,288.057443,49.27805237,66.12876957,-36.86802025,-35.21802025,0.229567995,0.725412376,-2.216870188,-35.33292723,-0.091233511,0.005749617,0.091414505,-1.015438938
1800,14.924018,214.6437357,288.0506156,49.27533201,66.12720223,-37.12374931,-35.47374931,0.229567995,0.722692012,-2.215302843,-35.34308874,-0.153838807,0.094916544,0.180763737,-3.340687154
1801,14.9360535,214.6303477,288.0430952,49.27225854,66.12547577,-37.17489513,-35.52489513,0.229567995,0.719618545,-2.21357639,-35.34512104,-0.174864665,0.124079121,0.214413804,-2.701902208
1802,14.9408795,214.6291979,288.0410549,49.27199459,66.12500738,-36.92905434,-35.27905434,0.229567995,0.7193546,-2.213107996,-35.39674149,-0.255537749,0.166348089,0.304911836,0.486986027
1803,14.9519464,214.6310162,288.0404761,49.27241201,66.12487452,-36.87988619,-35.22988619,0.229567995,0.719772018,-2.212975134,-35.35585159,-0.083638052,0.032574266,0.089757488,1.146477519
1804,14.956956,214.622224,288.0354105,49.27039359,66.12371161,-37.1261225,-35.4761225,0.229567995,0.717753597,-2.211812224,-35.29645963,0.012389917,-0.020514473,0.023965676,1.279040405
1805,14.9682996,214.6349261,288.0513102,49.2733096,66.12736168,-36.91929982,-35.26929982,0.229567995,0.720669603,-2.215462293,-35.28458123,0.033888919,-0.036926207,0.050119893,4.367608736
1806,14.9731091,214.6396352,288.0538661,49.27439064,66.12794842,-36.87793528,-35.22793528,0.229567995,0.721750648,-2.216049037,-35.28220555,0.043391794,-0.025405424,0.050282038,1.903262353
1807,14.983999,214.6421399,288.0531546,49.27496566,66.1277851,-36.86966237,-35.21966237,0.229567995,0.722325665,-2.215885714,-35.23051643,0.129641278,-0.065607313,0.14529687,-1.522912607
1808,14.9887372,214.6438991,288.0517179,49.27536951,66.12745528,-36.86800779,-35.21800779,0.229567995,0.722729511,-2.215555892,-35.27139259,0.169470716,-0.039894481,0.174103111,-2.245190827
1809,14.9999953,214.6452887,288.0501914,49.27568852,66.12710485,-36.86767688,-35.21767688,0.229567995,0.72304853,-2.215205462,-35.33078181,0.133412698,-0.060813096,0.146619168,-2.389152983
1810,15.0046274,214.6544939,288.0540899,49.27780173,66.12799981,-37.12368064,-35.47368064,0.229567995,0.725161736,-2.216100426,-35.34265966,0.122683911,-0.061170102,0.137088014,-5.578553267
1811,15.0151455,214.6565319,288.0644716,49.27826961,66.13038311,-37.17488139,-35.52488139,0.229567995,0.725629612,-2.218483723,-35.34503523,0.149325589,-0.129483064,0.197646137,-3.149235224
1812,15.0197604,214.656515,288.064206,49.27826572,66.13032213,-36.9290516,-35.2790516,0.229567995,0.725625729,-2.218422748,-35.39672433,0.153016096,-0.252001549,0.294819786,0.953602869
1813,15.0313741,214.6675658,288.077964,49.28080263,66.13348054,-36.87988564,-35.22988564,0.229567995,0.728162631,-2.221581159,-35.35584816,0.054200582,-0.20063247,0.207824664,1.673165305
1814,15.0352713,214.6683601,288.0878351,49.28098497,66.13574663,-37.12612239,-35.47612239,0.229567995,0.728344979,-2.223847246,-35.29645894,0.016870458,-0.085996354,0.087635525,-0.72407313
1815,15.0467634,214.6664644,288.0846495,49.28054978,66.13501532,-36.9192998,-35.2692998,0.229567995,0.727909789,-2.223115933,-35.28458109,0.050957452,-0.126552307,0.136426348,2.184981355
1816,15.0507626,214.6639878,288.0786117,49.27998123,66.13362923,-36.87793528,-35.22793528,0.229567995,0.727341232,-2.221729848,-35.33341951,-0.148629355,0.039976444,0.153911667,1.945084615
1817,15.0631539,214.6731419,288.0888439,49.28208271,66.13597822,-36.86966237,-35.21966237,0.229567995,0.729442719,-2.224078831,-35.29197321,-0.175527968,0.184378834,0.254569483,-1.075102143
1818,15.0667266,214.6610108,288.0801181,49.27929782,66.13397504,-37.12407774,-35.47407774,0.229567995,0.726657822,-2.22207566,-35.28368395,-0.198227915,0.249341441,0.318536435,-1.264389044
1819,15.0787389,214.6564217,288.0727639,49.27824429,66.13228676,-36.91889087,-35.26889087,0.229567995,0.725604299,-2.220387375,-35.2820261,-0.176240351,0.200192639,0.266716618,1.98037216
1820,15.0825443,214.6539126,288.0663248,49.27766828,66.13080855,-36.87785349,-35.22785349,0.229567995,0.725028282,-2.21890917,-35.28169453,-0.18003345,0.203778148,0.27191465,1.443140094
1821,15.0953268,214.652118,288.0607096,49.2772563,66.12951948,-36.86964602,-35.21964602,0.229567995,0.724616304,-2.2176201,-35.23041422,0.129661675,-0.094111973,0.160216146,1.094544352
1822,15.1108986,214.6623352,288.0723521,49.27960185,66.13219222,-36.86800452,-35.21800452,0.229567995,0.726961857,-2.220292837,-35.22015816,0.145046377,-0.111637929,0.183034092,1.073300003
1823,15.1144524,214.6742394,288.0867297,49.28233466,66.13549286,-36.86767622,-35.21767622,0.229567995,0.729694665,-2.223593473,-35.21810695,0.261458672,-0.2928515,0.392584562,1.059637383
1824,15.1273567,214.6736334,288.0837552,49.28219555,66.13481,-36.86761056,-35.21761056,0.229567995,0.729555555,-2.222910621,-35.21769671,0.25816376,-0.293510569,0.390892544,-0.62847027
1825,15.1317167,214.6818132,288.0935859,49.28407337,66.13706682,-36.86759743,-35.21759743,0.229567995,0.731433376,-2.225167438,-35.21761466,0.1607819,-0.147949581,0.218494618,-1.390960873
1826,15.1432769,214.6793606,288.0886736,49.28351034,66.13593911,-36.8675948,-35.2175948,0.229567995,0.730870343,-2.224039727,-35.26881224,-0.050431722,0.083325859,0.09739896,-1.53814333
1827,15.1465236,214.6746047,288.0808079,49.28241853,66.13413341,-36.86759428,-35.21759428,0.229567995,0.72977854,-2.222234025,-35.27905175,-0.115047385,0.159899457,0.196986642,-1.564617991
1828,15.1594259,214.6584698,288.0680154,49.27871446,66.13119666,-37.12366412,-35.47366412,0.229567995,0.726074469,-2.219297271,-35.28109966,-0.212940368,0.285862394,0.35645604,-1.56977858
1829,15.163498,214.6525477,288.0602854,49.27735496,66.1294221,-36.91880814,-35.26880814,0.229567995,0.724714964,-2.217522712,-35.28150924,-0.073321251,0.107142629,0.129828922,-0.684978396
1830,15.1752263,214.6495452,288.0545535,49.27666567,66.12810623,-36.87783695,-35.22783695,0.229567995,0.724025671,-2.216206843,-35.28159115,-0.005947337,0.002112923,0.006311518,-0.054265345
1831,15.1786546,214.659243,288.0664414,49.27889197,66.13083532,-36.86964271,-35.21964271,0.229567995,0.726251978,-2.218935934,-35.28160754,0.026586536,-0.126179236,0.128949772,-0.022557018
1832,15.1913857,214.6592756,288.0647213,49.27889947,66.13044044,-36.86800386,-35.21800386,0.229567995,0.726259471,-2.218541055,-35.28161081,0.128541489,-0.263197057,0.292908868,-0.843539959
1833,15.1949815,214.6573268,288.0712035,49.27845209,66.13192855,-37.12374604,-35.47374604,0.229567995,0.725812094,-2.220029163,-35.28161147,0.254008269,-0.424931196,0.495062342,-1.305955055
1834,15.2071594,214.6666587,288.0844284,49.28059438,66.13496455,-36.91882452,-35.26882452,0.229567995,0.727954384,-2.223065168,-35.33282559,0.118723307,-0.291589412,0.314832668,-1.340716575
1835,15.2115762,214.6775976,288.0978283,49.2831056,66.13804074,-36.87784022,-35.22784022,0.229567995,0.730465609,-2.226141357,-35.34306841,0.07083249,-0.219171373,0.23033309,-1.360937383
1836,15.2230472,214.6762468,288.1042911,49.2827955,66.13952439,-37.12571331,-35.47571331,0.229567995,0.730155506,-2.227625002,-35.34511698,0.034851352,-0.080916193,0.08810248,-2.223996577
1837,15.2270893,214.672041,288.0973695,49.28182998,66.13793541,-36.91921798,-35.26921798,0.229567995,0.729189988,-2.226036024,-35.34552669,-0.059784483,0.073189344,0.094503251,326.8148344
1838,15.2389758,214.6562839,288.0830048,49.27821265,66.13463774,-37.13398886,-35.48398886,0.229567995,0.72557266,-2.222738354,-35.39682262,-0.183425747,0.200321374,0.271613066,446.6592817
1839,15.2432995,214.6506852,288.073188,49.27692738,66.13238413,-36.92087309,-35.27087309,0.229567995,0.724287384,-2.220484741,-28.30167996,-0.178019015,0.226189126,0.287840738,446.694999
1840,15.2551169,214.6481297,288.0763186,49.27634071,66.13310279,-37.13431988,-35.48431988,0.229567995,0.723700718,-2.22120341,-21.24783637,-0.130245904,0.147567722,0.196825375,446.7152713
