frame,t_s,x_px_filt,y_px_filt,x_mm_abs,y_mm_abs,angle_deg_raw,mm_per_px,x_mm,y_mm,angle_deg_unwrapped,vx_mm_s,vy_mm_s,speed_mm_s,angular_vel_dps
1507,12.497225299999627,251.6634994555754,307.84659413005477,55.36720353369746,67.727759771389,3.173624608826667,0.22000490199601272,0.0,-0.0,1.9421921427351072,,,,
1508,12.501246899999842,251.6604999554466,307.85361630595116,55.366543628965594,67.72930468450889,3.327893371167189,0.22000490199601272,-0.0006599047318687212,-0.0015449131198863597,2.6254865390940934,,,,
1509,12.513566199999786,251.65756425888117,307.8464912346909,55.36589776133042,67.72773713390457,3.2094427336816804,0.22000490199601272,-0.0013057723670399923,2.2637484434540056e-05,3.3170621053776093,,,,
1510,12.51833519999991,251.6514287234117,307.84940204451254,55.36454791345077,67.7283775263341,3.41647198179493,0.22000490199601272,-0.002655620246692081,-0.000617754945096749,3.329425108758628,-0.14366354034878295,-0.09949551209788642,0.1747528819595461,44.35980740793437
1511,12.529726799999935,251.64403546454434,307.87482609706564,55.36292136025823,67.73397094252438,3.45787783141758,0.22000490199601272,-0.004282173439236203,-0.006211171135376503,3.2753099942859056,-0.09857358563016079,0.05156970334691287,0.11124830824455371,8.987291280631311
1512,12.534913799999686,251.64224437028648,307.8657554744617,55.36252731074156,67.73197536108736,3.2354396257317584,0.22000490199601272,-0.004676222955900755,-0.004215589698361555,3.2644869713913613,-0.12890463111504902,-0.02842746721950145,0.1320019879222381,-2.771087812238719
1513,12.545700199999828,251.64525271244466,307.8475576430295,55.36318916076324,67.72797174896658,3.0573177988035782,0.22000490199601272,-0.00401437293422191,-0.0002119775775781818,3.1894516545321787,-0.06286346639378633,0.017101950048874576,0.06514823176815243,-3.346801917620862
1514,12.55135399999972,251.64000809388264,307.8545667178863,55.3620353189705,67.72951377979354,3.155327619208958,0.22000490199601272,-0.005168214726964493,-0.0017540084045322146,3.1744446293073154,0.0610973163328229,0.0696587754923449,0.09265650039887076,5.043905478573095
1515,12.561840999999731,251.64225605179098,307.8501162888466,55.36252988072982,67.72853466358882,3.0412953974990184,0.22000490199601272,-0.004673652967646547,-0.0007748921998143032,3.1714432242623425,0.08276678935926453,0.01820015658899472,0.08474424535450648,6.068983795282735
1516,12.566438800000014,251.6522250847251,307.8548859447702,55.36472311684348,67.72958401127285,3.3828427052932613,0.22000490199601272,-0.0024804168539844795,-0.00182423988384528,3.3424956226967075,0.11403040169121809,-0.393875310912366,0.4100496226753215,9.117799159968756
1517,12.577696599999854,251.65388192425746,307.84836504088,55.36508762966242,67.72814938045155,3.2204326005068946,0.22000490199601272,-0.002115904035044025,-0.000389609062551699,3.3767061023835803,0.1520944072487226,-0.3628513449836927,0.3934384415290594,9.760804598738822
1518,12.58174710000003,251.65788957896476,307.87946491744657,55.36596933334353,67.73499150574767,3.9125797909754025,0.22000490199601272,-0.0012342003539345114,-0.007231734358668973,3.4102750354791582,0.1274470624262184,-0.38288916535645734,0.403542893220085,8.824266759791623
1519,12.593720999999732,251.65714054659665,307.88586659557257,55.3658045425508,67.7363999063164,3.326380017643323,0.22000490199601272,-0.001398991146665196,-0.008640134927389909,3.4169888220982734,0.03282316646114801,-0.3442072050391869,0.34576865135148543,-0.46410994578027
1520,12.598829600000045,251.65537400383667,307.8860250595377,55.365415894484016,67.73643476916551,3.209140062976907,0.22000490199601272,-0.0017876392134468233,-0.008674997776509485,3.391604742263893,0.0373860711376585,-0.6500603288996172,0.6511345095479032,-4.522427782819235
1521,12.610071199999766,251.65557323728729,307.88780417748205,55.36545972681979,67.7368261838345,3.4164116383888388,0.22000490199601272,-0.00174380687766984,-0.009066412445491778,3.287745997280904,-0.006107700987794429,-0.35757080090975235,0.3576229602173189,-6.324811794972981
1522,12.61282429999983,251.65626391479057,307.9053464301127,55.36561167925621,67.74068556540529,3.0935122013349945,0.22000490199601272,-0.001591854441251428,-0.012925794016283021,3.240247411126103,0.0008395836108368395,-0.3311032747732965,0.3311043392440526,-7.7107140165690335
1523,12.62593969999989,251.65627636688123,307.9188643785243,55.3656144187772,67.74365958032077,3.3932860660604565,0.22000490199601272,-0.0015891149202644783,-0.01589980893176346,3.230747693895143,-0.0023733906312844305,-0.2542590772353386,0.254270154244761,-3.5994771094101363
1524,12.641457799999898,251.6577557677457,307.91782644619354,55.365939894219395,67.74343123012007,3.088887086869318,0.22000490199601272,-0.0012636394780685123,-0.015671458731063126,3.1319158733127206,-0.01986179485219599,-0.24593054021262042,0.24673127386697868,-2.3236711637089478
1525,12.644864699999744,251.6563288955497,307.911982246314,55.36562597534176,67.74214547749831,3.161641476822106,0.22000490199601272,-0.0015775583557058326,-0.014385706109308671,3.1850202214765093,-0.09570496774231324,-0.047615785957669465,0.1068957619502467,2.111315637397339
1526,12.657286399999975,251.6516119785261,307.911596940973,55.364588230474254,67.74206070843454,2.922252535476726,0.22000490199601272,-0.002615303223208798,-0.014300937045533146,3.149497177840224,-0.10049498438580316,0.04776908746753526,0.11127051543056612,2.3192960043776893
1527,12.661272899999858,251.64574067163346,307.91903082704016,55.36329651417675,67.74369619981019,3.359033942153939,0.22000490199601272,-0.003907019520710264,-0.0159364284211847,3.1691194062711703,-0.11918107211063544,0.03418951027215343,0.1239881065348212,6.494239380780794
1528,12.673708399999668,251.64439872992008,307.9048904582249,55.363001280421614,67.7405852493548,3.2156708478790303,0.22000490199601272,-0.0042022532758494435,-0.01282547796579081,3.1730438519573596,-0.10130618683369665,-0.005856311598376594,0.10147531658645433,2.7966759740255553
1529,12.677263699999912,251.64322782579058,307.90574989727105,55.36274367577336,67.74077433015792,3.1869982290240486,0.22000490199601272,-0.0044598579241039715,-0.013014558768915663,3.224616704961785,-0.07935372025305397,0.18902121643602743,0.20500251993806193,5.527418456910016
1530,12.689616399999977,251.64307242885974,307.895802403517,55.362709487686814,67.73858583276946,3.1812637052530524,0.22000490199601272,-0.0044940460106488445,-0.010826061380456053,3.1887874004406,-0.014325332747484255,0.29477199820549344,0.2951198842578818,5.430884645805701
1531,12.69322749999992,251.64350278739073,307.87969706084016,55.36280416867325,67.73504257843223,3.180116800498853,0.22000490199601272,-0.004399365024212898,-0.007282807043225148,3.227765452805406,0.1180046347394846,0.24397926338184298,0.2710184030289196,7.798623896472986
1532,12.705377399999634,251.64356460065628,307.87315302497564,55.36281776789468,67.73360285846319,3.179887419548013,0.22000490199601272,-0.004385765802780384,-0.005843087074183018,3.2817049384004373,0.12455896328271761,0.21765911084628622,0.2507796320845481,5.472770380461092
1533,12.708721799999694,251.65326175563283,307.87321074159547,55.36495118952494,67.73361555640248,3.41056110970306,0.22000490199601272,-0.002252344172525511,-0.005855785013480386,3.322353713510166,0.12901746528590996,0.20414039419555102,0.24149287130496408,8.290903861890355
1534,12.721928399999797,251.65087952582226,307.8843030516098,55.36442708728893,67.73605591898009,3.456695656999206,0.22000490199601272,-0.0027764464085322516,-0.008296147591082104,3.3603443465228344,0.14266708579572135,-0.013368728444876993,0.1432920802754869,6.255810280465041
1535,12.725275899999815,251.65117660752978,307.8826358214962,55.364492446720874,67.73568912018234,3.384507580801697,0.22000490199601272,-0.002711086976589172,-0.007929348793339841,3.3978033511160906,0.08893489733527496,-0.2654380480384093,0.2799406603380023,5.441220951296221
1536,12.737388999999894,251.65637783108167,307.8884903762725,55.365636741398674,67.73697715093213,3.370069965562195,0.22000490199601272,-0.001566792298788755,-0.009217379543130733,3.405295152034742,-0.03822069028534062,-0.27383056047166043,0.27648507557210317,2.529534718711749
1537,12.741476799999873,251.65140677466496,307.909706517408,55.364543084618894,67.74164480598338,3.3671824425142947,0.22000490199601272,-0.0026604490785686608,-0.01388503459438084,3.4067935503654447,-0.022984890923962345,-0.3340802681956788,0.33487002076698824,2.51509345969116
1538,12.7537726999999,251.65152585748461,307.9122639706606,55.364569283422966,67.74220745823558,3.448020114296316,0.22000490199601272,-0.002634250274496708,-0.014447686846580154,3.377232352040863,-0.029840425286932492,-0.33734821644606106,0.33866542504460573,0.590664003899178
1539,12.757470699999885,251.65213927687114,307.9204335463761,55.364704238694976,67.74400480494022,3.4641876486527208,0.22000490199601272,-0.00249929500248669,-0.01624503355121476,3.387603147654267,0.031242940244951486,-0.3781158117418152,0.3794043863799171,-1.4580445782419296
1540,12.769178099999863,251.65135421619044,307.91547215612525,55.36453152149686,67.74291327476432,3.2367015891787867,0.22000490199601272,-0.0026720122006054225,-0.01515350337531629,3.4059603039082953,0.07407811781375855,-0.1387232170968207,0.15726315048516845,-1.673244237773711
1541,12.773590799999965,251.6593748089304,307.92169335641415,55.36629609121657,67.74428196932418,3.421923943629215,0.22000490199601272,-0.0009074424808943604,-0.016522197935174177,3.3634878218900583,0.04822379479900589,-0.14399818877314996,0.15185852875213943,0.7898336931041674
1542,12.785564299999805,251.65647044173454,307.9186939079512,55.36565711619628,67.74362207595904,3.458968223784437,0.22000490199601272,-0.0015464175011814518,-0.015862304570035235,3.3549932873394384,0.020709671057135066,-0.06886018875310713,0.07190699597680521,-0.4013012889156543
1543,12.790048599999864,251.6538789629727,307.92016419964403,55.36508697816526,67.74394554733883,3.23565770420513,0.22000490199601272,-0.002116555532204245,-0.016185775949821846,3.3994382555513845,-0.0334594606120667,-0.041445956767712296,0.05326633868440293,-3.54484261791807
1544,12.801870899999813,251.64844746291115,307.9260936011805,55.363892021526524,67.74525004474276,3.42171497589962,0.22000490199601272,-0.003311512170938613,-0.017490273353757857,3.3621833359247306,-0.11770291048526503,0.05071666180295964,0.1281645618770575,-1.0711690589645642
1545,12.805658599999788,251.64353047534692,307.92212856386936,55.36281026015934,67.7443777170977,3.4589264302385176,0.22000490199601272,-0.004393273538120468,-0.016617945708702564,3.3085884768773295,-0.11035862984032734,0.17039930715585258,0.2030146572526944,-0.46903665464258787
1546,12.818571799999972,251.64227834027227,307.9132866575689,55.362534784304955,67.74243245436861,3.235649345495946,0.22000490199601272,-0.004668749392507721,-0.014672682979607998,3.344013418336892,-0.07750501979164794,0.20279097817508407,0.21709723379654372,-3.1608125151297943
1547,12.821650599999884,251.64204541514619,307.9041410613649,55.36248353963542,67.74042037837206,3.1909939285474316,0.22000490199601272,-0.0047199940620430425,-0.012660606983061484,3.3510984066288048,-0.08360811977241714,0.3301808039726157,0.34060193922507503,-0.561973045320149
1548,12.834258099999715,251.64417300539787,307.8989936393647,55.36295161992023,67.73928792029938,3.4127824115029437,0.22000490199601272,-0.004251913777231664,-0.011528148910372238,3.3063715291651166,-0.027399361023017207,0.3093259153149721,0.31053702978858244,3.17472126349464
1549,12.838037299999996,251.64191254456236,307.8899476896263,55.36245430745564,67.73729776701371,3.4571399173591826,0.22000490199601272,-0.004749226241820281,-0.00953799562471147,3.34357002879445,-0.029799793952617355,0.29994452237809527,0.3014212073233105,2.186343629932725
1550,12.84985609999967,251.6416678639238,307.88317723002376,55.36240047651574,67.73580823271239,3.235292042920079,0.22000490199601272,-0.004803057181725023,-0.008048461323383549,3.397153641989359,0.034244604100587876,0.1861727874455312,0.18929606360208587,1.3079938564040412
1551,12.865969799999675,251.6392263226704,307.8755794637559,55.36186332547157,67.73413668688924,3.4216418436426097,0.22000490199601272,-0.0053402082258955375,-0.006376915500240443,3.361726451359298,0.031208074875007787,0.1781765657570681,0.18088900608491085,1.995300797176331
1552,12.869359099999656,251.64390310776722,307.8742751149624,55.362892241118445,67.73384972376077,3.458911994521979,0.22000490199601272,-0.0043112925790183,-0.0060899523717665716,3.354641013233286,0.013425287588162423,-0.06742919054173017,0.06875270237552719,0.009180587590776453
1553,12.882113499999832,251.64517530086758,307.87138555120157,55.36317212983681,67.73321400556875,3.2356464583526385,0.22000490199601272,-0.004031403860651039,-0.005454234179751438,3.353223925608084,0.015250277591865789,-0.05840329653258937,0.0603615441527346,-1.6206025968151747
1554,12.885347199999615,251.64193423659384,307.8816952647535,55.36245907980891,67.73548219308834,3.4217127267291216,0.22000490199601272,-0.004744453888555711,-0.007722421699341453,3.352940508083043,-0.009106266145553838,-0.06539410189790426,0.06602509103475092,0.8935809695077432
1555,12.898126899999625,251.64219971515433,307.8717528567157,55.36251748639359,67.7332948145824,3.228206604794067,0.22000490199601272,-0.004686047303870566,-0.0055350431933902655,3.306739911308992,-0.06725486196529619,-0.041629964271071435,0.0790965889478284,1.4346434168914866
1556,12.901684799999657,251.63969116414015,307.8706405457219,55.36196559287356,67.73305010071121,3.420224756017407,0.22000490199601272,-0.0052379408239033864,-0.005290329322207299,3.343643667076252,-0.09327453931282535,-0.05312941048810845,0.10734465027579963,3.6135197833446435
1557,12.913690299999871,251.64039154103503,307.8595363571336,55.36211967922368,67.73060712478909,3.227909010651724,0.22000490199601272,-0.005083854473781457,-0.0028473534000852396,3.351024418229704,-0.05905772915489891,0.07603487581873876,0.09627625726888442,2.5179657333916703
1558,12.918106399999942,251.6382205964404,307.8596899974865,55.3616420607709,67.73064092641988,3.4201652371889386,0.22000490199601272,-0.005561472926565614,-0.0028811550308773803,3.3986444435824645,-0.0848147900314365,0.005562449081747058,0.0849969966990816,4.853335899310759
1559,12.929488599999786,251.6356637001355,307.86256654234035,55.361079531049924,67.73127378038853,3.4586164824963816,0.22000490199601272,-0.006124002647538873,-0.0035140089995309154,3.335297774519716,-0.03506704380741353,0.05095636120794181,0.06185667554068273,2.8920803221155857
1560,12.933640899999773,251.63331930638154,307.8659864842179,55.360563752931846,67.73202618436613,3.46630673155787,0.22000490199601272,-0.006639780765617331,-0.00426641297713104,3.3687723539762096,0.00027634835999343355,0.0008882606136749616,0.0009302555207453916,2.1689994133819055
1561,12.945468099999744,251.6383522570153,307.8500873192967,55.361671026742776,67.72852829014582,3.1034914107036644,0.22000490199601272,-0.005532506954686767,-0.0007685187568142737,3.375467308014481,0.06474288851241161,-0.017952510414524253,0.06718581876493104,-0.03898110863417134
1562,12.950448399999914,251.64264317899992,307.85114792845695,55.36261505061348,67.72876162936019,3.3952819079341903,0.22000490199601272,-0.004588483083985295,-0.0010018579711896791,3.3605233016907876,0.11093763105104167,-0.018310679819526225,0.11243860092810763,4.375818003042145
1563,12.962094900000011,251.65398125983788,307.8565400338721,55.36510948397705,67.7299479189836,3.4536400073802955,0.22000490199601272,-0.002094049720412272,-0.002188147594594625,3.357534500426049,0.12370571600891975,0.0012006299233406244,0.12371154224845927,3.0182675347978836
1564,12.966472799999792,251.65759397828955,307.8576820665735,55.36590429974596,67.73019917177615,3.383896450877915,0.22000490199601272,-0.001299233951506551,-0.0024394003871464065,3.429807414306402,0.06666373462275205,-0.09856583744555217,0.11899276375139677,1.2041894118704655
1565,12.977819100000033,251.65448028168177,307.86199589506134,55.365219271228916,67.73114823518983,3.4513627252341768,0.22000490199601272,-0.0019842624685466603,-0.003388463800831687,3.4442619589355,0.010412127731400034,-0.10747918851953608,0.10798235211696848,1.9499587938641594
1566,12.982905099999698,251.65005119224662,307.8666906851911,55.3642448498418,67.73218111203222,3.4648559801054293,0.22000490199601272,-0.0029586838556596717,-0.004421340643219196,3.4010089545922764,-0.04040380745861526,-0.04301899728595099,0.0590178090464354,2.0840766152915555
1567,12.993385999999646,251.6456823537257,307.8710458402431,55.363283683951174,67.73313926749262,3.46755463107968,0.22000490199601272,-0.003919849746289117,-0.005379496103614656,3.4086413890019522,-0.04431814549983834,-0.04222976277924823,0.06121642659398228,-1.9194633908649121
1568,12.997073499999715,251.645013575492,307.867350998635,55.3631365494614,67.73232638422674,3.2373749856641787,0.22000490199601272,-0.004066984236061444,-0.004566612837734851,3.4101678758838867,-0.05143770122880249,-0.06560894113550735,0.08336888067274274,-4.968613538547138
1569,13.010136200000034,251.65463107941986,307.87052427309624,55.3652524474705,67.7330245201636,3.422058622926293,0.22000490199601272,-0.0019510862269598306,-0.005264748774592931,3.3643292981382036,-0.015349423441176598,0.00850561839099586,0.017548514016570992,-3.4571293466807007
1570,13.014094999999998,251.65290413826318,307.8741328382936,55.36487251195057,67.73381842219618,3.4589951596438526,0.22000490199601272,-0.0023310217468903716,-0.006058650807176491,3.309017707466997,-0.0007015302230294366,0.1438042203505306,0.14380593150241675,-3.7112068222716896
1571,13.025777599999856,251.65231218568886,307.8652388370148,55.36474227948248,67.73186169831648,3.2356630913770132,0.22000490199601272,-0.002461254214985331,-0.004101926927475574,3.2979553893327553,0.006173112507997784,0.1382866609547817,0.13842437616279563,-4.596728164545317
1572,13.029858399999739,251.6519696479847,307.8543864914802,55.364666919508444,67.72947412910072,3.1909966777236454,0.22000490199601272,-0.0025366141890188487,-0.0017143577117195719,3.295742925705907,-0.011497920209860618,0.10590625935622874,0.10652857804355181,-2.7888632869517362
1573,13.041465399999652,251.65167801990634,307.84421185724506,55.36460275990164,67.72723565969298,3.1820633949929715,0.22000490199601272,-0.0026007737958195776,0.0005241116960235104,3.249156557858467,0.007375434312073502,0.16749328582561873,0.1676555928919585,0.8227464377437388
1574,13.045180199999777,251.65292118344337,307.84784800825656,55.36487626197377,67.72803563073991,3.4109963047920515,0.22000490199601272,-0.0023272717236935136,-0.0002758593509071261,3.269700162279702,0.009872286295725717,0.01327788901163024,0.016545826461979614,3.938004571229945
1575,13.057478199999878,251.65283143111475,307.8418448145641,55.36485651602151,67.72671489869994,3.2260633204066527,0.22000490199601272,-0.0023470176759516903,0.0010448726890643911,3.319952758286019,0.0014195094139116543,-0.12708822501281056,0.12709615235672145,3.559045843057182
1576,13.061319399999775,251.65285476939977,307.85238320071136,55.364861650558616,67.72903339531146,3.3383811134831864,0.22000490199601272,-0.0023418831388468675,-0.0012736239224580004,3.3761471526093523,-0.011980462125321098,-0.18589772487387482,0.18628337442192502,4.259009289572031
1577,13.07564259999981,251.6489009482093,307.859984533088,55.3639917905151,67.73070572569601,3.442259657755231,0.22000490199601272,-0.00321174318236217,-0.0029459543070089467,3.3412421182049763,-0.03378216887928001,-0.05883074779852571,0.06784019325386634,3.975943403698599
1578,13.089228899999853,251.64442204491365,307.86623362106496,55.36300640983449,67.73208055568395,3.46303536660964,0.22000490199601272,-0.004197123862972774,-0.004320784294947089,3.3342611113241016,-0.033000673929379734,-0.06412526911550152,0.07211861492658284,2.459534682228684
1579,13.092846699999882,251.6438401914042,307.85932726512954,55.36287839921017,67.73056112352323,3.2364711327701707,0.22000490199601272,-0.0043251344872956565,-0.002801352134227386,3.3491479070792733,-0.07210393485743753,-0.09702440190826736,0.12088305086976665,-3.164260362240971
1580,13.105194799999936,251.64396938622997,307.85478542956366,55.36290682270515,67.72956189743468,3.1911582860022767,0.22000490199601272,-0.00429671099231399,-0.0018021260456748678,3.3059813911082383,-0.059412200144114594,-0.05479283474474232,0.08082118698292529,-2.1205336270659796
1581,13.109255500000017,251.6403853519286,307.8689621654964,55.362118317589925,67.73268084883418,3.4128150922590494,0.22000490199601272,-0.005085216107538315,-0.004921077445175115,3.2512042127919605,-0.038498011035894585,-0.0341909244927228,0.05148899077848519,-1.6234222607656972
1582,13.121905599999991,251.64054219979855,307.86353418151083,55.36215282489018,67.7314866657494,3.2264270779000523,0.22000490199601272,-0.005050708807281978,-0.0037268943603976368,3.286392690397748,-0.02192892606298106,-0.1338352278252716,0.13561985844749302,-3.610956480219712
1583,13.125474899999972,251.64106206362152,307.8635047001629,55.3622671974796,67.73148017970834,3.1891494750282527,0.22000490199601272,-0.004936336217859605,-0.0037204083193387305,3.2934303859189056,-0.006173785169031127,-0.06055969273453288,0.06087357396616682,-1.2141949350635346
1584,13.137747899999795,251.64370972977258,307.86786897289227,55.36284969701169,67.73244034110245,3.4124135207991078,0.22000490199601272,-0.00435383668577316,-0.004680569713443106,3.2219672127428636,0.03280114031912271,0.15683280140418937,0.1602262225808269,2.386990496665379
1585,13.14150040000004,251.64509262409354,307.8602396431254,55.36315394054124,67.7307618511548,3.2263467636080643,0.22000490199601272,-0.004049593156224773,-0.003002079765792587,3.253818453229725,0.005042123126423853,0.11652030105749929,0.11662934263791547,1.5819428212755178
1586,13.153127999999924,251.64512935719526,307.843386326797,55.363162022003685,67.72705403894766,3.0554992263788394,0.22000490199601272,-0.004041511693777977,0.0007057324413466404,3.3063326145961405,0.005471977279773322,0.09123539016600131,0.09139933782086632,1.9456128768669343
1587,13.157776099999865,251.64225462933788,307.8456503536719,55.362529567783156,67.72755213595838,3.3856832803343617,0.22000490199601272,-0.004673965914307132,0.0002076354306268513,3.3005524115911036,0.021884892907728028,0.07460243552655585,0.07774620199132976,7.467881459182747
1588,13.16964599999983,251.64409942393604,307.8523732817773,55.36293543163793,67.72903121309734,3.4517202818603296,0.22000490199601272,-0.004268102059533874,-0.0012714417083401486,3.3455402842591386,0.014994748405099413,-0.03660800641519718,0.03955993697451184,5.285229854425083
1589,13.173403399999643,251.6463115686305,307.8551297584326,55.36342211431463,67.72963765147375,3.383512505773922,0.22000490199601272,-0.003781419382832496,-0.00187788008474854,3.4274085710730193,-0.014307313075124594,-0.16526917183055104,0.16588730622017417,4.084913762107061
1590,13.185678499999995,251.64891309723575,307.861197600741,55.36399446336047,67.73097260652612,3.4512861269482418,0.22000490199601272,-0.003209070336993136,-0.003212835137119896,3.3976383533137255,0.012743203609401964,-0.11929452785412821,0.11997322040426374,4.575248189372803
1591,13.189687299999605,251.64625613685777,307.86710909256806,55.363409919052906,67.7322731637062,3.4648406604482425,0.22000490199601272,-0.003793614644557408,-0.004513392317193166,3.3916843097618665,0.12742272945821828,-0.14151181004255498,0.19042621763849235,3.9896382396311343
1592,13.20217969999976,251.6462098777203,307.86014122577876,55.363399741815904,67.7307401988561,3.236832191537891,0.22000490199601272,-0.0038037918815589933,-0.0029804274670937048,3.406776498182843,0.09500056578187749,-0.12701591130092169,0.1586132063306219,-0.35828953539422254
1593,13.205681199999617,251.6558800145961,307.8638924231439,55.365527219331554,67.73156548066478,3.4219500641010354,0.22000490199601272,-0.0016763143659090929,-0.003805709275781055,3.409794897720065,0.03541038209977793,-0.16077899872444457,0.16463226169644643,2.596778162558606
1594,13.218025099999977,251.6540517907584,307.8688814309813,55.36512500112531,67.7326630868451,3.458973447878801,0.22000490199601272,-0.0020785325721561776,-0.00490331545609024,3.4103986157744823,0.06663098186259958,-0.11050949583129434,0.12904276970392775,3.03253272550303
1595,13.221771199999694,251.6497724081388,307.87360768684687,55.36418351597148,67.73370288630362,3.466378124634354,0.22000490199601272,-0.00302001772598004,-0.0059431149146149664,3.456663272654409,0.08771710746226655,-0.18387424337527766,0.20372537475331262,0.21016799470729453
1596,13.235112999999728,251.65039628806986,307.87803937288356,55.36432077261457,67.7346778789558,3.4678592507203283,0.22000490199601272,-0.002882761082894092,-0.0069181075667898995,3.465916204030394,-0.00019201726442436007,-0.14980344486506705,0.1498035679283742,-0.10810941432396753
1597,13.238545599999725,251.6520285458944,307.8818481000568,55.364679877337295,67.73551581760427,3.468155475937523,0.22000490199601272,-0.0025236563601680473,-0.007756046215263268,3.421622915183521,0.016743088437861195,-0.015689733834884173,0.02294556075251922,-0.21228937651602287
1598,13.250691399999596,251.66130578149313,307.885455311147,55.36672091464598,67.73630942172665,3.4682147209809617,0.22000490199601272,-0.0004826190514819473,-0.008549650337641879,3.412764295561119,0.06830927709705614,0.03828300046299623,0.07830546252958454,-2.6881365960433956
1599,13.254445199999736,251.66219457891822,307.8755310030797,55.366916454436385,67.73412602530293,3.237507003644435,0.22000490199601272,-0.0002870792610778494,-0.0063662539139244245,3.410992533489666,-0.008149239323287163,0.018480460091286746,0.020197462878635327,-2.831655261036768
1600,13.26660129999982,251.66255410737602,307.8759567253793,55.366995552459514,67.73421968629573,3.4220850265223444,0.22000490199601272,-0.0002079812379491841,-0.006459914906727704,3.410638181075375,-0.0314149360360317,0.05772645201026088,0.06572093629765871,-0.2511367797987885
1601,13.269546399999854,251.6575742568245,307.87826042157917,55.36589996092697,67.73472651075241,3.459000440363063,0.22000490199601272,-0.0013035727704959754,-0.006966739363406305,3.4105673105925174,-0.0612000267917417,0.0399719413844003,0.07309719130956972,-0.10542314307864044
1602,13.282183299999815,251.65690149877645,307.8810107230706,55.36575195085854,67.73533159056248,3.46638371386607,0.22000490199601272,-0.0014515828389249918,-0.007571819173477934,3.4105531364959454,-0.07700136822373092,-0.07265768508057886,0.10586949470737626,-0.011033595901930331
1603,13.285778799999662,251.6572139611199,307.88352935313094,55.36582069410579,67.73588570152208,3.4678603685666713,0.22000490199601272,-0.001382839591670404,-0.008125930133076054,3.4105503016766314,-0.07956512383675521,-0.10400823045341068,0.13095159767336928,-0.6054666792530605
1604,13.298703999999816,251.6556326833952,307.8824423968765,55.36547280525494,67.73564656581785,3.2374361331615766,0.22000490199601272,-0.0017307284425243097,-0.007886794428841881,3.4105497347127685,-0.06156131508770997,-0.10139487870742434,0.1186200528722762,-1.1140805257949125
1605,13.314078599999903,251.65519158759685,307.89393518418007,55.365375762017045,67.73817503536223,3.422070852425773,0.22000490199601272,-0.0018277716804178112,-0.010415263973229116,3.3644057080509526,-0.06472921874618291,-0.04864376260728286,0.08096966963057765,-0.38849011838932235
1606,13.317673600000035,251.6505837855711,307.8965337228028,55.364362022983954,67.73874672659726,3.4589976055437486,0.22000490199601272,-0.00284151071350891,-0.01098695520825288,3.355176864571617,-0.1158772961890282,0.004505050434379491,0.11596483627158741,0.06367558574013227
1607,13.329887599999893,251.64905418003536,307.88454908011477,55.36402550226798,67.73611004645721,3.2356635805569924,0.22000490199601272,-0.0031780314294849177,-0.008350275068210067,3.39947497099782,-0.127042979823154,-0.0006123068161336079,0.12704445537678294,0.09432537715845528
1608,13.333807699999852,251.64483800789947,307.8825599995209,55.36309792373042,67.7356724389761,3.4217161511699925,0.22000490199601272,-0.004105609967041346,-0.007912667587092415,3.4083345541360877,-0.16611743137299034,0.023432400905931072,0.16776196952282255,2.898404041892225
1609,13.345373599999675,251.640488066428,307.882932480349,55.3621409152833,67.73575438658418,3.4589266652925925,0.22000490199601272,-0.005062618414164888,-0.007994615195173083,3.4101065089107143,-0.10338161356296269,0.051190989387136614,0.11536149885172126,3.5604884693618692
1610,13.349593399999776,251.6366196667535,307.8837809106146,55.361289848392026,67.73594104540162,3.4663687681171123,0.22000490199601272,-0.0059136853054369,-0.008181274012613926,3.4566048131346823,-0.06820699680088738,-0.002739629707383104,0.06826199516224117,2.9186452392705147
1611,13.36210489999985,251.6384220370497,307.88493143370835,55.36168637869241,67.7361941661221,3.4678573794168797,0.22000490199601272,-0.005517155005051677,-0.008434394733100703,3.4659044739794758,-0.03125026001129119,-0.0674429226305437,0.07433119509144737,1.648617562310986
1612,13.366558700000041,251.64142466209447,307.88602015090754,55.36234697092111,67.73643368924282,3.4681551016768335,0.22000490199601272,-0.004856562776353712,-0.00867391785381244,3.4677644442954074,0.005150295574894836,-0.08428516210819137,0.08444237145007759,-0.7211571241166612
1613,13.377749599999788,251.63878786718377,307.8967980064769,55.3617668631152,67.73880487030108,3.4682144553939604,0.22000490199601272,-0.005436670582263048,-0.011045098912077833,3.4219925632365236,0.03352820087715625,-0.02561804284590464,0.042195075225831116,-3.1164146014115457
1614,13.382477699999981,251.64092102685453,307.89876004849424,55.3622361686995,67.73923652916281,3.4682265168722495,0.22000490199601272,-0.004967364997959578,-0.011476757773806412,3.3666942737557037,0.03371715133326518,0.11767522655653367,0.12241039677724207,-5.306909814170416
1615,13.394031799999993,251.63778076330544,307.8856778661275,55.36154529532515,67.73635838491332,3.2375093628226925,0.22000490199601272,-0.005658238372312496,-0.008598613524313237,3.3556345777125673,-0.006513380014634995,0.09430123975013263,0.09452591146149844,-5.567941262043913
1616,13.398768300000029,251.63848342935177,307.8706885705358,55.36169988529981,67.73306066640568,3.191365932012781,0.22000490199601272,-0.005503648397656491,-0.00530089501667419,3.30727876338187,0.017064044721166474,0.2469902831033386,0.24757904105499987,-2.4030888748149555
1617,13.409664899999825,251.63586673746488,307.8791406484933,55.36112420025768,67.7349201649884,3.41285662146115,0.22000490199601272,-0.006079333439785728,-0.007160393599392023,3.2976075623687575,-0.007510133752570114,0.24443310646574112,0.24454845255178745,0.6232367667089531
1618,13.413432499999999,251.63699784281349,307.8696951352679,55.36137304897905,67.73284210577692,3.2264353837404727,0.22000490199601272,-0.0058304847184160735,-0.005082334387921605,3.341817197288205,-0.007886854672265986,0.17577932140620342,0.17595616587845625,-0.02759952130740706
1619,13.43446959999983,251.63474003077172,307.87964759973494,55.36087631926207,67.73503169674662,3.4198705118066886,0.22000490199601272,-0.006327214435394524,-0.007271925357613895,3.4140998286177977,-0.021107622845876528,0.031073989270776,0.037564937793161196,1.838891137013362
1620,13.441993799999636,251.6326306253687,307.8828681377267,55.36041223973311,67.73574023089186,3.4585575374199315,0.22000490199601272,-0.00679129396435485,-0.007980459502860526,3.3824124797616464,0.00463380504556884,0.1460716809091353,0.14614516109957448,-0.37342075643421824
1621,13.449222299999747,251.63153106942812,307.88376482495903,55.36017033203616,67.73593750647854,3.5527790886607447,0.22000490199601272,-0.007033201661300836,-0.008177735089532234,3.3760750099904158,0.018766456623831057,0.16676559341135527,0.16781818447372024,-3.3975621466105164
1622,13.455426799999714,251.6336708838121,307.8723617995015,55.36064110169,67.7334287849803,3.2544198771803914,0.22000490199601272,-0.006562432007463315,-0.005669013591301564,3.301936803755896,0.03320552882792562,0.27072756468086895,0.27275634075631733,-4.819443199762442
1623,13.459805199999664,251.6363916589413,307.8593258014379,55.36123968555565,67.73056080150388,3.194748034884321,0.22000490199601272,-0.005963848141810502,-0.0028010301148810868,3.287109162508992,0.03860659802457979,0.279234160555025,0.2818903791048942,-4.07144248818102
1624,13.465321099999983,251.63760972503806,307.84890280045715,55.361507666067894,67.72826769019463,3.049179480634091,0.22000490199601272,-0.005695867629569307,-0.0005079188056242856,3.2668468050359785,0.021787633686608195,0.13865257311062834,0.1403539704171562,-1.8858799772284858
1625,13.473917999999685,251.6362548482517,307.8509204632979,55.36120958653329,67.72871158591016,3.384419331185412,0.22000490199601272,-0.005993947164171232,-0.000951814521158667,3.2627943335413763,0.006494104221859922,-0.04676594277210995,0.04721468831845278,1.958601677310753
1626,13.478428299999905,251.63384474843988,307.8658902110393,55.3606793527604,67.73200500379491,3.4514673012956765,0.22000490199601272,-0.006524180937063306,-0.004245232405907018,3.3081277143645256,-0.03587556942410501,-0.25723693391874175,0.2597265805677557,0.9550907393207391
1627,13.489693799999714,251.63381442807676,307.89265816066995,55.36067268213188,67.73789408393004,3.2341575197073777,0.22000490199601272,-0.006530851565585749,-0.010134312541040913,3.3900651409564015,-0.0344671146793269,-0.38121012754987177,0.382765128167271,0.8514554476243568
1628,13.493234499999744,251.63260521834732,307.8990526016909,55.36040665006386,67.73930089230018,3.421414939000069,0.22000490199601272,-0.006796883633604978,-0.01154112091117554,3.360308751152707,0.006674391112279035,-0.2378698987240448,0.23796351866558663,0.39201517404743547
1629,13.505662899999606,251.6357475875458,307.91058468362587,55.36109798669141,67.74183800685609,3.458866613593471,0.22000490199601272,-0.0061055470060509265,-0.014078235467081868,3.308213598069897,0.037394684572599236,-0.06989536803102449,0.07926994958038355,-1.6511762989912089
1630,13.50942619999978,251.63867322501144,307.8992083657307,55.361741641275316,67.73933516115248,3.235637382166937,0.22000490199601272,-0.00546189242214723,-0.011575389763478938,3.297794567453336,0.05999890593462341,0.17953033311341787,0.18929080596047598,-3.192312997816289
1631,13.522064399999635,251.6407435931181,307.89290817053427,55.36219713240771,67.73794908732573,3.19099153588163,0.22000490199601272,-0.005006401289755047,-0.010189315936727894,3.295710799476996,0.08752315329890387,0.26584615936893,0.2798829805732995,-0.7629958646822121
1632,13.526324399999794,251.6429205784553,307.8788819498601,55.36267607985347,67.73486325002094,3.1820623666245687,0.22000490199601272,-0.004527453843991225,-0.007103478631933058,3.2938688705390415,0.06269982607050542,0.26431377308045306,0.2716487416302473,0.6302827746562683
1633,13.53855569999996,251.6463945122896,307.8769775675431,55.36344036232622,67.73444427657593,3.410996099118371,0.22000490199601272,-0.0037631713712400483,-0.006684505186925094,3.339644359873521,0.016025409827608098,0.09264444972406378,0.09402025220566779,2.183554288988345
1635,13.558484899999712,251.64019023013822,307.89616356074,55.36207538983955,67.7386652891289,3.4496569689037,0.22000490199601272,-0.005128143857909606,-0.010905517739900006,3.394943332862487,-0.022816482536394053,-0.040151734110356455,0.04618174560800335,0.5517781243997018
1636,13.569935499999701,251.63694575089391,307.9062232021967,55.36136158850139,67.7408784595617,3.464514828839334,0.22000490199601272,-0.005841945196074505,-0.013118688172696125,3.452170782787642,-0.041298807420485556,-0.2012827460083841,0.20547587531150713,0.5731383871382992
1637,13.574104099999659,251.63394880954965,307.91672608863513,55.36070224671465,67.74318914606326,3.4674864008264605,0.22000490199601272,-0.006501286982810939,-0.015429374674255314,3.41747235950363,-0.06371158606665957,-0.15590074834253642,0.16841677331219787,-0.31403988382418846
1639,13.59104189999971,251.6354899112536,307.9229837045143,55.36104129664399,67.74456585223149,3.468199616250344,0.22000490199601272,-0.006162237053473518,-0.01680608084248547,3.4119578120425413,-0.06858878868166422,-0.047671311139991554,0.08352829364127985,-3.1516335510737337
1640,13.603812299999845,251.63261210183683,307.9078241731989,55.3604081644653,67.74123068103013,3.2375039826983114,0.22000490199601272,-0.0067953692321651715,-0.013470909641128515,3.403102769517109,-0.05128680267517747,0.05014154340932643,0.07172524314432094,-4.278094601163044
1641,13.608010499999637,251.63083979303732,307.9015394783583,55.36001824784155,67.73984801735766,3.422084231598256,0.22000490199601272,-0.007185285855911161,-0.012088245968655542,3.3551878858899524,-0.01062677225094927,0.2109818811961182,0.21124933723334252,-1.9963456586193762
1643,13.623150299999907,251.63250323932314,307.88118485570305,55.360384214178644,67.73536990059523,3.4202396162121724,0.22000490199601272,-0.006819319518818645,-0.007610129206227612,3.345581128959229,-0.027248094037900995,0.1437315707447811,0.14629156864789,-1.6011545312242044
1644,13.634992099999636,251.63493245045578,307.86773426324214,55.3609186525358,67.73241070431908,3.227911982690677,0.22000490199601272,-0.006284881161661815,-0.004650932930076124,3.3821129084619894,-0.016790872025606685,0.06208899346373509,0.06431933218496629,-1.9488521208593226
1645,13.639419199999793,251.63366292218427,307.87613614149416,55.36063935009285,67.73425915872049,3.420165831596729,0.22000490199601272,-0.006564183604609752,-0.006499387331487583,3.389419302509514,0.014391129724357998,-0.02033205560283941,0.024909779199749117,0.9577504190868088
1647,13.654605100000026,251.63384984328104,307.88628621880434,55.360680473650426,67.73649222548437,3.4201628802121116,0.22000490199601272,-0.006523060047037177,-0.008732454095365938,3.3524888392301637,0.03905108080319045,0.07138423066574498,0.081367655119449,-0.5287699560907544
1648,13.667028200000004,251.63740914661128,307.8909593720839,55.361463537830765,67.73752034211365,3.4586162018358797,0.22000490199601272,-0.005739995866697711,-0.00976057072465153,3.3912466216963635,0.025850290682348318,0.031596627072122845,0.040823821118272485,-1.3034682572321983
1649,13.671787299999778,251.640599234895,307.87464108813816,55.36216537289099,67.73393023965343,3.2355872998154185,0.22000490199601272,-0.005038160806471126,-0.006170468264429019,3.3528543030675335,0.05000228994017918,0.13583598055587032,0.14474682246196813,-1.7143312631835737
1650,13.682681199999934,251.63956570227845,307.8721179136361,55.361937990648975,67.73337512889438,3.4217008950216776,0.22000490199601272,-0.0052655430484875865,-0.0056153575053770055,3.3442643958448413,0.05797141520383779,0.09880665226993764,0.11455758165013841,-1.2322516108685198
1651,13.6869343999997,251.64068061013992,307.87011382899493,55.36218327584377,67.73293422044931,3.228204238452578,0.22000490199601272,-0.005020257853693977,-0.005174449060305619,3.3425463762533303,0.03253768834194288,0.06174963097005753,0.06979769399898318,-2.6223894963253898
1653,13.702920899999754,251.64377273985494,307.894252567193,55.36286355953868,67.73824486118089,3.3772133440986503,0.22000490199601272,-0.004339974158781956,-0.010485089791885116,3.3422027723350274,0.006198642252172414,-0.07213549985124536,0.07240133634512168,-1.451452250467533
1654,13.714984100000038,251.64025608169226,307.9089497995131,55.362089877504246,67.74147832433708,3.450026103878324,0.22000490199601272,-0.005113656193216798,-0.013718552948077445,3.2959901764292967,0.012536732284589978,-0.09705033690598269,0.09785671949304364,-1.1811549037199849
1655,13.719161600000007,251.64055565860667,307.90733693718295,55.36215578589395,67.7411234867182,3.2338692802239075,0.22000490199601272,-0.005047747803516245,-0.01336371532919145,3.286747657248151,0.017841740938296127,0.027832762131026742,0.033060404830424994,-3.2267925475684898
1656,13.731157899999744,251.64114553696612,307.911351141034,55.3622855620246,67.74200663124304,3.1906379154930242,0.22000490199601272,-0.004917971672860233,-0.014246859854040395,3.2935013411420133,-0.0006083731920846196,0.07185499339650092,0.07185756880073274,-3.38414651180666
1657,13.735370899999907,251.642757850306,307.89740870811005,55.36264027886293,67.73893922765403,3.1819916425468473,0.22000490199601272,-0.004563254834529573,-0.011179456265026033,3.2487082027987157,0.016675376154916707,0.16113879739006187,0.16199932158568867,-3.8704063948484233
1658,13.746454699999958,251.64025412932455,307.903055485133,55.36208944797378,67.74018154627956,3.410981763567963,0.22000490199601272,-0.005114085723683104,-0.01242177489055507,3.239749575130056,0.0011054649199272078,0.18301117322873542,0.1830145119362052,-2.7425068904804193
1659,13.751008799999909,251.6407153877999,307.8993631144473,55.36219092709945,67.73936920662871,3.2260604121618353,0.22000490199601272,-0.005012606598015168,-0.01160943523970559,3.2112310124381214,0.011006242527292315,0.23768192634166124,0.23793662072924474,-3.330774565723196
1660,13.762809099999686,251.63738603078787,307.88894142558445,55.361458452236306,67.7370763839918,3.1890761418806095,0.22000490199601272,-0.005745081461157042,-0.009316612602802365,3.251671175021804,-0.023103310040552452,0.01919036183757629,0.030033862926486767,0.4609564577064045
1661,13.777679299999818,251.64146320691572,307.8754412279782,55.36235545097073,67.7341062743405,3.0480451020333486,0.22000490199601272,-0.0048480827267312065,-0.00634650295150152,3.2163045188733204,-0.0046680810837232516,0.008089134309439285,0.00933943653976848,1.068350968671926
1662,13.782371599999806,251.63962147799845,307.88321272398673,55.36195026158079,67.73581604155824,3.3841924554652634,0.22000490199601272,-0.005253272116675589,-0.00805627016923438,3.255375100912667,0.01224372086541988,-0.05767694852703698,0.05896218357575296,3.8513317410230865
1664,13.799275999999736,251.64288543050966,307.89608977229994,55.36266834713314,67.73864905531039,3.2341484828255447,0.22000490199601272,-0.0045351865643255,-0.01088928392138655,3.2930500953112585,0.09009445062388433,-0.10182496592415355,0.13596078007526496,3.157918919334179
1665,13.809782799999994,251.64798789815475,307.9032750675867,55.36379091502733,67.74022985549577,3.4214133223585663,0.22000490199601272,-0.003412618670132872,-0.012470084106766421,3.3734558064712505,0.0678747054624883,-0.17349401495941144,0.18629854768182177,3.468102861859359
1666,13.814826799999992,251.65548910100352,307.9038812058615,55.36544121642493,67.7403632088875,3.377451113873569,0.22000490199601272,-0.0017623172725365066,-0.012603437498498238,3.3732539515719013,0.13935654385109292,-0.0489905274374969,0.1477170203217142,1.7186511810823464
1667,13.82598999999982,251.65291265000673,307.9119291637701,55.36487438457588,67.74213379907845,3.4500736578333075,0.22000490199601272,-0.002329149121585772,-0.01437402768944196,3.3640170947221186,0.12804964578306677,0.019389431905591753,0.12950931184586864,1.4613704097621225
1668,13.83038089999991,251.6583224618181,307.90677715178236,55.36606456969326,67.741000331186,3.3831831809685173,0.22000490199601272,-0.0011389640042054339,-0.013240559796997786,3.362169723352162,0.07295799932900532,-0.011313474117791891,0.07382996927200422,-0.8738758013494056
1670,13.84726879999971,251.6572435577943,307.8933968996231,55.36582720551924,67.73805661012102,3.1879641985766316,0.22000490199601272,-0.0013763281782246395,-0.010296838732017477,3.3780832843564914,0.03624974414221802,-0.015698896347263076,0.039503155530898795,-3.047685083167374
1671,13.857857199999671,251.6491283943314,307.9080263489292,55.3640418297769,67.74127516068187,3.4121764655087836,0.22000490199601272,-0.003161703920561365,-0.013515389292862778,3.3354808534329834,0.03290893195514183,0.016114346625896253,0.03664246129298206,-2.8969232058642693
1672,13.861375499999667,251.6514254701649,307.9087998001229,55.364547197720526,67.74144532373593,3.457018918895214,0.22000490199601272,-0.00265633597693693,-0.01368555234692792,3.2970994892575596,-0.02249005793400426,-0.0001010812073963599,0.022490285086795958,-2.8164942509488307
1674,13.877252099999623,251.64655572854304,307.90876684541786,55.363475830692266,67.74143807353929,3.2370615032157697,0.22000490199601272,-0.0037277030051967586,-0.013678302150282207,3.2959305158355376,-0.016772539315579395,0.15337461482977316,0.15428898388826706,-6.732654189726299
1675,13.88983559999997,251.64621611109084,307.8986394652607,55.363401113187976,67.73921000026034,3.1912763600913965,0.22000490199601272,-0.003802420509487092,-0.011450228871339618,3.2956966830041603,0.0052554065735099294,0.23007269541713032,0.23013271057100187,-6.581341043003161
1676,13.893747799999801,251.64647452948168,307.8818940582097,55.363457966500725,67.73552592862319,3.182119331466522,0.22000490199601272,-0.003745567196737909,-0.007766157234186721,3.222779166010639,0.006820822147213537,0.31657900573462305,0.3166524758890832,-2.467192482095536
1677,13.905646499999875,251.64331190019269,307.87759326552896,55.36276217255395,67.73457973315097,3.4110073013518982,0.22000490199601272,-0.004441361143513234,-0.006819961761962645,3.1839068912952535,0.03032619746713069,0.32903637742471004,0.3304309548477437,-2.3547376465621324
1678,13.909617799999978,251.64604602314387,307.8706586923588,55.36336369300587,67.73305409306028,3.0924313339276064,0.22000490199601272,-0.0038398406915902683,-0.005294321671271973,3.2222763114742463,0.021327161895665605,0.2716908763266823,0.2725266594549688,-2.3279703401614156
1680,13.925322199999755,251.64961840836787,307.8661799317002,55.36414963526697,67.73206874376052,3.0427001296388427,0.22000490199601272,-0.003053898430493973,-0.004308972371518394,3.229950195510045,0.012897539467899505,0.13002414004793492,0.1306622497874999,2.60147107656337
1681,13.938638999999966,251.64653546146695,307.8728178711086,55.36347137183618,67.73352912296953,3.3831234609863623,0.22000490199601272,-0.0037321618612864427,-0.005769351580525495,3.2314850104641777,0.04249890535555784,0.10871765494276153,0.11672911141902016,2.9999560408815356
1682,13.943138099999942,251.6459707183941,307.8680457763709,55.36334712559178,67.73247923873443,3.220488751645515,0.22000490199601272,-0.003856408105683329,-0.0047194673454242775,3.2585188106132077,0.01793311416265568,0.039954910931048665,0.04379487973586495,-1.5859893524693196
1683,13.953927399999884,251.65036139297743,307.86937045288175,55.36431309552318,67.73277067406039,3.4186813761225605,0.22000490199601272,-0.0028904381742833607,-0.00501090267138693,3.2447677422700476,0.02614767006327165,-0.00747164920967432,0.027194230852335927,-1.665835310007131
1684,13.957612499999868,251.65084108066623,307.8686945419314,55.364418629166146,67.73262197033799,3.2276003346727546,0.22000490199601272,-0.0027849045313175225,-0.004862198948984542,3.1958736534793455,0.03119445798149965,0.04755520047478327,0.05687346746028744,-1.684007925240239
1686,13.973862599999848,251.6575713358522,307.881575360775,55.365899318298744,67.73545581362531,2.973944787923043,0.22000490199601272,-0.0013042153987186111,-0.007696042236304379,3.1973266673793646,0.021539489137262956,-0.01080508829900494,0.024097707887754848,-2.629961657462934
1687,13.985775399999966,251.65617979075017,307.87261551988126,55.36559317155495,67.73348460470758,3.1386530170328513,0.22000490199601272,-0.001610362142514532,-0.005724833318581091,3.1976172320123957,-0.012107054962387707,-0.07082880660570415,0.07185611056166703,-1.465887994691398
1691,14.021900499999902,251.64371844522753,307.8822126228041,55.3628516144545,67.73559601439557,3.2277538211456123,0.22000490199601272,-0.004351919242964186,-0.007836243006565269,3.2438192200610723,-0.06519183728530628,-0.22807639176430772,0.23721048907849718,4.51060755156857
1692,14.034240399999817,251.63930409250804,307.90056109027137,55.361880435217074,67.73963276718248,3.420134199287716,0.22000490199601272,-0.005323098480388921,-0.011872995793481778,3.299914659812512,-0.08822956940474738,-0.1833252992106154,0.20345176884954527,4.170564134062062
1693,14.038104799999928,251.63514493181842,307.91366261143503,55.360965399477166,67.74251516606209,3.458610274916137,0.22000490199601272,-0.006238134220296843,-0.014755394673088063,3.364119456713446,-0.09943521245728727,-0.3120998336769373,0.32755712121338126,4.100760490445298
1695,14.05369810000002,251.63343892884413,307.91016368189145,55.360590070460006,67.74174538441076,3.2544219866802395,0.22000490199601272,-0.00661346323745704,-0.013985613021759491,3.33900174727727,-0.06784676529411574,-0.2585136568121647,0.26726858086814564,3.1380062374091047
1697,14.069172900000012,251.62769036640236,307.9438137884678,55.35932535854339,67.74914857281026,3.4596770015375222,0.22000490199601272,-0.007878175154075961,-0.02138880142125288,3.3339782053900344,-0.061103740095572665,-0.21264910163984035,0.22125394342677476,3.9519580871040274
1698,14.082511199999772,251.63266493168848,307.93111335922634,55.36041978729163,67.74635441611967,3.102165273964731,0.22000490199601272,-0.006783746405830016,-0.018594644730669074,3.2868296218905173,-0.009384902953888982,-0.06615443634681582,0.06681680815347901,-0.10408517079895307
1699,14.086335299999973,251.63188296876197,307.93281343502144,55.36024775161462,67.74672844112837,3.3950164898515403,0.22000490199601272,-0.006955782082840756,-0.018968669739365396,3.31977660586293,-0.01688004134377026,0.00647819548059389,0.018080453878489347,1.2964988811270413
1700,14.098563499999727,251.63309510132135,307.9335588885405,55.360514426719554,67.74689244455676,3.2228673574185507,0.22000490199601272,-0.006689106977908921,-0.019132673167760572,3.2749506177291505,0.013526973476330677,0.09028780086185795,0.09129548727018148,0.818445294841847
1701,14.101857499999824,251.63217361663894,307.92738233688124,55.36031169557231,67.7455335729143,3.419156906542304,0.22000490199601272,-0.006891838125156369,-0.017773801525294175,3.292712257260598,0.00546925865102629,0.11651292015164512,0.11664121635363486,1.0177128483012403
1703,14.11754559999963,251.6371871282006,307.9316148079203,55.36141469269209,67.74646473729045,3.235547060868626,0.22000490199601272,-0.005788841005376355,-0.0187049659014491,3.250120710044817,0.05092616071321966,0.4667252646420088,0.46949541691068913,0.006069133206940136
1704,14.131429899999603,251.63982275250913,307.91011927815197,55.361994542959785,67.74173561537042,3.1909734716219678,0.22000490199601272,-0.005208990737678221,-0.01397584398141305,3.214875563443458,0.050866746880469244,0.5716720645300172,0.5739306363161091,0.1203516642359228
1705,14.134310599999935,251.6422097164476,307.8884718971747,55.36251968672713,67.73697308544004,3.182058753772636,0.22000490199601272,-0.004683846970330308,-0.009213314051038424,3.225123363346819,0.1491235896553919,0.38130254366804145,0.4094257866810887,-2.556672633638904
1706,14.145797799999855,251.64333288565487,307.8617740411882,55.362766789458504,67.73109942625022,3.046641624411754,0.22000490199601272,-0.004436744238958568,-0.0033396548612216748,3.1895776555309414,0.13794705653570186,0.46698543376060087,0.4869340671502053,-1.492320813586423
1707,14.150030999999672,251.6516016540309,307.87215127396894,55.364585959034706,67.73338246833114,3.470395906059109,0.22000490199601272,-0.0026175746627572494,-0.005622696942140237,3.155741676809563,0.1454892706241801,0.4716860345333218,0.49361406284720655,-0.426973111725219
1709,14.16513599999962,251.6525920543657,307.8468125399502,55.364803851963295,67.72780782263663,3.0578185217892395,0.22000490199601272,-0.0023996817341682686,-4.80512476315198e-05,3.1951183561873577,0.07943429449877352,0.13078245575944833,0.15301587459146174,-5.020522851958051
1710,14.177545999999893,251.65707501554454,307.8262737526633,55.3657901253981,67.72328918875247,3.0217935780150746,0.22000490199601272,-0.0014134082993635388,0.004470582636528775,3.2297205292211197,0.07122547605388246,0.03339698488784033,0.07866655603686244,-3.30871910269505
1711,14.181834799999706,251.65419032371034,307.82727308904475,55.365155479053826,67.72350904765513,3.378942150661609,0.22000490199601272,-0.0020480546436374425,0.004250723733875361,3.146473422323966,-0.033788777129983516,0.1875645962646567,0.19058373286265376,-1.0709513390669336
1712,14.193824499999664,251.65312582799788,307.82594363847215,55.36492128477893,67.7232165620122,3.2196524895805645,0.22000490199601272,-0.002282248918533014,0.004543209376805635,3.2119928579877426,-0.06630390928559418,0.0039740448753822905,0.06642289830490578,-2.790811464306361
1713,14.197924799999782,251.6513490839526,307.82162873188366,55.36453039237938,67.72226726141108,3.0541603715733396,0.22000490199601272,-0.002673141318084049,0.005492509977926829,3.2250967451204984,-0.06338040765308282,-0.07920222695409272,0.10143997648244292,-1.9582412039210289
1714,14.209647899999709,251.6434547941815,307.8508768484983,55.36279360993196,67.72870199044044,3.3854157001081253,0.22000490199601272,-0.004409923765500423,-0.000942219051438542,3.154846810266776,-0.0365491009726667,-0.08857555834754514,0.09581996826595988,2.6379694949791244
1715,14.214264999999614,251.64542943340865,307.8519632917144,55.3632280402416,67.72894101327374,3.087313013678852,0.22000490199601272,-0.003975493455861567,-0.0011812418847370054,3.1869407365650746,-0.025810882096337362,-0.11585270061129206,0.1186930910943038,0.9158498441498735
1716,14.231910399999833,251.6443209203639,307.85983377947156,55.36298416193783,67.7306725591614,3.027692476392997,0.22000490199601272,-0.00421937175963194,-0.0029127877724022255,3.24994723697366,-0.043885764242793036,-0.3743075396336888,0.37687145624177953,0.9911433375281846
1717,14.244498699999895,251.6462753900031,307.86624170902803,55.36341415483926,67.73208233507548,3.380122121072057,0.22000490199601272,-0.0037893788582010757,-0.004322563686471881,3.210345014208543,-0.013851849704475517,-0.2546716638739487,0.2550480937403,3.1428004955995315
1718,14.249763199999961,251.64183160384843,307.8916245141711,55.36243650010181,67.73766667663335,3.3691928736162673,0.22000490199601272,-0.0047670335956553345,-0.009906905244349673,3.229151406813723,-0.028711809503187927,-0.20188860642327797,0.20392002699215345,1.1905006877538369
1720,14.262425999999778,251.6419478187464,307.8887877503974,55.362462067949046,67.73704257469734,3.1874045862825415,0.22000490199601272,-0.004741465748416829,-0.009282803308337861,3.2895004004836847,-0.0026820294410627027,-0.13132730940527826,0.13135469339750452,-1.3184332762044226
1721,14.274550299999646,251.64303852939364,307.8770965347673,55.3627020296381,67.73447044994843,3.181344976704751,0.22000490199601272,-0.00450150405936256,-0.006710678559429084,3.2554262859486345,-0.005232066100417912,-0.07029350001191681,0.07048794691012422,-0.7098599518185252
1722,14.278637199999594,251.64519948220192,307.8723655643559,55.363177449848905,67.73342961326672,3.329437444742806,0.22000490199601272,-0.00402608384855796,-0.005669841877718795,3.2187505850509015,0.03567147386646905,0.16188836204407714,0.16577181851304032,0.8385507107843924
1723,14.291010399999777,251.6464034777282,307.8615011200929,55.36344233476667,67.7310393822714,3.2097515483968038,0.22000490199601272,-0.0037611989307961835,-0.0032796108824015846,3.217475054449146,0.035710494477004445,0.15028914048801317,0.1544735095879482,0.3868293466613061
1724,14.295066199999837,251.64675025297697,307.8596547600037,55.363518627021286,67.73063317400093,3.1858143691276033,0.22000490199601272,-0.0036849066761774907,-0.0028734026119252576,3.263363823450865,-0.019400234794203282,-0.18411735792415584,0.18513662684364196,-1.5359849109932702
1725,14.305954199999633,251.64685983497276,307.86008580914154,55.363542735597534,67.73072800692425,3.1810269332737633,0.22000490199601272,-0.003660798099929252,-0.002968235535249164,3.2906626771194674,-0.021734586290670196,-0.2621088521045773,0.2630084458583141,0.14593081355438586
1726,14.309602499999983,251.64261858423146,307.8842948287502,55.36260963964385,67.73605410991068,3.4107888217133464,0.22000490199601272,-0.004593894053613212,-0.008294338521679379,3.2453344839860003,-0.03871354082534233,-0.3154913925667739,0.3178577622568901,0.13651112852353164
1728,14.325665299999855,251.65025963929767,307.8941718539209,55.36429070921484,67.73822710386537,3.465931713085819,0.22000490199601272,-0.0029128244826210903,-0.010467332476366664,3.236268845359307,-0.11257740300261154,-0.16712354625128445,0.201504221738448,-2.149511995459073
1729,14.337737800000014,251.646775877842,307.8982179512732,55.363524264617205,67.73911726511682,2.9831105827294686,0.22000490199601272,-0.003679269080258507,-0.011357493727814472,3.2344557176339683,-0.11362223976334572,-0.11538650104608805,0.1619384388973109,-2.79804172683688
1730,14.340870399999858,251.6417850644312,307.88622898733,55.36242626120188,67.73647963427948,3.1404861759941363,0.22000490199601272,-0.004777272495580576,-0.008719862890472996,3.2340930920889006,-0.0996836859267877,0.07319980184181502,0.12367315080336327,2.2632836057573376
1731,14.353439299999991,251.6416131057074,307.8719478718325,55.362388429439704,67.73333771886405,3.17196129464707,0.22000490199601272,-0.004815104257758662,-0.005577947475046585,3.2248498425602623,-0.1054001674322046,0.09618976540354103,0.14269431054924728,3.0723186418805413
1732,14.357238299999608,251.63840010259872,307.88087454120034,55.36168155300567,67.73530162988347,3.408975693988008,0.22000490199601272,-0.005521980691796102,-0.007541858494462872,3.273789156521722,-0.08723673347338137,0.10925077144824794,0.13980693376633035,3.7659180986935143
1734,14.37330699999984,251.64395636474984,307.88235949891293,55.36290395791569,67.7356283278595,3.4197154654426263,0.22000490199601272,-0.004299575781772091,-0.007868556470498334,3.329720894436084,-0.05082649342053316,-0.07318498381478662,0.08910316655090368,1.4158284899606173
1735,14.385160999999698,251.64542894104096,307.88281369064623,55.3632279319183,67.73572825226726,3.2278071525367675,0.22000490199601272,-0.003975601779160343,-0.00796848087826163,3.3690502222876435,-0.06024559424847491,-0.1882591513047382,0.19766395644206908,1.0086772399864499
1736,14.388386799999807,251.64295895034815,307.8838427659233,55.36268452185799,67.73595465387275,3.4201448655659474,0.22000490199601272,-0.004519011839470011,-0.008194882483749666,3.3307722127358845,-0.01745906574784218,-0.04241829009250962,0.0458708002018689,-1.7143499921320557
1738,14.405154799999764,251.6391400888157,307.90864326430085,55.361844353600816,67.74141088508775,3.368607933904865,0.22000490199601272,-0.005359180096647265,-0.013651113698742279,3.2843053573861765,-0.016831787358610264,0.052980696674736094,0.05559013658758058,-5.458965934654453
1739,14.417833699999846,251.64074586815119,307.89641130435643,55.36219763292615,67.73871979393896,3.2175856462292156,0.22000490199601272,-0.005005900771315908,-0.010960022549951987,3.275011986316235,-0.018961953349677502,0.07163336217957557,0.0741005684997463,-6.741674734292322
1740,14.420982999999978,251.64187973486005,307.8898743104641,55.362447089160305,67.73728162323833,3.1873811886940855,0.22000490199601272,-0.0047564445371577335,-0.0095218518493283,3.2270094369801763,-0.022880862343260935,0.23681695724605403,0.23791974508403174,-2.3926871394479274
1741,14.433175099999971,251.6428040706779,307.8851730453895,55.36265044757132,67.73624732187633,3.1813402971870595,0.22000490199601272,-0.004553086126144024,-0.008487550487330964,3.189265946844278,-0.010390884655878488,0.3505544540192187,0.3507084197971932,-0.9732771870764313
1742,14.437081999999918,251.63946459799175,307.8717525508981,55.36191574721029,67.73329474730102,3.1801321188856546,0.22000490199601272,-0.005287786487173207,-0.005534975912013351,3.2278611620861413,-0.007597268524213994,0.30756991915672866,0.3076637347155261,-0.6937381703025342
1743,14.449533299999985,251.64016323812098,307.8579833037402,55.36206945146345,67.73026544542948,3.1798904832253734,0.22000490199601272,-0.005134082234015125,-0.0025056740404778566,3.281724080256584,-0.045244864728669794,0.176750272625541,0.18244932627312904,2.4761356005572828
1744,14.465739599999779,251.6432446974697,307.8581802131421,55.36274738762547,67.73030876646314,3.410561722438532,0.22000490199601272,-0.004456146071994738,-0.0025489950741359735,3.292496663890673,-0.0454980530211464,0.18967015449205732,0.1950508660164213,3.579605926265375
1745,14.4692885999998,251.64148591801978,307.8613651216449,55.362360447524956,67.73100946194617,3.4566957795463003,0.22000490199601272,-0.0048430861725066165,-0.0032496905571690604,3.2946511806174907,0.006664126907626879,0.14506029657351494,0.1452132921926814,-0.32448943407542297
1746,14.48179749999963,251.64236229371392,307.85286874623154,55.36255325447366,67.72914021770603,3.2352032153575028,0.22000490199601272,-0.004650279223803011,-0.0013804463170288273,3.324942961953577,0.029644854935757088,0.08137923177463868,0.08661060436454905,-1.2396185460825728
1747,14.485954999999649,251.64373724090893,307.84280245267115,55.36285574959655,67.72692558377783,3.190904702519743,0.22000490199601272,-0.004347784100914964,0.0008341876111757074,3.284857404951751,0.051301263529301554,0.1811888187024043,0.18831146450090494,-1.4162650895536064
1748,14.498025299999881,251.65071855094988,307.84692345252324,55.36439167202791,67.72783222394641,3.3313493899058044,0.22000490199601272,-0.0028118616695564924,-7.245255740429002e-05,3.2818427455297194,0.06647160266992443,0.1744056545521754,0.18664352734901107,-1.182778081146945
1749,14.500784500000009,251.6526012075617,307.84069814828706,55.36480586571128,67.72646262649803,3.2101339374294033,0.22000490199601272,-0.002397667986180352,0.0012971448909695482,3.2812398136453127,0.06128755655685434,0.16595784916107886,0.17691289463145704,-2.049126181628664
1751,14.517544199999975,251.6500738837612,307.85832213768595,55.36424984208624,67.7303399905585,3.4416224824361414,0.22000490199601272,-0.00295369161122494,-0.0025802191695021293,3.3109801052591545,-0.00398400281909498,0.0677102743888483,0.06782738043206211,2.3439198319501706
1752,14.530063199999859,251.64947602098914,307.85222244115977,55.36411830934567,67.72899802742207,3.232188555935471,0.22000490199601272,-0.0030852243517927036,-0.0012382560330621573,3.2870672855912,-0.03215970217195545,0.07550796879228365,0.08207130920684376,2.329402393901526
1753,14.533419500000036,251.64560722546213,307.85159015618837,55.36326715536491,67.7288589216289,3.33960616058895,0.22000490199601272,-0.0039363783325541135,-0.0010991502398951525,3.3284285967796796,-0.09842159975020875,-0.08950929867937896,0.13303655831185862,4.785804885087879
1754,14.546814199999972,251.64477735568192,307.8537895678557,55.363084579945244,67.72934280297721,3.2117852915660325,0.22000490199601272,-0.0041189537522186015,-0.00158303158821127,3.3241108736290736,-0.10009026720231727,-0.06527362369948728,0.11949354601606538,4.7643024041285695
1755,14.550567699999647,251.6416859771041,307.85939770934675,55.36240446150419,67.73057662159634,3.4169404933718006,0.22000490199601272,-0.004799072193272025,-0.0028168502073384616,3.3693912041210226,-0.10921826098825768,-0.11339918328470917,0.15744206332152227,5.234435132050576
1757,14.565768099999787,251.63881734103728,307.8670096285627,55.36177334750745,67.73225128113744,3.4200338666831143,0.22000490199601272,-0.0054301861900114545,-0.0044915097484334865,3.3947302673507607,-0.09209533035652653,-0.2791784325200829,0.2939764396305395,2.818719819517901
1758,14.577271699999983,251.6358815508355,307.8739865990352,55.36112745927183,67.73378624884248,3.4585902083952167,0.22000490199601272,-0.006076074425635625,-0.006026477453474399,3.3997980799967085,-0.08425047899829069,-0.24390526615499794,0.2580463564353928,2.8838876934281203
1759,14.58141039999964,251.6327214558241,307.88879999448534,55.36043222287855,67.73704526845671,3.4663014767376374,0.22000490199601272,-0.006771310818912468,-0.009285497067708093,3.40081168067287,-0.014863561151662957,-0.18414862795227552,0.18474751047528304,0.531957034241062
1760,14.593015199999627,251.63407147723728,307.88140257430496,55.36072923420725,67.7354177997549,3.23712435479577,0.22000490199601272,-0.006474299490214719,-0.007658028365895575,3.400852224699917,-0.016884474778132676,-0.12188419122122877,0.12304812699991195,0.20301613182677156
1761,14.598096499999883,251.63789943058862,307.88209380763874,55.36157140270915,67.73556987447675,3.4220084967526114,0.22000490199601272,-0.00563213098831028,-0.0078101030877490984,3.4023961382764556,-0.0010092084425645268,-0.11121034031978767,0.11121491939359365,0.4863295830171422
1763,14.61470159999999,251.6340030451613,307.86691179254285,55.36071417881508,67.73222975673349,3.420236586818347,0.22000490199601272,-0.006489354882383225,-0.004469985344485394,3.4027663531826087,0.04222517640546021,0.02762389284534116,0.05045834894646399,0.5126602263222315
1765,14.630820699999731,251.63570501667755,307.8727778732644,55.361088620891714,67.73352032324773,3.4663097762779103,0.22000490199601272,-0.006114912805749384,-0.005760551858728036,3.4327012741545615,0.04715016883510306,0.006000568748262292,0.047530466508139246,0.6725787799612089
1767,14.646719800000028,251.6391873969774,307.87951886244036,55.361854761628294,67.73500337391074,3.468152551268402,0.22000490199601272,-0.005348772069169172,-0.007243602521739945,3.4386882583489524,0.05251625028131038,-0.00803296094718754,0.05312706471459037,0.624222738587078
1768,14.657860699999674,251.64173044299434,307.8778921057468,55.36241424421802,67.73464547946381,3.386798959655536,0.22000490199601272,-0.004789289479440129,-0.006885708074804597,3.447635364705984,0.05642966218800759,-0.056345356122245074,0.0797440024778997,0.6195761100834998
1769,14.661947199999759,251.64530733609038,307.87975134674923,55.36320117823306,67.73505452159833,3.4519434177245647,0.22000490199601272,-0.004002355464400864,-0.007294750209325684,3.4478889812062614,0.04439376070314752,-0.04538978668835517,0.06349046168506502,0.450507442193646
1770,14.673324599999887,251.64364952689368,307.881841218035,55.362836452083215,67.73551430352573,3.464972118603507,0.22000490199601272,-0.004367081614248036,-0.007754532136729608,3.4478783104624444,0.06327399435103126,-0.04900741737869313,0.0800332763246874,-1.9608197716158298
1771,14.68942029999971,251.64094625623514,307.8836912005048,55.362241719286914,67.7359213087377,3.467577858779295,0.22000490199601272,-0.004961814410549437,-0.008161537348698289,3.4641633823021616,0.06970254795619205,-0.06281371725431276,0.09382967689856979,-2.765072669015573
1772,14.69309209999983,251.64332601108026,307.88554987532154,55.36276527701839,67.7363302263086,3.4680991975493165,0.22000490199601272,-0.004438256679073049,-0.008570454919592407,3.421276483401061,0.03577459106573084,0.002092836607934717,0.03583575492420636,-2.97137394262814
1774,14.710095899999942,251.6496915945646,307.88840236342344,55.36416573658901,67.7369577876739,3.4682243188541215,0.22000490199601272,-0.003037797108454754,-0.009198016284898358,3.366555228498772,0.04913686680770881,0.172900332114715,0.17974692354824118,-3.0927655130018548
1775,14.72138509999968,251.65086818062358,307.87688574710586,55.364424591289605,67.73442407562963,3.2375089232190666,0.22000490199601272,-0.0027789424078576985,-0.006664304240629804,3.355610977518314,0.045037849860305776,0.17848013126531267,0.18407489013041048,-4.039059550857144
1776,14.724985800000013,251.65143698534143,307.86356958130773,55.364549731115815,67.73149445387826,3.191365844092056,0.22000490199601272,-0.002653802581647824,-0.00373468248925235,3.3534221273222222,0.03312030900323083,0.15763912917907152,0.1610808800472778,-2.3786689188502
1777,14.737414599999738,251.64819173534903,307.8634219973777,55.363835760209284,67.73146198469018,3.412856603877005,0.22000490199601272,-0.003367773488179182,-0.0037022133011817004,3.307190660045335,0.02297127416533333,0.17779921720390685,0.17927699538730826,-1.759815206334668
1778,14.74069389999977,251.64942891528256,307.86663522346555,55.36410794585931,67.73216891018073,3.4571549465688585,0.22000490199601272,-0.0030955878381533353,-0.004409138791729106,3.296112785528858,0.018193960398505894,0.19693728663176566,0.19777592133741817,-1.5720893595192473
1780,14.758574499999668,251.65199849452205,307.8614423809099,55.364673265888065,67.7310264593632,3.2370669824696883,0.22000490199601272,-0.0025302678093979125,-0.003266687974203819,3.293897210625562,0.010627949910850778,0.06491129021169882,0.06577559514177686,-1.4519285058794786
1782,14.772954300000038,251.6519359334345,307.8405184630159,55.364659502142125,67.72642309485755,3.1821195506366786,0.22000490199601272,-0.002544031555338222,0.0013366765314515305,3.293454095644903,-0.024345146300220243,0.003708103628052989,0.02462592497543,1.8607917774213596
1783,14.785456799999793,251.65176114400316,307.83179557034384,55.36462104761042,67.72450401571012,3.1802879695755784,0.22000490199601272,-0.0025824860870429234,0.0032557556788788133,3.2933654345017986,-0.05581253840731211,0.019472390352545662,0.059111872153651185,3.3057908637033897
1784,14.789020499999879,251.64799811681132,307.83671018408984,55.36379316318187,67.72558525482566,3.4106410289737097,0.22000490199601272,-0.003410370515595673,0.0021745165633433317,3.3391372288006855,-0.04645996974912689,-0.1013163190504398,0.1114608688958609,3.910853933227092
1785,14.801491599999736,251.64378434975947,307.8444619698506,55.362866113774594,67.72729068569225,3.456711640853336,0.22000490199601272,-0.004337419922869401,0.00046908569674997125,3.3871119756947117,-0.05136621719284149,-0.1649653704643397,0.17277749194018013,3.439023770642892
1786,14.804798599999685,251.6449625058969,307.8525797258611,55.36312531390014,67.72907663180777,3.4659259539641245,0.22000490199601272,-0.004078219797321481,-0.0013168604187683286,3.3967069250735165,-0.052278447700326726,-0.20988585592721337,0.2162986560574401,3.2861050522270405
1788,14.823302999999669,251.64281870154042,307.8524214409962,55.3626536664328,67.72904180836157,3.421993285106807,0.22000490199601272,-0.004549867264664442,-0.0012820369725687897,3.3524820398272075,0.002305459071153205,-0.082931421658187,0.08296346087149914,-0.16088353876766326
1789,14.834764899999755,251.64242083139095,307.8561259901319,55.362566133049555,67.7298568273311,3.228262716469604,0.22000490199601272,-0.004637400647908407,-0.0020970559421016333,3.3436370627779457,0.009567696826095276,-0.06868631340881318,0.06934948069199785,-1.5610291009235255
1790,14.8388759999998,251.64317967073836,307.8499339023181,55.362733081425816,67.72849453765849,3.189516602742163,0.22000490199601272,-0.004470452271647218,-0.0007347662694883184,3.325585032089773,0.02231604382255102,-0.0031717208599818525,0.022540311113728256,0.9823971435965797
1791,14.85373589999972,251.64061135445218,307.85435969628264,55.36216803925298,67.72946823402592,3.4124867556070266,0.22000490199601272,-0.0050354944444848115,-0.0017084626369126,3.2787190757401756,0.03417808691331013,0.03552514295053757,0.049296829580713505,2.1196190335603378
1792,14.856090199999926,251.64213220873023,307.8566334421371,55.36250263464937,67.72996846925977,3.375665800523261,0.22000490199601272,-0.004700899048096119,-0.002208697870770493,3.3154897977392994,0.04494663005920187,0.030982172190132128,0.05459024223519938,2.449510606409982
1794,14.872320699999818,251.64462735789428,307.84222062040703,55.36305157969667,67.72679757782757,3.1876635033588214,0.22000490199601272,-0.004151954000789715,0.0009621935614347876,3.368987855408167,0.06678597971275511,-0.1229215648402652,0.1398930955729126,4.285376509326191
1795,14.884510200000022,251.64718741808684,307.84741886359785,55.36361480548844,67.72794121681132,3.4121163264652217,0.22000490199601272,-0.003588728209024339,-0.00018144542231368632,3.3796874669419408,0.06340617585613277,-0.13877206986287713,0.15257139479838966,5.941148521669967
1796,14.888357699999688,251.64980726101584,307.8550813394346,55.364191183775276,67.72962699905683,3.4570068910865017,0.22000490199601272,-0.0030123499221872407,-0.0018672276678302069,3.398110386380043,0.024491043804738544,-0.11433132980877674,0.11692503667944219,2.962307681552008
1797,14.899303099999997,251.64707477057624,307.86228412880394,55.36359002248391,67.73121164802613,3.4659848132758944,0.22000490199601272,-0.003613511213551135,-0.003451876637129203,3.4542056267755212,0.027683852602759976,-0.3279833405135394,0.32914961240954194,2.414940353164098
1798,14.914791899999727,251.64338185182373,307.8686395746814,55.36277756225569,67.73260987727355,3.467780397713773,0.22000490199601272,-0.004425971441776255,-0.004850105884543154,3.4654246748546162,0.027846754339073965,-0.3326263792671379,0.3337899787464965,1.4522513749025925
1799,14.918803599999592,251.64428967682312,307.8845564390805,55.362977288205705,67.73611166546574,3.468139705336212,0.22000490199601272,-0.004226245491757652,-0.008351894076739086,3.4676684463234633,-0.02883280043892284,-0.27542873723503825,0.2769337821141337,-2.2115043938800105
1800,14.93041409999978,251.64677111915694,307.89073292080525,55.363523217683166,67.73747052172229,3.4682115668607,0.22000490199601272,-0.0036803160142966362,-0.009710750333283613,3.421973325495162,-0.01711584430689867,-0.20812739750577122,0.2088299923834297,-3.272396946917566
1801,14.934499899999992,251.64429013086345,307.8935587795177,55.3629773880968,67.73809222449138,3.4682257484307337,0.22000490199601272,-0.0042261456006613685,-0.010332453102378736,3.3666904262074313,0.003158340334917252,-0.029558996375035645,0.029727249794936222,-3.4422065623590203
1802,14.946742299999642,251.64449385839947,307.8828898169497,55.3630222091534,67.7357450004272,3.237509209134389,0.22000490199601272,-0.004181324544063614,-0.007985229038197872,3.3644934443938475,-0.007392002974904908,0.13632698245622638,0.13652724216654072,-4.124052769308551
1803,14.95026549999966,251.64527721215848,307.8700373346085,55.36319455082038,67.73291739130933,3.1913659012751205,0.22000490199601272,-0.004008982877081735,-0.005157619920325374,3.36405404803113,-0.010768617258281377,0.1468990681837848,0.1472932427198193,-2.71242040738058
1805,14.96648759999971,251.64505852449037,307.8732421558007,55.363146438461385,67.73362246768163,3.45715479626829,0.22000490199601272,-0.004057095236078112,-0.005862696292624037,3.317822293636516,0.02670215689447488,0.3107728965093229,0.31191793534135137,0.31408099020981184
1806,14.978304299999763,251.64667722877886,307.8766891400244,55.363502561339736,67.73438082110793,3.466014585047115,0.22000490199601272,-0.0037009723577270393,-0.006621049718930294,3.354719817879664,0.014264873668370611,0.27091683984228426,0.27129213171580274,0.1867232083410992
1807,14.982910699999593,251.64780288263415,307.86271934311156,55.36375021070585,67.73130739730723,3.2370669764576654,0.22000490199601272,-0.003453322991610719,-0.003547625918230324,3.362099322728293,0.004646962399143319,0.19981484696929377,0.19986887533806094,0.1277140274832512
1808,14.99385540000003,251.64489139448665,307.8630949969107,55.3631096690413,67.7313900429845,3.421996830350127,0.22000490199601272,-0.004093864656162793,-0.0036302715954974474,3.353165758415402,0.011885887701378915,0.19635397609931765,0.1967133911467676,1.2796144110312837
1809,14.998111899999913,251.64490738841658,307.85444562422765,55.363113187784286,67.72948713859503,3.228263425518268,0.22000490199601272,-0.004090345913176918,-0.0017273672060298395,3.3513790455528243,0.014645124391801462,0.1893733208233055,0.18993876462717643,0.056376528692543726
1811,15.013848399999915,251.6472841745446,307.85879225581107,55.36363609238345,67.73044341885056,3.4124869747038367,0.22000490199601272,-0.0035674413140114325,-0.002683647461552141,3.3971656162493518,0.027458448340501068,0.054295417159483904,0.06084372366801974,1.355746139691433
1812,15.0262031999996,251.64975134148773,307.86435626707777,55.36417888120498,67.73166752860399,3.4570810207342246,0.22000490199601272,-0.0030246524924848472,-0.00390775721498926,3.360179055266587,0.04107674131446911,0.09132467043878825,0.10013737617777439,1.6957699221017923
1813,15.030987399999958,251.65231362882895,307.86453419616396,55.36474259698037,67.73170667387515,3.4659998299403023,0.22000490199601272,-0.0024609367170924656,-0.003946902486148929,3.3989256181921044,0.010738165280394875,0.023770344056635247,0.02608327912973928,-0.037731901673471624
1814,15.041508299999805,251.65277109519553,307.85604138595505,55.364843241823515,67.72983821399748,3.237064025436303,0.22000490199601272,-0.0023602918739484835,-0.002078442608478781,3.40822475986889,-0.012408865616996091,0.019013949332119525,0.022704850034851065,-0.8092020156885569
1815,15.046381499999825,251.6494293460645,307.8536206370161,55.36410804063345,67.7293056373644,3.4219962401458544,0.22000490199601272,-0.0030954930640163525,-0.001545865975401739,3.363940674935204,-0.02330085413684166,0.16213821445095308,0.16380393886854375,-0.3151632099045183
1816,15.057611400000042,251.64521790170167,307.857936409254,55.36318150222914,67.73025512841265,3.458982683087765,0.22000490199601272,-0.004022031468323917,-0.0024953570236476708,3.3532972812522917,-0.03985018413777193,0.17467996527857702,0.17916787503773995,-1.9401339645255247
1817,15.061677599999712,251.64502334749574,307.8465412922549,55.36313869935013,67.72774814681402,3.2356605960657956,0.22000490199601272,-0.00406483434733218,1.1624574980828584e-05,3.351168602515709,-0.03883822332565358,0.15676657843891506,0.16150593706281466,-2.2484234361746025
1819,15.078054099999918,251.64763474474094,307.84248250019954,55.36371321954513,67.72685519266565,3.412782861525738,0.22000490199601272,-0.003490314152330143,0.0009045787233503688,3.350742904915365,0.011956869489662084,0.0678548828089465,0.06890030369315273,-0.5066279064056012
1820,15.089864699999907,251.64841991665398,307.83775685551865,55.36388596121491,67.72581552767078,3.22642063175339,0.22000490199601272,-0.0033175724825511566,0.0019442437182277672,3.3429765597046135,0.019844017221923693,0.07977237793838976,0.08220351149098984,-0.2981751246615076
1821,15.093970699999772,251.65034426749358,307.84401410401637,55.364309327832785,67.72719215301328,3.4198677521441354,0.22000490199601272,-0.0028942058646777014,0.0005676183757259423,3.341423290662463,0.02013937099239892,-0.027769307202545376,0.03430347921827781,-0.18860255700990597
1823,15.109590399999888,251.6472863787789,307.8457863887032,55.36363657732579,67.72758206433211,3.420150957034008,0.22000490199601272,-0.0035669563716709263,0.00017770705689201804,3.3428992135502087,0.03287978064741117,-0.11077844746580492,0.115554941038261,-0.18036006785672898
1824,15.121709399999872,251.6467878727709,307.84144385059375,55.36352690356036,67.72662668466093,3.2278942508550443,0.22000490199601272,-0.0036766301371002896,0.0011330867280747725,3.3431943981277583,0.0319170058056767,-0.11280743424960671,0.11723571333675989,-0.6728602613333063
1825,15.125586299999668,251.6485286332318,307.8477968757344,55.36390987939496,67.72802438133438,3.4201624759644664,0.22000490199601272,-0.0032936543025030574,-0.00026460994537558236,3.3432533968962956,0.001975945585241454,-0.06235762995854477,0.06238892830464902,-0.10638907764262229
1826,15.13790999999992,251.64907826426497,307.84343420428513,55.36403080091655,67.72706457222974,3.227896554641136,0.22000490199601272,-0.003172732780910792,0.0006951991592671902,3.304802527218615,0.0012291670354896232,-0.11071369241009915,0.11072051543719971,0.2691177910286507
1827,15.153579399999671,251.64575955630062,307.84934732060253,55.3633006688961,67.72836548680564,3.420162745986821,0.22000490199601272,-0.003902864801361261,-0.0006057154166398959,3.3432562284051492,-0.008778175350784323,-0.15193077640194608,0.15218415548468656,1.063174275700722
1828,15.157479299999977,251.64492987930953,307.8540757217522,55.363118135890986,67.72940575823718,3.2278966086456067,0.22000490199601272,-0.004085397806477431,-0.0016459868481746298,3.350946930495483,-0.06590071565582059,-0.1533922564800866,0.16694935960344975,1.538217756535907
1829,15.169415800000024,251.64172410801098,307.86097986793806,55.36241285049063,67.73092470424216,3.420162756787715,0.22000490199601272,-0.004790683206834956,-0.003164932853152891,3.39862894603562,-0.0792798243037272,-0.1908447650032846,0.20665675617019824,2.824223382464251
1830,15.173405199999706,251.63833630044024,307.8676497521408,55.36166751621805,67.7323921114625,3.4586159864161368,0.22000490199601272,-0.005536017479414568,-0.004632340073499108,3.4081653491436477,-0.11013100104359559,-0.36290748285568264,0.37925015293802067,2.7751930393430575
1831,15.185137899999972,251.63529208292255,307.8734828726055,55.36099777344141,67.73367542655868,3.466306632341821,0.22000490199601272,-0.006205760256051462,-0.005915655169673073,3.4470000348963907,-0.10057840219889363,-0.2946618215346901,0.31135446690070784,1.8846794471148025
1832,15.188654099999894,251.6320819928986,307.88855962196,55.360291537900295,67.73699238532282,3.4678447615269583,0.22000490199601272,-0.006911995797167947,-0.009232613933818357,3.4547670101939123,-0.07509199536302352,-0.27933468003506995,0.2892519165673674,0.09832310518943888
1834,15.206630199999836,251.63216030644094,307.8824736055229,55.3603087672635,67.73565343187303,3.4220700374093207,0.22000490199601272,-0.006894766433966026,-0.007893660484029397,3.4101765301313463,-0.004300716553827022,-0.08286675681003051,0.08297828358726818,-3.572227429522432
1835,15.217782799999895,251.63562491547742,307.8850394829237,55.36107099823503,67.73621793747913,3.4589976332753216,0.22000490199601272,-0.006132535462434419,-0.008458166090122177,3.3551145589967626,0.015431047008497446,-0.018085394523063222,0.0237739081102225,-5.023206138866256
1836,15.221363499999825,251.63834501060762,307.8750379469028,55.361669432497564,67.73401755052704,3.235663586103307,0.22000490199601272,-0.005534101199899055,-0.0062577791380391545,3.2979582896477755,0.03139555439137563,0.3357464868866088,0.3372111864874023,-5.91333679706129
1837,15.23362189999989,251.64066153951714,307.8630847430734,55.362179080213274,67.73138778709001,3.190996776668904,0.22000490199601272,-0.005024453484189451,-0.0036280157010111225,3.2495996306468404,0.03565150350515105,0.3595549762116603,0.36131815705932274,-5.075402643874234
1838,15.237936300000001,251.63828809606093,307.8468899601824,55.3616569110183,67.72782485546725,3.1820634147820233,0.22000490199601272,-0.005546622679162283,-6.508407824412643e-05,3.239927860699681,0.0009416594969918445,0.31709110014842223,0.31709249835961906,-3.850324664546128
1839,15.249954499999603,251.63950290170078,307.83631813213543,55.36192417421404,67.72549900147385,3.180276742404647,0.22000490199601272,-0.005279359483424173,0.00226076991515356,3.2604685060056364,-0.0207809966095085,0.20279368835135014,0.2038556593652208,-0.6479443670843983
1840,15.253411799999867,251.63784966341348,307.84045007746744,55.361560453686664,67.72640804970167,3.4106387835395235,0.22000490199601272,-0.00564308001079894,0.0013517216873282223,3.264576635066828,-0.02154422196526105,0.17786019405597414,0.17916026939507881,1.0232718962177456
1842,15.269982099999652,251.6422568469443,307.83720945003216,55.36253005566744,67.72569509578037,3.338366812633085,0.22000490199601272,-0.004673478030021272,0.002064675608636435,3.265398260879066,0.014022753219140326,-0.02595186934589775,0.029498086893753935,-0.2386898714663741
1843,15.281787999999779,251.64428308380639,307.8323873844807,55.362975837709705,67.72463421772129,3.2115374219748594,0.22000490199601272,-0.004227695987758295,0.003125553667715053,3.317475747883648,0.0025138590398186295,-0.0973217831111427,0.09735424466968237,-0.3777495033694467
1844,15.285965999999917,251.64536184761175,307.8360570511983,55.363213171034985,67.72544156238786,3.1861715438432143,0.22000490199601272,-0.003990362662477764,0.0023182090011459877,3.2817473701624937,0.02384146273384576,-0.030386819417991207,0.03862349206934768,0.16411305831524603
1846,15.302263799999764,251.64274638561733,307.8481558178971,55.362637756575225,67.72810335036971,3.440664177427557,0.22000490199601272,-0.004565777122238046,-0.0003435789807042511,3.298270570444946,-0.02251549786441069,-0.22514994313915915,0.22627294257080072,2.2220894922786862
1847,15.314503199999763,251.64282618380668,307.84416480896647,55.36265531256805,67.72722530884106,3.231996894933754,0.22000490199601272,-0.004548221129411445,0.0005344625479466458,3.34597437355013,-0.03126127851103153,-0.28613154178842437,0.2878342000881152,1.3671343571978924
1848,15.318313999999646,251.63982489311962,307.86028741806194,55.36199501390458,67.73077236187503,3.4209828140453444,0.22000490199601272,-0.005208519792880395,-0.0030125904860227593,3.385376012161889,-0.03781857462981885,-0.2924074316555883,0.2948429254271649,3.0842158644210342
1850,15.33379479999985,251.63940483493374,307.8754194223691,55.36190259904457,67.73410147699963,3.4500564375007787,0.22000490199601272,-0.0053009346528938295,-0.006341705610623194,3.387487053164177,-0.055027147600721346,-0.32368529922161604,0.32832934670123337,0.16191313366926874
1851,15.346265099999982,251.64076627831352,307.8881511202407,55.36220212326191,67.73690251294211,3.3831797369020116,0.22000490199601272,-0.005001410435554021,-0.009142741553105793,3.387909261364635,-0.05152943072121336,-0.3059989545479056,0.31030733541903827,-1.4140195409097283
1852,15.34965239999974,251.63889792944167,307.89307354666175,55.36179107735146,67.73798547088445,3.451219382438996,0.22000490199601272,-0.005412456346000738,-0.010225699495450158,3.341849827882656,-0.01188773622536856,-0.08410211020403249,0.084938114020357,-4.013282429403203
1853,15.36311539999997,251.64005590325885,307.8832720487748,55.36204583726763,67.73582909330243,3.234107935936042,0.22000490199601272,-0.005157696429833436,-0.008069321913424687,3.2882387781375666,0.010172674749519599,0.10585660818839648,0.10634427492211888,-7.082659715994799
1854,15.378390299999865,251.64178735227955,307.8708653144398,55.362426764539734,67.73309955093096,3.1906856466354507,0.22000490199601272,-0.004776769157729177,-0.005339779541955636,3.247655690197827,0.011978819111229378,0.20832251018047152,0.208666624919253,-7.2744863186326825
1855,15.381957599999623,251.6434790646324,307.8589516801725,55.36279894955013,67.73047849299157,3.182001188775333,0.22000490199601272,-0.004404584147330581,-0.0027187216025623684,3.193395197487808,0.05215940152506506,0.389874012845778,0.3933476186020742,-1.2310944191586475
1856,15.39368609999974,251.64524095146083,307.843613652465,55.36318657328915,67.72710405170898,3.1802642972033093,0.22000490199601272,-0.004016960408314674,0.000655719680025868,3.1825430989458043,0.052047528501650855,0.3836045476990872,0.3871193539963501,-0.24271833598929024
1857,15.39737279999963,251.6465740623281,307.833759553253,55.36347986421485,67.72493610157757,3.1799169188889045,0.22000490199601272,-0.003723669482610603,0.0028236698114341152,3.243813383583107,0.12785392526917197,0.17421984592759396,0.2160999327204189,0.4035833360504432
1858,15.410140399999818,251.64763976191992,307.82628351624294,55.36371432334911,67.72329133678785,3.1798474432260235,0.22000490199601272,-0.003489210348355698,0.004468434601150761,3.2560674405105674,0.11393388361112573,0.05293583418310012,0.12563093717462356,4.264827383251058
1859,15.414405199999692,251.6554707314956,307.8431141529865,55.365437175043134,67.72699415937515,3.497037069821963,0.22000490199601272,-0.0017663586543292809,0.000765612013850614,3.258518251896059,0.10143255051336991,-0.033409485791453405,0.1067930524167966,4.871747797707589
1860,15.425791299999673,251.65726825660437,307.836472813149,55.365832639378525,67.72553303205508,3.2432714734126353,0.22000490199601272,-0.0013708943189385536,0.002226739333920591,3.3051522892952283,0.06914796224431358,-0.18115693440315828,0.19390532629324858,1.275136179016584
1861,15.43021299999964,251.65667622552803,307.83936722672473,55.3657023896396,67.72616981723014,3.19251835413077,0.22000490199601272,-0.0015011440578618362,0.0015899541588595412,3.3144790967750617,0.054600283595989674,-0.168342473978758,0.1769756466693972,2.2398501028060314
1862,15.441528199999993,251.65246556517107,307.847117502482,55.364776023720424,67.72787491588856,3.413087105884748,0.22000490199601272,-0.0024275099770392217,-0.00011514449955996042,3.299047629047396,-0.040875722020074945,-0.016947293670365193,0.04424969393580073,2.1086587845257174
1863,15.446157800000037,251.65132134734745,307.8430583673197,55.36452429019028,67.726981886255,3.2264814806251922,0.22000490199601272,-0.0026792435071811838,0.0007778851339992343,3.325822213492585,-0.050221998966485354,-0.19044182547543206,0.19695262900150529,1.2798951072422873
1864,15.457955899999888,251.64738462760835,307.84902447952527,55.36365819254989,67.72829446018608,3.419879731183632,0.22000490199601272,-0.0035453411475714347,-0.0005346887970745229,3.3248630720991184,-0.05813718389070463,-0.16922440886505993,0.17893248085931907,1.438660402151434
1865,15.46194239999977,251.64716720182395,307.8624178630454,55.3636103578115,67.73124107021482,3.3771443956385823,0.22000490199601272,-0.00359317588596042,-0.0034812988258181576,3.3246712438204247,-0.055425824842133674,-0.15328295512296003,0.16299597047368458,1.4511536501757267
1867,15.477823599999738,251.6421840188396,307.8651556177831,55.362514033127404,67.73184338967758,3.1877226471634343,0.22000490199601272,-0.004689500570059124,-0.004083618288575508,3.370776791433729,0.00809415744400073,-0.32470284701982227,0.32480371649275563,1.0552552180780126
1868,15.490066299999853,251.6383826135966,307.8691056769067,55.361677705339474,67.73271242204794,3.4121279644912805,0.22000490199601272,-0.005525828357988871,-0.004952650658935909,3.3548451712048366,0.030589634624209057,-0.3331348003135927,0.33453627744449466,1.7815201164671808
1869,15.493509299999914,251.64250199495189,307.87950023514463,55.362583989430824,67.73499927581437,3.4570092186917134,0.22000490199601272,-0.004619544266638798,-0.007239504425371024,3.3679418442904057,0.021516781702881196,-0.23349485882247087,0.23448415936129896,1.0682331742162892
1871,15.509023899999647,251.64525700639837,307.8903188013176,55.36319010545411,67.737379413405,3.340221630039173,0.22000490199601272,-0.004013428243354156,-0.009619642015991303,3.4230191123120948,3.3671146994040946e-05,-0.255274453591789,0.2552744558124306,-2.2009664640131197
1872,15.521250399999644,251.64206910389453,307.9037091558958,55.362488751276175,67.74032535705166,3.4426277610664284,0.22000490199601272,-0.0047147824212885325,-0.012565585662656531,3.3788257655795917,0.0036483253700388754,-0.1913564355513908,0.19139121114862942,-2.3355249509779803
1873,15.525340499999857,251.63878876034863,307.9064387635833,55.36176705961585,67.74092588412344,3.4631089872718794,0.22000490199601272,-0.00543647408161263,-0.013166112734438684,3.3238431829640485,-0.0438722657660706,-0.04501273549057516,0.06285636053569452,-3.4785699598468875
1875,15.54154410000001,251.63508859653302,307.8881286342718,55.360953005438226,67.73689756591872,3.191161230828766,0.22000490199601272,-0.006250528259236887,-0.009137794529721077,3.291855521070423,-0.03227079912375348,0.022659258136596288,0.03943154137725982,-8.603410724149494
1876,15.553417799999806,251.6364714289184,307.8844848563219,55.36125723534165,67.73609591690796,3.182096305613996,0.22000490199601272,-0.005946298355816282,-0.00833614551895323,3.2691604876800064,0.0069386175127180115,0.11629304526385609,0.1164998574665612,-7.580712039076447
1877,15.556924600000002,251.63801876665343,307.88153686349455,55.361597657228394,67.7354473440349,3.180283320571042,0.22000490199601272,-0.00560587646906896,-0.00768757264589226,3.1917507687216493,0.06253301325130574,0.20566014487813386,0.2149569094902115,-4.100245540958838
1879,15.572564899999634,251.64787788190023,307.8653835295544,55.36376671091204,67.73189353138449,3.329152594114346,0.22000490199601272,-0.0034368227854244537,-0.004133759995482933,3.215194628135471,0.09285686993582368,0.1647821817896838,0.1891442986971769,-3.9143202713866323
1880,15.585403099999894,251.65380220362937,307.8478766441074,55.36507009073345,67.72804193076746,3.076060392480096,0.22000490199601272,-0.0021334429640162966,-0.0002821593784574361,3.2660273132872786,0.1936362534125438,-0.021610919930665995,0.1948384728330022,-2.864808472302917
1881,15.601258099999995,251.66110832678623,307.84469010829247,55.36667747364255,67.72734087726779,3.308380527897875,0.22000490199601272,-0.0005260600549163996,0.0004188941212106556,3.2494670513064094,0.18629927657427028,-0.04655436146148489,0.19202793813188496,2.8308575910961284
1882,15.60515039999973,251.6704765140696,307.85998386740516,55.36873852076771,67.73070557924252,3.436259731373032,0.22000490199601272,0.0015349870702436874,-0.002945807853521387,3.2624524999219267,0.0964590453224691,-0.13357785249618026,0.16476465064452825,3.3469162351006467
1883,15.616934599999695,251.6737112000506,307.85675774663645,55.369450167539945,67.72999581685897,3.0974820106666967,0.22000490199601272,0.0022466338424820265,-0.0022360454699708043,3.3379203400722766,0.09638877437655008,-0.21242080149916368,0.2332667844665429,1.2819292050686641
1884,15.620634699999755,251.6684888351689,307.8602541949599,55.36830122166595,67.73076505262972,3.394079837191933,0.22000490199601272,0.0010976879684889695,-0.00300528124071775,3.3530139081023465,0.1207354642830778,-0.34559073392203804,0.3660737735872692,4.472600902824053
1885,15.63347369999974,251.6743930217805,307.8657517201267,55.36960017166281,67.73197453511526,3.453399593231844,0.22000490199601272,0.0023966379653472814,-0.004214763726253068,3.27128791844986,0.010018178394268341,-0.22274306908128608,0.22296824599500703,3.7351845205673926
1886,15.637265099999695,251.67823799543535,307.87646448032467,55.37044608471492,67.73433139487273,3.3838483680482248,0.22000490199601272,0.003242551017457629,-0.006571623483722533,3.3278134327996365,0.013401315012505736,-0.2944548374405617,0.2947596419732729,2.179238237839003
1888,15.65269619999981,251.67654991652378,307.89401433580645,55.37007469907942,67.73819244910803,3.0276297831106014,0.22000490199601272,0.0028711653819541993,-0.010432677719023786,3.3223987698770197,0.08824036344259448,-0.22103089706943052,0.23799373773231589,1.3240609192881792
1889,15.665320699999938,251.68098592883797,307.9111332836586,55.371050643533856,67.74195870155252,3.3801095824155776,0.22000490199601272,0.0038471098363928036,-0.014198930163516366,3.305032802014176,0.08637276984068709,-0.12590307674603596,0.15268215384933015,6.53442101736311
1891,15.682999899999686,251.68610295661193,307.8983383473185,55.372176414727775,67.73914375283697,3.36700652257885,0.22000490199601272,0.004972881030312237,-0.011383981447963265,3.3015561142923175,0.05993342752310022,0.026100454420459208,0.06537009603496981,3.1443592944851995
1892,15.686442199999874,251.68753983827406,307.89237023136087,55.37249253573703,67.73783073807061,3.366569753917626,0.22000490199601272,0.005289002039567947,-0.010070966681610116,3.369322444728126,0.06817029985914269,0.09113210339148627,0.11380795249648407,2.212338372034593
1894,15.702406799999608,251.69413720211136,307.8823283915352,55.37394398812149,67.73562148408391,3.3664649294389317,0.22000490199601272,0.006740454424026154,-0.0078617126949041,3.3367317975462445,0.03431881013262983,0.2892582282354034,0.2912869776196736,-2.453825822645556
1895,15.714913099999649,251.69511022826222,307.8780680597979,55.37415805864445,67.73468419021756,3.3664614352896423,0.22000490199601272,0.006954524946984009,-0.006924418828560874,3.2740627597691394,0.03795750443544045,0.2464244010527529,0.24933061901253623,-2.478359190720491
1896,15.718684699999812,251.69353387420423,307.8661997542073,55.373811253024414,67.73207310480925,3.217156346506171,0.22000490199601272,0.006607719326950701,-0.004313333420242316,3.180880110355808,0.05194482801581976,0.1031609158087012,0.11550082124419302,-9.01083045781949
1897,15.730357299999923,251.69787763969364,307.8691149409932,55.3747669027252,67.73271446019238,3.0536613336933245,0.22000490199601272,0.007563369027735689,-0.004954688803380236,3.1771528043792747,0.04059432735949614,0.054884620387223804,0.06826581112694406,-9.111352757856562
1898,15.734775699999773,251.7011265144156,307.8758404417913,55.37548167109,67.73419410333635,2.9006565068509698,0.22000490199601272,0.008278137392537133,-0.00643433194734655,3.1198196280350423,-0.0009266676442339847,-0.022639489926300438,0.02265844692484304,-8.22712050105304
1900,15.749788599999647,251.70345785832285,307.8828688423092,55.37599457817784,67.73574038590348,3.3478283995562657,0.22000490199601272,0.008791044480375376,-0.007980614514480067,3.0816261556079927,-0.017332975172620488,-0.35336946666802427,0.35379430747480745,0.27656764538443657
1901,15.762739199999942,251.6922447746393,307.90127446155384,55.373527644800966,67.73978971236157,3.07979555356848,0.22000490199601272,0.0063241111035026165,-0.012029940972567488,3.07398742297561,-0.03860917119143125,-0.39395310091262714,0.395840515635734,0.6484241511592386
1902,15.767181199999868,251.68873197002702,307.9206845211502,55.372754810566505,67.7440600206208,3.026188984370923,0.22000490199601272,0.005551276869041999,-0.016300249231790076,3.1531085183070435,0.019103837016308897,-0.37895228608431286,0.37943351422518357,6.994377754301849
1903,15.77835129999994,251.68748755793644,307.933776782143,55.37248103380647,67.74694038221743,3.0154676705314114,0.22000490199601272,0.005277500109009736,-0.019180610828428257,3.1703100428948074,0.0825084563429524,-0.38666964995637526,0.3953745863930592,8.76384379844055
1904,15.782420399999864,251.69581674422045,307.938583355692,55.374313495618594,67.74799785196001,3.296261983508138,0.22000490199601272,0.007109961921131003,-0.020238080571004957,3.2466209837986884,0.3412976194296494,-0.404891919572541,0.5295484223028927,8.356958155376773
1905,15.793819199999689,251.71401232204144,307.9459190322824,55.37831661193387,67.74961173676935,3.433836022495085,0.22000490199601272,0.011113078236405727,-0.021851965380349725,3.3184708871283903,0.42058909116369647,-0.23212060928558026,0.4803906336108284,3.4732726759658217
1906,15.797512099999949,251.73253445258067,307.9526967990862,55.382391571447904,67.75110287869077,3.4613502580878843,0.22000490199601272,0.015188037750441197,-0.023343107301769805,3.3087797410853463,0.4133154196949557,-0.22875330875563032,0.47239571592497126,2.3804444988004345
1907,15.810013199999958,251.7451758494733,307.9582364556309,55.38517274073236,67.75232163028599,3.3854385010194328,0.22000490199601272,0.017969207034894907,-0.024561858896987587,3.2261926700188273,0.4277454754609369,-0.08089449011242168,0.4353275896469826,-3.380984696335317
1908,15.81443199999967,251.74395311153825,307.96307748548975,55.38490373239279,67.75338668058565,2.9670119403161914,0.22000490199601272,0.017700198695330016,-0.025626909196645897,3.2088525064016604,0.36741830961508115,-0.013670593169456555,0.36767254365536794,-4.857380641297232
1909,15.82548289999977,251.77019772002325,307.9389963000834,55.39067767491046,67.74808870175036,2.883326628175543,0.22000490199601272,0.023474141212993516,-0.020328930361358744,3.097753587017502,0.10654556656560672,0.07669042005540182,0.13127596232006875,-3.1007701121719533
1911,15.846081700000013,251.774837186603,307.9207821479056,55.39169838030065,67.74408149898555,3.347135204409249,0.22000490199601272,0.024494846603190013,-0.01632172759654793,3.0755338031406705,0.048089183057729586,0.1340135803888463,0.14238050869342192,0.13364273434372453
1913,15.863907399999789,251.7585589693653,307.91689145931736,55.388117092712605,67.743225528424,2.905855661167093,0.22000490199601272,0.020913559015141914,-0.015465757035002525,3.185318514578195,-0.002104730163323236,0.0725498467713795,0.07258037031877868,-7.049919567752382
1914,15.873750799999925,251.75543564077884,307.9084297129739,55.387429945113034,67.74136390274899,3.2743395816352745,0.22000490199601272,0.02022641141557102,-0.013604131359983285,3.279477328196554,-0.13584169144038652,0.0021208637991542087,0.13585824670088947,-7.079795504959162
1915,15.877603799999633,251.7499741750873,307.918033026388,55.386228395888814,67.7434766787755,3.515935497503813,0.22000490199601272,0.019024862191351133,-0.015716907386490675,3.125966137504265,-0.17131096461294845,-0.002321531207536462,0.17132669407820383,-9.5640844867206
1917,15.894513299999744,251.73873739961482,307.9082510112928,55.38375625020224,67.74132458750316,3.35412069626734,0.22000490199601272,0.0165527165047763,-0.01356481611415461,2.9534425384069034,-0.2446948564149473,0.1307135567763834,0.27741954992585593,-20.65822869481462
1918,15.911828899999819,251.72867925346816,307.8946881800693,55.38154340874498,67.73834069814905,2.579579250947804,0.22000490199601272,0.014339875047518547,-0.010580926760042075,2.719679548323759,-0.007293658725995411,0.3980296744685552,0.3980964948541438,-43.424294952254584
1919,15.918749199999638,251.71081818983188,307.87225450351343,55.37761388719014,67.73340517933696,2.0432376656802838,0.22000490199601272,0.010410353492673607,-0.005645407947952208,2.3784261797382826,0.40026319951359723,1.768349756709671,1.8130834208441746,-53.78031349092139
1920,15.924488799999835,251.73996422153024,307.8324511380854,55.38402615703751,67.72464824382685,2.105524631219553,0.22000490199601272,0.01682262334004747,0.0031115275621544924,1.7799887866678714,0.6945545350047079,3.0765770111048223,3.1540025534793545,-61.72333112430419
1921,15.929961699999694,251.7828990754021,307.6756497107909,55.3934720353558,67.69015116118209,1.8096686545764302,0.22000490199601272,0.026268501658336163,0.03760861020691664,1.2785502857149222,1.174293157938234,5.46008034493873,5.584929882636557,-78.18748275850805
1922,15.938136499999928,251.83214215776655,307.4278693368774,55.404305754865376,67.63563826430271,0.3619337309152861,0.22000490199601272,0.037102221167913285,0.09212150708628997,0.8704818465483297,1.5056202826638465,6.500059282424322,6.6721558068288065,-73.29257406002618
1923,15.942529999999806,251.87749202137525,307.18643510765685,55.41428294716414,67.58252155036456,0.07238674618305722,0.22000490199601272,0.0470794134666761,0.14523822102444228,0.44949273909831206,1.3791905977428034,6.726274355547572,6.866216819399097,-53.62305417989669
1925,15.95710119999967,251.94960529052054,306.79480382081545,55.43014821987506,67.49636074748445,0.0028954698473222895,0.22000490199601272,0.06294468617759463,0.23139902390455802,0.08758217194180458,1.284084043655563,5.868032958900042,6.006886268101637,-36.061014783299036
1926,15.96933399999989,251.9765752117903,306.64708047180545,55.436081734760855,67.46386088656298,0.000579093969464458,0.22000490199601272,0.06887820106339149,0.26389888482601975,0.015200058510503088,1.0797989556556662,4.833386536307411,4.952533815532491,-26.086961979571697
1927,15.973131899999771,251.99816067916828,306.61234690017795,55.440830643395884,67.4562193305411,0.00011581879389289159,0.22000490199601272,0.07362710969842112,0.2715404408479003,0.0007228945839618722,0.683063859120881,3.4851225917809776,3.5514300943956747,-6.924179449532963
1928,15.985301199999867,252.01496680553424,306.52964312152886,55.44452807357996,67.43802409382471,2.316375877857832e-05,0.22000490199601272,0.07732453988249688,0.28973567756429475,0.00014380802690022333,0.49242394748179635,5.5002388162658775,5.5222376243703435,-1.9570040431723077
1930,16.001885499999844,252.03661810356854,306.1264635959744,55.44929146528208,67.3493226218183,9.26550351143133e-07,0.22000490199601272,0.08208793158461702,0.3784371495707006,2.7990715487893584e-05,0.4145880175753298,14.647031317138195,14.652897653008571,-0.7738817683608861
1932,16.01720239999986,252.04605942157315,305.0133208448656,55.4513686015244,67.10442575995303,3.706201404572532e-08,0.22000490199601272,0.08416506782693745,0.623334011435972,4.827253205427631e-06,0.1636628815188504,16.960496836890897,16.961286463383995,-0.01150736399431092
1933,16.020418199999767,252.04746074772726,304.3059959216656,55.451676900147596,66.9488108095451,7.412402809145065e-09,0.22000490199601272,0.08447336645013337,0.7789489618439092,1.9456074893443966e-07,0.0839597510567188,28.74656759631641,28.746690206167845,-0.001990617115622872
1934,16.033172899999954,252.04721598649235,303.51873683442034,55.4516230514761,66.77560995121023,1.482480561829013e-09,0.22000490199601272,0.08441951777863466,0.952149820178775,9.262538550307674e-09,0.01822511335076988,31.505989311031637,31.505994582326654,-5.427050130088047
1935,16.03666559999965,252.04571284061723,302.5594480025504,55.45129235201516,66.56456170576881,2.964961123658026e-10,0.22000490199601272,0.08408881831769577,1.1631980656201932,1.8525077100615346e-09,-0.01572905047191043,30.94579817609615,30.945802173456492,-12.256610473064349
1936,16.04965439999978,252.0432656735332,301.4291152355009,55.45075396326067,66.31588295613119,5.929922247316053e-11,0.22000490199601272,0.08355042956320347,1.4118768152578127,-0.3524157711138735,0.16779223243760355,29.572324171135072,29.572800190647587,-32.20393723255155
1937,16.06958850000001,252.04017051384227,300.2342090456916,55.4500730129562,66.05299773694777,1.1859844494632106e-11,0.22000490199601272,0.08286947925873989,1.6747620344412297,-1.0331516112540249,0.3739040773991885,35.62512933214836,35.62709143603212,-54.23951404412092
1938,16.077072099999896,252.0746445266539,298.82176637275103,55.457657464766235,65.7422534251125,-1.7620788574195032,0.22000490199601272,0.09045393106877242,1.9855063462765088,-1.7795514648289301,0.32729101031801106,35.886110029257594,35.88760248940318,-89.04272991075689
1939,16.084917499999847,252.11124383430018,297.2583056678948,55.46570949185808,65.39828440596598,-3.403679199218276,0.22000490199601272,0.09850595816061514,2.329475365423022,-2.6439411503876644,0.167015172496026,46.67304136808799,46.6733401913244,-94.2505653748864
1940,16.090913099999852,252.10231199617272,295.57602050877057,55.4637444436862,65.02817342440352,-3.7319992675780305,0.22000490199601272,0.09654090998873954,2.699586346985484,-3.687271968358786,0.04980166114929674,51.01720668533282,51.01723099286575,-94.73445702759707
1942,16.101445899999817,252.06196128748053,292.0772801209095,55.454867089974904,64.25843338826265,-4.321948427734371,0.22000490199601272,0.08766355627744105,3.469326383126358,-4.247316305781135,-0.9657874984565337,62.96321860967953,62.97062524052361,-96.98111055926198
1943,16.113501099999667,252.0279758260205,290.1644616317899,55.447390121857104,63.83760394402773,-5.2166540898437495,0.22000490199601272,0.0801865881596413,3.8901558273612764,-4.688160169121855,-1.3964061108914112,64.11716028582457,64.13236463085276,-79.73347866201931
1944,16.117460299999948,251.95483178609499,288.34230864525216,55.4312980745217,63.43672135480275,-4.56230054453125,0.22000490199601272,0.06409454082423593,4.291038416586254,-5.1275179066337495,-1.3661542565680485,57.873575602398915,57.88969796483069,-50.5262549429388
1946,16.13363389999995,251.87199864953377,284.6950145143273,55.41307437843052,62.63429876697799,-5.6078985159218755,0.22000490199601272,0.04587084473305936,5.093461004411012,-5.514709670933001,-1.3143651029287713,64.35015748489593,64.36357917296633,-61.197278967864634
1947,16.146035199999915,251.86205026052798,282.97507656559355,55.41088568408229,62.2559039871276,-5.9287879551375005,0.22000490199601272,0.043682150384825036,5.4718557842614,-5.861697584339726,-1.2095684316090665,63.50481332195471,63.516331528568784,-59.827452976056705
1948,16.149602699999832,251.85258226728044,281.2649330818281,55.40880267915576,61.879664037582664,-6.257907249230626,0.22000490199601272,0.04159914545829935,5.848095733806339,-6.241731153349196,-0.6945741602017854,61.0646464168353,61.068596473778044,-70.98130493720302
1949,16.161448800000016,251.84740002238652,279.6128793886211,55.40766255987576,61.51620412671651,-6.9515936568773755,0.22000490199601272,0.04045902617829711,6.211555644672494,-6.59379300801359,-0.5683623212697155,55.94878039165945,55.951667205208246,-74.4572230740628
1950,16.16518479999968,251.822106200665,278.10063806004587,55.402097795106805,61.183503621429,-6.462468389578601,0.22000490199601272,0.03489426140934171,6.544256149960006,-7.216735896524594,-0.8463269503514951,69.97857728549647,69.98369487394257,-94.9268772557885
1951,16.17839359999971,251.7923452452346,276.6576820980193,55.39555023902404,60.866046236418775,-7.368207789243845,0.22000490199601272,0.028346705326576682,6.861713534970228,-7.762514659773671,-0.7334880711417195,53.33722013970803,53.342263328267045,-81.12461675084741
1952,16.181499399999666,251.77023368069342,275.23664800253215,55.39068558643418,60.55341176950814,-9.043502397692519,0.22000490199601272,0.023482052736717662,7.174348001880865,-8.167288088204735,-0.63634457906378,59.539070092128476,59.54247057234602,-99.89828432380665
1953,16.19416339999998,251.76910032080812,273.955516675926,55.39043624170368,60.271556597554124,-8.986801065476005,0.22000490199601272,0.023232708006219127,7.456203173834879,-8.642381543946902,-0.4605430557227499,46.902449506538545,46.904710526977695,-69.39883090517496
1954,16.198056599999745,251.77599242639343,272.8638333926143,55.391952538717526,60.03138092379845,-8.975460799032701,0.22000490199601272,0.024749005020062498,7.696378847590552,-9.12353426829846,-0.3419738945862068,44.18970976960957,44.19103297804777,-65.5565364579498
1956,16.21427709999989,251.730982246071,270.95652979394754,55.38205007840687,59.611764782497126,-8.837935668289433,0.22000490199601272,0.014846544709406828,8.115994988891877,-9.354568279965648,-0.08147994343358403,29.22639619977513,29.226509778066422,-51.187633986997916
1957,16.23328279999987,251.73937474242595,270.0520444357916,55.38389646874494,59.412773569919196,-9.773971411001638,0.22000490199601272,0.016692935047480262,8.314986201469807,-9.77474358815846,-0.3070197267148869,32.68946871842999,32.69091045238424,-60.23324294448882
1958,16.241114099999777,251.72998299835064,269.1320678106081,55.38183023901008,59.21037420265708,-10.198672456028454,0.22000490199601272,0.014626705312615229,8.517385568731925,-10.232747155656398,-0.7495613294564094,30.988925255742224,30.99798913950056,-47.726562804046594
1959,16.24706769999966,251.69893328010522,268.061207565445,55.374999148790494,58.97477969936855,-11.087677606440066,0.22000490199601272,0.007795615093030506,8.752980072020456,-10.725367790506281,-0.9696699869616368,33.500789807455455,33.51482026815787,-52.427685451893176
1960,16.252093299999615,251.65728489473332,266.84621924975966,55.36583629984845,58.7074763140499,-11.265478636522388,0.22000490199601272,-0.001367233849009608,9.020283457339104,-11.032203685054382,-1.6002458874895793,48.24727581762788,48.27380667321241,-58.43349082471891
1961,16.25958730000002,251.59900216240402,265.5372231474008,55.35301381303429,58.41949075483728,-11.301038842538853,0.22000490199601272,-0.014189720663175365,9.308269016551726,-11.315094301464,-1.6645367454083448,48.745415661124866,48.773827310891356,-47.44959512067727
1962,16.2630809999996,251.5504768589604,264.2000787971041,55.34233800840585,58.12531244309572,-11.308150883742146,0.22000490199601272,-0.024865525291616564,9.60244732829328,-11.497244934511551,-1.4850169310778352,44.31064995788582,44.335527232411195,-37.155332837495614
1963,16.273301999999603,251.52328510829477,262.88366075152214,55.33635568996556,57.835694019991685,-11.613125538076554,0.22000490199601272,-0.0308478437319053,9.892065751397318,-11.53367506112106,-1.6610073790336413,46.49525525374343,46.52491490184545,-52.49717639027176
1964,16.28931849999981,251.5051002992905,261.61707912831025,55.332354942842755,57.557039854107,-11.998430771677812,0.22000490199601272,-0.034848590854707595,10.170719917282,-12.034543199816724,-1.7814568203023922,44.5723477335448,44.6079339454613,-45.55560260909516
1965,16.29321200000004,251.45726109777183,260.4824787054174,55.32183008400107,57.307422199263826,-11.447629269569937,0.22000490199601272,-0.04537344969639179,10.420337572125177,-12.570926544352732,-1.572164114267022,30.422065938373358,30.462662325557254,-41.133499155683324
1967,16.308524399999897,251.29625612573966,258.4769971126921,55.28640820090826,56.86620641800149,-13.805379536017174,0.22000490199601272,-0.08079533278920081,10.861553353387514,-12.617492764041184,-3.6351896468133544,33.283601245330466,33.48152797628063,-40.02610630480624
1968,16.321514299999762,251.17762161810484,257.6827945052238,55.26030802768272,56.691477951180445,-13.990067606422187,0.22000490199601272,-0.10689550601474451,11.036281820208558,-13.007532270610273,-4.29191740674823,33.082815791482965,33.36005479191458,-31.473002673324302
1969,16.324773999999707,251.01611560960433,257.050970537927,55.2247759141108,56.552473581176585,-11.845956636518812,0.22000490199601272,-0.1424276195866625,11.175286190212418,-13.001101790788724,-4.084026291748259,22.220073454222742,22.592276004483153,1.1171883515200562
1971,16.340954799999963,250.7562409902487,255.84523239629135,55.167602223948215,56.28720527949318,-13.948628304523254,0.22000490199601272,-0.19960130974924795,11.440554491895824,-12.8151276244194,-3.708485431662805,17.851908017526597,18.233032771952274,-1.2867117411147402
1973,16.357339899999715,250.63233281091397,255.11554064781507,55.14034181709717,56.126669517882355,-11.41547687046218,0.22000490199601272,-0.22686171660028975,11.601090253506648,-12.40243352356741,-3.618016174446537,18.89203743238898,19.235361171169707,26.93437563837285
1974,16.369290999999976,250.60867142904686,254.73672894247136,55.13513619709841,56.043329085773266,-12.875508704170562,0.22000490199601272,-0.23206733659905154,11.684430685615737,-12.582424016049695,-1.4420096547203456,11.984505278681784,12.070946881626902,26.478991464442128
1975,16.37286469999981,250.58338123616795,254.4337549895241,55.129572230692624,55.97667333094776,-11.926597102162237,0.22000490199601272,-0.23763130300483937,11.751086440441242,-12.18546074449288,-0.6456423063234479,9.637346770064111,9.658949567845347,27.334176991195775
1977,16.38945160000003,250.58184382695532,253.82264382075638,55.12923399312947,55.84222587815435,-12.745909098930241,0.22000490199601272,-0.23796954056799535,11.885533893234651,-12.190506471316887,0.18278997848510387,10.930789865192745,10.932318109771368,27.81050857409783
1978,16.401278099999672,250.60594832246147,253.5722381036266,55.13453710030097,55.78713539289797,-11.963811946739174,0.22000490199601272,-0.23266643339649562,11.94062437849103,-12.004009231941307,0.8503056532070273,11.084400467448358,11.116966916683939,32.78532563366928
1979,16.404833199999757,250.64599773125013,253.30941084426604,55.143348166556514,55.72931210746047,-11.44070550458221,0.22000490199601272,-0.2238553671409491,11.99844766392853,-11.90599933484744,1.5432671178901007,8.482144627674579,8.621394949887724,12.186926407732852
1981,16.4207865999997,250.85643301707765,252.7480445376299,55.1896449609915,55.60580876818513,-11.943022507292666,0.22000490199601272,-0.1775585727059621,12.121951003203876,-11.749440552541609,3.7334900393206842,12.885899324693227,13.415861853784726,4.7227642951164
1982,16.433726899999783,250.96865155871276,252.41628206946606,55.21433359024606,55.53281939889079,-11.43654761669291,0.22000490199601272,-0.1528699434513996,12.194940372498216,-11.644791393736693,4.106647043500362,13.283490084841551,13.90380015585574,3.116127761728494
1983,16.436508099999628,251.10683268948287,252.03546318704426,55.244734116378844,55.44903737798534,-11.963115187401083,0.22000490199601272,-0.12246941731861938,12.278722393403662,-11.749434071741335,5.1312011972120075,15.088681321386634,15.937299951517254,-8.347248195084521
1984,16.44949359999964,251.24342493872814,251.6431812874837,55.27478508078746,55.36273343711772,-11.440566152714592,0.22000490199601272,-0.09241845291000317,12.365026334271285,-11.648974949113892,4.841331060659227,14.86362603695652,15.632206031312265,-10.683909200154933
1985,16.453039399999852,251.36593283380313,251.2355710176717,55.301737418237174,55.273057179655154,-11.96391889460542,0.22000490199601272,-0.06546611546028913,12.454702591733849,-11.754455634354029,5.4886136472148035,18.985150383555126,19.76261153933346,-27.923087290062774
1986,16.466560599999866,251.45521077803085,250.8289466179433,55.3213790036074,55.18359781844372,-11.440726894155459,0.22000490199601272,-0.04582453009006571,12.54416195294528,-11.779737564591963,3.505510402891635,15.409616745700626,15.803319000582082,-21.967537545306172
1987,16.47007629999962,251.53741719646084,250.4094995329038,55.33946481863753,55.09131740360709,-11.963951042893594,0.22000490199601272,-0.027738715059932417,12.63644236778191,-12.05434473188955,3.024665290581814,16.00604346359467,16.289322499064593,-31.236063188357598
1989,16.485925099999804,251.6105510457871,249.5272636045345,55.35555462399115,54.89722117464885,-12.089524838590746,0.22000490199601272,-0.011648909706316601,12.830538596740155,-12.178714407536566,1.424693674519714,12.518562043082579,12.599370924483663,-30.33936769184492
1990,16.497868299999936,251.60566357931788,249.00458048853596,55.35447935740957,54.782228326938615,-12.813601989202525,0.22000490199601272,-0.012724176287889577,12.945531444450388,-12.639798059462844,0.5456090844746818,17.78786317688651,17.796228973372315,-49.70942381716332
1991,16.5138136999999,251.57676989873573,248.4353835559719,55.3481226060448,54.65700221157343,-12.585767272840506,0.22000490199601272,-0.019080927652666446,13.070757559815576,-13.042651996879352,-0.8048474583728411,15.210472256758834,15.231751235655059,-33.40859595135181
1992,16.51773409999987,251.52433087190073,247.8480007046668,55.336585763085196,54.52777510493791,-13.746145153786852,0.22000490199601272,-0.03061777061226678,13.199984666451094,-13.429674198203998,-2.0890227255892597,21.77246922336331,21.872458298744814,-45.27004328470942
1993,16.529329599999983,251.43958110054353,247.14379338905732,55.31794039794357,54.37284604348237,-13.978220729976123,0.22000490199601272,-0.04926313575388974,13.354913727906634,-13.390303736125176,-2.383434689625222,22.05392662222949,22.182345240717705,-38.251222519493545
1994,16.532803899999635,251.35421519090738,246.43226106088738,55.29915947936027,54.21630544335635,-14.024635845213975,0.22000490199601272,-0.06804405433719296,13.511454328032656,-13.623618608553162,-3.370323417517925,28.06994329417062,28.2715545465159,-33.67283590220727
1995,16.54608959999996,251.25988329601785,245.7658411441281,55.27840600007,54.06968979488153,-12.616749678808421,0.22000490199601272,-0.08879753362746357,13.65806997650747,-13.670281583038758,-3.0531083198559497,23.140635926892035,23.341176095341467,-13.949732358404304
1996,16.550022999999783,251.16453442263727,245.08763948525078,55.257428780526475,53.9204821053867,-13.752341634980436,0.22000490199601272,-0.1097747531709885,13.807277666002307,-13.679614177935878,-3.5129782399926746,25.42803423678242,25.669552806031525,-38.43933767743312
1997,16.56787379999969,251.0544545285109,244.4128781940666,55.23321066420747,53.772031313649016,-13.979460026214838,0.22000490199601272,-0.1339928694899939,13.955728457739987,-13.681480696915303,-3.03197776432607,20.247363488594146,20.47311938622503,-27.454158407262685
1998,16.573836599999595,250.94855397026248,243.74077371721782,55.2099120222687,53.62416503408882,-14.024883704461718,0.22000490199601272,-0.15729151142875963,14.103594737300185,-14.391368160867437,-3.3735551506466344,23.18898495483507,23.43309406779271,-27.377144757261696
1999,16.579873199999838,250.86622021863985,243.21523417027126,55.191798193312,53.508543757567814,-14.033968440111096,0.22000490199601272,-0.17540534038545985,14.219216013821189,-14.465187337672404,-2.838417473928044,18.11891867953177,18.339897160883574,-26.945217937203545
2000,16.584594299999935,250.79604953097834,242.662798258144,55.17636029805004,53.38700514886118,-16.166186998569096,0.22000490199601272,-0.19084323564742078,14.340754622527825,-14.479951173033395,-2.7506726520777836,17.425557443397228,17.641322293184974,-24.22433586464462
2002,16.59845580000001,250.62861814695566,241.86998953499386,55.13952457281707,53.21258334342295,-14.121437519005266,0.22000490199601272,-0.22767896088038952,14.515176427966054,-14.482903940105595,-1.7037081768988027,14.815795335775135,14.913430624226208,23.354265329323
2003,16.610757299999932,250.5772900347858,241.59883741060395,55.128232136529505,53.152928546870534,-14.053279203019805,0.22000490199601272,-0.23897139716795834,14.57483122451847,-14.316835557973162,-0.9625160878479997,11.415091490880915,11.455599109804258,26.22770730129721
2004,16.614622099999906,250.60060989272966,241.3924385396627,55.133362619591004,53.10751978349701,-14.039647539822713,0.22000490199601272,-0.2338409141064588,14.620239987891992,-13.85754155928105,0.19608567955418832,7.463225222549658,7.465800715008915,27.132552251035037
2005,16.625704299999597,250.6361372754285,241.28414479116566,55.14117881793984,53.08369462797214,-13.203626529448918,0.22000490199601272,-0.2260247157576245,14.64406514341686,-13.833841075528087,0.8655726062914992,5.1289513685475745,5.201476528610727,27.19067667601809
2006,16.629097300000012,250.67504841797822,241.19185147489102,55.149739460043044,53.063389645970254,-13.869717005108535,0.22000490199601272,-0.2174640736544191,14.664370125418749,-13.829100978777495,1.3801394463784615,4.252372341339655,4.4707332084167515,17.58312258519798
2007,16.64131359999965,250.71336354492425,241.14122077277548,55.15816897579177,53.052250643313336,-14.002935100240459,0.22000490199601272,-0.2090345579056958,14.675509128075667,-13.828152959427376,1.2654712430601651,1.734318450666338,2.1469229039101347,-6.778543608582827
2008,16.646133499999905,250.74961850463927,241.13100068879933,55.16614524465074,53.050002174739774,-14.029578719266842,0.22000490199601272,-0.20105828904672052,14.67775759664923,-13.994622291104227,1.688632164170555,-0.14252197809672973,1.6946359786431826,-7.542499001981972
2009,16.657350999999835,250.7880706723024,241.1738787122389,55.174604910029004,53.05943555008437,-14.03490744307212,0.22000490199601272,-0.19259862366845937,14.66832422130463,-14.027916157439597,1.3590042649894756,-1.8916819118241495,2.329238727091376,-7.8435712263168496
2010,16.66131180000002,250.83885955650334,241.30412031282535,55.185778713520115,53.088089340657206,-14.035973187833175,0.22000490199601272,-0.18142482017734807,14.639670430731798,-14.034574930706672,1.7604349329769073,-4.059232478667905,4.424533813761377,-7.872563929980016
2011,16.673604299999624,250.8877429958153,241.45841151741533,55.19653330979517,53.12203416200187,-14.036186336785386,0.22000490199601272,-0.1706702239022917,14.605725609387136,-14.035906685360086,1.588525450005316,-5.1171469451762635,5.358041243200854,1.9799262327734106
2012,16.677558399999725,250.93621873845578,241.63680823213704,55.20719821080397,53.16128231374063,-14.036228966575829,0.22000490199601272,-0.16000532289348968,14.566477457648375,-14.036173036290771,1.9148556011487314,-7.142614286340093,7.394836767412805,11.051334103728855
2013,16.689477299999908,250.97930538651823,241.89810128899128,55.21667748458829,53.21876806710608,-14.036237492533918,0.22000490199601272,-0.15052604910917466,14.50899170428292,-13.860672853321566,1.6917420854460707,-7.934258402781806,8.112610411315407,16.754288236776237
2014,16.694236999999703,251.0309210121569,242.1353949206365,55.22803317524839,53.270973829280464,-14.036239197725536,0.22000490199601272,-0.13917035844907133,14.456785942108539,-13.658913881180847,1.8325644669744878,-9.307128795714682,9.485828321535179,23.917162479283192
2016,16.70973439999989,251.15106052346488,242.92381214286692,55.25446445665955,53.44442948298924,-13.158472272987147,0.22000490199601272,-0.11273907703791508,14.28333028839976,-13.24306281917458,2.0653525923419807,-13.02589093610456,13.188613119277731,39.737185273253516
2017,16.7216870999996,251.23684655176464,243.44677334821674,55.27333780340827,53.55948351171995,-13.027391476081805,0.22000490199601272,-0.09386573028919543,14.168276259669057,-12.816279325523325,2.2464841663143194,-14.295663580242152,14.471098379492927,39.281651376343135
2018,16.72635339999988,251.3187407517107,244.0516767049741,55.291354928841436,53.69256521544041,-11.956973656544486,0.22000490199601272,-0.07584860485602718,14.035194555948593,-12.447488788902449,1.9721781666447344,-13.542499324241799,13.685348905602655,33.348881156373736
2019,16.737552499999765,251.40532682000776,244.62037156882167,55.310404288311354,53.81768087322683,-11.902320024277648,0.22000490199601272,-0.056799245386109476,13.910078898162176,-12.308095169889866,2.4299527284758495,-16.580772783176744,16.757884602477784,26.759480774094154
2020,16.753649199999927,251.47953605070506,245.14734142736165,55.32673068283812,53.93361682530977,-12.192286514621156,0.22000490199601272,-0.040472850859345044,13.794142946079234,-12.103262100384224,2.305427319799774,-16.143697344264552,16.30748169001252,19.079251508027873
2021,16.757557899999938,251.55050229880908,245.61608950723104,55.342343605297266,54.03674370068225,-12.461504177924231,0.22000490199601272,-0.024859928400196907,13.691016070706752,-12.127157547029972,2.1714906102891502,-14.122811739409824,14.288778215697306,7.160017479562467
2022,16.76933689999987,251.60170638524914,246.0144464185558,55.35360875531631,54.12438417391769,-12.003226128553596,0.22000490199601272,-0.013594778381154526,13.603375597471313,-12.158903293823878,2.0451788973796887,-13.07567104654878,13.234648844598835,6.368521354480914
2023,16.77309729999979,251.65625545373416,246.32920746035182,55.36560981778233,54.19363314607019,-12.07645088977322,0.22000490199601272,-0.0015937159151349078,13.534126625318812,-12.08581396662016,1.9385790086998549,-12.11346807921627,12.267607651011797,3.733229816822341
2025,16.78915280000001,251.73429904691307,246.76242155086672,55.38277979085107,54.28894236959721,-12.06104875824718,0.22000490199601272,0.015576257153604445,13.438817401791795,-11.949512751570042,1.214712417460718,-7.985594955513847,8.077453376569961,11.656827667982688
2026,16.801818099999764,251.76200493750952,246.90009330275575,55.388875222596454,54.319230829879174,-11.826839878602563,0.22000490199601272,0.021671688898990737,13.408528941509829,-11.955228582778767,1.0077597086990493,-6.731851870937249,6.806864861499641,13.028148963017328
2027,16.805531900000005,251.7683363173852,246.99706464648972,55.390268157205504,54.340565000853786,-11.77999810267364,0.22000490199601272,0.023064623508041393,13.387194770535217,-11.830799239254887,0.40456143791353133,-3.237050220776683,3.262232991200512,8.770000815679767
2028,16.817695100000037,251.76400256689513,247.06184245556773,55.38931471085366,54.35481643639151,-12.03180528459723,0.22000490199601272,0.022111177156197925,13.372943334997494,-11.780182172935808,0.17186042050371095,-1.9738187951916457,1.9812866123778035,6.327235444761531
2029,16.82262219999984,251.76793164147963,247.08292353503452,55.390179126522554,54.359454377213574,-11.45430417215382,0.22000490199601272,0.022975592825090985,13.36830539417543,-11.789317792875115,0.012735347758544555,-1.400871049419403,1.4009289368786522,5.2196455054670094
2031,16.837137699999857,251.76172367864228,247.05785701445774,55.38881334426693,54.353939619810696,-11.80796342665178,0.22000490199601272,0.021609810569465537,13.373820151578308,-11.843380024284851,-0.17636379642644504,0.33867608648301156,0.38184509980540127,-7.956060787293773
2032,16.849674799999775,251.74380997849846,247.03088652534296,55.384872242422404,54.348005979996216,-11.872517978299106,0.22000490199601272,0.01766870872494053,13.379753791392787,-11.918467828161935,-0.2701518696044528,0.8768173603278415,0.9174915345784206,-8.99226271399827
2033,16.85240399999975,251.73673374462462,246.99425193529083,55.38331543628249,54.339946190602134,-12.050309259722322,0.22000490199601272,0.01611190258502404,13.387813580786869,-12.006822791281103,-0.38165463275020595,1.246917722378864,1.3040184297325663,-8.689733490335046
2035,16.86852490000001,251.69662817257665,246.88294534190294,55.37449201383458,54.315458194432324,-12.407244303982644,0.22000490199601272,0.007288480137120246,13.41230157695668,-12.023258324054481,-0.43624731224861657,1.947617013975557,1.9958766872157225,-4.739673483378511
2036,16.881600400000025,251.6739205319137,246.82890970583708,55.369496221575965,54.303570089615356,-11.896078987749656,0.22000490199601272,0.0022926878785014537,13.424189681773647,-12.027723757509435,-0.4225304013145591,2.18484856675664,2.225330357428664,-2.167346862637423
2037,16.884804099999656,251.66857550041007,246.77235956757255,55.36832028844385,54.29112878198861,-11.890141090518682,0.22000490199601272,0.0011167547463841743,13.436630989400392,-11.976381736778551,-0.32965924852413675,1.7360183906511468,1.767041333080949,4.341562490755095
2039,16.900449299999764,251.65109802627074,246.65435157453578,55.36447515845869,54.26516644504581,-11.894845145573873,0.22000490199601272,-0.002728375238774561,13.462593326343196,-11.868861900818489,-0.1975295637799484,1.9703478211490038,1.9802243471065906,10.596807109143318
2040,16.91360799999984,251.6447538766849,246.6119445220519,55.3630794144508,54.25583668562016,-11.7935991560679,0.22000490199601272,-0.004124119246661451,13.471923085768843,-11.8666169668296,-0.110195925444458,1.9007921583718521,1.9039837108842304,10.049625688114224
2041,16.916683199999625,251.64633785271616,246.57433470229032,55.363427896942326,54.24756234090942,-11.86964512418233,0.22000490199601272,-0.003775636755136702,13.480197430479585,-11.773571544484948,0.01983908359743699,1.5879455956771094,1.588069521169749,-0.4668761524762335
2042,16.92980809999972,251.6495948696732,246.5408424341175,55.364144456638755,54.24019387773244,-11.884854317805216,0.22000490199601272,-0.003059077058708226,13.487565893656566,-11.813962355771991,0.06430800072630385,1.3954658713737467,1.3969468555125153,-1.9504066542416956
2043,16.93335769999976,251.6541627860218,246.50342426209383,55.365149420627354,54.2319616964635,-11.424913978795418,0.22000490199601272,-0.0020541130701090538,13.495798074925503,-11.943723867638774,-0.20306340774543066,1.7155600959503545,1.7275361618161214,-3.9495799923288786
2044,16.945632899999964,251.65285572946442,246.46453251816018,55.36486186177755,54.223405322150924,-12.096799202009084,0.22000490199601272,-0.002341671919914745,13.504354449238079,-11.950417136809007,-0.26232094108606574,1.239127074554905,1.26658919268533,-12.129253142839653
2045,16.949125399999957,251.62994977220984,246.42787019008694,55.35982243889663,54.21533943025622,-12.442406715401818,0.22000490199601272,-0.007381094800834376,13.512420341132781,-11.984731864861804,-0.2559733141048457,1.1837019849788166,1.2110626436219591,-12.237152663460005
2046,16.9615703999998,251.61959986981026,246.41041908560766,55.35754540963354,54.211500101725534,-11.90311147003349,0.22000490199601272,-0.0096581240639253,13.51625966966347,-12.11716732023799,-0.175188315668336,0.7347992498822258,0.7553945218057847,-2.224822532551433
2047,16.977753099999973,251.62595022990374,246.38950815274956,55.35894251998354,54.206899593991444,-12.0564279580692,0.22000490199601272,-0.008261013713919851,13.520860177397559,-12.175698789959707,-0.11775964317977694,0.6779921836243716,0.6881429608864513,-0.9932157696974662
2048,16.982028699999773,251.6393023462943,246.38805696982803,55.36188005104149,54.20658032663501,-12.087091255676341,0.22000490199601272,-0.0053234826559744874,13.52117944475399,-12.117956841716552,0.18225006893090887,0.21830396325324922,0.2843795140255307,1.0826812238666363
2050,16.997152399999777,251.65743095261263,246.35966558606592,55.36586843329788,54.2003340830329,-12.38945655061768,0.22000490199601272,-0.0013351003995865085,13.527425688356104,-12.03307104972417,0.2702115401735978,0.22959687819187474,0.35458285762067293,6.410695811754742
2051,17.011063399999784,251.66104276622934,246.35896699466102,55.36666304999865,54.20018038949933,-12.153696974186037,0.22000490199601272,-0.0005404836988134321,13.527579381889673,-12.025361256081528,0.2574568995595492,0.14784815438565707,0.2968890902105716,8.432273979703144
2052,17.014424799999688,251.66496695986788,246.35339073548167,55.36752639183551,54.19895358514507,-11.478682510071582,0.22000490199601272,0.00032285813804833197,13.528806186243933,-11.971584189931125,0.13253512672073092,0.11893563950011637,0.17807651770568134,6.645411167376915
2054,17.030289599999833,251.6665938135928,246.3623655464559,55.36788430762983,54.20092808755389,-12.01787898985599,0.22000490199601272,0.0006807739323662076,13.526831683835113,-11.868606175398309,0.097594962216128,-0.04477364396193654,0.10737530369501969,-0.03682271620812205
2055,17.04275439999992,251.67013127200173,246.36632533436787,55.368662565820394,54.20179926030539,-11.818205924924325,0.22000490199601272,0.0014590321229306369,13.52596051108361,-11.811633576056606,0.06103460252771091,-0.06551326397220789,0.08953887681899883,-0.2351262772183933
2056,17.045675500000016,251.67131318299067,246.37170981259587,55.36892259203169,54.20298387191024,-11.874566477953614,0.22000490199601272,0.0017190583342241439,13.524775899478762,-11.892835491735141,0.0017779979750170496,-0.15702922696961874,0.1570392925336688,-3.4581507377664917
2058,17.061621299999842,251.66220396114394,246.3784250014098,55.366918518572035,54.20446124636713,-11.86883397747752,0.22000490199601272,-0.00028501512542788987,13.523298525021872,-11.899808510115014,-0.0018452670206490311,-0.2169270849575829,0.21693493309877937,-6.386772208142953
2059,17.07357069999989,251.66006164092076,246.38345512730558,55.36644719762129,54.20556789872186,-11.884692088464254,0.22000490199601272,-0.0007563360761722038,13.522191872667143,-11.901203113790988,0.003069798262486446,-0.21310416757589995,0.21312627688670774,-5.8702775776653
2060,17.07764999999972,251.66014404182198,246.3913158997463,55.36646532622349,54.2072973071923,-12.052744081755353,0.22000490199601272,-0.0007382074739723521,13.520462464196704,-11.934458108744934,-0.004162920926140635,-0.19366929469959704,0.19371403051941452,-1.0255506426874286
2061,17.089189599999827,251.66470794649064,246.39397918245612,55.367469407622835,54.207883242443856,-11.825178943304197,0.22000490199601272,0.00026587392537180676,13.519876528945147,-11.85191359440524,0.027515268045381836,-0.16050953013916058,0.16285084967878832,-1.3949665566974498
2062,17.093796099999963,251.6658145903824,246.4004357135828,55.36771287470379,54.20930371094161,-12.040841452723342,0.22000490199601272,0.0005093410063281567,13.518456060447392,-11.86838076575605,0.03671565550288941,-0.19169474203166517,0.19517918301292664,1.8981470590818648
2063,17.106047899999794,251.66763620374795,246.3963621327414,55.368113638573746,54.20840750318783,-11.456111405779044,0.22000490199601272,0.0009101048762829578,13.519352268201175,-11.896368465935478,-0.014668111595033569,-0.09797619072767896,0.09906809500172538,3.360688539387151
2064,17.11019129999977,251.66775972842723,246.4010428952459,55.36814081460871,54.2094372938839,-11.96702794521831,0.22000490199601272,0.0009372809112448977,13.518322477505102,-11.828628603627612,-0.02507240053659467,-0.05902580597463522,0.0641301102417789,0.38738218716381145
2066,17.12645739999971,251.6490929618475,246.3977420303181,55.36403403445675,54.20871108741896,-12.192682582652484,0.22000490199601272,-0.0031694992407125255,13.519048683970041,-11.842282779603538,-0.06000781865283601,0.11905860824598051,0.13332625584235655,-3.19299066667182
2067,17.13790149999977,251.65091307200484,246.39025276832172,55.36443446761354,54.207063413067424,-11.486479631764873,0.22000490199601272,-0.0027690660839212455,13.52069635832158,-11.930555467421053,-0.04958680988227873,0.060710143569538695,0.0783873283543664,-2.209733957639134
2068,17.14195719999998,251.64866729388012,246.37952272577184,55.36394038541731,54.204702751107824,-12.109112332602976,0.22000490199601272,-0.0032631482801548373,13.523057020281179,-12.017658247172054,-0.06683758240094123,0.15312883303713978,0.16707992676715788,-8.534534187045605
2070,17.157250199999908,251.65456300713703,246.3947175992548,55.36523747123459,54.20804569775928,-11.897474844866618,0.22000490199601272,-0.0019660624628698997,13.519714073629721,-11.97740846299424,-0.0035938230442716934,0.12680598499429446,0.12685690124879595,-14.324737119268686
2071,17.16949039999963,251.65012909406943,246.3828361991301,55.36426198862469,54.20543173148928,-12.402541843973324,0.22000490199601272,-0.0029415450727725556,13.522328039899726,-12.164379258111804,-0.027176404883491895,0.1450249166592183,0.14754925765453614,-13.818369349081063
2072,17.173643199999788,251.65133232234547,246.38447781809307,55.36452670474364,54.205792895708335,-11.991433661763415,0.22000490199601272,-0.0026768289538239287,13.521966875680668,-12.288092997213441,-0.02718395483488711,0.09075455340323976,0.09473835740547057,-9.149948141067638
2073,17.186143999999786,251.64662061720747,246.37112098040217,55.36349010651652,54.202854325941175,-12.421333607352683,0.22000490199601272,-0.0037134271809406982,13.524905445447828,-12.352866402177064,-0.033343583201644746,0.4278461884578663,0.42914351389558375,-12.718232222704286
2074,17.2011008999998,251.6383359099171,246.3499976523271,55.36166743030104,54.19820709021818,-12.727681028111162,0.22000490199601272,-0.0055361033964231865,13.52955268117082,-12.324964705839879,-0.021628831449900483,0.40881472170931443,0.40938647148648233,-9.108150972559777
2075,17.2046906999999,251.6392173087781,246.32606295067944,55.36186134237107,54.19294133852789,-12.221341869684734,0.22000490199601272,-0.005342191326391799,13.534818432861115,-12.379563809931815,-0.05029746983170562,0.48832901022023695,0.49091247457581233,-1.1952553187205344
2077,17.221699100000023,251.63758444361503,246.31690965798924,55.3615021040309,54.19092756926664,-12.263033362287391,0.22000490199601272,-0.005701429666565616,13.536832202122362,-12.332361008247188,-0.0114033704260962,0.4072355077642577,0.40739513453290965,0.08897966129170332
2078,17.23427959999981,251.633032738101,246.29914852655787,55.36050070650537,54.18702003328674,-12.264429182223104,0.22000490199601272,-0.0067028271920932525,13.54073973810226,-12.209398719394638,0.0941117019721077,0.2826639646958732,0.29791933368896467,3.7786295842815782
2080,17.25019689999999,251.6411032042734,246.31147670539522,55.362276248624696,54.18973229306365,-12.185319598929551,0.22000490199601272,-0.004927285072767518,13.538027478325354,-12.18966709119098,0.08856505764749845,-0.05336561382213086,0.10340047473158683,8.049915673061369
2081,17.253980299999967,251.64808021391013,246.31684470125114,55.36381122494605,54.19091327846584,-12.112869583848411,0.22000490199601272,-0.003392308751415385,13.53684649292316,-12.112812152234708,0.12227633205681639,-0.1546927169391707,0.19718351364982623,8.286389852954043
2083,17.269404199999826,251.64992292871364,246.3317973464405,55.3642166312358,54.19420293370531,-12.122683728666438,0.22000490199601272,-0.0029869024616644424,13.53355683768369,-12.018002687880955,0.16112141851283152,-0.2582119452041802,0.3043575531339966,7.0958707568482176
2085,17.285389399999985,251.66063532739275,246.36000601853974,55.36657341145734,54.20040897984594,-11.878758667506034,0.22000490199601272,-0.0006301222401248197,13.527350791543064,-11.95473910110697,0.18448239535136143,-0.4400937421746821,0.47719624484680473,9.157166635174065
2086,17.297329600000012,251.6668563721314,246.37124006054313,55.367942071795376,54.202880524155916,-11.790381860454334,0.22000490199601272,0.0007385380979130218,13.524879247233088,-11.90911030953342,0.10819693733796387,-0.41621830929727816,0.4300514599947313,4.44400735857038
2087,17.301396999999724,251.67107810670473,246.39120326464752,55.36887087409644,54.20727252691842,-11.869001665059617,0.22000490199601272,0.0016673403989742042,13.52048724447058,-11.86214764743311,0.06899895789594848,-0.27250547560477045,0.2811051234419412,1.8391831978916402
2088,17.314171799999713,251.67248830719376,246.4023967634275,55.36918112511682,54.20973515152051,-11.884725625980673,0.22000490199601272,0.0019775914193544963,13.518024619868491,-11.903692236652223,0.03635930842503993,-0.24130332968094587,0.24402724484011704,0.5248515251098623
2089,17.31818039999962,251.66939618568517,246.3931902858276,55.368500843227366,54.20770968131841,-11.887870418164885,0.22000490199601272,0.0012973095299031456,13.52005009007059,-11.93126018769917,0.019681690472940702,-0.24534901177522014,0.2461371701286698,-0.8381036337375986
2091,17.332904699999744,251.6683412060023,246.40873252732467,55.36826874252563,54.211129050635776,-12.086481613601597,0.22000490199601272,0.0010652088281659644,13.516630720753227,-11.969749852127311,-0.031755923716022295,0.2586391849896185,0.26058140129938656,-7.174741975947885
2092,17.346492899999703,251.67027057371737,246.42276647533703,55.36869321288069,54.21421658799285,-11.92822161568907,0.22000490199601272,0.0014896791832299527,13.513543183396152,-12.010423859231688,-0.02723439449153054,0.33654841432890753,0.33764855609142225,-6.129969628617291
2093,17.34988529999964,251.6698259442106,246.40056008807255,55.368595392209635,54.20933107393905,-12.061449987200316,0.22000490199601272,0.0013918585121714955,13.518428697449956,-12.078736883308814,-0.03276682262174392,0.32895748153339655,0.3305853737259405,-6.0835531429325975
2094,17.36246429999983,251.67250714523234,246.38930933354158,55.369185269577656,54.20685585279108,-12.088095661502564,0.22000490199601272,0.001981735880193014,13.520903918597924,-12.053933759740648,-0.03710033109803496,0.39255513760097976,0.3943044136508086,-4.928690175353571
2095,17.36731729999974,251.66815348918894,246.3790007647819,55.3682274439065,54.204587917131384,-12.229435538550515,0.22000490199601272,0.0010239102090352503,13.523171854257619,-12.08618252394392,-0.03680467540785733,0.4190020391950918,0.42061537416209954,-4.222844361946611
2097,17.381804999999986,251.665688616817,246.37335318958355,55.367685159901875,54.20334542290336,-11.962465995760772,0.22000490199601272,0.0004816262044116115,13.524414348485642,-12.0403971693627,-0.015345518818643655,0.1212999987576085,0.12226681743796707,2.5120423151339253
2099,17.398892400000022,251.6682296459119,246.38073070014244,55.36824419875887,54.20496851139084,-12.089465436705433,0.22000490199601272,0.0010406650614100954,13.522791259998165,-12.031240098446455,0.007135985570148915,0.12379605198989352,0.1240015515158653,3.5767793882636436
2100,17.410313099999712,251.6723026202182,246.38324190965474,55.36914027307196,54.205520989793484,-11.832523214294213,0.22000490199601272,0.0019367393745000072,13.522238781595519,-11.876634026060081,0.05016269199019203,0.0426415496689129,0.06583765963238093,5.085706431550378
2101,17.41470649999974,251.6754837971444,246.37906319347815,55.36984014758984,54.204601651750586,-12.042310306921344,0.22000490199601272,0.0026366138923776816,13.523158119638417,-11.844582092566423,0.04507510687977501,0.05830785215240484,0.07369919187379087,3.820352296056101
2102,17.426539199999752,251.6764393086611,246.3757525842582,55.370050364807426,54.2038733014936,-11.456405176618643,0.22000490199601272,0.0028468311099629773,13.523886469895402,-11.833938391169536,0.051844329243671904,0.14286321043625483,0.1519793781105841,3.162478013214755
2103,17.442363199999818,251.67191744435277,246.36395004792,55.369055532493434,54.201276685643215,-11.80220632829248,0.22000490199601272,0.001851998795970644,13.526483085745788,-11.884044758312033,0.04352229157875103,0.163761269136379,0.16944598883840062,-1.4894791802877525
2104,17.446002700000008,251.67301857617608,246.35852749000736,55.369297786892304,54.20008369632107,-12.036246929720997,0.22000490199601272,0.0020942531948406895,13.52767607506793,-11.894066031740532,0.03282673788938399,0.14496991373343926,0.1486400706685083,-5.522680615145228
2105,17.459124599999996,251.6752164665538,246.35518057855654,55.369781333549454,54.19934735939535,-12.0830550500067,0.22000490199601272,0.002577799851991358,13.528412411993656,-12.021642796191857,0.03466993944138629,0.13761396317043068,0.1419140851372479,-6.199599604153407
2106,17.463669199999913,251.67740244427517,246.35279889830124,55.37026225936381,54.1988233780642,-12.092416674063841,0.22000490199601272,0.00305872566634946,13.528936393324805,-12.080134223300872,0.05943503503253017,0.11444079648708834,0.12895433024880265,-1.519358129936493
2107,17.479322799999863,251.67932222972115,246.35103618087413,55.37068462157271,54.1984355715894,-12.09428899887527,0.22000490199601272,0.0034810878752438157,13.529324199799603,-12.119034657160178,0.053874862502682086,0.16066730645669636,0.16945938797757085,0.5036102401473761
2108,17.485144099999616,251.68093514117052,246.3497600828162,55.37103946999805,54.19815482376122,-12.094663463837556,0.22000490199601272,0.0038359363005895375,13.529604947627782,-12.00124223416641,0.041385035927472745,0.15655458560508967,0.1619322681638825,7.65639979125746
2109,17.492823999999928,251.682288228652,246.33024931635833,55.37133715587681,54.193862359498794,-12.230749099017512,0.22000490199601272,0.004133622179345764,13.533897411890209,-11.944707675348909,0.017498335342107728,0.025902273763244152,0.03125891114307891,10.897690282649215
2110,17.498080200000004,251.68167664090322,246.32939994505637,55.371202603574076,54.19367549364875,-11.494092935037877,0.22000490199601272,0.003999069876613248,13.534084277740256,-11.807828253819782,-0.0006093191802619292,-0.058470333371571884,0.058473508142116694,9.37881196782724
2111,17.50628659999984,251.68116897712034,246.34946653289495,55.37109091505327,54.19809024133957,-11.809743879976326,0.22000490199601272,0.0038873813558097936,13.529669530049432,-11.780452369513958,-0.01079973049647856,-0.07202577936002524,0.0728309485810504,3.0341636969205767
2112,17.50993470000003,251.68011508973908,246.35605102043075,55.37085905466325,54.199538860874576,-11.409891891229641,0.22000490199601272,0.003655520965786252,13.528220910514428,-11.817223286402792,0.0778670051570762,-0.04619993945010317,0.09054117790997272,1.188546928931005
2113,17.521505100000013,251.68064126022773,246.3570791613577,55.370974814750035,54.199765056918444,-11.957784042308429,0.22000490199601272,0.003771281052571851,13.527994714470559,-11.950149979546186,0.09708529455417497,-0.0853971334289308,0.12929897453788844,-5.471258659477325
2114,17.525429799999984,251.6892414307796,246.34480491607184,55.37286689442945,54.197064662787255,-12.414603683461687,0.22000490199601272,0.0056633607319867,13.530695108601748,-11.957476284971738,0.10771163314936859,-0.06099314161771567,0.12378190190857014,-1.8806387070353994
2115,17.538390400000026,251.693394189482,246.35425619117615,55.37378052170079,54.19914398964032,-12.158726400754839,0.22000490199601272,0.006576988003324402,13.528615781748684,-12.051537981603724,0.11295603450540312,-0.0599431736618419,0.12787591563636821,1.5311563093300251
2116,17.543405199999597,251.69429505005604,246.36373723504988,55.37397871544309,54.20122986576858,-11.846375407104095,0.22000490199601272,0.0067751817456240815,13.526529905620421,-11.944777811164496,0.081052012873713,-0.08837070093542657,0.11991167405511083,6.051747720178383
2117,17.554284299999836,251.69244888458434,246.3831134164285,55.37357254998942,54.20549272065384,-11.880200374389569,0.22000490199601272,0.0063690162919556315,13.522267050735167,-11.868847084524308,-0.03002043420026995,-0.23659190544498615,0.23848890161108546,5.905736512959799
2118,17.558617599999707,251.68950397529647,246.3862980684626,55.372924655510154,54.20619335971249,-11.423983190112288,0.22000490199601272,0.00572112181269091,13.52156641167651,-11.820684864977517,-0.057449580339168846,-0.22313645598936205,0.23041339429954832,7.635440578853094
2120,17.575023599999895,251.68404038670064,246.3902544309757,55.37172263923658,54.20706377885944,-12.034950050260743,0.22000490199601272,0.004519105539117163,13.52069599252956,-11.863287528490037,-0.04170127950361153,-0.2339857012099024,0.2376726847640007,-7.726940524129929
2121,17.586139399999865,251.680672724849,246.3949612212693,55.37098173712096,54.20809929579671,-11.917915303020898,0.22000490199601272,0.0037782034234936646,13.519660475592296,-11.84782534661258,-0.045227904477672526,-0.15728074943980536,0.16365450646953875,-9.010801642875686
2122,17.58957620000001,251.68252017095836,246.40230628432124,55.37138818432119,54.20971524567361,-12.05938872466668,0.22000490199601272,0.004184650623727748,13.518044525715396,-12.038646404388269,0.01144239503035136,-0.07329534651866071,0.07418312628435901,-11.207022611118326
2124,17.606858299999658,251.6782022876014,246.4029593893521,55.37043822881641,54.20985893198191,-11.802889465002293,0.22000490199601272,0.0032346951189481388,13.51790083940709,-12.028964992089499,0.02749346546901408,-0.0942064828708431,0.09813639517727521,-10.681417786734544
2126,17.621379799999886,251.687036194916,246.3859141793638,55.372381731729405,54.206108902228934,-12.378088478990717,0.22000490199601272,0.005178198031941861,13.52165086916007,-12.027028709629743,-0.0005201254433416791,-0.14744870511278302,0.14744962248141993,-14.267154911343466
2127,17.63377169999967,251.6874298250962,246.3947916857101,55.37246833229862,54.208061997142615,-11.986542988766894,0.22000490199601272,0.005264798601153586,13.519697774246389,-12.026641453137794,-0.018439034979560558,-0.07452831315431668,0.07677543534624438,-1.3657298431653513
2128,17.63721119999991,251.68419800192834,246.40040995756033,55.371757315359304,54.20929804449042,-11.90823389072213,0.22000490199601272,0.004553781661840617,13.518461726898586,-12.083522790638114,-0.007364307216041744,-0.055699891311364505,0.056184614556567564,-1.2068275160681425
2129,17.64936579999994,251.6857818613219,246.40624338904829,55.37210577218996,54.21058142801323,-12.057452442206927,0.22000490199601272,0.004902238492498157,13.517178343375775,-11.974322966330748,-0.029932402383428817,-0.09649414585080093,0.1010300395719963,-0.026587741793971054
2130,17.665487299999768,251.6858116152328,246.3999540967738,55.372112318196216,54.20919775288275,-12.087296152503887,0.22000490199601272,0.004908784498752539,13.518562018506252,-11.952483001469275,-0.03650200630619289,-0.10559792538076415,0.11172877117868422,0.597632168627481
2131,17.669402600000012,251.68618526464803,246.39898831057042,55.37219452289919,54.20898527518373,-11.832089357453903,0.22000490199601272,0.00499098920172969,13.518774496205275,-11.928855975293857,0.006272148234881026,-0.05459910192739913,0.05495818205471174,7.2042128044090195
2132,17.68136239999967,251.68477950097645,246.41003073853128,55.371885248000396,54.21141466346506,-11.87734316445953,0.22000490199601272,0.00468171430293296,13.516345107923947,-11.891154495840023,0.010678704272209585,-0.06611274981483842,0.06696962306159954,4.762508095621133
2133,17.684986199999912,251.68489726782224,246.41174993316798,55.37191115728376,54.211792894712616,-11.790098759845032,0.22000490199601272,0.004707623586298837,13.515966876676387,-11.831379092527381,0.09734532258084112,-0.06634901461771042,0.11780621192920672,4.067085386418914
2134,17.697478899999624,251.6877762883911,246.42101457069435,55.372544555921856,54.213831160383634,-11.868945044937757,0.22000490199601272,0.005341022224392589,13.513928611005369,-11.871659119286727,0.11130640332002106,-0.12212248434120734,0.16523624481846477,2.530401330413058
2135,17.701274600000033,251.69525950178527,246.41955417978295,55.37419089955126,54.213509867224296,-11.788419135940678,0.22000490199601272,0.0069873658537957795,13.514249904164707,-11.879715124638597,0.09616214220797292,-0.18918469912232674,0.2122216011060884,2.633726052508065
2136,17.713931799999955,251.7004834240303,246.43247567263128,55.37534018805281,54.21635265899204,-12.033489491250638,0.22000490199601272,0.008136654355347162,13.511407112396967,-11.900585358912096,0.11412275217821946,-0.19275210018406838,0.22400306848367152,-1.5748647236861233
2137,17.718043299999863,251.69858505888843,246.4425381686461,55.37492253841582,54.21856645744161,-11.917623191218878,0.22000490199601272,0.007719004718353517,13.509193313947392,-11.885500372563673,0.17831687962717394,-0.08888630296824589,0.19924277757383035,1.3991417392753172
2138,17.729535299999952,251.70364940803265,246.44892189567716,55.376036720052966,54.21997090868145,-11.894449931212526,0.22000490199601272,0.008833186355502676,13.507788862707557,-11.937762850812351,0.09980710709406238,-0.14207888899161636,0.17363141801983212,1.51261235089618
2139,17.73312309999983,251.7097105697816,246.44311350004233,55.37737020534953,54.21869303316905,-11.793520113195632,0.22000490199601272,0.010166671652065418,13.50906673821995,-11.895980239040211,0.07276251036502696,-0.08045816995265329,0.10847995218818404,2.0541711673224716
2141,17.748955099999876,251.71267470541116,246.45616139062764,55.37802232971821,54.22156363305853,-12.049731527184077,0.22000490199601272,0.010818796020750199,13.506196138330473,-11.920599790904532,0.039395449168766805,0.22473089211041752,0.22815778593761163,1.483081366036486
2142,17.76249269999971,251.70994128987817,246.45102307470768,55.377420964901766,54.22043317836813,-11.824576432389941,0.22000490199601272,0.010217431204303296,13.50732659302087,-11.906264668074273,0.007479915352886285,0.2814099144459384,0.2815093054983382,2.4497737024423247
2143,17.766016899999613,251.70564160298713,246.43520449914567,55.37647501270869,54.2169530142019,-12.04072095054049,0.22000490199601272,0.009271479011225381,13.510806757187105,-11.903397643508223,-0.10191112170821706,0.287430927793484,0.3049629731296081,-0.8153692015421372
2144,17.77867819999983,251.70203753697726,246.42592835256963,55.3756821005194,54.21491221648353,-11.822774317061224,0.22000490199601272,0.008478566821935374,13.51284755490547,-11.899779870498522,-0.10936773115863305,0.3086816463949204,0.32748383080675253,-0.5680435115203663
2145,17.78263879999986,251.6988820343908,246.41897445874787,55.374987874482116,54.213382325754786,-11.779184990365371,0.22000490199601272,0.007784340784652954,13.514377445634217,-11.918315349099707,-0.16344754839372427,0.3058457715358789,0.34678053152144495,-3.475420748154086
2146,17.79428089999965,251.69908879473053,246.4229465870991,55.375033362770395,54.214256213463415,-12.031642662135576,0.22000490199601272,0.00782982907293217,13.513503557925588,-11.922022444819945,-0.1215496917573844,0.14959398363389803,0.19275032426892078,-2.6684394420354005
2147,17.79821149999998,251.6934642152842,246.4217080212865,55.373795927720536,54.2139837229132,-11.917253825395866,0.22000490199601272,0.006592394023073211,13.513776048475805,-11.974998971385865,-0.11070931447971909,0.1399303516456974,0.17842941356250058,-0.12611778417136765
2148,17.811152199999924,251.68999813389917,246.40957663300716,55.37303337282511,54.211314758023725,-12.059256429141675,0.22000490199601272,0.00582983912764945,13.516445013365278,-11.9122568743553,-0.0848580787501059,0.08613413829333263,0.12091312297965894,0.9356430154377186
2149,17.81465479999997,251.68986403542792,246.4077797478514,55.373003870504085,54.210919434481134,-12.087656949890837,0.22000490199601272,0.005800336806622397,13.516840336907869,-11.866732380730436,-0.12186987750292977,0.11059740108917791,0.1645723311199656,2.8055385580903387
2150,17.83095209999965,251.68645450373003,246.39909078046873,55.37225375681704,54.209007819063665,-11.465474505212542,0.22000490199601272,0.005050223119575037,13.518751952325339,-11.856484040875229,-0.07684035966583513,0.09948486076146693,0.1257047270165421,5.687308008028737
2151,17.83696299999974,251.68150513594227,246.3977997336914,55.37116487164195,54.20872378244394,-11.804020194011258,0.22000490199601272,0.003961337944488719,13.519035988945063,-11.802199265482312,-0.06562857476490494,0.06178399942090206,0.09013530057704774,2.0579428839186122
2153,17.84862619999967,251.67675125178252,246.39707012495728,55.37011899382328,54.2085632649459,-11.866012126119825,0.22000490199601272,0.002915460125819891,13.519196506443102,-11.791342310403728,0.03861214915378358,0.01688998217686096,0.042144626706244664,-3.7837400780813306
2154,17.857905599999867,251.67663028731087,246.3963218220108,55.370092381046554,54.208398634629496,-11.787832552177091,0.22000490199601272,0.002888847349090895,13.519361136759507,-11.914743429153637,0.07044477405900498,-0.06173930476675088,0.09367074220537601,-3.7997410957655613
2155,17.861462200000005,251.6849199009293,246.39812601824684,55.37191613667826,54.20879556664559,-12.03337217449792,0.22000490199601272,0.004712602980795566,13.518964204743412,-11.972399727122369,0.15294804098384548,-0.11060004163618073,0.18874711243015346,-5.589270036523349
2156,17.873459199999616,251.69108928919718,246.41316828434685,55.37327343233951,54.21210493892472,-12.082480098962085,0.22000490199601272,0.006069898642046212,13.515654832464286,-11.965815394643226,0.18721280889464753,-0.1085268178180362,0.21639479198893175,-4.186636809170191
2157,17.88924679999991,251.70769206106883,246.42730864213163,55.376926123538,54.215215886953345,-12.092301683854918,0.22000490199601272,0.009722589840535534,13.512543884435658,-11.964498528147397,0.1797744284937816,-0.09758015765193481,0.20455007286149338,-0.5090311213879046
2158,17.893430999999964,251.70924494519886,246.4268497435407,55.377267765658836,54.21511492701383,-11.83309046372411,0.22000490199601272,0.010064231961372627,13.512644844375174,-11.93125908062948,-0.031422230036621784,0.15491464193469895,0.15806929754455912,3.2658320722812375
2159,17.905000199999904,251.70713835421964,246.4230385772426,55.3768043053169,54.214276451745924,-11.781248219697948,0.22000490199601272,0.009600771619439286,13.513483319643079,-11.872376083704022,-0.06839314292727607,0.23384039028719247,0.24363692275420265,1.2951728788605819
2160,17.90942210000003,251.69622047112327,246.39990713576572,55.374402317516285,54.20918742123077,-11.86717493690834,0.22000490199601272,0.007198783818822108,13.51857235015823,-11.86059948431893,0.016534499969688934,0.16790063166847055,0.1687128086539936,-0.5067060386316669
2161,17.921235499999966,251.6923694793531,246.39352918262307,55.3735550804493,54.20778424027469,-11.788065114334794,0.22000490199601272,0.006351546751837134,13.519975531114312,-11.970516843895071,0.04101437905287404,0.18781371796592203,0.19223988125588232,-1.9643223254808946
2162,17.92585599999984,251.70614672164493,246.40459185986475,55.37658614128949,54.21021808349706,-12.03341868692946,0.22000490199601272,0.009382607592030467,13.517541687891942,-12.011759349013424,0.1578669820310979,0.14713383160704308,0.21580164137229516,-8.58662221364108
2165,17.953333499999644,251.7316315249323,246.3891430692978,55.38219292293912,54.20681927384242,-12.382677261604812,0.22000490199601272,0.014989389241655715,13.520940497546583,-11.993735278062825,0.29532032537434866,-0.07255336426413427,0.30410209674590427,-8.762936066107276
2166,17.957547299999987,251.74205476233658,246.39165069652367,55.384486086262726,54.207370964124486,-11.987460745289713,0.22000490199601272,0.017282552565262677,13.520388807264517,-12.11181381348208,0.2670085499301417,-0.033544367030951594,0.2691073954675051,-5.790860604869059
2168,17.973610499999722,251.75257330027054,246.38782236103762,55.38680021617003,54.20652871155107,-11.77705458215534,0.22000490199601272,0.019596682472567295,13.52123105983793,-12.083194413144057,-0.0023760585052365613,0.08799707475449475,0.08802914755561617,-5.2217724231844596
2169,17.985446799999863,251.74109895250905,246.37093859196838,55.38427580341529,54.20281419959167,-12.37845779143107,0.22000490199601272,0.017072269717829158,13.524945571797332,-12.017432961045166,-0.05939254798403219,0.003707896179347886,0.059508178010357446,-5.4225477822202945
2170,17.988706999999977,251.73086037045147,246.36973888993546,55.38202326517314,54.2025502592635,-11.89032168523934,0.22000490199601272,0.014819731475675724,13.525209512125507,-12.03725674484414,-0.27741720936806546,0.05896666431645964,0.2836148366256165,7.470896448880475
2171,18.002057100000002,251.72594324202691,246.3878067317612,55.38094147281599,54.20652527303365,-12.053870001110369,0.22000490199601272,0.01373793911852772,13.521234498355355,-12.041901502836723,-0.3297029822928142,0.03838588964605926,0.3319300122867698,5.8799576119857715
2172,18.00537039999972,251.7177216198329,246.38561745442468,55.37913267563095,54.20604362128778,-12.086579664284574,0.22000490199601272,0.01192914193348571,13.52171615010122,-11.921147104825865,-0.3082211695962248,-0.030794778544268275,0.3097557227443188,5.297850576269113
2174,18.021170199999688,251.70929298789727,246.38924200581852,55.37727833528799,54.206841040361965,-11.80027837211826,0.22000490199601272,0.01007480159052676,13.520918731027038,-12.018679574833067,-0.24603552310940344,0.12440585494359682,0.2756996470363447,9.389381799973012
2175,18.03354219999983,251.70333948232587,246.391046005605,55.375968534878226,54.20723792915819,-11.774685801376778,0.22000490199601272,0.00876500118076251,13.520521842230814,-11.985950961412634,-0.24725966439887634,0.18665478763566504,0.3098021164969022,9.564670773499275
2176,18.03763069999968,251.69627783322795,246.3751205101903,55.37441493746051,54.20373424210024,-12.377984035275356,0.22000490199601272,0.0072114037630441885,13.524025529288764,-11.92717013130667,-0.18391260592220257,0.11981717085033827,0.2194994329096878,-1.4194757578993848
2177,18.04936719999978,251.69162850982065,246.37440070249875,55.37339206351993,54.203575880879605,-11.890226934008197,0.22000490199601272,0.0061885298224666485,13.524183890509399,-11.920967091461808,-0.1361089404279539,0.11860424145528906,0.18053423430364893,1.1927004852606313
2178,18.05269109999972,251.68816591651768,246.37725343490203,55.37263027601966,54.20420349599241,-11.792675513754766,0.22000490199601272,0.005426742322200084,13.523556275396594,-11.982377395944605,-0.1094475426459148,0.08217873873030987,0.13686529761241112,0.9393494644329923
2180,18.06857429999991,251.69694866323937,246.38133495436642,55.37456252335142,54.205101450282164,-11.769263172893943,0.22000490199601272,0.0073589896539587585,13.522658321106839,-11.87297610723179,-0.04297145888299639,-0.09044074418006233,0.10013028755764426,-2.6405096984376444
2182,18.084445399999822,251.6989280963841,246.3967878032392,55.37499800834644,54.20850115278398,-12.08173732379076,0.22000490199601272,0.0077944746489748695,13.519258618605022,-11.851095849489226,-0.06569266921806144,-0.10712373011011245,0.12566232666037125,-11.659406969760589
2183,18.09803329999977,251.69598751726008,246.39716676892505,55.37435106652445,54.208584527092555,-11.830977591711278,0.22000490199601272,0.007147532826984104,13.519175244296449,-11.89895490536259,0.02888039151065508,-0.11987488258498305,0.12330476263539941,-8.229364857607207
2184,18.100995999999668,251.69328398869,246.39810837313945,55.37375627698634,54.208791684635464,-11.780825645295382,0.22000490199601272,0.00655274328887856,13.518968086753539,-12.030990477508665,-0.00035095864527681913,-0.06698324881950697,0.06698416823688025,-10.294116415124737
2185,18.113063399999646,251.70665000718228,246.41196224343133,55.37669686657481,54.211839604011296,-12.031970793121578,0.22000490199601272,0.009493332877347882,13.515920167377708,-12.046981786907986,0.14899848933564452,-0.15001693910606012,0.21143706355096667,-11.195499738337702
2186,18.12919699999975,251.70485311458853,246.39671462091644,55.376301541395826,54.20848505231424,-12.429441033624316,0.22000490199601272,0.009098007698362665,13.519274719074765,-12.102415156209727,0.1681453945615331,-0.2060361986051804,0.2659394458291718,-9.759028047250391
2187,18.132740999999896,251.71732427107878,246.4068530631881,55.37904525695724,54.210715559312604,-12.161693870787365,0.22000490199601272,0.011841723259777837,13.5170442120764,-12.113501830070074,0.33726780705564685,-0.17469921227852253,0.3798281038138981,-0.8504570541277089
2188,18.145948299999873,251.72021317836538,246.42403611125602,55.3796808307217,54.21449591411878,-12.108144438219975,0.22000490199601272,0.012477297024240386,13.513263857270225,-12.06516078067191,0.3005375856355628,-0.12822717024329292,0.3267492120392269,-0.787708140418336
2189,18.14921669999967,251.72979313223783,246.4227471564761,55.38178846753454,54.21421233774875,-11.836259014597122,0.22000490199601272,0.01458493383707804,13.513547433640255,-12.065236299878594,0.27408731851318074,0.014771403981116676,0.2744850679824299,-0.18943428982099234
2191,18.17612659999986,251.73713562270578,246.42521968617137,55.383403851430344,54.21475630640204,-11.790265546130762,0.22000490199601272,0.01620031773288133,13.513003464986966,-12.092453552157428,0.05573566028170748,0.3554560541370181,0.35979920823939654,-0.9749280781081978
2193,18.188372099999924,251.72841064469304,246.37385005698485,55.38148431349774,54.20345473616729,-12.429818629657731,0.22000490199601272,0.014280779800273535,13.524305035221715,-12.097897002613195,0.05380414503406975,0.635529821700844,0.6378032927901469,2.224979238157757
2194,18.194810699999834,251.7191166687416,246.34241728719542,55.379439593229385,54.1965393727303,-12.297780132181547,0.22000490199601272,0.012236059531922194,13.531220398658704,-12.143326237749013,-0.14350688266180806,0.745880583188993,0.7595604450928591,5.492612847232966
2195,18.199390599999788,251.71991741181432,246.31922401174026,55.37961576063063,54.19143673843682,-12.135361690498812,0.22000490199601272,0.012412226933165016,13.536323032952183,-12.053286717701319,-0.2367624000042242,0.9346289677302309,0.964151306266935,7.997682554901628
2197,18.213044999999966,251.69870997190537,246.27959505542128,55.37495001989187,54.18271817378566,-12.063405190276203,0.22000490199601272,0.007746486194406543,13.545041597603344,-11.830514332652342,-0.263405555068184,0.9039838751313714,0.9415781077203893,10.881091442869987
2199,18.23018329999968,251.66706338569526,246.2076526084443,55.367987615794206,54.166890482789135,-11.340067945892297,0.22000490199601272,0.0007840820967430773,13.560869288599868,-11.633185197439419,-0.3738325792350692,1.1535391331373597,1.2126018839573174,21.23493765599435
2200,18.241997699999956,251.65149179857224,246.16631973780443,55.364561790295284,54.1577970486348,-11.315956704412834,0.22000490199601272,-0.002641743402179486,13.569962722754205,-11.468108282644842,-0.4651756540892911,1.2186418981865226,1.3044065567042549,17.379324882755935
2201,18.24536790000002,251.63816897015087,246.13075229773236,55.36163070273413,54.14997203746749,-11.311134456116942,0.22000490199601272,-0.005572830963330944,13.577787733921511,-11.317414952297511,-0.44218135406072645,1.2635252675213609,1.3386636812672197,14.13413332287122
2203,18.261160999999902,251.60814479983122,246.02740667589586,55.355025238085446,54.12723549406363,-11.309977116525928,0.22000490199601272,-0.01217829561201711,13.60052427732537,-11.31138752770751,-0.49508740371983645,1.5416347307564877,1.6191816390994176,3.666796311829856
2204,18.274690599999758,251.59420157471368,245.97433900417906,55.351957660209955,54.11556034614842,-11.30993853853956,0.22000490199601272,-0.015245873487508277,13.612199425240583,-11.310181981064732,-0.5036922873994305,1.6913679502119536,1.7647751877760114,-0.07618912048800319
2205,18.277406599999722,251.5859206939714,245.9457713355174,55.350135825853805,54.10927531900426,-11.309930822942288,0.22000490199601272,-0.017067707843658297,13.618484452384742,-11.421056591923437,-0.45395400033996947,1.6451471164338403,1.7066292125518185,-9.442039883633313
2207,18.301615800000036,251.54927816257486,245.77869231247374,55.342074289325026,54.07251711491395,-11.309928971198941,0.22000490199601272,-0.025129244372436688,13.655242656475053,-11.535866527628418,-0.5734929981799919,2.2339429449912274,2.3063814299541945,-5.208718465700173
2209,18.312468499999795,251.51864385000468,245.67555845202472,55.3353345903903,54.04982716005339,-11.865507510410458,0.22000490199601272,-0.031868943307159725,13.677932611335613,-11.558828514769415,-1.0294854873401509,5.486099180271266,5.581856732702573,18.35533685402328
2210,18.321922599999652,251.47498643247187,245.48718413815266,55.3257297445246,54.00838388759141,-11.884026795050842,0.22000490199601272,-0.04147378917286204,13.719375883797596,-11.355109144619489,-0.9679211026238375,6.955796700938385,7.022818451710814,60.86898600141198
2211,18.3260393999999,251.4280804093875,245.1667598712081,55.3154101895129,53.93788897814512,-11.424748474244543,0.22000490199601272,-0.05179334418455994,13.789870793243885,-10.869699804970532,-0.748518304392322,8.32967791053796,8.363241820329865,78.01109693385902
2212,18.33778809999967,251.4086978062043,244.65075979202078,55.31114592179915,53.82436643129358,-10.291333972192659,0.22000490199601272,-0.05605761189831071,13.90339334009542,-8.851913593806607,-0.4860410128872802,20.18526566340461,20.19111650623684,183.69519053513216
2213,18.35373649999974,251.46408241053544,244.04272153369857,55.323330806247114,53.69059503386158,-8.882882272954157,0.22000490199601272,-0.0438727274503492,14.037164737527426,-7.560601224620696,-0.08445815087342623,22.748648029100465,22.748804811047666,212.6577243337269
2214,18.35766549999971,251.47642938559284,242.94675750134456,55.32604720128457,53.44947757433238,-1.7765764545908316,0.22000490199601272,-0.04115633241289629,14.278282197056626,-5.49275012773664,1.288676306114159,30.688327541368324,30.71537292477898,266.1636241297414
2215,18.369776799999727,251.53103743062672,241.9998653396916,55.33806123888044,53.241156657107126,-5.427464949121291,0.22000490199601272,-0.029142294817020797,14.486603114281877,-3.4779030528910786,1.697409189606685,33.46990767822716,33.51292165637026,221.445169027241
2216,18.374363499999617,251.6219141733305,240.81522817574321,55.3580545677527,52.980530673951826,-1.0854929898242582,0.22000490199601272,-0.009148965944760334,14.747229097437177,-1.7100105422188407,2.362705896978344,43.23386782813298,43.29837995278909,246.74255762467226
2217,18.3861308999999,251.71181017785412,239.5545150517483,55.377832129417754,52.70316760666224,-0.21709859796485165,0.22000490199601272,0.0106285957202914,15.024592164726762,-2.3201124332761687,2.1650415212146976,35.949639014707536,36.014774052829566,129.6331583352922
2218,18.390432599999713,251.7917907402643,238.43595008251714,55.39542824521239,52.45707783023036,-0.043419719592970335,0.22000490199601272,0.028224711514930334,15.270681941158642,-1.4277028798470088,1.7985459172014302,36.64971971338971,36.69382403738139,72.86318659659412
2220,18.4066628999999,251.76988391681095,236.59551088772568,55.39060863666549,52.052172185550646,-4.82708590987747,0.22000490199601272,0.023405102968027336,15.675587585838358,-2.3892234105674266,-0.06944423956076895,35.02107600361592,35.02114485497941,-17.83231373455152
2221,18.418642299999647,251.72411770771836,235.46833191504666,55.38053984631935,51.804187286134436,-0.965417181975494,0.22000490199601272,0.013336312621888169,15.923572485254567,-3.7966703389771355,-0.7785009748292612,33.98190971565107,33.990825993059815,-9.385086143402992
2222,18.422779499999706,251.63045035588468,234.5529235854511,55.35993256975895,51.60279296629543,-5.893095643426348,0.22000490199601272,-0.007270963938509567,16.12496680509357,-4.078159724659077,-2.868577946574402,36.94334852574325,37.05455086396418,-107.23812848108733
2223,18.43446670000003,251.5313995152407,233.5768180850835,55.338140899270456,51.38804497134928,-7.254333240013395,0.22000490199601272,-0.02906263442700663,16.339714800039722,-4.190481311805105,-3.940011538265561,38.00949886659801,38.213161280003796,-99.20463906039954
2224,18.43859169999996,251.41215438320472,232.22657146463024,55.31190638568337,51.09098409594602,-1.450866648002679,0.22000490199601272,-0.055297148014091135,16.636775675442983,-5.3529480706405606,-4.493895554484709,37.72598530915678,37.99269751940932,-56.135295289268676
2226,18.454719399999703,250.99767298665782,230.00699003935432,55.2207184466569,50.602665302006024,-5.388693845607608,0.22000490199601272,-0.14648508704055985,17.12509446938298,-5.660581803267027,-5.462163786647389,38.57161268506114,38.956444118509225,-31.484484024473538
2227,18.466508099999828,250.80423926106874,228.97371329963352,55.17816207881595,50.375339354148984,-6.777750976152772,0.22000490199601272,-0.18904145488151158,17.35242041724002,-4.506965727526695,-5.830668090131708,39.857744360000744,40.281962164776075,-11.371819013035843
2228,18.470686699999987,250.6176819771324,227.96883878633417,55.1371185618469,50.15426203533227,-7.431264306558679,0.22000490199601272,-0.23008497185056598,17.57349773605673,-4.276242512378629,-7.278110825574136,39.87032387830554,40.52917003036604,51.653306084833844
2229,18.48250999999982,250.4184585802206,226.63577582817533,55.09328843793401,49.86098164986802,-1.486252861311736,0.22000490199601272,-0.2739150957634564,17.86677812152098,-3.2008817478352056,-7.336605711297573,40.69647798993319,41.35249816091116,58.26430177427359
2230,18.486710199999834,250.15887108426415,225.2597130000126,55.036177916326714,49.55824108221773,-0.29725057226234725,0.22000490199601272,-0.33102561737074865,18.169518689171277,-3.0609499757858964,-7.340999815893843,39.91962898598127,40.58900167133148,28.76207838376652
2232,18.50306909999972,249.71670033967814,222.70116095654376,54.938898184998564,48.99534709064267,-0.01189002289049389,0.22000490199601272,-0.428305348698899,18.732412680746336,-2.8322507307510345,-7.028955872801578,37.225389696958366,37.88318701947087,-15.429991005739332
2233,18.514941199999612,249.52071256050547,221.87017930773945,54.895779912849264,48.812527054436984,-6.078092115906224,0.22000490199601272,-0.4714236208481992,18.91523271695202,-3.4217400472803874,-6.874926455871164,37.13662772758425,37.767628105969486,-35.578797881376914
2234,18.519334399999934,249.35572974535097,221.0826990932923,54.85948288477017,48.63927754703374,-6.28776808138437,0.22000490199601272,-0.5077206489272896,19.08848222435526,-4.149890596133133,-4.17821538277043,26.37052504280956,26.69947705140057,-32.47528619680493
2236,18.535179199999675,249.14420996150142,219.3281800916462,54.81294749545413,48.25327476602645,-4.4336994439585,0.22000490199601272,-0.5542560382433308,19.474485005362553,-4.305032724216077,-2.2499517101543276,29.572494975741293,29.657962536025135,16.768060790898673
2237,18.546930699999848,249.1381452332953,218.3535141391225,54.811613225519515,48.03884347866262,-3.9380033165260753,0.22000490199601272,-0.5555903081779476,19.688916292726383,-3.731171013113916,-1.139948427353084,30.02657492023224,30.048206000647433,41.980821685882006
2238,18.551270499999646,249.21102709201523,217.3589550118314,54.82764759170448,47.82003559533371,-0.787600663305215,0.22000490199601272,-0.5395559419929796,19.907724176055297,-2.6019687392528588,1.0486769973288004,24.854327958640713,24.876441500351213,85.78924083867943
2239,18.56253949999973,249.30927609063076,216.45389356863168,54.8492628530161,47.620917641222185,-3.208783560395418,0.22000490199601272,-0.5179406806813631,20.106842130166818,-1.740899118944322,4.048453208988203,31.974331299104588,32.229611158223214,97.05483526120845
2240,18.577220699999998,249.4881848063491,215.5480437046579,54.88862364748394,47.42162623067553,-0.6417567120790837,0.22000490199601272,-0.47857988621352376,20.306133540713475,-0.9584325093357395,4.662574405349691,31.256900258812824,31.602743771305605,97.40724981316404
2241,18.580583499999648,249.67255279338414,214.6315253914965,54.92918550840279,47.2199877090109,-0.12835134241581675,0.22000490199601272,-0.4380180252946744,20.507772062378102,-0.8019391874140229,5.706541008398688,31.130821462386248,31.64952851471099,52.2262748497121
2242,18.593263599999773,249.84298484751596,213.78658923361633,54.966681395769044,47.034097612403585,-0.025670268483163353,0.22000490199601272,-0.4005221379284194,20.69366215898542,-0.1603878374828046,5.776519900574868,30.283590833996385,30.829597077526774,44.893376096013846
2243,18.597005299999637,249.99459783541414,212.9398190002986,55.0000369963129,46.84780401020938,-0.005134053696632671,0.22000490199601272,-0.36716653738456273,20.879955761179623,-0.032077567496560926,7.57793981983734,37.9816179124451,38.730201021425735,63.26029989641817
2244,18.609807199999977,250.12657151695902,212.15814200593402,55.02907185318723,46.675831239671666,-0.0010268107393265342,0.22000490199601272,-0.3381316805102301,21.051928531717337,0.4767464841148102,6.234306276113109,32.71214971246414,33.300920611224115,62.83407978390861
2245,18.613513999999668,250.32350155233547,211.28091810036045,55.0723974263203,46.48283768029739,-0.00020536214786530686,0.22000490199601272,-0.2948061073771626,21.24492209109161,1.014721049380932,6.23302770391744,34.177301122769244,34.74102109026513,62.459867339098544
2247,18.628823099999863,250.69534873746287,208.94186806547663,55.15420562984175,45.968235206609,2.415768915641039,0.22000490199601272,-0.21299790385571526,21.75952456478,1.694529478669508,6.103472516332594,40.1713452945467,40.632368372165146,86.97764380644588
2248,18.641488899999786,250.86522054618212,207.6761370297969,55.19157826047091,45.68976817415098,2.664202557847446,0.22000490199601272,-0.17562527322655086,22.037991597238026,2.311658818266863,6.123131589555402,43.873198897827436,44.29842347072114,86.84265799602697
2249,18.644814699999642,250.99018895612562,206.470429673709,55.21907192325313,45.42450664543898,3.3939080927462473,0.22000490199601272,-0.14813161044433087,22.30325312595002,2.8334131621384824,3.590526722078187,37.23364088971764,37.40636170554964,64.62783784378263
2251,18.661082999999962,251.16516592352738,204.10842521581287,55.25756771381791,44.9048540861654,3.084619887247448,0.22000490199601272,-0.10963581987954996,22.822905685223603,3.469032727878762,1.4320313862374066,46.1307328040809,46.152954650083615,60.789549525378575
2252,18.674386799999866,251.10621381364552,202.96753217675595,55.2445979606609,44.65385202491975,2.608566357210232,0.22000490199601272,-0.12260557303656583,23.073907746469253,3.922129579564416,0.4675397950637916,46.92473609543846,46.92706522984911,48.25524664357944
2253,18.67798079999966,251.01720363041335,201.69169688696243,55.225015284022255,44.37316200702568,5.593866744342438,0.22000490199601272,-0.1421882496752076,23.354597764363326,4.012748949901547,-2.596001845067823,43.328900719588816,43.406599304110195,-7.549305963337915
2254,18.689702699999998,250.91747458314046,200.30876940606677,55.20307440475083,44.06891118212363,4.929686816275715,0.22000490199601272,-0.16412912894663378,23.658848589265375,3.849258414046087,-3.6212711137707263,42.160073794888206,42.315309603852,-29.165027159807718
2255,18.693231599999763,250.8043770381191,199.31781964033505,55.17819239044241,43.85089737603085,3.847004944431901,0.22000490199601272,-0.1890111432550512,23.876862395358152,3.418231830922846,-3.839412177854042,40.80456226252922,40.98479458662782,-50.686209541425626
2257,18.709181100000023,250.6042849097921,197.42577898783588,55.134171141359666,43.4346391577053,2.2671672079701475,0.22000490199601272,-0.2330323923377975,24.293120613683705,2.31759581971812,-5.294460100179636,33.69253548457059,34.10598562029021,-99.08842663786317
2258,18.722537099999954,250.4788872369695,196.69185963343358,55.1065830386398,43.27317330206704,0.45343344159402954,0.22000490199601272,-0.2606204950576654,24.45458646932196,1.3352859239957293,-5.6678617554349575,31.121602153088812,31.6335071949644,-103.97458693337818
2259,18.726082700000006,250.2738279493791,196.0062931554287,55.0614689901701,43.12234531626183,0.09068668831880591,0.22000490199601272,-0.3057345435273646,24.605414455127175,0.5666104286158993,-6.070303408453034,26.327073691045037,27.017834713470144,-55.32885964239661
2260,18.737896799999817,250.07305751224712,195.3027741555564,55.01729850982518,42.96756768764259,0.018137337663761185,0.22000490199601272,-0.3499050238722816,24.76019208374641,0.11320600676213181,-6.317663060350249,26.27320059416101,27.02210088067056,-32.96227010298095
2261,18.742187699999704,249.8962932476907,194.56540148566643,54.97840950512504,42.80534208566891,0.003627467532752237,0.22000490199601272,-0.38879402857241985,24.92241768572009,0.6327770449988002,-6.545205649906929,27.592659281146073,28.358324407570173,-7.23993780219549
2263,18.757191599999715,249.6237168066794,192.80390467812026,54.918441351933936,42.41780415315843,0.00014509870131008948,0.22000490199601272,-0.4487621817635272,25.309955618230575,1.2753249425265052,-5.242781234650619,29.38283667029863,29.846906805695134,54.317565587128314
2264,18.76930749999974,249.44730722291007,191.77480963510624,54.8796303787456,42.19139819907554,3.0512886327773714,0.22000490199601272,-0.4875731549518605,25.53636157231346,1.9424682119124173,-5.080839017298782,31.110425730737305,31.52258736632238,63.71458039594353
2265,18.774370599999656,249.30435076202633,190.58983201693087,54.84817925657918,41.93069731432141,3.30342617595733,0.22000490199601272,-0.5190242771182838,25.797062457067597,2.4031622237607912,-3.590845621999593,26.338956118375616,26.582602989300163,39.25881160405848
2266,18.785089399999833,249.16164372078003,189.53069012093192,54.81678300795565,41.69768090529228,3.3538536845933216,0.22000490199601272,-0.5504205257418135,26.030078866096723,2.495417105091514,-3.8570123560223095,29.74804394798978,29.9970442384919,20.46693721683601
2267,18.801520199999686,249.0411662402536,188.48888514619978,54.790277371659705,41.46847870392738,2.3070975267746214,0.22000490199601272,-0.5769261620377577,26.25928106746162,2.4758296749855884,-3.4442353081724484,29.25062566947711,29.45270546000715,0.749197051448995
2268,18.805493599999863,248.94494579590324,187.71454840446987,54.76910840223039,41.29812082495118,0.4614195053549243,0.22000490199601272,-0.5980951314670762,26.429638946437827,2.272653918700731,-3.618497656475639,26.645036447318983,26.889616817070426,-11.210199031829854
2269,18.81880239999964,248.8760184008801,186.73458345121512,54.75394403744348,41.08252373145084,2.953351482247743,0.22000490199601272,-0.6132594962539812,26.645236039938162,1.6933850775633885,-3.6106402931278176,25.665837806269785,25.918563880433375,-2.731632107655482
2270,18.822940899999594,248.7427777935794,186.0110689585069,54.7246304506924,40.923346996389874,2.287547394533045,0.22000490199601272,-0.6425730830050611,26.80441277499913,1.82247946760008,-4.816638947859002,30.14525366965401,30.52763222986383,-7.058904159460401
2271,18.83289909999985,248.61197542373665,185.24869314294705,54.6958532881343,40.7556205798035,0.457509478906609,0.22000490199601272,-0.6713502455631613,26.972139191585505,2.330344320338864,-4.045356794935309,24.486630448813788,24.81854110005469,8.83083047014562
2272,18.836792899999637,248.47670143650058,184.6054052498481,54.666092347829824,40.61409408992704,2.9525694769580797,0.22000490199601272,-0.7011111858676387,27.11366568146196,2.241454796990136,-4.7111963973102275,31.90362965114413,32.24960397293883,43.57539186749298
2273,18.849814299999707,248.3896221364689,183.7423738039171,54.64693447496047,40.42422294124552,3.0007437690488428,0.22000490199601272,-0.7202690587369958,27.303536830143486,2.6101517418786537,-3.5372877189653806,28.688597684813818,28.905847877684682,37.64229383449963
2274,18.853195599999708,248.3209429791856,182.92343219609646,54.631824723693185,40.24405177307648,2.5089038655041045,0.22000490199601272,-0.7353788100042777,27.483707998312525,3.050388742855869,-3.0312648030659552,27.94776487639587,28.111672449226727,27.061317874934588
2276,18.869299099999807,248.2321122351493,181.28477196922626,54.61228152455725,39.88353849045914,4.131032118975633,0.22000490199601272,-0.7549220091402162,27.844221280929865,3.0749954005586364,-1.914238504455191,24.934700743637386,25.008070901744695,45.70556552125855
2277,18.881378999999924,248.21236308075999,180.56334997472845,54.60793661378133,39.72482211526188,2.658694483792685,0.22000490199601272,-0.7592669199161364,28.002937656127123,3.051980582642175,-1.6628798458307104,24.93937775407889,24.99475409245538,45.28353236482989
2278,18.885176899999806,248.17683573478962,180.19597512795946,54.60012042351294,39.643997848102664,3.075602765471916,0.22000490199601272,-0.7670831101845224,28.08376192328634,3.3193252508948197,-0.7270118472974955,16.361157102524665,16.377301608006253,27.313682955893462
2280,18.901716599999872,248.16071234389798,179.09799997900575,54.59657319847998,39.40243793306305,2.8856696794665333,0.22000490199601272,-0.7706303352174828,28.325321838325955,3.7527402715715583,-0.046993406921924996,20.05430821120003,20.054363271121304,38.15595308421025
2281,18.913671699999668,248.17216279666786,178.5332165780034,54.59909235421943,39.27818281627655,3.8456272067673303,0.22000490199601272,-0.7681111794780335,28.449576955112455,4.235108357188841,0.06529377486460468,19.510404357488103,19.51051361368344,42.86146775450472
2282,18.917223099999774,248.20745796601267,177.87375214254772,54.606857464492066,39.13309740778427,6.2981072223593255,0.22000490199601272,-0.7603460692053972,28.594662363604733,4.433061199470988,0.6165159028361403,21.06978641727434,21.07880431922096,33.72452512011878
2283,18.92929099999992,248.21852480034107,177.30222023168184,54.60929222229389,39.007357585746625,5.070534911879092,0.22000490199601272,-0.7579113114035749,28.720402185642378,4.693997646597332,0.7487214483090361,21.00735797442205,21.020696298473837,29.160794896426676
2284,18.93343059999961,248.23165985609114,176.75508615533258,54.612181998946895,38.88698540690073,4.065366976882654,0.22000490199601272,-0.7550215347505684,28.840774364488276,4.796279082751116,0.7847564455303867,21.14970774636259,21.164261868426955,21.273408322467095
2286,18.94957489999979,248.26442914994124,175.70626480701054,54.619391404228864,38.65623956895181,4.1903519150982556,0.22000490199601272,-0.7478121294685991,29.071520202437192,4.850941684068787,0.5069972922153355,21.40254612467551,21.408550321616275,14.102028161643679
2287,18.961570499999652,248.28574229725092,175.10076053769012,54.62408040111396,38.52302566152181,4.3570343875362525,0.22000490199601272,-0.7431231325835057,29.204734109867196,4.861874204332322,0.4930157177239663,21.54693772146808,21.552577332438617,11.59056696978079
2288,18.965078999999605,248.29846346737912,174.4291017249987,54.626879120901286,38.37525743026087,6.57142022894768,0.22000490199601272,-0.740324412796177,29.35250234112813,4.931631890636005,0.4938931479336016,23.493134752004664,23.498325704556592,15.072959851505539
2289,18.97741309999992,248.30585518569245,173.80448765048794,54.62850533516439,38.237839272012806,5.125197513196763,0.22000490199601272,-0.7386981985330721,29.489920499376197,5.043441141874773,0.5580135613290561,23.82592317688833,23.83245674213239,10.806468231161524
2290,18.980966699999954,248.3172017114622,173.17762719216302,54.63100162645436,38.09992689831385,4.414155408401071,0.22000490199601272,-0.7362019072430996,29.62783287307515,5.193118818538544,0.5853121469049102,23.592122918186366,23.599382493957947,13.717916179871482
2292,18.998513699999876,248.37838853012312,171.90496728483734,54.644463026497306,37.819935480128414,4.749398171292098,0.22000490199601272,-0.7227405072001574,29.90782429126059,4.878210146107626,0.7925764060840851,22.39054990901185,22.404573251625028,38.860494098762565
2293,19.010749199999736,248.4077189281851,171.3523671569027,54.65091585784843,37.69836074313916,5.1054227708551,0.22000490199601272,-0.7162876758490313,30.02939902824984,5.067476412720075,1.0068751777082254,22.578007597157033,22.600447444260162,45.91909919267661
2294,19.014183599999797,248.43634898253455,170.78868001554403,54.65721461014973,37.57434680884814,4.996876866793091,0.22000490199601272,-0.7099889235477335,30.153412962540862,5.567509155178307,1.0885152669954137,16.56700260478096,16.602723896797816,42.52771035459344
2295,19.025524799999857,248.49838091628794,170.16603063010672,54.670861939655765,37.437360891827126,6.071528846259009,0.22000490199601272,-0.6963415940416979,30.290398879561877,6.070582977275897,2.221234842908566,22.983111702426285,23.090199387479423,93.03878170360258
2296,19.041798999999628,248.58053929035128,169.5184668860423,54.68893718468972,37.294893693778064,6.914319120692232,0.22000490199601272,-0.6782663490077425,30.43286607761094,6.480091784664165,2.452474154941099,23.327231687654375,23.455796036164717,92.27834651158463
2297,19.04500740000003,248.6743210713671,168.81792543733087,54.70956963623112,37.14077114101016,7.264767281780049,0.22000490199601272,-0.65763389746634,30.58698863037884,7.23281057800217,3.2173182581387465,25.213463467404544,25.417904649996164,69.17694275214909
2298,19.05791139999974,248.7730686406445,168.1342146356999,54.73129458553234,36.990351413103724,7.15296680779644,0.22000490199601272,-0.6359089481651239,30.73740835828528,7.383354336669772,3.28603911916533,24.621457497428747,24.839770981037148,64.3865379583222
2299,19.061409399999775,248.86303263257324,167.4101367582902,54.75108710475979,36.83105073064672,8.760470833483117,0.22000490199601272,-0.6161164289376728,30.89670904074228,7.488603392968721,4.2623483739672885,29.500649036950875,29.806977492902767,75.98348450781248
2300,19.0744238999996,248.95454294818236,166.87072266613507,54.771219822777,36.712376986166866,6.824247639597014,0.22000490199601272,-0.5959837109204642,31.015382785222137,7.75417796924316,3.264393509636161,21.847680624953114,22.09021081102909,23.61649970155589
2301,19.07793109999966,249.05006762181122,166.34226104983455,54.79223571923692,36.596112840064016,7.440564402186982,0.22000490199601272,-0.5749678144605426,31.131646931324987,8.045793937354492,3.7838971666476784,25.326520080606457,25.607625761892226,38.13787851510847
2302,19.0902016,249.1304368273278,165.79721992554457,54.80991733842009,36.4762011209308,8.592640163152241,0.22000490199601272,-0.5572861952773707,31.2515586504582,7.711715473872266,2.8322892415454946,17.376609846262163,17.605920370630713,29.934928934342615
2303,19.09372889999986,249.1990749661093,165.33144990936466,54.825018065415904,36.37372943416846,8.611046648353105,0.22000490199601272,-0.5421854682815592,31.354030337220543,8.008972809740275,3.1631285916354135,18.632005758723437,18.8985983893072,7.107339225904429
2304,19.106657299999824,249.2519743994863,164.991149525681,54.83665620007166,36.29886168160693,7.090078516071989,0.22000490199601272,-0.5305473336258046,31.428898089782074,7.8677119966404385,2.179834156750325,12.677951213550493,12.863985538086624,-15.244129300166032
2305,19.110664299999826,249.31027753541844,164.71074667097105,54.84948317577847,36.23717167903706,8.310534318937055,0.22000490199601272,-0.5177203579189964,31.490588092351942,7.492128291051721,2.3005226260971874,12.03215608634148,12.250109568459763,-13.243825045028846
2306,19.12162629999966,249.36387767242883,164.5423412087584,54.86127546866841,36.200121651827374,6.734260336687802,0.22000490199601272,-0.5059280650290532,31.52763811956163,7.178510497077533,1.4870135005523428,6.476845567334224,6.645354592038104,-34.19251934423744
2307,19.12526779999962,249.39771685463063,164.4340357721603,54.86872025463234,36.17629392486298,6.7147216352086545,0.22000490199601272,-0.4984832790651197,31.55146584652602,7.11578701457664,1.6287033279323746,5.352783308165747,5.595083884500377,-28.520641754751637
2308,19.137531800000033,249.40962132181195,164.3629912123272,54.87133929576788,36.160663773439545,7.042957678482161,0.22000490199601272,-0.495864237929581,31.56709599794946,6.864741265220017,0.9874179039479539,2.211259157538511,2.4217062536226184,-9.515827812302302
2309,19.14185479999969,249.44123055628307,164.35963818394117,54.878293482299874,36.159926090758084,6.776461103567526,0.22000490199601272,-0.48891005139758903,31.56783368063092,6.940104091056699,0.8729840144146725,1.0792047375291345,1.3880864364040466,-6.683477685080495
2310,19.15351929999997,249.44095033926607,164.3761835022841,54.878231833182504,36.16356614189862,7.0553055721539355,0.22000490199601272,-0.4889717005149592,31.564193629490383,6.955176656224036,0.5254317857769015,-0.598167037168581,0.7961672976578116,1.268311802657907
2311,19.15790849999985,249.45099686216025,164.42167877962376,54.88044211746724,36.17357532593101,7.1110744658712175,0.22000490199601272,-0.4867614162302232,31.55418444545799,6.891762412543636,0.42422372661009045,-1.9358392860206832,1.9817768571461374,0.6754665276220457
2312,19.169537799999944,249.4672070707647,164.51912361336298,54.8840084428226,36.19501366702782,6.790084461045337,0.22000490199601272,-0.48319509087486523,31.53274610436118,7.153820774745056,-0.01341698763706968,-2.320420342160699,2.320459131264851,-4.367048952280667
2313,19.174193800000012,249.4610171607576,164.63369859743256,54.882646632278124,36.22022072516925,6.7258864600801616,0.22000490199601272,-0.4845569014193387,31.507539046219755,7.044710382976356,-0.306539403558191,-3.8931800406318837,3.9052294727337453,-2.108983162291631
2314,19.185537699999713,249.43113411196674,164.7240488864187,54.87607221505755,36.24009823164295,8.086752914574626,0.22000490199601272,-0.49113131863991555,31.48766153974605,6.956459547908748,-0.4876564095122851,-4.101601222157759,4.130489239708105,-6.880204955609046
2315,19.189414399999805,249.40521547379245,164.86811549308905,54.870369987606146,36.27179359132436,6.5097536133104335,0.22000490199601272,-0.4968335460913167,31.455966180064642,7.005238137609095,-1.3422885856393258,-10.047848126082762,10.13710957876862,-43.57116078383084
2316,19.2019664999998,249.38227921024497,165.0576775243953,54.865323897192226,36.31349816744406,6.669820290533181,0.22000490199601272,-0.5018796365052367,31.414261603944944,6.524443756483209,-1.5239889907947686,-12.239239911884217,12.333755959346822,-40.91510828503331
2317,19.20544689999997,249.3195306790261,165.55717832274922,54.851518912731024,36.42339079163285,7.033977409547067,0.22000490199601272,-0.5156846209664394,31.304368979756156,5.964376188851781,-1.6651766047714056,-14.815560889291927,14.908844944843803,-41.09773782866542
2319,19.222858499999802,249.2244823098952,166.852797735748,54.8306078055955,36.70843341361377,4.32191455445073,0.22000490199601272,-0.5365957281019647,31.019326357775235,5.787577061311823,-2.412576399952438,-23.972085567651696,24.093181843592646,-53.186718875794924
2320,19.233729999999923,249.16095990242496,167.5759275528335,54.81663256456546,36.86752551815206,5.28641507641749,0.22000490199601272,-0.5505709691320035,30.860234253236946,5.693074016809691,-2.6258380899986156,-26.12033586646365,26.251989856994744,-38.1354885569655
2321,19.236748499999976,249.0895067907918,168.31624598732947,54.80091252974329,37.030399202779186,5.625757975610647,0.22000490199601272,-0.56629100395417,30.697360568609817,5.548601355907312,-2.117193329533402,-22.208318169814817,22.309009469861,-2.4102665655682345
2322,19.24924179999971,249.0061260873464,169.11487768945932,54.78256836625343,37.20610209213717,6.19730506802252,0.22000490199601272,-0.5846351674440342,30.52165767925183,6.010256922792791,-2.9246599972402736,-27.57585949223479,27.730518618210752,13.439310317444848
2323,19.265140599999995,248.90327254966863,169.9831223459488,54.75994008377669,37.3971201726967,6.311614105035169,0.22000490199601272,-0.6072634499207723,30.3306395986923,6.291755516638638,-3.0028773859462747,-27.22524398729245,27.390348350516305,18.24745988746527
2324,19.269230799999605,248.80588481832535,170.7864300005497,54.738514305486895,37.573851794519825,6.630192388878128,0.22000490199601272,-0.6286892282105683,30.153907976869178,6.574362913630463,-2.8944957835075953,-23.93054874366328,24.104963576275892,33.653110470000584
2325,19.281095099999675,248.71547114354618,171.48105803114328,54.71862285382801,37.726673366314245,6.69390804564672,0.22000490199601272,-0.648580679869454,30.00108640507476,6.756456368736836,-2.823400819027162,-22.62702704384958,22.802498657559077,26.555471461638316
2326,19.28437159999976,248.6459812807596,172.03931663180924,54.703334743375926,37.84949299504219,7.038794960569774,0.22000490199601272,-0.663868790321537,29.878266776346813,6.852018278752251,-3.1031980731913418,-24.095898749926945,24.294900181893922,23.20837185319615
2327,19.297425999999632,248.57994853674262,172.4870821181574,54.688807215999944,37.94800359698341,7.107772343554385,0.22000490199601272,-0.6783963176975192,29.77975617440559,6.871130660755334,-2.1677204793540237,-16.46263391642133,16.604738105213123,9.402751155504463
2328,19.30136599999969,248.5294056217345,172.8337761447737,54.67768752693699,38.02427798233174,6.789423655112245,0.22000490199601272,-0.6895160067604706,29.703481789057264,6.874953060862005,-2.2178011111123417,-16.477139573840777,16.625726158706,2.1962025417795585
2329,19.313005299999986,248.4997296402969,173.10053387994344,54.67115866554917,38.08296599171444,6.725754298893543,0.22000490199601272,-0.6960448681482916,29.644793779674565,6.875717540883339,-1.26422880759068,-9.342038386145159,9.427192354362555,-4.687056904372045
2330,19.316209399999934,248.47166550333594,173.28918300001516,54.66498441784748,38.12446972288745,6.713020046180077,0.22000490199601272,-0.7022191158499851,29.603290048501556,6.809441603879794,-1.0005433334367817,-8.797528367882084,8.854241489013884,-1.7963239750907611
2331,19.329998400000022,248.47805050058986,173.40259512744518,54.66638914854257,38.14942094686785,7.042617360676445,0.22000490199601272,-0.7008143851548922,29.578338824521154,6.737043197484944,-0.4881107181706063,-5.009225668936357,5.032950811951565,-1.9643718708488034
2332,19.33326199999965,248.48110014956154,173.47414960583592,54.66706008626571,38.16516328287358,6.776392658536657,0.22000490199601272,-0.7001434474317563,29.562596488515425,6.788992272919841,-0.5230645916672813,-3.688270642531463,3.725176089746028,-8.756472478406307
2333,19.345336899999893,248.46682502518337,173.49706218173242,54.663919488925906,38.170204161888165,6.427431623137996,0.22000490199601272,-0.7032840447715571,29.557555609500838,6.790560957381432,-0.10786006329692925,-0.778467538878111,0.7859042577447719,-5.7055891518773825
2334,19.349032399999942,248.45446718158883,173.47081553322607,54.66120070275701,38.164429770555806,6.985499676068029,0.22000490199601272,-0.7060028309404558,29.563330000833197,6.665302642271798,-0.13258599741653515,-0.1289028189178526,0.18491885635571664,-4.921730596882872
2336,19.364536999999928,248.46497055169354,173.35836064032125,54.66351149566752,38.139689142863304,6.720863468488034,0.22000490199601272,-0.7036920380299421,29.5880706285257,6.581107836549674,0.013882747001011553,1.8150895469578394,1.8151426374089472,-15.276168825613022
2337,19.377186899999742,248.4637195971519,173.2756596486057,54.66323627953619,38.12149451928595,6.4163257851282705,0.22000490199601272,-0.7039672541612703,29.60626525210305,6.564268875405251,0.0997656050510706,2.191004083436384,2.193274280518995,-15.573528400275071
2338,19.380783099999917,248.47905093200282,173.19562389652643,54.66660924835753,38.10388626149358,6.355418629926045,0.22000490199601272,-0.7005942853399318,29.623873509895425,6.435329031174413,0.36147994873148714,3.0160398241388453,3.0376247256905184,-9.003173844262717
2339,19.393287299999884,248.48867447616476,173.11252368043043,54.66872647524774,38.08560380659553,6.343236817415873,0.22000490199601272,-0.6984770584497255,29.642155964793474,6.418362269247578,0.3807701798107808,3.0006942850479392,3.024756539318908,-6.703042623942166
2340,19.396540599999753,248.4971457308576,173.02841702240252,54.670590192806216,38.067099929538884,6.340800454913839,0.22000490199601272,-0.6966133408912469,29.66065984185012,6.414968916862212,0.5202957894372231,3.9445501871436597,3.9787163617681,-5.420474283808808
2341,19.4099970999996,248.51216103598588,172.9355100173194,54.67389363353941,38.04665993299083,6.636029658853862,0.22000490199601272,-0.6933099001580558,29.681099838398175,6.496654510694451,0.4157523638360627,3.4125917309762284,3.4378237811677614,1.7919735601101288
2342,19.41321199999993,248.52203745137928,172.84552987859743,54.6760664933401,38.026863861389714,6.399359023201437,0.22000490199601272,-0.6911370403573613,29.70089590999929,6.512991629460898,0.42705537482600986,3.3126369361683103,3.3400508624921197,1.1894422394728363
2344,19.42893819999972,248.5517170395027,172.68565811741234,54.682596148216476,37.99169129023826,6.763846599087238,0.22000490199601272,-0.6846073854809873,29.736068481150745,6.5162590532141875,0.37107389247578015,2.8907261701050158,2.914445680435156,4.421684848047578
2345,19.442323999999644,248.56545764122333,172.62710682061285,54.68561914795139,37.97880971792415,6.424922411248112,0.22000490199601272,-0.6815843857460706,29.748950053464853,6.4577692426767594,0.33069939524324093,2.7700058364641036,2.78967640131601,2.0768112074993934
2346,19.44546229999969,248.5696366576203,172.57606534040713,54.68653855204424,37.96758034207376,6.357137573680286,0.22000490199601272,-0.6806649816532229,29.760179429315244,6.5052145758573605,-0.017965613749097886,2.1214011995147715,2.121477271285293,0.24588342678016484
2347,19.45835139999963,248.57219203183672,172.52243811854905,54.68710074689829,37.95578209038455,6.3435806061667215,0.22000490199601272,-0.6801027867991749,29.77197768100445,6.432339301890223,-0.13424739853988582,1.8615801058947654,1.8664144380811816,1.1273000142938248
2348,19.46192989999963,248.55482931899434,172.47503091635602,54.68328086496102,37.94535227351217,6.636585689104439,0.22000490199601272,-0.683922668736443,29.782407497876832,6.4177642470967955,-0.19987558986380807,1.7715057558307339,1.7827458860883187,2.1409310314399526
2349,19.47411409999995,248.54562490177005,172.4231133504269,54.68125584805166,37.93393015450806,6.399470229251552,0.22000490199601272,-0.6859476856458002,29.79382961688094,6.473992531426196,-0.1542842250346825,1.3632967000982894,1.3719990942392921,-0.7524427637838647
2350,19.49021109999967,248.53813962388,172.3856550465911,54.67960905022304,37.92568914404373,6.352047137280975,0.22000490199601272,-0.6875944834744203,29.802070627345273,6.485238111998131,-0.17580835432988903,1.2630692584762695,1.2752460661221334,1.4205964627510372
2351,19.493664399999943,248.54631621700514,172.36152759221417,54.681407940792205,37.92038098580812,6.638278995327289,0.22000490199601272,-0.6857955929052579,29.80737878558088,6.487487228112517,0.0804052876837988,0.8278074796674828,0.8317032124988724,8.440943818342298
2352,19.505480799999987,248.54287864531574,172.33927945054378,54.68065165816957,37.915486285580336,6.399808509026396,0.22000490199601272,-0.6865518755278899,29.812273485808667,6.549064528708681,0.12565635264790886,0.6821078355437156,0.6935853359687675,7.838661405032364
2353,19.509545999999773,248.5468257709481,172.3256378863176,54.681520045157484,37.91248507457968,6.647831269676374,0.22000490199601272,-0.6856834885399792,29.815274696809325,6.675202749055657,0.28537817746548033,0.6016127569830635,0.6658668136634246,7.7586330809852155
2355,19.525279399999818,248.55112054226385,172.31069469882746,54.6824649158999,37.9091975000804,6.707356732232368,0.22000490199601272,-0.6847386177975636,29.8185622713086,6.700430316831108,0.24905079222755294,0.2856321222422884,0.37896174789258785,6.5699942317919
2357,19.54218439999977,248.60462401948718,172.30228203562007,54.694235943162866,37.90734667293594,6.982738239015857,0.22000490199601272,-0.6729675905345971,29.820413098453066,6.705475982974088,0.3628933346102229,0.19563954012581408,0.41226981694658077,1.8830319246047558
2358,19.55316989999983,248.62156539818233,172.3044180125671,54.69796312952237,37.90781659833483,6.764416834204539,0.22000490199601272,-0.6692404041750919,29.81994317305417,6.647341820914598,0.27450974866871103,0.05133704844979603,0.27926885730008566,-4.369434960072589
2359,19.557162199999766,248.6307331464206,172.30506644772186,54.699980079075054,37.907959257247505,6.425036839741299,0.22000490199601272,-0.667223454622409,29.819800514141498,6.574587587423359,0.29924911483884586,0.1659927982801856,0.3422040937988895,-7.215596412363558
2360,19.56915779999963,248.6182850932458,172.30415281188164,54.69724144635629,37.907758252884015,6.357160459378924,0.22000490199601272,-0.669962087341176,29.820001518504988,6.571786032499321,0.1502323542623711,0.1580979877882919,0.21809340661725993,-5.289563023076199
2361,19.573885899999823,248.62223408459073,172.2873419139079,54.69811024381011,37.90405977292284,6.343585564776176,0.22000490199601272,-0.6690932898873498,29.82369999846616,6.512082578814318,-0.07693901557746514,0.1412334858701374,0.16083068627926614,2.8167131314987346
2362,19.58533069999976,248.61969655215353,172.28369994991252,54.697551974234955,37.90325852299097,6.968730464395665,0.22000490199601272,-0.6696515594625083,29.824501248398036,6.625713863785325,-0.16072764217483096,0.13565137738780036,0.21032040116519352,7.743533593696819
2363,19.589538999999604,248.60445950791143,172.28613113371836,54.69419974980977,37.9037933953459,6.465899565779524,0.22000490199601272,-0.6730037838876939,29.823966376043103,6.774012172781481,-0.13363868632314535,0.10612464033255174,0.17065092372410265,2.7669111459239595
2364,19.60145089999969,248.6091303188724,172.28957706443543,54.695227351117474,37.904551516995596,6.993193264596335,0.22000490199601272,-0.6719761825799893,29.823208254393407,6.850372972150185,-0.19826772270240053,-0.10359788101110329,0.22370205813891544,5.760129088187151
2365,19.6058423999998,248.60727678137826,172.29218949315964,54.69481956378273,37.90512626412104,7.098652004359697,0.22000490199601272,-0.6723839699147334,29.822633507267966,6.740073156315919,-0.24472215592120405,-0.13754001669510718,0.2807244018449634,3.9064336484347
2367,19.621698599999945,248.59723042597238,172.31138794958468,54.69260931634624,37.909350018645306,6.725389561619701,0.22000490199601272,-0.6745942173512205,29.818409752743698,6.777156412143206,-0.09175788083837819,-0.21304150687347562,0.23196161826231332,-6.588489114833646
2368,19.632933200000025,248.5828784683095,172.31647918954462,54.68945181530717,37.91047011639373,6.417231385224332,0.22000490199601272,-0.6777517183902901,29.81728965499527,6.784573063308664,-0.11094378819540028,-0.20569046513236247,0.23370299866607075,-8.616215227424767
2369,19.636701399999765,248.58233460731174,172.3251219946518,54.68933216322166,37.9123715758843,6.651315844915961,0.22000490199601272,-0.6778713704758061,29.815388195504703,6.719627636827887,-0.12290454509779161,-0.2751192725793856,0.30132398070897937,-4.255090334377301
2370,19.649698499999886,248.58176376657403,172.32671049133873,54.68920657546111,37.91272105294223,7.030276520423622,0.22000490199601272,-0.6779969582363563,29.815038718446772,6.671172275823344,-0.1015796878542408,-0.22800053738306036,0.2496050440827054,-5.505264093908426
2371,19.652625400000034,248.5797327812431,172.33306998733664,54.68875974873242,37.914120173236,6.773924871955819,0.22000490199601272,-0.6784437849650402,29.813639598153003,6.661481203622435,-0.08251695163825118,-0.21141050317554153,0.22694371143656997,-7.726755785613896
2373,19.66823869999962,248.57740723376423,172.3352547404195,54.688248116887245,37.91460082962388,6.483112756596983,0.22000490199601272,-0.6789554168102185,29.813158941765124,6.6003996938941665,-0.11071898260694107,-0.13124826525728955,0.17171138646742085,-9.211945680543835
2374,19.681427600000006,248.56627258480825,172.33625890605214,54.68579843953492,37.914821750985475,6.3687760242197875,0.22000490199601272,-0.6814050941625425,29.81293802040353,6.462611339946561,-0.11038555758621861,-0.1314531552227733,0.1716534396440774,-7.9724170190395816
2375,19.68494329999976,248.56351181075286,172.3379175707513,54.68519105570943,37.915186665350056,6.345908296274621,0.22000490199601272,-0.6820124779880317,29.812573106038947,6.375910373868953,-0.08772142840817573,-0.14779203236938485,0.1718648708545292,-7.015495308284667
2376,19.697321699999975,248.56306194316673,172.3394880901976,54.68509208263524,37.915532187326924,6.341334750685588,0.22000490199601272,-0.6821114510622266,29.81222758406208,6.406478537786486,-0.05766028378005905,-0.14650155832662914,0.1574401947335167,-5.196616565336729
2377,19.701470499999687,248.56232005122138,172.3500430735748,54.684928862770505,37.9178543354104,6.340420041567782,0.22000490199601272,-0.682274670926958,29.809905435978607,6.412592094276048,0.0011514230151572803,-0.1656362302217328,0.1656402322415261,-2.3861901291644854
2378,19.713119099999858,248.56854326964128,172.35133141658707,54.68629800132908,37.91813777718855,6.635953576184651,0.22000490199601272,-0.680905532368385,29.809621994200455,6.4729580245681,0.12452382973102115,-0.1849801170041872,0.2229884029669775,3.0462468638745523
2379,19.732874899999842,248.57827015578923,172.36142675673466,54.688437963962784,37.920358801508335,6.399343806667594,0.22000490199601272,-0.6787655697346793,29.807400969880668,6.544174429620653,0.1569712686146215,-0.1941784791984032,0.24969033011770472,2.620502733863004
2380,19.73856969999997,248.58976559802935,172.36661706516023,54.69096701760622,37.92150069480483,6.647737947734887,0.22000490199601272,-0.6762365160912438,29.806259076584176,6.558417710631162,0.15193534056133778,-0.059917204400826665,0.163323051326811,2.351866422040959
2381,19.74692929999992,248.59562636654834,172.3694252623838,54.692256415409865,37.92211851195979,6.697416775948345,0.22000490199601272,-0.6749471182875979,29.805641259429215,6.5612662905393195,0.16089024069526914,-0.039732217978678146,0.1657236214197808,0.19454190673994742
2382,19.7512985999997,248.59434497664685,172.3672090682815,54.69197450335017,37.921630938393506,6.411636446620333,0.22000490199601272,-0.6752290303472961,29.806128832995498,6.5618360065209504,-0.040350730495713305,-0.08767564073409082,0.09651528080916022,-1.3281799834896895
2383,19.761831299999812,248.60211560207188,172.36354222678716,54.69368407903525,37.92082421528991,6.650196475725434,0.22000490199601272,-0.6735194546622125,29.80693555609909,6.502806807017081,-0.1865420469841559,-0.10075855119133242,0.21201467149991152,-2.0176082184087845
2384,19.764776299999994,248.59009646643594,172.36825600957764,54.69103981027759,37.921861270610755,6.402192386575751,0.22000490199601272,-0.6761637234198759,29.805898500778248,6.491000967116308,-0.14463544460023725,-0.12526734306602472,0.19134084528278175,-2.227424679590958
2385,19.777358699999695,248.57369065103282,172.38346491181824,54.68743045046766,37.92520730365767,6.352591950215541,0.22000490199601272,-0.6797730832298043,29.80255246773133,6.479097535605946,-0.08367587133078883,-0.12377612635555094,0.14940609391370901,-2.2592346433222588
2386,19.780719699999736,248.5792480106586,172.3864660509526,54.68865309682749,37.9258675689788,6.638387576444476,0.22000490199601272,-0.6785504368699762,29.8018922024102,6.476716849303873,-0.08292584482103271,-0.11628260442942699,0.14282275670274885,-0.20022003778641528
2388,19.797333499999695,248.5973926521554,172.3774761572983,54.69264500690174,37.92388974830643,6.352119289068521,0.22000490199601272,-0.674558526795721,29.803870023082574,6.476240712043459,0.06381607001479603,-0.08001017307097869,0.10234314137733565,1.1647980637765363
2389,19.809921799999756,248.6068943971697,172.37094984987147,54.694735437382406,37.922453928680596,6.6382930442150725,0.22000490199601272,-0.6724680963150576,29.805305842708407,6.535288627291571,0.14125119382107398,-0.02825694023080405,0.14404983313800068,2.7442198975395877
2390,19.81411509999998,248.603765225269,172.37420490021202,54.69404700422506,37.92317005571176,6.399811700273679,0.22000490199601272,-0.6731565294724007,29.804589715677245,6.547098286635139,-0.022396085791794,-0.32903771216141803,0.32979903074935435,-0.018310944095584425
2391,19.825751500000024,248.60907118912974,172.37458378730886,54.69521434228424,37.92325341273037,6.647831526456104,0.22000490199601272,-0.6719891914132248,29.804506358658635,6.627983728428803,-0.041825823272759105,-0.3984366204015026,0.40062593521814727,-0.11431383007818074
2392,19.828710399999636,248.60295902042697,172.39745225175886,54.693869635207804,37.92828458701049,6.6974358731623145,0.22000490199601272,-0.6733338984896591,29.799475184378515,6.585017597793395,-0.05907548222586463,-0.430888785328056,0.43491959937637437,-2.033754906438645
2394,19.845603799999935,248.61394932018538,172.41495554997564,54.69628755502906,37.932135398419284,6.756546498036844,0.22000490199601272,-0.670915978668404,29.79562437296972,6.576424371666313,-0.10737428126225433,-0.3912464100651847,0.4057129399778621,-6.839467704983166
2395,19.858008100000006,248.61844933566158,172.41767321366578,54.69727758049288,37.93273329775309,6.423462391038033,0.22000490199601272,-0.6699259532045829,29.795026473635914,6.515562583740701,-0.12720800865198117,-0.4217096261328729,0.4404780201534805,-8.430941060080007
2396,19.86137009999993,248.61225012078063,172.41725399677583,54.69591372283055,37.932641067982296,6.356845569638271,0.22000490199601272,-0.6712898108669165,29.795118703406708,6.444247007161438,0.004752863745650288,0.023959419784706545,0.024426287278350438,-6.874821109024745
2397,19.873587000000043,248.61231393400374,172.42610991643028,54.69592776205244,37.93458941371796,6.343522586828045,0.22000490199601272,-0.6712757716450213,29.793170357671045,6.431953191471315,-0.02802359392485758,0.12917773433962595,0.13218248320251927,-6.118642211778823
2398,19.877208899999914,248.6156944502978,172.41741767686148,54.69667149220841,37.9326770784035,6.3408579902660005,0.22000490199601272,-0.6705320414890537,29.795082692985503,6.407540204690712,-0.03151630216229539,0.1639523399467314,0.16695402683371754,-5.004450825936232
2400,19.893791099999817,248.61413016461822,172.39494598853187,54.69632734169078,37.92773319681486,6.695077419586227,0.22000490199601272,-0.6708761920066806,29.80002657457414,6.461800826328732,0.05996176131825136,0.1421765347251548,0.1543035315436432,-0.7243804169578789
2402,19.91012359999968,248.61875880667537,172.38561647444192,54.69734566563294,37.92568065798183,6.301397457135012,0.22000490199601272,-0.6698578680645255,29.802079113407174,6.472652950656336,-0.13005545729940407,0.07004646361583872,0.14771908826702843,-1.069961377980261
2403,19.92166159999988,248.62147131787978,172.38988785274134,54.69794243139463,37.926620382145984,6.628148677828371,0.22000490199601272,-0.6692611023028334,29.80113938924302,6.474823299227911,-0.17631134862615597,-0.04684072397488198,0.182427369319587,0.6190227179673782
2404,19.925821199999973,248.60352990832737,172.3997218716326,54.69399523334438,37.92878391450838,6.397783208466065,0.22000490199601272,-0.6732083003530818,29.798975856880624,6.46345011820984,-0.19246304088277988,-0.14295906295065705,0.23974844271772972,0.011967825271349215
2405,19.937366599999677,248.6021687929998,172.4026839163945,54.693695781300136,37.92943557887593,6.351709733123878,0.22000490199601272,-0.6735077523973274,29.79832419251307,6.483129705648805,-0.2750098958980596,-0.17819953721066153,0.3276972961499004,2.495894159292977
2406,19.95397759999969,248.59450429541792,172.4164592481416,54.692009554260785,37.93246621938691,6.63821151449587,0.22000490199601272,-0.6751939794366777,29.795293552002093,6.487065623136598,-0.21125632151934481,-0.18126395326535613,0.27836281025896764,3.561414112262187
2407,19.95855799999981,248.5872094478779,172.4175112658928,54.690404652042666,37.932697668449165,6.399795394329838,0.22000490199601272,-0.676798881654797,29.795062102939838,6.546995949334352,0.06025018573145807,-0.01636149001304185,0.06243222914586714,2.1059337205486193
2408,19.969381200000043,248.60543578482105,172.4222717984068,54.69441453551559,37.93374500893835,6.647828265267336,0.22000490199601272,-0.672788998181872,29.79401476245065,6.606693518656661,0.15186805573239381,0.06230352447134897,0.1641512580320037,2.4166575443161427
2409,19.97409609999977,248.6141923507463,172.4157486136642,54.69634102294379,37.93230987631836,6.697434839454835,0.22000490199601272,-0.6708625107536719,29.795449895070647,6.559489813526982,0.18014009348021987,0.10569754226788684,0.2088598183484178,2.5318635262679257
2411,19.989350899999863,248.64415713300562,172.39238977541456,54.70293342192809,37.927170817398505,6.65019757973542,0.22000490199601272,-0.6642701117693761,29.8005889539905,6.609192367789133,0.3651435596134327,0.15876038619476474,0.3981641361949609,0.01572672383782195
2412,20.001578299999892,248.64637177226507,172.3904711010802,54.70342065342132,37.92674869963962,6.402192988847475,0.22000490199601272,-0.6637828802761447,29.801011071749386,6.619132954935507,0.25092610842466523,0.12922858729125591,0.2822480109096264,-0.891400609770509
2413,20.005527699999675,248.65668724238267,172.38661542541655,54.70569010741359,37.9259004320931,6.648308165640589,0.22000490199601272,-0.6615134262838751,29.801859339295902,6.621121072364782,0.13648742000754274,0.16855218448141168,0.2168839660135604,1.2605929350482206
2414,20.017597699999897,248.64568197294918,172.40002528579748,54.70326889419043,37.92885066711199,6.697531200999212,0.22000490199601272,-0.6639346395070334,29.798909104277016,6.6329504870559655,0.015160769289223316,0.12497468006861119,0.12589090349859589,0.6159575846482509
2415,20.020758999999998,248.6433311988037,172.392826298256,54.70275171235494,37.927266854563456,6.70737542660121,0.22000490199601272,-0.6644518213425243,29.800492916825547,6.6353162937002566,-0.12394129807954636,0.03887987754907547,0.12989645972032518,0.45737487241981334
2416,20.034284999999727,248.6326040399353,172.38551049912456,54.7003916848194,37.92565734289252,6.709344653191336,0.22000490199601272,-0.6668118488780621,29.802102428496482,6.635789455029115,-0.24072645294181572,-0.13487537054371884,0.27593584530693666,-0.7319735910343194
2417,20.038997999999992,248.61855826706392,172.3939926760507,54.697301545935375,37.927523463395865,6.414022022068932,0.22000490199601272,-0.6699019877620884,29.80023630799314,6.635884011000941,-0.18320292005030633,-0.14613455145727844,0.2343472147147879,-5.422102836371705
2418,20.049790199999734,248.61810239635582,172.4260738526064,54.697201252144914,37.934581479499926,6.65067397228488,0.22000490199601272,-0.6700022815525486,29.793178291889078,6.577138343269754,-0.14491749164418838,-0.22644535053435424,0.2688467521899232,-5.025091245524563
2419,20.05294509999976,248.61935027560264,172.43038626100315,54.69747579169632,37.93553023048661,6.698003980858344,0.22000490199601272,-0.6697277420011432,29.79222954090239,6.50624591443543,-0.07791510564936888,-0.24956799931796048,0.26144779588269973,-5.041275192169468
2421,20.069395099999838,248.62143110243025,172.42295054817305,54.697933583798594,37.933894337214156,6.413647087945272,0.22000490199601272,-0.6692699498988688,29.793865434174847,6.551210723956651,0.47276330511229886,-0.17264114943762918,0.5032992242591383,-8.625820818406547
2422,20.081673899999714,248.63039058200405,172.4227618680003,54.699904713224164,37.93385282665125,6.354882509019719,0.22000490199601272,-0.6672988204732988,29.793906944737756,6.550646658994576,0.4813950259132501,-0.06730320787210325,0.4860770440618383,-6.966196839671543
2423,20.084983799999918,248.6619502150811,172.42293213570125,54.70684798720631,37.933890286380105,6.638846069675038,0.22000490199601272,-0.6603555464911537,29.793869485008898,6.491390627008019,0.45435641374028846,-0.023244418480118094,0.4549506057776108,-1.6782949549295025
2425,20.101417099999708,248.66447979859882,172.43244102520495,54.707404507980215,37.935982288683455,6.647853647474502,0.22000490199601272,-0.6597990257172484,29.791777482705548,6.538303999536261,0.42510763950482966,0.011611296962618319,0.4252661841512,-3.50622322570104
2426,20.11868269999968,248.66069926483524,172.43875295649656,54.70657277202007,37.93737094450867,6.4017238209255645,0.22000490199601272,-0.6606307616773961,29.79038882688033,6.606829969329996,0.29748199439584017,-0.0015769845680119587,0.29748617425025725,-3.4835683331975913
2427,20.12577549999969,248.65688166435334,172.42992825987608,54.705732881200184,37.93542946799354,6.648213950586481,0.22000490199601272,-0.6614706524972789,29.79233030339546,6.561391944294602,-0.3188363152921899,0.12302199717171429,0.34174699375008116,2.2946378364896045
2428,20.13274679999995,248.64174803449654,172.43191062331863,54.7024034084467,37.93586559766844,6.697512357988391,0.22000490199601272,-0.664800125250764,29.791894173720564,6.561861366153844,-0.3261728850245903,0.18446969295852295,0.3747236562394698,0.4999569350179174
2429,20.13813769999979,248.6176399200011,172.41692235797808,54.69709950507982,37.932568105821105,6.411655944498069,0.22000490199601272,-0.6701040286176436,29.7951916655679,6.621098545813777,-0.2499038046095478,0.337236043438623,0.41973808565874016,-3.4523214644749496
2430,20.145867499999895,248.61754093092802,172.41060037098867,54.6970777269985,37.93117723769308,6.650200756770708,0.22000490199601272,-0.6701258066989624,29.796582533695926,6.573802762751624,-0.22518698306764162,0.29704977146666095,0.3727569503999916,-0.15678152600730577
2431,20.15021149999984,248.62411942462654,172.39710657468078,54.69852502785992,37.9282085363588,6.697909719225236,0.22000490199601272,-0.6686785058375406,29.7995512350302,6.505200310851106,-0.10920456764828543,0.30930226339025063,0.3280145236625673,0.08346484029903278
2432,20.161271799999668,248.62437931294374,172.39344702330885,54.69858220456368,37.92740341711787,6.411735035275711,0.22000490199601272,-0.668621329133785,29.80035635427113,6.6165939166846925,0.11398417242533121,0.12559243951368174,0.1696049893914841,-2.0766740287186916
2433,20.178833899999972,248.63254670201525,172.39355065963582,54.70037907019592,37.927426217617835,6.354500098485806,0.22000490199601272,-0.6668244635015412,29.800333553771168,6.638872637851409,0.05062741526761279,0.3214593911683609,0.3254216885012623,-0.8195356471492238
2435,20.193750499999624,248.64150198046042,172.41435693362226,54.702349275352596,37.93200369988712,6.968623973665995,0.22000490199601272,-0.6648542583448673,29.795756071501884,6.641672053643523,-0.03011176418028002,0.16039849062427294,0.1632004722315281,3.112811257642528
2436,20.197102299999642,248.63663281933384,172.39669531250712,54.70127803603614,37.928118056664594,6.761594362604293,0.22000490199601272,-0.6659254976613198,29.79964171472441,6.642232013095892,-0.03907700728777452,0.13823128160260995,0.14364852840203005,0.28917380053369646
2438,20.21241659999987,248.63172375530993,172.40518076324508,54.70019801788667,37.92998489742259,6.711906798185813,0.22000490199601272,-0.6670055158107928,29.79777487396641,6.701487223980507,-0.07644616825686402,0.09076416265864046,0.11866823443652015,-4.026499910172828
2439,20.225790399999823,248.62931307994077,172.40749331092846,54.699667657488334,37.93049366924903,6.414534832537553,0.22000490199601272,-0.6675358762091292,29.79726610213997,6.647367388937882,-0.13412660143003244,0.19441646300683044,0.2361942130943454,-5.889242318409092
2440,20.229235399999652,248.62798943331526,172.41123001718523,54.699376448742214,37.931315762942845,6.650776152908879,0.22000490199601272,-0.667827084955249,29.79644400844616,6.577400126641271,-0.23580829917970503,0.0159446133584912,0.23634674666086913,-7.411506584003448
2441,20.241829199999756,248.61904112053585,172.3991293731928,54.69740777606615,37.9286535619472,6.69802479845287,0.22000490199601272,-0.6697957576313129,29.799106209441803,6.462468593131828,-0.1905623720574707,0.009454795662372128,0.19079677881239793,-8.242199829570598
2442,20.244916999999987,248.60741988706755,172.3953832344115,54.69485104773588,37.92782939305176,6.411758051121238,0.22000490199601272,-0.6723524859615821,29.799930378337244,6.439482210135994,-0.2514421746060592,0.02202433688189958,0.25240490998732845,-7.4471675727287385
2444,20.26109359999964,248.61886870357404,172.4067324024681,54.69736984348936,37.93032626565778,6.1372491306386,0.22000490199601272,-0.669833690208101,29.79743350573122,6.434884933536828,-0.2993532228143348,0.0930751683038446,0.3134889774204474,-3.3941898425424673
2445,20.273945099999764,248.59877082579584,172.40528341189633,54.692948211858436,37.93000748062905,6.299602917558384,0.22000490199601272,-0.674255321839027,29.797752290759952,6.433965478216994,-0.23545207732852447,0.09051781205865952,0.25225216553719465,0.1570111667572096
2446,20.27803959999983,248.59273927627316,172.40311299774947,54.69162124139682,37.92952997887738,6.627789769913045,0.22000490199601272,-0.6755822923006463,29.79822979251162,6.433781587153028,-0.1179242883269341,0.1772818703946895,0.2129201713038325,9.53779340240798
2447,20.289923499999986,248.6015539596933,172.39238515251355,54.69356051495879,37.92716980033762,6.693427521853703,0.22000490199601272,-0.673643018738673,29.80058997105138,6.536339218431582,-0.10666335215387551,0.19197914078063183,0.21962026588539435,10.222928287658563
2448,20.293625599999814,248.59750915642724,172.38059369413423,54.69267063841265,37.92457562169249,6.410838595801405,0.22000490199601272,-0.6745328952848126,29.803184149696513,6.682422796689247,0.2750840393669661,0.14483597768613687,0.31088372287198585,10.647257582179241
2449,20.306435099999817,248.60985321073767,172.3853019269515,54.69538639087145,37.92561145599203,6.650037287031375,0.22000490199601272,-0.6718171428260149,29.80214831539697,6.722663602927412,0.414841046469025,0.07032500714251914,0.4207596706733086,10.677203258837476
2450,20.31036079999967,248.6377729035145,172.38906534990195,54.70152886014458,37.92643942748941,7.030020808846705,0.22000490199601272,-0.6656746735528856,29.80132034389959,6.7307116878811,0.38319948407931537,-0.018365068137577163,0.3836393101942908,8.01610551061062
2452,20.325717299999724,248.6639271593139,172.40692976643675,54.707282924628494,37.93036968669836,6.828993801103869,0.22000490199601272,-0.6599206090689691,29.79739008469064,6.732321304871838,0.35529361923843455,-0.30906990821251085,0.47091163081201937,-8.660570908219057
2453,20.338297999999668,248.66421177029721,172.42093105000762,54.70734554043999,37.933450037718195,6.733667946622142,0.22000490199601272,-0.6598579932574751,29.794309733670808,6.673499932981899,0.32279177545400745,-0.32773320942293116,0.4600038987437011,-10.684429773102334
2454,20.341424699999607,248.65881264716415,172.43162970464059,54.70615770688424,37.935803794182206,6.418886680755093,0.22000490199601272,-0.661045826813222,29.791955977206797,6.536163606601958,0.0675371743463287,-0.2752674244711758,0.283431517114242,-11.981961341010768
2455,20.353736099999878,248.66158273942776,172.4413768170293,54.706767140761215,37.93794820668803,6.355930427581683,0.22000490199601272,-0.6604363929362478,29.789811564700976,6.450256960797738,0.021961569059147826,-0.21625547683484714,0.21736775698480865,-12.047337387185006
2456,20.357607899999948,248.66665834965187,172.44047192032178,54.707883799891135,37.93774912497658,6.3433391769470004,0.22000490199601272,-0.6593197338063277,29.790010646412426,6.433075631636893,0.003609012202898172,-0.14523533827877666,0.1452801722673516,-9.803245461184721
2458,20.37308179999991,248.67698490295675,172.4377200772955,54.710155692238935,37.93714370602127,6.399460572082763,0.22000490199601272,-0.6570478414585281,29.790616065367736,6.429639442098669,0.05517923973568502,-0.004980091387000498,0.05540351801132377,-0.8205535156599455
2459,20.385263099999975,248.67217972793645,172.4316155356813,54.70909853017952,37.9358006769417,6.647761300817921,0.22000490199601272,-0.6581050035179459,29.7919590944473,6.509365259610947,0.11134277462234438,-0.006831072652507611,0.11155212689225613,3.062686673317203
2460,20.401373799999874,248.6632422281267,172.4353880147797,54.707132236409784,37.936630640836036,6.4017057330639755,0.22000490199601272,-0.6600712972876792,29.791129130552967,6.525310499407347,0.035149288921650396,-0.05181186702744015,0.06260944079423482,4.06285034279517
2461,20.405442199999925,248.66935059609418,172.43878017019884,54.70847610730583,37.93737693165658,6.754559515143068,0.22000490199601272,-0.6587274263916356,29.790382839732423,6.575914837308227,-0.05089235518008932,-0.06463905340160479,0.08226930800992482,6.2958746295359695
2462,20.42341049999959,248.66179107919933,172.45294913190517,54.70681297653224,37.94049417268816,6.423065375929005,0.22000490199601272,-0.660390557165222,29.78726559870084,6.586035704888404,-0.08165432412972154,-0.10187713360077748,0.13056178230934307,4.705744135821996
2463,20.42900009999994,248.65459114138187,172.45358457301535,54.70522895491833,37.94063397284733,6.652482261587169,0.22000490199601272,-0.6619745787791302,29.787125798541673,6.647203021104635,-0.10651041001144029,-0.10832032725785376,0.15191366211784132,6.5529540306185154
2464,20.435428399999637,248.64756120697632,172.45580336981635,54.7036823348884,37.941122119020086,6.698365638718801,0.22000490199601272,-0.6635211988090646,29.786637652368917,6.6381666479221,-0.19755907259364952,-0.055234576820991456,0.20513518869432637,4.831207082512891
2465,20.44103539999969,248.64128330711517,172.45793735368454,54.70230116614471,37.94159160593187,6.707542314145128,0.22000490199601272,-0.6649023675527559,29.786168165457134,6.695502592279734,-0.10155275108248384,0.020744315628960813,0.10364983301161111,6.404090490328759
2466,20.44958369999995,248.63642937780418,172.45475151981762,54.70123327790235,37.9408907068642,6.709377649230394,0.22000490199601272,-0.6659702557951164,29.7868690645248,6.728239617577041,-0.03545733227218033,0.0672358349864204,0.0760123668765876,4.631982279809373
2467,20.452884399999675,248.64224256783973,172.4516547988997,54.7025122082064,37.940209413082144,6.709745097717173,0.22000490199601272,-0.6646913254910629,29.78755035830686,6.7560568590622845,0.020783043304495936,0.11900906028317265,0.12081014575970173,5.200452426139531
2468,20.465769499999624,248.64500049181345,172.43950519142413,54.70311896499995,37.93753643988019,6.816167388073708,0.22000490199601272,-0.6640845686975112,29.790223331508813,6.7828902963730044,0.1392660419873416,0.1694090042466357,0.21930444858838735,3.1593099096580706
2469,20.46950509999988,248.64568997280688,172.43639912500447,54.70327065419834,37.93685309004194,6.837451846145015,0.22000490199601272,-0.6639328794991215,29.79090668134706,6.788256983835149,0.15644049672713303,0.23934898632539425,0.28593979483665066,-1.6125616029765806
2470,20.480934499999876,248.66366934989117,172.42765752050894,54.70722620529172,37.934929894201616,6.84170950069873,0.22000490199601272,-0.6599773284057449,29.792829877187387,6.7884863340143164,0.06500896413187841,0.12580694176225893,0.14161056462380292,-2.92750527223737
2471,20.484946899999613,248.66295713239467,172.41978440576202,54.707069513951204,37.933197770363314,6.736211086541114,0.22000490199601272,-0.6601340197462591,29.79456200102569,6.708119148630228,0.008990394143104527,0.10338609753723048,0.10377626101775927,-4.448800454025553
2473,20.500643699999728,248.6579852663313,172.44556235391238,54.705975679045196,37.93886904531979,6.710891848613012,0.22000490199601272,-0.6612278546522674,29.788890726069212,6.737204708135442,0.0883899151825627,0.1883070965954346,0.2080200464719277,-5.789000741418927
2474,20.51414779999959,248.64368332830156,172.43971013803863,54.70282918257061,37.93758152914003,6.4143314611532665,0.22000490199601272,-0.6643743511268525,29.79017824224897,6.662608612028672,0.003358076402066028,0.14727715573792577,0.14731543462711352,-6.920089218647439
2475,20.51698179999994,248.64932033769063,172.43188416903115,54.704069352268796,37.93585977759552,6.982879643671083,0.22000490199601272,-0.6631341814286671,29.791899993793486,6.647689392807318,-0.041760720607030316,0.1380627572756765,0.14424036443444258,-3.7696961122713595
2476,20.529681699999855,248.64475577411991,172.43401321755076,54.70306512590777,37.93632817870642,6.468729020164881,0.22000490199601272,-0.664138407789693,29.791431592682585,6.57612068495155,-0.060540173163909285,0.19295061446238432,0.2022252511140184,-4.979300582650536
2477,20.533027799999672,248.64073072209442,172.4281482323662,54.70217959473137,37.93503785321568,6.6616149904343445,0.22000490199601272,-0.6650239389660939,29.79272191817332,6.561806943380397,-0.024618807298802226,0.14934179946791973,0.15135738746797894,-4.060081592258817
2479,20.54954520000001,248.62844937191312,172.43466961150776,54.69947763748836,37.9364725885946,6.353048309334171,0.22000490199601272,-0.6677258962091059,29.791287182794406,6.4925154383522985,-0.003661831819298675,-0.05440242947940364,0.05452552930081756,-2.5197287357551077
2480,20.561948999999913,248.6254389115818,172.44158747733982,54.6988153214582,37.937994552989004,6.342762753297499,0.22000490199601272,-0.6683882122392646,29.7897652184,6.481006397009755,0.009882104937515962,0.015041072650520702,0.017996940419813565,-0.2636523993450608
2481,20.564925599999697,248.63277726939936,172.4471507145498,54.700429796150665,37.93921849244616,6.636422118530594,0.22000490199601272,-0.6667737375467979,29.788541278942844,6.488261550460777,0.04760150284147821,0.027191581914958532,0.05482048157217481,0.831531385344559
2483,20.581249699999717,248.631934825065,172.4241242115295,54.70024445426745,37.93415254890587,6.411183813452162,0.22000490199601272,-0.6669590794300149,29.793607222483132,6.580411192607576,0.07142654526227661,0.11314056663818223,0.13380037065461742,0.7924223716747876
2485,20.5966312999999,248.62661789006754,172.3929161113041,54.69907470250441,37.9272866138743,6.697890757689454,0.22000490199601272,-0.6681288311930516,29.800473157514702,6.598841121036935,-0.006429944100011589,0.6644216024476985,0.6644527146308433,0.19516975058531005
2486,20.609262199999648,248.62406551377666,172.37323055370493,54.69851316720868,37.92295569470396,6.8137965200681645,0.22000490199601272,-0.6686903664887822,29.804804076685045,6.543383811434721,-0.10770255502133873,0.8815210491662016,0.8880761231342758,-1.3786323264153617
2487,20.612696099999994,248.61715605739926,172.33212294604343,54.696993052935525,37.913911819509096,6.434912395444297,0.22000490199601272,-0.6702104807619378,29.813847951879907,6.529943089851201,-0.09375478914521468,0.9204868227765804,0.9252491293662413,-3.7377264080334807
2488,20.625839199999973,248.61930824042403,172.29183963543665,54.69746654375097,37.90504929370698,6.359135570519523,0.22000490199601272,-0.6697369899464931,29.822710477682023,6.458554841114771,0.02681317640625394,1.6858377400230533,1.6860509577456515,-10.105055408420387
2489,20.641234899999745,248.62339395463727,172.25648880900565,54.698365420906036,37.89727193860255,6.343980205534569,0.22000490199601272,-0.6688381127914269,29.830487832786453,6.363864135947565,0.0336055058255213,1.8583094984549946,1.8586133331249517,-9.523992067541423
2490,20.64514089999966,248.6327466820187,172.1806230567436,54.700423066776985,37.880581101211284,6.340949514007304,0.22000490199601272,-0.6667804669204784,29.84717867017772,6.244190292399474,-0.020419353246666563,2.449774403636618,2.4498595018286577,-71.06830527220671
2491,20.657539799999995,248.63215517636405,172.11269879397105,54.7002929326334,37.865637430436855,6.340342994232125,0.22000490199601272,-0.6669106010640604,29.862122340952148,6.225774334752357,0.13995961647288446,3.268176620076265,3.271172131554125,-85.62000576428855
2492,20.66080679999959,248.62157028823162,172.02967387451815,54.69796420535719,37.847371541169395,5.836543177703847,0.22000490199601272,-0.6692393283402751,29.88038823021961,5.2076605249367995,0.3392832716120675,4.948120324294308,4.95973869090804,-103.5474346456792
2494,20.676384899999903,248.68090174714047,171.6921803541569,54.71101741715971,37.77312131229803,6.2670557822839355,0.22000490199601272,-0.6561861165377536,29.954638459090972,3.9896070683936107,1.1525434026830856,14.362431906984568,14.408601825917625,-173.16836511955984
2495,20.689602299999933,248.74428396949997,171.15719502140055,54.7249618167782,37.655421916595664,1.2534111564567871,0.22000490199601272,-0.6422417169192656,30.07233785479334,2.7235439273975164,1.4237035772697435,19.321500719766718,19.37388246944521,-187.34528790848566
2496,20.69268329999977,248.8086066979414,170.43815205735208,54.739113132345075,37.49722893975926,0.2506822312913574,0.22000490199601272,-0.628090401352388,30.230530831629743,1.5566363834268129,1.4033275768239204,23.688811503747758,23.730341732641918,-128.2572762306644
2498,20.710001699999793,248.91450676780346,168.39143155406057,54.76241166683644,37.04694039601938,0.010027289251654298,0.22000490199601272,-0.6047918668610208,30.680819375369623,0.30330544528403913,-0.7570385590051516,45.93818997292108,45.94442735923485,-97.21424215283452
2499,20.721829299999627,248.87070890630633,166.91690772372021,54.752775922610134,36.72253792523456,0.0020054578503308595,0.22000490199601272,-0.6144276110873292,31.00522184615444,0.11174995406679503,-1.7949414525842227,55.67784697254887,55.70677210462633,-73.94457075314807
2500,20.72505000000001,248.7248450427387,165.21856485207263,54.72068515760118,36.34889416820211,0.0004010915700661719,0.22000490199601272,-0.6465183760962816,31.378865603186895,0.3598245446050845,-3.2165838014014083,53.45819026551354,53.554873894121755,7.622073590829476
2502,20.741781999999603,248.41040367576687,160.8376797353224,54.651506515477045,35.38507796743569,0.29563370037056635,0.22000490199601272,-0.7156970182204176,32.34268180395331,0.7038469828958042,-4.759916011583613,70.611863658397,70.77211378607663,39.56749588339403
2503,20.753991999999926,248.270817624264,158.60405418065676,54.62079689989615,34.89366939618568,1.4910551839828048,0.22000490199601272,-0.746406633801314,32.834090375203324,1.0590371593356864,-5.258762471130057,72.99606010742914,73.18524013716956,47.20204417187316
2504,20.758189199999833,248.14926644830234,156.47175329125793,54.59405504534121,34.424552747987484,1.7301394807052524,0.22000490199601272,-0.7731484883562558,33.30320702340152,1.4256928322579403,-5.3213450550220145,71.73519832966018,71.93229728425395,34.987467537946635
2505,20.76919739999994,247.98370104200723,154.5029023120723,54.55762984435532,33.991395881266996,1.777956340049742,0.22000490199601272,-0.8095736893421446,33.73636389012201,1.667621216615016,-5.13414998592538,67.49891972146216,67.69389676804232,27.772388288491516
2506,20.772809299999608,247.8149827251014,152.70177156800833,54.52051098757952,33.59513828843719,1.8336794561813352,0.22000490199601272,-0.8466925461179429,34.13262148295181,1.7252388614124565,-4.716820883547715,63.946347015270355,64.12007248783215,21.0455293428737
2508,20.79052559999991,247.55741472995018,149.76884107730962,54.463844766048965,32.94987920326991,1.505275622155945,0.22000490199601272,-0.9033587676484984,34.777880568119095,1.4503767015902063,-4.066595837725101,52.92739514937882,53.08339061331606,2.593721081942601
2509,20.802622899999733,247.53385441490943,148.53254992997194,54.45866138124743,32.677889090561344,1.7791434079700075,0.22000490199601272,-0.9085421524500319,35.04987068082766,1.3954042696257563,-3.625562973243723,48.771763333827884,48.90633502486026,-0.8232289331023188
2510,20.806749200000013,247.4753329579754,147.4695975960184,54.44578637385,32.44403436650346,0.3558286815940015,0.22000490199601272,-0.921417159847465,35.283725404885544,1.3751778343803274,-2.0031802369276557,34.5663291830824,34.624324459183775,-3.5811876376170324
2511,20.81791609999982,247.4193093137126,146.5270101472956,54.4334608974845,32.236660507224535,1.5030941802274917,0.22000490199601272,-0.9337426362129619,35.49109926416447,1.4298102899290441,-1.487456151913015,30.850671208387645,30.886509025979326,4.930605590896273
2512,20.822969099999682,247.36958639214885,145.63858084492938,54.422521610998906,32.04120170562706,1.73254727995419,0.22000490199601272,-0.9446819226985568,35.68655806576194,1.4407367810387877,-1.5485192152917457,34.71719500801024,34.75171277770837,8.417696807090277
2513,20.83363939999981,247.33952031629894,144.77316678716008,54.415906926928145,31.850806370661555,1.7784378998995294,0.22000490199601272,-0.9512966067693185,35.876953400727444,1.7293077680424747,-0.7317317340620138,26.655602425404744,26.665644038572868,9.601863757492621
2514,20.838116399999763,247.32458802585208,143.92222693848925,54.41262174983181,31.66359543265023,1.8337758635187245,0.22000490199601272,-0.9545817838656561,36.06416433873878,1.787021965443212,-0.4831061645389596,25.167281201610354,25.171917579857627,8.651419606846622
2515,20.84944399999995,247.3742073091974,143.07956338745436,54.42353823540131,31.478205320689185,1.7986836166124363,0.22000490199601272,-0.9436652982961533,36.24955445069982,1.7985648049233594,-0.07702476756098431,25.55866291456084,25.558778976996642,7.809778867953359
2516,20.865917799999806,247.38464374624465,142.24624735321123,54.425834302711074,31.29487170824382,1.7916651672311787,0.22000490199601272,-0.941369230986389,36.432888063145185,1.8008733728193889,0.0854857214333268,24.611711787502912,24.61186024906851,2.2225811573989422
2517,20.870204699999704,247.3820229055553,141.4543841039278,54.42525770491206,31.120657911690973,1.7902614773549272,0.22000490199601272,-0.9419458287853999,36.607101859698034,1.7921031184725695,0.4209267596376625,22.933761246842735,22.937623771092,-13.082154628017348
2518,20.881898999999976,247.39226247077357,140.75759321836478,54.427510459454396,30.967360501200968,1.789980739379677,0.22000490199601272,-0.9396930742430669,36.76039927018803,1.7816756562337246,0.33701101906154074,23.97589553222879,23.978263969672977,-14.092703682914575
2519,20.88643239999965,247.41170239747856,140.0688119093275,54.431787338623934,30.815825236809538,1.789924591784627,0.22000490199601272,-0.9354161950735289,36.911934534579466,1.4932044750042173,0.3244087572485694,24.154049296161666,24.156227736200606,-18.872242542654547
2521,20.900735299999724,247.4470771105968,138.66606012085884,54.439569948916656,30.507212967062756,1.7465463054182113,0.22000490199601272,-0.927633584780807,37.22054680432625,1.4355102387583158,0.17369369076545577,25.326075397556124,25.32667101181893,-21.74210795501496
2522,20.9132754999996,247.45142992218047,137.9809490817284,54.440527588802524,30.356485180042476,0.3493092610836423,0.22000490199601272,-0.9266759448949387,37.37127459134653,1.1375857027273972,0.13626918497469886,25.87403906543032,25.874397903143333,-26.011909911031942
2523,20.916909799999758,247.43675961067208,137.21282760246334,54.43730004835687,30.187494689275734,1.50179029612542,0.22000490199601272,-0.9299034853405956,37.540265082113265,1.0780007955212134,0.09496073789697315,30.392884929609515,30.393033278799717,-1.963483798822157
2524,20.92993230000002,247.43708602083208,136.2747225561334,54.43737186019213,29.981106980495955,0.300358059225084,0.22000490199601272,-0.9298316735053334,37.74665279089305,0.7883715366677194,0.012118187247920784,30.255320754835697,30.255323181689104,-1.3415167809775264
2525,20.933967999999822,247.45060298714162,135.2470978448439,54.44034565904035,29.755024506600023,1.4920000557537083,0.22000490199601272,-0.9268578746571166,37.97273526478898,1.0168313736787589,-0.08558948981829308,43.41163486568099,43.411719238841215,3.2878775069049144
2526,20.945562699999755,247.45744978853344,134.14620134109379,54.44185198890954,29.512821879184727,0.29840001115074166,0.22000490199601272,-0.9253515447879224,38.214937892204276,1.0061189276892895,0.07782719802199868,41.7122612350744,41.712333840434326,6.561603190750816
2527,20.949071600000025,247.45087596642048,132.90533619342773,54.440405715819836,29.23982546398219,1.4916084461388397,0.22000490199601272,-0.9267978178776275,38.48793430740682,1.0039764384913956,0.09161774894040352,43.59383712329525,43.593933396108184,15.624057480282602
2529,20.96522589999995,247.44566307767423,130.11497031476256,54.4392588547421,28.625931292313442,1.4482280661780733,0.22000490199601272,-0.9279446789553631,39.101828479075564,1.0035479406518166,-0.005151426156548615,47.84491883553585,47.84491911286093,6.606672936325056
2530,20.977635100000043,247.44986334021934,128.6904018194133,54.4401829330917,28.31251924010752,0.28964561323561466,0.22000490199601272,-0.9270206006057649,39.41524053128148,1.2898479298656393,0.20073352036900058,49.00806967273243,49.00848076602249,7.899246254767819
2531,20.98185169999988,247.45471284433216,127.20933408217266,54.441249847768766,27.986677077726437,1.4898575665558145,0.22000490199601272,-0.9259536859286968,39.74108269366256,1.3384349464461969,0.36659107480809106,49.58074595894951,49.582101194503814,23.299254886376048
2532,20.993795999999747,247.51765465151271,125.75950019229609,54.45509735388897,27.667706514873643,1.7298999572198543,0.22000490199601272,-0.9121061798084895,40.06005325651536,1.4045939193579544,0.4209830027481265,49.12358786302384,49.12539171573928,24.03964887394676
2533,20.99760470000001,247.52487569901098,124.3630451377957,54.45668601973614,27.360479557466448,1.7345435290416273,0.22000490199601272,-0.9105175139613237,40.367280213922555,1.6955384405333236,0.45169020677222427,48.4744505900124,48.47655499358889,14.800606770432184
2535,21.013436499999898,247.53933740025556,121.7928734075075,54.459867664901154,26.79502917783147,1.7790229307368606,0.22000490199601272,-0.9073358687963093,40.93273059355754,1.7537273447683972,1.1649177492192062,46.51636542878144,46.530949765359175,9.66610741340204
2536,21.025318199999674,247.55165106148968,120.6041498246552,54.46257673073418,26.533504162485702,1.74436821911246,0.22000490199601272,-0.9046268029632856,41.194255608903305,1.4789794368336737,0.9380451138655723,44.672745499218834,44.68259302092509,3.798487389070737
2537,21.0285887,247.60842515550914,119.60093712962572,54.475067309724835,26.312792451834586,1.7808020877311834,0.22000490199601272,-0.8921362239726278,41.41496731955442,1.4327028365089358,0.6357041019475134,40.16101109910785,40.16604202815977,-31.347188743998316
2538,21.041012599999704,247.6098356284769,118.61344343462811,54.47537762069188,26.095538998244955,0.35616041754623673,0.22000490199601272,-0.891825913005583,41.63222077314405,1.1370246714582815,0.5473393315505567,35.79403484498975,35.79821938069271,-37.23891101389354
2539,21.044403500000044,247.59296488856455,117.71786738941874,54.47166597521086,25.898507878188692,1.5031605274179387,0.22000490199601272,-0.8955375584866019,41.82925189320031,0.8001763118551328,0.3184518724315414,41.83792987891011,41.839141818967256,-36.927356416938856
2540,21.058123899999828,247.5779439809302,116.85217726605586,54.468361301898874,25.708051807439325,0.30063210548358776,0.22000490199601272,-0.8988422317985894,42.01970796394968,0.4464209511527649,-0.4894097238417476,31.103205544741858,31.107055743613078,-34.4674682712421
2541,21.061404599999605,247.5642781705255,116.07332339976591,54.465354756620094,25.536700138916988,0.06012642109671756,0.22000490199601272,-0.9018487770773689,42.19105963247202,0.3756698790122913,-0.5250636063017851,29.808380222726594,29.813004264805326,-30.327647171521967
2542,21.073739699999805,247.5519353263228,115.29892090731452,54.46263927039092,25.366327794459753,0.012025284219343513,0.22000490199601272,-0.9045642633065398,42.36143197692925,0.3528467214689622,-0.2614542485661644,28.241148508547838,28.242358743666347,-11.067543651275344
2543,21.08955049999986,247.54091885965687,114.50749237282473,54.46021559372175,25.19220963729248,0.002405056843868703,0.22000490199601272,-0.9069879399757141,42.535550134096525,0.30383265828985495,-0.002118392249670975,29.987457814886803,29.987457889711177,-5.934674844946316
2544,21.092776799999683,247.54419577936733,113.77030380304505,54.460936532121494,25.03002453824552,1.3890447397012933,0.22000490199601272,-0.9062670015759693,42.69773523314348,0.2940298456540335,0.12733935255464668,22.335974781966566,22.336337765429576,-1.6276614273584311
2546,21.10927670000001,247.62338010272657,112.07439339641223,54.478357471421766,24.65691593544025,0.05556178958805174,0.22000490199601272,-0.8888460622756966,43.07084383594875,0.29206928312686925,-0.07841056716574826,29.488589409355193,29.488693656562315,-1.2624174141539546
2547,21.122016199999962,247.60779509892382,111.26529100657376,54.47492869418753,24.478909443459095,0.011112357917610349,0.22000490199601272,-0.8922748395099305,43.24885032792991,0.2916771706214364,-0.11024153122876645,29.935653259883445,29.935856247837275,-0.6424603892371552
2548,21.125278999999864,247.58927329865674,110.53006405413367,54.47085380733498,24.317155909842686,0.00222247158352207,0.22000490199601272,-0.8963497263624802,43.41060386154632,0.2915987290468635,-0.5640073893872803,31.311088485274198,31.31616781261644,-0.03482444453169131
2549,21.137741900000037,247.57157369575793,109.77959166660959,54.46695980793386,24.152048305774738,0.00044449431670441397,0.22000490199601272,-0.9002437257636018,43.57571146561426,0.29159559138388064,-0.6200303560153492,31.06932835679651,31.0755145119887,3.37807632535123
2550,21.14050249999991,247.54590856065823,109.06251838479204,54.46131335240154,23.994288668684508,1.3886525318284288,0.22000490199601272,-0.9058901812959235,43.7334711027045,0.29159496385128403,-0.5609163613040101,31.143431909654396,31.148482760411593,3.5631940671358
2552,21.15689089999978,247.6036917337716,107.46811314093182,54.47402593373936,23.643511699267112,0.055546101273137166,0.22000490199601272,-0.8931775999581006,44.084248072121895,0.5693075649377823,-0.3524228287365603,29.384591825410013,29.386705133379067,-10.882078971920018
2553,21.169225799999822,247.60517326913626,106.66393380281107,54.47435187878207,23.466588302796637,0.011109220254627433,0.22000490199601272,-0.8928516549153898,44.261171468592366,0.5803449498905695,0.11749243010880606,30.746911633559673,30.747136118231566,-11.018064196000774
2554,21.17303899999979,247.6015954413075,105.9571058872262,54.473564739121244,23.311082696500343,1.3907854770160133,0.22000490199601272,-0.8936387945762192,44.41667707488866,0.3048397002881093,0.7732751893277787,21.6811913724816,21.6949766961986,-11.053051905250324
2556,21.18871749999971,247.7467700565734,104.52757729666257,54.50550386612513,22.996579399032893,0.05563141908064054,0.22000490199601272,-0.8616996675723314,44.73118037235611,0.294175531386127,0.3713548742002828,23.315656301353037,23.318613449461697,-27.83394736359847
2557,21.201300100000026,247.81731919261014,103.85166284833556,54.521025021884796,22.84787490707102,0.011126283816128109,0.22000490199601272,-0.846178511812667,44.87988486431799,0.2919714893893073,0.11925996005377917,23.919323892384384,23.91962120115748,-24.529618095143633
2558,21.205454199999622,247.79402096026192,103.29320746013076,54.51589929656034,22.725011984119877,0.0022252567632256217,0.22000490199601272,-0.8513042371371213,45.00274778726913,0.013817954396925822,-0.2920293857821046,17.757895061583294,17.760296117474073,-9.928651235349452
2560,21.22125879999976,247.70536990895437,102.04598965082849,54.496395630705585,22.45061795221665,8.901027052902488e-05,0.22000490199601272,-0.8708079029918778,45.27714181917236,0.2890780714447002,-2.0176002418845638,18.545984959066224,18.655408567972003,-9.709133551213233
2561,21.233493499999895,247.5795292753343,101.49134055235555,54.46871007443888,22.328592431664934,1.7802054105804977e-05,0.22000490199601272,-0.8984934592585816,45.39916733972407,0.29830827071603067,-2.6524672028267484,19.096005529774164,19.279341520270783,-9.667998022453427
2562,21.237916099999893,247.44704067454646,101.0088863160674,54.43956193280697,22.2224501346928,1.4319320043195125,0.22000490199601272,-0.927641600890496,45.505309636696204,0.3001543105702968,-2.4363236501835086,14.623848546221183,14.825404521673562,3.723970562253003
2564,21.252350399999614,247.31970716252047,100.05307042466144,54.411547935972884,22.0121659531778,0.0572772801727805,0.22000490199601272,-0.9556555977245793,45.715593818211204,0.30059472675757326,-3.1974761181558025,17.50750276652956,17.797092645885083,-0.3095166500616788
2565,21.266458599999623,247.30988437119652,99.59036263790364,54.40938687373033,21.91036797189936,0.0114554560345561,0.22000490199601272,-0.9578166599671363,45.81739179948964,0.3006094950764074,-3.1638293300672355,17.88233006658823,18.160053541776772,0.12246167722721135
2566,21.26961019999999,247.23768837795538,99.13511087737142,54.393503401312806,21.810210352939954,0.0022910912069112202,0.22000490199601272,-0.973700132384657,45.91754941844905,0.29193950562493987,-2.043907612730044,14.335273000521543,14.480248973303523,0.17606964687757995
2568,21.284738199999993,247.09365667871253,98.32042706151907,54.361815721436564,21.63097591987562,9.164364827644883e-05,0.22000490199601272,-1.0053878122608992,46.09678385151338,0.33602733187287076,-2.3270656277726993,16.8733251010001,17.03303655840617,0.290011744756219
2569,21.29760209999995,247.03570512426796,97.95412448083387,54.34906609538047,21.550387556511087,1.388582057062175,0.22000490199601272,-1.018137438316991,46.17737221487792,0.344844897122457,-2.414530407193753,17.014633519446978,17.18510142211421,0.2964807196257527
2570,21.300540199999887,246.9908789483033,97.59009362020846,54.33920411693051,21.47029898269567,0.277716411412435,0.22000490199601272,-1.0279994167669528,46.257460788693336,0.3466084101723742,-1.4727933924940133,11.706549835539144,11.798831697627337,-2.4575476199514967
2571,21.313298399999894,246.95663544752506,97.13068914601891,54.33167037889779,21.369227746375067,0.055543282282487005,0.22000490199601272,-1.0355331547996727,46.358532025013936,0.3470344277009788,-1.252646489431872,13.799702346082618,13.856439227592496,-5.87689123446284
2572,21.330102799999622,246.93134331012345,96.73048532056234,54.32610598468748,21.281180942977063,0.011108656456497402,0.22000490199601272,-1.041097549009983,46.446578828411944,0.06940688554019576,-1.0982065841959316,13.79762776171222,13.841264015701134,-6.209220625614181
2573,21.334017899999708,246.91365629261875,96.33340296161032,54.322214754134755,21.19382087751148,0.0022217312912994804,0.22000490199601272,-1.0449887795627077,46.53393889387752,0.013881377108039153,-0.5009382977568128,12.335476055006623,12.34564330773416,-6.4526969821961995
2574,21.345396700000038,246.90233375088906,96.00992544743383,54.31972373945117,21.122654238707167,0.0004443462582598961,0.22000490199601272,-1.0474797942462928,46.60510553268183,0.0027734316055549675,-0.3836127041197051,11.989683683165635,11.995819002016091,-6.464861634584272
2575,21.348996400000033,246.89627588156992,95.68354024552545,54.318390978505306,21.050847894348365,8.886925165197922e-05,0.22000490199601272,-1.048812555192157,46.67691187704064,0.0005518425050581302,-0.3028402880598613,11.401380539108592,11.405401809565339,-3.1620739983272883
2577,21.365193699999963,246.89599069230513,95.22758912423205,54.31832823546906,20.95053641259324,3.5547700660791695e-06,0.22000490199601272,-1.0488752982284026,46.777223358795766,0.00010752468495876272,-0.041144329925312015,7.73553677147529,7.735646191413575,-0.3264478086360709
2578,21.377563699999882,246.90008028416025,95.09838211382169,54.31922796572435,20.92211023693071,7.109540132158339e-07,0.22000490199601272,-1.0479755679731113,46.8056495344583,1.8661120938889203e-05,0.02994417378753273,6.60310776315946,6.603175659138604,5.735417963323477
2579,21.38172829999985,246.9060350856885,95.02295902332847,54.32053805125098,20.905516787298513,1.4219080264316678e-07,0.22000490199601272,-1.0466654824464854,46.822242984090494,8.884081349145061e-07,0.19550511942232418,2.571091497244405,2.5785138624647366,24.70495731208144
2580,21.393384999999853,246.9132687201526,94.99158341427938,54.322129486292326,20.8986139995046,2.843816052863336e-08,0.22000490199601272,-1.0450740474051372,46.8291457718844,0.34192841159996457,0.2620603097467606,0.7803234583627173,0.8231526623997031,31.575402903109822
2581,21.39724789999991,246.92130271470612,94.99530948882375,54.323897004476706,20.899433754169568,5.687632105726672e-09,0.22000490199601272,-1.0433065292207573,46.82832601721944,0.7059315538726079,0.28933125736427456,-0.13762729127075357,0.32039639166276035,39.67524415564145
2583,21.413412499999595,246.94546842070673,95.19815168634372,54.32921357825704,20.944060031955605,1.7096411707292143,0.22000490199601272,-1.0379899554404233,46.7836997394334,1.2607781570585819,0.33447568314572185,-3.1442367927048833,3.1619770700014396,44.805925099660804
2584,21.42586080000001,246.9572991120126,95.32782390181055,54.33181638833833,20.972588555010987,1.8200164223172297,0.22000490199601272,-1.035387145359131,46.75517121637802,1.7648350003395286,0.3302900689936818,-4.5342399148740435,4.546253747352079,34.883944892229835
2585,21.429791199999727,246.96695157854026,95.5252085389292,54.33393997829077,21.016014142755797,2.7742331581206727,0.22000490199601272,-1.0332635554066911,46.71174562863321,1.8656463689957183,0.2531531395563631,-6.182640635291745,6.187821243154002,10.051800700410006
2587,21.44565990000001,246.9752894770157,95.98379236870505,54.33577435682771,21.11690483328259,2.5202842448428937,0.22000490199601272,-1.03142917686975,46.610854938106414,1.5438804088086182,0.23570175313051148,-12.968168909569027,12.970310720392998,-25.698506352662566
2588,21.457794699999795,246.9792540403965,96.45010115308935,54.336646580205766,21.219495051690934,0.5040568489685787,0.22000490199601272,-1.030556953491697,46.50826471969807,1.180683615303522,-0.2582039735360293,-17.405187857922417,17.407102965787264,-32.52135026552723
2589,21.46163529999967,246.98347241512843,97.09056598346277,54.33757464332524,21.36040045392913,0.10081136979371574,0.22000490199601272,-1.0296288903722228,46.36735931745987,0.6259982818710573,-0.6811336449844234,-18.912739639398023,18.9250010227209,-28.06970179967672
2591,21.47829109999975,246.81234249896798,98.94362290600988,54.29992522289177,21.768082060567142,0.00403245479174863,0.22000490199601272,-1.0672783108056905,45.959677710821865,0.7322256914421799,-1.0483319325442855,-28.99719774818046,29.016141664388705,14.555171565855304
2592,21.489977799999906,246.72871276097246,99.93093593890481,54.281526270580116,21.985295767608577,0.000806490958349726,0.22000490199601272,-1.085677263117347,45.74246400378043,1.2921048632367755,-1.0415600647278933,-30.29138981426744,30.30929138479389,31.815020194121114
2593,21.493807599999855,246.69876449395406,100.91935278965784,54.27493750502978,22.202752319989706,3.051421292698506,0.22000490199601272,-1.0922660286676802,45.5250074513993,2.0306725943644164,-0.9672427659173759,-26.73519338167428,26.75268442089017,69.33401997746061
2594,21.506636499999786,246.70493022871312,101.78966790932853,54.27629399690119,22.394225912598504,3.303452707941557,0.22000490199601272,-1.090909536796275,45.3335338587905,2.7538256206586955,-0.5646202457168137,-27.147193238620392,27.153064224077365,72.48131939834683
2596,21.52177269999993,246.7471201967897,103.09048526392532,54.28557599669309,22.680412107211282,3.79365002543192,0.22000490199601272,-1.0816275370043726,45.04734766417772,3.4072290378071997,-0.19029676728984796,-24.636152730180427,24.63688767284572,63.65557460551395
2597,21.525592899999992,246.74282558142397,103.55127541449207,54.28463116026044,22.781788199127448,3.619797586263142,0.22000490199601272,-1.0825723734370243,44.945971572261556,3.491710086692141,0.10097357613153307,-14.314089188007804,14.314445324402854,23.972687829567665
2598,21.53895109999985,246.76087500497513,103.91747621751462,54.2886021219199,22.862354170907285,3.267823576700871,0.22000490199601272,-1.0786014117775622,44.86540560048172,3.5421861228241096,0.04833820044375358,-11.714909645989707,11.715009372395944,12.501778218534621
2600,21.558302099999764,246.7376505893002,104.37219831599334,54.28349263662542,22.962395261618518,3.473826537123211,0.22000490199601272,-1.083710897072045,44.765364509770485,3.4344622833184024,-0.20030066949802078,-8.597643260609138,8.599976162461095,6.888790897825128
2601,21.569730999999592,246.7294718514266,104.47242122206474,54.28169327420109,22.984444792246514,3.5558328886014,0.22000490199601272,-1.085510259496374,44.74331497914249,3.4231992321714224,-0.17131166998450253,-3.192408734899664,3.197001910999828,1.6351925100593987
2602,21.573782299999948,246.71787135030783,104.53357733615583,54.27914110708935,22.99789943713358,3.2550308279033855,0.22000490199601272,-1.0880624266081114,44.72986033425542,3.48438732628773,-0.1764280734165432,-1.7490158632770478,1.7578917358825685,0.4463750118638716
2604,21.590579100000014,246.71005479508761,104.49621918134909,54.27742142662418,22.98968045994657,3.5634823305282453,0.22000490199601272,-1.0897821070732832,44.73807931144243,3.414618593632802,-0.18178071506374446,-0.038831643977221275,0.1858820188804176,-1.1492848975968666
2605,21.60234700000001,246.72458706302973,104.43279350383337,54.280618596808566,22.975726499980695,3.573764047282407,0.22000490199601272,-1.0865849368888973,44.75203327140831,3.3891360067109275,-0.06718550673127124,0.8872869095452557,0.8898269225895047,-0.17634002997971354
2606,21.606472799999665,246.71913352112853,104.36938688303842,54.27941879085706,22.961776732586802,3.1249828738485714,0.22000490199601272,-1.0877847428404053,44.765983038802204,3.333251487312393,0.06416915162972112,1.8479335814487114,1.8490473767501847,-2.340882185123497
2608,21.621946599999774,246.7483598083884,104.17939294697457,54.28584871732137,22.919977135303238,3.428419953992029,0.22000490199601272,-1.0813548163760913,44.80778263608576,3.393278004617977,0.5011293760678883,2.911150513150579,2.953968172099197,0.24455966609534507
2609,21.63363739999977,246.74978450165764,104.10063246220751,54.286162156824446,22.902649442570905,2.9756082309107104,0.22000490199601272,-1.0810413768730172,44.8251103288181,3.4433217907451095,0.5058214532569816,3.081513312189872,3.1227519331157896,-0.5676847594083745
2610,21.637824499999624,246.78941679802182,103.99014491669934,54.29488145630192,22.878341640949596,3.8636149170561658,0.22000490199601272,-1.0723220773955404,44.8494181304394,3.480057385128739,0.4663675487875761,3.1571702679568,3.1914295842823392,2.692338099632768
2611,21.649935999999798,246.80566489896836,103.87797408012699,54.29845611815829,22.853663507042686,3.823982977918069,0.22000490199601272,-1.0687474155391712,44.87409626434632,3.4046432639822095,0.28992725100164296,2.9698479272912928,2.983966240108919,0.9218422070021823
2612,21.65468729999975,246.79512426307218,103.79678500867921,54.29613712659098,22.83580151333567,3.3086608457667195,0.22000490199601272,-1.0710664071064855,44.891958258053336,3.4177329954718845,0.19902242357156957,2.9896754877554637,2.9962926170803432,-0.6660519016175781
2614,21.67054559999997,246.7614863049552,103.66958246453171,54.2887366109121,22.807816330076857,3.05134934825938,0.22000490199601272,-1.0784669227853598,44.91994344131214,3.3388658038303665,-0.1804721055293087,2.0357365478176646,2.043720497767433,-0.19377331917115415
2616,21.685252899999796,246.73289372108607,103.56387258185916,54.28244610230016,22.784559637699473,3.0410568883590865,0.22000490199601272,-1.0847574313972999,44.94320013368953,3.2850538828360474,-0.17882643980240417,2.3929975838550215,2.3996700464664666,8.271775342372083
2617,21.697301799999877,246.74302262460745,103.5071504727353,54.28467451072671,22.772080495640672,3.4692789588485753,0.22000490199601272,-1.0825290229707534,44.95567927574833,3.419217302775367,-0.04503062562832845,1.8759053944634785,1.8764457909094143,9.184073596362543
2618,21.700656900000013,246.74764911928662,103.44883580543969,54.28569236223519,22.75925098297737,3.5549233729464733,0.22000490199601272,-1.0815111714622745,44.96850878841163,3.5403400671773757,0.027011539137309047,2.095787132228471,2.095961194025549,6.238572275886156
2619,21.713642999999593,246.75832722733142,103.37954293573492,54.28804159834909,22.744006211968948,3.9794779454633185,0.22000490199601272,-1.079161935348374,44.98375355942005,3.63535248111039,0.08708548709358166,1.8945258872542878,1.896526356141399,6.03410478586825
2620,21.717255300000033,246.75657933490902,103.33251657804993,54.287657053447994,22.733660182755234,3.656963170269422,0.22000490199601272,-1.0795464802494692,44.99409958863377,3.5641874605400585,0.013447931951202287,1.7029158746858644,1.702968973038231,1.6487717461536682
2622,21.733847999999853,246.7469751198698,103.28915053029927,54.28554407905955,22.724119439669895,3.516118958024156,0.22000490199601272,-1.081659454637915,45.00364033171911,3.486513790227262,-0.14445873614894295,0.9223490674044664,0.9335931279693734,-2.9740917182766475
2623,21.745949799999835,246.73689560491863,103.28487880383946,54.28332653636055,22.723179638908753,3.1134538559969216,0.22000490199601272,-1.0838769973369153,45.00458013248025,3.3559141300172417,-0.18282981542767623,0.710773133633,0.7339108862142546,-3.396324074948484
2624,21.750212999999803,246.7274749388273,103.2864086810624,54.28125394364039,22.72351621939725,3.16655502138249,0.22000490199601272,-1.0859495900570764,45.00424355199175,3.4112793359146907,-0.12808840709590552,0.20749472828412663,0.2438456526126106,1.439351447296012
2625,21.762581099999807,246.7268592742576,103.27988464096873,54.281118494417065,22.722080898595824,3.326479644413217,0.22000490199601272,-1.0860850392803982,45.00567887279318,3.475659111201493,0.0664637259868847,0.2691260219644581,0.2772115484074819,6.305133215119118
2626,21.778094599999804,246.7386529899511,103.25536544735155,54.283713169682386,22.716686555807055,3.933789199756667,0.22000490199601272,-1.083490364015077,45.011073215581945,3.5451227814077795,0.11303387940467208,0.2606909883245828,0.2841416007678526,9.636788100010039
2627,21.78203059999987,246.75377793254637,103.2395653913789,54.28704073119575,22.71321046604126,3.8380178344581695,0.22000490199601272,-1.080162802501711,45.01454930534774,3.622456181647767,0.36574516063735096,0.25939648933479087,0.44839275329654465,-0.21016326526646711
2628,21.79392710000002,246.7564605353827,103.23764670367969,54.28763091696985,22.712788345342034,3.4607722070283526,0.22000490199601272,-1.07957261672761,45.01497142604697,3.692247230422834,0.4378752077676649,0.19569758532932782,0.47961676626375904,-2.7488515538600513
2629,21.79754019999973,246.76922759112108,103.23904958485547,54.29043973181635,22.713096986077623,3.5532220225824287,0.22000490199601272,-1.076763801881114,45.01466278531138,3.561279636039664,0.3856295391190065,0.06957629808948068,0.39185584428074266,-4.612388247648086
2631,21.814590199999657,246.7963286394231,103.2547386680537,54.29640209529203,22.71654866128906,3.6754348882885512,0.22000490199601272,-1.0708014384054323,45.01121111009994,3.433606968298284,0.06213568569736405,-0.29901290799532293,0.30540065911012876,-12.31957768731719
2632,21.82603539999991,246.79143979535382,103.26945515956714,54.295326525631694,22.7197863615622,3.2789512278408157,0.22000490199601272,-1.0718770080657691,45.0079734098268,3.378211556759285,-0.0017651263677371035,-0.3820900351113584,0.382094112232174,-15.550106004427251
2633,21.82998069999985,246.77759475108456,103.2866669209953,54.2922805480241,22.723573033448382,3.1996544957512687,0.22000490199601272,-1.0749229856733606,45.00418673794062,3.3036918082527547,-0.3215769069102919,-0.551054291284218,0.6380223655960207,-9.677631435494751
2634,21.842214799999965,246.76258640139417,103.30779267629374,54.288978637521346,22.728220803172405,3.1837951493333594,0.22000490199601272,-1.078224896176117,44.9995389682166,3.177850361574212,-0.44412279234061747,-0.5630596536173956,0.7171340378256834,-8.24192553838666
2635,21.84586999999965,246.7489351745673,103.32324791272578,54.285975300701175,22.73162103094896,3.1806232800497773,0.22000490199601272,-1.0812282329962883,44.996138740440045,3.1526820722385036,-0.4561479066095905,-0.5414359567572449,0.7079716152318148,-5.387256028651667
2637,21.86212839999962,246.72949716148418,103.34264457245673,54.28169884253782,22.735888391172118,3.046227654895839,0.22000490199601272,-1.0855046911596418,44.991871380216885,3.147648414371362,-0.3923666397505455,-0.44567246350569123,0.5937807042304136,5.22508908985198
2638,21.874142399999982,246.72108202352535,103.3521883190175,54.27984747093591,22.737988062198895,3.1531097811622733,0.22000490199601272,-1.0873560627615504,44.98977170919011,3.2609799763044522,-0.32918555524356113,-0.27163559054036757,0.42678920303731427,8.7564821619862
2639,21.877775199999633,246.7135995158911,103.36013036222508,54.27820128257715,22.739735350636426,3.17448620641556,0.22000490199601272,-1.0890022511203128,44.98802442075258,3.3851254375558164,-0.11166619961451212,-0.02784106955201382,0.11508460057778425,11.42394376655232
2641,21.893380199999683,246.71686311518997,103.32535457937124,54.27891929042105,22.732084507937834,3.7504529589988103,0.22000490199601272,-1.0882842432764122,44.99567526345117,3.5001474462642643,-0.01472932076404651,0.19749049374838964,0.19803900628702645,9.368154166386187
2642,21.90655579999975,246.73278938719594,103.3080632694766,54.28242314833289,22.72828033499908,3.801350586306598,0.22000490199601272,-1.0847803853645743,44.99947943638992,3.5851524111017365,0.014910270833638212,0.28499051260970504,0.2853802874304301,5.55407565078373
2643,21.909746699999687,246.73600420104702,103.29552930613869,54.283130423139134,22.725522801623303,3.6213376984380776,0.22000490199601272,-1.0840731105583288,45.002236969765704,3.5513654020550707,0.07310429404654159,0.32239083695789156,0.330575391646827,-3.2765811929899455
2645,21.925085599999875,246.73559262401562,103.27721148358069,54.283039874174676,22.721492790866648,3.578134605349633,0.22000490199601272,-1.0841636595227868,45.006266980522355,3.403542869581016,-0.05341899812632954,0.002888320422530233,0.05349702567137732,-6.327689134543126
2646,21.938216499999726,246.7259132316875,103.29475720133951,54.28091036041415,22.725352934782627,3.0055511611822316,0.22000490199601272,-1.086293173283316,45.002406836606376,3.2724992142214586,-0.12695262827184758,-0.10345807075081004,0.16376978423570548,-9.25605276835038
2647,21.941540499999974,246.71705035992383,103.31148608378214,54.27896048518038,22.729033370924924,3.0113402966285365,0.22000490199601272,-1.0882430485170858,44.99872640046408,3.246290483149547,-0.1621338422534568,-0.21451621628641535,0.2688951279843295,-4.379063170400806
2648,21.95422699999972,246.71118397669972,103.32549877924632,54.27766985211409,22.73211623261722,3.146132309508813,0.22000490199601272,-1.0895336815833758,44.99564353877179,3.142386497309991,-0.1834808169043597,-0.3218511700153521,0.3704772406128914,-1.954025491965572
2649,21.958566399999654,246.71208630789562,103.31940608214069,54.27786836940041,22.730775809387602,3.4902940430785208,0.22000490199601272,-1.0893351642970543,44.9969839620014,3.2022545801469624,-0.13389869073593916,-0.25956758151518106,0.29206880825319026,1.2766810514766949
2651,21.97412069999973,246.7041228182547,103.33877381992261,54.276116362642405,22.7350368066402,3.0586146761518522,0.22000490199601272,-1.091087171055058,44.99272296474881,3.2409550338725595,-0.028553865207734973,-0.10697338330932381,0.1107186883725824,0.6424299262337381
2652,21.985650299999634,246.70861584860666,103.33785965371112,54.27710485134466,22.734835685592433,3.304891575367089,0.22000490199601272,-1.090098682352803,44.992924085796574,3.31213579081641,0.0028936803687534696,-0.02210772879026776,0.02229630144980425,5.038704440395831
2653,21.99010079999971,246.70740451146807,103.34482372385258,54.2768383512362,22.736367815161397,3.2048425652565236,0.22000490199601272,-1.0903651824612623,44.9913919562276,3.2629312760064497,-0.010549522457037823,-0.09813955589719822,0.09870493835553944,2.339522990882598
2654,22.002554099999998,246.7105463488143,103.33455988909303,54.277529570853645,22.73410972120102,3.502036094228063,0.22000490199601272,-1.0896739628438183,44.99365005018798,3.434677853712033,0.17265679966213263,0.17720692019272094,0.2474119298533504,1.8842113987318563
2655,22.017491199999768,246.70908876615866,103.33939825779572,54.27720889552434,22.735174186033277,3.244271469028718,0.22000490199601272,-1.089994638173124,44.99258558535573,3.439166291262427,0.15566157945886402,0.1594503163243866,0.22283386343995204,0.7381395902246912
2656,22.021734999999808,246.7245858817252,103.31812593163643,54.28061833691578,22.730494170001375,3.9173475646797673,0.22000490199601272,-1.0865851967816837,44.997265601387625,3.4400639787725047,0.13144142910305287,0.13281686295160366,0.1868613613590513,6.038223899849833
2657,22.033480399999917,246.7246263898649,103.32193451330461,54.280627248905084,22.731332076638026,3.327333763119059,0.22000490199601272,-1.086576284792379,44.99642769475098,3.445271669790168,0.1379070054898601,0.13104973677230725,0.19024293855823224,1.6004139433272004
2658,22.0376554999998,246.72119184526895,103.33099479775974,54.279871632257844,22.733325383631634,3.209331002806917,0.22000490199601272,-1.0873319014396188,44.994434387757366,3.5097538741924312,0.1500184419753344,0.1898806438795499,0.24199213179940215,0.6467136198313896
2660,22.053377400000045,246.72746851803927,103.31866843706702,54.28125253103554,22.73061352385546,3.5280745493163783,0.22000490199601272,-1.085951002661922,44.99714624753354,3.3777245109347005,-0.05233221837185184,-0.11130103673145086,0.12299016975846062,-1.3285467091679373
2661,22.065269199999875,246.72958136290825,103.30662061573648,54.28171736726387,22.72796294410437,3.5666824910400337,0.22000490199601272,-1.08548616643359,44.999796827284634,3.3245918011249516,-0.07421524159451835,-0.1366476206048928,0.1555007212263385,-1.027729774799319
2662,22.0691340999997,246.72592103652784,103.3137023493687,54.28091207751728,22.72952096021809,3.2572007483911123,0.22000490199601272,-1.0862914561801844,44.998238811170914,3.2872384220047985,-0.1079058543619026,-0.20930112567073839,0.2354795842798487,-3.875285102915405
2663,22.082248400000026,246.71944412631944,103.3255092512826,54.27948712552165,22.732118536516534,3.061670214070313,0.22000490199601272,-1.0877164081758153,44.995641234872465,3.3127780753311358,-0.10749421278968148,-0.17956289624214686,0.2092793336431988,-1.0341001797220173
2664,22.086481399999684,246.71272083382595,103.34168462483237,54.278007968215526,22.735677197989098,3.022564107206153,0.22000490199601272,-1.089195565481937,44.992082573399905,3.317886005996403,-0.07881761020255573,-0.07948334050847802,0.11193666555882698,3.1753187042141904
2665,22.097492500000044,246.7172198202729,103.32560975484091,54.27899776728787,22.73214064779203,3.6557728159480667,0.22000490199601272,-1.0882057664095939,44.995619123596974,3.381839852955534,0.016590975844050296,0.054728839053722715,0.057188340626618504,5.2685469137146885
2666,22.101677199999813,246.720690605703,103.3118521152239,54.27976135709626,22.729113899636392,3.5922221443663713,0.22000490199601272,-1.0874421766012006,44.998645871752615,3.451218337496285,0.06275472714284247,0.09853581346547044,0.11682235365748542,4.254592172155139
2668,22.118992199999866,246.74183671906982,103.29076437017757,54.28441360569513,22.724474492354158,3.5769699831867645,0.22000490199601272,-1.0827899280023345,45.00328527903484,3.4650940344044354,0.06281432466835,0.09023366892777882,0.10994432405408149,3.6850698661760246
2669,22.130286199999773,246.74810795296082,103.28968823915083,54.28579330789271,22.724237738253088,3.4085626367740716,0.22000490199601272,-1.0814102258047527,45.003522033135916,3.42983069112005,0.038564129188238684,0.03895839274684747,0.05481740987555669,1.8836779782517512
2670,22.13458419999961,246.74128724214646,103.30692294479748,54.284292718078454,22.728029457979808,3.0919425917469043,0.22000490199601272,-1.0829108156190088,44.999730313409195,3.4227780224631736,-0.004841389441680593,-0.022149771544194063,0.02267270233531957,-0.2165175796474661
2671,22.147269399999914,246.73947906761668,103.30318642467593,54.28389491081824,22.72720740523666,3.479456099526139,0.22000490199601272,-1.0833086228792226,45.00055236615235,3.3822001698672888,-0.04732207464708237,-0.07745520590425539,0.09076721693747493,0.8934059394500993
2672,22.151458899999852,246.7388210303319,103.29523134432816,54.283750139389895,22.72545724856438,3.556958801081986,0.22000490199601272,-1.0834533943075684,45.00230252282462,3.4076643875561197,-0.07318068939905431,-0.05899682927618867,0.09400020832724049,1.2593878433185188
2674,22.166458199999852,246.74265801910767,103.29581668985547,54.28459429572946,22.725586027449747,3.374080720207342,0.22000490199601272,-1.0826092379680006,45.00217374393925,3.50292473445082,-0.01417620329776342,0.19336062033818385,0.19387958695413707,-35.274015033708196
2675,22.1776990999997,246.74229368568513,103.29003006968067,54.284514140590545,22.7243129426453,3.5358837252182265,0.22000490199601272,-1.082689393106918,45.003446828743705,3.488397015621752,-0.0036612056666795864,0.17537616032023307,0.1754143723746769,-46.09122855232148
2676,22.1815588999998,246.74134429544472,103.28337063082348,54.28430527008375,22.722847833452178,3.5682443262204036,0.22000490199601272,-1.082898263613714,45.004911937936825,2.7770052554053546,0.00324994976226966,0.09182649223103306,0.09188398581316143,-47.306849399162594
2677,22.193338899999617,246.74248023890024,103.28471556725177,54.284555183212355,22.723143726059273,3.4068175053807996,0.22000490199601272,-1.0826483504851083,45.004616045329726,2.102189111363886,-0.008005993375981214,0.09354362416877388,0.09388559821700594,-48.577046633629585
