frame,t_s,x_px_filt,y_px_filt,x_mm_abs,y_mm_abs,angle_deg_raw,mm_per_px,x_mm,y_mm,angle_deg_unwrapped,vx_mm_s,vy_mm_s,speed_mm_s,angular_vel_dps
335,2.768057500001305,268.6915350884764,327.3810445261299,52.40780100341977,63.855084337388796,2.153799487068522,0.1950482027138019,0.0,-0.0,1.2825910026914555,,,,
413,3.4129976000003808,268.6835134084879,327.38108048320146,52.40623638915526,63.855091350750975,2.135232023587716,0.1950482027138019,-0.0015646142645096006,-7.013362179009164e-06,1.7069233624201963,,,,
414,3.424594600001001,268.6844891919657,327.38459964960896,52.40642671396885,63.85577775783381,2.1239235028010395,0.1950482027138019,-0.001374289450922106,-0.000693420445017523,2.1311652539826436,,,,
415,3.429004600000553,268.70382188295235,327.38859223417955,52.41019752059941,63.85655650427849,2.121661798643704,0.1950482027138019,0.0023965171796405116,-0.0014721668896910955,2.1376694300718584,0.06692613479578027,-0.02227730046092536,0.07053641353605453,9.012698237803868
416,3.440934100000959,268.706572230992,327.3946486688965,52.41073397104138,63.85773780098488,2.121209457812237,0.1950482027138019,0.0029329676216107714,-0.0026534635960828723,2.1374512596715984,0.05589074510961011,-0.034145609771160754,0.06549578654808105,8.771763972393192
417,3.445187100000112,268.6939388951503,327.389776974353,52.40826986159119,63.85678758572001,2.186320367514596,0.1950482027138019,0.0004688581714162865,-0.001703248331210716,2.164529817974359,0.12278217046546028,-0.002643330306166359,0.12281062079200172,1.3971392935679674
418,3.4574315000008937,268.69032279751804,327.3935028983734,52.407564548247166,63.85751432050363,2.1341411715864154,0.1950482027138019,-0.00023645517260462157,-0.0024299831148368867,2.1578354298424305,-0.030401081765217733,0.017246784828381108,0.034952501475744635,0.8763716854637056
419,3.4620310999998765,268.6985969347311,327.39118425730817,52.40917840383958,63.857062073731115,2.259316294314842,0.1950482027138019,0.0013774004198126022,-0.001977736342318792,2.156496552216045,0.013358625571905203,0.046285091168620854,0.04817429336957527,0.7551444105827476
420,3.4738188999999693,268.7039842556554,327.39584599108485,52.41022919110332,63.857971336525786,2.0881898579840623,0.1950482027138019,0.002428187683548799,-0.002886999136990198,2.143188501117037,0.1468423028828522,-0.0013461196008553913,0.14684847276672341,-1.0118608890916658
421,3.4780814000005194,268.70974850532014,327.3948370470876,52.41135349764041,63.85777454381249,2.1145150696803086,0.1950482027138019,0.0035524942206421883,-0.002690206423693553,2.140526890897236,0.042890812874667866,0.007352282318258152,0.043516409368618024,0.48608800333984425
422,3.4892862000015157,268.71480590074407,327.3956834439008,52.412339933528266,63.85793963198968,2.119780112019558,0.1950482027138019,0.004538930108495265,-0.002855294600884406,2.112872376470463,-0.08906427169543532,-0.012906716587305857,0.0899945988696175,0.44651732781559345
423,3.494140200000402,268.70043762020555,327.3960781485729,52.409537426233136,63.858016618426575,2.120833120487408,0.1950482027138019,0.0017364228133658344,-0.0029322810377792052,2.146573765760401,-0.11563354332431641,0.06375825194819304,0.13204632154371368,0.12290787015007243
424,3.505122800001118,268.6830439753639,327.3962454892917,52.406144827068125,63.85804925793302,2.121043722180978,0.1950482027138019,-0.0016561763516449446,-0.0029649205442225934,2.1412039438259085,-0.11042709168757991,0.04163704064191753,0.11801604014706592,0.2007204491188286
425,3.5099222000008012,268.6819685744074,327.3887113357018,52.405935072044365,63.85657973481635,2.256696804433754,0.1950482027138019,-0.0018659313754056939,-0.0014953974275542237,2.128019917793502,-0.2231712855806074,0.0030296860186879576,0.22319184954893145,0.6707881979990801
426,3.5211254000005283,268.69861409184404,327.39241251410124,52.409181750303624,63.85730164301108,2.0876659600078447,0.1950482027138019,0.0013807468838535897,-0.0022173056222811738,2.125383112587021,-0.09546908081163126,0.000666961335257666,0.09547141052922864,-1.2062864147444807
427,3.525603800000681,268.68769215821493,327.3971830235448,52.40705144677911,63.858232122304074,2.053859981857526,0.1950482027138019,-0.0007495566406632292,-0.003147784915277896,2.124855751545725,-0.03229158870063451,-0.0016888968062864604,0.03233572441175906,-0.8535712115973088
428,3.536751900001036,268.69118726074515,327.3987647500268,52.40773316024593,63.858540635211575,2.1076490944550015,0.1950482027138019,-6.78431738379004e-05,-0.003456297822779675,2.097628086954653,-0.06407264613423223,-0.06159150977747723,0.08887529498860534,-0.08894794220852142
429,3.541980500000136,268.6913743908699,327.39916018164735,52.40776965964044,63.85861776343845,2.1184069169744966,0.1950482027138019,-3.1343779333781185e-05,-0.003533426049656896,2.104292653828919,-0.16079423961664419,-0.04708041399651462,0.16754507714635483,-0.0052137582694596896
430,3.5544728000004397,268.6783977969362,327.3987326113298,52.40523859831632,63.85853436661649,2.1205584814783958,0.1950482027138019,-0.002562405103446963,-0.0034500292276931077,2.1177356288492803,-0.18783637177583395,0.0004796185749673665,0.18783698410027447,1.3163764780893217
431,3.5691397999999026,268.6638239975739,327.39812217871133,52.402396004943995,63.858415302831375,2.1209887943791754,0.1950482027138019,-0.005404998475775358,-0.00333096544257927,2.1204242238533526,-0.23809396238927835,-0.0020450287150365056,0.23810274477349566,1.8974632461631225
432,3.5734016000005795,268.65047595788957,327.39746603051765,52.39979249379381,63.85828732230548,2.121074856959331,0.1950482027138019,-0.008008509625959448,-0.003202984916683249,2.148084135236979,-0.19158017952072112,0.06698902788318999,0.20295441616758808,1.6908416696242923
433,3.585347800000818,268.63883053732394,327.3999341345825,52.39752107544264,63.85876872156744,2.1210920694753623,0.1950482027138019,-0.010279927977130399,-0.0036843841786478038,2.1536161175137045,-0.17145146270971176,0.07161612714443284,0.1858076256036529,1.9513669773175522
434,3.5899286000003485,268.644456474663,327.39217408540344,52.398618404409206,63.857255137922095,2.2567064738926312,0.1950482027138019,-0.00918259901056473,-0.002170800533299655,2.1547225139690496,0.06136394179590304,0.113679762253144,0.12918444836226348,2.145189171085661
435,3.6014236000009987,268.6384471875134,327.3904171785774,52.39744630375108,63.85691245640334,2.1482183928620224,0.1950482027138019,-0.010354699668688738,-0.0018281190145472692,2.1820659856429314,0.17895073933132313,0.13756389493829244,0.225714847313642,0.3787430094582658
436,3.606169000000591,268.6620532031284,327.3851027687655,52.40205061467002,63.85587589032104,2.1265207766559007,0.1950482027138019,-0.005750388749753199,-0.0007915529322417569,2.1875346799777073,0.30554151349490294,0.11413371064428482,0.3261627206996368,-0.4968763883619288
437,3.6172826000001805,268.66074492920006,327.37658727666405,52.40179543819164,63.85421495889143,2.2577922153287386,0.1950482027138019,-0.006005565228129228,0.0008693784973630159,2.1615062264618503,0.2962513965879948,0.04872153809481953,0.3002310414575121,-0.6030542595338523
438,3.6217055000015534,268.67078620788595,327.3801575613535,52.40375397155228,63.854911336503285,2.1484355411492437,0.1950482027138019,-0.004047031867493445,0.0001730008855105325,2.144190474113171,0.2416934689043863,-0.002131351513265406,0.24170286628484292,-1.109927087134958
439,3.6336738000009063,268.6826349064637,327.37995149971334,52.40606503891436,63.85487114455073,2.126564206313345,0.1950482027138019,-0.0017359645054071393,0.00021319283806775502,2.140727323643435,0.050236557465297545,-0.06494896518370781,0.0821101685809902,-1.3427395687139818
440,3.6381240999999136,268.67408432476043,327.3850727137955,52.40439726332098,63.85587002815317,2.0616396311186262,0.1950482027138019,-0.0034037400987898536,-0.0007856907643741806,2.140034693549488,0.14335282777898334,-0.05636728976660626,0.154036698834607,-0.8753428589253888
441,3.6500226000007387,268.6748763668346,327.39090776585124,52.40455174970403,63.85700814456938,2.1092050243072213,0.1950482027138019,-0.003249253715743805,-0.0019238071805816048,2.139896167530699,0.020984664567489868,-0.024403335033283947,0.03218507274742079,0.161502308677715
442,3.6555059000002075,268.68731955557587,327.38550007378706,52.40697877130403,63.85595338395143,2.254329064859003,0.1950482027138019,-0.00082223211573762,-0.0008690465626344235,2.139868462326941,0.040084040845861535,-0.040888378015073,0.05725897123801825,-0.2221456894223376
443,3.6650430000008782,268.67905492551506,327.3853841126851,52.40536677006458,63.8559307659469,2.147742911055297,0.1950482027138019,-0.002434233355188553,-0.0008464285581055719,2.1519729829316967,0.12360996212704105,-0.0014936944682625757,0.1236189866493535,-0.641400749990656
444,3.6694320000005973,268.68554894866395,327.3871632889135,52.40663341760815,63.856277791072564,2.1264256802945556,0.1950482027138019,-0.0011675858116220184,-0.0011934536837685528,2.1422838254071404,0.14727339167027964,-0.04890752024767435,0.15518182055525792,-0.8765150325554129
445,3.682336600000781,268.6883855281816,327.3889813739862,52.40718668734492,63.85663240529838,2.122162234142407,0.1950482027138019,-0.0006143160748521836,-0.0015480679095816186,2.1132238015194167,0.06358966579658203,-0.09565983654258235,0.11486709678352007,-0.8972358879665391
446,3.6872321000009833,268.69168103780714,327.3973323185942,52.40782947057441,63.85826124203513,2.0607592366844383,0.1950482027138019,2.8467154642441983e-05,-0.0031769046463310247,2.107411796741872,0.01982162544701127,-0.055518150911330846,0.05895050395013524,-1.5745059260984173
447,3.6979300000002695,268.69300845525254,327.39960316021495,52.40808838096139,63.858704165611904,2.109028945420384,0.1950482027138019,0.0002873775416176727,-0.0036198282231083567,2.106249395786363,-0.08867516087305899,-0.035253675749370654,0.09542591791387,-1.1800458671484666
448,3.7037598000006255,268.6814155659616,327.393533297378,52.405827208740924,63.857520249774836,2.118682887167573,0.1950482027138019,-0.0019737946788467298,-0.002435912386040684,2.0939068539497536,-0.20632740333638894,-0.05856667032379011,0.21447855892921427,0.365370595476721
449,3.7142507000007754,268.66775989734975,327.392336266239,52.403163695121336,63.857286771002585,2.120613675517011,0.1950482027138019,-0.0046373082984345615,-0.0022024336137889122,2.0914383455824317,-0.26934676858342516,-0.005019526964244538,0.2693935362945406,0.6856249606796422
450,3.7191142000010586,268.6541607384976,327.3959279996652,52.400511203628795,63.857987332152,2.0604495249593593,0.1950482027138019,-0.007289799790974882,-0.002902994763203992,2.1180668362917796,-0.3604869383383582,0.09028320588735021,0.37162062641605476,0.07074307136796754
451,3.731976400000349,268.6420405508353,327.40021338419365,52.39814718280872,63.8588231887022,2.048416694847829,0.1950482027138019,-0.009653820611049468,-0.003738851313407565,2.1233925344336493,-0.2010500496867719,0.05122064293106657,0.20747211075545857,1.1532133019845103
452,3.7354463000010583,268.6343642026502,327.39247277964216,52.39664992489181,63.857313397696515,2.2421713989671246,0.1950482027138019,-0.011151078527959157,-0.0022290603077195215,2.1123476124165155,-0.17341913897004593,0.02213812386587473,0.1748264690755176,1.4554346142988543
453,3.74668180000117,268.6579425521274,327.39202536043786,52.40124883958029,63.857226129384856,2.1453113778769213,0.1950482027138019,-0.006552163839479874,-0.002141791996059794,2.1493708820414086,-0.0897997180192381,0.08103961124550618,0.12096035692390068,-0.1682089557687188
454,3.7524857000007614,268.65449876059046,327.3956900559298,52.40057713423049,63.85794092165405,2.0653890654313414,0.1950482027138019,-0.007223869189282084,-0.002856584265252593,2.1567755359663874,-0.11566846311568602,0.07677544306643865,0.13882961505958583,-0.43588908121838515
455,3.7621871000010287,268.6481675368273,327.3882062664238,52.39934224041451,63.856481221961424,2.245565873083827,0.1950482027138019,-0.008458763005258163,-0.0013968845726282098,2.131134274368571,-0.05632656296134698,-0.013305307509223253,0.05787670432007664,0.18214138125774343
456,3.767735100000209,268.6392605121365,327.3906611857466,52.39760494125704,63.856960049563135,2.0854399644727226,0.1950482027138019,-0.01019606216272706,-0.001875712174339128,2.1260060220490073,-0.18674755470748536,0.005947820966857413,0.18684224833660887,-1.5604141390738389
457,3.7787738000006357,268.63163214463566,327.3915266855968,52.39611704188636,63.85712886375337,2.1139650909780405,0.1950482027138019,-0.011683961533407228,-0.0020445263645711975,2.1249803715850946,-0.18377906076449557,0.009201007087093743,0.18400924353655962,-1.249427050520472
458,3.783817999999883,268.62535340969407,327.38883626124294,52.39489238592069,63.85660410131862,2.1196701162791043,0.1950482027138019,-0.0129086174990789,-0.0015197639298207832,2.0976530491095,-0.17671634167618996,-0.02391056453505296,0.1783266119001896,-0.7886505330057036
459,3.7957466000007116,268.61918320105633,327.3953734329865,52.39368889781553,63.857879164918025,2.060260813111778,0.1950482027138019,-0.01411210560424081,-0.0027948275292288827,2.131419838642701,-0.12874235880160376,0.06122815799263472,0.14256045132143738,-0.6498423798895474
460,3.8115404000000126,268.6117354975297,327.39659573861775,52.392236236628314,63.85811757343457,2.108929260705852,0.1950482027138019,-0.015564766791456464,-0.0030332360457734353,2.1260631349038333,-0.06966388705299636,0.05484681520377822,0.08866357931715836,-0.4209193057337323
461,3.8161923000006936,268.609988012566,327.3885013516466,52.391895392826875,63.85653877780378,2.254273912138729,0.1950482027138019,-0.015905610592895414,-0.0014544404149816614,2.1249917941560597,0.10137660767336737,0.020949885801615997,0.10351866642524235,0.16976661070345928
462,3.827503300000899,268.619301507536,327.3912384970913,52.39371197328176,63.85707265310333,2.087181572283703,0.1950482027138019,-0.014089030138009662,-0.0019883157145343944,2.1368875876520126,0.12021032841324741,0.040914314095644,0.12698229858975546,-0.4297445123718487
463,3.8314523000008194,268.6317006820598,327.39256365259314,52.396130409987755,63.857331122302284,2.1143134125402367,0.1950482027138019,-0.011670593432015153,-0.0022467849134883977,2.1271566847056955,0.10995555686263636,0.016724570656752077,0.11122021286000648,0.06941348116232349
464,3.843119099999967,268.6312985836009,327.392986494203,52.39605198140603,63.85741359679832,2.1197397805915434,0.1950482027138019,-0.011749022013738397,-0.0023292594095210006,2.125210504116432,0.1726005814029971,-0.022642405990687346,0.17407940501305647,0.7312613731973323
465,3.848553900001207,268.62730706777523,327.396777202164,52.395273443418134,63.858152967573126,2.0602747459742656,0.1950482027138019,-0.012527560001636573,-0.0030686301843303454,2.1369313296440873,0.36383198485185264,-0.036246647116811,0.36563305735183377,1.7870456657968834
466,3.85812420000002,268.63908079526414,327.38978267944725,52.39756988780409,63.85678869848838,2.244543009192412,0.1950482027138019,-0.010231115615681574,-0.0017043610995841618,2.166397687132431,0.3576552730396456,-0.003458431388126411,0.3576719937047487,2.5958041877778446
467,3.8633394000007684,268.6689407310426,327.39286345550636,52.403394014610825,63.857389598321674,2.1457856999219787,0.1950482027138019,-0.0044069888089453,-0.002305260932878639,2.1994131510129122,0.4826401121546624,0.06047536006971556,0.48641417232254536,1.2185534777631215
468,3.875185800001418,268.7042606344208,327.38688163536096,52.41028309828477,63.85622285505336,2.2616451999819542,0.1950482027138019,0.002482094865001727,-0.001138517664564631,2.218126305434516,0.5452165667995853,0.08622372129937424,0.5519924227989356,0.6576250782637298
469,3.880217600000833,268.720208835363,327.37881727163324,52.413393766215066,63.854649915402234,2.2848170999939494,0.1950482027138019,0.005592762795295414,0.0004344219865615173,2.1826366822905165,0.4895517134882494,0.010963250916277936,0.4896744561950667,-1.1562138527234276
470,3.891170900000361,268.7297348260282,327.3792273281622,52.41525179357338,63.854729896191216,2.153840518082286,0.1950482027138019,0.0074507901536122745,0.00035444119757954695,2.175538757661717,0.2575878393942635,0.02429154339626334,0.2587306979938357,-2.996841396562663
471,3.895935600001394,268.72879753707343,327.3849374472749,52.41506897704733,63.855843644661434,2.0670948934724143,0.1950482027138019,0.007267973627563151,-0.0007593072726379546,2.146996980353144,0.16040281005330373,-0.009280127149216886,0.16067103731818586,-3.525125777984164
472,3.9073648000012327,268.7262743964754,327.38778404443593,52.41457684300849,63.85639886832154,2.110296076777979,0.1950482027138019,0.006775839588719634,-0.0013145309327455834,2.1141664325086174,0.053054383135617486,-0.09540300754620568,0.10916272907344461,-1.1864663387558556
473,3.9135489000000234,268.7293057207009,327.38998342565975,52.41516809735052,63.85682785367633,2.118936313439092,0.1950482027138019,0.0073670939307461936,-0.001743516287532998,2.107600322939712,-0.1016834233046664,-0.10338854223252236,0.14501278991841388,-0.7597384115299035
474,3.921720700000151,268.73271858105414,327.3949278022157,52.41583376962853,63.85779224543711,2.1206643607713147,0.1950482027138019,0.008032766208756925,-0.0027079080483147777,2.145519355054251,-0.1523184469127963,-0.029820764209211648,0.15521013899854527,0.9406185769400157
475,3.926825500000632,268.7169091984862,327.3961638963547,52.41275017797263,63.85803334337731,2.1210099702377594,0.1950482027138019,0.004949174552862701,-0.002949005988511999,2.1531031614771594,-0.28551979219043055,-0.011736510761079753,0.2857609095333223,2.8647788364950415
476,3.9382285000010597,268.69986481182855,327.3883247265301,52.409425700988706,63.856504327392244,2.2566900540451105,0.1950482027138019,0.0016246975689355736,-0.0014199900034483903,2.1817421151445533,-0.28383544821801154,0.014287489380410747,0.2841948170145171,3.7034579468083337
477,3.943096400000286,268.68216835139464,327.3872804614177,52.40597403818667,63.856300645358914,2.1482151088925185,0.1950482027138019,-0.0018269652330999975,-0.00121630797011818,2.2145920982608445,-0.2731140924962525,0.06489134772890952,0.28071728577008903,2.0264222359446924
478,3.95385510000051,268.6879065898018,327.38392949035443,52.40709327127473,63.85564704447568,2.2621310817760625,0.1950482027138019,-0.0007077321450381646,-0.0005627070868854389,2.248284287266915,-0.11663314490255261,0.09792701621743288,0.15229245219349907,1.653751957963774
479,3.959298100000524,268.6916757441301,327.3801620600886,52.40782843805222,63.854912213973485,2.284914276352771,0.1950482027138019,2.7434632450251684e-05,0.0001721234153109208,2.227900532685317,-0.15344623698237284,0.06413291506279954,0.16630928548491447,-0.006202608555923694
480,3.9700909000002866,268.7015444243138,327.3736354857253,52.409753306385205,63.85363921737404,2.289470915268113,0.1950482027138019,0.0019523029654351376,0.001445120014757606,2.2238237817689974,0.04540544053297831,0.0422725107112112,0.06203724036273128,-1.968240544594029
481,3.9749175000015384,268.6897751441644,327.3744986541462,52.40745772944483,63.85380757682317,2.1547712811371187,0.1950482027138019,-0.0003432739749413827,0.001276760565623647,2.195886239202921,-0.06727436555090216,0.005753770068688692,0.06751996838180353,-2.8771726021032173
482,3.985600300000442,268.70539514102154,327.37819345015765,52.410504381758216,63.85452824014461,2.1278313543109197,0.1950482027138019,0.0027033783384453614,0.0005560972441855938,2.163176538306893,-0.08515025417002652,-0.042172690625382626,0.09502158502048023,-1.6875351869673492
483,3.9902300000012474,268.6944914854507,327.38108553294956,52.40837764333612,63.85509233569527,2.1224433689456803,0.1950482027138019,0.0005766399163462665,-7.998306472245531e-06,2.1566345981276873,-0.21968063190925,-0.04751845796395714,0.22476117076425758,-1.3810347579347384
484,4.001946300000782,268.6972358474369,327.3873703822608,52.40891292620911,63.85631818425776,2.1213657718726324,0.1950482027138019,0.0011119227893416905,-0.0012338468689634396,2.182448402474659,-0.10501546319735346,-0.02270065914410787,0.10744099513747844,-0.20847970127739684
485,4.006417100001272,268.6859056415467,327.38527948521363,52.40670298991385,63.855910358546645,2.256761214372085,0.1950482027138019,-0.0010980135059170948,-0.0008260211578487997,2.1876111633440534,-0.19585847175863128,-0.011057239655526204,0.19617034309096343,0.22653383932157112
486,4.020271200000934,268.6928463444687,327.37894316231905,52.40805676154436,63.85467447015424,2.2838403028719756,0.1950482027138019,0.0002557581245881124,0.0004098672345591581,2.188643715517932,-0.07607516026547421,-0.006175608460434042,0.07632540959126372,-0.5215457311992029
487,4.033693700001095,268.6812148209805,327.379579235404,52.40578805379316,63.85479853506625,2.1536451586578913,0.1950482027138019,-0.002012949626610805,0.00028580232254427074,2.1767401643072,-0.12695987262838543,-0.005779746657308519,0.12709136370831228,-1.541286355194218
488,4.039418600001227,268.6853107242881,327.3824390593393,52.4065869523718,63.855356338584905,2.1276061298150744,0.1950482027138019,-0.001214051047966791,-0.00027200119610881757,2.1472372616822413,0.00797205482925658,-0.047363573166581706,0.04802980034631429,-2.0196582272518944
489,4.050823600000513,268.67310532999784,327.38844118573326,52.40420631215207,63.85652704255052,2.061848015818972,0.1950482027138019,-0.0035946912677005116,-0.0014427051617218467,2.1142144887744365,-0.04955136856659426,-0.07079002174591073,0.08640928946362758,-2.0596440293150113
490,4.056162400000176,268.67804195749943,327.3916354429177,52.40516919247372,63.85715007667334,2.1092467012472906,0.1950482027138019,-0.002631810946049029,-0.002065739284546453,2.107609934192876,0.03415483303958394,-0.08201557278120217,0.08884315842309144,-1.3900010727775274
491,4.066696100000627,268.66778624621077,327.3931435409052,52.40316883441932,63.85744422847533,2.1187264383329545,0.1950482027138019,-0.0046321690004518246,-0.00235989108653456,2.1062890232765636,-0.028678800872622534,-0.07671115268148641,0.08189673110212553,-0.3144109100511313
492,4.0715088000015385,268.6739427163378,327.39475652731613,52.404369642852664,63.857758838575776,2.120622385750087,0.1950482027138019,-0.003431360567105912,-0.002674501186980649,2.1181349027388094,0.06839880526661052,-0.06771361935173772,0.09624723792198786,0.2841401465829075
493,4.08206120000068,268.66449550574464,327.3985930014579,52.4025269814058,63.858507135961894,2.121001575233514,0.1950482027138019,-0.005274022013971091,-0.003422798573097907,2.1205040786312583,0.06784392848960775,-0.04670067704070156,0.08236353482557024,1.0254010135727754
494,4.0869314999999915,268.67140341745176,327.4000327718488,52.40387435716878,63.858787960588955,2.121077413130199,0.1950482027138019,-0.003926646250988597,-0.0037036232001597114,2.1209779138097478,0.30031420022764205,-0.04817134236819954,0.30415308166106514,1.2645851912419956
495,4.097954000000755,268.6814388060231,327.4006902608333,52.405831741673154,63.85891620263369,2.121092580709536,0.1950482027138019,-0.0019692617466162687,-0.003831865244890764,2.1481948732282583,0.22778496667800793,-0.0162098725064365,0.22836101026921413,0.792514784748183
496,4.103038799999922,268.7067900603925,327.401609943138,52.41077645827445,63.85909558501428,2.1210956142254034,0.1950482027138019,0.0029754548546776505,-0.004011247625484771,2.1536382651119603,0.2942326317630229,-0.021010145319591125,0.2949818092705802,1.8653063307742
497,4.113814899999852,268.70053937300827,327.3963924760189,52.40955727293443,63.85807792742998,2.2567071828426393,0.1950482027138019,0.0017562695146580154,-0.002993590041185712,2.1547269434887006,0.2639193948226101,-0.011663760870216198,0.2641770055874855,1.7502086975381084
498,4.1187071000003925,268.7044927534083,327.3987731067977,52.410328372676105,63.85854226518472,2.148218534652024,0.1950482027138019,0.002527369256334566,-0.003457927795921023,2.182066871546861,0.29167925961997215,0.044195210284434,0.29500848649579636,0.2514867829728433
499,4.132597000001624,268.7134004100318,327.39955136996116,52.4120657950909,63.858694064015985,2.126520805013901,0.1950482027138019,0.004264791671133139,-0.0036097266271895023,2.175424757366013,0.11281044425306153,0.038920988745568576,0.1193358273843433,-0.10153839616468419
500,4.138259500001368,268.7225853320001,327.39178084786136,52.413857297612886,63.85717843764627,2.2577922210003387,0.1950482027138019,0.006056294193115264,-0.0020941002574730305,2.146974142147031,0.2278873748927554,-0.014695196650791123,0.22836068934936388,-0.16639237234379065
501,4.146451399999933,268.72586575438675,327.394370077688,52.41449713810354,63.85768346227037,2.0878850433211618,0.1950482027138019,0.006696134683771504,-0.0025991248815770973,2.1412840191032343,0.2500159832477582,-0.011579605662992407,0.25028399698473275,-1.7639585086783662
502,4.151549100000921,268.7379468463115,327.3989083763556,52.416853533370286,63.85856864926887,2.1144541067477287,0.1950482027138019,0.009052529950515975,-0.003484311880072255,2.140145994494475,0.24650336389434893,-0.014733724299640118,0.2469432951974352,-1.3460134096098841
503,4.16294790000029,268.75362428482003,327.40354484311234,52.41991138957454,63.85947298377671,2.119767919433042,0.1950482027138019,0.012110386154766672,-0.00438864638791614,2.112796197189911,0.21016173281263434,-0.07854103305661242,0.2243583023032778,0.15811850987709603
504,4.1670683000011195,268.75589569522845,327.40410886702807,52.420354424092324,63.85958299562776,2.1208306819701046,0.1950482027138019,0.012553420672553273,-0.004498658238965447,2.1194363375214786,0.18451888998436908,-0.06402800681954023,0.19531207443050416,0.5249372563391688
505,4.178465400000277,268.76376487839696,327.40711089595624,52.42188929412616,63.860168535974694,2.121043234477517,0.1950482027138019,0.014088290706389728,-0.0050841985858980365,2.1478865579706046,0.07889588879039726,-0.008893300488512484,0.07939554182449861,1.0780411331346793
506,4.183458900000915,268.7624820521188,327.4068314349266,52.42163908116621,63.86011402760313,2.1210857449789997,0.1950482027138019,0.013838077746441968,-0.005029690214335858,2.1535766020604297,-0.011934328365143257,-0.004578606287397518,0.01278248133431295,3.0332325983752124
507,4.19457500000135,268.75872811801014,327.4010166355871,52.420906883065214,63.858979861442826,2.256705208993359,0.1950482027138019,0.013105879645443963,-0.003895524054030375,2.1818368032612074,-0.10832961587270912,0.021387617834853146,0.11042072211219432,3.069300039572807
508,4.1990180000011605,268.7544937360455,327.40233240596706,52.42008097447341,63.85923650009062,2.148218139882168,0.1950482027138019,0.012279971053636984,-0.0041521627018212826,2.2146110358841753,-0.3110046857490141,0.08402616964458617,0.3221557259199094,1.6541740155328415
509,4.209953600000517,268.7334995326442,327.3965502035426,52.415986092832576,63.85810869189999,2.262131687973992,0.1950482027138019,0.008185089412805269,-0.0030243545111972026,2.234206157982499,-0.3778853513791666,0.11268156790315612,0.39432787694007865,1.1220048702047831
510,4.2150205000016285,268.71067285679385,327.3897488179755,52.41153379073403,63.85678209386917,2.284914397592357,0.1950482027138019,0.003732787314262964,-0.0016977564803752898,2.2110029900193515,-0.534197106362448,0.07522761051316784,0.5394680174297022,-0.6950062614926467
511,4.226030900001206,268.6889673474992,327.381044687404,52.40730017015713,63.85508436884502,2.21906135547062,0.1950482027138019,-0.00050083326264172,-3.145622429201467e-08,2.1942522566342415,-0.49822123030872517,0.05884981221047077,0.5016848559878476,-2.509445057892137
512,4.230688300000111,268.66873231539046,327.3830800805424,52.40335336351246,63.855481368618484,2.14068936917762,0.1950482027138019,-0.0044476399073118955,-0.0003970312296885936,2.163779917574407,-0.40801994076739956,0.02366328464046385,0.40870554572186546,-2.737303288905534
513,4.2425876000015705,268.668365635,327.3915997930848,52.40328184316133,63.85714312323751,2.064464472956618,0.1950482027138019,-0.00451916025843957,-0.002058785848717548,2.143603532953358,-0.1559993875078109,0.017801324316446196,0.15701177041939066,-0.5739084979114986
514,4.257983000001332,268.6744079981055,327.39734605422825,52.4044603952252,63.85826392114586,2.1097699926748197,0.1950482027138019,-0.0033406081945699384,-0.0031795837570669505,2.1536501728382302,-0.11152402215294008,0.01935427678354998,0.1131909693702803,0.5379801286892755
515,4.262653300000238,268.68354035401853,327.39177883533443,52.40624164483258,63.857178045106515,2.1840324744871125,0.1950482027138019,-0.0015593585871869209,-0.0020937077177194396,2.1827816931980175,0.11549481694586713,0.07335968468158971,0.136823594741337,3.217425670357577
516,4.273811700000806,268.674264910282,327.3825134954547,52.404432486202396,63.85537085721544,2.269294554894981,0.1950482027138019,-0.0033685172173747446,-0.00028651982664484876,2.227840289445268,0.1572685241170037,0.12603186119362217,0.2015376359737035,3.448262611129916
517,4.279083299999911,268.6820397383127,327.3775192430043,52.4059489524362,63.85439673725109,2.2863469709765547,0.1950482027138019,-0.0018520509835724397,0.0006876001377023044,2.2639742010775303,0.0717759976101065,0.16969849650160077,0.1842535577616612,3.2727290570123806
518,4.289821000000302,268.6932073833086,327.37070885127844,52.408127181521195,63.853068382585185,2.28975745419287,0.1950482027138019,0.00032617810142454573,0.002015954803610498,2.258160707830252,-0.012471689732044797,0.10322579797854162,0.10397648009564027,1.765846809883549
519,4.294986400000198,268.6839143336201,327.3668547640891,52.40631458888173,63.8523166498058,2.2904395508361324,0.1950482027138019,-0.0014864145380428795,0.002767687582995393,2.2569980091807964,-0.0691662626282771,0.07814723529182846,0.10435977323528545,0.2514741468069026
520,4.306024700001217,268.6816597357488,327.3725059273504,52.40587483361908,63.853418899043156,2.1549650082507226,0.1950482027138019,-0.0019261698006900474,0.0016654383456398136,2.2426835526418234,-0.10267075961702443,0.05436084098965187,0.11617394679289772,-1.6590205651705348
521,4.3108198000009,268.6707048509294,327.37160701162276,52.40373810302412,63.85324356714609,2.263481061647703,0.1950482027138019,-0.004062900395652491,0.001840770242708345,2.225738744524947,-0.21263047302246835,0.06631974101057095,0.22273308264707298,-0.7106794454591512
522,4.3221284999999625,268.67767071956825,327.3677888378666,52.40509678318247,63.852498839217304,2.214774688281689,0.1950482027138019,-0.002704220237298216,0.0025854981714914516,2.1952275905187593,-0.14288012154437071,0.014210859271154092,0.14358508854946844,-1.0895576599453132
523,4.327132899999924,268.6687691813569,327.3630806323182,52.403360554152954,63.851580512187084,2.2050334136084864,0.1950482027138019,-0.004440449266816415,0.0035038252017116633,2.216247552100334,-0.03800517969120172,0.05493329854984982,0.06679865996356113,-1.0250266681191496
524,4.337946000001466,268.66864950969466,327.369456681517,52.40333721241032,63.85282414912373,2.1378837808051934,0.1950482027138019,-0.0044637910094493805,0.0022601882650690186,2.1933293520338366,0.08515967462363495,0.02361685079173298,0.08837378470633898,-0.08516236913017375
525,4.342651300001307,268.68033834177913,327.3669537089535,52.40561709810022,63.852335948823765,2.2600648161585974,0.1950482027138019,-0.0021839053195478186,0.0027483885650312345,2.188745712020537,-0.014608822985812307,0.031397955717109564,0.034630179500608586,0.5677256503902401
526,4.353946600000199,268.69019566942916,327.37390395458215,52.40753975214192,63.853691581742055,2.1488900613152158,0.1950482027138019,-0.0002612512778483733,0.0013927556467407953,2.2019109008269595,0.020495563264023874,0.010473344685498969,0.023016495441549618,-0.26428693267955616
527,4.3585952000012185,268.6811701331776,327.37140720202444,52.40577933751752,63.85320459464305,2.191856488215192,0.1950482027138019,-0.00202166590224806,0.001879742745742874,2.2045439385882437,0.016660539274138596,-0.029494956000836944,0.033875153112516286,1.5552486309252878
528,4.371684100000493,268.66966692294284,327.36611382443186,52.403535657035796,63.85217213085733,2.270859357640597,0.1950482027138019,-0.0042653463839741335,0.0029122065314624024,2.2050705461405005,-0.04176463535676842,-0.05300438170105627,0.06748147335376652,1.6225467284027426
529,4.37558590000117,268.66924015602865,327.3724122451705,52.4034524169162,63.85340062650234,2.1510489696116157,0.1950482027138019,-0.004348586503567731,0.0016837108864535821,2.2322980600337643,-0.1294516335798123,-0.019206450829226035,0.13086868681979452,1.3274963197735825
530,4.3874964000006,268.68098954340167,327.3732544284801,52.4057441138063,63.85356489284324,2.2626978539198817,0.1950482027138019,-0.002056889613470503,0.0015194445455577466,2.224703287238687,0.019546008164477435,-0.05654753873551113,0.0598303482541256,1.739163636160213
531,4.3924009000002115,268.6742451885848,327.3720230187411,52.4044286395208,63.85332470858684,2.285027630781535,0.1950482027138019,-0.0033723638989684446,0.0017596288019561257,2.223184332679671,0.16209119356898968,-0.07266113229714587,0.17763219071813255,1.9459047821322202
532,4.402618400001302,268.6934331233181,327.37631569120873,52.40817121170432,63.85416198663649,2.1538826242398033,0.1950482027138019,0.0003702082845506993,0.0009223507523046237,2.2500027341506805,0.13755642567895082,-0.004135509763607221,0.13761857682222126,0.5679390573006253
533,4.407612800001516,268.7072938277045,327.3763588910639,52.41087471718324,63.85417041269059,2.263264584845519,0.1950482027138019,0.0030737137634702094,0.0009139246982030613,2.2553664144448824,0.1432631709497332,0.02747199639042843,0.14587339283175732,1.5882000284337259
534,4.419752700001482,268.6983307201097,327.37463018907454,52.40912647915614,63.85383323247454,2.2851409769666624,0.1950482027138019,0.001325475736372539,0.001251104914253176,2.2564391505037227,0.24055426868097962,0.023800988460172798,0.2417288630518131,1.7783984888347915
535,4.425877000001492,268.7052681048321,327.370101028714,52.410479603577784,63.85294982788641,2.289516255390891,0.1950482027138019,0.0026786001580134666,0.0021345095023832528,2.283775890098303,0.08457350475373941,0.04964115413822017,0.09806590585165323,0.2626892161968061
536,4.434402599999885,268.7148073216182,327.3687627449715,52.41234021066721,63.85268879804772,2.290391311075737,0.1950482027138019,0.004539207247439947,0.0023955393410730608,2.289243238017219,-0.07083394537467802,0.053465519728591385,0.08874688511261263,-0.47920024202987943
537,4.439656900000045,268.70366520931077,327.3674897585085,52.41016696168721,63.85244050432603,2.290566322212706,0.1950482027138019,0.002365958267439794,0.002643833062762724,2.26321451521819,-0.02357271254275169,0.016418246102463945,0.02872684426985107,-0.7271988220270662
538,4.451923200000238,268.6888404966636,327.3663933136506,52.40727542812963,63.852226644727125,2.2906013244401,0.1950482027138019,-0.0005255752901405231,0.0028576926616707965,2.230886578275572,-0.1240663230096094,-0.033755150876413266,0.12857629142191868,-1.6501322256479256
539,4.457537500000399,268.6914972335409,327.3709257209908,52.407793619882625,63.853110682632796,2.1549973629715162,0.1950482027138019,-7.383537145244645e-06,0.0019736547560000872,2.224420990887048,-0.26783605756723644,-0.03629981753262277,0.2702847211480177,-1.7888215782244306
540,4.466100300000107,268.67913804129535,327.37560649128284,52.40538298164814,63.85402365846558,2.1278765706777993,0.1950482027138019,-0.002418021771632084,0.00106067892321704,2.2231278734093434,-0.15778530750897918,-0.053915146816851625,0.1667424550676455,-0.35616799139933353
541,4.471058500001163,268.666412317941,327.3751516228207,52.40290085217965,63.853934937189564,2.2580633741331186,0.1950482027138019,-0.004900151240121886,0.0011494001992318204,2.2228692499138027,-0.12923378465827554,-0.05438330841645495,0.14021025401667594,0.241349018132892
542,4.483310500001608,268.6749954134696,327.37771582318567,52.40457496953622,63.85443507986216,2.2841007348241824,0.1950482027138019,-0.003226033883549917,0.0006492575266392464,2.2499397175975067,-0.05359208245104591,-0.015701085993163864,0.05584474373479056,-0.4603000196047396
543,4.498688100000436,268.66766547934395,327.37652581858936,52.403145279059,63.85420297160442,2.289308206962395,0.1950482027138019,-0.004655724360773661,0.0008813657843731448,2.2553538111342477,0.039953385413373614,-0.030479359606662412,0.050252008596889136,-0.5285555788209371
544,4.504276100000425,268.68114519063676,327.37549589556534,52.40577447251976,63.85400208696965,2.2903497013900376,0.1950482027138019,-0.0020265309000109255,0.0010822504191452254,2.2293144374587834,0.07163063428191452,-0.0632242730964461,0.09554190952772185,-1.5024059268104744
545,4.5148549000005005,268.6912442444365,327.38528632740696,52.407744274812515,63.855911693104154,2.1549470383615037,0.1950482027138019,-5.672860725525197e-05,-0.0008273557153586353,2.2241065627236902,0.11916576241957534,-0.05212127584940786,0.1300657769330916,-2.0437998752091064
546,4.5205776000002516,268.6812033950935,327.38956499005485,52.40578582519444,63.856746238563645,2.127866505755797,0.1950482027138019,-0.0020151782253279293,-0.0016619011748488788,2.1959427953938593,0.21524910281369292,-0.07106711915475959,0.2266775500287943,-2.159029851433923
547,4.531899800000247,268.7029317691835,327.38871204829496,52.41002390550859,63.85657987380636,2.258061361148718,0.1950482027138019,0.002222902088817591,-0.0014955364175648356,2.1903100419278934,0.2048008200204126,-0.05629123142027538,0.21239604190249034,-0.6403825993196078
548,4.5369274000004225,268.7129186112412,327.3907647430308,52.41197182110273,63.8569802482253,2.1484893703132397,0.1950482027138019,0.0041708176829615695,-0.0018959108365024235,2.1891834912347,0.07463404898316604,-0.0240485252092858,0.07841283589032655,-0.33617619608666605
549,4.546096699999907,268.7325814594509,327.3856016471835,52.41580702430626,63.85597319565984,2.2621859340602066,0.1950482027138019,0.008006020886490717,-0.0008888582710468995,2.216080373478874,0.15476236853573497,0.013387532314653375,0.15534032553160992,1.1792333820398306
550,4.5513258000009955,268.7201250401557,327.38611903972554,52.41337742211049,63.85607411214527,2.1493142848955378,0.1950482027138019,0.005576418690722562,-0.0009897747564764359,2.2214597499277087,0.10288353716363657,0.03417249139815812,0.1084102457688321,0.9157243251177654
551,4.561944000000949,268.7233051858202,327.38386801676734,52.413997703806714,63.855635054163,2.2623509169766662,0.1950482027138019,0.006196700386944087,-0.0005507167742067054,2.2496578176002884,0.054779968825641956,0.05812104794501306,0.07986802363126817,1.1531515543549566
552,4.566595300000699,268.72604571784177,327.381039330852,52.414532239652004,63.85508332405917,2.284958243392892,0.1950482027138019,0.006731236232234039,1.0133296228787003e-06,2.241215514325722,0.14444359336891466,0.07040670312543487,0.16068931361580174,0.6651840189745013
553,4.5783824999998615,268.7349248205737,327.3786155456036,52.41626409268158,63.85461056910272,2.289479708676137,0.1950482027138019,0.008463089261809387,0.00047376828607781363,2.252567329244539,0.30885211513638744,0.08801569544400831,0.32114855078096294,0.46746795730721113
554,4.582982800000536,268.75536359039734,327.3745763717525,52.420250638001356,63.853822735502604,2.219974417687376,0.1950482027138019,0.012449634581585656,0.0012616018861919542,2.254837692228303,0.2995844532010156,0.09417846829738294,0.31403889646123884,-0.05996747308731619
555,4.594289900000149,268.7760830240642,327.3705911144225,52.424291926299325,63.85304541822304,2.206073359489624,0.1950482027138019,0.016490922879555114,0.002038919165755715,2.2552917648250554,0.28394949095615324,0.0852533825634051,0.29647167259750273,0.30337188506178153
556,4.5992099000013695,268.7763876993754,327.3687708254806,52.42435135267119,63.85269037413651,2.2737027318954834,0.1950482027138019,0.01655034925141763,0.002393963252288245,2.255382579344406,0.3860692398287262,0.1087399386265821,0.4010908029292661,-1.0021746519478918
557,4.610183600001619,268.7784551401759,327.36460786750297,52.42475460328354,63.85187839666499,2.2872286063766554,0.1950482027138019,0.01695359986376843,0.003205940723802314,2.255400742248276,0.2612089843070406,0.08212404896651371,0.27381470541475694,-1.6744867946010267
558,4.614702599999873,268.7936891024268,327.36095787507884,52.42772596024079,63.85116647220274,2.2899337812728895,0.1950482027138019,0.019924956821022022,0.003917865186053859,2.230253999462839,0.22747073918105737,0.1150449006242476,0.2549083489084256,-1.935267215279432
559,4.6259129000009125,268.807614170138,327.3587636386916,52.43044201967052,63.85073849033908,2.2200652322067267,0.1950482027138019,0.02264101625075199,0.004345847049712859,2.198102458522939,0.26057260678706456,0.12548672267370672,0.28921445499005394,-1.962492416016901
560,4.631001200001265,268.8125373926322,327.35267613916506,52.43140228536958,63.84955113449741,2.080339645562439,0.1950482027138019,0.023601281949808595,0.005533202891385258,2.191672150334959,0.309830486693624,0.17655325586185772,0.35660339684337067,-0.8342103131076104
561,4.641930800000409,268.82248859620495,327.3457068765881,52.433343249741284,63.84819179235754,2.112945027195984,0.1950482027138019,0.02554224632151403,0.0068925450312562475,2.190386088697363,0.20787879827241978,0.19156767887700074,0.2826867000081664,0.7852876769573198
562,4.647083700001531,268.82996602112155,327.3370065531314,52.4348017080322,63.84649480990428,2.2550770654367556,0.1950482027138019,0.02700070461242632,0.008589527484517134,2.219464241665254,0.23148139969223205,0.30938602979096086,0.3863979216213361,1.6822320471407106
563,4.659309600001507,268.83922826065145,327.3224260767594,52.43660829120561,63.84365091419321,2.2835034730849095,0.1950482027138019,0.028807287785838298,0.011433423195583714,2.250430247625043,0.22346429473540916,0.38239909027409286,0.44290558278717557,1.697615615136038
564,4.663140399999975,268.84630456272146,327.3101063360844,52.43798851120622,63.84124797091665,2.365455997046181,0.1950482027138019,0.03018750778645085,0.013836366472148143,2.256623448817001,0.2546135789011037,0.6901712882585995,0.7356388255777174,-13.542768266070365
565,4.673961899999995,268.85455099419596,327.27690555130624,52.43959696284413,63.834772217516985,2.235169675361385,0.1950482027138019,0.031795959424357534,0.020312119871810808,2.2437802103932833,0.23255501264321504,0.8211293839337215,0.8534256259715072,-22.75255982837561
566,4.678797700000359,268.8628152998185,327.2356692589203,52.441208900802486,63.826729152800525,2.1439110331557734,0.1950482027138019,0.0334078973827161,0.028355184588271243,1.874713950709028,0.4282045346672061,0.5267970703127908,0.6788772177645218,-41.43354435420669
567,4.690072400000645,268.8728006877476,327.17878273221055,52.443156532771454,63.815633538007155,2.1908608733181665,0.1950482027138019,0.0353555293516834,0.03945079938164042,1.4191496382863371,0.46026204624551487,0.5289602863678979,0.7011705468489938,-44.538442197006255
568,4.694953199999873,268.9009775767221,327.20978815131434,52.44865238432399,63.82168108927774,0.43817217466363334,0.1950482027138019,0.04085138090422191,0.03340324811105688,0.9756210806113691,0.4934030520925816,0.7302638043031657,0.8813238880738494,-49.15281776330241
569,4.705765000000611,268.92983423793055,327.1744181681997,52.45428082422902,63.814782237641204,0.08763443493272667,0.1950482027138019,0.04647982080925317,0.040302099747592024,0.8252526951261803,0.33989413034552135,0.9935607402702286,1.0500909315148201,-36.94167212535957
570,4.721532100000331,268.9552445091897,327.04468028667884,52.45923705196859,63.78947709702667,0.017526886986545333,0.1950482027138019,0.051436048548822555,0.06560724036212662,0.44276328469174003,0.3507993724478315,1.193461160848529,1.243949252246132,-29.130403656345276
571,4.726543800001309,268.94408761655524,326.96811739832987,52.45706092011237,63.774543643259626,1.3920691057298287,0.1950482027138019,0.04925991669259844,0.08054069412916931,0.366265402604852,0.26183785426411155,2.3476774829327134,2.3622338211521132,-11.085270804649777
572,4.7378806000015175,268.95729723372864,326.8528234169653,52.45963743220058,63.752055759410744,0.27841382114596575,0.1950482027138019,0.05183642878080974,0.10302857797805132,0.3509658261874744,0.20936565458928913,2.5503353902404067,2.5589147269954675,-13.275747928158786
573,4.742614100001447,268.9738290081392,326.7428384226007,52.462861925087026,63.730603383934444,0.05568276422919315,0.1950482027138019,0.055060921667255514,0.12448095345435206,0.3479059109039989,0.2479733114824592,2.884732915649481,2.8953712642490483,-10.81183083150364
574,4.753809700001511,268.9886507334801,326.6480509142439,52.46575287597589,63.712115250789736,0.011136552845838631,0.1950482027138019,0.05795187255611722,0.14296908659905938,0.06958118218079977,0.3666398623219784,2.500190156649618,2.5269300758135596,-7.951002159353382
575,4.75847210000029,269.0007790163778,326.56971994291644,52.46811847575709,63.69683693561549,0.002227310569167726,0.1950482027138019,0.06031747233731721,0.1582474017733091,0.013916236436159954,0.37767774962968165,2.494539274648872,2.522967830815736,-7.772167040813149
576,4.770072400000572,269.0102426666921,326.5068556449088,52.469964343742,63.68457536727423,0.0004454621138335452,0.1950482027138019,0.06216334032222903,0.17050897011456811,0.0027832472872319908,0.25953734679932183,1.7210303316624305,1.7404898841664456,-7.651111269865758
577,4.774962000001324,269.017323545091,326.45783726327795,52.47134545634735,63.67501442003719,8.909242276670904e-05,0.1950482027138019,0.06354445292758015,0.18006991735160227,0.0005566494574463981,0.23424853115293132,1.6036148051013652,1.6206334617943674,-2.682754691486462
578,4.785781399999905,269.02234388676106,326.420977870507,52.4723246649671,63.667825061724095,1.7818484553341808e-05,0.1950482027138019,0.06452366154732658,0.1872592756647009,0.00011132989148927963,0.1390245619625974,1.0083403232540877,1.017879185526971,-0.2952439500428552
579,4.790620300000228,269.0256131323348,326.3945739964353,52.472962325440484,63.66267503354174,3.563696910668362e-06,0.1950482027138019,0.0651613220207139,0.19240930384705734,2.2265978297855924e-05,0.112696202478939,0.8816027924580742,0.8887766410764001,13.344908716450567
580,4.802004300001499,269.0274375238064,326.3770324761596,52.47331816971807,63.65925359153909,7.127393821336724e-07,0.1950482027138019,0.0655171662982994,0.1958307458497046,4.453195659571186e-06,0.055247587935306784,0.5054406916825717,0.508451166564918,14.586895885038672
581,4.8067036000011285,269.0280996153266,326.3668334974579,52.47344730947911,63.6572642990738,1.4254787642673447e-07,0.1950482027138019,0.06564630605934241,0.19782003831499395,0.3159903086689171,-0.014310661422417513,0.488412248591408,0.4886218574771931,15.126944987547011
582,4.817685699999856,269.02783026271834,326.3626358035637,52.47339477273698,63.6564455464242,2.8509575285346896e-08,0.1950482027138019,0.06559376931721062,0.19863879096459414,0.3791874797635686,-0.048148104921718685,0.26709680804353025,0.2714018144276034,15.17546432995614
583,4.8224390000013955,269.0215602268124,326.3485172272581,52.47217181350258,63.65369174349092,1.579947095850841,0.1950482027138019,0.06437081008280643,0.20139259389787867,0.3918269139824989,-0.06609517877995154,0.13662777114353236,0.15177523021100384,15.1976259071895
584,4.833714600001258,269.0193976250625,326.3509613990997,52.47175000191807,63.654168474815734,0.3159894191701682,0.1950482027138019,0.06394899849829727,0.20091586257306204,0.39435480082628493,-0.0762132559356827,0.015147754789323092,0.07770402084496873,-3.6872320727768493
585,4.838342600000033,269.01801011183204,326.35930864811473,52.47147936995623,63.65579659073373,0.06319788383403364,0.1950482027138019,0.06367836653645753,0.19928774665506666,0.39486037819504216,-0.08739016218408087,-0.09972082498649915,0.13259443194398454,-7.478302380660407
586,4.849963300001036,269.0166332652627,326.3702760756029,52.47121081850747,63.657935767753685,0.012639576766806729,0.1950482027138019,0.06340981508770227,0.19714856963511096,0.07897207563900843,-0.04142686951856281,-0.2607386416953351,0.26400913770405066,-8.237924360279932
587,4.854749200001606,269.0151446444407,326.3825394168499,52.470920465691606,63.66032771042318,0.0025279153533613458,0.1950482027138019,0.0631194622718354,0.19475662696561358,0.01579441512780169,-0.046930470830101004,-0.35818136517439275,0.3612427984756605,-8.389193907855201
588,4.865842500001236,269.0135823036883,326.3953785065562,52.47061573393582,63.66283195179488,0.0005055830706722691,0.1950482027138019,0.06281473051605246,0.19225238559391755,0.003158883025560338,-0.04073302601986032,-0.33202156587688214,0.3345108363208454,-8.420160484392298
589,4.8705913000012515,269.0120015329533,326.40826998064296,52.47030740744507,63.66534641064583,0.00010111661413445383,0.1950482027138019,0.06250640402529939,0.1897379267429642,0.0006317766051120675,-0.048109810133510705,-0.3900451172580594,0.3930009507977503,-2.9876243384876253
590,4.88167760000033,269.0104390429063,326.4208312280709,52.47000264656964,63.66779645938049,2.0223322826890768e-05,0.1950482027138019,0.06220164314986931,0.1872878780083056,0.00012635532102241352,-0.040772740450346664,-0.3274179449441948,0.3299468548650087,-0.34781380856519123
591,4.8865937999999005,269.00892689939843,326.4327834906115,52.46970770569619,63.6701277267074,4.044664565378154e-06,0.1950482027138019,0.061906702276417036,0.18495661068139668,2.5271064204482706e-05,-0.04661017572578399,-0.3714406808967211,0.3743536935923142,-0.12019029142410366
592,4.8982309000002715,269.00749600707616,326.443919749606,52.46942861272045,63.67229983400923,8.089329130756309e-07,0.1950482027138019,0.0616276093006789,0.18278450337956542,5.054212840896542e-06,-0.03781406948766107,-0.2977837093075706,0.3001750179148714,4.566653893965449
593,4.902692999999999,269.00619986846823,326.454119585839,52.469175803214505,63.67428929373446,1.617865826151262e-07,0.1950482027138019,0.06137479979473426,0.18079504365433507,1.0108425681793086e-06,-0.04085472434779922,-0.3196745950898414,0.32227465809056216,6.691027826682582
594,4.913809100000435,269.0050060828397,326.4633071181394,52.46894295747324,63.67608130539703,3.235731652302524e-08,0.1950482027138019,0.06114195405346834,0.17900303199176903,0.2545826454058184,-0.02803299637941326,-0.10535606606983068,0.10902178472084707,11.112671433750535
595,4.918623300000036,269.003952326374,326.47146337621456,52.4687374241685,63.67767216887545,6.471463304605049e-09,0.1950482027138019,0.060936420748731734,0.1774121685133423,0.3054989723184684,-0.024848020138514743,-0.07048286653782965,0.0747345875762591,11.752587866595105
596,4.930003999999826,269.00419242729663,326.4366066887802,52.46878425542193,63.67087343463883,1.2729122174808163,0.1950482027138019,0.060983252002159816,0.18421090274996743,0.5568719654842016,0.2614687206159756,0.42167657750232157,0.4961622999328209,12.170427605354131
597,4.945725400000811,269.0035429188359,326.43759710676534,52.468657569964016,63.671066613886765,0.25458244349616327,0.1950482027138019,0.06085656654424554,0.1840177235020306,0.6071465641173481,0.2777042033441636,0.4437545488821375,0.5234861260898955,3.1566810000511873
598,4.950540300000284,269.03748393527536,326.38785691829287,52.47527770421881,63.66136487952256,1.2568651276152483,0.1950482027138019,0.06747670079904111,0.19371945786623712,0.6172014838439774,0.9525275057071592,1.0841093381933091,1.4431222076756482,-1.1105001770173715
599,4.961934500001007,269.0410024535454,326.3908256187334,52.4759639848836,63.661943919207886,0.2513730255230497,0.1950482027138019,0.06816298146382849,0.19314041818091,0.36463002455199867,1.2550139525014514,1.2296183878627307,1.7569921458969178,-9.921680989108754
600,4.966629300000932,269.12118963926525,326.32171305751535,52.491604351338935,63.648463638357356,0.05027460510460994,0.1950482027138019,0.0838033479191651,0.20662069903143987,0.3141157326936029,1.9410640979415281,1.8300309211190176,2.6677224376927366,-12.73576666664522
601,4.9780682000000525,269.2101298683124,326.24401011252337,52.508951983163534,63.6333078185911,0.010054921020921988,0.1950482027138019,0.10115097974376397,0.22177651879769655,0.06282314653872058,1.9104521199831477,1.6398311385826414,2.5177119505243932,-13.333953077958364
602,4.982690700000603,269.2912333337773,326.17315462774025,52.52477106833633,63.61948758363174,0.0020109842041843976,0.1950482027138019,0.1169700649165577,0.2355967537570578,0.012564629307744117,2.3493930480099645,2.0410001093054078,3.1121261446513118,-8.980418463197815
603,4.99382660000083,269.3609934530732,326.11241097138816,52.53837765422609,63.607639642634,0.00040219684083687957,0.1950482027138019,0.13057665080631864,0.24744469475479747,0.002512925861548823,1.849200972522054,1.6098996327971684,2.451799556337542,-6.835698022843807
604,4.99886510000033,269.41924311424486,326.06190859001504,52.54973914594631,63.5977892439144,8.043936816737592e-05,0.1950482027138019,0.14193814252654136,0.25729509347439716,0.0005025851723097647,1.1584949602561208,1.6162331496981812,1.9885472504122537,-2.4455013842844404
605,5.010026300000391,269.4667645139128,326.02094742338267,52.559008109541985,63.589799841981694,1.6087873633475184e-05,0.1950482027138019,0.15120710612221444,0.2652844954071014,0.00010051703446195294,0.2521330870033598,1.102786956984846,1.1312427529304843,-0.27126557597840417
606,5.0146841000005224,269.4205088775016,325.98855137000584,52.5499860307946,63.58348104999553,3.217574726695037e-06,0.1950482027138019,0.14218502737482908,0.271603287393269,2.0103406892390594e-05,0.1802408305329405,1.0535568974754295,1.0688633650795862,-0.0908855384407503
607,5.026135300000533,269.35536373060586,325.96374398263816,52.53727958697706,63.57864241367544,6.435149453390074e-07,0.1950482027138019,0.1294785835572867,0.27644192371335663,4.020681378478118e-06,-0.14920725414394032,0.7066186045521707,0.7221998732957736,-0.011097863251698252
608,5.030485900000713,269.37459990481943,325.94550295122593,52.54103156818451,63.57508453328283,1.287029890678015e-07,0.1950482027138019,0.13323056476473738,0.27999980410596237,8.041362756956238e-07,-0.04062675093097945,0.6280388469249041,0.6293515123823656,-0.003898494385220532
609,5.041675100001157,269.4094611334314,325.9328631645643,52.54783118816967,63.5726191656118,2.57405978135603e-08,0.1950482027138019,0.1400301847498966,0.28246517177699815,1.6082725513912478e-07,0.44254242549174355,0.37017820057153844,0.576953809709666,-0.00044607516809446146
610,5.046459300001516,269.4431474488852,325.9249424757114,52.55440164345498,63.571074249486784,5.1481195627120604e-09,0.1950482027138019,0.14660064003521,0.2840100879020113,3.216545102782496e-08,0.8588697030569982,0.29350831525219945,0.9076366552488946,-0.0001654033555781383
611,5.05816810000033,269.4718937347799,325.9209023669747,52.56000855485343,63.57028623353892,1.029623912542412e-09,0.1950482027138019,0.15220755143366205,0.28479810384987303,6.43309020556499e-09,0.4535670659907032,0.12462269395174495,0.4703763378393998,-1.7555310489791765e-05
612,5.0628527000008035,269.4952393638707,325.9199610043413,52.56456207784883,63.57010262244918,2.0592478250848243e-10,0.1950482027138019,0.15676107442905618,0.28498171493961877,1.286618041112998e-09,0.360451268833495,0.05370406861784989,0.36443002646569506,-6.0650172293782435e-06
613,5.073866700000508,269.4295044210458,325.9214651656361,52.55174059539533,63.57039600640632,4.118495650169649e-11,0.1950482027138019,0.14393959197555972,0.28468833098247615,2.5732360822259964e-10,0.14768268175448207,-0.027186589406895317,0.15016419391377808,-6.871391239785274e-07
614,5.078735700000834,269.4330520696169,325.924816669827,52.55243255787298,63.571049711275144,8.236991300339298e-12,0.1950482027138019,0.14463155445321263,0.2840346261136517,5.1464721644519934e-11,0.20341762723380627,-0.08671843523691945,0.2211307714438937,-2.4794693819878514e-07
615,5.089938900000561,269.4508304612519,325.9294997607185,52.55590020120853,63.571963139736674,1.6473982600678596e-12,0.1950482027138019,0.1480991977887598,0.28312119765212174,1.0292944328903986e-11,0.06620229270688976,-0.11660340554080344,0.13408615791110498,-2.82583941242391e-08
616,5.094689900000958,269.46928262752,325.93511084105853,52.559499263075296,63.57305757087228,3.2947965201357195e-13,0.1950482027138019,0.1516982596555252,0.28202676651651615,2.0585888657807976e-12,0.39610643699290027,-0.1591349375055517,0.4268773099640063,-9.58033429211475e-09
617,5.105596000001242,269.4852710963331,325.94127435333104,52.562617785181445,63.57425975286343,6.589593040271439e-14,0.1950482027138019,0.15481678176167435,0.2808245845253623,4.117177731561595e-13,0.40357171468599196,-0.15494376800504703,0.4322935346939548,-1.1256238618283288e-09
618,5.110825700001442,269.49828615787237,325.9476904145046,52.56515634954289,63.57551119406384,1.3179186080542878e-14,0.1950482027138019,0.15735534612311852,0.27957314332495287,8.23435546312319e-14,0.4029596879975704,-0.1884436698773814,0.4448455089893061,-3.9116143824456767e-10
619,5.121900699999969,269.50847504288606,325.9541238365363,52.56714367325247,63.57676602146843,2.635837216108576e-15,0.1950482027138019,0.15934266983269652,0.27831831592036593,1.646871092624638e-14,0.2708098218658483,-0.16327508829078122,0.31622257047113966,-4.457210567361349e-11
620,5.126799499999834,269.51617210544805,325.9603784933138,52.56864497147136,63.57798598103146,5.271674432217152e-16,0.1950482027138019,0.16084396805158718,0.27709835635733526,3.2937421852492763e-15,0.24165227163371522,-0.1834802113309349,0.3034152407770239,-1.4391707453720954e-11
621,5.137918800000989,269.5216898159128,325.96633668875813,52.5697211909806,63.5791481163443,1.0543348864434306e-16,0.1950482027138019,0.16192018756083115,0.2759362210444962,6.587484370498553e-16,0.15245933371223735,-0.1542560039971316,0.21688421612727476,-1.7973874463354136e-12
622,5.143055600001389,269.52538095007196,325.9719003342989,52.57044114006432,63.58023329540756,2.1086697728868613e-17,0.1950482027138019,0.1626401366445478,0.2748510419812362,1.3174968740997108e-16,0.1240431651304752,-0.16948484164150038,0.21002813707175236,-6.086654775766748e-13
623,5.153729300000123,269.5275396955258,325.9769991314263,52.570862199485205,63.58122780662326,4.217339545773723e-18,0.1950482027138019,0.1630611960654349,0.27385653076553496,2.634993748199422e-17,0.06243004838241027,-0.13359426131364055,0.1474616478850259,-7.085368331241702e-14
624,5.158458600000813,269.52844559282676,325.9815926173292,52.5710388931256,63.58212375779282,8.434679091547446e-19,0.1950482027138019,0.16323788970583308,0.2729605795959742,5.269987496398844e-18,0.04088946510089223,-0.12167759477907275,0.12836426849967758,-2.346956834382348e-14
625,5.16989040000044,269.5283516325817,325.98567067630495,52.57102056634867,63.5829191758666,1.6869358183094893e-19,0.1950482027138019,0.1632195629289015,0.27216516152219583,1.053997499279769e-18,0.0003585186059805786,-0.10625057836435921,0.10625118323271356,-2.9585604034257255e-15
626,5.185444100001405,269.52748127972745,325.98925366761137,52.57085080558873,63.58361803188125,3.373871636618979e-20,0.1950482027138019,0.16304980216895615,0.2714663055075448,2.107994998559538e-19,-0.013523324312783958,-0.09615960416243943,0.09710586889135883,-9.841858624513069e-16
627,5.189908899999864,269.5260506177834,325.9923237928794,52.57057175754785,63.58421685429689,6.747743273237958e-21,0.1950482027138019,0.16277075412808273,0.2708674830919051,4.215989997119076e-20,-0.0385884002696658,-0.07633712131210245,0.08553607850252774,-9.301336161040939e-17
628,5.201773600001616,269.5242281085474,325.9949223788839,52.57021628039694,63.58472370382667,1.3495486546475918e-21,0.1950482027138019,0.16241527697717117,0.27036063356212736,8.431979994238154e-21,-0.04599324822188269,-0.06846083322444949,0.08247584232843944,-1.9278202190887463e-17
629,5.2064380000010715,269.5221245320197,325.99708264550225,52.56980598157594,63.585145059947955,2.6990973092951837e-22,0.1950482027138019,0.162004978156169,0.2699392774408409,1.6863959988476305e-21,-0.06316771637273547,-0.07106047196396902,0.09507760549934131,-8.447433821320391e-18
630,5.2177615000000515,269.5198820241182,325.9988357858873,52.569368584440184,63.58548700682917,5.398194618590367e-23,0.1950482027138019,0.1615675810204138,0.26959733055962687,3.3727919976952615e-22,-0.058445658485384404,-0.04792715470449275,0.07558377573169105,-8.94198490049029e-19
631,5.222396799999842,269.5175818951897,326.0002124865109,52.568919948426675,63.58575552981148,1.0796389237180736e-23,0.1950482027138019,0.16111894500690482,0.2693288075773168,6.745583995390522e-23,-0.07074472603893278,-0.046021306618983765,0.08439654569496416,-3.2611786623511264e-19
632,5.2337757000004785,269.51531313737166,326.0012890835418,52.56847743129187,63.585965518127395,2.1592778474361473e-24,0.1950482027138019,0.16067642787209735,0.2691188192614007,1.3491167990781046e-23,-0.06017682976612697,-0.029804630040191796,0.06715330827691313,-3.6918686681850604e-20
633,5.23845110000002,269.513120886882,326.0020846610222,52.56804983677396,63.58612069408507,4.3185556948722945e-25,0.1950482027138019,0.1602488333541885,0.2689636433037279,2.6982335981562097e-24,-0.06840187422175709,-0.02680710653834634,0.07346725364410546,-1.3108544246996234e-20
634,5.2498831000011705,269.5110622041424,326.0026268781462,52.567648294405636,63.58622645256059,8.63711138974459e-26,0.1950482027138019,0.1598472909858657,0.2688578848282077,5.396467196312419e-25,-0.05474382684696892,-0.01582059185244848,0.056984012708940344,-1.4678872064932234e-21
635,5.254556400001093,269.5091513542583,326.0029913142631,52.56727558657009,63.586297535170196,1.727422277948918e-26,0.1950482027138019,0.15947458315032037,0.2687868022185995,1.079293439262484e-25,-0.05950772984258621,-0.0126824349280437,0.06084417857710209,-5.200967849862558e-22
636,5.266442500000267,269.5074147916896,326.0031739760267,52.56693687316217,63.586333163018885,3.454844555897836e-27,0.1950482027138019,0.1591358697423999,0.2687511743699105,2.158586878524968e-26,-0.04634515892798183,-0.00593749391246278,0.04672395092477118,-5.847261187595226e-23
637,5.271281200000885,269.5058591300513,326.0032425296512,52.56663344415559,63.58634653428013,6.909689111795673e-28,0.1950482027138019,0.15883244073582148,0.2687378031086638,4.317173757049936e-27,-0.04869395879883043,-0.003129536106424052,0.048794422014648425,-2.073656334883984e-23
638,5.281725300001199,269.5044860227472,326.00321389169017,52.56636562204379,63.58634094849731,1.3819378223591348e-28,0.1950482027138019,0.15856461862401972,0.26874338889148675,8.634347514099873e-28,-0.03602312380066363,0.0005333144030744232,0.036027071385424395,-2.2629589365222637e-24
639,5.286678200000097,269.5032958831282,326.0030922912819,52.566133487450124,63.586317230556226,2.76387564471827e-29,0.1950482027138019,0.15833248403035327,0.2687671068325699,1.726869502819975e-28,-0.03725912384819166,0.6913085371574214,0.6923118775932338,-8.112711617736338e-25
640,5.298656599999958,269.50228881453205,326.0029016738947,52.56593706053044,63.58628005097745,5.52775128943654e-30,0.1950482027138019,0.15813605711066714,0.26880428641134557,3.45373900563995e-29,-0.02730924592079249,1.0346133976259266,1.0349737568942634,-9.759967125120286e-26
641,5.303420000000187,269.50144195460956,325.9186255039229,52.565771882024606,63.56984213549284,1.105550257887308e-30,0.1950482027138019,0.15797087860483572,0.2852422018959544,6.907478011279902e-30,-0.026747477587095683,1.7322899290094829,1.7324964143411528,-3.150762806934818e-26
642,5.3141851000000315,269.5007266995899,325.8240396157268,52.56563237281854,63.551393327998106,2.211100515774616e-31,0.1950482027138019,0.15783136939877096,0.3036910093906897,1.3814956022559799e-30,-0.018961608196215826,2.0024390455334884,2.002528819683366,-3.6190611169648715e-27
643,5.31903610000154,269.5001587867139,325.73726753332625,52.565521602432774,63.534468589280145,4.4222010315492325e-32,0.1950482027138019,0.15772059901300395,0.3206157481086507,2.7629912045119607e-31,-0.018317968081455638,2.4920782447293948,2.492145566737259,-1.3141801444892978e-27
644,5.329834400001346,269.49971926210816,325.6622221567691,52.565435873948374,63.51983112346068,8.844402063098466e-33,0.1950482027138019,0.1576348705286037,0.33525321392811236,5.525982409023921e-32,-0.01223758005171306,1.982407533995514,1.982445305476975,-1.5424634738814858e-28
645,5.334847600001012,269.4993804991208,325.59921795374305,52.56536979883654,63.50754226689705,1.7688804126196934e-33,0.1950482027138019,0.15756879541677193,0.34754207049174823,1.1051964818047842e-32,-0.011072820173286861,1.9765451838304078,1.9765761991559472,-5.16552326650865e-29
646,5.34602249999989,269.4991355910888,325.54750956656073,52.56532202996508,63.497456638911906,3.5377608252393867e-34,0.1950482027138019,0.15752102654531086,0.3576276984768896,2.210392963609569e-33,-0.006819258743445402,1.3917423626525962,1.391759069053132,-6.095849546003478e-30
647,5.350824300001477,269.49895992316283,325.50604090482375,52.56528776625184,63.48936825097116,7.075521650478774e-35,0.1950482027138019,0.15748676283207175,0.36571608641763476,4.420785927219138e-34,-0.0055927217508809635,1.314850143585179,1.3148620378665392,-2.0047762330668214e-30
648,5.361990500001411,269.49887022981414,325.47370108313953,52.56527027172538,63.48306042687557,1.415104330095755e-35,0.1950482027138019,0.15746926830561137,0.3720239105132279,8.841571854438277e-35,-0.0029969528357762744,0.8868500638813959,0.8868551277027921,-2.413757951578365e-31
649,5.36688310000136,269.4988249182934,325.4493426291833,52.5652614337947,63.47830935421052,2.8302086601915102e-36,0.1950482027138019,0.15746043037493251,0.3767749831782723,1.7683143708876554e-35,-0.0017863579643792255,0.8030702212086506,0.8030722080030461,-8.325609182789298e-32
650,5.377854700000171,269.4988135904132,325.431831812081,52.56525922431202,63.47489390080666,5.66041732038302e-37,0.1950482027138019,0.15745822089225214,0.3801904365821329,3.536628741775311e-36,-0.00015886293889003696,0.4904103277379769,0.49041035346891204,-9.614232457547484e-33
651,5.3825649000009435,269.49885653481033,325.42015277723897,52.56526760053951,63.4726159260513,1.1320834640766041e-37,0.1950482027138019,0.1574665971197362,0.38246841133749854,7.073257483550623e-37,0.00029277906835496997,0.38406844281401487,0.38406855440814874,-3.281046795379991e-33
652,5.3935669000002235,269.4989130472768,325.41331913913393,52.56527862319452,63.47128303722091,2.2641669281532084e-38,0.1950482027138019,0.1574776197747525,0.3838013001678888,1.4146514967101246e-37,0.0016046804296930058,0.1874866780440199,0.18749354507092614,-3.906718495470707e-34
653,5.410464600001433,269.4989729517606,325.4104434322444,52.56529030745642,63.470722135760575,4.528333856306417e-39,0.1950482027138019,0.15748930403665184,0.3843622016282211,2.829302993420249e-38,0.0019752655495037207,0.11595297403041585,0.11596979719086065,-1.328771447892823e-34
654,5.414836100000684,269.49907948061593,325.41070869741657,52.565311085718186,63.47077387525565,9.056667712612836e-40,0.1950482027138019,0.15751008229841545,0.38431046213314346,5.6586059868405e-39,0.002485592696251861,-0.014482179692922863,0.014693934112747612,-1.2776831872532245e-35
655,5.426090700000714,269.4991747773805,325.4133842666393,52.56532967318085,63.47129574022378,1.8113335425225672e-40,0.1950482027138019,0.15752866976107782,0.38378859716501523,1.1317211973681e-39,0.002645645753467376,-0.06003686687342706,0.060095131461961576,-2.49375919424054e-36
656,5.431288000001587,269.4992901543061,325.4178754856051,52.565352177242815,63.47217174441106,3.622667085045135e-41,0.1950482027138019,0.15755117382304462,0.38291259297773905,2.2634423947362e-40,0.0032123739004233593,0.5202253531183009,0.5202352711736652,-1.1556687992823882e-36
657,5.4418415000000095,269.4993876630882,325.42364459161615,52.56537119615552,63.47329699816977,7.24533417009027e-42,0.1950482027138019,0.15757019273574713,0.38178733921902364,4.5268847894724005e-41,0.0025407154046667617,0.7874391372067475,0.787443236074623,-1.2023653212680107e-37
658,5.446989600000961,269.4994807048346,325.34619129927125,52.56538934378092,63.458189872703635,1.449066834018054e-42,0.1950482027138019,0.15758834036115132,0.3968944646851611,9.0537695789448e-42,0.0028316337094115643,1.5131037241075251,1.5131063736755344,-3.985857564368403e-38
659,5.4598440999998274,269.49957262982196,325.2589187354623,52.56540727358449,63.44116751598648,2.898133668036108e-43,0.1950482027138019,0.15760627016472029,0.4139168214023172,1.8107539157889603e-42,0.0022105088916506616,1.8097523071160793,1.8097536571206403,-5.024071263247471e-39
660,5.4641617000015685,269.499641387436,325.17962836550623,52.56542068463353,63.42570207183403,5.796267336072217e-44,0.1950482027138019,0.15761968121375958,0.42938226555476433,3.6215078315779205e-43,0.002359935810642457,2.2940324154809137,2.294033629346838,-1.594962998524939e-39
661,5.47419280000031,269.49970435320665,325.11201524567343,52.565432965993935,63.412514254330766,1.1592534672144434e-44,0.1950482027138019,0.15763196257416467,0.4425700830580297,7.243015663155842e-44,0.0018640687975732561,1.8609586759188077,1.860959609510632,-1.8823633110675314e-40
662,5.478899600000659,269.4997658710165,325.05615627723864,52.56544496493218,63.40161906293211,2.318506934428887e-45,0.1950482027138019,0.157643961512413,0.4534652744566827,1.4486031326311686e-44,0.0019012979743838828,1.8877193190311035,1.887720276518012,-7.564245292756589e-41
663,5.490305799999987,269.49982702683616,325.01117804636044,52.56545689326489,63.39284613983808,4.637013868857774e-46,0.1950482027138019,0.1576558898451168,0.46223819755071816,2.897206265262337e-45,0.0013953093104550163,1.2660381846222337,1.2660389535119498,-8.548658600282519e-42
664,5.495015800001056,269.49986520397465,324.9759695604182,52.565464339647136,63.38597878793477,9.274027737715548e-47,0.1950482027138019,0.1576633362273654,0.46910554945402794,5.794412530524674e-46,0.0013968227015655691,1.1563109191392762,1.1563117628193433,-2.7759889906418457e-42
665,5.505994600000122,269.4998976364429,324.94931465572955,52.565470665541774,63.380779796681736,1.8548055475431095e-47,0.1950482027138019,0.15766966212200373,0.47430454070705963,1.158882506104935e-46,0.0009960146344549653,0.7396719182691622,0.7396725888669488,-3.141821466099405e-43
666,5.510902300000453,269.49992863274355,324.9300395403972,52.56547671131451,63.37702022007907,3.7096110950862195e-48,0.1950482027138019,0.1576757078947395,0.478064117309728,2.3177650122098694e-47,0.0010239464398193497,0.6460887768745424,0.6460895882689597,-1.1112750343646553e-43
667,5.521862200001124,269.4999592700023,324.9170267918376,52.56548268705677,63.37448210686015,7.419222190172439e-49,0.1950482027138019,0.1576816836370014,0.48060223052864615,4.6355300244197396e-48,0.0008169999673900423,0.367078804733598,0.36707971392273053,-1.2722216244354144e-44
668,5.526888400001553,269.4999898175006,324.9092646325297,52.5654886452914,63.37296811163796,1.4838444380344879e-49,0.1950482027138019,0.15768764187163242,0.48211622575083624,9.27106004883948e-49,0.0009589670805160856,0.2732267336857414,0.27322841656467683,-4.284114264557835e-45
669,5.537788100000398,269.50002034255874,324.9057448080348,52.56549459914913,63.372281576196364,2.967688876068976e-50,0.1950482027138019,0.1576935957293628,0.48280276119243126,1.854212009767896e-49,0.0007388477338193906,0.11120144347982862,0.11120389798910509,-5.064687381188656e-46
670,5.542416900001626,269.5000508620069,324.90564305015323,52.56550055191265,63.372261728504455,5.935377752137952e-51,0.1950482027138019,0.1576995484928787,0.4828226088843408,3.708424019535792e-50,0.0006437595526453059,0.031557214194267914,0.03156377978101682,-1.6832841879940405e-46
671,5.553751299999931,269.5000584918689,324.90820397542893,52.56550204010352,63.37276123237676,1.1870755504275906e-51,0.1950482027138019,0.15770103668374702,0.48232310501203557,7.416848039071587e-51,0.0004083870407344526,-0.050061882410564584,0.05006354812100552,-2.0786566937376503e-47
672,5.559081800000058,269.5000603993344,324.9127580861424,52.56550241215124,63.373649503486384,2.3741511008551814e-52,0.1950482027138019,0.15770140873146943,0.48143483390241215,1.4833696078143172e-51,0.00030012645140694975,-0.11971391845879167,0.11971429467129252,-7.187376263330616e-48
673,5.569931600000928,269.5000608762008,324.9187031323754,52.56550250516317,63.374809074069184,4.748302201710363e-53,0.1950482027138019,0.15770150174339648,0.4802752633196121,2.9667392156286346e-52,4.3025635540646506e-05,-0.14663126928978282,0.14663127560223338,-7.789256027297467e-49
674,5.5746410000010655,269.50006099541736,324.9255910052618,52.56550252841615,63.3761525412962,9.496604403420727e-54,0.1950482027138019,0.15770152499637646,0.4789317960925956,5.93347843125727e-53,1.6828051659908544e-05,-0.20138877639558928,0.2013887770986655,-2.5583855678698565e-49
675,5.585749900001247,269.5000610252215,324.93301213119827,52.56550253422939,63.37760001857222,1.8993208806841456e-54,0.1950482027138019,0.1577015308096179,0.47748431881657893,1.1866956862514539e-53,2.875326736540474e-06,-0.1943589520215992,0.19435895204286785,-3.324871305616913e-50
676,5.590427700000873,269.50006103267253,324.940635234948,52.5655025356827,63.3790868912577,3.798641761368291e-55,0.1950482027138019,0.1577015322629265,0.47599744613109607,2.3733913725029084e-54,1.1645204465488378e-06,-0.2313967090921833,0.23139670909511356,-1.1389332071806236e-50
677,5.601640700000644,269.5000610345353,324.94819439223306,52.565502536046026,63.38056129130018,7.597283522736582e-56,0.1950482027138019,0.15770153262625541,0.4745230460886134,4.746782745005816e-55,1.7741105884348994e-07,-0.19830445460274104,0.1983044546028204,-1.311304544129876e-51
678,5.606510100000378,269.500061035001,324.9554857928825,52.56550253613686,63.38198346589212,1.5194567045473164e-56,0.1950482027138019,0.1577015327170912,0.47310087149667623,9.493565490011634e-56,7.282278644057882e-08,-0.1878226068981895,0.1878226068982036,-4.569032846523685e-52
679,5.617749500001082,269.5000610351174,324.96238981980264,52.56550253615957,63.38333008393438,3.038913409094633e-57,0.1950482027138019,0.15770153273980014,0.4717542534544137,1.8987130980023264e-56,1.074735155646176e-08,-0.1732632561324322,0.17326325613243254,-5.113490915470786e-53
680,5.633764100000917,269.50006103514653,324.9687850159858,52.56550253616525,63.38457745545591,6.0778268181892665e-58,0.1950482027138019,0.15770153274547738,0.47050688193288437,3.797426196004653e-57,4.272840552950016e-09,-0.1641803893754919,0.16418038937549195,-1.7278860173636128e-53
681,5.638425000001007,269.5000610351538,324.97464101718003,52.56550253616667,63.38571965796394,1.2155653636378534e-58,0.1950482027138019,0.15770153274689847,0.4693646794248565,7.594852392009307e-58,5.457681222679415e-10,-0.14610648041319513,0.14610648041319513,-1.6871883663391943e-54
682,5.650300100000095,269.5000610351556,324.9798815677716,52.565502536167024,63.38674181793805,2.431130727275707e-59,0.1950482027138019,0.15770153274725374,0.46834251945074357,1.5189704784018618e-58,1.4206155957306385e-10,-0.1364385276728615,0.1364385276728615,-3.361622616116669e-55
683,5.65477650000139,269.5000610351561,324.98451049204056,52.56550253616711,63.38764468129721,4.8622614545514144e-60,0.1950482027138019,0.157701532747339,0.4674396560915852,3.0379409568037235e-59,7.17684398417098e-11,-0.1494728193201898,0.1494728193201898,-1.4667188935044037e-55
684,5.6657423000015115,269.5000610351562,324.988528746057,52.56550253616713,63.38842843452117,9.724522909102829e-61,0.1950482027138019,0.15770153274736032,0.4666559028676289,6.075881913607447e-60,1.0789424136897777e-11,-0.1100563390027519,0.1100563390027519,-1.632985547866024e-56
685,5.670419699999911,269.50006103515625,324.99195945702206,52.565502536167145,63.389097588528934,1.944904581820566e-61,0.1950482027138019,0.15770153274737453,0.46598674885986213,1.2151763827214896e-60,4.805956748710136e-12,-0.1133018775297645,0.1133018775297645,-6.105395028431107e-57
686,5.682187800000975,269.50006103515625,324.99485418310314,52.565502536167145,63.38966219964839,3.889809163641133e-62,0.1950482027138019,0.15770153274737453,0.4654221377404042,2.430352765442979e-61,9.964165705959642e-13,-0.07971050762454385,0.07971050762454385,-6.768360579605249e-58
687,5.686753100000715,269.50006103515625,324.9972487020258,52.565502536167145,63.39012924626062,7.779618327282265e-63,0.1950482027138019,0.15770153274737453,0.464955091128175,4.860705530885959e-62,6.076390610195319e-13,-0.0787680999351144,0.0787680999351144,-2.3392256856730712e-58
688,5.69788890000018,269.50006103515625,324.9991748464049,52.565502536167145,63.390504937259934,1.5559236654564533e-63,0.1950482027138019,0.15770153274737453,0.4645794001288621,9.721411061771918e-63,-7.759410216362331e-05,-0.05409452923615616,0.054094584887269856,-2.6111679295043193e-59
689,5.702371800000037,269.50006103515625,325.000709238945,52.565502536167145,63.39080421776713,3.1118473309129065e-64,0.1950482027138019,0.15770153274737453,0.4642801196216624,1.9442822123543841e-63,-0.0003070927283846027,-0.05141873543043034,0.0514196524609844,-11.085503510072785
690,5.713878600001408,269.50003814697266,325.0018710353222,52.56549807186807,63.39103082406243,6.223694661825813e-65,0.1950482027138019,0.15769706844830012,0.4640535133263626,3.888564424708768e-64,-0.0004086024088342849,-0.03292420851380773,0.03292674387468634,-16.689201766856545
691,5.718741700000464,269.50000953674316,325.00273368900633,52.565492491494226,63.39119908311309,1.2447389323651626e-65,0.1950482027138019,0.15769148807445532,0.46388525427570926,-0.26954956054687507,0.46232015661746734,0.004758898200137716,0.4623446488571905,-31.76239329619896
692,5.730286200001501,269.4999794960022,325.0033155633649,52.565486632101695,63.39131257666092,2.489477864730325e-66,0.1950482027138019,0.15768562868192504,0.4637717607278731,-0.593009033203125,0.6651775119207308,0.07836070282716431,0.6697772182693444,-39.41698506421427
693,5.735067000001436,269.55668890476227,324.99952426437636,52.57654770035731,63.39057309060726,-1.347747802734375,0.1950482027138019,0.1687466969375393,0.46451124678153377,-0.9533186035156251,1.1670498521516692,0.1338502610906446,1.1747004936583907,-55.55816189989862
694,5.74581709999984,269.6125914156437,324.9829209220511,52.58745138463192,63.38733463852768,-1.61729736328125,0.1950482027138019,0.1796503812121486,0.4677496988611125,-1.3647567382812502,1.3909225683409847,0.11355014011198605,1.3955497932498622,-45.91337651918625
695,5.750499600000694,269.672824062407,324.97673303812996,52.5991996541278,63.386127702890256,-1.8015478515625,0.1950482027138019,0.19139865070803097,0.4689566344985394,-1.7426620410156253,1.8016604246904249,0.14373686301277921,1.8073850092563113,-42.50855455049628
696,5.7621249000003445,269.73947218991816,324.98484488062627,52.61219925161309,63.38770990318986,-2.057190673828125,0.1950482027138019,0.2043982481933213,0.46737443419893765,-1.8264059433593751,1.4391032557572967,0.17497455148988245,1.4497014431945416,-27.458918937349864
697,5.766914900001211,269.7898942925967,324.9813796771878,52.62203399211759,63.38703402148715,-1.889526513671875,0.1950482027138019,0.21423298869782315,0.4680503159016425,-1.8790690304687503,1.494764201902801,0.26317845223502156,1.517755881889752,-18.418005490668566
698,5.777956200001427,269.81824688857887,324.96378211412116,52.62756411500618,63.38360164843886,-1.766467314453125,0.1950482027138019,0.21976311158640982,0.4714826889499335,-1.8803694701562503,1.050015083555597,0.3043053753433036,1.0932215864851444,-2.3347457739471738
699,5.78281109999989,269.85042048679315,324.94530649044435,52.63383951751271,63.379998011246684,-1.8806127988281252,0.1950482027138019,0.2260385140929415,0.47508632614211166,-1.8467172045781253,0.9886770762068826,0.5200993779252566,1.117132813919289,-2.050711534477057
700,5.793570400001045,269.8661543160342,324.9197448965369,52.63690837262799,63.37501226829653,-1.80805005,0.1950482027138019,0.22910736920822217,0.48007206909226596,-1.8498329428687503,0.638683168251601,0.5623197929285932,0.8509522541994696,-0.33784710295436093
701,5.798476600000868,269.886567265532,324.89602814307955,52.64088988173962,63.37038635816047,-1.8889293459375,0.1950482027138019,0.23308887831984748,0.48469797922832925,-1.8782075553706254,0.645495845785159,0.6831559210029632,0.939876002102035,-0.9259751090926074
702,5.809783600001538,269.90414456296503,324.87561073450036,52.6443183020125,63.36640397931303,-1.9051052051250001,0.1950482027138019,0.23651729859273019,0.4886803580757686,-1.9056842356835004,0.42573759496943486,0.5606681487360834,0.7039895402472295,-1.8720884118833645
703,5.814599000001181,269.9173508380069,324.8530198100899,52.64689416222396,63.361997660109125,-1.9083403769625003,0.1950482027138019,0.23909315880418802,0.4930866772796705,-1.9204117494804502,0.4035862963670528,0.5897913569866933,0.7146577806135462,-1.1539820815086452
704,5.825869100001,269.92854883010716,324.8455181361162,52.64907831045712,63.36053447208321,-2.0179962003925,0.1950482027138019,0.2412773070373504,0.4945498653055864,-1.8956057873960903,0.2299584956021603,0.45721174958200994,0.5117846164701039,0.05479966771485854
705,5.830354900001112,269.9325614018627,324.8315119803181,52.6498609553663,63.35780259656786,-1.88168761898475,0.1950482027138019,0.24205995194652985,0.497281740820938,-1.8807984035729683,0.16383544089074265,0.4214045900468391,0.4521325913981523,0.8241102138656925
706,5.841723800000182,269.92926156628596,324.8151930585561,52.649217328367804,63.35461962020795,-1.7648995355157,0.1950482027138019,0.2414163249480339,0.5004647171808472,-1.877836926808344,0.027057516494536325,0.2727290553555122,0.27406796024702,1.1989805128190467
707,5.857533300000796,269.9270404281926,324.8011569682523,52.64878409937471,63.35188190602107,-1.83106828600939,0.1950482027138019,0.24098309595493816,0.5032024313677255,-1.8554428736429192,-0.01704466392257859,0.24872038872550692,0.24930373510238654,0.4334760501478686
708,5.862066300000151,269.92357834435285,324.7971672938209,52.648108826144124,63.35110372719381,-1.8935329931393783,0.1950482027138019,0.24030782272435403,0.5039806101949864,-1.860810254416084,-0.06940451098013273,0.1865335370916726,0.1990269996867806,-0.7917606418738542
709,5.873734900000272,269.9219804015179,324.7965818625177,52.64779715026613,63.35098953987031,-1.9060259345653758,0.1950482027138019,0.23999614684635873,0.5040947975184835,-1.879789004008217,-0.07304681215960032,0.14992927644749837,0.1667771708080885,-1.0558043302552058
710,5.878563500000382,269.91981852567244,324.7892028386763,52.64737548026798,63.34955027453226,-1.9085245228505754,0.1950482027138019,0.23957447684821176,0.5055340628565332,-1.8934309453328937,-0.0960684287260846,0.11782410441598833,0.15202520376348297,-2.412778223729526
711,5.891069799999968,269.9150208545626,324.78298643964956,52.6464397031408,63.34833777707475,-1.859793283476365,0.1950482027138019,0.23863869972102947,0.5067465603140491,-1.906684235941579,-0.07112386889459722,0.10339655486300794,0.1254968218086612,-3.76896879565317
712,5.895624700000553,269.91169283571094,324.7826911899905,52.64579057904518,63.34828018915939,-1.8992779926327732,0.1950482027138019,0.2379895756254129,0.5068041482294063,-1.931136651875816,-0.05377474921051317,0.08263328499207252,0.09858997637303026,-7.54307536108284
713,5.905816399999821,269.91042595550977,324.7774904244508,52.64554347633889,63.347265789188135,-1.9597994461828048,0.1950482027138019,0.2377424729191162,0.5078185482006603,-2.0123137561564133,0.008422982114402428,0.026449714045033296,0.027758494209224945,-8.719322650278308
714,5.910810700001093,269.91196317833055,324.779898118808,52.64584330888725,63.34773540564519,-2.028288014236561,0.1950482027138019,0.23804230546748073,0.5073489317436071,-2.114681989512533,0.13658020969660054,0.0166806081529021,0.13759504485670274,-10.87954044700481
715,5.921924300000683,269.9247071031764,324.77892075772934,52.64832898852396,63.347544773123396,-2.3144100442535622,0.1950482027138019,0.24052798510418683,0.5075395642654001,-2.2114422572775068,0.2059449754424191,0.04067998010698716,0.20992425703449202,-10.448579381189429
716,5.926627100001497,269.9383529842902,324.7777608901159,52.65099059310965,63.34731854303002,-2.3716344502569626,0.1950482027138019,0.24318958968987658,0.5077657943587752,-2.2672213127836267,0.32047455337178055,0.08736010815043355,0.3321682222231646,-7.384100023681952
717,5.937924800000474,269.95018730613117,324.7700780399118,52.65329885631507,63.34582001690599,-2.3830793314576426,0.1950482027138019,0.2454978528952978,0.5092643204828065,-2.3035272703692256,0.3154437124840301,0.15189381631624485,0.35010922178774523,-2.635882188334637
718,5.942697300000873,269.96360578649376,324.76193174142327,52.655916106792944,63.34423109602702,-2.2386947237134036,0.1950482027138019,0.24811510337317344,0.5108532413617723,-2.26841419430822,0.33483919947183993,0.3079366258714388,0.4549090624026181,14.675944500945295
719,5.953904600000897,269.9656100037523,324.74879439775816,52.65630702576707,63.34166868075671,-2.209817802164556,0.1950482027138019,0.2485060223472999,0.513415656632084,-2.2320568622991446,0.26048245904361533,0.385080836263526,0.46490683144779155,19.264205243477733
720,5.958901500000138,269.9738243759381,324.72836681233014,52.65790922429833,63.33768431693319,-2.1388446639485363,0.1950482027138019,0.250108220878559,0.5174000204556037,-1.843034907616079,0.2928132845263938,0.7147548313735832,0.7724079806468951,23.550188275997797
721,5.970160599999872,269.985033242422,324.703324308063,52.66009549356047,63.33279982148443,-2.1898477902115823,0.1950482027138019,0.2522944901406987,0.5222845159043672,-1.718278612382591,0.16903704245666396,0.8290823252196041,0.8461388915030685,23.39590596690485
722,5.975155100000848,269.99440436773443,324.65771889439856,52.66192331471007,63.323904567515164,-0.43796955804231646,0.1950482027138019,0.2541223112903026,0.5311797698736314,-1.6272970798983932,0.41456262210374084,1.2102905315677295,1.2793222183828536,25.783185221008296
723,5.985964000001331,269.9904986749414,324.60759073434184,52.66116151635044,63.314127159990754,-1.6149132475459633,0.1950482027138019,0.2533605129306693,0.5409571773980417,-1.5561100507453038,0.4589935069115687,1.2044741995858241,1.2889659176467358,5.109376471828998
724,5.990643400000408,270.0207875105322,324.5563776640542,52.66706929929472,63.30413814267569,-1.7549101397435678,0.1950482027138019,0.2592682958749464,0.5509461947131058,-1.4850745492115611,0.6464092663675786,1.3909070954437315,1.533775566307401,0.5741252442898683
725,6.002057900001091,270.05255252948854,324.5114164985331,52.67326500915132,63.295368548148886,-1.7829095181830885,0.1950482027138019,0.2654640057315518,0.5597157892399096,-1.7763313160923127,0.6045749392546762,1.1216566457507793,1.2742152440352001,-2.58134488184997
726,6.0070814000009705,270.08168824223543,324.4762351671137,52.678947877557384,63.28850649268646,-1.8346702825428678,0.1950482027138019,0.27114687413761374,0.5665778447023371,-1.834582669468463,0.781478254188368,1.0972923011404878,1.3471297843606185,-1.9965380899543705
727,6.018163900000218,270.0905972314573,324.45153254666127,52.680685559893114,63.28368829096488,-1.8942533924460738,0.1950482027138019,0.2728845564733433,0.5713960464239136,-1.807552520221818,0.6184784161668755,0.7720457437460233,0.989227062761951,0.5497963152936505
728,6.022799700000178,270.10994484009086,324.43292860785675,52.684459276183894,63.280059626137664,-1.9061700144267149,0.1950482027138019,0.2766582727641236,0.5750247112511317,-1.7634660704506138,0.7287001869869872,0.846200226471014,1.116717863112463,20.710650637250907
729,6.033706600001096,270.134969120179,324.4044968004017,52.689340217039295,63.274514053193656,-1.619759393510343,0.1950482027138019,0.2815392136195243,0.5805702841951401,-1.4590311047151228,0.7504392599229164,0.8615099647009994,1.14252286721657,29.687401570265486
730,6.038572600000407,270.16225943092365,324.3760799496122,52.694663143101536,63.268971397520374,-1.5624772693270685,0.1950482027138019,0.2868621396817659,0.5861129398684213,-1.0926802443805246,1.3540618672025433,1.5158759590675135,2.0325755738694915,43.4385483056109
731,6.049950100001297,270.23458799005516,324.2919341109382,52.70877069856502,63.252558902921166,-0.3124954538654137,0.1950482027138019,0.3009696951452483,0.6025254344676299,-0.713946205126105,1.4114279397057081,1.6153193150435197,2.1450839886900854,46.9353830776353
732,6.054493300000104,270.30854018599035,324.20559766347674,52.72319494146892,63.23571913401511,-0.062499090773082744,0.1950482027138019,0.31539393804914795,0.6193652033736825,-0.390494319150221,1.7817467999818883,2.044649965292016,2.7120499884431224,44.03832122558699
733,6.0660660000012285,270.37385745860695,324.1296541155762,52.73593495809895,63.22090648148941,-0.01249981815461655,0.1950482027138019,0.32813395467918127,0.634177855899388,-0.07809886383004419,1.7226102511401087,1.9996768037770816,2.639335787067859,29.209533637789356
734,6.070719299999837,270.42870758974937,324.0663109287964,52.74663337759689,63.208551506753835,-0.00249996363092331,0.1950482027138019,0.3388323741771231,0.6465328306349605,-0.015619772766008844,1.5657911313765338,1.8145182158521054,2.39670152976054,19.22901683087819
735,6.081642700000884,270.47341072312094,324.0151128884491,52.75535264341669,63.19856542100163,-0.0004999927261846621,0.1950482027138019,0.3475516399969223,0.6565189163871636,-0.0031239545532017686,1.1422820575845694,1.309457059111285,1.7376668520565193,-5.894307418950186
736,6.09681510000155,270.5088708692568,323.97491622260054,52.762269081188464,63.19072513357278,-9.999854523693243e-05,0.1950482027138019,0.3544680777686935,0.6643592038160122,-0.2552073104418904,0.8468961823957764,1.216235098354631,1.4820462065085014,-16.135120608213963
737,6.101849200000288,270.5361608935837,323.9444279081892,52.76759195138545,63.18477844264307,-1.9999709047386488e-05,0.1950482027138019,0.3597909479656778,0.6703058947457237,-0.5291725656040032,0.2739644822293439,1.1081540573061328,1.1415173902517808,-30.654273280122062
738,6.1135770000000775,270.5135491955639,323.89549265819966,52.76318158032637,63.17523371008326,-1.2729165975980596,0.1950482027138019,0.3553805769065974,0.6798506273055338,-0.8131013588239256,0.012955229545290575,1.1367213227407922,1.1367951458139445,-36.392354808088875
739,6.1186130000005505,270.4989469912738,323.8408928178702,52.760333446623925,63.16458410935854,-1.372326239441487,0.1950482027138019,0.35253244320415433,0.6905002280302526,-1.1110760823116603,-0.023380140157441068,1.5131491451746957,1.513329761319949,-24.928191016987796
740,6.129768700000568,270.469959220963,323.7804365223386,52.75467943412413,63.152792217572376,-1.4201439588257974,0.1950482027138019,0.34687843070435775,0.7022921198164198,-1.4183761051342072,-0.193584819286496,1.53643990409479,1.5485873114400082,-13.788015224220699
741,6.134513000000879,270.4766282940103,323.7220866696472,52.755980224835774,63.1414111836763,-1.4899736159839096,0.1950482027138019,0.34817922141600377,0.7136731537124987,-1.2252535901674666,-0.0107172493321058,2.6473393142726556,2.6473610075558,0.858089377645447
742,6.145825100000366,270.4885952448893,323.64682263176724,52.75831435709669,63.12673106835883,-1.5365201138217819,0.1950482027138019,0.3505133536769165,0.7283532690299666,-1.2107855813147435,0.13201625943624187,2.479264830110881,2.4827771528230786,17.798725458291038
743,6.150558400000591,270.5016577833903,323.49227969358634,52.76086218175419,63.09658774602453,-0.3073040227643564,0.1950482027138019,0.3530611783344213,0.7584965913642634,-0.9787562373566987,0.30331728475482167,3.33782149688254,3.351574811977533,36.87564070242298
744,6.16182149999986,270.5102105884257,323.4186937026935,52.7625303910045,63.082234930755966,-1.2999861951778713,0.1950482027138019,0.35472938758473305,0.7728494066328295,-0.6911614037213398,0.26855457371673286,3.2400262100006896,3.2511369396805803,29.750599404152865
745,6.1663208000009035,270.51827682923533,323.2952862186421,52.76410369677708,63.058164522790314,-0.25999723903557426,0.1950482027138019,0.356302693357307,0.7969198145984819,-0.38593735886926794,0.26345467719098403,3.8336841654208773,3.8427259396335534,40.90630280405854
746,6.178335100001277,270.5244590388518,323.1776423554418,52.76530952565156,63.035218298712785,-0.05199944780711485,0.1950482027138019,0.3575085222317895,0.819866038676011,-0.3248925498988536,0.16484512568626203,2.8483314065533296,2.8530975652824404,32.05857839078571
747,6.18289040000127,270.5286825087364,323.07801044237607,52.76613330586177,63.01578527313638,-0.010399889561422971,0.1950482027138019,0.3583323024420011,0.8392990642524154,-0.06497850997977071,0.1439273566464084,3.093336945695448,3.096683474880128,27.378209853960893
748,6.193760900001507,270.53120321995755,322.9976672834456,52.76662496605502,63.00011448438664,-0.0020799779122845944,0.1950482027138019,0.35882396263524896,0.854969853002153,-0.012995701995954144,0.07382191484650712,2.1871870329845677,2.1884324966439888,13.847961753612854
749,6.198636400000396,270.5322911614347,322.9351925776973,52.7668371670848,62.987928905315364,-0.0004159955824569189,0.1950482027138019,0.35903616366503144,0.8671554320734316,-0.0025991403991908295,0.04622683318998304,2.0741910518101965,2.0747061091914354,12.849047589174113
750,6.209763000000748,270.5322427122337,322.88846885975636,52.76682771715522,62.97881552810687,-8.319911649138379e-05,0.1950482027138019,0.35902671373545303,0.8762688092819246,-0.0005198280798381658,0.004493711592456693,1.29615896594825,1.296166755649871,1.4390255150964273
751,6.214573900000687,270.5313150725897,322.8552959258766,52.766646782709884,62.97234520697488,-1.663982329827676e-05,0.1950482027138019,0.35884577929011385,0.8827391304139169,-0.0001039656159676332,-0.021451839390378365,1.1073052500976024,1.1075130239897608,0.4833196517694922
752,6.225825800000166,270.52970987166304,322.8336131050043,52.76633369115415,62.968116011733976,-3.327964659655352e-06,0.1950482027138019,0.35853268773438174,0.88696832565482,-2.079312319352664e-05,-0.03850996286007796,0.62309951607775,0.6242884142572332,0.05689728387864193
753,6.2306089000012435,270.52763773402904,322.8214174974425,52.76592952443286,62.965737280398045,-6.655929319310704e-07,0.1950482027138019,0.3581285210130929,0.8893470569907507,-4.158624638705327e-06,-0.05939772513306423,0.4458468504520033,0.44978606448950154,0.01954999834925746
754,6.241792800001349,270.52524286856584,322.81692663998564,52.76546241022852,62.96486134672244,-1.331185863862141e-07,0.1950482027138019,0.35766140680875225,0.8902229906663592,-8.317249277410656e-07,-0.06060565852736671,0.15570677930795698,0.16708574735145004,0.0022639415372513435
755,6.246506000001318,270.52269865659457,322.8185505076527,52.76496616625621,62.96517807919234,-2.662371727724282e-08,0.1950482027138019,0.35716516283643784,0.8899062581964543,-1.6634498554821314e-07,-0.07656192603008091,-0.0004572576973028708,0.0765632914786017,0.0007867000975233398
756,6.258144100000209,270.5200942198127,322.8248616259366,52.76445817554281,62.966409051470734,-5.324743455448564e-09,0.1950482027138019,0.35665717212304315,0.8886752859180618,-3.326899710964263e-08,-0.06852245586105955,-0.14348073348413917,0.15900329505509447,9.12445591713391e-05
757,6.262850700000854,270.51749761501173,322.83463337523415,52.76395171244323,62.96831501360859,-1.064948691089713e-09,0.1950482027138019,0.3561507090234599,0.8867693237802072,-6.653799421928526e-09,-0.07826157121279868,-0.2643020283322204,0.2756454891871474,3.1791964402639976e-05
758,6.273770400001013,270.515017409124,322.8468266787695,52.763467952742474,62.9706932955483,-2.129897382179426e-10,0.1950482027138019,0.3556669493227034,0.8843910418404946,-1.3307598843857051e-09,-0.06520329092465713,-0.30444215212098413,0.31134625922830983,3.561247551409326e-06
759,6.27885790000073,270.512657855699,322.860540898208,52.763007726087714,62.97336822940141,-4.259794764358852e-11,0.1950482027138019,0.35520672266794406,0.881716107987387,-2.661519768771411e-10,-0.0715960651262561,-0.39574783309167005,0.4021720327649791,1.2760091859431088e-06
760,6.289436099999875,270.51048868267475,322.8750702221106,52.76258463278796,62.97620214791525,-8.519589528717705e-12,0.1950482027138019,0.3547836293681925,0.8788821894735435,-5.323039537542822e-11,-0.056249659440123466,-0.3651734206791217,0.3694802448814018,1.4518742486931962e-07
761,6.294554600000993,270.5085044338523,322.8898262103128,52.762197608621406,62.979080276893356,-1.703917905743541e-12,0.1950482027138019,0.35439660520163585,0.8760040604954398,-1.0646079075085643e-11,-0.05148890937929145,-0.35807730860183445,0.36176023375241545,4.771604221036511e-08
762,6.3057856000014,270.5067266333654,322.9043413182032,52.76185085183165,62.98191142259958,-3.4078358114870823e-13,0.1950482027138019,0.3540498484118828,0.8731729147892153,-2.1292158150171293e-12,-0.04488239090994703,-0.36410470105677195,0.3668605489084845,5.87896396338594e-09
763,6.320686700000806,270.5051606622476,322.918269777793,52.761545411979625,62.98462814360914,-6.815671622974165e-14,0.1950482027138019,0.3537444085598551,0.8704561937796527,-4.2584316300342583e-13,-0.04048194034790693,-0.347879271915824,0.35022674844022883,1.85437817663332e-09
764,6.325281200000973,270.5038078657572,322.9313649297998,52.76128155145554,62.98718232947234,-1.363134324594833e-14,0.1950482027138019,0.353480548035769,0.8679020079164559,-8.516863260068518e-14,-0.03360202967751101,-0.32765704020982916,0.3293755188193469,1.910301529619116e-10
765,6.3378784000015,270.5026456920252,322.94342778030153,52.761054871557874,62.989535166782304,-2.726268649189666e-15,0.1950482027138019,0.3532538681381041,0.8655491706064922,-1.7033726520137034e-14,-0.030241886312619853,-0.310889019107432,0.3123564532538533,3.9411272794961333e-11
766,6.342503100000613,270.50166850308443,322.9543628044504,52.76086427261126,62.99166802358917,-5.452537298379333e-16,0.1950482027138019,0.35306326919148745,0.8634163137996254,-3.4067453040274075e-15,-0.031381662915758626,-0.3447273011077611,0.34615274214773933,1.6571811738342432e-11
767,6.353818600000523,270.5008520012594,322.96412323285085,52.76070501539777,62.99357177760639,-1.0905074596758667e-16,0.1950482027138019,0.3529040119779978,0.8615125597824047,-6.813490608054814e-16,-0.021585681587759708,-0.25842752305689964,0.25932744999890106,1.7440220547678422e-12
768,6.358576300001005,270.50021300031483,322.9726973731541,52.760580379412005,62.995244148262366,-2.1810149193517336e-17,0.1950482027138019,0.35277937599223463,0.8598401891264302,-1.362698121610963e-16,-0.02105446971486587,-0.2722002775106372,0.27301333625272245,6.631835160138924e-13
769,6.3701889000003575,270.49970992732483,322.98010519045647,52.76048225592947,62.99668902971322,-4.362029838703468e-18,0.1950482027138019,0.3526812525096972,0.858395307675579,-2.7253962432219266e-17,-0.013814336276105517,-0.1989590136782251,0.19943802298097896,7.395119721786004e-14
770,6.374989800000549,270.49933238905777,322.9863974523993,52.76040861776902,62.99791632409617,-8.724059677406935e-19,0.1950482027138019,0.35260761434925314,0.8571680132926289,-5.450792486443853e-18,-0.012725375063564748,-0.2013214141181313,0.20172319388962814,2.5817505064263218e-14
771,6.385787400000481,270.49905489902227,322.99165551544354,52.760354493836324,62.998941899842706,-1.7448119354813871e-19,0.1950482027138019,0.3525534904165539,0.8561424375460902,-1.0901584972887706e-18,-0.007904516736683234,-0.14304693031531335,0.14326515856088184,2.907053745263338e-15
772,6.3904594000014185,270.4988481974118,322.99596838325544,52.76031417705871,62.999783116957964,-3.4896238709627746e-20,0.1950482027138019,0.35251317363893975,0.8553012204308317,-2.180316994577542e-19,-0.006657464239913972,-0.14070032983253064,0.14085774613094107,1.0310048828370867e-15
773,6.401677200001359,270.49872785745845,322.9994269713021,52.76029070496709,63.00045770834039,-6.97924774192555e-21,0.1950482027138019,0.35248970154732007,0.8546266290484041,-4.360633989155083e-20,-0.0035566897916687913,-0.09651840050865315,0.09658391004211281,1.2283250808126376e-16
774,6.406343000000561,270.4986748842865,323.0021226730013,52.76028037264511,63.000983500111865,-1.39584954838511e-21,0.1950482027138019,0.3524793692253425,0.8541008372769312,-8.721267978310167e-21,-0.0023179139120766998,-0.09122519117878547,0.09125463402211285,4.2128886657525516e-17
775,6.417712300000858,270.4986845291771,323.00414700125816,52.76028225386369,63.001378341700075,-2.7916990967702204e-22,0.1950482027138019,0.35248125044392253,0.8537059956887205,-1.7442535956620336e-21,-0.00042022700286195363,-0.058461533586978635,0.058463043883083654,4.7994095368383814e-18
776,6.421889600000213,270.49870982858334,323.0056143870333,52.76028718846741,63.0016645526582,-5.583398193540441e-23,0.1950482027138019,0.3524861850476384,0.8534197847305975,-3.4885071913240675e-22,0.0007554561371796818,-0.051686714739254805,0.05169223534064185,1.6922658698298824e-18
777,6.433720099999846,270.4987619298021,323.0065992144341,52.76029735071648,63.00185664147271,-1.1166796387080882e-23,0.1950482027138019,0.3524963472967073,0.8532276959160825,-6.977014382648135e-23,0.0015773213487947542,-0.03001534585497554,0.030056761792168513,1.971073507628641e-19
778,6.437928600000305,270.4988436196576,323.0071658558546,52.76031328417597,63.00196716386337,-2.2333592774161765e-24,0.1950482027138019,0.35251228075620133,0.8531171735254262,-1.3954028765296272e-23,0.002758767895312494,-0.023022463130369413,0.023187164744518162,7.448936105623356e-20
779,6.449454900001001,270.49895559485583,323.0074219571277,52.76033512473714,63.00201711595639,-4.466718554832353e-25,0.1950482027138019,0.35253412131736894,0.8530672214324042,-2.790805753059254e-24,0.0028332374567284816,-0.008666161715893832,0.009117543165361666,7.687737282611913e-21
780,6.453294599999936,270.49907514138977,323.0074173178952,52.76035844207372,63.002016211082434,-8.933437109664707e-26,0.1950482027138019,0.35255743865395317,0.8530681263063613,-5.581611506118508e-25,0.003827129588351489,-0.001684460145870299,0.00418142641559801,2.974346394806994e-21
781,6.465667000000394,270.499173692574,323.00721016443475,52.76037766430509,63.00197580617229,-1.7866874219329416e-26,0.1950482027138019,0.3525766608853189,0.8531085312165061,-1.1163223012237018e-25,0.0033695067242802412,0.0050461447512165315,0.0060677139365002955,3.2208515239822496e-22
782,6.469555300000138,270.49928988310444,323.0068379414993,52.76040032705922,63.001903204757724,-3.573374843865883e-27,0.1950482027138019,0.3525993236394527,0.8531811326310716,-2.232644602447404e-26,0.0037670153015876735,0.010354650567984805,0.01101858396834474,1.2853788768534413e-22
783,6.482278800000131,270.4993875952878,323.00635578664435,52.76041938564497,63.00180916131983,-7.146749687731766e-28,0.1950482027138019,0.35261838222520225,0.8532751760689692,-4.465289204894808e-27,0.002887498979953174,0.012460754195004654,0.012790936066901307,-4.280870653396864
784,6.4869557000001805,270.49948068788444,323.0058232606259,52.76043754318863,63.00170529307703,-1.4293499375463533e-28,0.1950482027138019,0.35263653976885934,0.8533790443117653,-8.930578409789615e-28,0.0031537290151975495,0.01688812893727583,0.017180072924855475,-16.109520958285913
785,6.49766080000154,270.4995726255844,323.00523236544944,52.760455475471765,63.00159004003487,-2.858699875092707e-29,0.1950482027138019,0.35265447205199507,0.8534942973539259,-0.2291357421875,0.1659921219355696,0.18741333052165032,0.25035403132741907,-22.040619638547273
786,6.50230990000091,270.49964138637654,323.00462687798347,52.76046888714069,63.00147194079287,-5.717399750185414e-30,0.1950482027138019,0.35266788372091895,0.8536123965959277,-0.5040986328125,0.680089095091631,0.7718341415427024,1.0287123598526042,-25.239014028892697
787,6.5135289000008925,270.5468082347777,322.9545106013318,52.76966869614901,62.991696851105246,-1.1456787109375,0.1950482027138019,0.36186769272924124,0.8633874862835498,-0.8368036132812501,0.867960835810696,1.0396232914923114,1.3543162853316464,-25.461618726132
788,6.5176898000008805,270.60167550840146,322.8920166273837,52.780370459257135,62.97950751380624,-1.374814453125,0.1950482027138019,0.37256945583736467,0.8755768235825556,-0.903344609375,0.8564072395570353,1.4772205883331042,1.7075169183820416,-18.111494232751852
789,6.529646599999978,270.65949785659257,322.80857544590845,52.7916486043485,62.963232461327166,-1.6635249023437502,0.1950482027138019,0.38384760092873194,0.8918518760616294,-0.9166528085937501,0.6753361344439358,3.075001771747961,3.148287596573537,7.242232466258946
790,6.544404199999917,270.65525379764426,322.64221496743414,52.790820808278426,62.93078414899815,-0.3327049804687501,0.1950482027138019,0.3830198048586553,0.9243001883906459,-0.6901787062500001,0.4458872674202004,3.3573437718023085,3.3868233873804527,13.603790446912686
791,6.54846230000112,270.6364773288056,322.4754722599249,52.78715849177813,62.89826128358284,-0.06654099609375001,0.1950482027138019,0.3793574883583588,0.9568230538059552,-0.4157481435937501,-0.2584113478172614,3.9392635343780995,3.94773018555749,3.3285692761836216
792,6.561069600000337,270.615326607592,322.327905845743,52.783033081619315,62.86947871971573,-0.013308199218750004,0.1950482027138019,0.37523207819954507,0.9856056176730661,-0.38861349590625005,-0.2857677956237055,3.9877672044473487,3.9979933103847802,-2.0998831941942235
793,6.565240100000665,270.59502427885116,322.20305495264665,52.77907314888751,62.84512677741008,-0.002661639843750001,0.1950482027138019,0.3712721454677421,1.0099575599787158,-0.6695720644156251,0.24305816264614777,4.635751587237861,4.6421191334354255,-22.35329261871025
794,6.5776912000001175,270.6465053983261,322.10068286657963,52.78911444871479,62.825159286014646,-1.52785166390625,0.1950482027138019,0.38131344529502087,1.0299250513741498,-1.0213814538987502,0.6125721563084496,3.411288269922385,3.4658523204537213,-42.10699008529682
795,6.581950700001471,270.7030234443081,321.9819120496527,52.800138192004475,62.801993251638194,-1.737497823015625,0.1950482027138019,0.3923371885847047,1.0530910857506015,-1.3873610075766254,1.1791843514314357,3.9088086505904776,4.082800607621161,-44.84340510503629
796,6.593496800000139,270.7589696672294,321.86991343721786,52.8110504022339,62.780148123576346,-1.8255879435093751,0.1950482027138019,0.4032493988141326,1.0749362138124496,-1.7469424163590754,1.4909997117785774,3.1097229495909993,3.44868916600739,-26.80523120007637
797,6.597327299999961,270.8081811375105,321.77622469719506,52.82064901106513,62.761874303220374,-1.843205967608125,0.1950482027138019,0.41284800764535845,1.0932100341684219,-1.7911072332718154,1.6174801291904402,3.670023768561356,4.010650374955566,-4.402274859124464
798,6.609488500000225,270.8461874352565,321.661272665998,52.8280620711323,62.73945311613709,-1.800568683756,0.1950482027138019,0.4202610677125307,1.1156312212517037,-1.5135546986074884,0.9630697978056638,3.126013867335716,3.2710038419758303,18.897258667985255
799,6.613680600001317,270.8771123495368,321.5665938012651,52.83409392008175,62.72098617373596,-1.74867574846995,0.1950482027138019,0.42629291666197844,1.1340981636528369,-1.1624265158933729,1.0238694818310676,4.1600775790937154,4.284221537211077,41.40856067655075
800,6.625645300000542,270.8351533315248,321.39982716125377,52.82590988903087,62.688458640329124,-0.34973514969399,0.1950482027138019,0.4181088856110975,1.166625697059672,-0.7965832035692995,0.3735168817447083,3.663348849470122,3.682341599290098,49.76163502961481
801,6.630061700001534,270.86343616002966,321.23991803298924,52.831426403898405,62.657268652263596,-0.069947029938798,0.1950482027138019,0.4236254004786346,1.1978156851251995,-0.43702904305760987,0.49951637173891106,4.3040172521475935,4.332906774028184,48.507510909059405
802,6.641625000000204,270.8192144477223,321.104336808052,52.82280103839193,62.63082377801785,-0.013989405987759601,0.1950482027138019,0.4150000349721594,1.224260559370947,-0.087405808611522,0.33609772431216767,3.425890332638618,3.4423373239057438,31.983520366124367
803,6.645849500000622,270.84606185167667,320.9950249368763,52.828037576280764,62.60950269400975,-0.0027978811975519205,0.1950482027138019,0.42023657286099336,1.2455816433790474,-0.0174811617223044,0.8523505817563269,3.426976478397601,3.5313834821087853,26.014954269077215
804,6.658121899999969,270.885183370634,320.9941099329495,52.83566815824083,62.609324224138355,-0.0005595762395103841,0.1950482027138019,0.4278671548210582,1.2457601132504408,-0.0034962323444608797,0.7029405976534512,2.181203934653777,2.2916753889629544,9.741326092594523
805,6.661932200000592,270.9222464652171,320.9408950369483,52.842897248226265,62.59894475431571,-0.00011191524790207682,0.1950482027138019,0.4350962448064948,1.256139583073086,-0.0006992464688921758,1.897363340564286,2.113960746845635,2.8405664374067054,3.6996460236407676
806,6.674290800001472,270.9540570997027,320.8880863080652,52.84910185530987,62.58864450665947,-2.2383049580415368e-05,0.1950482027138019,0.44130085189009804,1.2664398307293254,-0.0001398492937784352,2.0372072503026586,1.2003951667621524,2.3645637942486677,0.38959779111642745
807,6.678405100001328,271.0642970508046,320.8469376536765,52.87060395963955,62.58061853557685,-4.476609916083074e-06,0.1950482027138019,0.4628029562197824,1.2744658018119424,-2.7969858755687044e-05,2.9000331950362592,2.170884721721112,3.622558903222191,0.16190961823538721
808,6.689999100000932,271.17954166992774,320.8184543841222,52.893082215471956,62.57506292504288,-8.953219832166149e-07,0.1950482027138019,0.4852812120521861,1.280021412345917,-5.593971751137409e-06,2.8112055736942954,2.2492050343539822,3.6002500002268136,0.015113121257893923
809,6.694059000001289,271.28228165771634,320.71714869124537,52.913121465436966,62.55530343172258,-1.7906439664332298e-07,0.1950482027138019,0.5053204620171954,1.2997809056662177,-1.118794350227482e-06,4.138607907520569,3.748189147292982,5.583636565543703,0.006068795822725631
810,6.705721800000902,271.36916965759315,320.5308496728113,52.93006881365033,62.51896614300967,-3.58128793286646e-08,0.1950482027138019,0.5222678102305593,1.3361181943791252,-2.2375887004549635e-07,3.6094355528334354,4.462397938248759,5.739426832824405,0.0006308567888786478
811,6.70996660000128,271.52453576156626,320.3496008459372,52.960372692992934,62.483613885083884,-7.1625758657329205e-09,0.1950482027138019,0.5525716895731634,1.3714704523049122,-4.475177400909929e-08,4.309621059740257,6.996081815976152,8.216933397222403,0.00024517112410015385
812,6.721409700001459,271.67591848629,320.02564789214836,52.98989962137222,62.42042744368354,-1.4325151731465842e-09,0.1950482027138019,0.5820986179524468,1.4346568937052524,-8.95035480181986e-09,3.9655171616978433,7.503697621656635,8.487096344273203,2.4738184807607957e-05
813,6.726102800001172,271.8068046337795,319.7093004618066,53.01542872920018,62.35872444596226,-2.8650303462931686e-10,0.1950482027138019,0.6076277257804108,1.4963598914265361,-1.7900709603639714e-09,5.882086076959357,10.34630913645439,11.901472571234146,10.877741550322455
814,6.737755300000572,271.99889659301516,319.2669094660376,53.05289592060487,62.272436877340745,-5.7300606925863375e-11,0.1950482027138019,0.6450949171850979,1.582647460048051,-3.5801419207279435e-10,5.319206324171351,10.507716196452964,11.777353505109051,18.090655322015234
815,6.742436100001214,272.2637393460077,318.8510520125055,53.104553023577836,62.191324628444164,-1.1460121385172675e-11,0.1950482027138019,0.6967520201580655,1.6637597089446317,0.25458244316570194,7.240319890158425,14.500295121373139,16.207430108402175,40.75095887928837
816,6.753619700000854,272.5117051001738,318.3272496974623,53.152918298262506,62.08915792831767,-2.2920242770345353e-12,0.1950482027138019,0.7451172948427356,1.7659264090711275,0.6579146270608749,7.040642797794335,13.556000960351993,15.27533348386206,49.702827881315386
817,6.757701000000452,272.76668970277785,317.7939935156742,53.20265258672012,61.98514726847387,1.2729122161860653,0.1950482027138019,0.7948515833003498,1.869937068914929,1.1203321243257494,7.203791639254603,13.625770800642293,15.412859692264464,59.75981322437619
818,6.769999400001325,273.0467291883898,317.262699733899,53.25727378507763,61.8815193712256,2.016660919189362,0.1950482027138019,0.8494727816578589,1.9735649661631953,1.670800471801185,8.094615045723215,16.64250334630434,18.506639629338434,75.38207576659127
819,6.78393430000142,273.3347261203396,316.7087337103302,53.31344706904152,61.77346929396399,2.3120874862670715,0.1950482027138019,0.9056460656217524,2.0816150434248044,2.371515898803597,8.087198755093146,16.520590836400316,18.393822476259093,73.8087560506812
820,6.787389200000689,273.609102672663,316.1346114060982,53.36696372243902,61.661487770385634,2.752341737365719,0.1950482027138019,0.9591627190192469,2.193596567003162,2.829290057202126,8.437064349730374,17.168758846336775,19.1298284144202,68.8366925114159
821,6.801320600001418,273.9153448209978,315.52564961666127,53.426695703066926,61.54271086783458,3.503577135009765,0.1950482027138019,1.0188946996471557,2.312373469554217,3.222127847866207,8.50386315537062,17.536948741875186,19.490004098009514,66.1159485459555
822,6.805463500000769,274.21133437419473,314.91550816832546,53.48442793344005,61.423703874935484,3.561783008178711,0.1950482027138019,1.0766269300202822,2.431380462453312,3.588530908623535,10.203230043340177,21.279044923139605,23.598806244348737,66.59869686184683
823,6.817579399999886,274.50796512431043,314.277743314054,53.542285228119766,61.29930898635581,3.980849872509766,0.1950482027138019,1.134484224699996,2.5557753510329846,3.966009366233985,8.100832097772384,17.024167385873557,18.853269102692515,45.97449597907187
824,6.822267500001544,274.80908204035495,313.64165567714633,53.60101754140097,61.175241236008496,4.1441027900537115,0.1950482027138019,1.1932165379812005,2.6798431013802997,4.213065993730196,9.809004244497784,20.920272269277582,23.105721284765817,49.46323249656109
825,6.833640599999853,275.0993499778622,312.99220865805614,53.6576337809172,61.04856776217712,4.639734025417969,0.1950482027138019,1.2498327774974314,2.806516575211674,4.547195947159126,8.057101703695102,17.267540970610906,19.05478572525581,36.10025084440536
826,6.838204100000439,275.39949417171164,312.33694986959216,53.71617636648252,60.92076071317479,4.738860272490821,0.1950482027138019,1.3083753630627513,2.9343236242140023,4.755481822488466,9.937859721731638,20.753331232437933,23.01003722491773,36.64252749801454
827,6.850063600000794,275.7141923905842,311.70083750401915,53.77755768847084,60.79668813954576,5.23243277532336,0.1950482027138019,1.3697566850510725,3.058396197843038,5.011958867549452,8.4069524552853,17.438796775170914,19.359454603659138,27.833308203853413
828,6.854375900000377,276.0276768207906,311.08850893655165,53.838702263161366,60.6772545529909,5.022279249156469,0.1950482027138019,1.4309012597415958,3.1778297843978933,5.158003574657352,9.979595573610485,20.105611074587653,22.44611156738306,25.492358402368943
829,6.865717600001517,276.31105738879137,310.5133229128488,53.89397513363393,60.56506555284157,5.426488015358638,0.1950482027138019,1.4861741302141596,3.290018784547229,5.256138449916822,8.303135721062644,16.28813629263546,18.282380771930523,16.837551772036065
830,6.8700397000011435,276.59560950100644,309.9710431305559,53.9494765116999,60.45929485593731,5.36995756095747,0.1950482027138019,1.5416755082801288,3.3957894814514873,5.332528196575162,9.604036218941062,19.081921406349938,21.362519426623063,8.502750876310174
831,6.881406000000425,276.8547052927321,309.45129502336164,54.000012680206694,60.35791892176516,5.2295346487881735,0.1950482027138019,1.592211676786924,3.497165415623634,5.359439751863861,7.543820327730299,15.27775450016952,17.038750180237013,0.36910557808494016
832,6.885589299999992,277.10521685052674,308.92731502781305,54.04887450931358,60.25571756537542,5.614381508615057,0.1950482027138019,1.6410735058938073,3.5993667720133757,5.275574168634492,8.70026180089352,17.67114508668412,19.696799843597113,-2.0537812200444403
833,6.897138199999972,277.3348369274754,308.41365248742204,54.09366149262942,60.15552861007075,5.156837025599965,0.1950482027138019,1.6858604892096523,3.6995557273180424,5.197027599229828,7.021266823233104,14.442706998346914,16.058953055636373,-7.025835183137709
834,6.901676000001316,277.5827402987634,307.90510989919926,54.14201459964583,60.05633829223447,5.00716009921179,0.1950482027138019,1.7342135962260627,3.7987460451543242,5.181318361642841,8.777245170743807,18.01987008766106,20.043845707935574,-8.373315665343299
835,6.913605800000369,277.85469233787444,307.39562714520997,54.1950583560988,59.956964596755185,4.977224713934155,0.1950482027138019,1.7872573526790276,3.8981197406336108,5.095590225673295,7.334822630879513,14.922550845389626,16.62775230630108,-3.8215722036652204
836,6.917529500000455,278.1207546884725,306.8564064811267,54.24695333939276,59.8517905753596,5.150988460853237,0.1950482027138019,1.8391523359729902,4.003293762029195,5.078444674773331,9.109760565447518,18.168159016629932,20.324117191487904,-2.1585899185435755
837,6.929525400000784,278.39555274682516,306.3063181119809,54.300552206783685,59.74449682762394,5.185740828767327,0.1950482027138019,1.8927512033639147,4.110587509764855,5.110965653094315,7.98642854638408,15.671436836454886,17.589115197914126,-1.444100394564762
838,6.933822300001339,278.67649438787817,305.7577013541671,54.35534936893854,59.63749011503369,5.071109271100145,0.1950482027138019,1.9475483655187702,4.217594222355103,5.117469848758511,10.072848294699284,19.029869626345864,21.53133091018173,-1.6475053225153005
839,6.945584800001598,278.9803723762664,305.1923321378582,54.41462022441795,59.52721586552293,5.1697649908167085,0.1950482027138019,2.0068192209981817,4.327868471865862,5.118770611597405,8.562552559254874,15.596411805173846,17.79228393227155,-1.659606868995925
840,6.949935600001481,279.3122546541252,304.63195296854656,54.47935326622687,59.41791491571044,5.009745692255139,0.1950482027138019,2.071552262807103,4.437169421678355,5.083080675664209,11.113802956937507,19.525598743377948,22.466989617058964,-4.523288142990603
841,6.961616100001265,279.65207641987894,304.054808310496,54.54563489088017,59.305343887451805,5.157492275047708,0.1950482027138019,2.1378338874604026,4.549740449936991,5.0313331608896785,9.643967665521059,16.374901943036125,19.003776624073016,-5.995012422952685
842,6.965604900000471,280.0043200693252,303.470130605456,54.61433938162202,59.191303551916924,5.007291149101339,0.1950482027138019,2.2065383782022465,4.663780785471872,4.985033569433796,11.724606275187924,19.4239010712037,22.688197926060244,-8.221999793494053
843,6.978024400001232,280.3483853151829,302.8875292944304,54.68144868944284,59.07766821330268,4.812371697227495,0.1950482027138019,2.273647686023068,4.777416124086116,4.912442504902385,9.946864950582883,16.389992460615602,19.172166679960053,-7.35249389942531
844,6.982602300000508,280.710822219909,302.3096813958732,54.75214135630682,58.96496001924715,4.938267033537296,0.1950482027138019,2.344340352887052,4.890124318141645,4.861974127201181,9.67499464236927,15.90426670517487,18.615886246945323,-6.578786575931806
845,6.993773100000908,281.053865222946,301.7396823118589,54.81905127750273,58.85378272236165,4.646790369598085,0.1950482027138019,2.4112502740829598,5.001301615027145,4.818904606324026,8.98338442957324,14.532524537027747,17.084948499448643,-5.614657228859464
846,7.0091081999999005,281.39313549518965,301.172904281578,54.88522533433808,58.743233686217685,4.9051503865416874,0.1950482027138019,2.4774243309183106,5.11185065117111,4.810290702148595,9.080114114487246,14.674502371761555,17.256578229502686,-3.4578578104304842
847,7.01422090000051,281.75398455739116,300.60326940535543,54.95560829537145,58.632127427407376,4.791943544715565,0.1950482027138019,2.5478072919516777,5.22295690998142,4.775592075976595,9.254215984158233,15.375502469042313,17.94565656801043,1.10843413234883
848,7.025638300001447,282.09859898358604,300.0261225271201,55.022824719830005,58.51955596610569,4.76930217635034,0.1950482027138019,2.615023716410235,5.335528371283104,4.831983420688483,9.230361912225431,15.29646472720258,17.865648999720513,2.7638011822271826
849,7.0296383000004425,282.43313515849417,299.4493406903738,55.08807539948858,58.40705570549036,4.764773902677295,0.1950482027138019,2.6802743960688105,5.448028631898438,4.879211854425783,11.504727776332633,19.399835116407626,22.554652818239568,9.228370552332212
850,7.041864400000122,282.80110910700637,298.85026547044504,55.15984805679139,58.29020716055288,4.928747093157529,0.1950482027138019,2.7520470533716193,5.564877176835914,4.933266992467188,9.788603550835623,16.930480243897502,19.556531409338298,12.161598854223612
851,7.046053000000029,283.13798327040394,298.2548637308925,55.2255547569028,58.17407512136049,5.141292555228185,0.1950482027138019,2.817753753483032,5.681009216028308,5.066301683405547,11.236142364005918,19.70318873036393,22.681854892590877,13.466672268358073
852,7.058177400000204,283.4603304733627,297.67150401866064,55.288427999489734,58.06029185795402,5.0622192349225905,0.1950482027138019,2.8806269960699638,5.794792479434776,5.16183455543111,9.025514295379164,16.020066489673304,18.387562063243927,10.090718379086118
853,7.062979800000903,283.783486243829,297.08740115114955,55.35145895171577,57.946363643446006,5.434475631042136,0.1950482027138019,2.943657948296,5.90872069394279,5.216891370925088,10.28598558845231,18.919556966605622,21.534881827827242,9.769618433842759
854,7.074396800000613,284.0913488558791,296.5190655587835,55.41150700087893,57.83551080761672,5.2424382628051065,0.1950482027138019,3.003705997459157,6.0195735297720745,5.158976800185995,8.190364782256447,15.288126658903868,17.343843057555436,3.213993410422937
855,7.078919000001406,284.3735757393604,295.96135513481306,55.46655484725947,57.72673039178654,5.204031170627427,0.1950482027138019,3.058753843839696,6.128353945602257,5.171710368582121,9.872897429538728,18.49693999844466,20.96689993681122,3.341465402826908
856,7.090134900001431,284.6731058489026,295.4111304096798,55.524977656784344,57.619410048060594,4.851719701532712,0.1950482027138019,3.1171766533645737,6.235674289328202,5.16030391148498,8.138177477029185,15.527494275299974,17.530915866465694,2.4634316700792134
857,7.094486699999834,284.97650400128816,294.8437799168731,55.584154921113836,57.508749354129854,5.125887076903222,0.1950482027138019,3.1763539176940654,6.3463349832589415,5.197367102487426,9.449944354267378,18.118107489005794,20.43446273533801,12.201434674283162
858,7.107208700001138,285.26683870784154,294.26484665158154,55.640784183812514,57.39582946124351,5.377443345556427,0.1950482027138019,3.2329831803927433,6.4592548761452875,5.287365952846119,8.146416513545091,15.619203010157655,17.61600422015952,16.337713406896064
859,7.112189700001181,285.5686475431713,293.686107597954,55.69965145470673,57.28294744899317,5.42775421781734,0.1950482027138019,3.2918504512869617,6.572136888395626,5.5046239931815295,9.554150390614716,18.34560882480708,20.68436977138348,24.45832488607624
860,7.121840800000427,285.84846834331233,293.1141004468518,55.754229998856175,57.17137848223125,5.65402542242089,0.1950482027138019,3.346428995436405,6.683705855157548,5.731397668509354,7.860493195270733,15.239242682735139,17.14706595357334,26.96825979376675
861,7.1266236000010394,286.1487931112187,292.54519533876373,55.81280780506675,57.060414563383965,5.938009903209765,0.1950482027138019,3.4050068016469766,6.794669774004831,5.920729912119841,9.496739334938692,18.250761214664152,20.57372943611491,34.32079521049937
862,7.138063000000329,286.44966623434766,291.9647518986558,55.87149256697794,56.947200113613896,6.259755453542344,0.1950482027138019,3.4636915635581715,6.9078842237749,6.161717164674945,8.316449164783734,15.90339750088898,17.94662583277742,28.425216284441014
863,7.142809599999964,286.7570851376885,291.382316514703,55.93145407155482,56.83359713877698,6.32410456360886,0.1950482027138019,3.5236530681350473,7.0214871986118155,6.369793612988701,10.016261460309481,18.68982621848757,21.204600862042803,30.352665838340467
864,7.153683300000921,287.086945844969,290.7732219509414,55.99579280965579,56.714794338832526,6.632690480592866,0.1950482027138019,3.587991806236019,7.14028999855627,6.523541852480554,8.791697338794698,16.25972906947592,18.484391564499223,25.32452687990412
865,7.158401100001356,287.42930634649616,290.1566157294346,56.06256961015885,56.59452640354548,6.694407663989667,0.1950482027138019,3.6547686067390828,7.260557933843316,6.679863476086933,10.76249237705194,19.25225063521485,22.056300612007256,25.158420361165902
866,7.169258300000365,287.7702370480498,289.54151904466335,56.129067530746845,56.47455290068563,6.7067511006690275,0.1950482027138019,3.7212665273270744,7.380531436703166,6.836699776516216,9.481652608919001,16.57148380837844,19.09229718518883,17.902668159451714
867,7.174091100001533,288.1415033538093,288.92556378216193,56.20148235641343,56.35441193378262,7.0413635715742355,0.1950482027138019,3.7936813529936586,7.500672403606174,6.934495793315939,11.478583994580722,19.567686711651792,22.68594837704606,20.231264411028803
868,7.185467900000731,288.5047895957765,288.31138514720067,56.27234068497979,56.23461749488821,7.108286065755277,0.1950482027138019,3.864539681560018,7.6204668425005835,7.020483753389751,9.903368147984985,16.544888610664373,19.282376404733295,15.291097892076108
869,7.190122400001201,288.8842540395691,287.69316458514004,56.34635454273532,56.11403468537757,7.1216705645914855,0.1950482027138019,3.9385535393155493,7.7410496520112275,7.140488123358615,12.348000631218483,20.27701455572599,23.74090223394418,17.088240830142855
870,7.201877900000909,289.262636080693,287.06766217899985,56.420157279795724,55.99203156526677,7.124347464358727,0.1950482027138019,4.012356276375954,7.863052772122025,7.239629301917818,10.586637792629245,17.33642310668564,20.313258376891422,14.610891541990634
871,7.205931000000419,289.64390609048576,286.4502727835195,56.49452330995447,55.871610873303766,7.306772950513348,0.1950482027138019,4.086722306534696,7.98347346408503,7.334597842195088,10.384893446229215,16.877117475081562,19.81623339984766,14.944826976570429
872,7.217923900001551,290.0237237150043,285.8257792554502,56.56860605497583,55.749804533047445,7.537069464370249,0.1950482027138019,4.160805051556061,8.10527980434135,7.428731854815973,10.583255777541812,17.089585590598972,20.10122480127219,16.608501825079145
873,7.232591900001353,290.4162473960362,285.2066279193313,56.64516709348372,55.62904017772961,7.583128767141629,0.1950482027138019,4.237366090063951,8.226044159659189,7.564086138419251,10.451278387196872,16.87507964790236,19.84937109960255,15.670440448527051
874,7.2370348000004014,290.8010528158059,284.5923140232899,56.72022269900433,55.509219356404614,7.592340627695904,0.1950482027138019,4.312421695584561,8.345864980984182,7.71559264882643,9.845431842566043,15.747852027589786,18.572220428626114,14.936897833677603
875,7.249464100001205,291.15907210287725,283.9993053124631,56.79005371748447,55.39355407316422,7.801118882375119,0.1950482027138019,4.382252714064698,8.461530264224578,7.762119155375639,9.90785410566863,15.628640736327092,18.50459359846623,15.167564825216834
876,7.254269900000509,291.53651027425445,283.4061297338775,56.863672354447175,55.27785624266738,8.064305502549242,0.1950482027138019,4.455871351027405,8.577228094721413,7.857097979634698,11.967548681983626,18.758084057497435,22.250571654764006,16.144521194266677
877,7.2658965999999054,291.9233350270597,282.83623549743425,56.93912182724705,55.16669939611217,7.769701997116295,0.1950482027138019,4.531320823827279,8.688384941276624,7.96176711484784,9.875365545137372,15.366447430479045,18.26610388900059,11.346363413957453
878,7.270518000001175,292.2910144208274,282.2704220945734,57.01083703217635,55.056338508812786,8.058022888436932,0.1950482027138019,4.603036028756577,8.79874582857601,8.026987288326016,11.79701343867739,18.10604264888824,21.61014360145936,18.83274252219385
879,7.281557899999825,292.65509766038264,281.7037978454207,57.081850813689805,54.94581946740149,8.115686303761606,0.1950482027138019,4.674049810270034,8.909264869987304,8.13860096413493,9.960541518762986,15.054895103965139,18.051655157862804,15.537071360417269
880,7.28618060000008,293.01597015484174,281.1586002181911,57.152238345142905,54.83947965008653,8.127219749765993,0.1950482027138019,4.744437341723135,9.015604687302265,8.32894150630355,12.199728699803131,17.930077559814425,21.686886859338777,19.784974974664387
881,7.297769000000699,293.38054893519484,280.6346436458564,57.223348780998364,54.73728286235256,8.622373881593825,0.1950482027138019,4.815547777578594,9.117801475036238,8.367009614737274,10.326257911958288,14.768780924356337,18.02077946305078,19.005006728654628
882,7.301991700000144,293.763426418369,280.1164322127336,57.298028345951074,54.63620665369622,8.72140470795939,0.1950482027138019,4.890227342531304,9.218877683692575,8.494712500340034,12.467216616328345,17.015285627292638,21.09387198066787,20.53252725827454
883,7.3141441000007035,294.14664426328363,279.6133899745701,57.372774297849524,54.5380891692533,8.24836343060555,0.1950482027138019,4.964973294429754,9.316995168135499,8.618822565985976,10.780785414259846,14.075626733093838,17.72987879478322,14.67941437075109
884,7.318645000001197,294.5421008241217,279.12318086766595,57.44990738929237,54.4424747639977,8.754200731775407,0.1950482027138019,5.0421063858726,9.412609573391094,8.698702867689384,13.257973051663225,16.48977097852234,21.158601002021516,25.212280243190555
885,7.329607700001361,294.9239773544679,278.65636742150633,57.524391720194984,54.351423640321634,8.747770077995707,0.1950482027138019,5.116590716775214,9.503660697067161,8.829264499319127,11.062513138574946,13.196335380111275,17.219827653188634,20.56231097133364
886,7.333884200001194,295.33008491478887,278.1983554662164,57.60360226994407,54.2620892316209,9.02177539011086,0.1950482027138019,5.195801266524299,9.592995105767898,9.06853188545953,13.663293179645489,15.789100839856307,20.88016489025166,21.19460329183334
887,7.345524700000169,295.7304170416855,277.75259179624163,57.68168633178385,54.17514382895721,9.37421286610811,0.1950482027138019,5.273885328364081,9.679940508431585,9.149924028459093,11.40066675611861,12.863184382340451,17.188272599018067,17.82083321461678
888,7.349451100000806,296.1160072755581,277.3290933836307,57.7568950138847,54.0925412247253,9.444700361307559,0.1950482027138019,5.349094010464931,9.762543112663494,9.202436740506272,13.704172749560124,15.34989846612618,20.577262540730953,7.3950863934749265
889,7.361402399999861,296.4728723633231,276.9238413390717,57.82650090786457,54.01349754178798,9.161161446773232,0.1950482027138019,5.4186999044448,9.841586795600819,9.212939282915709,11.019153303228524,12.360602618361675,16.559173790050686,-5.55809755328521
890,7.365056100001311,296.8158957031355,276.5353502883812,57.893406993783856,53.937723060580396,9.0103336382316,0.1950482027138019,5.4856059903640855,9.9173612768084,9.065990719131971,12.774029738968231,14.624451232640293,19.41778590951911,-12.186472516525786
891,7.377276400000483,297.1352483398464,276.16299711799377,57.95569615160623,53.86509624392154,9.07428810215804,0.1950482027138019,5.547895148186463,9.989988093467254,8.958249565945536,9.919752325639262,11.548598121681254,15.224046925115717,-16.284439391104257
892,7.381004500000927,297.4311738403327,275.8038794674867,58.01341588861327,53.795050991627335,8.639470047189421,0.1950482027138019,5.605614885193496,10.060033345761461,8.860760783550436,12.315191384198542,14.555293252057503,19.06621358536688,-18.61228292050654
893,7.393680300001506,297.7485252716066,275.43614595329745,58.07531471491189,53.723325230607095,8.905994595375384,0.1950482027138019,5.66751371149212,10.1317591067817,8.770565242647589,9.674753197161461,11.621671356797398,15.121643249045091,-10.96508895666242
894,7.3971061000011105,298.06118527297974,275.05593590238686,58.13629848624022,53.64916594352326,8.673717534797733,0.1950482027138019,5.728497482820451,10.205918393865538,8.733702129340065,12.112537791297262,14.815417329345491,19.13661836344852,-16.906170354928484
895,7.40919810000014,298.37795958728793,274.67956472510843,58.19808474691193,53.57575542184182,8.55935593371736,0.1950482027138019,5.790283743492161,10.279328915546976,8.709721993250826,10.054041291345712,12.301813989524799,15.887679935124341,-12.797250389796304
896,7.412822000000233,298.6991270428181,274.2724531319607,58.26072788188325,53.4963490372944,8.889972535620426,0.1950482027138019,5.852926878463478,10.358735300094395,8.570122194060323,12.817244897670625,15.56985833076665,20.166860321007018,-15.916443348872205
897,7.424932700001591,299.0213698954701,273.88622088797064,58.3235807711304,53.42101513227402,8.519569366743227,0.1950482027138019,5.915779767710632,10.434069205114774,8.502240228606986,10.304479571049031,12.501970459912753,16.201282807564898,-15.413677155355897
898,7.428353100000095,299.3492832087308,273.5004477390825,58.387539673527826,53.345770772928155,8.207995599422864,0.1950482027138019,5.9797386701080555,10.50931356446064,8.424557695379601,10.113737241758962,12.289062159482832,15.915675598446175,-14.895045308846612
899,7.440823900000396,299.68415307757334,273.0971425744191,58.45285543958857,53.267106825415354,8.334307707531057,0.1950482027138019,6.0450544361687975,10.587977511973442,8.32171589088256,10.194364271117145,12.599261318282458,16.206987649115995,0.33055806969325463
900,7.456594799999948,300.02018988072143,272.69233831694464,58.51839881408829,53.18815048254407,8.17094326758043,0.1950482027138019,6.110597810668523,10.666933854844729,8.331336433791746,10.21633139325877,12.774759882739612,16.35750339136563,4.684119978984053
901,7.460230600001523,300.34992662057095,272.2549785001346,58.582713372564655,53.10284423633603,8.375763513135228,0.1950482027138019,6.174912369144884,10.752240101052763,8.46806446693413,9.543105420965407,12.960319744666144,16.094742898215006,26.60744626244916
902,7.472776500000691,300.69081417467396,271.7984248008149,58.64920287731995,53.0137942578414,8.567672081289155,0.1950482027138019,6.24140187390018,10.841290079547399,8.670839913650498,9.41940345255229,13.183597623460473,16.202851838465556,35.00605796915419
903,7.476700500001243,300.9992874059732,271.33718707178576,58.70937002667018,52.92383066777046,8.891635765134785,0.1950482027138019,6.3015690232504085,10.931253669618336,9.011855513247678,12.008698978092312,17.44143168777412,21.17575005674478,58.68736674845354
904,7.4891176000001,301.2933399178995,270.86454731726286,58.76672444062489,52.83164313311968,9.348184941112894,0.1950482027138019,6.358923437205121,11.023441204269119,9.430888558704224,9.471583638109546,14.262355986330999,17.120913962009627,58.54880352279762
905,7.4926415000009,301.60232667869366,270.38946904367117,58.82699175298015,52.73897996970724,9.87602126556633,0.1950482027138019,6.419190749560379,11.116104367681558,9.850291023508424,11.09068916143505,16.873606289160286,20.192126566490277,73.44399837494277
906,7.505044900000939,301.9205172775836,269.90824219988264,58.88905425741406,52.64511753872865,10.470928740417953,0.1950482027138019,6.481253253994289,11.209966798660147,10.30814048009231,9.139880388716517,13.919261023373053,16.651823952853846,63.51151016053664
907,7.509814900000492,302.24810417291155,269.4153616363964,58.95294949258037,52.5489820706681,10.664684405310155,0.1950482027138019,6.545148489160603,11.306102266720693,10.740486891184478,11.199993305168814,17.037970646573584,20.38951430979486,72.43841562837383
908,7.521832200000063,302.591841717056,268.91293006974365,59.019994882771,52.450983696605796,11.18088304805422,0.1950482027138019,6.612193879351231,11.404100640783,11.188043056947834,9.174310199154347,13.706454630425517,16.49347950452604,55.346234375825006
909,7.526332400000683,302.9360692549476,268.38185800571716,59.08713584536135,52.34739904500592,11.509916996573734,0.1950482027138019,6.679334841941582,11.507685292382874,11.540773131653241,11.762921565113032,17.277139120200044,20.901336319138736,62.3164894542157
910,7.53709230000095,303.32079404713534,267.8501718378551,59.162175724617015,52.243694613556634,12.113802094383107,0.1950482027138019,6.7543747211972445,11.611389723832161,11.901828637561119,10.40874352530093,15.076139378049785,18.320259832269777,51.94915229811939
911,7.541252000000895,303.703535303776,267.30803246141693,59.236828718829194,52.13795130256199,12.234579113944982,0.1950482027138019,6.829027715409424,11.717133034826809,12.20034741696535,13.09693915765329,18.611674094887864,22.757948675431887,60.32882111615112
912,7.552868800001306,304.09807163111975,266.7631195655496,59.3137823203829,52.03166702158749,12.469961934849545,0.1950482027138019,6.905981316963128,11.823417315801308,12.651102198236822,11.509868399074477,15.782766108554986,19.53388790285654,51.870751855354655
913,7.556923600001028,304.49347390143225,266.2260963586725,59.39090482255631,51.92692161027052,12.673476945075379,0.1950482027138019,6.983103819136538,11.928162727118277,12.972003123973538,13.549296542287063,18.33343132024896,22.796888839600847,62.22396449703368
914,7.568479600000501,304.9072658752604,265.7003839529494,59.471614203348885,51.82438235038987,13.763690902931092,0.1950482027138019,7.063813199929115,12.030701986998928,13.389066457314241,11.047169625431275,14.890117780295936,18.54064627363719,53.89935212783423
915,7.572931300001073,305.2991736465495,265.18933243843264,59.5480551097684,51.72470267098922,13.718306723066688,0.1950482027138019,7.140254106348628,12.130381666399579,13.768893155964804,12.74900966334112,17.328883191357306,21.513424647314316,53.980705680019085
916,7.5855189000012615,305.6499963535319,264.6598590495496,59.6164824482365,51.62142983810279,14.319895780648496,0.1950482027138019,7.208681444816733,12.233654499286004,14.14830148885898,10.12875701285711,13.779050629208886,17.101285181757653,41.82685455307069
917,7.59006650000083,306.0028387490275,264.16224106853974,59.68530372331915,51.52437034526875,14.369095428102357,0.1950482027138019,7.277502719899381,12.330713992120046,14.326607166668284,12.131897869577125,16.46077904533332,20.448476537315305,42.707573254032525
918,7.601757500000531,306.3576051340342,263.6777367808068,59.75450026909798,51.42986865473931,14.570518609546253,0.1950482027138019,7.346699265678211,12.425215682649487,14.541391227034831,9.845026147174504,13.557675071046143,16.75515124284516,28.659623061590633
919,7.605919300000096,306.72033695245386,263.2023016268423,59.825250458347845,51.33713588245158,14.65521929197761,0.1950482027138019,7.417449454928075,12.517948454937219,14.709920091110092,11.851545318126552,15.705009525227686,19.675020981312823,29.97457158908868
920,7.6174232000012125,307.05869294172675,262.73778548971836,59.89124618593297,51.24653284477399,14.792227024899429,0.1950482027138019,7.483445182513201,12.608551492614808,14.883421548739598,10.033683265139404,12.89765899274962,16.340881474338943,26.364984639472915
921,7.621860100000049,307.4105701470528,262.30692104283975,59.95987920240778,51.16249350879704,15.162540101024808,0.1950482027138019,7.552078198988006,12.692590828591754,15.046327559259637,12.55396770506898,15.374846359969954,19.849131107748676,36.12334085327025
922,7.632994900000995,307.7556195265093,261.8898253534834,60.02718046371828,51.08113974422841,15.236602716249884,0.1950482027138019,7.619379460298511,12.773944593160387,15.28194892249646,10.35773566541579,12.144706647934896,15.96172257868869,30.672890523510507
923,7.6368360000014945,308.12033951297497,261.4867233061443,60.09831844157221,51.00251541438467,15.385048662146463,0.1950482027138019,7.69051743815244,12.852568923004128,15.539930739089137,13.043623559979242,14.588691473040603,19.569517992786974,39.31530763708799
924,7.649072900001556,308.4979422390836,261.10206565319623,60.171969174639536,50.92748863051703,15.833326108161716,0.1950482027138019,7.764168171219765,12.927595706871763,15.701971438345172,11.199952329128195,12.065793990375887,16.462755443513547,35.62033443883324
925,7.652742500000386,308.85853249580606,260.723987482635,60.24230165612936,50.85374516286374,16.082136107862812,0.1950482027138019,7.834500652709586,13.001339174525057,15.915887299143645,13.944922455977105,14.351299165304995,20.01051348754695,40.10572093483143
926,7.664580200000273,309.2378722596937,260.34002397026813,60.316291195293516,50.77885376986891,15.972743597304985,0.1950482027138019,7.908490191873746,13.076230567519886,16.13182247935998,11.426485883064013,11.383464861899409,16.129099537728685,29.72175285495005
927,7.668338200001017,309.6187637192203,259.9790794788952,60.39058338990321,50.70845219554717,16.306182020242247,0.1950482027138019,7.982782386483443,13.146632141841629,16.295625207541917,11.138836092747313,11.082260473925748,15.712738994619212,29.43609324040131
928,7.680546700001287,309.9898120845902,259.6266821011691,60.46295570668851,50.63971772038063,16.46472456322814,0.1950482027138019,8.055154703268741,13.215366617008165,16.481727733158774,11.481323196479886,11.532742974558333,16.273442870494605,24.52964265396948
929,7.696062700000766,310.3541882506397,259.2587518241204,60.534026622988215,50.567953581118296,16.65233974907141,0.1950482027138019,8.126225619568444,13.2871307562705,16.665028713135662,11.241133919922799,11.29325742876072,15.934263558693202,23.234278322322403
930,7.699370500000441,310.7082675216443,258.87975143259257,60.60308914841587,50.49403023592296,17.012648735947096,0.1950482027138019,8.195288144996098,13.361054101465832,16.77670599897479,11.444729276166779,11.158318281290333,15.984051272168987,22.03036868387449
931,7.712824700000056,311.0565682231845,258.52595287279655,60.67102457425525,50.42502246271202,16.88924849718942,0.1950482027138019,8.263223570835478,13.430061874676774,16.934987806240272,11.457174490995682,11.04790276701692,15.916123990048025,20.541345531353066
932,7.7164560000001075,311.44357015638207,258.18973864544523,60.7465086057722,50.359444481940336,16.864568449437886,0.1950482027138019,8.338707602352429,13.49563985544846,17.071409182341807,13.511338684642766,13.037569315762568,18.775901755027313,23.64045704211479
933,7.728629900000669,311.8174507666346,257.872797820541,60.81943334683149,50.297625743676136,17.256133599555547,0.1950482027138019,8.411632343411718,13.55745859371266,17.166348181683208,10.129484945880822,9.39550928817916,13.816007384663887,18.81986689607916
934,7.732774800000698,312.133050740975,257.5631014937095,60.880990554603116,50.237220031740584,17.33444662957908,0.1950482027138019,8.473189551183346,13.617864305648212,17.279542219344457,11.359531200632247,10.670908565513594,15.585481664410917,17.904928938859143
935,7.7448720000011235,312.3792404684469,257.3064629344625,60.9290094184731,50.1871631420124,17.487343732654097,0.1950482027138019,8.52120841505333,13.667921195376394,17.396387264669674,7.60772015541361,7.4906763849213425,10.67649936386945,10.467973697353791
936,7.7481223000013415,312.5658718236547,257.11472455929925,60.96541152887642,50.14976491654554,17.455218685495666,0.1950482027138019,8.557610525456653,13.705319420843253,17.41975627373472,7.396975464440218,7.286121286861423,10.382813175068968,5.240850060472
937,7.760312200000044,312.69261541685114,256.97986064421934,60.99013263893488,50.12345995229826,17.44879367606398,0.1950482027138019,8.58233163551511,13.731624385090534,17.424430075547725,4.601523019355037,4.4785204766085185,6.42114941089647,-2.4077522787180614
938,7.7639507000003505,312.7847032316542,256.9042135131056,61.00809420170406,50.108705115334075,17.372978644880767,0.1950482027138019,8.600293198284291,13.74637922205472,17.357710722140798,4.037817387138398,3.57302432727003,5.391704006632839,-13.291693406372321
939,7.776116200000615,312.83921932597997,256.8708135101123,61.01872746792128,50.10219050477959,17.357815638644123,0.1950482027138019,8.61092646450151,13.752893832609203,17.2246958309516,1.823420006558563,1.1715555855279791,2.167349305095936,-17.84735838262592
940,7.779384100000243,312.85850173090904,256.87734082869997,61.022488466346694,50.10346364653866,17.15374696561945,0.1950482027138019,8.614687462926923,13.751620690850139,17.078421832205947,1.3430502259846158,0.2994517326543146,1.3760287968305744,-31.62942181287609
941,7.792487700000493,312.8670759942507,256.9110161153781,61.02416086100107,50.1100319506811,16.79014422954967,0.1950482027138019,8.616359857581301,13.745052386707698,16.87415604612869,0.29329000800965666,-0.6845187142341881,0.7447045715820002,-31.898385923574786
942,7.796372800001336,312.8596294111603,256.95488873343436,61.02270841835294,50.11858922598132,16.717423682335717,0.1950482027138019,8.614907414933171,13.736495111407478,16.60792218212613,0.025522645370146924,-1.6256176076452,1.6258179515901507,-46.11507714218064
943,7.808486500000072,312.8402354167549,257.008589126718,61.01892565460073,50.12906339117632,16.35164971449449,0.1950482027138019,8.611124651180958,13.72602094621248,16.369501916893977,-0.25076809507583814,-1.7938606228545848,1.8113035559331858,-42.85015715745138
944,7.811885099999927,312.83213679608326,257.0812488441795,61.01734603319426,50.14323553847688,16.02664631863132,0.1950482027138019,8.609545029774488,13.711848798911916,16.09075814094716,-0.2946238917631597,-2.8127839798036485,2.828172016451213,-63.62499870753165
945,7.824382900000273,312.8173634226536,257.1601132364355,61.01446451325879,50.158617896444525,15.961645639458688,0.1950482027138019,8.606663509839017,13.69646644094427,15.73536750953709,-0.2090248241655041,-2.680939885803907,2.689076058502564,-56.34041252602785
946,7.827956500001164,312.8156842394525,257.2626387827417,61.014136991593375,50.1786153199838,15.396425349815566,0.1950482027138019,8.606335988173605,13.676469017404997,15.30845549043281,-0.004040091737082446,-3.7098166475996113,3.709818847484128,-73.74546535153934
947,7.8401309000000765,312.8190638821287,257.35897176843935,61.01479618482319,50.19740489570618,14.940470525285379,0.1950482027138019,8.60699518140342,13.657679441682617,14.917608914248675,0.11529686015351953,-3.2142598400405324,3.2163270488646907,-61.79655588898617
948,7.8437260999999125,312.8321997473877,257.4697325661333,61.01735831173304,50.21900859022753,14.217089618973093,0.1950482027138019,8.60955730831327,13.636075747161264,14.533975426648565,-0.03241816615733592,-3.9164178574508774,3.916552025909668,-65.77733638937922
949,7.85592700000052,312.84045044954223,257.5755859125294,61.01896759635942,50.239655095193335,14.072413437710635,0.1950482027138019,8.611166592939647,13.61542924219546,14.262228587526982,-0.09894719320309553,-3.043350859633944,3.04495894912845,-42.46187835409875
950,7.859666899999866,312.8218679834793,257.6665023741284,61.015343119751854,50.25738818762532,14.043478201458143,0.1950482027138019,8.607542116332084,13.597696149763479,14.081441231421415,-0.4429902575725889,-3.4848718721927097,3.512915076386583,-36.44852684894213
951,7.872197900000174,312.79460884157294,257.7455593093524,61.01002627311549,50.272808100752826,14.037691154207646,0.1950482027138019,8.602225269695722,13.58227623663597,14.0452837602003,-0.6194894608120212,-2.4715770966120094,2.5480307173490315,-15.129279004860498
952,7.875747600000977,312.76428789154556,257.81382360419354,61.00411222630808,50.28612292877111,14.036533744757547,0.1950482027138019,8.59631122288831,13.568961408617689,14.038052265956079,-0.7267728971229765,-2.6493287192717925,2.747206127459467,-10.688869209690207
953,7.888789700000416,312.75293110374577,257.87684915056013,61.001897105259125,50.29841594831497,14.036302262867526,0.1950482027138019,8.594096101839355,13.556668389073828,14.036605967107233,-0.5635566644975374,-1.8523760670238056,1.9362058794927186,-1.0218349434370009
954,7.8928845999998885,312.7444385254482,257.9310347974057,61.00024064312578,50.30898476134508,14.036255966489522,0.1950482027138019,8.592439639706008,13.546099576043716,14.036316707337463,-0.504373432959279,-1.6991747158892048,1.7724523336305233,-0.44489767198409885
955,7.904486400000678,312.7353344848777,257.9760524615584,60.99846491637507,50.31776537582844,14.036246707213921,0.1950482027138019,8.5906639129553,13.537318961560352,14.03625885538351,-0.26702834990290364,-1.205405520530069,1.2346281256217333,-0.037560820572966454
956,7.919802400001572,312.7252536041296,258.012529655917,60.99649865870338,50.32488018702812,14.0362448553588,0.1950482027138019,8.58869765528361,13.530204150360674,14.036247284992719,-0.2673916009770086,-1.085506928873061,1.1179550800029814,-0.01538928615872526
957,7.924180699999852,312.7144936378488,258.0413099042136,60.994399946619055,50.33049372273204,14.036244484987776,0.1950482027138019,8.586598943199284,13.52459061465676,14.03624497091456,-0.5106067141424435,-0.687283102443739,0.8561993222562339,-0.0012664861260339134
958,7.936703600000328,312.7034723474505,258.06333650925654,60.99225026373527,50.33478997245755,14.036244410913572,0.1950482027138019,8.584449260315502,13.520294364931246,14.036244508098928,-0.5219196248490354,-0.5698305501386507,0.7727269573878442,-0.0002694996915016905
959,7.940401500000007,312.67274766449935,258.0745194300485,60.9862574695467,50.336971181059106,14.03624439609873,0.1950482027138019,8.57845646612693,13.51811315632969,14.036244415535803,-0.5714372763537849,-0.5451213179805838,0.7897454096881608,-0.00011858598060831467
960,7.952489600000263,312.6597564351678,258.0850284781176,60.983723553614546,50.33902095199721,14.036244393135764,0.1950482027138019,8.575922550194775,13.516063385391583,14.036244397023179,-0.4973523877767432,-0.30271076826399756,0.5822312314280363,-1.289200768917333e-05
961,7.956715600001189,312.65161055654585,258.0924164823224,60.9821347146298,50.34046196893901,14.03624439254317,0.1950482027138019,8.57433371121003,13.514622368449785,14.036244393320652,-0.5138530441798569,-0.24684096443483727,0.5700661476846582,-5.507354138655186e-06
962,7.968354900000122,312.6451108910896,258.0965980781001,60.98086696656432,50.341277581679925,14.036244392424651,0.1950482027138019,8.57306596314455,13.51380675570887,14.036244392580148,-0.271882334512251,-0.10978431938418878,0.29321084666581,-5.016059630006507e-07
963,7.972675700000764,312.63948054259663,258.0980096879821,60.97976877721012,50.34155291365034,14.036244392400947,0.1950482027138019,8.571967773790348,13.513531423738456,14.036244392432046,-0.4563786361627826,-0.006836717736965051,0.4564298415476539,-1.9557063654081635e-07
964,7.9843978000008065,312.61479567275853,258.0922743336166,60.97495403771397,50.340434243089426,14.036244392396206,0.1950482027138019,8.5671530342942,13.51465009429937,14.036244392402425,-0.3956526040446765,0.07465679957719934,0.40263459961911335,-2.0365331280466003e-08
965,7.988958800000546,312.5883226364514,258.08420292178306,60.96979051956188,50.33885992871793,14.036244392395258,0.1950482027138019,8.561989516142113,13.516224408670865,14.036244392396503,-0.3597972871462374,0.12133670725582683,0.3797060499458472,-7.652452816172183e-09
966,8.000385700001061,312.5840847484683,258.08030823777,60.968963927127476,50.33810027760104,14.03624439239507,0.1950482027138019,8.561162923707705,13.516984059787752,14.036244392395318,-0.29928443060364923,0.1461522012257761,0.3330640123533167,-7.979347117250187e-10
967,8.00455520000105,312.58558875303504,258.0768168665714,60.969257280515095,50.33741929192375,14.03624439239503,0.1950482027138019,8.561456277095324,13.517665045465044,14.036244392395082,-0.35223499017640114,0.20147231961267753,0.4057839127844798,-2.9292716008510903e-10
968,8.016769800000475,312.58861978347363,258.07303722445533,60.969848477554514,50.33668207952211,14.036244392395023,0.1950482027138019,8.562047474134744,13.518402257866683,14.036244392395034,-0.12255725323213074,0.14816553881849895,0.19228444350279805,1.0196161514286652
969,8.021501100000023,312.57223429157153,258.0640127851177,60.96665251680843,50.33492187884881,14.036244392395021,0.1950482027138019,8.55885151338866,13.520162458539986,14.036244392395025,-0.06369713737822033,0.1679932919043201,0.17966377329620453,5.7182394154678935
970,8.033569300001545,312.5732419835374,258.05914742235365,60.96684906531526,50.333972898586126,14.036244392395021,0.1950482027138019,8.559048061895489,13.52111143880267,14.097769050598147,-0.05067272650808001,0.20064676296731,0.20694648753004374,7.679429007641666
971,8.038074699999925,312.57836908963435,258.05532182873293,60.96784909814459,50.333226723426094,14.036244392395021,0.1950482027138019,8.56004809472482,13.521857613962702,14.203614936828616,0.00798235150750605,0.5135920033492566,0.5136540312699709,12.866361831069593
972,8.049772700000176,312.58649443305313,258.03573444888247,60.96943393177486,50.32940624019039,14.343867683410647,0.1950482027138019,8.561632928355088,13.525678097198409,14.318324916076662,0.10119367660791387,0.5653012279748775,0.5742870697963968,13.293234759886658
973,8.054264100001092,312.5943622557242,257.99831349503313,60.97096853644612,50.322107350398234,14.565473823547364,0.1950482027138019,8.563167533026352,13.532976986990562,14.434807866516115,0.12322442705022496,0.8457807902801207,0.854710129007912,9.019428778428018
974,8.065179100000023,312.58264207760294,257.96302594455904,60.968682536768085,50.31522457710009,14.609794288635255,0.1950482027138019,8.560881533348315,13.539859760288707,14.458104456604005,0.12824755200681828,0.9298756474578712,0.9386778757012103,4.129116097761579
975,8.068674000000101,312.5849076507484,257.93648860283895,60.96912443273822,50.31004851629279,14.618659144592286,0.1950482027138019,8.561323429318449,13.545035821096008,14.40123911641846,0.06468248199580154,1.2862477693380536,1.2878731100555894,0.6804970640307861
976,8.080540300001303,312.599939376066,257.90083205061205,60.97205634374511,50.30309376986596,14.152727342834474,0.1950482027138019,8.564255340325339,13.551990567522836,14.38986589579346,0.0336832666055212,1.0714358817551304,1.071965209865326,-4.592444760839015
977,8.084085700000287,312.59662485866494,257.8625065966374,60.971409853083166,50.29561845895001,14.059540982482911,0.1950482027138019,8.563608849663396,13.559465878438786,14.363498234090333,0.057023352226191926,1.5363803648143377,1.5374382225267296,-0.9485452672568462
978,8.096348800001579,312.6083618421076,257.82786267210855,60.97369913060895,50.28886122373571,14.508607720422365,0.1950482027138019,8.565898127189179,13.566223113653088,14.35822454916182,0.1006369052917866,1.4563195807761045,1.4597926250185664,3.4797691626301095
979,8.099709000000075,312.60676422761674,257.7769501040623,60.97338751877387,50.27893081884274,14.477955980119631,0.1950482027138019,8.565586515354099,13.576153518546057,14.426617596599945,0.29984864037986325,2.164539473550355,2.1852094498457806,-0.44463865798938684
980,8.112519100001009,312.6293903366893,257.70597153480463,60.977800700682884,50.26508657647784,14.592290719949709,0.1950482027138019,8.569999697263114,13.589997760910954,14.501820864290695,0.44951760698716703,2.076324751612094,2.124427111752364,-0.3146548592706635
981,8.116333400001167,312.6537007335864,257.6252614994238,60.982542399904915,50.24934422913584,14.494692580025099,0.1950482027138019,8.574741396485145,13.605740108252952,14.423320715826891,0.5161539661613993,2.2717405833746667,2.329639498921585,-1.6659686119266464
982,8.128878700001223,312.6901051760724,257.51801734018795,60.989643020982605,50.228426448625335,14.435557320936661,0.1950482027138019,8.581842017562835,13.62665788876346,14.338172901710303,1.2196755259922354,3.1447207009981826,3.3729625962928993,-10.539860028721243
983,8.144264300000941,312.73111241462357,257.3974791885626,60.99764140916027,50.20491569879237,14.11610697810335,0.1950482027138019,8.589840405740503,13.650168638596426,14.227602536885032,1.5506971944532395,3.5694774271982266,3.8917644959790176,-13.029603732178348
984,8.148076900000888,312.7980582550231,257.2543914646211,61.01069907500936,50.17700669540717,14.052216909536687,0.1950482027138019,8.602898071589593,13.678077641981623,14.13604067949615,3.0839836028408114,5.473541888979002,6.282564418531561,-9.836771459685947
985,8.160213700000895,312.92248361893155,257.05499190912406,61.03496801861172,50.13811417048554,14.039438895823354,0.1950482027138019,8.62716701519195,13.716970166903259,14.056203649815247,3.6055573398703142,5.993134812092009,6.9941195733989145,-8.530815722551823
986,8.163672600001519,313.0804820497524,256.81297283079664,61.065785328574925,50.090908784235324,14.036883293080688,0.1950482027138019,8.657984325155155,13.764175553153471,14.040236243879066,6.0972540030932265,8.970688948543552,10.846647712070205,-7.127834245299242
987,8.176076900001135,313.2823275436881,256.54171366668356,61.10515492939297,50.03800017180542,14.036372172532154,0.1950482027138019,8.697353925973196,13.817084165583374,14.037042762691831,6.1561453545516525,8.513003470630277,10.505681972976864,-3.2613270474682974
988,8.179796600001282,313.5298332897306,256.22865198844823,61.1534304803199,49.976938054127054,14.036269948422447,0.1950482027138019,8.745629476900127,13.878146283261742,14.036404066454384,8.040277157451873,10.939290770932484,13.576234357864148,-7.636318613933706
989,8.192292200001248,313.76810895719825,255.90629553495387,61.19990572100989,49.91406300723978,14.036249503600507,0.1950482027138019,8.79210471759012,13.941021330149013,13.97788643462877,7.095050946425303,9.204747424579775,11.621838197233629,-9.898822282377125
990,8.19632350000029,314.00414576957303,255.5893287055158,61.245944277037886,49.852239196838,14.036245414636118,0.1950482027138019,8.838143273618115,14.002845140550797,13.863183640685524,9.344248981213383,11.50092378135195,14.818442456863481,-20.76470606241896
991,8.20822650000082,314.25944403516667,255.28573702257034,61.29573974489787,49.79302418472063,13.744295133952615,0.1950482027138019,8.887938741478102,14.062060152668167,13.673582620471091,7.530468166937722,9.069792654980569,11.788515157457358,-25.317824918547814
992,8.211974300000293,314.5365178081081,254.9831774197051,61.34978248632923,49.734010477967956,13.462858202815914,0.1950482027138019,8.941981482909462,14.12107385942084,13.469001955002424,9.135874014605077,10.434412044417822,13.86871114139407,-44.31564102986037
993,8.224273300000277,314.78303234509343,254.71454435492626,61.39786470371105,49.68161408149334,13.088264847350292,0.1950482027138019,8.99006370029128,14.173470255895452,13.186896094125487,7.443850903036743,7.944519333381345,10.886978630690468,-45.29928121567804
994,8.228020900000047,315.0087234793398,254.48676826036242,61.441885353814236,49.6371867636275,13.01334617625717,0.1950482027138019,9.034084350394465,14.217897573761299,12.813364784010647,8.282465062951701,8.47052515206512,11.846899335724236,-66.662109177334
995,8.2402445000007,315.1942356183701,254.3058732784695,61.478069163113695,49.60190352252934,12.625716110251435,0.1950482027138019,9.070268159693924,14.253180814859455,12.405447920181038,5.833023430209526,5.609131063576011,8.092373794242741,-63.992216984420985
996,8.243790399999853,315.346517278616,254.1676205107795,61.50777142725092,49.574937568671196,11.876638583378412,0.1950482027138019,9.099970423831152,14.2801467687176,11.970213576956134,6.250578634239952,5.464796679682757,8.302634281545144,-83.35053105211344
997,8.256337500000882,315.48627989338445,254.0750357734468,61.535031874068096,49.55687908205573,11.423273883667871,0.1950482027138019,9.127230870648326,14.298205255333066,11.452803701719352,4.228586110169869,3.2048761792076164,5.305862023759565,-69.59314961112862
998,8.260173800001212,315.60423598897114,254.00543802051016,61.55803899851142,49.54330416543251,10.912093131225763,0.1950482027138019,9.15023799509165,14.311780171956286,10.99348783384973,4.548714093345008,2.793525453537239,5.338031880998458,-80.49379363871404
999,8.273027100000036,315.7120712653092,253.96884684033262,61.579072075350304,49.53616712150371,10.426296800073278,0.1950482027138019,9.171271071930533,14.318917215885087,10.59651067712151,3.1818265718489913,1.256028995497624,3.4207644132350117,-63.28633060480146
1000,8.277294700001221,315.811860284589,253.9506925450441,61.5985357442114,49.532626158836145,10.329136770903327,0.1950482027138019,9.190734740791626,14.322458178552651,10.221497569994616,3.538215953088902,0.7869288727117477,3.6246695271983334,-75.17600635609705
1001,8.289161200000308,315.90567808384253,253.95572123196416,61.616834737338365,49.53360699518191,9.891752799737306,0.1950482027138019,9.209033733918595,14.321477342206883,9.785929763022361,2.566741113374023,-0.018390272670492647,2.5668069941492315,-58.33323013883823
1002,8.292845600000874,315.98037917672235,253.97283991492463,61.63140505124533,49.53694596352618,9.548208348033398,0.1950482027138019,9.22360404782556,14.318138373862617,9.414963052213848,2.9896402456484217,-0.4518408269264719,3.023592057682113,-70.29257546985733
1003,8.304732200000217,316.04984332933685,254.0025826899128,61.64495390936583,49.542747238331344,8.734254096364493,0.1950482027138019,9.237152905946061,14.312337099057451,8.992810573089255,2.2844648637972464,-0.682995905246852,2.3843789800508093,-57.323541878318906
1004,8.308578600001056,316.1238118455178,254.03437141100358,61.659381335504335,49.54894757124667,8.571463246030712,0.1950482027138019,9.251580332084565,14.306136766142124,8.644011485955744,2.5165464819956256,-0.8710348903412719,2.6630260937956263,-60.66427850356964
1005,8.320863599999939,316.1889958690943,254.05490709225285,61.67209536214858,49.552953018965844,8.218374375280362,0.1950482027138019,9.264294358728812,14.302131318422951,8.361096456126697,1.922848525328558,-0.7829927802215791,2.0761560984755767,-44.4542799390971
1006,8.3252164000005,316.2493058520392,254.07773357848313,61.68385871592768,49.55740528407933,8.147757364069745,0.1950482027138019,9.276057712507907,14.297679053309466,8.128616233364014,2.4753869565040008,-0.981903313968877,2.663019846417447,-48.96513546225459
1007,8.336542300001383,316.3065662701387,254.10479487533368,61.69502725756463,49.562683541393135,8.133633198888168,0.1950482027138019,9.287226254144862,14.292400795995661,7.906223200896435,1.937435797751167,-0.7023389289775172,2.0608098994242496,-36.287512681058885
1008,8.340077599999859,316.3773007472222,254.13166746883343,61.70882389018967,49.56792499245752,7.571852982551071,0.1950482027138019,9.3010228867699,14.287159344931275,7.700930919476162,2.2088459448038034,-0.6561918184315136,2.304254350208037,-47.16293374475392
1009,8.352074600001288,316.4425689001845,254.1448400849818,61.72155432611941,49.570494287562305,7.459498083692831,0.1950482027138019,9.31375332269964,14.284590049826491,7.373486659969451,1.9192180415695324,-0.4257040920736033,1.9658641522481155,-39.13222639945889
1010,8.356120700000247,316.49218824555396,254.14681716846223,61.73123249025356,49.57087991414178,7.191912968178996,0.1950482027138019,9.32343148683379,14.284204423247019,7.060292577355219,1.9098608464541027,-0.2502120169994583,1.9261813274635695,-37.73190669482002
1011,8.367951000000176,316.5682680086541,254.13895725232064,61.74607171130914,49.56934685162487,6.51053606653619,0.1950482027138019,9.338270707889372,14.285737485763924,6.90347231857163,1.8278153360648808,0.5486088726881114,1.9083711897705051,-34.04484027199669
1012,8.384252700001525,316.6467743385893,254.1045711612247,61.76138422986465,49.56263990635826,6.567662785817004,0.1950482027138019,9.353583226444883,14.292444431030539,6.697513463958468,1.8624379960622162,0.7830864092298663,2.0203711573611343,-30.84937887266932
1013,8.388460300000588,316.7221107599403,254.05039282082376,61.77607846344805,49.552072518437036,6.787751688633128,0.1950482027138019,9.368277460028281,14.30301181895176,6.5307497173278275,1.9783223890651078,1.3768812690158403,2.4103031975340667,-21.92191345919051
1014,8.400309200000265,316.7970895796335,253.9921819454403,61.79070294747082,49.5407185918151,6.429703810627017,0.1950482027138019,9.38290194405105,14.314365745573696,6.396661189193106,1.9528913548171472,1.6084037705054408,2.5299698284160765,-22.654423596122058
1015,8.404427299999952,316.859825373424,253.93150953665304,61.80293945129547,49.52888454752682,6.358094235025795,0.1950482027138019,9.395138447875702,14.326199789861974,6.261714821456787,2.4381639358447362,2.466024756887326,3.4678410401336293,-27.028547594273093
1016,8.416729800001121,316.9309216143521,253.85032046888006,61.81680664530821,49.5130487657777,5.84009342586258,0.1950482027138019,9.409005641888442,14.342035571611099,6.05357663738706,2.0568414084418625,2.3409852175431034,3.116216996333284,-20.50343321004952
1017,8.420855700000175,317.0021166950919,253.750910195345,61.830693117848575,49.493658970593394,5.892930947135407,0.1950482027138019,9.422892114428805,14.361425366795402,5.9112132217645215,2.8695405329835832,3.8440666839449573,4.796989841666468,-16.321640371884524
1018,8.432479300001432,317.09661376849954,253.63849888062336,61.84912460217845,49.47173334569224,5.747060768284503,0.1950482027138019,9.441323598758679,14.383350991696553,5.829750807805053,2.537330220045715,3.747495189081197,4.525678384258425,-10.15197919526054
1019,8.435758300000089,317.185675353746,253.49604668670858,61.866495904311606,49.44394830129653,5.717886732514322,0.1950482027138019,9.458694900891835,14.411136036092266,5.861204372986792,3.6341530891554843,5.3333072122636365,6.453776762160407,-5.396514817581329
1020,8.448772200001258,317.27310340874897,253.33652845634512,61.883548589306706,49.41283455716405,5.950782165228451,0.1950482027138019,9.475747585886936,14.44224978022475,5.8362075494020464,3.384166541117416,5.094251233894153,6.115879234586857,2.0756835268602147
1021,8.452604900001461,317.40301553724584,253.15542880598082,61.90888771648074,49.377511395848394,5.997361251771276,0.1950482027138019,9.501086713060971,14.477572941540402,5.8624958738940816,4.3816565419473985,7.013821475645374,8.269982209401341,3.8281262281495447
1022,8.465400099999897,317.54180918216304,252.92554924861435,61.93595916746994,49.33267380134342,5.767946829211677,0.1950482027138019,9.528158164050168,14.522410536045378,5.899041228001473,3.7962832970468776,6.173116285276956,7.247008454734179,2.7780449073085784
1023,8.469567500000267,317.68225100159543,252.68017881605982,61.96335209193609,49.28481473947455,5.878502390744679,0.1950482027138019,9.555551088516317,14.570269597914248,5.9063502225290065,5.032044136615935,8.477753093837006,9.858689857831706,8.670655594559108
1024,8.482108100000914,317.8346862855551,252.40563277774544,61.99308432010259,49.231265028139134,5.9006135030512805,0.1950482027138019,9.585283316682819,14.623819309249662,5.960801752269473,4.318467643525503,7.698581765108912,8.827079017559782,8.8943251362337
1025,8.48616100000072,317.99030304111534,252.11651439560825,62.02343708858677,49.174873007331755,5.9873271378661155,0.1950482027138019,9.615636085166997,14.680211330057041,6.0724278370261615,5.63698264757797,10.15529125720273,11.614883292040146,14.867805216805635
1026,8.497665300001245,318.1698093418218,251.80270724270088,62.05844946991537,49.11366548615844,6.269618900473614,0.1950482027138019,9.650648466495596,14.741418851230357,6.164201143577108,4.829376966835162,8.877513572891491,10.10609366296744,16.40617343584147
1027,8.501530500001536,318.34237909326794,251.48984612219866,62.0921088897777,49.052642486905455,6.326077252995114,0.1950482027138019,9.684307886357928,14.80244185048334,6.2906843144087805,6.041751593797804,11.182559408455196,12.710326401976785,22.861713744524828
1028,8.513913600001615,318.5033270120865,251.16636106668247,62.12350149207379,48.98954730822225,6.3373689234994135,0.1950482027138019,9.715700488654022,14.865537029166546,6.407651251919843,5.14933140291694,9.505954468580972,10.811049174608407,18.916549142414684
1029,8.517981500001042,318.67919936776775,250.8369355730671,62.15780507895646,48.92529345776446,6.5330293572096485,0.1950482027138019,9.750004075536687,14.929790879624335,6.556616615130063,6.548820685807657,11.921108767205128,13.60146634059715,25.147442742018356
1030,8.529359600001044,318.8557815924302,250.51428760420427,62.19224712450808,48.862361551328505,6.572161825421422,0.1950482027138019,9.784446121088308,14.992722786060291,6.645552983060193,5.39171937333594,9.80210547641479,11.187131427294796,21.34882899797737
1031,8.533023100000719,319.044374475256,250.18754330608036,62.22903182734786,48.79863066323246,7.0144457165247145,0.1950482027138019,9.82123082392809,15.056453674156337,6.788912232354226,6.639714874239749,12.085974146153552,13.789727505382137,31.664911612586494
1032,8.54500999999982,319.2239995026031,249.86841521494782,62.264067366094324,48.73638530262157,6.770759092645764,0.1950482027138019,9.856266362674553,15.118699034767225,6.953498465147604,5.489075209876629,9.870350622324864,11.293970429716513,26.303595198091728
1033,8.548651600000085,319.38783276139293,249.5600832348893,62.29602274876603,48.67624570407197,7.054165169969583,0.1950482027138019,9.888221745346257,15.178838633316829,7.175731126134989,7.018325833412383,12.081455513965096,13.972060150166161,35.11789236147656
1034,8.56083800000124,319.5552482904459,249.26535650208172,62.32867684681419,48.618759784546135,7.3559605211765335,0.1950482027138019,9.92087584339442,15.23632455284266,7.295317962897896,5.608333901274316,9.430709693141285,10.972314909101533,29.43287657983021
1035,8.564340000000811,319.7468824461466,248.9675537251298,62.3660547444622,48.56067388813848,7.683325130358354,0.1950482027138019,9.958253741042427,15.294410449250314,7.477029519703604,7.376537347381389,11.616661791785578,13.760818813647804,35.19193102575429
1036,8.577300700000706,319.9456241149546,248.69229355213207,62.40481894976754,48.50698488611659,7.61237990033925,0.1950482027138019,9.997017946347768,15.348099451272205,7.615795766001268,6.198559722909093,9.193158330087591,11.08766443939073,25.927801883072192
1037,8.580582100001266,320.14353340910975,248.4210554131795,62.443420801892856,48.45408037460645,7.679316876674296,0.1950482027138019,10.035619798473085,15.401003962782347,7.755339863039122,6.200295058225974,9.101932078355016,11.013120646213293,26.541719308275454
1038,8.593153499999971,320.32949297141806,248.13765063308003,62.47969188029853,48.39880278160755,7.747996401457907,0.1950482027138019,10.071890876878761,15.456281555781246,7.940208063550208,6.439810689418069,9.721831069324251,11.661267557861002,27.967254736813164
1039,8.607649900000979,320.52928791570605,247.8209574580747,62.51866152509321,48.33703234701103,8.0536810063658,0.1950482027138019,10.110860521673438,15.518051990377764,8.126961214150473,6.382144465182087,9.919721149073025,11.795449785820844,29.460771527545493
1040,8.611129800001436,320.74107899796945,247.46973521412804,62.5599709950395,48.26852707957613,8.607666132913785,0.1950482027138019,10.15216999161973,15.586557257812665,8.33232965127736,5.800353190548417,9.774836524264227,11.366245035683296,32.0078857085267
1041,8.62505560000136,320.9340337875783,247.10333468243826,62.597606479957726,48.197061314396656,8.54614565334057,0.1950482027138019,10.189805476537956,15.65802302299214,8.585421008380472,5.910079663838138,10.174368696776662,11.766342677776386,31.83904944023373
1042,8.629828800001633,321.1507295162305,246.7265134496623,62.6398725923671,48.123563010199305,8.706159062308739,0.1950482027138019,10.232071588947328,15.73152132718949,8.849194492203438,7.383582349698127,13.115478549004372,15.051015443622651,37.90441358954185
1043,8.641901300001336,321.3632667906787,246.33071054625347,62.68132760575791,48.04636236526051,9.013453186973468,0.1950482027138019,10.273526602338137,15.80872197212829,9.016534760257095,5.769516321533514,10.660030634354875,12.121203393633241,28.945211781874615
1044,8.646125300001586,321.5810358138806,245.9199655393954,62.723803062340174,47.96624728989917,9.37254842548063,0.1950482027138019,10.316002058920404,15.888837047489623,9.19905188613345,7.61037027649502,13.997131104641763,15.932275885945762,30.655984606655693
1045,8.656750699999975,321.7880735897006,245.51636833797386,62.764185408407734,47.88752638114158,9.444367473182064,0.1950482027138019,10.356384404987963,15.967557956247212,9.350140882597785,6.575106340281263,11.96386589293147,13.651597360384454,19.110654757125324
1046,8.660108400001263,321.9930465346322,245.14078794630987,62.80416501292159,47.81427010077297,9.45873128272235,0.1950482027138019,10.396364009501816,16.040814236615823,9.439885964605494,7.97868284088952,13.426694806862203,15.618435046832488,13.10608979269864
1047,8.67229640000005,322.2229091556307,244.8138682512259,62.848999304018434,47.7505050018151,9.461604044630407,0.1950482027138019,10.441198300598664,16.104579335573696,9.409838917774616,6.553835093727855,10.457164311160742,12.341192805656702,1.949497346240582
1048,8.676351500000237,322.4402029969155,244.52885692486703,62.89138207722181,47.69491405485573,9.46217859701202,0.1950482027138019,10.483581073802043,16.160170282533066,9.344302225693596,7.141895700751562,11.146448617858013,13.23820195460707,-9.929757413031691
1049,8.688168100001349,322.61780221407264,244.27931658717378,62.92602248533169,47.646241660484066,9.222313191326233,0.1950482027138019,10.518221481911922,16.20884267690473,9.195727205392627,5.111379921259655,7.400862876214372,8.994385805155593,-18.54061933609919
1050,8.69212510000034,322.75455583916266,244.05909458868797,62.952696034120095,47.60328775548137,9.116684012776966,0.1950482027138019,10.544895030700324,16.251796581907428,9.016963129066808,5.191668377887726,8.35008733051778,9.83246555921926,-32.473212910941015
1051,8.704461700001048,322.8655112132086,243.86368874726963,62.9743376804092,47.56517419731294,8.715856181217504,0.1950482027138019,10.566536676989429,16.289910140075854,8.815553728108284,3.3264589536734728,6.1358545330046965,6.979544399218956,-32.647109167990145
1052,8.708119500000976,322.94202477595843,243.67656976982522,62.98926151330678,47.52867697706876,8.567783663001315,0.1950482027138019,10.581460509887009,16.326407360320033,8.551722958756423,3.6762654795275695,7.036927755919927,7.9393501067784085,-40.25491092004214
1053,8.720238200001404,323.011964934224,243.51268263410668,63.002903215474,47.49671108579895,8.455131592219404,0.1950482027138019,10.595102212054229,16.358373251589846,8.345329027786443,2.6200251892150703,5.293716063825975,5.906603233376239,-34.16666319393543
1054,8.723742400001356,323.0960545880482,243.35773913997198,63.01930475131924,47.46648963574578,7.903159344566928,0.1950482027138019,10.61150374789947,16.388594701643015,8.167972971084634,3.08154406807071,5.933330150957934,6.6858298305990616,-43.83328072847917
1055,8.736314200001289,323.1901360835355,243.21986309920197,63.03765517792266,47.43959716179629,8.084714357927059,0.1950482027138019,10.629854174502888,16.415487175592503,7.982722096658334,2.464220613958125,4.313128280353364,4.967439863454829,-30.676457507705734
1056,8.74010890000136,323.26916030262214,243.09753779628488,63.05306870982637,47.415737831315894,7.829075897708459,0.1950482027138019,10.6452677064066,16.4393465060729,7.737359620137332,2.6300536879292404,4.602244273538407,5.300739076271087,-35.88751133593979
1057,8.752144600000975,323.3304584106165,242.98172087485247,63.06502479562042,47.393147948946655,7.641529290869817,0.1950482027138019,10.657223792200647,16.46193638844214,7.661003341874147,1.7811438498984171,3.1030492377746497,3.577902735693746,-28.085867418539777
1058,8.756231400000615,323.37141770324007,242.89616416646703,63.07301383203108,47.376460266745966,7.228319209614393,0.1950482027138019,10.66521282861131,16.47862407064283,7.484918258706861,1.7152246218418608,3.097577310177794,3.5407599037354753,-30.589426121657276
1059,8.768092700000125,323.3979310249311,242.82754522252498,63.07818520777489,47.36307626505795,7.521377953251004,0.1950482027138019,10.670384204355116,16.492008072330847,7.3472773071368795,0.9479071859731205,1.9639427234924984,2.180733604633682,-19.07907678334769
1060,8.771859899999981,323.4197571092601,242.78675843697891,63.082442346295544,47.35512087584272,7.20428894209063,0.1950482027138019,10.674641342875773,16.499963461546074,7.2446089648453444,0.8774293544960501,1.602859115807002,1.8273039203309775,-26.242545950937224
1061,8.784095200000593,323.4338882519244,242.74790573473302,63.0851986002745,47.347542726099086,7.140871139858556,0.1950482027138019,10.677397596854732,16.50754161128971,7.157646463379226,0.4986602626334774,0.7564923523198324,0.90605890352012,-19.713195825098936
1062,8.787865500000407,323.44627876464125,242.74652385799965,63.08761534751063,47.347273193525865,7.128187579412141,0.1950482027138019,10.679814344090858,16.50781114386293,6.998684978100651,0.47695300321939577,0.43159270219236995,0.6432390130159338,-24.304857197300205
1063,8.800186600001325,323.45013170287905,242.75590586684365,63.088366856189076,47.34910313748873,6.793506702283796,0.1950482027138019,10.680565852769305,16.505981199900063,6.870058269423842,0.25477108525440995,-0.06357914475580895,0.26258448836439274,-21.97688932476996
1064,8.804564100000789,323.45748074066114,242.76704043155468,63.089800272800154,47.35127491432362,6.7265705268581275,0.1950482027138019,10.681999269380384,16.503809423065178,6.718760875686527,0.2451665196433097,-0.23933525663947736,0.3426193039288619,-22.14921531060256
1065,8.816287000001466,323.4586313545989,242.78892426194142,63.09002469798072,47.35554331610905,6.561155398706586,0.1950482027138019,10.682223694560953,16.499541021279747,6.5357267387359395,-0.0706966214456798,-0.48033198205046646,0.48550677159475686,-18.572880888075634
1066,8.83171560000119,323.47265191823954,242.809444200251,63.092759383719866,47.35954569319613,6.384384171171981,0.1950482027138019,10.684958380300095,16.495538644192663,6.412774086150508,-0.13006251894565812,-0.5092297530927827,0.5255770164965607,-17.62234091579099
1067,8.835164300000542,323.4560612339544,242.8294858364397,63.08952340056826,47.36345477831418,6.2130168946592015,0.1950482027138019,10.68172239714849,16.491629559074617,6.329040260345337,-0.056395941801630545,-0.5188729022728246,0.5219287221112832,-11.448832055456364
1068,8.847945900000923,323.4406068001878,242.848686919315,63.086509041038134,47.36719991501917,6.178743439356645,0.1950482027138019,10.678708037618364,16.487884422369625,6.256353248602272,-0.030359550375698874,-0.5069864944409859,0.5078946818431695,-9.050008912403102
1069,8.85188030000063,323.4546417513165,242.85966699960414,63.08924653303096,47.36934155994522,6.307901397832267,0.1950482027138019,10.681445529611189,16.485742777443576,6.241815769959713,0.057843147439813974,-0.5903151230521285,0.5931422883337468,-9.156053214473793
1070,8.864356000000043,323.4641929695674,242.87915472597524,63.09110948098453,47.37314260594888,6.197720339991259,0.1950482027138019,10.683308477564758,16.481941731439917,6.19666286712671,0.20460078793862868,-0.42803402623042996,0.47442028839009415,-5.305911907445059
1071,8.868452500000785,323.47717800313404,242.89335359238248,63.09364218844387,47.37591206932218,6.31169677795919,0.1950482027138019,10.685841185024103,16.479172268066613,6.161845238220264,0.3065539667438877,-0.4733996643004147,0.5639880997735306,-6.112738208835355
1072,8.880373699999836,323.4646771912132,242.9130394784179,63.091203927546246,47.37975176601222,5.987252380494182,0.1950482027138019,10.683402924126476,16.475332571376576,6.101892134191905,0.22380447922640023,-0.36762699913765734,0.43039290818594966,-6.3942683540576075
1073,8.884259899999961,323.47013505708065,242.92339689353025,63.09226847447435,47.381771961214646,6.004655294824423,0.1950482027138019,10.684467471054582,16.47331237617415,6.064114465046389,0.028475585202963005,-0.3682128096683671,0.36931224208862123,-6.363447927300992
1074,8.896125400000528,323.4872923702272,242.9243382980896,63.095614977566974,47.38195558048197,6.008135877690471,0.1950482027138019,10.687813974147204,16.473128756906824,6.003569352970215,-0.09184536325995013,-0.23481899269141002,0.2521418848207506,-4.962691282414904
1075,8.899619900001198,323.47247006521303,242.9298493755478,63.09272391361389,47.383030506235215,6.008831994263681,0.1950482027138019,10.684922910194118,16.47205383115358,5.991460330554982,-0.15523391656024454,-0.17412306332561006,0.2332732518582604,-6.495026536410014
1076,8.912243900000249,323.4735481193306,242.93043750257834,63.09293418613195,47.383145219355484,6.008971217578322,0.1950482027138019,10.685133182712178,16.471939118033312,5.972580167307286,-0.20664688832647007,-0.07863518085289574,0.22110275467026685,-5.537705867780182
1077,8.916303699999844,323.46269397563344,242.93082486026373,63.09081710491182,47.38322077277583,5.926707268418008,0.1950482027138019,10.68301610149205,16.471863564612967,5.9210580866841145,-0.2252418290504297,-0.05557509509085764,0.23199670848600604,-7.637666664579264
1078,8.92806820000078,323.46371121363495,242.93338217942141,63.09101551535575,47.3837195732813,5.910254478585946,0.1950482027138019,10.68321451193598,16.4713647641075,5.8630076225858465,-0.04962540207574265,0.012603646208898703,0.05120090261839345,-6.872825957565148
1079,8.931872500001191,323.46739875067436,242.93143514446473,63.09173476282773,47.38333980761238,5.750525474574611,0.1950482027138019,10.683933759407957,16.471744529776416,5.80365132920467,-0.2662704446620443,0.05217696236500716,0.2713344524791538,-5.733106690786252
1080,8.944648600001528,323.4707238942116,242.92925466013963,63.09238332609843,47.38291450806372,5.718579673772344,0.1950482027138019,10.684582322678658,16.472169829325075,5.808238429293083,-0.16258702352611087,0.12018342708447192,0.20218456015445074,-2.3091974818637273
1081,8.948782700001175,323.44811768009583,242.92525342333568,63.08797402466499,47.38213407401648,5.7121897506724375,0.1950482027138019,10.680173021245217,16.47295026337232,5.825614131781468,-0.29885641126138757,0.3538130932789855,0.4631402158393068,1.7331751056103841
1082,8.960348300000987,323.44793640244586,242.90619433727923,63.08793866678517,47.3784166335358,5.949642768860074,0.1950482027138019,10.6801376633654,16.476667703852996,5.876835320252779,-0.3973476542776906,0.39827634134496015,0.5625915058327048,5.820532637052491
1083,8.96414410000034,323.4350050356701,242.8842863162534,63.08541642693692,47.3741435134097,5.997132991027875,0.1950482027138019,10.677615423517153,16.480940823979097,5.934825605920674,-0.6026658780509109,0.5718007119908319,0.8307600223891961,3.825573822818879
1084,8.976419600001464,323.4159106827457,242.86401210030357,63.08169210771703,47.37018906402725,6.006631416931161,0.1950482027138019,10.673891104297262,16.484895273361545,5.994169863615776,-0.4148604336188822,0.576837798007876,0.7105286937154771,2.8653997047692683
1085,8.980150700001104,323.3972439670731,242.84677847673606,63.078051198374524,47.366827676724164,6.008531102111819,0.1950482027138019,10.670250194954754,16.488256660664632,5.958292514593272,-0.4014303261911899,0.6715421659937753,0.782377905806124,2.7484900003280464
1086,8.99215280000135,323.38939583063546,242.8336123437934,63.076520433467714,47.364259646157,6.00891103914795,0.1950482027138019,10.668719430047943,16.490824691231794,5.951117044788773,-0.28408299817768534,0.5316040357531351,0.6027487044222022,-1.0456293614849823
1087,8.996212000000014,323.39072969496357,242.81706855225696,63.076780601307576,47.36103280935175,5.770256023747558,0.1950482027138019,10.668979597887805,16.494051528037048,5.966721440573966,-0.28964681149086724,0.8178956289598835,0.8676684477832011,-5.536725333309903
1088,9.008295400000861,323.38591331973697,242.7906738458279,63.07584117597603,47.35588456930161,5.961255642005371,0.1950482027138019,10.66804017255626,16.499199768087188,5.922096119169482,-0.07626997919508137,0.744464435066169,0.7483611459748617,-3.7898115733614186
1089,9.011511500000779,323.3804520237819,242.76175919021674,63.07477596001551,47.350244817692555,6.08465339585713,0.1950482027138019,10.666974956595737,16.50483951969624,5.8654248543270615,-0.1327857687218753,1.029056230362679,1.0375879652459863,-3.7832874301825785
1090,9.02437380000083,323.3864566949103,242.72656116596238,63.07594716032698,47.34337950632267,5.785404495089395,0.1950482027138019,10.668146156907213,16.511704831066126,5.854090753946467,-0.12592488194405757,0.9584816310052053,0.9667182179244495,-5.6460431004770575
1091,9.02838410000004,323.37802439101273,242.69290509251599,63.07430245460703,47.33681494968655,5.725554714935848,0.1950482027138019,10.666501451187258,16.518269387702247,5.851824010164294,-0.0946288040569601,0.9059556145825853,0.9108842880141036,-4.715207028404165
1092,9.04031170000053,323.38404162021413,242.66587153680086,63.07547610434808,47.33154210323135,5.713585521844592,0.1950482027138019,10.667675100928307,16.523542234157446,5.786585123688133,0.020767794258363812,0.6038110212193617,0.6041680648828819,-1.0723832630027001
1093,9.059290600000168,323.3917028489012,242.6499693185264,63.07697041323407,47.32844040413775,5.949921923094505,0.1950482027138019,10.669169409814302,16.526643933251044,5.804825188189776,0.037251703191636544,0.5699859038745969,0.5712019082657367,-0.8800212373505255
1094,9.065442600000097,323.3994546428894,242.64230876639917,63.07848238671928,47.32694622721354,5.758458963476323,0.1950482027138019,10.67068138329951,16.528138110175256,5.808473353677995,0.17631383345085372,0.2670695445614029,0.32001985797504906,-2.9631675356970772
1095,9.074492600000667,323.40750373640594,242.62539042402167,63.08005234794315,47.32364633493991,5.876604817597609,0.1950482027138019,10.672251344523382,16.531438002448887,5.809202986775639,0.21014084140171604,0.1991231411852552,0.2894981840711687,-2.0505889128944217
1096,9.078827400000591,323.4138418764843,242.6226714585445,63.08128859077399,47.323116005610345,5.743795542376944,0.1950482027138019,10.673487587354217,16.53196833177845,5.7616027128336444,0.4664113054618323,0.3028445897942662,0.556106420957597,-4.190615623971327
1097,9.08932730000015,323.42824379431636,242.6171623104369,63.08409765896276,47.32204145617348,5.7172336873328105,0.1950482027138019,10.676296655542991,16.533042881215316,5.7520826580452455,0.5183892508786878,0.2606799620233493,0.5802425854994289,-5.813594065178853
1098,9.092735400001402,323.4520087635205,242.6052450148651,63.08873297349358,47.319717009090986,5.711920553384531,0.1950482027138019,10.680931970073807,16.53536732829781,5.718890957878581,0.7658877163071616,0.17337275997631155,0.7852656288747158,-10.868537214675026
1099,9.104597400000785,323.48276079683717,242.60329565923385,63.09473110232179,47.319336790778664,5.710858689534328,0.1950482027138019,10.686930098902018,16.535747546610132,5.629666329393099,0.7369294671772767,0.15177498412211438,0.7523966277166937,-9.003965359968651
1100,9.108583700000963,323.511597486807,242.6047652600233,63.100355646872615,47.319623433771355,5.710646316764287,0.1950482027138019,10.692554643452844,16.53546090361744,5.529235115243855,0.9050513592744431,0.12081082747178028,0.9130789773940332,-9.079550338711948
1101,9.120697600001222,323.5203172794166,242.60387381012302,63.10205642674916,47.319449558070495,5.297672399949537,0.1950482027138019,10.694255423329388,16.5356347793183,5.5091490250018955,0.6428190508051237,0.02553884970829983,0.6433261730432108,-8.391763030407155
1102,9.123824800000875,323.5380840805963,242.60471524818504,63.10552180938724,47.31961367905219,5.215077616586587,0.1950482027138019,10.69772080596747,16.535470658336607,5.5051318069535045,0.8337917874265383,0.2675592426836256,0.8756692829632525,-7.8956952369012505
1103,9.137061000001268,323.54140425989516,242.59075782205602,63.10616940439216,47.31689130817121,5.61149010217474,0.1950482027138019,10.698368400972392,16.538193029217588,5.421742074891677,0.5993499252221166,0.30042689958225977,0.6704302013307321,-2.9108073154094
1104,9.140369100001408,323.56617534475896,242.56969034052378,63.11100095997412,47.31278213376264,5.6907725992923694,0.1950482027138019,10.70319995655435,16.542302203626157,5.405064128479312,0.678262061210992,0.30931270619124546,0.7454621210293217,-6.875693269298545
1105,9.15273900000102,323.58131739576004,242.56382837736726,63.11395438980728,47.31163876838458,5.293697656455153,0.1950482027138019,10.706153386387513,16.543445569004213,5.4017285391968395,0.45700543362578444,0.3197913403478095,0.557781738429056,-8.240131096189891
1106,9.156614400000763,323.5919464754048,242.56266043296486,63.116027572688495,47.31141096292803,5.21428266788771,0.1950482027138019,10.708226569268724,16.543673374460766,5.318475132888196,0.5816711378128422,0.33471556686038384,0.6711004569087661,-8.054650574743704
1107,9.168855600000825,323.5920631569371,242.562665993251,63.11605033121166,47.311412047451846,5.198399670174222,0.1950482027138019,10.70824932779189,16.54367228993695,5.219238239468265,0.38105177593088646,0.0991432047542241,0.39373827727187066,-8.239421068915943
1108,9.172549700000673,323.6047952692147,242.55735732472877,63.11853370682816,47.31037660119778,5.195223070631524,0.1950482027138019,10.71073270340839,16.544707736191015,5.199390860784279,0.5340965027704447,0.040474912769728685,0.535627942545324,-12.419809874822278
1109,9.184769400000732,323.633452845624,242.55332935193414,63.12412331560092,47.30959095234361,5.194588132192711,0.1950482027138019,10.716322312181148,16.545493385045184,5.126495451209591,0.5364441523808055,0.009437750193068747,0.5365271659033376,-9.530090918383127
1110,9.188713600000483,323.65375505710915,242.5573920914015,63.12808322546221,47.310383382374816,5.194460763035222,0.1950482027138019,10.720282222042442,16.54470095501398,5.042990435456763,0.9250301855058136,-0.0573352167737107,0.9268053577636506,-12.22576394156444
1111,9.200887000000876,323.6878757149609,242.5634088443836,63.13473839845162,47.311556939230144,4.849805620014271,0.1950482027138019,10.726937395031847,16.543527398158652,4.957363498468307,0.9097008842165645,-0.11231528140959543,0.9166081066532827,-12.592962176100318
1112,9.20487360000152,323.7276253618457,242.57023453531465,63.142491495635,47.31288827797852,4.780874591410081,0.1950482027138019,10.734690492215229,16.542196059410273,4.871312100938779,0.77810815002323,-0.07916856129071974,0.7821252803927359,-12.287038192583491
1113,9.21682250000049,323.76411306653563,242.56990390970756,63.14960835685592,47.31282379004809,4.767088385689243,0.1950482027138019,10.741807353436151,16.542260547340703,4.785175887594983,0.640774823743893,-0.03288627918799002,0.6416181746980424,-8.10681666290446
1114,9.220706200001587,323.7601200635089,242.56532372522963,63.14882952879213,47.311930433297576,4.764331144545076,0.1950482027138019,10.741028525372357,16.54315390409122,4.767948644926223,0.4325576959174396,0.08139469566220511,0.4401491301585715,-6.730883659108766
1115,9.233444000001327,323.7808426989827,242.56333181631717,63.152871441596794,47.31154191504423,4.763779696316242,0.1950482027138019,10.745070438177024,16.543542422344565,4.7645031963924716,0.0006133208269890125,0.138416524897173,0.13841788369660377,-3.4208134149554317
1116,9.237910700001521,323.76952097748006,242.5524540478293,63.15066316016607,47.30942022585113,4.763669406670475,0.1950482027138019,10.742862156746298,16.54566411153767,4.763814106685722,-0.31762696897356213,0.15382248339276078,0.3529139382575423,-2.599197945313668
1117,9.249535300001298,323.75671129905754,242.5553650988714,63.148164655412415,47.3099880211249,4.763647348741322,0.1950482027138019,10.740363651992645,16.545096316263894,4.705286472460192,-0.32669152422140624,0.09515628135908098,0.3402676444803329,-1.7509654540690618
1118,9.253310500000225,323.7374413745691,242.55376971099713,63.14440609127451,47.3096768435874,4.763642937155492,0.1950482027138019,10.736605087854741,16.5454074938014,4.693580945615086,-0.49407159619713886,0.24639898764450052,0.5521043409365872,-4.961860912948799
1119,9.265339700001277,323.72227843446257,242.5576738425442,63.14144858705888,47.310438337428806,4.471692973417427,0.1950482027138019,10.733647583639112,16.54464599995999,4.691239840246065,-0.31184957846564637,0.17407944555316018,0.357146766684646,-6.8746262209366344
1120,9.268945100000565,323.71267410080316,242.5431316869544,63.13957527904035,47.307601916117434,4.705252062090713,0.1950482027138019,10.73177427562058,16.54748242127136,4.632381802888081,-0.26851347627101557,0.16932170503416155,0.31744184780022444,-6.193868825633805
1121,9.281319499999881,323.73911212871644,242.53593703550814,63.14473196886813,47.30619861228369,4.75196387982537,0.1950482027138019,10.736930965448359,16.54888572510511,4.512126156109843,-0.15299034942502074,0.08409731958646692,0.17458065808908585,-5.823559085641392
1122,9.296065600001384,323.7392442797377,242.54142825912118,63.14475774468732,47.30726966558011,4.469357161951402,0.1950482027138019,10.736956741267548,16.547814671808688,4.48807495046025,-0.06334769103842573,0.12719732568474978,0.14209887269521934,-5.799701750881029
1123,9.29991660000087,323.7309917950321,242.54821412044436,63.14314811237756,47.30859323563506,4.162364703264304,0.1950482027138019,10.73534710895779,16.546491101753737,4.4832647093303315,0.3434336066250953,0.23998433719376355,0.4189738944825211,2.3676106982325584
1124,9.312687400000868,323.74424086867987,242.53824905623412,63.14573232038018,47.306649567770926,4.351436945169462,0.1950482027138019,10.737931316960413,16.54843476961787,4.482302661104348,0.33331800345795165,0.3268297396392171,0.4668174912552372,6.945412160040139
1125,9.316407000000254,323.77311923816603,242.51249195155853,63.151364994445764,47.30162569079684,4.681200856441119,0.1950482027138019,10.743563991025994,16.553458646591956,4.573475989374191,0.5504418080522742,0.8926579650506969,1.0487251435053457,14.573587819642444
1126,9.328531799999837,323.7958799071978,242.47844952597558,63.15580442203297,47.29498577687087,4.747153638695451,0.1950482027138019,10.748003418613202,16.56009856051793,4.733170615965658,0.6834662569139954,1.1234473945872006,1.315013373599218,16.300203229614464
1127,9.331909100001212,323.8147078918385,242.43072001699193,63.15947678659787,47.2856762219272,4.925223803300614,0.1950482027138019,10.7516757831781,16.5694081154616,4.856475355492936,0.77677602842537,1.5779528981034283,1.7587826320979234,22.951684165822407
1128,9.344583400001284,323.8307674270612,242.37806956113275,63.16260917007947,47.2754068451398,4.960837836221646,0.1950482027138019,10.7548081666597,16.579677492248997,4.950062237236283,0.5051030375093105,1.4624675399859322,1.5472363697941036,19.63977543198824
1129,9.34841039999992,323.84389180793715,242.33049456313475,63.16516905698106,47.26612742728618,4.967960642805853,0.1950482027138019,10.757368053561287,16.588956910102617,5.0770500298447185,0.5005467266883528,1.8592059845724864,1.9254074682177207,23.55736132722666
1130,9.36107280000033,323.8540164700507,242.2802974383911,63.167143854129385,47.256336568323526,5.149135265157851,0.1950482027138019,10.759342850709615,16.59874776906527,5.177742082995311,0.30115888755839004,1.4729988914953926,1.5034701227167977,18.794270289483926
1131,9.36530600000151,323.86146859505175,242.22535924118958,63.16859737771725,47.24562097169903,5.382092601737625,0.1950482027138019,10.760796374297477,16.609463365689763,5.31641679428461,0.28668347658237286,1.838461855911294,1.8606798250602266,24.306832739383154
1132,9.376828500000556,323.86681063020825,242.17659432689896,63.16963933207335,47.23610946281116,5.42868406905358,0.1950482027138019,10.761838328653582,16.61897487457764,5.462688037201649,0.1595328773241742,1.5058697428417398,1.51429667547465,19.269943765863566
1133,9.380694600000425,323.8702747400716,242.12431444476186,63.1703150004762,47.22591236576223,5.654211392668138,0.1950482027138019,10.76251399705643,16.62917197162657,5.597795862445213,0.13602084900555725,1.773015156647217,1.7782250749173873,21.902813222715054
1134,9.392389399999956,323.87226228853353,242.0786402566983,63.17070266823151,47.21700369747002,5.699316857391049,0.1950482027138019,10.762901664811743,16.638080639918776,5.691326521732208,0.0669490636242697,1.3860127349651428,1.387628725057867,16.028285584794084
1135,9.396424900000056,323.8730567220357,242.03500659127417,63.17085762105828,47.208493029451226,5.824674391375671,0.1950482027138019,10.763056617638512,16.64659130793757,5.776541747827887,0.04043186643828535,1.5114884623587834,1.5120291358526803,19.145354804154536
1136,9.40832920000139,323.87293489584096,241.9986121824865,63.17083385907795,47.201394365428364,5.849745898172595,0.1950482027138019,10.763032855658182,16.653689971960432,5.81685208125503,0.0019885997564859648,1.0575995959743376,1.0576014655502675,12.892401608395119
1137,9.412176400001044,323.8721033528665,241.96995562740875,63.170671668115304,47.195804955864475,5.854760199531981,0.1950482027138019,10.762870664695534,16.65927938152432,5.925649926749054,-0.030662989513168478,1.1885136695318521,1.1889091477442477,15.876666118291663
1138,9.424734199999875,323.8709799397791,241.94625477599283,63.1704525484117,47.191182147393015,5.8557630598038575,0.1950482027138019,10.762651544991932,16.66390218999578,5.971888179319538,-0.042093209571337435,0.8536238106022955,0.8546610136885853,13.228645921612276
1139,9.428517800000918,323.8684560445151,241.91878033828533,63.16996026717662,47.185823307697596,6.243306084861162,0.1950482027138019,10.76215926375685,16.6692610296912,6.058604320434221,0.22555971130246752,1.066544914634395,1.090135421998268,17.45458570132113
1140,9.440555400000449,323.86729864247644,241.8919646768565,63.16973451798917,47.18059296113132,6.055865654228092,0.1950482027138019,10.7619335145694,16.67449137625748,6.153416039257743,0.3353472944666506,0.9010888573882037,0.9614670752632567,13.100898249646054
1141,9.444488800001636,323.89424623044334,241.8584701426028,63.17499059658958,47.1740599124244,6.283326603746009,0.1950482027138019,10.76718959316981,16.6810244249644,6.249846873623033,0.6676773295946298,1.2133357807613943,1.3849103701433094,21.116146190966226
1142,9.456533900000068,323.92554214843113,241.81983833032842,63.18109480914538,47.166524846872704,6.328818793649593,0.1950482027138019,10.773293805725608,16.68855949051609,6.328276259490232,0.7705138740149872,1.01883248611804,1.2773845406998825,17.92553875273179
1143,9.459941000000981,323.9542630395492,241.7861363403946,63.18669676733829,47.15995133430823,6.33791723163031,0.1950482027138019,10.77889576391852,16.695133003080564,6.477365075506446,1.0955044020402283,1.1311210668339222,1.5746633807658792,17.301682729493173
1144,9.472711899999922,323.9794104864498,241.75707714540138,63.191601731659105,47.15428339055249,6.6354530141971555,0.1950482027138019,10.783800728239335,16.700800946836303,6.566326057703829,0.9197408679825301,0.8635005197127563,1.2615690277513387,14.513193762233042
1145,9.476452100001552,324.01021059280384,241.7379791557351,63.19760923704685,47.150558361992644,6.801309734309158,0.1950482027138019,10.789808233627078,16.70452597539615,6.584118254143306,1.0592933759743597,0.9282942599627789,1.408485956430876,18.021634056283027
1146,9.488664800001061,324.03885330738063,241.71776657848454,63.2031959470459,47.146615935127706,6.728131514732926,0.1950482027138019,10.795394943626128,16.70846840226109,6.713248669139208,0.9001507694795993,0.5936224900474454,1.0782666963626597,10.924845252651647
1147,9.492500199999995,324.0625392545795,241.69909496493364,63.20781584847661,47.142974070462834,6.417779775846976,0.1950482027138019,10.800014845056843,16.71211026692596,6.805503508852257,0.931091340119147,0.562775545128017,1.0879556047187797,10.998382905707132
1148,9.504584300000715,324.1151068595433,241.68323473976858,63.218069065345766,47.139880562049754,6.983569306609825,0.1950482027138019,10.810268061925996,16.71520377533904,6.90549134202924,1.0141155024635031,0.6034362805764645,1.1800701661565556,23.669752751339246
1149,9.520312600001489,324.15855271586236,241.65988339197338,63.226543101536166,47.135325923631356,7.096727212762395,0.1950482027138019,10.818742098116395,16.71975841375744,7.020836427585536,0.9494721644315814,0.6131305423800559,1.1302329198132806,22.247165598285587
1150,9.523598000001584,324.1925999099226,241.63968321981952,63.23318394554506,47.131385916358234,7.301248900194081,0.1950482027138019,10.825382942125287,16.723698421030562,7.244617724970232,0.940053592734752,0.8165512173631702,1.2451733404593877,17.97045186715914
1151,9.536531400000968,324.2015008075588,241.6150637798084,63.23492004963154,47.12658393883225,7.304856942514403,0.1950482027138019,10.82711904621177,16.728500398556548,7.289373984447172,0.8388620574055978,0.8884071477816039,1.2218661185187996,16.93893392936963
1152,9.53988400000162,324.22139570970216,241.58125999402438,63.23880051453777,47.11999057117015,7.536686262770459,0.1950482027138019,10.830999511118002,16.735093766218647,7.298325236342561,0.909783532308369,1.2324176419004074,1.5318483344400822,23.25002604176476
1153,9.552895200000421,324.24424510662476,241.54021627414085,63.24325724834062,47.11198506737418,7.207350603994522,0.1950482027138019,10.835456244920849,16.743099270014618,7.3388777700468335,0.5181502855892671,1.1492204326721438,1.260629732049577,12.173039119489324
1154,9.557465400001092,324.26517809794524,241.49312825676765,63.247340190675104,47.10280063421618,7.141483472239335,0.1950482027138019,10.839539187255333,16.752283703172616,7.516608561821868,0.5706857033658386,1.69920394188884,1.7924776729869565,21.608597352799542
1155,9.569952300000296,324.2692211602285,241.44298421262943,63.24812878270691,47.09302012853022,7.504011568715446,0.1950482027138019,10.840327779287136,16.762064208858575,7.675553462852656,0.2854852627331098,1.529111016333075,1.5555328140251372,24.42192293063202
1156,9.573755800000072,324.27696105177586,241.38211980193665,63.24963843464242,47.08114863461536,8.193510901389574,0.1950482027138019,10.84183743122265,16.773935702773436,7.868156270573461,0.04613221325482811,2.1414934195965634,2.141990253776887,35.03750358325091
1157,9.585665900000095,324.2605625896041,241.3139633306111,63.24643994406855,47.06785483738,8.3314107679244,0.1950482027138019,10.838638940648778,16.7872295000088,8.067490507044381,-0.14433960156502118,1.996228085524954,2.0014396043894433,30.02111493999464
1158,9.589654000001246,324.2430962748424,241.23877678235982,63.24303317076625,47.05318983627533,8.170364642598553,0.1950482027138019,10.835232167346483,16.801894501113466,8.291600365813173,-0.07644294329700707,2.480974326828063,2.482151714533153,32.21955315719402
1159,9.601294699999926,324.239576558945,241.16218748172275,63.24234665650639,47.03825123083896,8.13815465459393,0.1950482027138019,10.834545653086622,16.816833106549836,8.452324894939979,-0.08416126136134891,2.0356658629039877,2.0374048746644764,26.09049201814862
1160,9.605214799999885,324.24766879793935,241.09773299713967,63.24392503317818,47.02567949946419,8.624560862559411,0.1950482027138019,10.836124029758409,16.829404837924606,8.545314069564169,0.20752078864302226,2.321457144106734,2.3307140857778363,35.910053013787035
1161,9.616806500000166,324.2689637082739,241.04456340675563,63.24807856716588,47.01530886642075,8.997133547023601,0.1950482027138019,10.840277563746106,16.839775470968043,8.77706696430346,0.4844041471142204,1.7164252944455267,1.7834694191810154,28.456718091259816
1162,9.620748299999832,324.29300997003725,240.99312785120063,63.252768747304806,47.00527645375416,8.796356641045346,0.1950482027138019,10.844967743885036,16.849807883634632,9.036572908241553,0.7072638928079439,2.039987023423991,2.159113074808293,34.07836159803607
1163,9.632954800001244,324.32618980940384,240.9523224901439,63.2592404153396,46.99731744141896,9.329129116295007,0.1950482027138019,10.851439411919827,16.85776689596984,9.26761716343542,0.6786539504689336,1.5879365459068335,1.7268797463383532,31.872158341026704
1164,9.637017600000036,324.34817190303454,240.89189303098323,63.26352798319415,46.9855307840187,9.435684374284392,0.1950482027138019,10.855726979774381,16.869553553370096,9.437910792306225,0.8942314337793587,2.0060888149330944,2.196370230757728,29.42581645060201
1165,9.648731000001135,324.3637611154071,240.8350376193181,63.26656863104914,46.97444123815886,9.779782138528754,0.1950482027138019,10.85876762762937,16.880643099229935,9.586555089369448,0.74558054353923,1.6544484134221693,1.8146872732180017,17.834644653093214
1166,9.652561400000195,324.3919656694768,240.77640924613812,63.272069878628784,46.96300587934208,9.848601691377626,0.1950482027138019,10.864268875209014,16.89207845804672,9.616283948782094,1.055158436974118,1.917857162079169,2.188957610657645,16.457801077023873
1167,9.664397500000632,324.4190668568223,240.72865583936655,63.27735591651194,46.95369166317782,9.539578126361462,0.1950482027138019,10.869554913092166,16.901392674210975,9.709534865928294,0.9434588569671511,1.4784022196967546,1.7537923873691705,8.349884045125993
1168,9.667834800000492,324.45568834506497,240.69395518908968,63.28449887197437,46.946923363708315,9.47777341335823,0.1950482027138019,10.8766978685546,16.90816097368048,9.75093285209191,1.0315191754068118,1.7524314215905155,2.033481668619047,11.694437251682075
1169,9.680882000000565,324.48892208626626,240.64687365445016,63.29098105346513,46.93774019499587,9.901938960015396,0.1950482027138019,10.883180050045361,16.917344142392928,9.768882554305103,0.7665857884909777,1.2716851179249162,1.4848692906340417,12.701365774130604
1170,9.684607099999994,324.5022888101408,240.60262493827074,63.29358820893303,46.92910956243268,9.98677206934683,0.1950482027138019,10.88578720551326,16.925974774956117,9.878448446896178,0.8789376128690471,1.5868599932735445,1.8140165284715717,15.207771907968333
1171,9.696854499999972,324.5092926004844,240.56609965497785,63.29495428565174,46.92198537157279,9.938350202443585,0.1950482027138019,10.88715328223197,16.933098965816008,10.03516539738705,0.4772548299181907,1.3527441928364627,1.4344647168658469,13.865516700512215
1172,9.700717300000179,324.529262542211,240.5193058280511,63.29884938689381,46.91285831973263,10.087407589316843,0.1950482027138019,10.891048383474036,16.942226017656168,10.11400726160632,0.5453880185429555,1.7164170846158768,1.8009818708503085,17.74523749534982
1173,9.712581800000407,324.533499717584,240.47073450754988,63.2996758403349,46.90338457096543,10.261358165812588,0.1950482027138019,10.891874836915129,16.951699766423367,10.177274413747046,0.4524632893569328,1.3709690585025462,1.4437032893178063,13.39064495465341
1174,9.716106800000489,324.5486352443374,240.4251520411941,63.30262799762527,46.894493792827475,10.296148281111737,0.1950482027138019,10.894826994205502,16.96059054456132,10.250504016050193,0.46428650934739246,1.3452440905385383,1.4231105459137197,11.463939827537247
1175,9.72839010000098,324.56345123051796,240.388018662154,63.30551782910123,46.887250993985006,10.303107830050473,0.1950482027138019,10.897716825681456,16.96783334340379,10.344347324206133,0.5944241419596987,1.4607183121320972,1.57703457411135,7.971495661298026
1176,9.743767500000104,324.57690559327403,240.35229946534318,63.30814207837546,46.88028402884468,10.304498213959315,0.1950482027138019,10.90034107495569,16.97480030854412,10.39297697826896,0.6644438344118788,1.433745261595049,1.5802250106343134,6.9349480015237175
1177,9.747066400001131,324.6049655340607,240.30257147888463,63.31361511939415,46.87058467446136,10.556624130096552,0.1950482027138019,10.90581411597438,16.984499662927433,10.402703214257308,0.9466340882845401,1.4261254982644989,1.7117096815472148,5.550743832844692
1178,9.760057500001494,324.63292320724565,240.25837068344185,63.31906821330094,46.861963388751725,10.504506436126732,0.1950482027138019,10.911267209881167,16.99312094863707,10.404648461454977,1.0208088937805555,1.4281963907571846,1.7555044084801752,4.843970972147524
1179,9.763721500001338,324.6751604282763,240.2117064709093,63.32730650735059,46.8528616179662,10.344779461053472,0.1950482027138019,10.919505503930822,17.002222719422598,10.455407078765607,1.3729046262033104,1.8517067258387607,2.3051431433138716,5.921680759024913
1180,9.776554100000794,324.7150394967175,240.17223127470976,63.33508484797595,46.845162051895706,10.312834066038821,0.1950482027138019,10.927283844556179,17.00992228549309,10.508098322491405,1.1389110619108924,1.4238692221397182,1.8233271699560019,6.261560553699989
1181,9.780184900000677,324.7509873522067,240.12437953498602,63.34209641258054,46.83582865606586,10.558291300512453,0.1950482027138019,10.934295409160768,17.01925568132294,10.539145146676017,1.5244191036044763,1.8997989711011904,2.435793450609353,9.619958989762823
1182,9.79235830000107,324.78151209684074,240.07438788301408,63.3480502091597,46.82607787419804,10.820080348725538,0.1950482027138019,10.940249205739931,17.029006463190754,10.595723774208253,1.152846225304164,1.5642683329459586,1.9431906331226454,7.044012687570044
1183,9.795999300000403,324.82532950126097,240.0175784465836,63.356596715139446,46.81499729572509,10.659740557049796,0.1950482027138019,10.948795711719676,17.040087041663703,10.65740860982212,1.6755772657051642,1.7988394510136272,2.4583292179590193,5.4974173578133945
1184,9.808670600001278,324.8507034080301,239.9651871531498,63.3615458500506,46.804778468102974,10.627672598714648,0.1950482027138019,10.953744846630826,17.050305869285822,10.669745424357004,1.5023593990931199,1.411611412251369,2.061487458909645,3.7413734515940535
1185,9.812456000001475,324.91319159907783,239.93078043086558,63.373734059405294,46.79806749876017,10.621258244108164,0.1950482027138019,10.965933055985523,17.057016838628627,10.656016040437809,2.0126605182490067,1.5135411820456324,2.518255203800133,2.781235235339566
1186,9.824433800000406,324.9785954461562,239.8918175747574,63.38649096222849,46.79046786370367,10.619975373186868,0.1950482027138019,10.978689958808722,17.064616473685128,10.653270011066079,1.6919435905483624,0.9809412074985695,1.955739953615111,0.383889160006304
1187,9.828024200000073,325.0345658537266,239.8676916373417,63.39740788963026,46.78576214297195,10.751433429129563,0.1950482027138019,10.989606886210488,17.06932219441685,10.652720805191732,2.246869439841101,1.2229508309928618,2.558130374847614,4.391509305890886
1188,9.840397900001335,325.0817463218301,239.84356704385692,63.40661035513705,46.78105668437154,10.646010410191147,0.1950482027138019,10.998809351717277,17.074027653017254,10.714032472805926,1.7610928738551817,0.9718625503146976,2.011458407983543,5.887484582714659
1189,9.843904700001076,325.1386540487192,239.80731204905015,63.41771010498729,46.77398521279508,10.624926569342918,0.1950482027138019,11.009909101567523,17.081099124593713,10.787716315117827,2.02860668261591,1.2364381790020553,2.3757155644663874,12.513345818489771
1190,9.85683390000122,325.1910813588595,239.77301407793635,63.427935957603275,46.76729545517261,10.92781658217913,0.1950482027138019,11.020134954183504,17.087788882216188,10.837531818931769,1.537090974055902,1.067300480815649,1.8713040850897102,13.33237892043227
1191,9.860493700000006,325.23616297887503,239.7362871193376,63.43672904656273,46.76013192790678,10.988394584746374,0.1950482027138019,11.028928043142962,17.09495240948202,10.95793940821995,1.750428114577729,1.4115579658996362,2.24866504295301,12.938160693705104
1192,9.873284600000261,325.27439566415234,239.70579648076213,63.44418626311099,46.75418478365304,11.000510948199276,0.1950482027138019,11.036385259691222,17.100899553735758,11.008363699515085,1.1838135800390506,1.0905818035240609,1.6095910233542765,9.584703675454504
1193,9.876664400000664,325.3057662744365,239.66938048615734,63.45030504426496,46.74708190935534,11.248048356632044,0.1950482027138019,11.042504040845188,17.10800242803346,11.018448710362005,1.2367630240129572,1.3511695639849552,1.8317319586132053,9.383637467550603
1194,9.888689600000362,325.32624320435133,239.64400298897098,63.45429903264194,46.74213207413976,10.877048025818597,0.1950482027138019,11.046498029222171,17.112952263249035,11.069488692267717,0.7521273311453698,1.0857504369936803,1.3208139663434153,2.8371636252683365
1195,9.892274300000281,325.34564466339253,239.6105475612076,63.45808325235795,46.735606653083494,10.97824163641372,0.1950482027138019,11.050282248938181,17.119477684305302,11.079696536060966,0.8864921340900215,1.2926800057385224,1.5674469372325261,6.997622687753532
1196,9.904449900001055,325.3443609949497,239.5712045477726,63.457832875135296,46.727932869023654,11.243594494274934,0.1950482027138019,11.050031871715525,17.127151468365142,11.081738104819618,0.5609537329342358,0.9925332134157879,1.1400838873636991,7.436564135613281
1197,9.907865200000742,325.3663331686593,239.54494652268534,63.46211850812707,46.722811288423564,11.051550167165534,0.1950482027138019,11.0543175047073,17.13227304896523,11.166247981071345,0.5959850448864902,1.4568995796626947,1.5740884851080286,7.2990159973572055
1198,9.92059540000082,325.37825779167656,239.50573202251704,63.46444438441463,46.71516257064542,11.258256200425295,0.1950482027138019,11.056643380994856,17.139921766743377,11.23217278347013,0.4035040036535441,1.2335017500801662,1.2978220403488576,7.519147359518486
1199,9.924302500001431,325.38789940885664,239.45377980738706,63.46632496451686,46.70502938445732,11.299597407077247,0.1950482027138019,11.058523961097087,17.150054952931477,11.245357743949887,0.45599367675470887,1.5282957367372476,1.5948724375853778,7.8907881980327605
1200,9.937386700001298,325.3941550279954,239.4065968073155,63.467545111786734,46.695826425094715,11.307865648407638,0.1950482027138019,11.059744108366964,17.15925791229408,11.297017715782166,0.2734478345697397,1.3816682253498254,1.4084675371382245,2.977671160933379
1201,9.94248670000161,325.4004796749676,239.35157672258083,63.46877872281146,46.68509485645406,11.309519296673717,0.1950482027138019,11.060977719391687,17.16998948093474,11.307349710148621,0.26969777998684485,1.6094473407842398,1.631887752048925,1.9607712871523926
1202,9.954036600000109,325.42073759452313,239.3061902316706,63.47272999361149,46.67624230297453,11.309850026326933,0.1950482027138019,11.064928990191717,17.178842034414266,11.309416109021914,0.21661153067415517,1.156357711721291,1.176470872005891,1.2508611136625918
1203,9.958427800000209,325.4244287833964,239.26702302178484,63.4734499533671,46.668602809080994,11.309916172257575,0.1950482027138019,11.065648949947331,17.1864815283078,11.309829388796572,0.27825257428874745,1.0596021869470742,1.0955278589252477,0.46143241557108217
1204,9.97002539999994,325.43880983256787,239.2391953306415,63.47625495116113,46.663175067937814,11.309929401443704,0.1950482027138019,11.06845394774136,17.19190926945098,11.309912044751503,0.49747640939596377,0.850363204489629,0.9851905183543795,0.056395191568430064
1205,9.984682700000121,325.46897827601305,239.22269403529708,63.482139251833786,46.65995651993843,11.30993204728093,0.1950482027138019,11.074338248414016,17.195127817450363,11.30992857594249,0.5786183034430556,0.808441735657479,0.9941716054244344,0.7426453037519188
1206,9.989439000000857,325.5016058360931,239.1968936015977,63.48850319878634,46.654924191716134,11.309932576448375,0.1950482027138019,11.08070219536657,17.200160145672662,11.309931882180688,0.9744741148737106,0.7637631185707416,1.2381170792165845,3.362574924376714
1207,10.001948000000993,325.54956527738267,239.16118095044826,63.49785760161302,46.64795850329529,11.309932682281865,0.1950482027138019,11.09005659819325,17.207125834093503,11.355091387422465,1.059877874302845,0.7922897807057883,1.3232778260998495,4.620863734719127
1208,10.006055300000298,325.5946972275488,239.12925016314918,63.506660507377894,46.64173046062137,11.309932703448561,0.1950482027138019,11.098859503958124,17.213353876767428,11.409282132464963,1.4708926178752313,1.0228831734990256,1.7915956798193304,5.3654060407996225
1209,10.01741470000161,325.63365202905516,239.09368720509394,63.514258571398784,46.63479396956951,11.535726927652602,0.1950482027138019,11.106457567979014,17.22029036781929,11.48083012034065,1.3858924266783204,0.9209502379337944,1.6639853241764593,5.414233078696793
1210,10.02125740000156,325.6820488715216,239.06664613599028,63.52369828853889,46.62951965764138,11.58088577249341,0.1950482027138019,11.115897285119118,17.225564679747414,11.495139717915787,1.6654620773534363,1.1911051698151436,2.047558413492222,2.4084094279677215
1211,10.03294679999999,325.7367658799898,239.0337818953257,63.53437074269848,46.6231095465662,11.667672515826807,0.1950482027138019,11.126569739278708,17.231974790822598,11.498001637430814,1.3982768152040725,0.98493862484545,1.710345621986881,0.40867200827282923
1212,10.03685140000016,325.77971911892325,238.99559375874352,63.54274869475319,46.61566101916086,11.38148067015755,0.1950482027138019,11.134947691333423,17.239423318227935,11.453415177339679,1.6648997707311224,1.0704478337981336,1.979330647330976,0.09620436579001079
1213,10.048907400001553,325.82961911078553,238.96558468846519,63.552481598481364,46.609807803937954,11.324242301023698,0.1950482027138019,11.144680595061594,17.24527653345084,11.491935019110514,1.287290593356754,0.9217843692123328,1.5832888223785835,0.4211166104677876
1214,10.05320010000105,325.8736798021105,238.942735893796,63.56107555713462,46.60535118760355,11.31279462719693,0.1950482027138019,11.153274553714851,17.249733149785243,11.512266245765463,1.4270355797875856,1.2455052397515796,1.8941261436948518,1.11777453780521
1215,10.06531140000152,325.90897933773465,238.9036641675408,63.56796066811474,46.59773031762055,11.77348498134759,0.1950482027138019,11.160159664694973,17.257354019768243,11.577042329963641,1.0647311757633182,0.9509518732653646,1.4275720443848865,5.12992195513419
1216,10.068786400001045,325.9376940531837,238.86505712464887,63.57356142175452,46.59020008329239,11.76932864910155,0.1950482027138019,11.165760418334749,17.26488425409641,11.589997546803275,1.065536076827096,1.1056960482656704,1.5355555614077918,5.350444866579647
1217,10.081420700000308,325.9593380640772,238.83688882339854,63.57778304717882,46.58470590676001,11.705361091148434,0.1950482027138019,11.169982043759049,17.27037843062879,11.699180387046201,0.7109791098162629,1.0270778756160117,1.2491518151029621,4.863680574214782
1218,10.086501700001463,325.98047324892946,238.8040860974512,63.581905426998276,46.578307794019864,11.389018385221876,0.1950482027138019,11.174104423578505,17.276776543368932,11.721016955094788,0.6981613331375339,1.3188462685052387,1.49224151096214,5.633629515260096
1219,10.096763200001078,325.99253194748627,238.7701476535132,63.584257454478845,46.57168816152686,11.858708828411563,0.1950482027138019,11.176456451059074,17.283396175861938,11.744643149319739,0.4690888317443101,1.0076216591518787,1.1114610834659153,5.0093809427746
1220,10.100743500001045,326.0028250645083,238.7275367607904,63.58626510845431,46.56337698348524,11.882667821590516,0.1950482027138019,11.178464105034543,17.291707353903554,11.781254527080744,0.5065241332314792,1.2375599690998413,1.3372065564692321,1.7692267813094096
1221,10.112809000000198,326.0316739785294,238.6897500959593,63.591892037284374,46.556006762423394,11.887459620226307,0.1950482027138019,11.184091033864604,17.299077574965402,11.788576802632948,0.36534898223628814,1.107025618264243,1.1657553767040585,0.4771095241758676
1222,10.117014600000402,326.0429145273472,238.6555841914703,63.59408448612881,46.549342764158716,11.888417979953466,0.1950482027138019,11.186283482709037,17.30574157323008,11.756786710624246,0.36883371308380986,1.4011416389676636,1.4488741147374333,-1.2789232496555367
1223,10.128858400001263,326.04931810937586,238.61875292042618,63.595333493294426,46.5421588909379,11.425629762982883,0.1950482027138019,11.187532489874656,17.312925446450897,11.731169811607273,0.33184188263809594,1.0969542798281708,1.146048745519202,-3.518322617055249
1224,10.1326224000004,326.054077574219,238.5779250770304,63.59626181835796,46.53419549346287,11.69975836836806,0.1950482027138019,11.188460814938189,17.32088884392593,11.706787551188643,0.443729918055599,1.2655861258467802,1.341120606848426,0.021297002869580695
1225,10.144697000001543,326.0738526455079,238.54281577243142,63.600118910471394,46.52734748670231,11.754583326505644,0.1950482027138019,11.192317907051624,17.327736850686485,11.682652218489684,0.38405028906854255,1.006411471483599,1.0771994589988496,2.45924334552059
1226,10.148439700000381,326.0935364035645,238.5149153688891,63.603958192102986,46.521905563136386,11.765548318133161,0.1950482027138019,11.196157188683216,17.33317877425241,11.751162249117861,0.4984066919678044,1.1188109220208962,1.2248049272563928,3.520179533163283
1227,10.162678600001527,326.1098098821411,238.49384114690977,63.60713230485126,46.51779507401573,11.767741316458665,0.1950482027138019,11.199331301431492,17.337289263373066,11.817098904901698,0.49941227052944676,0.8088208672953208,0.9505807758037884,6.322340676661279
1228,10.166876000001139,326.12438392805484,238.46869420396376,63.609974946313,46.51289020799036,11.768179916123765,0.1950482027138019,11.202173942893232,17.342194129398436,11.830286236058466,0.5857762741966539,1.1676696448650743,1.3063637483300898,14.285180440596644
1229,10.17777130000104,326.1384415630684,238.43709313717258,63.612716862756805,46.506726476708906,12.029441647287255,0.1950482027138019,11.204915859337035,17.34835786067989,11.912361110737084,0.4149628411269318,0.9796075141086422,1.063872662123738,13.162005007773892
1230,10.181423200001518,326.1525074244585,238.3928807672033,63.61546038374057,46.49810293340868,11.820519982289483,0.1950482027138019,11.207659380320798,17.356981403980114,12.050458977518513,0.40297414216753635,1.035857250301346,1.111480275244472,13.598376152261583
1231,10.193189400000847,326.16286745670055,238.36189206680083,63.61748108940943,46.49205864309074,12.175922691526257,0.1950482027138019,11.20968008598966,17.363025694298052,12.1997614427205,0.58645254886239,1.1974009209262308,1.3333025003734822,21.237811562999887
1232,10.207766600000468,326.17504761368684,238.31929763217872,63.61985680713838,46.48375067517209,12.458230650365799,0.1950482027138019,11.212055803718613,17.371333662216706,12.299070025360509,0.6239335360217209,1.191368315843535,1.3448611531933061,20.16260454679079
1233,10.211190600000918,326.2030407730506,238.28460498665797,63.62531682256056,46.47698393701587,12.514692242133709,0.1950482027138019,11.217515819140793,17.378100400372922,12.440614633734214,0.731724998326927,1.0239621959890641,1.258538855971991,12.89077164855944
1234,10.224314700000832,326.2325839237314,238.24856900179145,63.631079161003356,46.46995518293464,12.52598456048729,0.1950482027138019,11.223278157583586,17.385129154454155,12.468923555408956,0.7637367196585292,1.0218985268456302,1.2757626644968256,9.718954949386037
1235,10.228202800000872,326.2583031464602,238.21818244209825,63.63609564917181,46.464028339079825,12.528243024158007,0.1950482027138019,11.228294645752037,17.39105599830897,12.474585339743903,0.9421562708236642,1.283211961510994,1.591945783253075,5.699939758389599
1236,10.241172300000471,326.2803655815369,238.18471071062223,63.640398887481005,46.45749973801371,12.317467299899963,0.1950482027138019,11.232597884061235,17.397584599375087,12.433472213212454,0.6747640716221269,0.995241438682817,1.2024192586712483,-1.8277259344170713
1237,10.244971900001474,326.3009187269272,238.1481559796575,63.6444077415495,46.450369803438356,12.486539572040542,0.1950482027138019,11.23660673812973,17.40471453395044,12.383004104507728,0.7278079295346784,1.2413639075497784,1.4389887884416648,0.4495531214853723
1238,10.257212399999844,326.31708911776695,238.11449260819563,63.647561747219974,46.443803823337426,12.309126609476468,0.1950482027138019,11.239760743800204,17.41128051405137,12.428301718118345,0.5691252818624725,1.0170637728876681,1.1654708510192509,0.714380146346744
1239,10.261000600001353,326.33076764076986,238.08019022968563,63.65022971854747,46.437113206060246,12.273644016963654,0.1950482027138019,11.242428715127701,17.41797113132855,12.479606876826795,0.7630637806120013,1.0739393260123442,1.3174262822783402,5.07838778188089
1240,10.27341400000114,326.3623855137081,238.05455149418898,63.6563967278377,46.43211241678177,12.754731092211092,0.1950482027138019,11.248595724417932,17.422971920607026,12.514120075316532,0.657753245834361,0.7560538508957014,1.0021261187394812,8.788145463002632
1241,10.277726899999834,326.3911640053801,238.03713259400624,63.662009920915146,46.428714891607875,12.573993093442219,0.1950482027138019,11.254208917495376,17.42636944578092,12.594555887621901,0.9149144932524471,0.9260060833503547,1.3017510500726497,7.32826477307897
1242,10.28880350000145,326.42117814734115,238.0208302371246,63.667864125360644,46.425535146198115,12.659105564489225,0.1950482027138019,11.260063121940874,17.42954919119068,12.652888686069304,0.8510123610519915,0.6083588264335917,1.046098704885415,5.7276713487452895
1243,10.292259400001058,326.44852573800716,237.9962697235878,63.6731982237686,46.42074466217503,12.711305671003315,0.1950482027138019,11.26539722034883,17.434339675213764,12.640451699616206,0.9621125868967606,0.7382200223282743,1.2126951105828434,8.93557308443636
1244,10.305262300000322,326.47417672258774,237.98440754930516,63.678201402208884,46.41843096640092,12.565308009200663,0.1950482027138019,11.270400398789114,17.436653370987877,12.712493568683009,0.7712508237627514,0.6772129234509645,1.0263747740682858,6.102171938819227
1245,10.308699400000478,326.4927202060376,237.96586659679895,63.68181827532783,46.414814586937986,12.692546159945604,0.1950482027138019,11.274017271908058,17.44026975045081,12.777179194693636,0.9286294827303583,0.9038167546361175,1.295853943219303,10.767649514600604
1246,10.321230800000194,326.5150257546344,237.9348527270806,63.68616893249218,46.40876538739022,12.93420243877623,0.1950482027138019,11.27836792907241,17.446318949998577,12.83335804963209,0.6853069638643413,0.7624881742585026,1.025199419920352,13.214633498985322
1247,10.32501030000094,326.54051486151013,237.9073353131178,63.69114053697707,46.40339816525345,12.982533694542356,0.1950482027138019,11.283339533557303,17.451686172135346,12.941427927065092,0.8531671756748458,1.1186706770969619,1.4068824803250513,15.30819883462716
1248,10.337075900000855,326.5607344893033,237.8652997096271,63.69508433903767,46.395199196342595,12.992199945695582,0.1950482027138019,11.2872833356179,17.4598851410462,13.045628267297786,0.7255565758226612,1.0561098317472848,1.2813275621139129,13.094795095530438
1249,10.340835500001049,326.58432882496254,237.82754242618608,63.69968637180224,46.38783470606807,13.105657396365679,0.1950482027138019,11.291885368382466,17.467249631320726,13.10581297035409,0.8816007812519964,1.380480434563184,1.6379701363931785,13.188183000541068
1250,10.35273000000052,326.60959081219767,237.78245475937854,63.70461367700943,46.379040437692694,13.213547861109074,0.1950482027138019,11.296812673589656,17.4760438996961,13.198028743973161,0.7180253845593965,1.2159592536180395,1.4121322032058503,9.812694579855306
1251,10.356455900000583,326.6311269510963,237.74225217861417,63.708814262195,46.37119899657015,13.235125954057754,0.1950482027138019,11.301013258775228,17.483885340818645,13.216471898696978,1.064355774852062,1.3663707774231793,1.7319995141041342,17.158352779559074
1252,10.369091700000354,326.66335882517643,237.7035455275637,63.71510103130443,46.363649333849686,13.443612562637723,0.1950482027138019,11.307300027884658,17.49143500353911,13.364516150979632,0.9182787230967899,1.1629489545443796,1.4817847631043237,16.37446129786827
1253,10.372550900001443,326.69986680590347,237.67815612676398,63.72222184732994,46.35869717685572,13.084415719314654,0.1950482027138019,11.31442084391017,17.496387160533075,13.521440827852178,1.1280951047025483,1.6899843050419547,2.0319068670935665,21.288168563623696
1254,10.385678800001187,326.73309505840945,237.6147714230484,63.728702958260556,46.346334104316455,13.845878657778947,0.1950482027138019,11.320901954840785,17.50875023307234,13.680141589642703,0.9715010425641458,1.4428444284326116,1.739429308814317,23.409735386001046
1255,10.389336500000354,326.7605366430203,237.55148948662148,63.734055390018526,46.33399107635213,13.998171245471806,0.1950482027138019,11.326254386598755,17.52109326103667,13.798363370418778,1.0388089409871046,1.7773185163685432,2.058636715037704,23.061346112905063
1256,10.401568600000246,326.7821370294074,237.4969994163331,63.73826850656125,46.32336288607663,14.028629763010379,0.1950482027138019,11.330467503141477,17.531721451312166,13.988668187999775,0.6653556709522338,1.6049167604632264,1.7373704201706883,14.115783897788754
1257,10.405384499999855,326.7984547895784,237.45259229182741,63.741451256354914,46.31470135625411,14.034721466518093,0.1950482027138019,11.333650252935143,17.540382981134684,14.026729151515973,0.5991471249940471,1.5341561683015215,1.6470010401108552,11.717863711275234
1258,10.417341500000475,326.8101788829415,237.4176753556717,63.743738019693836,46.30789087061267,14.035939807219636,0.1950482027138019,11.335937016274066,17.54719346677613,14.034341344219214,0.5650448831140109,1.173758671319378,1.3026838213591039,5.2670800041022865
1259,10.43268640000133,326.82297471341116,237.3714209446308,63.74623382342917,46.29886903087156,14.036183475359945,0.1950482027138019,11.338432820009402,17.556215306517238,14.035863782759861,0.6021727493417515,1.147350123707733,1.295771710766196,2.156483883305487
1260,10.437202300001445,326.8529070694661,237.33501221857958,63.75207207568068,46.291767574292166,14.036232208988006,0.1950482027138019,11.34427107226091,17.56331676309663,14.03616827046799,0.6455101518520427,0.882485147134386,1.0933724850465398,0.16214271229862975
1261,10.44978440000159,326.8871006687337,237.28748077681286,63.75874147576214,46.28249665200317,14.036241955713617,0.1950482027138019,11.350940472342373,17.572587685385628,14.036229168009616,0.6881648453277952,0.8758599319841532,1.113867799516762,1.23535972565709
1262,10.454464200000075,326.91231166620685,237.26479469371492,63.763658835507904,46.2780717722683,14.03624390505874,0.1950482027138019,11.355857832088134,17.577012565120498,14.036241347517942,0.8594460266387104,1.153834334115367,1.4387429038186492,6.611116317397724
1263,10.466034000000946,326.9363069814931,237.2329734231846,63.76833907862804,46.27186509064329,14.036244294927766,0.1950482027138019,11.360538075208268,17.583219246745507,14.105691567843435,0.6832520040432155,0.9978162497286047,1.2093264940666468,10.558750626269546
1264,10.470743800000491,326.9609139035764,237.18521555428248,63.7731386145547,46.262550004148494,14.036244372901571,0.1950482027138019,11.365337611134933,17.5925343332403,14.232752540863613,0.9186132882239952,1.2606169135261764,1.5598094037317394,20.523464651124236
1265,10.481873600001563,326.9844148772613,237.13999666811162,63.77772243723397,46.25373014167214,14.383483310615471,0.1950482027138019,11.369921433814199,17.601354195716652,14.45318487706921,0.8845359976433886,1.3464637969797835,1.6110148005850848,25.332318590042174
1266,10.486672200000612,327.02640767439345,237.0895417085318,63.78591305684152,46.2438889924881,14.671546820814502,0.1950482027138019,11.378112053421752,17.611195344900693,14.692291485911893,1.1801155505331626,1.9147424870328666,2.249202415137196,33.95574361565548
1267,10.497882300000128,327.0770059713327,237.01052934803138,63.7957821637199,46.22847777358032,15.13840558608673,0.1950482027138019,11.387981160300129,17.626606563808473,14.961859328676521,1.181844338382218,1.9126361748580727,2.2483178550956318,33.075128216754145
1268,10.503013600000486,327.1265284093371,236.92166538754495,63.80544142624666,46.211145017801414,15.231777339141175,0.1950482027138019,11.397640422826889,17.643939319587382,15.213907968030227,1.5130450812262946,2.657937311661975,3.0584205352678318,35.48511660736117
1269,10.513764600000286,327.18317476590846,236.8132296098257,63.81649019628619,46.1899948142474,15.38408358672472,0.1950482027138019,11.408689192866419,17.665089523141397,15.456610939309172,1.3342942123058426,2.651907698761567,2.9686622387438653,29.813462341305932
1270,10.518755400000373,327.23608604987555,236.69760061534706,63.82681044712725,46.16744158669274,15.643726507384006,0.1950482027138019,11.41900944370748,17.687642750696057,15.61559556432668,1.6537206575883485,3.146599271799221,3.554698157456105,35.64906599626238
1271,10.52993880000031,327.28270773073064,236.58174115725473,63.83590392218553,46.144843407624435,15.885061677209224,0.1950482027138019,11.42810291876576,17.71024092976436,15.85570471467198,1.4259916529558314,2.7944835633817005,3.137290324517352,30.691672763007826
1272,10.534680100001424,327.3429318765303,236.4881972827219,63.84765053358373,46.12659784302192,15.933328711174267,0.1950482027138019,11.439849530163961,17.728486494366877,16.108059888246895,1.4372138338683034,3.0012762927801617,3.3276482671500394,33.85122128928373
1273,10.545921100001578,327.3857970560466,236.39499091003594,63.85601130980739,46.10841810754805,16.432323090867666,0.1950482027138019,11.448210306387622,17.74666622984075,16.381585732532194,1.1130681483468299,2.300990312092635,2.556066728238604,31.362550305883524
1274,10.550490000001446,327.4111846766093,236.3246884318547,63.86096311956933,46.09470573553247,16.645859454599314,0.1950482027138019,11.453162116149556,17.760378601856324,16.556906593527923,1.0378287182108656,2.209368355294895,2.4409827893128777,32.413060475490894
1275,10.561835300000894,327.437192531457,236.26550209453595,63.866035904913815,46.08316154681324,17.01135572881049,0.1950482027138019,11.458234901494045,17.77192279057556,16.777143647807147,0.6580528383255386,1.5529402066761728,1.6866110469043336,24.09580326582206
1276,10.56675069999983,327.4482034673369,236.22612360102656,63.86818356816738,46.075480842428654,16.76166598218788,0.1950482027138019,11.460382564747611,17.779603494960142,16.908496356514554,1.0092117554890476,1.3704082431225513,1.7019186585249961,22.252651290260943
1277,10.578009400000155,327.4816034791389,236.19344801451444,63.874698180439985,46.069107528006846,17.034513982570388,0.1950482027138019,11.466897177020215,17.78597680938195,17.039531912904476,0.9770777915516989,0.7861261591911739,1.254063534637784,17.09369622303562
1278,10.582402699999875,327.5379042267183,236.1775772441071,63.88567954006679,46.06601196276321,17.089086634404705,0.1950482027138019,11.477878536647019,17.789072374625583,17.105945933362147,1.179224445582534,0.5064663105918221,1.2833855293028384,19.031989349866148
1279,10.593970200001422,327.59265171585923,236.17284279735492,63.89635793942682,46.06508851743335,17.30103723654891,0.1950482027138019,11.48855693600705,17.789995819955443,17.251440651516184,1.18030381353685,0.19025788742183813,1.1955396923464532,15.339437851074404
1280,10.598499200001243,327.62650307789056,236.1816842100809,63.902960586750446,46.06681301909501,17.34342583109885,0.1950482027138019,11.495159583330675,17.788271318293788,17.383251081963394,1.282040125636481,0.050135199002002195,1.2830200395632854,17.649470962838144
1281,10.609881400001541,327.65231516156246,236.18276159817452,63.90799518727894,46.067023161706295,17.489139572958052,0.1950482027138019,11.500194183859172,17.7880611756825,17.477267281822368,0.8349537709295795,-0.0948336595987705,0.8403220945461449,16.673773526047302
1282,10.614652100000967,327.67890978404296,236.1860521854323,63.91318242059562,46.067664984836796,17.693566134806453,0.1950482027138019,11.505381417175848,17.787419352552,17.58789394708713,0.748004153440027,-0.12401703025432066,0.7582152974957922,18.700666089427916
1283,10.62578140000005,327.69398129122555,236.18720671090887,63.91612209098377,46.06789017295599,17.559167633699573,0.1950482027138019,11.508321087564,17.787194164432805,17.70184270543305,0.4840535506253843,-0.061545056924019875,0.48795044205823024,13.822337793776878
1284,10.629909600000246,327.70431807671264,236.1886054191823,63.918138262414864,46.06816298849084,17.854170562872728,0.1950482027138019,11.510337258995094,17.786921348897955,17.795603831613956,0.4043349668246316,-0.19201887603895212,0.44761368852207634,15.925813061178534
1285,10.641511200001332,327.7125327662485,236.19267442608464,63.91974052284469,46.06895664097397,17.913169622828452,0.1950482027138019,11.51193951942492,17.786127696414823,17.850270668666543,0.26311535862421587,-0.26627961442050896,0.3743454621067079,12.962178650897162
1286,10.645873100000244,327.7135106940035,236.207676357986,63.919931265895684,46.07188274082857,17.957945203862565,0.1950482027138019,11.512130262475914,17.783201596560225,17.93217541058878,0.27350338979538286,-0.34714647020757966,0.44194431324223094,12.292927333052928
1287,10.65752160000011,327.73627714859856,236.2378855811957,63.924371821946615,46.077774995521004,17.96690032006939,0.1950482027138019,11.516570818526844,17.77730934186779,18.02968032137557,0.26641677198598784,-0.6076265725284673,0.6634666141096525,17.629284514621297
1288,10.67212120000113,327.7599359863684,236.26966502933215,63.92898643573192,46.08397351976325,17.968691343310752,0.1950482027138019,11.521185432312151,17.771110817625548,18.130306181462615,0.24612791147730476,-0.6563448156846057,0.7009760808217631,20.263915605755713
1289,10.675772000000507,327.76841417237335,236.29527956910061,63.93064009067446,46.088969589708434,18.341695116806683,0.1950482027138019,11.522839087254688,17.766114747680362,18.310634295374555,0.43216667642781104,-0.5474422979739232,0.6974676378339213,29.434810091151093
1290,10.68960530000004,327.7710143707301,236.31740738617162,63.93114725469064,46.09328558065811,18.416298923263682,0.1950482027138019,11.523346251270873,17.761798756730684,18.558045133000693,0.5102887629672608,-0.4339103651170158,0.6698304461329294,31.077187469489555
1291,10.694012200001453,327.7930190956122,236.32026142295894,63.935439236730105,46.093842255403956,18.859585773422268,0.1950482027138019,11.527638233310334,17.76124208198484,18.84287092845561,0.58154111139496,-0.22295571105828857,0.6228156335032,36.80587389813719
1292,10.705698100000518,327.8392612436296,236.31655751272217,63.94445868459053,46.09311981436926,19.203954508200077,0.1950482027138019,11.536657681170759,17.761964523019536,19.036652188620813,0.5822947183129261,0.09902008467178713,0.5906539732733014,28.91637825072733
1293,10.710638800001107,327.85629205651287,236.30059399854187,63.947780514034164,46.0900061596194,19.39282032058533,0.1950482027138019,11.539979510614394,17.765078177769396,19.212223931376506,0.8021821140464724,0.24750503221221198,0.83949680467911,28.730568409167674
1294,10.721723399999973,327.88224775778053,236.28687564196946,63.9528431269166,46.087330418825765,19.31060141763269,0.1950482027138019,11.545042123496827,17.76775391856303,19.32247866078702,0.7072521016050723,0.3012520647098465,0.7687381489927094,16.6885580284814
1295,10.726456500000495,327.9098167001873,236.27643082455486,63.958220399583766,46.08529317596137,19.29415763704216,0.1950482027138019,11.550419396163996,17.769791161427428,19.402733647196467,0.9260903310573974,0.3114331904704436,0.97705370036892,16.378722798627958
1296,10.737822400000368,327.93891047387496,236.26813190657816,63.9638950878517,46.083674486925545,19.41085942047484,0.1950482027138019,11.556094084431926,17.77140985046325,19.45299057709554,0.9087408652112027,0.19433204090093417,0.9292873087616809,11.391164736731984
1297,10.74236270000074,327.982347247375,236.26550786067776,63.97236735245457,46.083162671488836,19.605229440247314,0.1950482027138019,11.564566349034799,17.77192166589996,19.521246308778483,1.061450848803495,0.16468260893084397,1.0741500202997387,14.369364388982474
1298,10.75411400000121,328.0176281326445,236.2628148008628,63.97924882571654,46.08263739501213,19.64410497008071,0.1950482027138019,11.571447822296768,17.772446942376668,19.645786737341634,0.909451190056458,0.09685812734095176,0.9145944259217327,11.372397756260996
1299,10.75861520000035,328.0457888690986,236.26066524806726,63.984741526749005,46.08221812860272,19.65188007604739,0.1950482027138019,11.576940523329235,17.772866208786077,19.757585997370672,0.946042835012961,0.11182945224475135,0.9526294516068259,12.928269348911265
1300,10.76995800000077,328.0676605961809,236.25535567358907,63.98900756780665,46.08118250564357,19.916859779857916,0.1950482027138019,11.581206564386882,17.773901831745228,19.779945849376478,0.6332896284317342,0.08478044853355046,0.6389393382260588,12.7531848410453
1301,10.774642600001243,328.08404619152566,236.2501372887586,63.992203548729044,46.08016466906132,19.96985572062002,0.1950482027138019,11.584402545309274,17.774919668327477,19.83710306147686,0.7569022779687528,0.037482041208641806,0.7578297709957384,15.92694470779312
1302,10.785646100001031,328.10109730227595,236.2514076132053,63.99552933723516,46.08041244356151,19.717028700276348,0.1950482027138019,11.587728333815392,17.77467189382729,19.992889362295372,0.6686861150209708,0.03300214449551192,0.669500008934385,12.943724227352677
1303,10.790286900000865,328.1297359954909,236.2559709523736,64.0011152628748,46.08130251466466,19.929891030582613,0.1950482027138019,11.593314259455035,17.77378182272414,20.115716544334074,0.8276686213578527,0.12737664988736389,0.8374127761844433,20.281302019287743
1304,10.802002400001584,328.17653800277895,236.25172161992933,64.01024391027974,46.080473690008674,20.430811580139963,0.1950482027138019,11.60244290685997,17.774610647380122,20.23195251296838,0.7790392639362278,0.11572837287992374,0.787588236989186,19.996926582856823
1305,10.80633780000062,328.20256650753066,236.2392037509296,64.0153207233509,46.07803210215847,20.530995690051434,0.1950482027138019,11.607519719931126,17.77705223523033,20.399555480621018,0.945176238746575,0.19936527615289,0.965973413519565,18.5065086912441
1306,10.81795190000048,328.22871169524205,236.2297342568242,64.02042029522362,46.0761850943526,20.551035563791537,0.1950482027138019,11.612619291803846,17.778899243036193,20.52474630120233,0.8243399028418129,0.23492629398496517,0.8571619677883288,13.300893004019386
1307,10.821685800001433,328.25039996970895,236.22215982153028,64.02465055417835,46.07470771436195,20.555043538539557,0.1950482027138019,11.61684955075858,17.780376623026847,20.549785075670158,0.8588188459340027,0.42174570902347913,0.9567858972681033,18.324806457594402
1308,10.833101300000635,328.2854851242632,236.22297846246266,64.03149385051609,46.07486738880448,20.555845133489164,0.1950482027138019,11.623692847096315,17.780216948584318,20.554793440915287,0.7492915231388321,0.42456033820158845,0.8612138337379156,14.31503227436367
1309,10.837446600000476,328.30668469659315,236.2005924854887,64.03562878899734,46.070501044229715,20.556005452479084,0.1950482027138019,11.627827785577573,17.78458329315908,20.70705762617134,0.8627552526994466,0.8822633829336745,1.2339916137989178,25.514672359441587
1310,10.849789800000508,328.3461337595975,236.16406261111825,64.04332325783508,46.0633759578884,20.55603751627707,0.1950482027138019,11.635522254415314,17.7917083795004,20.93676827572255,0.722260855092313,1.0772635263714496,1.2969801263122462,28.734492669400023
1311,10.854336100001092,328.3695916064033,236.10701373017213,64.04789866869409,46.052248676193024,21.31235649007182,0.1950482027138019,11.640097665274318,17.802835661195772,21.2403584158867,1.0090745323098986,1.9633247858365064,2.2074590882814573,43.14512409733184
1312,10.865736100000504,328.39475080687424,236.0269022057364,64.05280592552766,46.03662306733517,21.703596786295616,0.1950482027138019,11.645004922107894,17.818461270053625,21.500334256419528,1.1220967800309773,2.1490582516805836,2.4243664229798876,41.15822024223383
1313,10.870190000001458,328.44118648101545,235.92605614835793,64.06186312031072,46.01695322509273,22.073795834309905,0.1950482027138019,11.654062116890948,17.838131112296068,21.823205889369845,1.1422898732859486,2.4299010680168065,2.6850037904928263,41.85407364307566
1314,10.88125200000104,328.527204884414,235.81639868064417,64.07864085529391,45.99556473310101,21.85588465514323,0.1950482027138019,11.670839851874142,17.859519604287783,22.100935123186474,1.8027050370798103,3.589402614693542,4.016659878690472,46.85546546052595
1315,10.896059500000774,328.5821948978613,235.66597177099112,64.08936655858402,45.966224234733396,22.170395681028648,0.1950482027138019,11.681565555164248,17.8888601026554,22.428026380106047,1.963642717053276,3.875418428708549,4.344509260872879,50.76435326865069
1316,10.899903300000005,328.66710176401614,235.50348711389034,64.10592749022558,45.93453189439732,22.701002659154952,0.1950482027138019,11.698126486805812,17.92055244299148,22.78082713881418,2.7566203255678206,5.298594329195705,5.972776363193127,67.81901972066734
1317,10.912804500001585,328.7487990616095,235.31823551748624,64.12186240128774,45.89839890346884,23.339053070893492,0.1950482027138019,11.714061397867972,17.956685433919958,23.32718440969643,2.844679489188321,5.642742583929487,6.319236129841957,71.11585959607207
1318,10.916304200000013,328.85642736550005,235.1113162341079,64.14285510852272,45.85803966913907,23.837799627850575,0.1950482027138019,11.735054105102954,17.99704466824973,23.879315360943195,4.065349434704016,8.040036746925512,9.009398255053489,92.59624654858558
1319,10.929075699999885,328.98456887750785,234.87204063689612,64.16784888013288,45.81136939394963,24.58767100955449,0.1950482027138019,11.76004787671311,18.043714943439163,24.410492283614424,3.608069438925536,7.199615421035549,8.05311289421186,80.4695475177416
1320,10.932628500000646,329.10893518812696,234.61761495658732,64.19210630549728,45.761744122281165,24.931050437262464,0.1950482027138019,11.784305302077506,18.09334021510763,24.870549689633044,5.208702702767236,9.668076101465015,10.981906908617177,94.03261385234191
1321,10.944862700000158,329.2357680377544,234.3640251685902,64.21684482486218,45.71228188990575,25.356887272511088,0.1950482027138019,11.809043821442408,18.142802447483042,25.2516557142938,4.489727276858846,8.188871060863349,9.338911085989393,67.70655692264475
1322,10.948154200001227,329.39166753434097,234.10848142032137,64.24725274147538,45.66243854109117,25.639340100986594,0.1950482027138019,11.839451738055608,18.192645796297626,25.614262722448608,5.795310665450331,10.492127355543968,11.986257220418574,79.42490347349715
1323,10.960407000000487,329.5426571789954,233.84864974350808,64.27670300029362,45.611758839520625,25.743329751154352,0.1950482027138019,11.868901996873852,18.24332549786817,25.93448889702879,5.127661833764959,8.499810347828284,9.926716064766765,56.76729512608651
1324,10.963789700001144,329.6898101077371,233.58554881893366,64.30540491456877,45.56044147705005,26.40070605032853,0.1950482027138019,11.897603911148998,18.294642860338747,26.273376356065917,6.964816077856357,10.301206168335007,12.434770264098553,67.16062312743432
1325,10.97641620000104,329.91570051277415,233.3261967750459,64.34946443208153,45.50985532701959,26.532181310163367,0.1950482027138019,11.941663428661762,18.34522901036921,26.477969338596,5.811864146710866,8.068799568688547,9.94400781071152,48.771915153460824
1326,10.980190800000855,330.13259639284195,233.07365277042163,64.39176958366478,45.460597072811474,27.051324567696735,0.1950482027138019,11.983968580245012,18.39448726457732,26.791704707562953,7.517472317821772,10.239334262064933,12.702612179371354,59.29608657701634
1327,10.992308000000776,330.34838805084723,232.82633555588666,64.43385935871935,45.41235829461625,26.662305013637006,0.1950482027138019,12.026058355299575,18.44272604277255,27.01249377354384,6.48500809732497,8.109567316755857,10.383660823012528,41.419203329836186
1328,10.995931200000996,330.5514524814618,232.54790392681346,64.47346671094583,45.358050705786845,27.31200659598912,0.1950482027138019,12.065665707526058,18.49703363160195,27.297841772286894,8.069926760600865,10.34890851220532,13.123399914483201,53.11191820185465
1329,11.008104399999866,330.7588195412639,232.2656991262346,64.51391328326227,45.30300716663673,27.504651380232982,0.1950482027138019,12.106112279842499,18.552077170752064,27.429289423793318,6.448650120419219,8.512773239757284,10.679531666094283,38.35240578195564
1330,11.011686700001519,330.9684524439097,231.98647635626568,64.55480180415302,45.24854526719752,27.95892130387863,0.1950482027138019,12.147000800733245,18.606539070191275,27.69676913964148,7.839179311713702,10.476031256046229,13.084340379203594,45.46967130954308
1331,11.024685700000191,331.17514991517663,231.7286099032754,64.59511777442911,45.19824887900159,27.708562825228853,0.1950482027138019,12.187316771009343,18.656835458387206,27.81791919658064,6.312057917309473,8.1941504264085,10.343412220446394,30.3543457408009
1332,11.028281000000788,331.3673348420754,231.47428580711767,64.6326030990094,45.148643421139205,27.999703592877804,0.1950482027138019,12.22480209558963,18.70644091624959,28.011373145956753,7.773657654027599,9.63586248708413,12.380613845525472,30.85566991290843
1333,11.040451100001519,331.5729891060267,231.25094526159387,64.67271559357353,45.10508124914167,27.917756880684937,0.1950482027138019,12.264914590153758,18.750003088247126,28.05006393583198,6.0243192257016345,7.219358116154551,9.402741820471565,17.39877995663181
1334,11.044054800000595,331.7693993150809,231.03421763864065,64.71102505184419,45.06280891580621,28.471921127113553,0.1950482027138019,12.303224048424418,18.792275421582588,28.098010223689837,6.757368987567833,8.017741828602295,10.485524291339104,23.34836224610535
1335,11.057013000001461,331.94660703091864,230.82690234056838,64.74558909832537,45.02237243952214,28.152375253254746,0.1950482027138019,12.337788094905598,18.83271189786666,28.193675225890317,5.14034755596631,5.860634452541431,7.795524945918935,13.733444667565827
1336,11.061554400001114,332.10415969229996,230.64386700359913,64.77631946176056,44.98667172601317,27.94829426451814,0.1950482027138019,12.368518458340795,18.868412611375625,28.371098021252287,5.772831580532703,6.562648347698886,8.74036256643571,23.083952261192266
1337,11.073335200000656,332.2455604919227,230.46195780924938,64.80389943358927,44.95119066459814,28.478028603880194,0.1950482027138019,12.396098430169495,18.90389367279066,28.438635802980933,4.004663004701865,4.731788147488723,6.198963207984263,24.163112680896404
1338,11.077724200000375,332.3908884139963,230.3024286918143,64.83224538359387,44.920074796961906,28.80487085749479,0.1950482027138019,12.424444380174101,18.93500954042689,28.657786059521975,4.626923602037188,5.620166083842088,7.27974510742359,30.7757986417925
1339,11.089970000000903,332.50325494041317,230.1407011670942,64.85416227261666,44.888530133935895,28.809610035756773,0.1950482027138019,12.446361269196892,18.9665542034529,28.88678914549815,3.639728401503442,4.517192930888332,5.801090829454261,25.852129195516817
1340,11.094058600001517,332.62438703832595,229.98217770266223,64.8777888706055,44.85761041711048,29.24812653595995,0.1950482027138019,12.46998786718573,18.997473920278317,29.052156718259795,3.4283112714642265,4.273103508547861,5.478387697928351,-50.70832352783897
1341,11.105851500000426,332.735076251769,229.84031676453276,64.89937860274738,44.829940696093026,29.093309694399025,0.1950482027138019,12.491577599327606,19.02514364129577,29.222558418847274,2.926444170254563,4.075847898296504,5.017630075211299,-336.3928057310151
1342,11.121132300000681,332.83567030805943,229.69997787277381,64.91899929263052,44.8025678474846,29.304866467688402,0.1950482027138019,12.511198289210746,19.052516489904193,23.46063641169592,2.5684946851764896,3.560656354670922,4.390380236817569,-340.13291394715935
1343,11.125375800000256,332.92158694957345,229.56719493816416,64.93575717914104,44.77666877473792,29.656879360432214,0.1950482027138019,12.527956175721265,19.078415562650875,17.61101110450393,1.4127642158085174,2.048172041176186,2.4881542234606115,-348.2221167420923
