frame,t_s,x_px_filt,y_px_filt,x_mm_abs,y_mm_abs,angle_deg_raw,mm_per_px,x_mm,y_mm,angle_deg_unwrapped,vx_mm_s,vy_mm_s,speed_mm_s,angular_vel_dps
576,4.769009300000107,197.5,314.0,38.659580048973055,61.46383866013944,0.0,0.19574470910872432,0.0,-0.0,0.0,,,,
631,5.222179399999732,197.5,314.0,38.659580048973055,61.46383866013944,0.0,0.19574470910872432,0.0,-0.0,0.0,,,,
632,5.233756600000561,197.5,314.0,38.659580048973055,61.46383866013944,0.0,0.19574470910872432,0.0,-0.0,0.0,,,,
633,5.238203099999737,197.5,314.0,38.659580048973055,61.46383866013944,0.0,0.19574470910872432,0.0,-0.0,0.0,0.0,0.0,0.0,0.0
634,5.249748899999759,197.5,314.0,38.659580048973055,61.46383866013944,0.0,0.19574470910872432,0.0,-0.0,0.0,0.0,0.0,0.0,0.0
635,5.254190199999357,197.5,314.0,38.659580048973055,61.46383866013944,0.0,0.19574470910872432,0.0,-0.0,0.0,0.0,0.0,0.0,0.0
636,5.26613179999913,197.5,314.0,38.659580048973055,61.46383866013944,0.0,0.19574470910872432,0.0,-0.0,0.0,0.0,0.0,0.0,0.0
637,5.270746899999722,197.5,314.0,38.659580048973055,61.46383866013944,0.0,0.19574470910872432,0.0,-0.0,0.0,0.0,0.0,0.0,0.0
638,5.2817906999989646,197.5,314.0,38.659580048973055,61.46383866013944,0.0,0.19574470910872432,0.0,-0.0,0.0,0.0,0.0,0.0,0.0
639,5.297290099999373,197.5,314.0,38.659580048973055,61.46383866013944,0.0,0.19574470910872432,0.0,-0.0,0.0,0.0,0.0,0.0,0.0
640,5.301180000000386,197.5,314.0,38.659580048973055,61.46383866013944,0.0,0.19574470910872432,0.0,-0.0,0.0,0.0,0.0,0.0,0.0
641,5.313544599999659,197.5,314.0,38.659580048973055,61.46383866013944,0.0,0.19574470910872432,0.0,-0.0,0.0,0.0,0.0,0.0,0.0
642,5.318028899999263,197.5,314.0,38.659580048973055,61.46383866013944,0.0,0.19574470910872432,0.0,-0.0,0.0,0.0,0.0,0.0,0.0
643,5.329864600000292,197.5,314.0,38.659580048973055,61.46383866013944,0.0,0.19574470910872432,0.0,-0.0,0.0,0.0,0.0,0.0,0.0
644,5.334172999999282,197.5,314.0,38.659580048973055,61.46383866013944,0.0,0.19574470910872432,0.0,-0.0,0.0,0.0,0.0,0.0,0.0
645,5.345259499999884,197.5,314.0,38.659580048973055,61.46383866013944,0.0,0.19574470910872432,0.0,-0.0,0.0,0.0,0.0,0.0,0.0
646,5.349333099999058,197.5,314.0,38.659580048973055,61.46383866013944,0.0,0.19574470910872432,0.0,-0.0,0.0,0.0,0.0,0.0,0.0
647,5.361599699999715,197.5,314.0,38.659580048973055,61.46383866013944,0.0,0.19574470910872432,0.0,-0.0,0.0,0.0,0.0,0.0,0.0
648,5.366338800000449,197.5,314.0,38.659580048973055,61.46383866013944,0.0,0.19574470910872432,0.0,-0.0,0.0,0.0,0.0,0.0,0.0
649,5.3780478999997285,197.5,314.0,38.659580048973055,61.46383866013944,0.0,0.19574470910872432,0.0,-0.0,0.0,0.0,0.0,0.0,0.0
650,5.382816600000297,197.5,314.0,38.659580048973055,61.46383866013944,0.0,0.19574470910872432,0.0,-0.0,0.0,0.0,0.0,0.0,0.0
651,5.393684099999518,197.5,314.0,38.659580048973055,61.46383866013944,0.0,0.19574470910872432,0.0,-0.0,0.0,0.0,0.0,0.0,0.0
652,5.397404800000004,197.5,314.0,38.659580048973055,61.46383866013944,0.0,0.19574470910872432,0.0,-0.0,0.0,0.0,0.0,0.0,0.0
653,5.409296399999221,197.5,314.0,38.659580048973055,61.46383866013944,0.0,0.19574470910872432,0.0,-0.0,0.0,0.0,0.0,0.0,0.0
654,5.413338000000294,197.5,314.0,38.659580048973055,61.46383866013944,0.0,0.19574470910872432,0.0,-0.0,0.0,0.0,0.0,0.0,0.0
655,5.425095900000088,197.5,314.0,38.659580048973055,61.46383866013944,0.0,0.19574470910872432,0.0,-0.0,0.0,0.0,0.0,0.0,0.0
656,5.429386399999203,197.5,314.0,38.659580048973055,61.46383866013944,0.0,0.19574470910872432,0.0,-0.0,0.0,0.0,0.0,0.0,0.0
657,5.44103879999966,197.5,314.0,38.659580048973055,61.46383866013944,0.0,0.19574470910872432,0.0,-0.0,0.0,0.0,0.0,0.0,0.0
658,5.444846000000325,197.5,314.0,38.659580048973055,61.46383866013944,0.0,0.19574470910872432,0.0,-0.0,0.0,0.0,0.0,0.0,0.0
659,5.4575043999993795,197.5,314.0,38.659580048973055,61.46383866013944,0.0,0.19574470910872432,0.0,-0.0,0.0,0.0,0.0,0.0,0.0
660,5.462531299999682,197.5,314.0,38.659580048973055,61.46383866013944,0.0,0.19574470910872432,0.0,-0.0,0.0,0.0,0.0,0.0,0.0
661,5.474600100000316,197.5,314.0,38.659580048973055,61.46383866013944,0.0,0.19574470910872432,0.0,-0.0,0.0,0.0,0.0,0.0,0.0
662,5.478907200000322,197.5,314.0,38.659580048973055,61.46383866013944,0.0,0.19574470910872432,0.0,-0.0,0.0,0.0,0.0,0.0,0.0
663,5.491679099999601,197.5,314.0,38.659580048973055,61.46383866013944,0.0,0.19574470910872432,0.0,-0.0,0.0,0.0,0.0,0.0,0.0
664,5.495765499999834,197.5,314.0,38.659580048973055,61.46383866013944,0.0,0.19574470910872432,0.0,-0.0,0.0,0.0,0.0,0.0,0.0
665,5.507711300000665,197.5,314.0,38.659580048973055,61.46383866013944,0.0,0.19574470910872432,0.0,-0.0,0.0,0.0,0.0,0.0,0.0
666,5.524119300000166,197.5,314.0,38.659580048973055,61.46383866013944,0.0,0.19574470910872432,0.0,-0.0,0.0,0.0,0.0,0.0,0.0
667,5.528893599999719,197.5,314.0,38.659580048973055,61.46383866013944,0.0,0.19574470910872432,0.0,-0.0,0.0,0.0,0.0,0.0,0.0
668,5.538802699998996,197.5,314.0,38.659580048973055,61.46383866013944,0.0,0.19574470910872432,0.0,-0.0,0.0,0.0,0.0,0.0,0.0
669,5.5445927000000665,197.5,314.0,38.659580048973055,61.46383866013944,0.0,0.19574470910872432,0.0,-0.0,0.0,0.0,0.0,0.0,0.0
670,5.555052699999578,197.5,314.0,38.659580048973055,61.46383866013944,0.0,0.19574470910872432,0.0,-0.0,0.0,0.0,0.0,0.0,0.0
671,5.559984899999108,197.5,314.0,38.659580048973055,61.46383866013944,0.0,0.19574470910872432,0.0,-0.0,0.0,0.0,0.0,0.0,0.0
672,5.570872899999813,197.5,314.0,38.659580048973055,61.46383866013944,0.0,0.19574470910872432,0.0,-0.0,0.0,0.0,0.0,0.0,0.0
673,5.5759834999989835,197.5,314.0,38.659580048973055,61.46383866013944,0.0,0.19574470910872432,0.0,-0.0,0.0,0.0,0.0,0.0,0.0
674,5.58760009999969,197.5,314.0,38.659580048973055,61.46383866013944,0.0,0.19574470910872432,0.0,-0.0,0.0,0.0,0.0,0.0,0.0
675,5.593336300000374,197.5,314.0,38.659580048973055,61.46383866013944,0.0,0.19574470910872432,0.0,-0.0,0.0,0.0,0.0,0.0,0.0
676,5.603196300000491,197.5,314.0,38.659580048973055,61.46383866013944,0.0,0.19574470910872432,0.0,-0.0,0.0,0.0,0.0,0.0,0.0
677,5.608198500000071,197.5,314.0,38.659580048973055,61.46383866013944,0.0,0.19574470910872432,0.0,-0.0,0.0,0.0,0.0,0.0,0.0
678,5.619299300000421,197.5,314.0,38.659580048973055,61.46383866013944,0.0,0.19574470910872432,0.0,-0.0,0.0,0.0,0.0,0.0,0.0
679,5.62660440000036,197.5,314.0,38.659580048973055,61.46383866013944,0.0,0.19574470910872432,0.0,-0.0,0.0,0.0,0.0,0.0,0.0
680,5.635242700000163,197.5,314.0,38.659580048973055,61.46383866013944,0.0,0.19574470910872432,0.0,-0.0,0.0,0.0,0.0,0.0,0.0
681,5.6405548000002455,197.5,314.0,38.659580048973055,61.46383866013944,0.0,0.19574470910872432,0.0,-0.0,0.0,0.0,0.0,0.0,0.0
682,5.651503299999604,197.5,314.0,38.659580048973055,61.46383866013944,0.0,0.19574470910872432,0.0,-0.0,0.0,0.0,0.0,0.0,0.0
683,5.656826899999942,197.5,314.0,38.659580048973055,61.46383866013944,0.0,0.19574470910872432,0.0,-0.0,0.0,0.0,0.0,0.0,0.0
684,5.667013399999632,197.5,314.0,38.659580048973055,61.46383866013944,0.0,0.19574470910872432,0.0,-0.0,0.0,0.0,0.0,0.0,0.0
685,5.672312299999248,197.5,314.0,38.659580048973055,61.46383866013944,0.0,0.19574470910872432,0.0,-0.0,0.0,0.0,0.0,0.0,0.0
686,5.683650799999668,197.5,314.0,38.659580048973055,61.46383866013944,0.0,0.19574470910872432,0.0,-0.0,0.0,0.0,0.0,0.0,0.0
687,5.688065099999221,197.5,314.0,38.659580048973055,61.46383866013944,0.0,0.19574470910872432,0.0,-0.0,0.0,0.0,0.0,0.0,0.0
688,5.698514100000466,197.5,314.0,38.659580048973055,61.46383866013944,0.0,0.19574470910872432,0.0,-0.0,0.0,0.0,0.0,0.0,0.0
689,5.703468800000337,197.5,314.0,38.659580048973055,61.46383866013944,0.0,0.19574470910872432,0.0,-0.0,0.0,0.0,0.0,0.0,0.0
690,5.715150199999698,197.5,314.0,38.659580048973055,61.46383866013944,0.0,0.19574470910872432,0.0,-0.0,0.0,0.0,0.0,0.0,0.0
691,5.719884199999797,197.5,314.0,38.659580048973055,61.46383866013944,0.0,0.19574470910872432,0.0,-0.0,0.0,0.0,0.0,0.0,0.0
692,5.73197749999963,197.5,314.0,38.659580048973055,61.46383866013944,0.0,0.19574470910872432,0.0,-0.0,0.0,0.0,0.0,0.0,0.0
693,5.746777399999701,197.5,314.0,38.659580048973055,61.46383866013944,0.0,0.19574470910872432,0.0,-0.0,0.0,0.0,0.0,0.0,0.0
694,5.751116999999795,197.5,314.0,38.659580048973055,61.46383866013944,0.0,0.19574470910872432,0.0,-0.0,0.0,0.0,0.0,0.0,0.0
695,5.762590700000146,197.5,314.0,38.659580048973055,61.46383866013944,0.0,0.19574470910872432,0.0,-0.0,0.0,0.0,0.0,0.0,0.0
696,5.767878599999676,197.5,314.0,38.659580048973055,61.46383866013944,0.0,0.19574470910872432,0.0,-0.0,0.0,0.0,0.0,0.0,0.0
697,5.779062300000078,197.5,314.0,38.659580048973055,61.46383866013944,0.0,0.19574470910872432,0.0,-0.0,0.0,0.0,0.0,0.0,0.0
698,5.7839217000000644,197.5,314.0,38.659580048973055,61.46383866013944,0.0,0.19574470910872432,0.0,-0.0,0.0,0.0,0.0,0.0,0.0
699,5.794863600000099,197.5,314.0,38.659580048973055,61.46383866013944,0.0,0.19574470910872432,0.0,-0.0,0.0,0.0,0.0,0.0,0.0
700,5.800733099998979,197.5,314.0,38.659580048973055,61.46383866013944,0.0,0.19574470910872432,0.0,-0.0,0.0,0.0,0.0,0.0,0.0
701,5.81135919999906,197.5,314.0,38.659580048973055,61.46383866013944,0.0,0.19574470910872432,0.0,-0.0,0.0,0.0,0.0,0.0,0.0
702,5.8161645000000135,197.5,314.0,38.659580048973055,61.46383866013944,0.0,0.19574470910872432,0.0,-0.0,0.0,0.0,0.0,0.0,0.0
703,5.827805700000681,197.5,314.0,38.659580048973055,61.46383866013944,0.0,0.19574470910872432,0.0,-0.0,0.0,0.0,0.0,0.0,0.0
704,5.8321042000006855,197.5,314.0,38.659580048973055,61.46383866013944,0.0,0.19574470910872432,0.0,-0.0,0.0,0.0,0.0,0.0,0.0
705,5.843165799999042,197.5,314.0,38.659580048973055,61.46383866013944,0.0,0.19574470910872432,0.0,-0.0,0.0,0.0,0.0,0.0,0.0
706,5.84786080000049,197.5,314.0,38.659580048973055,61.46383866013944,0.0,0.19574470910872432,0.0,-0.0,0.0,0.0,0.0,0.0,0.0
707,5.8591878000006545,197.5,314.0,38.659580048973055,61.46383866013944,0.0,0.19574470910872432,0.0,-0.0,0.0,0.0,0.0,0.0,0.0
708,5.863935400000628,197.5,314.0,38.659580048973055,61.46383866013944,0.0,0.19574470910872432,0.0,-0.0,0.0,0.0,0.0,0.0,0.0
709,5.875392199999624,197.5,314.0,38.659580048973055,61.46383866013944,0.0,0.19574470910872432,0.0,-0.0,0.0,0.0,0.0,0.0,0.0
710,5.879661999999371,197.5,314.0,38.659580048973055,61.46383866013944,0.0,0.19574470910872432,0.0,-0.0,0.0,0.0,0.0,0.0,0.0
711,5.8911496000000625,197.5,314.0,38.659580048973055,61.46383866013944,0.0,0.19574470910872432,0.0,-0.0,0.0,0.0,0.0,0.0,0.0
712,5.895971500000087,197.5,314.0,38.659580048973055,61.46383866013944,0.0,0.19574470910872432,0.0,-0.0,0.0,0.0,0.0,0.0,0.0
713,5.907463999999891,197.5,314.0,38.659580048973055,61.46383866013944,0.0,0.19574470910872432,0.0,-0.0,0.0,0.0,0.0,0.0,0.0
714,5.9121673999998166,197.5,314.0,38.659580048973055,61.46383866013944,0.0,0.19574470910872432,0.0,-0.0,0.0,0.0,0.0,0.0,0.0
715,5.923126100000445,197.5,314.0,38.659580048973055,61.46383866013944,0.0,0.19574470910872432,0.0,-0.0,0.0,0.0,0.0,0.0,0.0
716,5.928032100000564,197.5,314.0,38.659580048973055,61.46383866013944,0.0,0.19574470910872432,0.0,-0.0,0.0,0.0,0.0,0.0,0.0
717,5.938650099998995,197.5,314.0,38.659580048973055,61.46383866013944,0.0,0.19574470910872432,0.0,-0.0,0.0,0.0,0.0,0.0,0.0
718,5.943693799999892,197.5,314.0,38.659580048973055,61.46383866013944,0.0,0.19574470910872432,0.0,-0.0,0.0,0.0,0.0,0.0,0.0
719,5.957231500000489,197.5,314.0,38.659580048973055,61.46383866013944,0.0,0.19574470910872432,0.0,-0.0,0.0,0.0,0.0,0.0,0.0
720,5.963147700000263,197.5,314.0,38.659580048973055,61.46383866013944,0.0,0.19574470910872432,0.0,-0.0,0.0,0.0,0.0,0.0,0.0
721,5.971079400000235,197.5,314.0,38.659580048973055,61.46383866013944,0.0,0.19574470910872432,0.0,-0.0,0.0,0.0,0.0,0.0,0.0
722,5.986984400000438,197.5,314.0,38.659580048973055,61.46383866013944,0.0,0.19574470910872432,0.0,-0.0,0.0,0.0,0.0,0.0,0.0
723,5.991980200000398,197.5,314.0,38.659580048973055,61.46383866013944,0.0,0.19574470910872432,0.0,-0.0,0.0,0.0,0.0,0.0,0.0
724,6.003902299999027,197.5,314.0,38.659580048973055,61.46383866013944,0.0,0.19574470910872432,0.0,-0.0,0.0,0.0,0.0,0.0,0.0
725,6.008060699999987,197.5,314.0,38.659580048973055,61.46383866013944,0.0,0.19574470910872432,0.0,-0.0,0.0,0.0,0.0,0.0,0.0
726,6.01887650000026,197.5,314.0,38.659580048973055,61.46383866013944,0.0,0.19574470910872432,0.0,-0.0,0.0,0.0,0.0,0.0,0.0
727,6.024052099999608,197.5,314.0,38.659580048973055,61.46383866013944,0.0,0.19574470910872432,0.0,-0.0,0.0,0.0,0.0,0.0,0.0
728,6.035005699999601,197.5,314.0,38.659580048973055,61.46383866013944,0.0,0.19574470910872432,0.0,-0.0,0.0,0.0,0.0,0.0,0.0
729,6.039862399999038,197.5,314.0,38.659580048973055,61.46383866013944,0.0,0.19574470910872432,0.0,-0.0,0.0,0.0,0.0,0.0,0.0
730,6.050723899999866,197.5,314.0,38.659580048973055,61.46383866013944,0.0,0.19574470910872432,0.0,-0.0,0.0,0.0,0.0,0.0,0.0
731,6.056767300000502,197.5,314.0,38.659580048973055,61.46383866013944,0.0,0.19574470910872432,0.0,-0.0,0.0,0.0,0.0,0.0,0.0
732,6.066860799999631,197.5,314.0,38.659580048973055,61.46383866013944,0.0,0.19574470910872432,0.0,-0.0,0.0,0.0,0.0,0.0,0.0
733,6.071959299999435,197.5,314.0,38.659580048973055,61.46383866013944,0.0,0.19574470910872432,0.0,-0.0,0.0,0.0,0.0,0.0,0.0
734,6.082844299999124,197.5,314.0,38.659580048973055,61.46383866013944,0.0,0.19574470910872432,0.0,-0.0,0.0,0.0,0.0,0.0,0.0
735,6.087561500000447,197.5,314.0,38.659580048973055,61.46383866013944,0.0,0.19574470910872432,0.0,-0.0,0.0,0.0,0.0,0.0,0.0
736,6.098889999999301,197.5,314.0,38.659580048973055,61.46383866013944,0.0,0.19574470910872432,0.0,-0.0,0.0,0.0,0.0,0.0,0.0
737,6.1038533999999345,197.5,314.0,38.659580048973055,61.46383866013944,0.0,0.19574470910872432,0.0,-0.0,0.0,0.0,0.0,0.0,0.0
738,6.114580100000239,197.5,314.0,38.659580048973055,61.46383866013944,0.0,0.19574470910872432,0.0,-0.0,0.0,0.0,0.0,0.0,0.0
739,6.119222899998931,197.5,314.0,38.659580048973055,61.46383866013944,0.0,0.19574470910872432,0.0,-0.0,0.0,0.0,0.0,0.0,0.0
740,6.130427699999927,197.5,314.0,38.659580048973055,61.46383866013944,0.0,0.19574470910872432,0.0,-0.0,0.0,0.0,0.0,0.0,0.0
741,6.135103000000527,197.5,314.0,38.659580048973055,61.46383866013944,0.0,0.19574470910872432,0.0,-0.0,0.0,0.0,0.0,0.0,0.0
742,6.146889399999054,197.5,314.0,38.659580048973055,61.46383866013944,0.0,0.19574470910872432,0.0,-0.0,0.0,0.0,0.0,0.0,0.0
743,6.1512497999992775,197.5,314.0,38.659580048973055,61.46383866013944,0.0,0.19574470910872432,0.0,-0.0,0.0,0.0,0.0,0.0,0.0
744,6.162766199999169,197.5,314.0,38.659580048973055,61.46383866013944,0.0,0.19574470910872432,0.0,-0.0,0.0,0.0,0.0,0.0,0.0
745,6.167509099999734,197.5,314.0,38.659580048973055,61.46383866013944,0.0,0.19574470910872432,0.0,-0.0,0.0,0.0,0.0,0.0,0.0
746,6.178725600000689,197.5,314.0,38.659580048973055,61.46383866013944,0.0,0.19574470910872432,0.0,-0.0,0.0,0.0,0.0,0.0,0.0
747,6.183660799999416,197.5,314.0,38.659580048973055,61.46383866013944,0.0,0.19574470910872432,0.0,-0.0,0.0,0.0,0.0,0.0,0.0
748,6.194843999999648,197.5,314.0,38.659580048973055,61.46383866013944,0.0,0.19574470910872432,0.0,-0.0,0.0,0.0,0.0,0.0,0.0
749,6.210613100000046,197.5,314.0,38.659580048973055,61.46383866013944,0.0,0.19574470910872432,0.0,-0.0,0.0,0.0,0.0,0.0,0.0
750,6.215202199999112,197.5,314.0,38.659580048973055,61.46383866013944,0.0,0.19574470910872432,0.0,-0.0,0.0,0.0,0.0,0.0,0.0
751,6.226729500000147,197.5,314.0,38.659580048973055,61.46383866013944,0.0,0.19574470910872432,0.0,-0.0,0.0,0.0,0.0,0.0,0.0
752,6.231598200000008,197.5,314.0,38.659580048973055,61.46383866013944,0.0,0.19574470910872432,0.0,-0.0,0.0,0.0,0.0,0.0,0.0
753,6.242844299998978,197.5,314.0,38.659580048973055,61.46383866013944,0.0,0.19574470910872432,0.0,-0.0,0.0,0.0,0.0,0.0,0.0
754,6.247322299999723,197.5,314.0,38.659580048973055,61.46383866013944,0.0,0.19574470910872432,0.0,-0.0,0.0,0.0,0.0,0.0,0.0
755,6.2588011999996525,197.5,314.0,38.659580048973055,61.46383866013944,0.0,0.19574470910872432,0.0,-0.0,0.0,0.0,0.0,0.0,0.0
756,6.2639479999998,197.5,314.0,38.659580048973055,61.46383866013944,0.0,0.19574470910872432,0.0,-0.0,0.0,0.0,0.0,0.0,0.0
757,6.274711000000025,197.5,314.0,38.659580048973055,61.46383866013944,0.0,0.19574470910872432,0.0,-0.0,0.0,0.0,0.0,0.0,0.0
758,6.279594300000099,197.5,314.0,38.659580048973055,61.46383866013944,0.0,0.19574470910872432,0.0,-0.0,0.0,0.0,0.0,0.0,0.0
759,6.290527200000724,197.5,314.0,38.659580048973055,61.46383866013944,0.0,0.19574470910872432,0.0,-0.0,0.0,0.0,0.0,0.0,0.0
760,6.2955457999996725,197.5,314.0,38.659580048973055,61.46383866013944,0.0,0.19574470910872432,0.0,-0.0,0.0,0.0,0.0,0.0,0.0
761,6.306802799999787,197.5,314.0,38.659580048973055,61.46383866013944,0.0,0.19574470910872432,0.0,-0.0,0.0,0.0,0.0,0.0,0.0
762,6.311552799999845,197.5,314.0,38.659580048973055,61.46383866013944,0.0,0.19574470910872432,0.0,-0.0,0.0,0.0,0.0,0.0,0.0
763,6.322705599999608,197.5,314.0,38.659580048973055,61.46383866013944,0.0,0.19574470910872432,0.0,-0.0,0.0,0.0,0.0,0.0,0.0
764,6.327337299999272,197.5,314.0,38.659580048973055,61.46383866013944,0.0,0.19574470910872432,0.0,-0.0,0.0,0.0,0.0,0.0,0.0
765,6.338575600000695,197.5,314.0,38.659580048973055,61.46383866013944,0.0,0.19574470910872432,0.0,-0.0,0.0,0.0,0.0,0.0,0.0
766,6.343202099998962,197.5,314.0,38.659580048973055,61.46383866013944,0.0,0.19574470910872432,0.0,-0.0,0.0,0.0,0.0,0.0,0.0
767,6.355060599998978,197.5,314.0,38.659580048973055,61.46383866013944,0.0,0.19574470910872432,0.0,-0.0,0.0,0.0,0.0,0.0,0.0
768,6.3596388999994815,197.5,314.0,38.659580048973055,61.46383866013944,0.0,0.19574470910872432,0.0,-0.0,0.0,0.0,0.0,0.0,0.0
769,6.371131899999455,197.5,314.0,38.659580048973055,61.46383866013944,0.0,0.19574470910872432,0.0,-0.0,0.0,0.0,0.0,0.0,0.0
770,6.3757440999997925,197.5,314.0,38.659580048973055,61.46383866013944,0.0,0.19574470910872432,0.0,-0.0,0.0,0.0,0.0,0.0,0.0
771,6.386593600000197,197.5,314.0,38.659580048973055,61.46383866013944,0.0,0.19574470910872432,0.0,-0.0,0.0,0.0,0.0,0.0,0.0
772,6.392060099999071,197.5,314.0,38.659580048973055,61.46383866013944,0.0,0.19574470910872432,0.0,-0.0,0.0,0.0,0.0,0.0,0.0
773,6.402419599999121,197.5,314.0,38.659580048973055,61.46383866013944,0.0,0.19574470910872432,0.0,-0.0,0.0,0.0,0.0,0.0,0.0
774,6.407922700000199,197.5,314.0,38.659580048973055,61.46383866013944,0.0,0.19574470910872432,0.0,-0.0,0.0,0.0,0.0,0.0,0.0
775,6.418381699999372,197.5,314.0,38.659580048973055,61.46383866013944,0.0,0.19574470910872432,0.0,-0.0,0.0,0.0,0.0,0.0,0.0
776,6.434866499999771,197.5,314.0,38.659580048973055,61.46383866013944,0.0,0.19574470910872432,0.0,-0.0,0.0,0.0,0.0,0.0,0.0
777,6.43948730000011,197.5,314.0,38.659580048973055,61.46383866013944,0.0,0.19574470910872432,0.0,-0.0,0.0,0.0,0.0,0.0,0.0
778,6.450657400000637,197.5,314.0,38.659580048973055,61.46383866013944,0.0,0.19574470910872432,0.0,-0.0,0.0,0.0,0.0,0.0,0.0
779,6.4552081000001635,197.5,314.0,38.659580048973055,61.46383866013944,0.0,0.19574470910872432,0.0,-0.0,0.0,0.0,0.0,0.0,0.0
780,6.466494199999943,197.5,314.0,38.659580048973055,61.46383866013944,0.0,0.19574470910872432,0.0,-0.0,0.0,0.0,0.0,0.0,0.0
781,6.47171359999993,197.5,314.0,38.659580048973055,61.46383866013944,0.0,0.19574470910872432,0.0,-0.0,0.0,0.0,0.0,0.0,0.0
782,6.482986900000469,197.5,314.0,38.659580048973055,61.46383866013944,0.0,0.19574470910872432,0.0,-0.0,0.0,0.0,0.0,0.0,0.0
783,6.487675799999124,197.5,314.0,38.659580048973055,61.46383866013944,0.0,0.19574470910872432,0.0,-0.0,0.0,0.0,0.0,0.0,0.0
784,6.499207700000625,197.5,314.0,38.659580048973055,61.46383866013944,0.0,0.19574470910872432,0.0,-0.0,0.0,0.0,0.0,0.0,0.0
785,6.50650080000014,197.5,314.0,38.659580048973055,61.46383866013944,0.0,0.19574470910872432,0.0,-0.0,0.0,0.0,0.0,0.0,0.0
786,6.515639999999621,197.5,314.0,38.659580048973055,61.46383866013944,0.0,0.19574470910872432,0.0,-0.0,0.0,0.0,0.0,0.0,0.0
787,6.520107199999984,197.5,314.0,38.659580048973055,61.46383866013944,0.0,0.19574470910872432,0.0,-0.0,0.0,0.0,0.0,0.0,0.0
788,6.5321573999990505,197.5,314.0,38.659580048973055,61.46383866013944,0.0,0.19574470910872432,0.0,-0.0,0.0,0.0,0.0,0.0,0.0
789,6.53777269999955,197.5,314.0,38.659580048973055,61.46383866013944,0.0,0.19574470910872432,0.0,-0.0,0.0,0.0,0.0,0.0,0.0
790,6.54796609999903,197.5,314.0,38.659580048973055,61.46383866013944,0.0,0.19574470910872432,0.0,-0.0,0.0,0.0,0.0,0.0,0.0
791,6.554495899999893,197.5,314.0,38.659580048973055,61.46383866013944,0.0,0.19574470910872432,0.0,-0.0,0.0,0.0,0.0,0.0,0.0
792,6.564062199999171,197.5,314.0,38.659580048973055,61.46383866013944,0.0,0.19574470910872432,0.0,-0.0,0.0,0.0,0.0,0.0,0.0
793,6.568069999999352,197.5,314.0,38.659580048973055,61.46383866013944,0.0,0.19574470910872432,0.0,-0.0,0.0,0.0,0.0,0.0,0.0
794,6.580630700000256,197.5,314.0,38.659580048973055,61.46383866013944,0.0,0.19574470910872432,0.0,-0.0,0.0,0.0,0.0,0.0,0.0
795,6.584957400000349,197.5,314.0,38.659580048973055,61.46383866013944,0.0,0.19574470910872432,0.0,-0.0,0.0,0.0,0.0,0.0,0.0
796,6.594854499999201,197.5,314.0,38.659580048973055,61.46383866013944,0.0,0.19574470910872432,0.0,-0.0,0.0,0.0,0.0,0.0,0.0
797,6.599664199999097,197.5,314.0,38.659580048973055,61.46383866013944,0.0,0.19574470910872432,0.0,-0.0,0.0,0.0,0.0,0.0,0.0
798,6.611126300000251,197.5,314.0,38.659580048973055,61.46383866013944,0.0,0.19574470910872432,0.0,-0.0,0.0,0.0,0.0,0.0,0.0
799,6.61617060000026,197.5,314.0,38.659580048973055,61.46383866013944,0.0,0.19574470910872432,0.0,-0.0,0.0,0.0,0.0,0.0,0.0
800,6.626525800000309,197.5,314.0,38.659580048973055,61.46383866013944,0.0,0.19574470910872432,0.0,-0.0,0.0,0.0,0.0,0.0,0.0
801,6.631758899999113,197.5,314.0,38.659580048973055,61.46383866013944,0.0,0.19574470910872432,0.0,-0.0,0.0,0.0,0.0,0.0,0.0
802,6.643250799999805,197.5,314.0,38.659580048973055,61.46383866013944,0.0,0.19574470910872432,0.0,-0.0,0.0,0.0,0.0,0.0,0.0
803,6.64790929999981,197.5,314.0,38.659580048973055,61.46383866013944,0.0,0.19574470910872432,0.0,-0.0,0.0,0.0,0.0,0.0,0.0
804,6.659510299999965,197.5,314.0,38.659580048973055,61.46383866013944,0.0,0.19574470910872432,0.0,-0.0,0.0,0.0,0.0,0.0,0.0
805,6.675062099999195,197.5,314.0,38.659580048973055,61.46383866013944,0.0,0.19574470910872432,0.0,-0.0,0.0,0.0,0.0,0.0,0.0
806,6.679832300000271,197.5,314.0,38.659580048973055,61.46383866013944,0.0,0.19574470910872432,0.0,-0.0,0.0,0.0,0.0,0.0,0.0
807,6.691228300000148,197.5,314.0,38.659580048973055,61.46383866013944,0.0,0.19574470910872432,0.0,-0.0,0.0,0.0,0.0,0.0,0.0
808,6.696003099999871,197.5,314.0,38.659580048973055,61.46383866013944,0.0,0.19574470910872432,0.0,-0.0,0.0,0.0,0.0,0.0,0.0
809,6.706792900000437,197.5,314.0,38.659580048973055,61.46383866013944,0.0,0.19574470910872432,0.0,-0.0,0.0,0.0,0.0,0.0,0.0
810,6.711425800000143,197.5,314.0,38.659580048973055,61.46383866013944,0.0,0.19574470910872432,0.0,-0.0,0.0,0.0,0.0,0.0,0.0
811,6.72275609999997,197.5,314.0,38.659580048973055,61.46383866013944,0.0,0.19574470910872432,0.0,-0.0,0.0,0.0,-0.5796459309700693,0.5796459309700693,0.0
812,6.727307200000723,197.5,314.0,38.659580048973055,61.46383866013944,0.0,0.19574470910872432,0.0,-0.0,0.0,0.6908958421391423,-2.130422554717765,2.239651161751607,0.0
813,6.73866149999958,197.5,314.1681137084961,38.659580048973055,61.49674602910619,0.0,0.19574470910872432,0.0,-0.032907368966753836,0.0,1.0092976603848842,-2.714506853365971,2.896071343083458,0.0
814,6.743424500000401,197.58405685424805,314.3567867279053,38.676033733456435,61.53367777440711,0.0,0.19574470910872432,0.01645368448338047,-0.06983911426767264,0.0,1.7507396669781388,-3.9960444332191587,4.3627354370615405,0.0
815,6.755023600000641,197.67839336395264,314.5298399925232,38.69449960610689,61.56755203535006,0.0,0.19574470910872432,0.03491955713383277,-0.10371337521062429,0.0,2.0103186956374812,-4.431725650399252,4.866371697521291,0.0
816,6.759592299998985,197.7649199962616,314.67939603328705,38.711436736578364,61.59682683904483,0.0,0.19574470910872432,0.05185668760530859,-0.13298817890539283,0.0,2.507468019786718,-4.667654122595308,5.298527236736081,0.0
817,6.770870099999229,197.83969801664352,314.80490455031395,38.72607413842575,61.62139446720093,0.0,0.19574470910872432,0.06649408945269641,-0.15755580706149175,0.0,2.002775054506387,-3.4152294739738767,3.959153985241411,0.0
818,6.775811800000156,197.90245227515697,314.90785302966833,38.7383579525038,61.64154608734534,0.0,0.19574470910872432,0.07877790353074232,-0.1777074272059025,0.0,1.982202337286119,-3.2952890977672338,3.8455241962320486,0.0
819,6.786634199999753,197.95392651483417,314.99032995663583,38.748433762576006,61.65769050942277,0.0,0.19574470910872432,0.08885371360295125,-0.19385184928333388,0.0,1.359338187224596,-2.192130644753141,2.579386956412874,0.0
820,6.79205489999913,197.99516497831792,315.054596954491,38.75650597361472,61.67027043422322,0.0,0.19574470910872432,0.09692592464166694,-0.20643177408378222,0.0,1.3010337705222468,-2.0448316114069716,2.423638832633395,0.0
821,6.8026638999999705,198.0272984772455,315.10293604282197,38.762795936014946,61.67973255500715,0.0,0.19574470910872432,0.10321588704189111,-0.21589389486771182,0.0,0.8639467136528782,-1.3092280274721453,1.5685923472815404,0.0
822,6.807365000000573,198.05146802141098,315.13756567574455,38.76752699640691,61.686511122430126,0.0,0.19574470910872432,0.10794694743385236,-0.2226724622906886,0.0,0.768674628768616,-1.1166461328061563,1.3556398012833326,0.0
823,6.818650900000648,198.06878283787228,315.16061975145567,38.7709162801184,61.69102383577397,0.0,0.19574470910872432,0.1113362311453443,-0.22718517563453133,0.0,0.4944720763311205,-0.6720590908845187,0.8343656607937165,4.024790981038487
824,6.823613700000351,198.08030987572783,315.17402792370376,38.77317263679032,61.69364841455035,0.0,0.19574470910872432,0.11359258781726567,-0.22980975441091545,0.0,0.3990872979427196,-0.4878663646968471,0.6303048954131151,15.253068572385997
825,6.834722300000067,198.08701396185188,315.1795772323908,38.77448492617851,61.69473466236504,0.0,0.19574470910872432,0.11490487720545417,-0.2308960022256059,0.2235489654541016,0.1751718834888305,-0.47791650484781517,0.5090082262311447,20.34019779325559
826,6.83940579999944,198.0897886161954,315.1788817348555,38.77502805008586,61.694598522402316,0.0,0.19574470910872432,0.11544800111280296,-0.2307598622628788,0.4864871559143067,0.050852854599737,-1.2114252874125484,1.2124921607183765,33.105751260163814
827,6.850712600000406,198.08324961376564,315.2592971549053,38.77374807495739,61.71033941540782,1.117744827270508,0.19574470910872432,0.11416802598433407,-0.24650075526838577,0.7740829193115235,-0.08767009655784849,-1.4206545857259978,1.4233571223606425,38.34602711717146
828,6.855494600000384,198.07540072131252,315.35866278970286,38.77221169578732,61.729789712686674,1.3146909523010255,0.19574470910872432,0.11263164681426474,-0.26595105254723705,1.0793073027038576,-0.2528549343982923,-2.0433114616465473,2.0588971191260903,38.96104406314464
829,6.866569599998911,198.06193718594335,315.44777421793356,38.76957627997291,61.74723280328395,1.437978816986084,0.19574470910872432,0.10999623099985456,-0.2833941431445126,1.3694875782470706,-0.3395042859530634,-2.2904522305192194,2.3154771820233875,29.278742009797014
830,6.871406000000206,198.04444929282374,315.5271123166904,38.76615311742129,61.76276281634635,1.52612191696167,0.19574470910872432,0.10657306844823466,-0.29892415620691537,1.4816874135681155,-0.3726285622730656,-2.182286955304943,2.213871812168855,24.70047257562704
831,6.883126400000037,198.02545177022742,315.5993607818093,38.762434452886886,61.7769050711346,1.4509013777160646,0.19574470910872432,0.10285440391383105,-0.3130664109951624,1.5722846720446781,-0.7393630457447793,-1.820136898416283,1.9645752829528937,14.281214991504786
832,6.897941400000491,198.0043487824006,315.66379435805,38.7583036546734,61.78951760277267,1.6787440038757326,0.19574470910872432,0.09872360570034289,-0.3256789426332318,1.609978460745606,-0.8112372171872363,-1.6549676690419286,1.8431016814391348,5.443872905982657
833,6.902668099999573,197.95231247636187,315.71828623599686,38.748117823084755,61.80018409957017,1.767677244683838,0.19574470910872432,0.08853777411169972,-0.3363454394307297,1.6654296444806644,-0.9662154032586624,-1.4296520717631944,1.7255368010538326,0.574750679548574
834,6.9147916000001715,197.91531658344593,315.76468508438984,38.74087607278771,61.80926642865183,1.6264477604907228,0.19574470910872432,0.08129602381465162,-0.3454277685123941,1.44738448236293,-0.8819366087091101,-1.445200558336659,1.6930495667870793,2.4386935517288704
835,6.919442299998991,197.88008952183804,315.81421051670293,38.73398056186051,61.81896076999344,1.803377835636963,0.19574470910872432,0.07440051288745764,-0.35512210985400117,1.4420521223026643,-1.1219033072750038,-1.59175411716764,1.9473952347673864,12.178571227629236
836,6.930855700000393,197.886160075772,315.88909950417576,38.73516884067445,61.83361989306176,0.3606755671273926,0.19574470910872432,0.07558879170139221,-0.3697812329223211,1.6366459362403183,-0.9246935753631548,-1.1718915104331482,1.4927785905964688,13.59061149196049
837,6.935584499999095,197.85043863954849,315.927368259833,38.72817655853193,61.841110799505834,1.6520822035744045,0.19574470910872432,0.06859650955887275,-0.37727213936639714,1.8789670847395188,-1.3630715158914786,-1.0900888414546972,1.7453531561545752,39.39018302356181
838,6.946803900000305,197.78344095871523,315.93638613234106,38.71506211698627,61.84287600033671,2.740646314372108,0.19574470910872432,0.05548206801321243,-0.37903734019727153,2.0897984676070838,-1.25272577324252,-0.6433076762626454,1.4082494911358976,44.34491957651428
839,6.951525999998921,197.71615442913193,315.94459152820247,38.70189113482605,61.844482163162716,2.8380535029867264,0.19574470910872432,0.04231108585299381,-0.3806435030232791,2.6140107189120423,-1.6828353423729803,-0.4608006053831147,1.7447842237540523,43.21524945838088
840,6.962991599999441,197.6616245142654,315.93583965451154,38.691217192502776,61.84276903019293,2.8575347499747865,0.19574470910872432,0.03163714352972136,-0.37893037005349584,2.884909725874694,-1.5345419483911726,-0.20745103463955367,1.5485008631399588,33.59025984440719
841,6.967743699999119,197.61194314638863,315.94486689604975,38.681492327599614,61.844536064961886,2.981736823652184,0.19574470910872432,0.021912278626558646,-0.38069740482244896,2.9390895654141973,-1.6119738789852427,-0.37140009281486225,1.6542060982458076,31.097080801541292
842,6.978933200000029,197.56980249802294,315.96300810584836,38.673243518643616,61.84808711079679,3.0065772383876634,0.19574470910872432,0.013663469670561312,-0.3842484506573527,2.9739866981780545,-1.1656286979838544,-0.376712929493009,1.224990976624212,9.004495661190276
843,6.983840200000486,197.53079443554088,315.98750190439176,38.665607896800175,61.85288164226764,3.011545512069623,0.19574470910872432,0.00602784782712007,-0.38904298212820265,3.005027327733756,-1.1889788239860573,-0.6441848030572498,1.352273901388759,6.672820549674029
844,6.995135900000605,197.4986234440903,316.00866289064874,38.659310595436935,61.85702379336696,3.0125391668060146,0.19574470910872432,-0.00026945353612006784,-0.3931851332275258,3.011235453644896,-0.836077677794589,-0.6821138998894303,1.0790297751817417,5.1081625379582665
845,6.999967600000673,197.47276224529992,316.0379857299864,38.65424840260251,61.86276358402336,3.012737897753293,0.19574470910872432,-0.005331646370542842,-0.398924923883925,3.06906479397605,-0.8467545062965993,-0.7658560472486418,1.1417218045745257,6.645608573664649
846,7.010669999999664,197.45734766581717,316.06868527527,38.65123108022563,61.868772857584666,3.0127774532078853,0.19574470910872432,-0.008348968747426966,-0.40493419744522896,3.1073574610535113,-0.5733374809532796,-0.6547128729744973,0.8702670929688038,6.031412258647445
847,7.015194399999018,197.43907446528243,316.0856985404972,38.64765419790247,61.872103114237554,3.295723940043433,0.19574470910872432,-0.011925851070586191,-0.4082644540981164,3.15624798909791,-0.5335729465571392,-0.7963698066035997,0.9585953046867705,8.569728202571895
848,7.026410099999339,197.42824624693583,316.10984168834693,38.64553463145205,61.87682900769037,3.203008847456929,0.19574470910872432,-0.014045417521003856,-0.4129903475509309,3.19275289371802,-0.33585655950331894,-0.6490130182751733,0.730765028208149,6.397747508793485
849,7.031235099999321,197.41940515914607,316.1363395114422,38.64380403529444,61.88201581636417,3.2569918070280073,0.19574470910872432,-0.01577601367861803,-0.4181771562247292,3.2566415897909677,-0.3175715935256332,-0.6744001416385182,0.745430927756867,6.921056765248655
850,7.042758699999467,197.41592459300918,316.1628995751262,38.643122732888436,61.887214808303895,3.195262420853844,0.19574470910872432,-0.016457316084618867,-0.4233761481644578,3.269419329005557,-0.17225385171099408,-0.5748518127127396,0.6001049874883525,5.1740012851756605
851,7.047991800000091,197.4108315816019,316.18130411741436,38.642125802852036,61.89081740008037,3.3322209335726245,0.19574470910872432,-0.017454246121019423,-0.42697873994093527,3.3018357548391974,-0.14470823736237584,-0.5536707108753107,0.5722689315712479,5.824882142447011
852,7.058538499999486,197.40738395130867,316.19414499908015,38.64145094746317,61.89333093472674,3.3596126361163807,0.19574470910872432,-0.018129101509885004,-0.42949227458730377,3.3236747223789727,-0.07143868274405003,-0.3562058435124869,0.3632988967016654,3.300346986258278
853,7.063797000000704,197.40600705960452,316.2026195017232,38.641181428197065,61.89498977378145,3.365090976625132,0.19574470910872432,-0.018398620775990082,-0.4311511136420094,3.3579033938776504,-0.04492268635954021,-0.2823549500934072,0.28590621817653444,3.133506797108429
854,7.074865200000204,197.40644103492065,316.20757626214953,38.641266376569085,61.895960033409224,3.366186644726882,0.19574470910872432,-0.01831367240396986,-0.43212137326978706,3.364749128177386,0.0036748778546200137,-0.14399877752896106,0.1440456617086457,1.8996023692156994
855,7.07985059999919,197.4083119188864,316.2096623150491,38.64163259220673,61.89636836722724,3.3664057783472323,0.19574470910872432,-0.017947456766322034,-0.43252970708780225,3.366118275037333,0.08534032451829265,-0.08299278571033983,0.11904105791217537,1.4876962999491288
856,7.0908144999993965,197.41125156370597,316.2094742945826,38.64220801212682,61.89633156321571,3.366449605071302,0.19574470910872432,-0.017372036846232675,-0.4324929030762732,3.366392104409323,0.11163639928583807,-0.02601063244221999,0.11462651807305033,0.1860545088391948
857,7.095721100000446,197.4198828982507,316.2078022284308,38.643897550196506,61.89600426511322,3.366458370416116,0.19574470910872432,-0.015682498776548925,-0.43216560497378254,3.3664468702837205,0.1199387535691846,0.0005465832624840551,0.11993999900363689,0.2695613779185661
858,7.106682199999341,197.42437532661347,316.2095128129671,38.644776919279565,61.89633910298568,3.366460123485079,0.19574470910872432,-0.014803129693490291,-0.4325004428462407,3.3664578234586,0.1344486399742823,0.01985067404945668,0.13590616634704972,5.169596563893229
859,7.122400899999775,197.42832512437798,316.2058892506051,38.64555007129402,61.895629809825195,3.3664604740988717,0.19574470910872432,-0.014029977679037131,-0.4317911496857576,3.3827430112249237,0.12523343090351627,0.0005087859268890875,0.1252344644216806,7.582479238872429
860,7.127176800000598,197.43188749447341,316.20553267642083,38.64624738639208,61.89556001231522,3.36646054422163,0.19574470910872432,-0.013332662580971544,-0.431721352175785,3.501065013072622,-0.03595946293882708,-0.05608455661196584,0.06662252220690598,15.977460265452917
861,7.1386521000003995,197.4322631028664,316.211005361488,38.64632090974771,61.896631261461735,3.44787554390292,0.19574470910872432,-0.013259139225347383,-0.4327926013222978,3.639794377736595,-0.0939727860699457,-0.08329953138508805,0.12557745199964462,19.489749684487645
862,7.143246600000566,197.42142789729863,316.21608141849697,38.644199975585714,61.897624872764375,3.9580683796546077,0.19574470910872432,-0.015380073387341042,-0.43378621262493766,3.832699361692339,-0.21926564701597165,-0.20143027014271503,0.29774414803837845,27.820520071765667
863,7.15484749999996,197.40899161787934,316.2259563897805,38.64176563968839,61.899557846145726,4.060106946804945,0.19574470910872432,-0.01781440928466793,-0.43571918600628834,4.036439545800382,-0.33132250758109094,-0.2386575296986314,0.40832832440534317,25.400579875660974
864,7.159289400000489,197.39589185588585,316.2383357160975,38.63920143058758,61.90198103377461,4.330985393877591,0.19574470910872432,-0.020378618385471725,-0.4381423736351735,4.226063772807538,-0.5288792172521295,-0.2851103150972656,0.6008336859864694,27.449207220016778
865,7.170840299999327,197.37144534556325,316.24845722004,38.63441615553576,61.90396226461958,4.385161464761847,0.19574470910872432,-0.02516389343729486,-0.4401236044801422,4.372472657515609,-0.5469739234194798,-0.24856283503180157,0.6008027595309009,19.962469899773847
866,7.1756499000002805,197.3473321615861,316.25645787190456,38.62969612735247,61.90552834989148,4.3959966789386975,0.19574470910872432,-0.029883921620587728,-0.4416896897520459,4.479883172860545,-0.6722891010188663,-0.31345584687688766,0.7417730133201546,18.006437345742057
867,7.186526999999842,197.31665329186137,316.2583207057691,38.62369090092242,61.90589298976442,4.690112803194967,0.19574470910872432,-0.03588914805063581,-0.44205432962498037,4.5293998676043365,-0.6226091123379947,-0.24750715976771143,0.6700014185825169,10.633344987759443
868,7.191401899999619,197.29582286886378,316.27055094060245,38.61961345583214,61.90828699352421,4.597159523529618,0.19574470910872432,-0.03996659314091744,-0.44444833338476997,4.567337721933954,-0.6860165402953525,-0.49560989396671656,0.8463142800145257,8.656779731712847
869,7.202729599999657,197.27679080022375,316.28303843095136,38.61588802909246,61.91073135369005,4.578568867596549,0.19574470910872432,-0.04369201988059501,-0.4468926935506161,4.633315109084057,-0.5357661056200638,-0.5728172025909464,0.7843244657126327,5.3441135602690615
870,7.20745530000022,197.2591352916087,316.31712801594097,38.61243205669444,61.91740420958748,4.574850736409935,0.19574470910872432,-0.04714799227861732,-0.4535655494480437,4.6465105865140774,-0.5953541813829395,-0.940823119541303,1.1133708921799506,8.321811847118607
871,7.218890199999805,197.24569202602717,316.3587009492977,38.60980060858371,61.92554189133419,4.725883614689214,0.19574470910872432,-0.04977944038934368,-0.461703231194754,4.712480751946371,-0.4844638549064559,-0.9251560708926562,1.0443270475384427,8.126441601748601
872,7.222826499999428,197.22859829947555,316.39637689748065,38.60645460205228,61.932916758851654,4.75609019034507,0.19574470910872432,-0.05312544692077381,-0.46907809871221673,4.789005854979118,-0.5564095113264906,-1.0579872256808092,1.1953779795522248,11.257034729259647
873,7.23438139999962,197.21195380460523,316.42074186841313,38.60319653024563,61.93768607299928,4.927010350691084,0.19574470910872432,-0.0563835187274222,-0.4738474128598398,4.8676419455319575,-0.44912173314897647,-0.8451601102731802,0.9570819939711093,12.192517148266282
874,7.2383229000006395,197.19808809104387,316.4384603084119,38.60048239017798,61.941154363882696,4.961194382760287,0.19574470910872432,-0.05909765879507489,-0.47731570374325827,4.952295097480415,-0.5712496054931337,-0.8529957190675587,1.0266098618869988,13.494088263157607
875,7.249816899999132,197.18664513067114,316.45888875874357,38.598242491228476,61.94515312495041,4.968031189174129,0.19574470910872432,-0.061337557744579385,-0.4813144648109713,5.038151738001943,-0.5048939766461371,-0.5146096389733418,0.720930654208727,9.779134392168809
876,7.254143799998928,197.16806020844905,316.4754857394906,38.594604591034305,61.94840189611882,5.149149374431506,0.19574470910872432,-0.06497545793875048,-0.48456323597937967,5.091273307195117,-0.7322217517505518,-0.5685783148322439,0.9270544718807633,16.05072118534718
877,7.266410700000051,197.13558194664353,316.48686765069294,38.588247143124825,61.95062984501622,5.185373392952708,0.19574470910872432,-0.07133290584823015,-0.4867911848767861,5.101897697327696,-0.6429636538460498,-0.46888955130306564,0.7957761440808924,16.65363239661105
878,7.270823499999096,197.10360144979563,316.50225585310295,38.58198713007218,61.953642004220676,5.192618196656948,0.19574470910872432,-0.07759291890087638,-0.4898033440812384,5.2703050002809695,-0.8909895931909795,-0.7055874395929108,1.1365368846130366,26.55564011663064
879,7.282098499999847,197.0896439537575,316.5242303451117,38.57925502407031,61.95794339476674,5.014316333423187,0.19574470910872432,-0.08032502490274851,-0.49410473462729954,5.546451747126507,-0.8827952441671715,-0.6242636321756152,1.0812180749419924,28.937495775139414
880,7.286285099999077,197.0589519735468,316.556983794774,38.573247231332,61.964354709243196,5.810067703940497,0.19574470910872432,-0.0863328176410576,-0.5005160491037586,5.785003087462411,-1.2898924667211755,-0.9861705287921229,1.623685587656112,50.59404027705576
881,7.298282600000675,197.009931474832,316.57808109273645,38.5636517280707,61.96848439369584,6.5298831086591935,0.19574470910872432,-0.09592832090235248,-0.5046457335564014,6.075178565490529,-1.1806036466568213,-0.9856949338906608,1.537992026376307,48.535127633281775
882,7.3019736999995075,196.96177623418652,316.6156277560943,38.55422559449849,61.97583395439282,6.37813009463223,0.19574470910872432,-0.10535445447456482,-0.5119952942533814,6.47805779256588,-1.9038481096893247,-1.2559545155903373,2.280802352243476,58.203845245804615
883,7.313968399999794,196.90833269990407,316.6573096489845,38.54376430542663,61.98399296439172,6.64349558679754,0.19574470910872432,-0.11581574354642754,-0.52015430425228,6.812335725383294,-1.8111865221844319,-1.1396144321830466,2.1398873036172783,53.798346933388196
884,7.3175164999993285,196.8383922264897,316.6887185865625,38.53007382780321,61.990141097741336,7.028712468799938,0.19574470910872432,-0.1295062211698479,-0.526302437601899,7.070763501277831,-1.857503993188776,-1.2330124093088477,2.2294933698537562,57.009064850044645
885,7.330008999999336,196.77637814695447,316.74932808414064,38.517934899843944,62.00200508621399,7.4814573680275664,0.19574470910872432,-0.1416451491291113,-0.5381664260745538,7.507404348204785,-2.508419523196574,-1.496426596612349,2.9208664918825966,65.51502354871013
886,7.344727800000328,196.698824761348,316.81032549027344,38.502754234938,62.013945005733845,7.822021988131881,0.19574470910872432,-0.15682581403505225,-0.5501063455944077,8.099687656750332,-2.676524508001208,-1.5487990188098473,3.09233921855243,70.64280701259091
887,7.348549899999853,196.58541175674324,316.8749217656348,38.4805542393425,62.02658938486396,8.561334329267002,0.19574470910872432,-0.17902580963055215,-0.5627507247245234,8.679418503640107,-3.074105126804332,-2.1289154670717467,3.7393052023847946,101.27913657266225
888,7.361021999999139,196.47628610568972,316.9349474824243,38.45919347052073,62.03833910133597,9.604912129525276,0.19574470910872432,-0.20038657845232422,-0.574500441196534,9.346772143721186,-3.257862198872372,-2.130683809653333,3.892747051063088,105.53310673597801
889,7.364492999999129,196.3726153801822,317.0171078422858,38.43890047451317,62.05442155707732,9.927366703248806,0.19574470910872432,-0.2206795744598864,-0.5905828969378817,10.131277799105566,-4.048492460901189,-2.4300167151939918,4.721786996688432,130.1364092309096
890,7.377297200000612,196.2489537107682,317.07980796643085,38.41469435700583,62.066694774639174,10.818225568432965,0.19574470910872432,-0.24488569196722665,-0.6028561144997369,10.85115668286799,-3.2504820272940105,-1.9167212081418712,3.7735200542069753,110.98682647614055
891,7.381245500000659,196.14841243892252,317.1263591571351,38.39501393499497,62.075806923922244,11.744550265053782,0.19574470910872432,-0.26456611397808416,-0.6119682637828063,11.495742048243521,-4.079679861713245,-2.02002055647206,4.552391769459027,124.80544519945167
892,7.393527799998992,196.03432219542398,317.1729014347916,38.372681373469206,62.08491732852337,12.160728748079118,0.19574470910872432,-0.2868986755038492,-0.6210786683839302,12.182699740215112,-3.2465570660874206,-1.131052588295739,3.437937279947476,83.67592692896757
893,7.397519000000102,195.9148648811314,317.20264155742836,38.349298236232094,62.09073880017777,12.827838956402934,0.19574470910872432,-0.31028181274096056,-0.6269001400383303,12.67202410941998,-3.782565644606929,-1.3400948638117616,4.012936219250849,81.55276798890532
894,7.410323500000231,195.8049147981637,317.2149746593766,38.327776089225104,62.09315293963103,13.36215516310676,0.19574470910872432,-0.3318039597479512,-0.6293142794915951,12.932846594344937,-2.997354818391417,-1.0168653735418007,3.1651462991846917,50.78420222880147
895,7.4140277999995305,195.7184215401171,317.25289375029337,38.31084549158891,62.1005754010522,13.264847414457291,0.19574470910872432,-0.34873455738414805,-0.6367367409127596,13.101785993673678,-3.084204890224344,-1.2119218961218867,3.3137704336877998,44.80919993347369
896,7.426134400000592,195.65295590993162,317.2956758301515,38.29803094085163,62.10894976682909,13.048662689678569,0.19574470910872432,-0.36154910812142305,-0.6451111066896544,13.215752706547239,-2.0472456457928465,-0.9368440005186449,2.2514198665565575,21.28464888059673
897,7.430328299999019,195.60469481854736,317.3324638794129,38.288584087557346,62.11615083283045,13.005425744722825,0.19574470910872432,-0.37099596141570856,-0.6523121726910119,13.325027677539918,-2.137865822878247,-0.800918516614614,2.2829675308438,18.820351601696874
898,7.44292139999925,195.56134139872864,317.3378156768845,38.280097885006064,62.11719841886973,13.397672520770737,0.19574470910872432,-0.3794821639669905,-0.6533597587302893,13.387716869736503,-1.3607680441272376,-0.39923701377018034,1.4181254750839218,10.963281015290702
899,7.447250699999131,195.5141451641353,317.3269542243969,38.270859471794566,62.11507234701205,13.908530018070165,0.19574470910872432,-0.3887205771784892,-0.6512336868726152,13.42255954826371,-1.1869685888434536,-0.4914724027112512,1.2846943424518495,5.536093481524915
900,7.458424599999489,195.4750405024596,317.32668789691957,38.26320494117006,62.11502021481747,13.578293375440206,0.19574470910872432,-0.3963751078029958,-0.6511815546780326,13.493189125228916,-0.7317272247750167,-0.20011562125743176,0.7585980446509176,-2.6655442317376177
901,7.462151699999595,195.4714327025192,317.3486397476674,38.2624987334202,62.1193171734565,13.222876082314604,0.19574470910872432,-0.3970813155528532,-0.655478513317064,13.427136207614145,-0.5989480275884412,-0.39530418067492473,0.7176378857133713,-8.822471609447145
902,7.474181199999293,195.47288823544426,317.3646333866239,38.262783646289215,62.12244784366163,13.35857362954886,0.19574470910872432,-0.3967964026838402,-0.658609183522195,13.24726516266541,-0.162192321576974,-0.5476817985419136,0.571193226178877,-10.061076857674745
903,7.477817799999684,195.47270280226928,317.3843102021247,38.26274734872632,62.126299476188024,13.067407932696883,0.19574470910872432,-0.39683270024673334,-0.6624608160485863,13.153416960755742,0.21662608234907516,-0.6779750271904417,0.7117422265453893,-5.091327101707388
904,7.489993299999696,195.47580356921966,317.40115414965226,38.26335430745104,62.129596589797046,13.009174793326487,0.19574470910872432,-0.3962257415220165,-0.6657579296576088,13.176003521545681,0.2990475306099666,-0.4463645020902402,0.5372808337268201,1.4393457586719611
905,7.493442699998923,195.49710946164086,317.4125520261826,38.26752482316533,62.13182766382294,13.10905236589186,0.19574470910872432,-0.3920552258077237,-0.6679890036835019,13.283520253869684,0.30792897478245845,-0.05628939625901319,0.313031547358697,11.455885592889961
906,7.506044899999324,195.5114424349903,317.41222003779563,38.27033042686428,62.1317626788527,13.33580888626431,0.19574470910872432,-0.3892496221087782,-0.6679240187132649,13.471684061760268,0.31053719554270137,0.2797264538298733,0.4179476507743071,17.726182118939345
907,7.5099962999993295,195.51281696861085,317.378102311695,38.27059948454799,62.12508431448168,13.89615729116888,0.19574470910872432,-0.38898056442506146,-0.6612456543422454,13.610497548436037,0.3936302869355345,0.4668093409135502,0.610619164092558,17.951365056044857
908,7.522461599999588,195.51301182882264,317.3385593914003,38.27063762740347,62.117343997051286,14.008226972149792,0.19574470910872432,-0.38894242156958825,-0.6535053369118486,13.679616446943067,0.2220504868577923,0.5982359383840956,0.6381164914716451,11.766514355746297
909,7.527098900000055,195.52403542790879,317.32281428632666,38.272795438599914,62.11426197603876,13.703242226705349,0.19574470910872432,-0.38678461037314094,-0.6504233158993245,13.693440226644473,0.340546239370397,0.475121499302318,0.5845615281975048,8.804989010255076
910,7.538363499999832,195.54424356767055,317.32221968486294,38.27675107503921,62.114145585948215,13.454646858427008,0.19574470910872432,-0.3828289739338473,-0.6503069258087777,13.696204982584756,0.3064037546025302,0.09150672923081797,0.31977608154621223,2.9404454626620145
911,7.542844399999012,195.56290262775747,317.3361930437743,38.280403487328165,62.11688079702359,13.40492778477134,0.19574470910872432,-0.3791765616448899,-0.653042136884153,13.696757933772814,0.2483845600608946,0.05829086094663298,0.25513273828841304,8.267597110734243
912,7.554138499999681,195.5569816078671,317.34934519697873,38.2792444790121,62.119455261426744,13.909981070870284,0.19574470910872432,-0.3803355699609554,-0.6556166012873064,13.762348260338548,0.14213127244459145,-0.03371903467337479,0.14607625373763847,9.749808249222806
913,7.557746799999222,195.55169047032615,317.340960261647,38.27820876683329,62.117813954699336,14.010991728090074,0.19574470910872432,-0.38137128213976723,-0.6539752945598991,13.87846574581771,0.06439878170161893,-0.003125128973977556,0.06447456487450508,10.034321670836336
914,7.569892899999104,195.54759821572605,317.3282667988102,38.277407729646995,62.11532927650877,14.031193859534032,0.19574470910872432,-0.38217231932605955,-0.6514906163693297,14.00468866307956,-0.115619676277639,0.2232014125068106,0.25136980743037035,10.244163763867348
915,7.585027499999342,195.54469832102137,317.31564061327674,38.27684009060158,62.11285776749437,14.035234285822824,0.19574470910872432,-0.3827399583714737,-0.6490191073549312,14.02993324653193,-0.11331258798030469,0.23907690147279856,0.2645704205171631,9.098432992204032
916,7.589333199999601,195.54282893816548,317.30417565624884,38.276474168798245,62.110613562816,14.036042371080582,0.19574470910872432,-0.38310588017480995,-0.6467749026765617,14.034982163222406,-0.11023035158160646,0.02224111013850011,0.11245175583332376,2.671880924124281
917,7.6021424999999,195.53686842838903,317.31389791796846,38.27530743054591,62.11251664410818,14.036203988132133,0.19574470910872432,-0.384272618427147,-0.6486779839687458,14.035991946560497,-0.11286378399971674,-0.06131441373663923,0.1284433379767222,0.5941435028691162
918,7.60635849999926,195.5310181019703,317.3274521406249,38.274162260102884,62.11516981147927,14.036236311542444,0.19574470910872432,-0.3854177888701713,-0.6513311513398321,14.036193903228115,0.03869905131217402,-0.2420924763640012,0.2451660328930514,0.2609131064179754
919,7.618357999999716,195.52616806919374,317.3405223979492,38.27321289184787,62.117728245197185,14.036242776224505,0.19574470910872432,-0.38636715712518566,-0.6538895850577475,14.036234294561641,0.07248115194323716,-0.3127412827135262,0.32103057066316965,0.02642050403738878
920,7.622718299999178,195.5422132514293,317.35701933239744,38.27635365137717,62.120957432831936,14.036244069160919,0.19574470910872432,-0.38322639759588384,-0.657118772692499,14.036242372828346,0.22782547031424877,-0.3676966709825792,0.43255668619913823,0.01066764851642533
921,7.633542199999283,195.546853972037,317.34773109042357,38.27726204788258,62.11913930860863,14.0362443277482,0.19574470910872432,-0.382318001090475,-0.6553006484691934,14.036243988481687,0.34196226924499107,-0.2867948916744835,0.44630651292330753,0.0010882669501985054
922,7.6383102999989205,195.5635552288491,317.3580433072739,38.28053123053901,62.12115787049626,14.036244379465657,0.19574470910872432,-0.37904881843404326,-0.6573192103568246,14.036244311612355,0.514137141082716,-0.36422915245522497,0.630079261156055,0.0004156825428464006
923,7.650001899999552,195.58141767684117,317.3714703605099,38.28402771022519,62.12378614512613,14.036244389809148,0.19574470910872432,-0.3755523387478661,-0.6599474849866951,14.036244376238487,0.35140955096608895,-0.23552117719770313,0.42303533826239637,4.518962600736001e-05
924,7.654088699999193,195.59773936794076,317.38400528543997,38.28722259490164,62.12623979036027,14.036244391877847,0.19574470910872432,-0.3723574540714125,-0.6624011302208359,14.036244389163716,0.23841292375006762,-0.3005995816459944,0.38366760444009657,1.536120100546892e-05
925,7.665764499999568,195.5921724213309,317.3897940459694,38.28613289455687,62.1273729096062,14.036244392291586,0.19574470910872432,-0.3734471544161835,-0.663534249466764,14.036244391748761,0.13265306579547848,-0.23922834931209352,0.27354531430738965,1.8091076894557795e-06
926,7.669897800000399,195.58201451036203,317.3931180671564,38.28414453722912,62.12802356916653,14.036244392374334,0.19574470910872432,-0.3754355117439374,-0.6641849090270924,14.03624439226577,0.015397348337269572,-0.2086790914653529,0.20924636568080304,7.044540115299902e-07
927,7.6816398999999365,195.59142266445573,317.4001059938399,38.28598613361544,62.12939141884245,14.036244392390884,0.19574470910872432,-0.3735939153576169,-0.665552758703015,14.036244392369172,-0.10669102350642282,-0.10641622117593308,0.1506897031194009,7.199389537148363e-08
928,7.686448000000382,195.58436765952214,317.40187586369433,38.28460515372695,62.12973786150228,14.036244392394194,0.19574470910872432,-0.3749748952461047,-0.6658992013628406,14.036244392389852,0.03709373661106244,-0.13639781144998253,0.1413517182920528,2.7756632813954253e-08
929,7.697430300000633,195.59397933553484,317.4068730796931,38.28648658845211,62.13071604009431,14.036244392394856,0.19574470910872432,-0.3730934605209484,-0.666877379954876,14.036244392393987,0.10838637764804566,-0.10201573105449259,0.14884494026418008,2.742421316035959e-09
930,7.701268799999525,195.60624706166692,317.411715828517,38.28888793093525,62.13166398255413,14.036244392394988,0.19574470910872432,-0.3706921180378018,-0.6678253224146928,14.036244392394815,0.1449137189360512,-0.10048392260311277,0.17634342810999565,9.827623255177122e-10
931,7.714285899999595,195.59796145413742,317.4107521382816,38.2872660670996,62.13147534528933,14.036244392395014,0.19574470910872432,-0.37231398187345377,-0.667636685149894,14.03624439239498,0.23600352085405973,-0.09475453706747253,0.25431493104099023,-0.8926297885096681
932,7.718627899999774,195.60549164527265,317.4131662450196,38.2887400621729,62.13194789391052,14.03624439239502,0.19574470910872432,-0.3708399868001564,-0.6681092337710837,14.036244392395014,0.3068495449715972,-0.10029008885082522,0.32282308649008157,-1.4857149959742315
933,7.7304323999996996,195.6156368273338,317.41578393186035,38.29072592788431,62.132460292259694,14.036244392395021,0.19574470910872432,-0.36885412108874505,-0.6686216321202565,13.983559150695802,0.28840750452933644,-0.14123983971770654,0.32113483304108054,-1.5197065710398339
934,7.7339857000006305,195.62517690702876,317.4179031973206,38.29259334800908,62.13287512726073,14.036244392395021,0.19574470910872432,-0.36698670096397734,-0.6690364671212947,13.97302210235596,0.4056179229187079,-0.18405978688236518,0.44542553198045187,-1.5397327955207927
935,7.7463852999990195,195.65896451484312,317.44651681495515,38.299207093472184,62.13847609152116,13.772818183898927,0.19574470910872432,-0.36037295550087123,-0.6746374313817256,13.970914692687991,0.2634655444392568,-0.20638547575478028,0.3346775428815041,-1.5412118870916764
936,7.750594600000113,195.6688877046385,317.4508091964146,38.30114950537211,62.13931630248132,13.983559150695802,0.19574470910872432,-0.35843054360094584,-0.6754776423418818,13.970493210754396,-0.007952180493465605,-0.12483698007416857,0.12509000267263176,2.2475128333054277
937,7.761993000000075,195.64726724476316,317.46364681814663,38.296917414743014,62.14182919901291,14.025707344055178,0.19574470910872432,-0.3626626342300412,-0.6779905388734733,13.970408914367678,-0.11476000209446603,-0.08238015999762269,0.1412669417873685,3.0121018218182325
938,7.765630199999578,195.62517664395446,317.45687697553274,38.29259329651368,62.14050403813974,14.034136982727052,0.19574470910872432,-0.3669867524593755,-0.6766653780003011,14.023077296789552,-0.22975610032323746,-0.1512377371821687,0.2750649355765367,7.156886475088752
939,7.77791409999918,195.62464361777572,317.4508815363637,38.29248895945937,62.13933046264361,14.035822910461427,0.19574470910872432,-0.36709108951368563,-0.6754918025041761,14.033610973273928,-0.3244545782470715,-0.1636250671250157,0.36337850230462304,7.4025139724483875
940,7.781395399999383,195.6239038243658,317.46503819414954,38.29234414881355,62.142101553503856,14.036160096008302,0.19574470910872432,-0.3672359001595069,-0.678262893364419,14.10516549299463,-0.2574547462885919,-0.15957459171070618,0.3028976670530194,7.442624981098448
941,7.7940822999989905,195.6231237832399,317.48198983418195,38.29219145989026,62.14541974735092,14.036227533117678,0.19574470910872432,-0.36738858908279326,-0.6815810872114838,14.11947639693877,-0.0831691144743672,-0.5861707581337361,0.5920416026712391,4.577969629607732
942,7.808899999999994,195.6203767404877,317.49714540776426,38.29165374080583,62.14838637069317,14.383479942658694,0.19574470910872432,-0.3679263081672275,-0.6845477105537299,14.1223385777276,-0.08476351194653883,-0.6454457818937198,0.65098779583177,5.855702073612508
943,7.812541499999497,195.61447147394028,317.53004807069107,38.29049781612329,62.15482689287668,14.105691502447755,0.19574470910872432,-0.36908223284976316,-0.6909882327372401,14.122911013885364,0.12409257002707698,-0.6049714536741574,0.6175673450697893,-0.8655187813620708
944,7.8254663000006985,195.61338425642452,317.5433091368134,38.29028499904693,62.15742267640726,14.050133814405568,0.19574470910872432,-0.36929504992612294,-0.6935840162678204,14.216566455706761,0.132858551833377,-0.5437063537282825,0.5597034874643594,-1.2596882647100114
945,7.829352000000654,195.63328838588347,317.55509303127366,38.294181127077934,62.159729311400554,14.03902227679713,0.19574470910872432,-0.365398921895121,-0.6958906512611165,14.165849759647214,0.39094259311263013,-0.35261094835475626,0.5264699345729708,-1.4100678871144805
946,7.84138669999993,195.63524317801384,317.55233984717387,38.29456376729486,62.159190390179816,14.504504742224661,0.19574470910872432,-0.36501628167819433,-0.6953517300403789,14.155706420435305,0.5020455330839886,-0.07132400931766812,0.5070866115317314,-1.4478156612750654
947,7.845017499999813,195.65850561872222,317.5383306282974,38.29911726698448,62.156448159706,14.12989646236095,0.19574470910872432,-0.3604627819885735,-0.692609499566565,14.153677752592923,0.42068705357624553,-0.3002927020869208,0.5168687492713474,-8.167973027930197
948,7.8578811999996105,195.6741517037528,317.5621339266056,38.30217990534749,62.16110752940917,14.054974806388207,0.19574470910872432,-0.3574001436255685,-0.6972688692697346,14.153272019024447,0.2432558540436898,-0.26551768138560033,0.3601014435612694,-5.861116400268455
949,7.861433599999145,195.66647036002024,317.5865555153428,38.300676322952995,62.165887926192504,14.039990475193658,0.19574470910872432,-0.3589037260200598,-0.7020492660530664,14.059649917720908,0.38988201509220105,-0.3142091620844059,0.500734843235559,-5.893918521170314
950,7.873769699999684,195.67375107389176,317.61300850774194,38.30210148417188,62.17106595949473,14.036993608954749,0.19574470910872432,-0.3574785648011769,-0.7072272993552957,14.040925497460199,0.23301523044936623,-0.5367943707759851,0.585187400853912,-5.7944831344705205
951,7.877489099999366,195.68828563834597,317.61678362107614,38.30494654826299,62.17180491795619,14.036394235706966,0.19574470910872432,-0.35463350071006516,-0.70796625781675,14.037180613408058,0.07159335900165477,-0.6112672220881243,0.6154455506805392,-5.796545734776841
952,7.889655400000265,195.71748538053376,317.63901341015185,38.31066224330359,62.17615628155236,14.03627436105741,0.19574470910872432,-0.3489178056694655,-0.7123176214129217,14.03643163659763,0.09746144154092948,-0.3711017218188087,0.3836863569689708,-0.5261044643474373
953,7.893234400000438,195.70708130607093,317.652444392577,38.308625700774314,62.17878532530022,14.036250386127499,0.19574470910872432,-0.3509543481987407,-0.714946665160781,14.036281841235544,0.08048246373661927,-0.4042212259299391,0.4121555852604925,-0.22284586917967097
954,7.905720700000529,195.68833267392984,317.6616844013669,38.30495575522967,62.18059400813296,14.036245591141517,0.19574470910872432,-0.35462429374338456,-0.7167553479935194,14.036251882163127,-0.0001247516981836838,-0.4087208552548437,0.40872087429349274,-0.02149370624876934
955,7.909554800000478,195.68893268630472,317.6731496770019,38.30507320447745,62.18283827517698,14.03624463214432,0.19574470910872432,-0.354506844495603,-0.7189996150375393,14.036245890348644,-0.026072884682001057,-0.41591458423757455,0.41673101240147153,-0.00919286894604381
956,7.922746500000358,195.71332127582423,317.68805518048094,38.30984714183852,62.1857559486196,14.03624444034488,0.19574470910872432,-0.34973290713453764,-0.7219172884801637,14.036244691985747,0.09569716252275094,-0.2866469343667186,0.3021992916880245,1.6102300188389687
957,7.92692150000039,195.7205742764756,317.6964507458038,38.311266878341186,62.18739933611153,14.036244401984993,0.19574470910872432,-0.34831317063186873,-0.7235606759720952,14.036244452313166,-0.05744102813414842,-0.23820616409300877,0.2450339738179452,7.960361205387368
958,7.938533900000039,195.7229368430447,317.7016853182869,38.311729338247005,62.18842397597954,14.036244394313016,0.19574470910872432,-0.3478507107260498,-0.7245853158401019,14.129785358968494,-0.07628725884470375,-0.06778214752635028,0.10204981815428553,9.902917258241942
959,7.942069499998979,195.70379787042913,317.69992694480607,38.30798298561973,62.188079783674034,14.03624439277862,0.19574470910872432,-0.3515970633533243,-0.7242411235345969,14.242034494889403,-0.1514645196872979,0.15968543224625795,0.2200930212337004,11.073082027209608
960,7.954013500000656,195.6999172105272,317.683648728389,38.307223366976075,62.18489340893667,14.50394916542096,0.19574470910872432,-0.3523566819969801,-0.7210547487972292,14.35802527666343,-0.27277817383503056,0.3091805375382748,0.41231121366418194,11.148905715781462
961,7.957978500000536,195.69963369105955,317.6650909540699,38.30716786954036,62.18126082280087,14.597490119949427,0.19574470910872432,-0.3524121794326973,-0.7174221626614354,14.381223433018235,-0.07696530080293196,0.2662985312193801,0.2771977006709921,4.579053615853667
962,7.970218299999033,195.68296887808714,317.6429649382245,38.30390582057272,62.176929772265474,14.616198310855122,0.19574470910872432,-0.355674228400332,-0.7130911121260368,14.385863064289197,0.15330099944848902,0.22643720486748037,0.2734501859207686,-3.585171804133558
963,7.9739535999997315,195.70241183622102,317.64874019695844,38.30771167675685,62.17806024860638,14.152235176087041,0.19574470910872432,-0.3518683722162024,-0.7142215884669412,14.293250035953546,-0.028695813696734074,0.16294170276242767,0.16544923155710636,-6.787087190020551
964,7.986305099999299,195.70819954719002,317.6551736356654,38.30884459055688,62.179319560194635,14.059442549133426,0.19574470910872432,-0.3507354584161746,-0.7154809000551978,14.181186475696572,-0.09116414999662147,-0.018822351324386505,0.09308696554290043,-6.562667276068387
965,7.989863599999808,195.6905005093561,317.65609534983435,38.30538009754458,62.179499980866524,14.040884023742702,0.19574470910872432,-0.3541999514284768,-0.7156613207270865,14.158773763645177,-0.053462596778052957,0.052289700244108187,0.07478276543342968,-0.539972608111257
966,8.002635799999553,195.66920715858902,317.6556162446851,38.30121203679273,62.17940619856845,14.037172318664558,0.19574470910872432,-0.3583680121803283,-0.7155675384290134,14.247832175824742,-0.2554345426746382,0.1266238663643053,0.2850971924176859,6.714952090135036
967,8.006287599999268,195.66775192392458,317.6423815391986,38.30092718230665,62.17681557499285,14.504134750598148,0.19574470910872432,-0.3586528666664037,-0.7129769148534137,14.359184812850497,-0.27050650924057074,0.15297831057729278,0.31076701087567454,10.277210222114432
968,8.019240600000558,195.66834941896943,317.63781401272934,38.3010441388004,62.175921505852784,14.597527236984865,0.19574470910872432,-0.3585359101726553,-0.712082845713347,14.5078933285369,-0.05911651359509222,0.26131930862286673,0.267922644132167,8.327655079537754
969,8.033348700000715,195.66952876099236,317.6356650510339,38.30127498876162,62.17550085797083,14.61620573426221,0.19574470910872432,-0.3583050602114355,-0.7116621978313944,14.631175833676133,-0.09149836515728368,0.2934747978310044,0.3074075597450468,5.109304369678938
970,8.037641599999915,195.67135710479886,317.6248967925436,38.30163287738817,62.17339302834503,14.784426602174708,0.19574470910872432,-0.35794717158488254,-0.7095543682055947,14.562291380114136,-0.06213012891123951,0.09462999997591942,0.11320331185071286,-0.4598141674624171
971,8.04941030000009,195.64200233161964,317.61478895643666,38.29588683585125,62.17141447290656,14.653584844360724,0.19574470910872432,-0.363693213121806,-0.707575812767125,14.454973534811892,0.0313077550207605,0.032214161799789205,0.0449213506575988,-3.281745180083348
972,8.053729799999928,195.64352136537562,317.62107394809357,38.29618417867194,62.172644726770194,14.159712482788162,0.19574470910872432,-0.36339587030111176,-0.708806066630757,14.466406999442851,0.09688568735853394,0.07857089118953439,0.12474061630941718,-5.283767203591509
973,8.065372999999454,195.67184759598257,317.635531243371,38.30172888844225,62.17547466582878,14.060938010473649,0.19574470910872432,-0.35785116053080657,-0.7116360056893427,14.435796658677637,0.11037254789432688,0.015619745226709322,0.11147230942988841,-0.8877159914962025
974,8.07018699999935,195.68031388874175,317.6290976545928,38.30338612045562,62.17421532486485,14.673373057416995,0.19574470910872432,-0.3561939285174347,-0.7103766647254162,14.429674743112484,0.25207977917638313,0.0883259997175639,0.26710615360886236,8.659213362111277
975,8.081683799999155,195.68917103199988,317.6187459712654,38.30511985938622,62.172189037623156,14.631374898348636,0.19574470910872432,-0.3544601895868382,-0.7083503774837183,14.49789814442328,0.24743630886369172,0.11758097568551888,0.2739525739744871,8.693078206432302
976,8.085746200000358,195.69374280072458,317.6077123106875,38.30601475892535,62.17002925694292,14.622975266534963,0.19574470910872432,-0.35356529004770465,-0.7061905968034807,14.654770668923721,0.06604555878187413,0.34532988338490034,0.35158888519610354,9.532155092577947
977,8.096886499999528,195.69633914256394,317.61559690091406,38.30652297910344,62.17157262376327,14.50082948934215,0.19574470910872432,-0.3530570698696138,-0.7077339636238307,14.686144716060136,-0.0769003627593736,0.34175932777665663,0.3503043018789171,8.242151496140373
978,8.100892500000555,195.68752396410778,317.5972662296231,38.3047974545608,62.16798449184365,14.845300632975853,0.19574470910872432,-0.35478259441225646,-0.70414583170421,14.692419525487418,-0.1369837996677974,0.2823156773768989,0.3137940456162362,2.833692881457539
979,8.112843999999313,195.6649039097281,317.5823838791831,38.30036969859623,62.16507135048592,14.830243293099077,0.19574470910872432,-0.35921035037682714,-0.7012326903464796,14.600133532783031,-0.22520078716398392,0.14915268521622269,0.2701146387119506,-5.9549471247588315
980,8.117008499999429,195.66172081996132,317.5849575420614,38.29974662561576,62.165575131377366,14.66274894548505,0.19574470910872432,-0.3598334233572942,-0.701736471237929,14.512228549818326,-0.18824646886099483,0.034496698384096386,0.1913811778572721,-7.198337793647841
981,8.129635100000087,195.6474782396583,317.5936118220388,38.29695871587739,62.167269160894094,14.161545303013026,0.19574470910872432,-0.36262133309566735,-0.7034305007546564,14.444960663576948,-0.08645736727524359,-0.1692817253095014,0.19008203197548118,-7.557691584403156
982,8.133591100000558,195.6521344524927,317.6079976820722,38.2978701449042,62.170085116881616,14.061304574518623,0.19574470910872432,-0.36170990406885295,-0.7062464567421785,14.431507544092344,0.0392902767324488,-0.1718002268355416,0.17623576193966978,-0.9548637225975751
983,8.145269000000553,195.65680039779113,317.6153478091899,38.298783479009366,62.17152386537619,14.50896120176896,0.19574470910872432,-0.36079656996368925,-0.7076852052367499,14.428816767607534,-0.017161151606803815,-0.1310905946494061,0.13220911137288005,5.659731469618474
984,8.148946100000103,195.66165188167435,317.61100553139903,38.29973313131083,62.170673887473136,14.762977695676058,0.19574470910872432,-0.35984691766222454,-0.7068352273336984,14.521819566900415,0.0157024899589172,-0.1714293498260301,0.1721470016372208,9.902167403824919
985,8.161068199999136,195.63490683638537,317.60589164163883,38.294497930200635,62.16967287060961,14.649295063060993,0.19574470910872432,-0.36508211877242047,-0.7058342104701723,14.666858115040242,-0.0098100370272101,-0.01541826228239522,0.01827456260171401,10.788421586370985
986,8.164965300000404,195.63378240367643,317.6125782570894,38.294277828447115,62.17098174020591,14.626559299477435,0.19574470910872432,-0.3653022205259404,-0.7071430800664729,14.72876240059594,-0.1986487346800716,0.010621621114732737,0.1989324976596293,12.758927225345094
987,8.176978299999973,195.64009309237417,317.608390535952,38.29551311237053,62.17016201595004,14.786497315217753,0.19574470910872432,-0.3640669366025264,-0.7063233558106035,14.74114279994341,-0.33826923606328263,0.007771004266639368,0.338358485299466,8.342872670184747
988,8.180654499999946,195.6238294254373,317.6082591330114,38.292329585616926,62.17013629451966,14.818482629547457,0.19574470910872432,-0.3672504633561289,-0.7062976343802205,14.776515608328525,-0.44538972809375865,-0.00044231198019926456,0.4453899477214546,9.934944218497225
989,8.19309819999944,195.5958682450312,317.59447048393645,38.286856332492,62.167437239417474,14.824879692413397,0.19574470910872432,-0.3727237164810546,-0.7035985792780366,14.816486745933286,-0.39056420678647635,0.07478689814557263,0.39766000522680894,8.106421027717124
990,8.19694139999956,195.57687309763475,317.593655462781,38.28313813289041,62.16727770333848,14.826159104986585,0.19574470910872432,-0.37644191608264777,-0.7034390431990403,14.89306312677455,-0.1735270329639503,0.21573926072631167,0.27686650174408495,8.09334089454152
991,8.209385300000577,195.59070951586375,317.591094224582,38.28584653855175,62.16677635451226,14.826414987501224,0.19574470910872432,-0.3737335104213031,-0.7029376943728209,14.976961014026784,0.07133048099921405,0.2643242683656752,0.27377975886947653,6.180548540768702
992,8.213024999999107,195.61279960186633,317.57672100487594,38.29017055601051,62.16396287280194,15.169379219424073,0.19574470910872432,-0.36940949296254644,-0.7001242126625016,14.980473989914735,-0.04656054941470095,0.2614119630732897,0.2655260800743117,-0.8888849273313228
993,8.225107399999615,195.63491605647243,317.5612945090315,38.2944997349839,62.1609432178603,15.237972065808643,0.19574470910872432,-0.36508031398915364,-0.6971045577208628,14.981176585092324,0.1717901377455899,0.212568760165961,0.2733081214035591,-6.934255036702142
994,8.229037600000083,195.61424964400092,317.55723189141804,38.29045439408634,62.16014798195734,14.842444571853136,0.19574470910872432,-0.3691256548867159,-0.6963093218178997,14.854879573610264,0.030626981462151592,-0.1523152530450088,0.15536392214297387,-13.309717562741021
995,8.241340299999138,195.6220606409807,317.5699720353545,38.291983355418,62.16264179772619,14.829672080874534,0.19574470910872432,-0.36759669355505764,-0.6988031375867507,14.728140984302133,-0.25719888585628,-0.37845324213037823,0.4575785433832168,-13.594166240934118
996,8.245077300000048,195.6127409598057,317.6040332310066,38.29015907713741,62.169309096561,14.194929930090924,0.19574470910872432,-0.3694209718356447,-0.7054704364215638,14.634210655356522,-0.30199138142381143,-0.45809838613960413,0.5486829009892433,-12.759725374065868
997,8.257152300000598,195.59725033394557,317.62609833460715,38.28712686908451,62.17362822384674,14.53568627288342,0.19574470910872432,-0.3724531798885451,-0.7097895637073037,14.628691648893572,-0.04731278773188026,-0.5573807431429224,0.5593851917145451,-5.569086322724321
998,8.273103399998945,195.60819777635749,317.63818351919866,38.289269773014915,62.17599383478913,14.76832042108059,0.19574470910872432,-0.3703102759581398,-0.7121551746496948,14.696170458684966,-0.03726400214198539,-0.5511306532751189,0.5523889959395437,-3.1549132801683593
999,8.276637999999366,195.6126054743628,317.64349363370593,38.2901325565788,62.17703326160869,14.814849539538384,0.19574470910872432,-0.3694474923942579,-0.7131946014692545,14.709666220643244,-0.01659656417291369,-0.4246564229261343,0.424980615410592,2.088184826511863
1000,8.289259199998924,195.62385830828796,317.6545486403601,38.29233523928213,62.1791972206704,15.167066129831506,0.19574470910872432,-0.36724480969092355,-0.7153585605309658,14.731995347400135,-0.04865316685861773,-0.3277372286646447,0.3313288724185596,1.9699161214086138
1001,8.293393199999628,195.61573096501144,317.67887306096895,38.29074435483664,62.18395859730673,14.262408739882318,0.19574470910872432,-0.3688356941364148,-0.72011993716729,14.736461172751513,-0.017839973334148385,-0.29903666074550417,0.29956833797713817,-4.157627402936283
1002,8.305195799999638,195.59092538651652,317.6712212559649,38.28588879408988,62.182460796962054,14.64733190666787,0.19574470910872432,-0.3736912548831768,-0.7186221368226171,14.724087278495617,-0.12916363642771206,-0.21273441010809935,0.2488758208811599,-3.236994378035461
1003,8.308388999999806,195.59563021137524,317.6712995766865,38.28680973866326,62.18247612782892,14.79064954783748,0.19574470910872432,-0.37277031030979657,-0.7186374676894829,14.639763286997953,-0.047767618906200016,-0.21031482981678698,0.2156712151791055,-3.4773499813475564
1004,8.321400299999368,195.5748566495235,317.66216388342946,38.28274342384144,62.180687864209816,14.752980068258903,0.19574470910872432,-0.37683662513161664,-0.7168492040703782,14.749336019215997,0.04584409994865257,0.028563863557781365,0.05401458878349068,-3.6861615139990214
1005,8.325426699999298,195.5868179526641,317.66544178872846,38.28508478564525,62.18132949682905,14.745446172343188,0.19574470910872432,-0.3744952633278018,-0.7174908366896133,14.751620591294373,0.015770318041381237,-0.031159043164901215,0.03492261304768719,-2.8442138551111964
1006,8.338057900000422,195.59218864954298,317.6626907084126,38.286136071143524,62.180790987412884,14.810272400972543,0.19574470910872432,-0.3734439778295311,-0.7169523272734466,14.75207796347372,-0.09300445741133306,-0.0764468452610711,0.12039081878925242,2.1613597810814156
1007,8.342283500000121,195.58006162771778,317.6663974695836,38.283762270783996,62.18151656630005,14.658754767059744,0.19574470910872432,-0.3758177781890595,-0.7176779061606098,14.765436497235761,0.11596007174463288,-0.15980443089951146,0.19744415507716895,0.3269269171312327
1008,8.354576600000655,195.56401793988843,317.6809197409311,38.2806218037768,62.18435922408055,14.792936408734215,0.19574470910872432,-0.37895824519625165,-0.7205205639411147,14.748478229622936,0.059176808331802694,-0.14684306007386222,0.15831859946384955,0.5518076793321284
1009,8.359093299999586,195.580915373644,317.68736555534997,38.283929387031975,62.185620958148945,14.819772737069108,0.19574470910872432,-0.37565066194108,-0.7217822980095079,14.745087033864044,-0.09251492547923579,-0.24562482082929873,0.2624701202877266,1.47183877461876
1010,8.370295400000032,195.59794567080357,317.69277644743124,38.28726297759551,62.186680111645416,14.660654834279057,0.19574470910872432,-0.37231707137754455,-0.7228414515059782,14.764038769077498,0.013218697785098467,-0.2465974481711004,0.2469514839308165,0.9084868814512357
1011,8.374734200000603,195.58263384812082,317.70300978568594,38.28426576931855,62.18868323346529,14.793316422178078,0.19574470910872432,-0.3753142796545035,-0.7248445733258535,14.784618666901437,-0.04308355690478531,-0.13098072096709001,0.13788452465968243,3.9546422767637357
1012,8.386679299999741,195.58061405895404,317.71378497815977,38.28387040627564,62.19079242038167,14.753513443127023,0.19574470910872432,-0.3757096426974158,-0.7269537602422318,14.788734646466228,-0.18930358208956194,-0.10736342756942677,0.2176298503684526,4.550429221957203
1013,8.39032589999988,195.57061051547095,317.7073235028407,38.28191226556648,62.18952762077493,14.895835897853921,0.19574470910872432,-0.37766778340657225,-0.7256889606354946,14.839244732027623,0.11331448551708073,-0.018411572110916596,0.11480051661728784,5.160342639173569
1014,8.402395200000683,195.57068455025444,317.7172666667258,38.28192675748364,62.19147394249723,14.840352634893051,0.19574470910872432,-0.3776532914894162,-0.7276352823577952,14.866136605096933,0.2655343798640443,0.08173664585177023,0.2778297791182225,4.020776822482797
1015,8.406327700000475,195.607060938589,317.71023097332204,38.28904724303661,62.19009674273854,14.913205262086034,0.19574470910872432,-0.3705328059364419,-0.7262580825991023,14.884782039036967,0.26792049123271894,0.0331320990762331,0.2699613409575133,3.837288865840112
1016,8.418631900000037,195.61245859402226,317.7071216471391,38.29010380552927,62.18948810858934,14.92777578752463,0.19574470910872432,-0.3694762434437848,-0.7256494484499001,14.871721575043725,0.3185821965736335,-0.0641367555466541,0.32497405955819386,2.006741254079111
1017,8.423191599998972,195.61196550910125,317.7168957682301,38.29000728676484,62.19140134107908,14.846740612827192,0.19574470910872432,-0.36957276220821456,-0.7275626809396414,14.869109482245076,0.13369675222258862,-0.07371268980107132,0.15267082954047645,1.9924482298207138
1018,8.434103399999003,195.59615238801752,317.7246722452802,38.286911951978205,62.19292354531715,14.830533577887705,0.19574470910872432,-0.3726680969948504,-0.7290848851777127,14.920379055872845,-0.15670327077487967,-0.11058104586070469,0.19179176931034483,2.3402737071679587
1019,8.438857799999823,195.57372834358642,317.729752045695,38.282522563924,62.19391788937168,14.827292170899806,0.19574470910872432,-0.37705748504905756,-0.7300792292322456,14.930632665422618,-0.4054159659947483,0.006817182936383365,0.4054732783632517,6.7273502391420985
1020,8.44975709999926,195.59369987764467,317.7205163195292,38.28643188604868,62.19211004483995,15.169553130224884,0.19574470910872432,-0.37314816292437314,-0.7282713847005127,15.001265540652884,-0.41784628514193967,0.10118439191567642,0.42992301540422834,7.126145144688099
1021,8.45371940000041,195.57026563713578,317.70763304716746,38.28184475745709,62.189588212439126,14.979043835273492,0.19574470910872432,-0.3777352915159682,-0.7257495522996891,15.083974269019249,-0.23518106174118766,0.021919237975280823,0.23620030650938903,0.9690268369430619
1022,8.465359100000569,195.5653111602605,317.704526669995,38.28087494482235,62.18898015554312,15.199904988978528,0.19574470910872432,-0.37870510415070413,-0.7251414954036832,15.100515556928851,-0.033331671537759,0.06844390086722753,0.07612862729239193,-0.054405884197961885
1023,8.469122299999071,195.57741635207685,317.71482795656124,38.28324447207315,62.19099657788547,15.244077219719534,0.19574470910872432,-0.3763355768999048,-0.7271579177460339,15.002344780086943,-0.1452766045607245,0.06265136799272579,0.1582102580241024,-1.4456145694571914
1024,8.481425500000114,195.58282302112468,317.71335206970673,38.28430279893316,62.19070768084246,14.909998610447813,0.19574470910872432,-0.3752772500398933,-0.7268690207030204,14.965921073937313,-0.10309511355696208,0.033826262052847264,0.10850261952501793,-8.93768917406649
1025,8.49674480000067,195.5670886593339,317.7026376390087,38.281222880861414,62.18861038772221,14.678699246015345,0.19574470910872432,-0.37835716811164133,-0.7247717275827696,14.958636027531606,-0.06751123242355749,0.02122216118593968,0.07076826003760163,-9.45443088888903
1026,8.500967500000115,195.5466641326069,317.69201683162714,38.277224887818555,62.18653142087081,14.796925304525335,0.19574470910872432,-0.38235516115449997,-0.7226927607313698,14.888596407166478,0.011999656519339819,0.03474057381448943,0.036754581014373205,-1.9378843556169163
1027,8.513016299999435,195.55248710859118,317.6926804164029,38.27836470455875,62.1866613140797,15.16347975694999,0.19574470910872432,-0.3812153444143078,-0.7228226539402627,14.874588483093452,0.012940430966018261,-0.0066956190871697505,0.014570040101068911,-0.0425913753731586
1028,8.51709479999954,195.5738899045892,317.7024364615226,38.282554188635494,62.188571008293714,14.893879117893905,0.19574470910872432,-0.3770258603375609,-0.7247323481542765,14.921473635339394,-0.1865718853198377,0.04454803870375267,0.19181656900317479,0.8471046228338016
1029,8.529059099999358,195.57943515314926,317.71366453530254,38.28363964170182,62.19076884432962,14.839958990082687,0.19574470910872432,-0.3759404072712371,-0.7269301841901807,14.999432513933115,-0.011301078547989533,-0.07061078462165102,0.0715094209264277,5.341707565937083
1030,8.53298360000008,195.5554041374084,317.70578277200923,38.27893569751603,62.18922603086651,14.913125007245053,0.19574470910872432,-0.3806443514570219,-0.7253873707270699,15.015024289651857,-0.230501342929259,-0.011434588338022036,0.23078478914922423,7.265410107109911
1031,8.545163999999204,195.55102144450836,317.7109763326507,38.2780778085692,62.19024264288351,15.186719697493933,0.19574470910872432,-0.3815022404038544,-0.726403982744074,15.086724950703811,-0.5046828718226869,0.08261215636406821,0.5113996181953169,5.896223719347008
1032,8.548845499999516,195.53218742899818,317.70561426138534,38.27439114968181,62.18919304580345,15.241438635543709,0.19574470910872432,-0.38518889929124356,-0.7253543856640121,15.117855396634905,-0.5140438474964066,0.03186452221957145,0.5150305087324347,5.268197958001766
1033,8.561323300000367,195.51027845514994,317.70548681729946,38.27010258396902,62.18916809929793,15.252382423153664,0.19574470910872432,-0.3894774650040347,-0.725329439158493,15.175874088360185,-0.26955707015612385,-0.04282023968690368,0.27293696524655164,4.511336962931188
1034,8.564760600000227,195.51104968580898,317.7131682741491,38.27025354829003,62.1906717038345,14.995611219738157,0.19574470910872432,-0.3893265006830262,-0.7268330436950592,15.187477826705242,-0.3861560808712665,0.04855302689779666,0.3891964994893894,3.359183390346691
1035,8.577063900000212,195.51254711993857,317.7119300690256,38.27054666309813,62.19042933173278,15.20321846587146,0.19574470910872432,-0.3890333858749244,-0.7265906715933426,15.189798574374253,-0.09282366105071642,-0.0212372013850973,0.09522211283903265,2.5222616511637495
1036,8.58075370000006,195.50022998066822,317.7048913917681,38.26813564825461,62.189051547900505,15.244738389219215,0.19574470910872432,-0.39144440071844855,-0.7252128877610673,15.190262723908056,0.0988024044516124,-0.09492393905627013,0.137012661208293,2.123958628993181
1037,8.592900999999983,195.52910260014752,317.7088537683522,38.27378731075579,62.18982716215233,15.253042373888766,0.19574470910872432,-0.3857927382172619,-0.7259885020128962,15.242147546002316,0.1843243461678894,-0.05042399573698941,0.19109694905022387,1.4834957071593702
1038,8.596804700000575,195.54135615540798,317.71616150117006,38.2761858793658,62.19125761218701,15.254703170822676,0.19574470910872432,-0.38339416960725714,-0.7274189520475716,15.252524510421168,0.29216753687686803,-0.05548823135070683,0.297390002224563,1.4691680411759025
1039,8.60876559999997,195.57016875076607,317.72929519706986,38.28182579246283,62.19382846367044,15.255035330209457,0.19574470910872432,-0.3777542565102223,-0.7299898035310051,15.254599903304937,0.4317582088266042,-0.14289346226646304,0.4547897233311837,1.4453243410504824
1040,8.61231620000035,195.58038169574814,317.7293971635253,38.28382492240749,62.193848423064594,15.25510328796572,0.19574470910872432,-0.375755126565565,-0.7300097629251567,15.255015287057471,0.5020892631952295,-0.14190278345258253,0.5217566752496023,0.5919053231477147
1041,8.624999600000592,195.5832668106558,317.73351964000244,38.284389668385835,62.19465537602343,15.255115353638066,0.19574470910872432,-0.3751903805872203,-0.7308167158839893,15.255098668983761,0.3914169835774727,-0.05686135506959965,0.3955255601516021,0.507674109353262
1042,8.62903340000048,195.6001013706327,317.73473336459045,38.28768494443149,62.19489295618985,15.255119292651441,0.19574470910872432,-0.37189510454156505,-0.7310542960504094,15.2551156505448,0.3650824800368793,0.010075713600913338,0.36522149065251625,0.7323261640209537
1043,8.640981900000043,195.60382935877146,317.73114580452653,38.28841467838527,62.19419071028872,15.255120080454116,0.19574470910872432,-0.3711653705877822,-0.7303520501492855,15.28184542625154,0.2958399860764001,0.01680772283604748,0.2963170547042779,0.726185759274999
1044,8.645104400000491,195.61098694174365,317.72862385347537,38.289815737382085,62.193697051713826,15.255120238014651,0.19574470910872432,-0.3697643115909699,-0.729858391574389,15.287191381392887,0.26031111448482913,-0.004803772221366128,0.2603554350342788,0.7363459659530157
1045,8.657495400000698,195.62471252523085,317.7268489565329,38.292502447729134,62.19334962502812,15.388752166499415,0.19574470910872432,-0.3670776012439205,-0.7295109648886822,15.288260572421155,0.08253637046436872,0.017086760422818828,0.08428647478200951,0.736211017043793
1046,8.661217099999703,195.62218154927646,317.73011311803947,38.29200702257718,62.19398856737271,15.281845129344806,0.19574470910872432,-0.3675730263958741,-0.730149907233276,15.28847410545103,-0.00038488727155330804,-0.024563345630849547,0.024566360878086505,-1.1470726170888734
1047,8.673211600000286,195.6177722549949,317.7270152790216,38.29114392655066,62.19338218177529,15.26046524779279,0.19574470910872432,-0.3684361224223949,-0.7295435216358541,15.288516506881223,-0.08399373334659387,-0.0381109265226498,0.0922355135612825,-1.493205020927882
1048,8.676933099999587,195.61105088235223,317.7298571522749,38.28982825341791,62.19393846342859,15.25618774560348,0.19574470910872432,-0.36975179555514615,-0.7300998032891499,15.26179860777273,-0.015051735202837216,-0.038122266896904795,0.0409861191865633,-1.5718829323135157
1049,8.689248000000589,195.60613186121304,317.72658507664295,38.28886538105592,62.19329797193583,15.255332245165619,0.19574470910872432,-0.3707146679171345,-0.7294593117963899,15.256455333126814,0.04834264269238399,-0.004240351450754438,0.04852825654100322,-1.5866588739111551
1050,8.692728800000623,195.6161173158892,317.7260874923053,38.29081998097682,62.19320057243439,15.255162670956953,0.19574470910872432,-0.3687600679962344,-0.7293619122949551,15.255386373021848,0.08086724197355247,-0.028783066504852486,0.08583691363179274,-1.5877897320011178
1051,8.705682300000262,195.62828393712658,317.726237754424,38.29320153271177,62.19322998544911,15.25512875611522,0.19574470910872432,-0.36637851626128537,-0.7293913253096704,15.255172581000854,0.1077873809929536,-0.027029371503175085,0.11112473363377204,-0.1522022472413508
1052,8.725714799998968,195.63756262246523,317.7336224268872,38.29501778627429,62.19467549601229,15.255120447267966,0.19574470910872432,-0.3645622626987617,-0.7308368358728501,15.255130127772437,0.15248262265095458,-0.0371793610765932,0.15694984899826156,-0.06546574494112856
1053,8.731785500000115,195.6307727967296,317.73798629519837,38.29368871381077,62.19552970014544,15.255118785498516,0.19574470910872432,-0.36589133516228145,-0.7316910400060053,15.255121637126754,-0.0031968813336110333,-0.006751256802949933,0.0074699075416345285,-0.0040466430435060555
1054,8.740090999999666,195.63693743136014,317.7379328530965,38.294895408423294,62.19551923913675,15.255119979023531,0.19574470910872432,-0.36468464054976124,-0.7316805789973131,15.255119938997616,-0.19832508263928722,0.051528381913092836,0.20490976684009393,-0.000739176496989403
1055,8.745527900000525,195.63091404534003,317.73292986854756,38.29371636247894,62.19453993138155,15.255120217728535,0.19574470910872432,-0.3658636864941158,-0.7307012712421113,15.255119904547573,-0.3261303675005458,0.12459587217663744,0.34912053501548435,-0.00032706398379887683
1056,8.754633900000044,195.59408028745804,317.7194797205549,38.286506349256946,62.19190713607525,15.255120265469536,0.19574470910872432,-0.3730736997161088,-0.7280684759358138,15.255120202833345,-0.24891798099132345,0.15310287592092203,0.2922338992588884,-4.823227209056242e-05
1057,8.758819700000458,195.58235414779224,317.71321038424026,38.28421101945909,62.190679946662044,15.255120275017736,0.19574470910872432,-0.375369029513962,-0.7268412865226068,15.255119957314717,-0.5163515084503021,0.2421311080345414,0.5703037381579549,-7.879544383562036e-06
1058,8.76980840000033,195.59173645564923,317.7131078939116,38.28604755658133,62.19065988472248,15.255120276927375,0.19574470910872432,-0.3735324923917247,-0.7268212245830412,15.255119908210991,-0.44420904280591805,0.20435144391205318,0.488959289041011,-6.645414717218063e-06
1059,8.773452800000086,195.56954589980097,317.70479674886855,38.28170387268185,62.18903302205366,15.255118751430398,0.19574470910872432,-0.3778761762912026,-0.7251943619142196,15.255119898390248,-0.1517685388393684,0.12325252334185721,0.19551182545199644,-2.7144635830435493e-05
1060,8.785307099999045,195.5782575992178,317.70532821553746,38.28340914175004,62.18913705384217,15.255119972209908,0.19574470910872432,-0.3761709072230133,-0.7252983937027295,15.255119896426098,0.007204535749425013,0.05502034621125776,0.05549003363281923,-1.1343874713094127e-05
1061,8.789688700000625,195.5932643509763,317.7079330060328,38.28634663400768,62.18964692779997,15.25512021636581,0.19574470910872432,-0.37323341496537665,-0.7258082676605326,15.255119590857488,0.1649878249876245,-0.06588122220784981,0.17765505293615233,-7.920365716613274e-06
1062,8.801682699999219,195.60836857797847,317.710873022016,38.28930320652853,62.190222420373374,15.255120265196991,0.19574470910872432,-0.3702768424445253,-0.7263837602339365,15.255119834919547,0.44385868867768635,-0.1671189824923374,0.4742776505634115,-1.2255056694244164e-05
1063,8.805541699999594,195.62721650362548,317.722754571422,38.2929925882516,62.19254817080561,15.255118749084321,0.19574470910872432,-0.36658746072145476,-0.728709510666171,15.25511988373196,0.512204574309663,-0.18019580762655749,0.5429770299284588,-1.5257012584162761e-05
1064,8.817664599999262,195.6397562438263,317.72645738064847,38.295447176049514,62.19327297612053,15.255119971740694,0.19574470910872432,-0.36413287292354113,-0.729434315981095,15.25511958831866,0.28268882893312314,-0.1262327074083783,0.309592749306617,3.831678131426417e-06
1065,8.821557900000698,195.6494143112007,317.72793239936135,38.29733769163827,62.19356170322941,15.255120216271967,0.19574470910872432,-0.36224235733478594,-0.7297230430899759,15.255119529236001,0.07902078770183571,-0.14358879093458518,0.16389638730330391,2.991881693949265e-06
1066,8.83297069999935,195.62159353751696,317.7189856633169,38.29189192238636,62.19181042698492,15.255118739299316,0.19574470910872432,-0.3676881265866925,-0.727971766845485,15.255119822595248,-0.09262942714184247,-0.028010086929979677,0.09677177141321182,6.521484234336351e-07
1067,8.836603699999614,195.60726834897883,317.7214868333097,38.28908784252304,62.1923000177776,15.255119969783692,0.19574470910872432,-0.3704922064500167,-0.7284613576381602,15.255119881267097,-0.03536797433703526,-0.0275349732493912,0.04482263223584569,2.065940571781937e-05
1068,8.848951599999054,195.61343741805524,317.7230505413352,38.29029540515487,62.19260610535018,15.255120215880567,0.19574470910872432,-0.36928464381818316,-0.7287674452107424,15.255119893001469,-0.09937941373321715,-0.015883679194100754,0.10064074293594548,2.4733638288276253e-05
1069,8.85301570000047,195.6235856423556,317.7242425547674,38.29228186636852,62.19283943567271,15.255120265099942,0.19574470910872432,-0.36729818260453584,-0.7290007755332724,15.255120200524123,0.08270884248854561,-0.054263104412505,0.09892035749165824,2.0204635937360946e-05
1070,8.864853299999595,195.63359569037405,317.7252043154497,38.29424128030605,62.193027695237696,15.255120274943817,0.19574470910872432,-0.36533876866700155,-0.7291890350982584,15.255120262028653,0.3090052287567368,-0.04214032699506242,0.311865417381046,1.701611127046489e-05
1071,8.868873999999778,195.64249544969312,317.7259940720265,38.2959833611051,62.193182285909096,15.255120276912592,0.19574470910872432,-0.36359668786795396,-0.7293436257696584,15.25512027432956,0.36210662823935336,-0.04586176068271678,0.3649993305580053,1.6848659060264305e-05
1072,8.88075469999967,195.66432411877094,317.7304944896863,38.30025620758397,62.19406321885478,15.255120277306347,0.19574470910872432,-0.35932384138908446,-0.7302245587153422,15.255120276789741,0.2297773803505187,-0.021530009401035163,0.23078385087686618,1.7167179120226706e-06
1073,8.885107000000062,195.6724019830619,317.73145937681613,38.301837406779825,62.194252090405335,15.255120277385098,0.19574470910872432,-0.35774264219323015,-0.730413430265898,15.255120277281778,0.06872246474273744,0.024443863958299977,0.07294024708985203,6.785095439515371e-07
1074,8.896854700000404,195.6620274977186,317.72760361373525,38.29980665616415,62.19349734518268,15.255120277400849,0.19574470910872432,-0.3597733928089042,-0.7296586850432405,15.255120277380186,-0.061334524776508276,0.04617112896718349,0.0767704179984999,6.669540258933423e-08
1075,8.901086800000485,195.64819577823823,317.72297756359006,38.29709917025799,62.192591820342685,15.255120277403998,0.19574470910872432,-0.3624808787150684,-0.7287531602032473,15.255120277399868,0.03084159748922441,0.021404643488261668,0.037541482370131794,2.5321231821453836e-08
1076,8.913248700000622,195.6347128239541,317.71861670535066,38.29445995329371,62.19173820541514,15.255120277404629,0.19574470910872432,-0.36512009567934456,-0.7278995452757044,15.255120277403805,-0.06467131876493756,0.03750827523673164,0.0747612879907147,-4.947702057338949e-06
1077,8.917126700000154,195.65096870281468,317.7225390029978,38.29764195557259,62.19250597442712,15.255120277404755,0.19574470910872432,-0.3619380934004681,-0.7286673142876836,15.255120277404592,-0.02532973353891542,0.023917715956453565,0.03483751623933672,-5.562912889298753e-06
1078,8.929455999999846,195.64377168620172,317.7202007907885,38.29623317764923,62.19204828175838,15.25512027740478,0.19574470910872432,-0.36334687132382726,-0.7282096216189444,15.255119972228965,0.021608494337249692,0.004024713424188003,0.021980112503574477,-5.859713511299776e-06
1079,8.949352199999339,195.64619530192152,317.72057754144714,38.296707587603294,62.192122028706464,15.255120277404785,0.19574470910872432,-0.36287246136976137,-0.7282833685670269,15.255119911193843,-0.11503875872396685,0.03959651224966425,0.12166264747690175,-5.9144220957917055e-06
1080,8.95760379999956,195.62912008402532,317.71575076963916,38.29336520404323,62.191177213662975,15.25511875152588,0.19574470910872432,-0.3662148449298215,-0.7273385535235377,15.255119898986818,-0.3616687701201731,0.10200865189690997,0.37577927609444295,-5.92938114661656e-06
1081,8.966539499999271,195.5880241921489,317.7044274995387,38.285320900642326,62.188960743451005,15.255119972229004,0.19574470910872432,-0.3742591483307294,-0.7251220833115681,15.255119896545413,-0.28322873364781254,0.07930104511373487,0.2941210147539175,-9.823220547876069e-07
1082,8.973085499999797,195.57422543890635,317.70061249011906,38.2826198677028,62.188213975541906,15.25512021636963,0.19574470910872432,-0.3769601812702561,-0.7243753154024688,15.255119896057131,-0.17850614273166004,0.049813723182478606,0.18532633382829433,-3.6963760986047195e-07
1083,8.97890919999918,195.58249450059571,317.70288597165086,38.28423849277778,62.188658997523014,15.255120265197755,0.19574470910872432,-0.37534155619527354,-0.7248203373835764,15.255119895959474,-0.057089240810864084,-0.012399133044765934,0.05842020127167173,-7.384040317364596e-08
1084,8.983498800000234,195.59533065639891,317.706429805901,38.286751102361556,62.18935268432743,15.25512027496338,0.19574470910872432,-0.3728289466114987,-0.7255140241879943,15.255119895939945,0.22634631986701825,-0.09935436260317733,0.247192123429583,-1.3849994788761319e-05
1085,8.994159199999558,195.6063331218634,317.71713479522526,38.28890477676338,62.19144812934872,15.2551187510376,0.19574470910872432,-0.3706752722096738,-0.727609469209284,15.255119895936039,0.34587890179693076,-0.1302296867044863,0.36958353048722226,-1.491167928875891e-05
1086,8.998572200000126,195.61798724164748,317.7213445508571,38.291186009050435,62.1922721667403,15.255119972131348,0.19574470910872432,-0.3683940399226202,-0.7284335066008651,15.255119590759476,0.1892222989491245,-0.29672430065380406,0.35192383979787584,-6.470823754557565e-07
1087,9.009910700000546,195.62870564219898,317.7236787280463,38.293284079248494,62.19272906957521,15.255120216350099,0.19574470910872432,-0.36629596972456113,-0.7288904094357704,15.255119529724162,0.09900326062260238,-0.2780112692782662,0.2951133874625473,-4.946805791228665e-06
1088,9.014019300000655,195.61809865176068,317.74275592468734,38.29120781699063,62.19646332988231,15.255118739314943,0.19574470910872432,-0.36837223198242697,-0.7326246697428758,15.25511982269288,0.14281925608185794,-0.23223071077450708,0.2726324319199902,-2.2498891877050488e-05
1089,9.025486700000329,195.62374387070383,317.7461290446484,38.29231283873052,62.19712360026788,15.255119969786817,0.19574470910872432,-0.36726721024253806,-0.733284940128442,15.255119576110843,-0.002146429954262452,-0.1705175475162199,0.1705310563284438,-0.49172185072778885
1090,9.02952600000026,195.63243361782244,317.74546170452146,38.294013810752475,62.19699297196886,15.255120215881192,0.19574470910872432,-0.36556623822058043,-0.7331543118294235,15.255119221618656,-0.19006851186487236,-0.30895357540606005,0.36273730296002804,-0.7942767106485349
1091,9.041671599999972,195.61953418570562,317.73790198618894,38.2914888151651,62.19551319710292,15.25511873922116,0.19574470910872432,-0.3680912338079523,-0.7316745369634816,15.225258463464357,-0.14626941627634193,-0.19423378273589606,0.24314914043384378,-0.8131867925689383
1092,9.04561939999985,195.60431591947327,317.7526746542621,38.28850992006831,62.19840486871765,15.255118443889154,0.19574470910872432,-0.3710701289047478,-0.7345662085782152,15.2192863118335,-0.24756564002958936,-0.1364967812797838,0.2827014634256451,5.631765541034533
1093,9.058264900000722,195.585817139048,317.7743350454015,38.2848888816751,62.20264477568041,15.105814948543458,0.19574470910872432,-0.3746911672979536,-0.7388061155409744,15.218091576331545,-0.27029241444996094,-0.20580661977047143,0.3397268815541932,5.9968365963851005
1094,9.061684799999057,195.57865185556278,317.7702973233621,38.2834863153436,62.201854412954354,15.22525921163252,0.19574470910872432,-0.3760937336294532,-0.7380157528149169,15.328296965168658,-0.1981293276485568,-0.09504026232742402,0.21974503848263505,14.508128594897936
1095,9.07376049999948,195.59762011721102,317.7896812644343,38.287199252202235,62.205648716860914,15.249146538371427,0.19574470910872432,-0.3723807967708197,-0.7418100567214765,15.35033834811186,-0.07580108032945405,0.025025410961520965,0.07982527778157343,15.278546771378778
1096,9.077369500000714,195.6004395752012,317.7772237829055,38.287751146186366,62.20321023076283,15.806145683406708,0.19574470910872432,-0.3718289027866888,-0.7393715706233905,15.495051647893858,-0.07393716678003093,0.13121854547843462,0.1506154418010787,21.008850776639818
1097,9.08974180000041,195.5914055175796,317.7855763925037,38.285982777205156,62.20484520989893,15.36532535860517,0.19574470910872432,-0.37359727176789903,-0.74100654975949,15.523994307850257,-0.022867048746885162,0.05414747404853581,0.05877797941601328,13.07608943565478
1098,9.093811999999161,195.58564511108435,317.7815076235165,38.284855208111395,62.2040487698971,15.829381447453457,0.19574470910872432,-0.3747248408616599,-0.7402101097576619,15.640227175779039,-0.05966001401811789,0.4063002287110971,0.41065702614631083,17.774433051731588
1099,9.105533599999035,195.57637725067147,317.79074433751975,38.28304107347082,62.205856807792784,15.36997251141452,0.19574470910872432,-0.3765389755022355,-0.7420181476533472,15.553029413427295,-0.020844371821200566,0.22980156494003998,0.23074498279596864,10.053803073963186
1100,9.109207199999219,195.578695142746,317.7635964237354,38.28349478858069,62.20054274730616,15.830310878015327,0.19574470910872432,-0.37608526039236523,-0.7367040871667214,15.646033891718663,0.016914060260859072,0.2866964748245555,0.2871949757766228,8.21206091062864
1101,9.121651400000701,195.60075517606737,317.7767450531995,38.28781292338611,62.203116521955785,15.370156871647989,0.19574470910872432,-0.3717671255869419,-0.7392778618163476,15.664634787376938,0.05951280917729157,0.2684375728098738,0.2749554599425678,0.5642465115911142
1102,9.125456800000393,195.60164677131178,317.7737837364444,38.28798744843787,62.20253685986898,15.830347750062021,0.19574470910872432,-0.3715926005351875,-0.7386981997295408,15.638493974076953,0.3035889741422643,0.05837210416375524,0.30914974974153986,6.9712044056874625
1103,9.137403900000209,195.5977383529842,317.76741291409155,38.28722239622927,62.20128980510074,15.922385925744827,0.19574470910872432,-0.37235765274378707,-0.7374511449613053,15.522821780655235,0.34811395008580726,-0.29726779163794426,0.4577679130188617,0.4221862199200168
1104,9.140953699999955,195.61706306724994,317.7892577085033,38.29100510680182,62.20556580802841,15.239268444914591,0.19574470910872432,-0.3685749421712359,-0.7417271478889731,15.610131677908393,0.24935896547709038,-0.20962346803361429,0.32576355231094295,-0.76465253012741
1105,9.153471300000092,195.63919771261328,317.8104659774188,38.29533784651969,62.209717214457974,15.251949910906747,0.19574470910872432,-0.3642422024533616,-0.7458785543185371,15.517149626597305,0.29081733110976915,-0.2850474908834341,0.40721835927761235,1.0671148447395686
1106,9.157660200000464,195.63605675237207,317.80551413839765,38.294723020170956,62.20874791816922,15.806706357913772,0.19574470910872432,-0.36485702880209914,-0.7449092580297858,15.498553216335086,0.2875245258191892,-0.28569146711321974,0.4053269881575288,3.0695146480336333
1107,9.16907859999992,195.6508240330637,317.8186270697557,38.297613637234264,62.21131470510346,15.365437493506583,0.19574470910872432,-0.3619664117387913,-0.7474760449640243,15.524694926714284,0.2269973855425222,-0.18147793698659834,0.2906235617702946,-8.62645966797226
1108,9.18492359999982,195.64430772335382,317.8104383226147,38.29633810408564,62.20971180117638,15.82940387443374,0.19574470910872432,-0.3632419448874131,-0.7458731410369452,15.529923268790125,0.20410502125077312,-0.1582030597528065,0.2582383933789254,-5.770636882677445
1109,9.188152200000332,195.65689220793806,317.821712058681,38.29880145035987,62.21191857536325,15.369976996810577,0.19574470910872432,-0.3607785986131873,-0.748079915223812,15.420524906443573,0.39427475145608415,-0.35512904319620703,0.530630961174723,-10.302769128748517
1110,9.201079399999799,195.6721919545724,317.8359288081273,38.301796294814245,62.21470142884809,15.278091621285943,0.19574470910872432,-0.3577837541588096,-0.7508627687086502,15.50908926473598,0.3080061001523639,-0.2716948823253062,0.4107138502812268,-11.052801435074992
1111,9.204501199999868,195.6862479092974,317.84909603259825,38.30454767358314,62.21727884337193,15.259714546181018,0.19574470910872432,-0.35503237538991783,-0.7534401832324917,15.416358105632742,0.39850878457439487,-0.35981538017046477,0.536913735333878,-5.273836674252005
1112,9.217197800000577,195.67469002908217,317.8366178802199,38.302285279682486,62.21483631106441,15.808259284968626,0.19574470910872432,-0.3572947692905686,-0.7509976509249725,15.397811873812095,0.27831027262735536,-0.254131426520739,0.3768811348361425,1.8555592932012048
1113,9.2208499999997,195.68163103388187,317.8429511619495,38.30364394464793,62.21607601745428,15.365748078917553,0.19574470910872432,-0.35593610432512435,-0.75223735731484,15.504546658209687,-0.045972557437733236,-0.014819592853591773,0.04830213628517801,-3.0640052067126247
1114,9.232959299999493,195.69165180754274,317.8525453466397,38.305605458073224,62.217954028345595,15.277245837707339,0.19574470910872432,-0.3539745908998313,-0.7541153682061577,15.525893309913423,-0.26240675475538244,0.14027743420552843,0.2975484220904856,2.1530576602629083
1115,9.236516900000424,195.66639363425872,317.8347107385154,38.300661304291125,62.21446299816624,15.811765543273891,0.19574470910872432,-0.3589187446819295,-0.7506243380268032,15.462757244746358,-0.36037392409511393,0.05053616174948769,0.36390008080801706,2.315931476716639
1116,9.248960299999453,195.64871510778343,317.8332962149023,38.29720082626874,62.21418611265306,15.366447804699702,0.19574470910872432,-0.36237922270431255,-0.7503474525136227,15.450129726537163,-0.5428401960215805,0.12747104629289965,0.5576059056894525,-3.5373791657047042
1117,9.252867600000172,195.63538052865485,317.8384128598779,38.29459065295613,62.215187668835426,15.4925789591333,0.19574470910872432,-0.3649893960169237,-0.7513490086959891,15.447604222895325,-0.48741652407441977,0.082479341221872,0.49434573900174705,-0.5537485300383391
1118,9.264962499999456,195.6019946988141,317.83561792444215,38.288055553405606,62.21464057501157,15.302610487871583,0.19574470910872432,-0.37152449556744926,-0.7508019148721345,15.447099122166959,-0.2145329508594589,-0.1458631852085104,0.25942331391692464,2.504909794096445
1119,9.268669699999009,195.61031083901017,317.84281561392305,38.28968339384919,62.21604948464527,15.264618319498146,0.19574470910872432,-0.36989665512386694,-0.7522108245058305,15.508938867402144,-0.10542160184450015,-0.2500682284335995,0.2713813424083889,4.778119528423595
1120,9.281170500000371,195.60869343240878,317.85306077603934,38.28936679506449,62.21805492092349,15.809240039632051,0.19574470910872432,-0.37021325390856674,-0.7542162607840552,15.478267876019494,0.013668538064074342,-0.20156901527303073,0.2020319203763315,5.70112861196753
1121,9.284735699999146,195.6135648070768,317.8621451988927,38.29032034088184,62.21983314863234,15.67564653087563,0.19574470910872432,-0.36925970809121367,-0.7559944884929024,15.51517216040898,-0.11229792552723597,-0.0853270030718769,0.14103730545833867,9.682318382130452
1122,9.297439899999517,195.60885461119304,317.86304301359036,38.28939834495873,62.220008891109174,15.33922400222005,0.19574470910872432,-0.37018170401432826,-0.7561702309697367,15.56559119477711,-0.28160007246807495,0.03774919112273728,0.2841189931075464,5.618297878731839
1123,9.301524999998946,195.58443411178263,317.8499694325968,38.28461816140535,62.21744980680058,15.487131909819011,0.19574470910872432,-0.3749618875677072,-0.753611146661143,15.646738386660502,-0.4111471450360783,0.407834906103531,0.5791124981450443,8.85804923704344
1124,9.314086099999258,195.55829038219372,317.8348678464305,38.27950066466195,62.214493751209375,15.516713491338802,0.19574470910872432,-0.38007938431110233,-0.7506550910699374,15.601027059656321,-0.6097669632110443,0.5569375449230286,0.8258299936236935,7.475254633344506
1125,9.31792730000052,195.5450825442789,317.80170402215447,38.27691530027136,62.20800210807353,16.21497599904901,0.19574470910872432,-0.38266474870169276,-0.744163447934092,15.653825254460562,-0.9381171265301836,0.5548134599626133,1.0898998662468653,4.977880471499547
1126,9.32958890000009,195.5018521485209,317.7870043746792,38.26845317902905,62.20512472985449,15.447089895854724,0.19574470910872432,-0.3911268699440029,-0.7412860697150521,15.693909429554221,-0.7020253777669422,0.39620818491196036,0.806114481212221,-0.3155310341940296
1127,9.333700299999691,195.46584465944468,317.7875180004081,38.261404903554094,62.20522526937338,15.603214976241258,0.19574470910872432,-0.3981751454189606,-0.7413866092339418,15.65888778190694,-0.7090341424237602,0.32630214351372416,0.7805142561057089,9.323429384670268
1128,9.34552359999907,195.4664672683768,317.79757987851997,38.2615267759584,62.207194828777475,15.687552785287314,0.19574470910872432,-0.39805327301465354,-0.7433561686380372,15.580820067367718,-0.5044107479363025,0.01573124106202685,0.5046559962776739,6.098814726248663
1129,9.349246899999343,195.45805129585398,317.7997520252941,38.259879393865056,62.20762001501591,15.341605253102387,0.19574470910872432,-0.3997006551079991,-0.7437813548764751,15.74671424540714,-0.2553343145834968,0.2294296272579764,0.3432689413092278,10.770331529048772
1130,9.361342599999261,195.47968234910996,317.79127711765165,38.26411355809236,62.205961096684725,15.8246374263529,0.19574470910872432,-0.3954664908806933,-0.7421224365452872,15.717952620809946,0.0678765699931106,0.24067896052402787,0.2500671725616064,13.826656278512381
1131,9.36519380000027,195.48990807507045,317.7654004561707,38.26611518984592,62.20089587711043,16.27656078605183,0.19574470910872432,-0.39346485912713547,-0.7370572169709959,15.821144998038944,0.12144881829628085,0.5217065238290881,0.5356561513428124,20.412458439357103
1132,9.377403399999821,195.48377844088674,317.76341737478486,38.26491534638569,62.20050769942142,15.459406853255288,0.19574470910872432,-0.3946647025873631,-0.7366690392819848,15.903723933689824,0.2191733242410167,0.5099215724368261,0.5550287885283998,10.69946553342123
1133,9.38073009999971,195.4885059505537,317.74236801557123,38.265840731390256,62.19638739872522,16.20351467143231,0.19574470910872432,-0.39373931758279923,-0.7325487385857841,15.991303105829763,0.16305071124803885,0.5154595678270291,0.54063305531841,12.955284705073156
1134,9.394086000000243,195.4916562117595,317.75418026072873,38.26645737835361,62.1986995832175,15.754499931356776,0.19574470910872432,-0.39312267061944794,-0.7348609230780596,15.937755555247987,0.03135480982114926,0.1813278957736688,0.18401883024469787,8.674890009682834
1135,9.413274099999398,195.49846336934613,317.73802168871737,38.26778984343525,62.19553662823952,16.262533287052605,0.19574470910872432,-0.3917902055378022,-0.7316979681000859,16.108553766078895,0.07577174736390377,0.24422876025065587,0.25571281749679975,10.308244116937193
1136,9.419608300000618,195.49397390508068,317.7495231223746,38.26691105455856,62.19778797302509,16.008823033142946,0.19574470910872432,-0.39266899441449254,-0.733949312885656,16.14271340824508,0.0702287839475127,0.12891946444853233,0.14680705163050858,5.940307334028407
1137,9.428074299999935,195.49932889497134,317.7345456975859,38.26795926549699,62.19485622136662,16.31339790740984,0.19574470910872432,-0.3916207834760641,-0.7310175612271834,16.269112597420502,0.09364827252829347,0.2457120247926357,0.26295322412024225,6.8620981596130175
1138,9.433708999998998,195.5065384615358,317.71548914656444,38.26937050000695,62.191126002330314,16.37431288226322,0.19574470910872432,-0.39020954896610505,-0.727287342190877,16.29439243525559,0.1355339357635942,0.34574492595312734,0.3713610124473268,1.9371083944833178
1139,9.442140200000722,195.5135708031281,317.6977931850786,38.27074704366628,62.18766211149687,16.386495877233894,0.19574470910872432,-0.3888330053067719,-0.7238234513574326,16.299448402822602,0.17946769238514843,0.3426611371739909,0.3868143062755343,-1.2044406513456245
1140,9.44659540000066,195.51991796933672,317.68265752478527,38.27198946786946,62.184699386075586,16.388932476228028,0.19574470910872432,-0.3875905811035949,-0.7208607259361486,16.22939621132624,0.20011077205581174,-0.055026269761403124,0.2075384577774147,-5.595885768046038
1141,9.458515599999373,195.52484643569355,317.70524079721196,38.272954189082824,62.18911994216747,16.034102870978028,0.19574470910872432,-0.38662585989023057,-0.7252812820280354,16.10644107087853,0.06796799522794078,-0.2608023742629105,0.2695135002119126,-7.843312885825694
1142,9.462015099999917,195.5289052429566,317.7345987735217,38.27374867912986,62.194866610700245,15.963136949928028,0.19574470910872432,-0.38583136984319566,-0.7310279505608079,16.081850042788986,-0.037503301446383905,-0.4765399011886773,0.4780133628302588,-4.823148844782595
1143,9.47327050000058,195.50531514740908,317.755694065939,38.26913104273906,62.19899590257803,15.759537180024669,0.19574470910872432,-0.39044900623399315,-0.7351572424385893,16.005868452161316,-0.09080939252156353,-0.7098453597241587,0.7156303378784719,0.4132642616775133
1144,9.476828799999566,195.498696645739,317.76783434412147,38.267835506054915,62.20137229779935,16.263540736786183,0.19574470910872432,-0.39174454291813987,-0.7375336376599151,16.061735519045545,-0.11132173292546498,-0.7437211773667564,0.7520064613321636,10.017971839819086
1145,9.48943010000039,195.499491055966,317.8001205122999,38.26799100765371,62.207692144397676,16.00902452308966,0.19574470910872432,-0.39158904131934236,-0.7438534842582385,16.193524624561064,-0.14694657153507862,-0.4062988554916332,0.43205561547065324,12.665364826495683
1146,9.493018199998914,195.49909456574932,317.810023109032,38.26791339679159,62.209630525314424,16.313438205399184,0.19574470910872432,-0.39166665218146335,-0.7457918651749864,16.328827147812603,-0.22062169900048204,-0.34343798394499697,0.4081955204140086,14.831941908549712
1147,9.505355299999792,195.5021769007147,317.8071886996213,38.26851674755276,62.20907570466883,16.622082477505618,0.19574470910872432,-0.3910633014202958,-0.7452370445293894,16.40543995959182,-0.144005944513054,-0.1925721856840079,0.24046155358853694,12.534764238234231
1148,9.509108799999012,195.4872461905107,317.80819671103814,38.26559414002709,62.209273017570396,16.436049796282376,0.19574470910872432,-0.3939859089459645,-0.745434357430959,16.420762521947662,-0.2144188749226461,-0.2865513580287796,0.3578926301437782,10.970193287426175
1149,9.521593199999188,195.48845736061594,317.8026808916267,38.26583122016702,62.20819332510421,16.646604795682258,0.19574470910872432,-0.39374882880603224,-0.7443546649647743,16.473379341547737,-0.19700436022057763,-0.1670216308187552,0.25827687296247737,3.4647727591399495
1150,9.52558610000051,195.48152748712664,317.8224963947817,38.2644747340967,62.21207210500513,16.085637334868874,0.19574470910872432,-0.3951053148763535,-0.74823344486569,16.483902705467752,-0.14186485071892724,-0.08415443946698362,0.16494728112795834,-4.3291261414729565
1151,9.537177000000156,195.48540262373479,317.8190960835587,38.26523327158482,62.2114065120739,16.576522303399557,0.19574470910872432,-0.3943467773882361,-0.7475678519344626,16.486007378251756,0.017552266931470654,-0.07887335248978589,0.08080277103795148,-4.39288146658044
1152,9.540845999999874,195.49148691692002,317.81048691151466,38.2664242397845,62.20972131219648,16.674699297105693,0.19574470910872432,-0.3931558091885563,-0.7458826520570412,16.365812620669885,-0.061588863341378856,-0.30876348488091937,0.3148461174661247,-8.667626162477383
1153,9.55334109999967,195.49266466746244,317.8121569451638,38.26665477822183,62.210048212447326,16.44657316020239,0.19574470910872432,-0.39292527075122763,-0.7462095523078887,16.412837054163276,-0.03974282013175619,-0.11867619538747169,0.12515402951431678,-10.18619247668505
1154,9.55688679999912,195.48584088000038,317.83141142867373,38.26531905793004,62.21381717572102,16.0456310077729,0.19574470910872432,-0.39426099104301215,-0.7499785155815815,16.35199596918227,-0.10897359094056615,-0.26168899846960203,0.28347200116149956,-10.917305085927861
1155,9.569337200000518,195.4711802212208,317.83274604564497,38.26244931154189,62.21407841993182,16.320759502335832,0.19574470910872432,-0.3971307374311621,-0.750239759792386,16.29027544505716,-0.1814226817342679,-0.4024578343956499,0.44145950880470325,-3.2534281786168737
1156,9.57289049999963,195.4660845450513,317.8446840089698,38.26145185989238,62.216415213090194,16.27231687849451,0.19574470910872432,-0.3981281890806727,-0.7525765529507566,16.277931340232136,-0.16924728903816388,-0.45699235938634564,0.48732603191730556,-4.417179542025545
1157,9.585227999999915,195.46371199319643,317.86009678349245,38.2609874454197,62.21943218215569,16.366096676480154,0.19574470910872432,-0.3985926035533538,-0.7555935220162553,16.3465259042769,-0.08655814315390485,-0.250653548285685,0.26517826723631804,-0.6705652553623751
1158,9.588621499999135,195.46508723902176,317.86527749177156,38.261256642513736,62.22044627839076,16.38485263607728,0.19574470910872432,-0.3983234064593191,-0.7566076182513228,16.33955115253507,-0.05253304660136609,-0.36347124749650295,0.36724796628692913,-0.6574671364449431
1159,9.600882799999454,195.46738799017535,317.86723642616556,38.261707002379026,62.22082972943388,16.388603827996707,0.19574470910872432,-0.3978730465940288,-0.7569910692944433,16.358849866737483,0.009684811001543368,-0.23509803586241937,0.23529743311498966,-0.3446985490982192
1160,9.604324100000667,195.4663266728368,317.8775223023422,38.26149925512532,62.222843135274,16.285885743626686,0.19574470910872432,-0.39808079384773265,-0.7590044751345602,16.342015639851404,0.019793979584291212,-0.2098996917903873,0.21083093283833595,-1.7084459465086301
1161,9.616920299999038,195.46828149731076,317.87853737490195,38.261881901673334,62.223041830356934,16.368810449506586,0.19574470910872432,-0.39769814729972097,-0.7592031702174964,16.31795512992341,0.06056081242495548,-0.2282520261805864,0.2361495277511978,-1.8536117229239317
1162,9.637181000000055,195.4696170662222,317.8908074394286,38.262143332221406,62.22544363056845,16.281925542049756,0.19574470910872432,-0.39743671675164904,-0.761604970429012,16.292449058211243,0.06185801950660844,-0.2715598567166897,0.2785160145436326,-2.7001471190751225
1163,9.64309990000038,195.47817926045204,317.90261824169306,38.26381933644025,62.22775553262205,16.264550086437296,0.19574470910872432,-0.3957607125328053,-0.7639168724826106,16.27598767541178,0.1579588055806589,-0.26935416054897143,0.3122541401895409,-2.343686173945162
1164,9.652121499999339,195.48017103581614,317.9140395701889,38.26420921592951,62.2299911972461,16.261073469435896,0.19574470910872432,-0.39537083304354326,-0.7661525371066631,16.252001734301107,0.20021719655495565,-0.3163198145644684,0.3743596544533417,-2.034777973579471
1165,9.657317499999408,195.49132342912006,317.92927740963705,38.26639223791265,62.23297392369633,16.203578829629368,0.19574470910872432,-0.39318781106040745,-0.7691352635568904,16.235844682797723,0.2051205203145622,-0.37296609916339774,0.4256502542925097,0.06627148370488922
1166,9.666156999999657,195.5022368326218,317.94059419371786,38.26852847890648,62.23518912430427,16.24888074395322,0.19574470910872432,-0.39105157006657265,-0.7713504641648328,16.232612967321266,0.1431313441708068,-0.2968531872153948,0.3295578802639685,0.9486105694744147
1167,9.670312000000195,195.50303113198356,317.94912254745293,38.268683958804,62.236858504425314,16.201140284532833,0.19574470910872432,-0.3908960901690577,-0.7730198442858764,16.271031565632224,0.10182263390811562,-0.17270143952403263,0.20048350553015387,1.69569863403068
1168,9.68199149999964,195.5014329844119,317.9497211275859,38.26837112987247,62.23697567331933,16.248391509055004,0.19574470910872432,-0.39120891910058475,-0.7731370131798911,16.29007545375145,-0.0011979342559035877,-0.04320002108523712,0.043216627219698656,2.894285414745637
1169,9.685528899999554,195.49848141504827,317.9429814293574,38.26779337578597,62.23565641305011,16.45316646099069,0.19574470910872432,-0.3917866731870845,-0.7718177529106711,16.29388423137529,-0.11046958287641168,0.011513205419684928,0.11106791904021723,3.2781074750483703
1170,9.696909700000106,195.49295989233627,317.9387101400542,38.266712566928874,62.234820330767924,16.298798270225483,0.19574470910872432,-0.3928674820441813,-0.7709816706284869,16.326699819907873,-0.1409581453899565,0.07458053107919752,0.1594724251017437,1.4505205110500532
1171,9.701134400000228,195.48638389398252,317.9382145223182,38.26542535004402,62.23472331621837,16.267924632072443,0.19574470910872432,-0.3941546989290359,-0.770884656078934,16.33326293761439,-0.1559076986335232,0.06397767592751,0.16852404430907472,2.843181902227531
1172,9.713241400000697,195.47926961851516,317.94356089376316,38.26403276826214,62.23576984014165,16.36521822719574,0.19574470910872432,-0.3955472807109146,-0.7719311800022126,16.33457556115569,-0.1349812402463354,-0.012747651077993832,0.13558184917770222,3.4535125070572184
1173,9.717817599999762,195.4768959568749,317.94503481572593,38.263568136554845,62.2360583525675,16.281207097587586,0.19574470910872432,-0.39601191241821,-0.7722196924280595,16.37390272209442,-0.10182247291098914,-0.06710769381752286,0.12194776980008906,4.0828418747430275
1174,9.729185300000609,195.47348729488277,317.94565506623616,38.26290090900475,62.2361797633232,16.459729578697207,0.19574470910872432,-0.39667913996830606,-0.7723411031837628,16.420832790512637,-0.05105912192494319,-0.08242976938397127,0.09696236802203678,4.5467154470428754
1175,9.733788399998957,195.47515282958005,317.9503191010317,38.263226928609576,62.23709272345753,16.49543407491913,0.19574470910872432,-0.3963531203634787,-0.7732540633180918,16.448589775875966,-0.06170856552475176,-0.08596098547392818,0.10581700280565251,4.07925915809164
1176,9.745308600000499,195.47215887389893,317.95347638170324,38.26264087762569,62.23771074444415,16.502574974163515,0.19574470910872432,-0.3969391713473627,-0.7738720843047133,16.493206114354884,-0.03327651800125028,-0.08449802161237717,0.09081432875209337,2.3277583252401666
1177,9.749547400000665,195.46851502975403,317.9557305456211,38.26192761441351,62.23815198510454,16.50400315401239,0.19574470910872432,-0.39765243455954646,-0.7743133249650995,16.483758410370978,-0.052210390909259774,-0.10578548016835686,0.11796818525919409,3.1140696925961233
1178,9.761093099999925,195.4709114112471,317.9590177804482,38.26239669341179,62.23879544392954,16.504288789982166,0.19574470910872432,-0.3971833555612676,-0.7749567837901026,16.481868869574196,-0.07568507246795132,-0.06793900519284184,0.10170515533183179,2.929978801517633
1179,9.764914899998985,195.46791706179616,317.961304432905,38.26181056534954,62.23924304404953,16.412491058777682,0.19574470910872432,-0.39776948362351305,-0.775404383910093,16.51267229686406,-0.22528476415123316,0.005629923624591346,0.22535509978408627,6.136941693566241
1180,9.777206799999476,195.464994096992,317.96187609601924,38.26123841045422,62.23935494407953,16.485986370935226,0.19574470910872432,-0.3983416385188363,-0.7755162839400924,16.575479100486096,-0.23712404862325553,0.09539001814915402,0.2555916078394985,8.762912303786385
1181,9.781238699999449,195.44853917366206,317.9554043267392,38.25801744627359,62.23808812948439,16.656592110612827,0.19574470910872432,-0.40156260269946387,-0.7742494693449515,16.65574492898394,-0.1925852771357831,0.2873130457177701,0.34588708447857347,11.481053216119133
1182,9.79317919999994,195.43466363252685,317.9343772047317,38.25530138251035,62.23397218160363,16.818037172122565,0.19574470910872432,-0.4042786664627016,-0.7701335214641958,16.785908202105382,-0.13197373615481395,0.34902556187430345,0.37314328330593555,11.17091614399196
1183,9.797440299998925,195.44039579704773,317.9147008685657,38.256423423387055,62.2301206429045,16.90561793247139,0.19574470910872432,-0.40315662558599996,-0.7662819827650651,16.843122192178893,-0.07869194543875577,0.3368295203303504,0.34589962133964536,11.60893368831362
1184,9.8091160999993,195.4493247183049,317.9032815403836,38.258171212481194,62.22788536983128,17.063307424384906,0.19574470910872432,-0.40140883649186065,-0.76404670969184,16.91912279048656,0.10538182847325285,0.2906640082910378,0.30917777327644136,7.119023820437909
1185,9.812713299999814,195.4533651151231,317.90456946956857,38.258962098781055,62.228137475154945,16.772056321302763,0.19574470910872432,-0.4006179501920002,-0.7642988150155077,16.945381259757472,0.20771724879922335,0.23991776569700318,0.3173436461405216,4.614163842375382
1186,9.825015899999926,195.46100134347805,317.8993296232515,38.26045685007909,62.227111802961836,17.03659510215118,0.19574470910872432,-0.3991231988939674,-0.7632731428223991,16.914109821287433,0.21021777132050337,0.028929577993296197,0.21219903831504433,2.963798912163945
1187,9.828868700000385,195.46659539812538,317.8975390098168,38.261551856678764,62.22676129985593,16.94932951847711,0.19574470910872432,-0.39802819229429076,-0.7629226397164928,16.907855533593427,0.2623218408614151,0.022065688879780717,0.26324825321103434,2.3618422496532845
1188,9.841101399999388,195.48383253483408,317.9069790517706,38.26492593498968,62.22860913812215,16.749260740121205,0.19574470910872432,-0.39465411398337835,-0.7647704779827151,16.971162476347594,0.2329253750043126,0.05294693392342349,0.2388673442159707,0.3400427246213744
1189,9.844719499998973,195.49141482926515,317.9040747800325,38.26641012900746,62.2280406422956,17.032035985914867,0.19574470910872432,-0.3931699199655938,-0.7642019821561661,16.983823864898426,0.2145754188254726,0.04586181508022682,0.21942177751212366,0.7828530643855216
1190,9.85681889999978,195.49591965580262,317.8988626281136,38.26729192496763,62.22702039113441,17.0885910350736,0.19574470910872432,-0.39228812400542523,-0.7631817309949724,16.949833010284372,0.14157708579397743,-0.0037184752292033843,0.14162590963501503,-0.9492233014270699
1191,9.877557399999205,195.49907146668502,317.8937830398409,38.26790887527197,62.22602608860558,17.099902044905345,0.19574470910872432,-0.3916711737010843,-0.7621874284661416,16.943034839361562,0.14496700585741934,-0.03311197191275138,0.14870048914249034,-1.7501181304542308
1192,9.883967300000222,195.49642619186656,317.89892183417896,38.26739107672211,62.227031980408455,16.77937524540685,0.19574470910872432,-0.39218897225094196,-0.7631933202690178,16.877117404884032,0.04722577365978104,-0.1209877024305909,0.12987801136912314,-4.8604691184960025
1193,9.891666199999236,195.50794138683383,317.91064354448224,38.26964511521131,62.229326443182025,16.71526988550715,0.19574470910872432,-0.3899349337617437,-0.7654877830425875,16.886130878437747,0.07509395076973772,-0.14454444966013197,0.16288707551478177,-2.7593358231791973
1194,9.896873100000448,195.5058534497358,317.91815160877684,38.26923641257142,62.23079610704334,16.702448813527212,0.19574470910872432,-0.3903436364016315,-0.766957446903902,16.82337577285552,0.03164959279817236,-0.1988924785087441,0.20139492230848663,2.6763922769198314
1195,9.906514500000412,195.5163063494945,317.91979974301455,38.27128251239403,62.23111872060027,17.133658402842162,0.19574470910872432,-0.38829753657902444,-0.7672800604608341,16.89757951248126,0.07916046431491439,-0.16840928619956602,0.18608618107962818,6.650024540953847
1196,9.910298200000398,195.51268254440487,317.9241256559685,38.2705731717209,62.23196549517308,16.786126516994216,0.19574470910872432,-0.3890068772521573,-0.768126835033641,16.9991750211486,0.021175813076596696,-0.07179279122646394,0.07485065084247164,7.414302406890751
1197,9.921469799999613,195.5216299561696,317.9243831595976,38.272324580234056,62.232015900146045,17.150393943535562,0.19574470910872432,-0.3872554687389993,-0.768177240006608,17.106248883624254,0.029775051861686525,2.899340841016826e-05,0.029775065977825362,11.346164861417755
1198,9.925759499999913,195.52169243166935,317.920327662458,38.27233680948258,62.23122205803817,17.223247428843834,0.19574470910872432,-0.38724323949047346,-0.7673833978987332,17.127663656119385,-0.04291768301290407,0.05682908631170587,0.07121427220873236,10.860216074292703
1199,9.937727099999393,195.5195222290111,317.9156287906145,38.27191200379454,62.23030227873602,17.237818125905488,0.19574470910872432,-0.38766804517851483,-0.7664636185965819,17.2187013713606,-0.013791882306937654,0.11365031444419335,0.11448410365999484,5.547606581755633
1200,9.941184199999043,195.5168510772723,317.9112039505833,38.27138913997444,62.229436139711254,17.240732265317817,0.19574470910872432,-0.38819090899861664,-0.7655974795718166,17.23690860923306,-0.2406920475661002,0.19896290504602787,0.31228016162721023,-0.4458883079914444
1201,9.953837400000339,195.51414624099777,317.90730538217707,38.2708596825847,62.22867301557264,17.241315093200285,0.19574470910872432,-0.3887203663883554,-0.7648343554332016,17.240550056807553,-0.22713556569440915,0.14538283981268504,0.2696789485950286,-1.734052598527872
1202,9.958057899999403,195.4930652162553,317.89820543489975,38.26673318352877,62.226891749039936,17.241430132897868,0.19574470910872432,-0.3928468654442838,-0.7630530889004987,17.15452358558026,-0.41688454020098065,0.10934179893228428,0.4309853232446914,-7.8332265183547385
1203,9.969934400000056,195.49735077672008,317.90323177864684,38.26757205931531,62.22787562923459,17.241454666716294,0.19574470910872432,-0.392007989657742,-0.7640369690951516,17.137318291334807,-0.3955052649080317,0.06433723508312507,0.4007039984678386,-9.567803775700394
1204,9.97387499999968,195.47753669930697,317.90531233919296,38.263693558495824,62.228282887953476,16.80768576976904,0.19574470910872432,-0.39588649047723123,-0.7644442278140389,17.047122471743524,-0.4407953121057726,-0.06950641687477774,0.44624169366072897,-10.008989084845128
1205,9.985687299998972,195.47486055422127,317.90377254280605,38.26316971725449,62.22798148095763,17.15470579409053,0.19574470910872432,-0.3964103317185632,-0.7641428208181935,17.00688665255183,-0.23996622690655073,-0.14673148410179915,0.28127196533334553,-4.501855085125808
1206,9.989882599998964,195.46911034119205,317.91682295747887,38.26204414347777,62.23053603058151,16.790335995243886,0.19574470910872432,-0.39753590549528184,-0.7666973704420741,16.998839488713493,-0.21798262953750672,-0.09434160584631823,0.2375221365973032,-8.008056742825762
1207,10.001786599999832,195.4707169163527,317.91463817345175,38.26235862206526,62.23010837066766,17.040251036939402,0.19574470910872432,-0.39722142690779805,-0.7662697105282206,17.083984816688012,0.024189579711401857,-0.0735465883118926,0.0774224542295921,-2.6064584471886447
1208,10.005460299998958,195.47410546810184,317.91127673086294,38.26302191314169,62.22945038606593,17.2012188475246,0.19574470910872432,-0.3965581358313628,-0.7656117259264903,17.014259121540732,0.0037019866247091256,-0.2221664159944331,0.22219725718554903,-0.04481643689824377
1209,10.017747500000041,195.48833074934967,317.9112374566415,38.26580643668154,62.229442698344876,17.23341240964164,0.19574470910872432,-0.3937736122915183,-0.7656040382054385,17.06487178280424,0.00566770147862182,-0.1358689953071579,0.1359871564737908,0.4450973845450047
1210,10.021184999999605,195.4857530364585,317.92383902724634,38.26530186302149,62.231909389117234,16.80607731835411,0.19574470910872432,-0.3942781859515634,-0.768070728977797,17.09719097033038,-0.1526107960409371,-0.07108616118872593,0.1683546773356714,-3.9274157988035
1211,10.033347500000673,195.46969341658533,317.93486295505375,38.26215827740102,62.23406726465913,17.04339930156145,0.19574470910872432,-0.3974217715720343,-0.7702286045196942,17.10365450265983,-0.24086682342760157,-0.08788736690157829,0.2564001089878786,1.1284029989712108
1212,10.037426200000482,195.45375376796468,317.9273650307556,38.25903817551848,62.232599585648465,17.201846974570103,0.19574470910872432,-0.4005418734545785,-0.768760925509028,17.043657231098372,-0.3231505425985203,-0.20953830181971905,0.3851396800009183,2.1601644169381986
1213,10.049293199999738,195.43794710898337,317.9215995584701,38.2559441056542,62.23147102495307,17.233536509171834,0.19574470910872432,-0.40363594331885366,-0.7676323648136361,17.11841223235249,-0.2936648087916431,-0.06968701042173343,0.3018199783714641,0.40444326026298477
1214,10.053297099999327,195.434167105615,317.93402842965656,38.25520418999442,62.23390391072801,16.933426051834367,0.19574470910872432,-0.40437585897863215,-0.7700652505885728,17.15556019305253,-0.1773963330130927,-0.034245714670229875,0.18067160247190725,1.2826815081013139
1215,10.065216599999985,195.4342062966674,317.93514437548055,38.25521186143558,62.23412235121871,17.179852324624687,0.19574470910872432,-0.4043681875374716,-0.7702836910792712,17.16299009036832,0.03588586988362509,-0.1158377042987275,0.12126899601507346,5.326874628439183
1216,10.069177199999103,195.44073922675474,317.93514870373343,38.25649064793515,62.234123198451314,17.22913910506166,0.19574470910872432,-0.4030894010379029,-0.770284538311877,17.18248662891351,0.06207122246903986,-0.12232641564663287,0.13717357115623194,4.234862951656173
1217,10.081006000000343,195.45895494829026,317.93805658511303,38.26005627904833,62.234692400846086,17.238996461149053,0.19574470910872432,-0.39952376992472693,-0.7708537407066487,17.247675914649893,-0.21563490849179046,0.12290584412614979,0.24820205535132916,2.5145321195192887
1218,10.096539399999529,195.4486544475218,317.9330843977431,38.25804001052173,62.233719121475715,17.33101920189778,0.19574470910872432,-0.4015400384513228,-0.7698804613362782,17.260713771797167,-0.31200777490645304,0.1278822142880082,0.3371983278921767,2.3983016741790295
1219,10.100395100000242,195.41766364239803,317.9209007991428,38.25197372438773,62.231334246511814,17.259372480516276,0.19574470910872432,-0.4076063245853234,-0.7674955863723767,17.26332134322662,-0.24422732599067676,-0.022574362304432355,0.24526840113232704,1.4192626875630205
1220,10.112749699999767,195.38729097163466,317.920487040606,38.24602843478431,62.23125325546739,17.245041610361067,0.19574470910872432,-0.41355161418874786,-0.7674145953279492,17.263842552336733,-0.30282862646015,-0.044859838208267576,0.3061332750417913,-1.1059267855079933
1221,10.116539200000261,195.40010261961766,317.9350549266554,38.24853624709194,62.234104842084456,17.242176962208934,0.19574470910872432,-0.4110438018811138,-0.7702661819450185,17.263946488982974,-0.2990436454446623,0.11257176557618742,0.31953013048188894,-1.2428930635361952
1222,10.128729699999894,195.40062761413293,317.9449911486561,38.24863901199062,62.23604980496961,17.2416025066996,0.19574470910872432,-0.410941036982436,-0.7722111448301732,17.177212515570034,-0.10653642535756647,-0.043112106714967194,0.11492895054498257,-0.8196889299188258
1223,10.133023599999433,195.39819538619923,317.9263494106992,38.24816291624125,62.23240078339596,17.331538885128985,0.19574470910872432,-0.41141713273180613,-0.7685621232565225,17.177875974793697,-0.11392777634003197,-0.009073057892740051,0.11428848848991469,-4.820189841649168
1224,10.144859300000462,195.36126378185253,317.93601697913965,38.240933750091486,62.23429315876813,16.82570261345158,0.19574470910872432,-0.4186462988815691,-0.7704544986286948,17.210924926404054,-0.27294761041006466,0.13337873600166367,0.30379316194734524,-5.084131491331482
1225,10.148874500000602,195.35063470156666,317.932391390781,38.238853163862835,62.23358346902951,17.248358906479382,0.19574470910872432,-0.42072688511021994,-0.7697448088900742,17.13078026115972,-0.3843332657389177,0.13935236395833078,0.40881675662124783,1.4578713100309244
1226,10.161278100000345,195.34218672104595,317.934941109414,38.23719951637325,62.234082562961646,17.40742172026072,0.19574470910872432,-0.4223805325998029,-0.7702439028222088,17.114751328110856,-0.36245368246017196,-0.01273356270984249,0.3626772884372892,1.7670972493290247
1227,10.16524600000048,195.33106822567163,317.9375698110449,38.23502312973048,62.23459711739772,16.840879180477927,0.19574470910872432,-0.4245569192425762,-0.7707584572582817,17.216310250973734,-0.2401772732291013,-0.008568688034838661,0.24033007508508952,0.6542549007244668
1228,10.17718959999911,195.33097796340033,317.9321158414331,38.23500546136844,62.23352953170256,17.25139421988465,0.19574470910872432,-0.4245745876046172,-0.769690871563121,17.23662203554631,-0.13470229433019562,-0.05778033948677857,0.14657174260076883,6.322640048772399
1229,10.1811017,195.3309897301079,317.93489511026064,38.235007764639185,62.23407355887075,17.333497227765996,0.19574470910872432,-0.42457228433386973,-0.7702348987313101,17.225778081425673,-0.06971383186574762,-6.105043624191064e-05,0.06971385859756647,7.554714321697751
1230,10.19334229999913,195.3315648763746,317.9392291486589,38.23512034647786,62.234921923956286,17.349917829342264,0.19574470910872432,-0.4244597024951915,-0.7710832638168483,17.3283740000742,0.04041211865304299,0.054373444031111884,0.06774666596838609,2.5057889874685566
1231,10.197557399998914,195.33569120688662,317.9338810786686,38.23592805384362,62.233875067551736,17.353201949657517,0.19574470910872432,-0.42365199512943263,-0.7700364074122987,17.348893488979687,-0.1062655202703498,0.164588562262811,0.1959126224265995,2.964175613277701
1232,10.209266800000478,195.33581870626267,317.9253571715226,38.2359530111719,62.23220655782697,17.353858773720567,0.19574470910872432,-0.42362703780115396,-0.7683678976875328,17.352997691936565,-0.09215735322167451,0.17836977906411233,0.20077040577785543,3.568256591404614
1233,10.213205899999593,195.32103048222973,317.91246874844705,38.23305829456034,62.22968371720118,17.353991664412085,0.19574470910872432,-0.4265217544127182,-0.7658450570617461,17.368724843563097,-0.07049186486662161,0.2284987653829779,0.23912504844519994,1.9246986764367144
1234,10.225864599999113,195.32563039277423,317.91700573691645,38.233958702711796,62.230571808689355,17.35401824255039,0.19574470910872432,-0.42562134626125925,-0.7667331485499176,17.371870579064186,-0.07221092779153791,0.18779908267615075,0.20120366186160332,1.4041918462000267
1235,10.229705100000501,195.32793622368183,317.9134479063971,38.234410056912054,62.229875382189284,17.428553587474923,0.19574470910872432,-0.4251699920610008,-0.7660367220498472,17.372499726164403,0.07370290129469152,0.06869359251662466,0.10075181046559467,-3.858734392887176
1236,10.241875499999878,195.339315904065,317.91065872952896,38.23663756913841,62.229329415574576,17.368930627162953,0.19574470910872432,-0.4229424798346457,-0.7654907554351382,17.400072454998508,0.16879980832766964,-0.06316637748238549,0.18023142493945174,-4.7762955914560035
1237,10.245698099999572,195.35360491595765,317.9195058078705,38.239434567614786,62.231061184351006,17.357004509221653,0.19574470910872432,-0.42014548135826857,-0.7672225242115687,17.30082198611689,0.21441189931417345,-0.24409149603450833,0.32488939810938067,-4.914252845522347
1238,10.257977699999174,195.33733311375505,317.9206876091942,38.236249448425966,62.23129251570734,17.49185530858261,0.19574470910872432,-0.4233306005470894,-0.7674538555679007,17.293512785895253,0.19570431809886782,-0.2748052266020786,0.3373693712985259,-4.50856259350402
1239,10.261291099999653,195.34239754845828,317.9371878935095,38.23724078472375,62.23452235906084,16.857765898142304,0.19574470910872432,-0.42233926424930246,-0.7706836989214025,17.292050640675146,-0.04491064467615402,-0.13741983282874679,0.1445723917624263,-6.194904504188711
1240,10.273677699999098,195.34391542715363,317.9354307014047,38.23753790144743,62.23417839800344,17.39200758636674,0.19574470910872432,-0.4220421475256231,-0.7703397378640062,17.319205416220967,-0.2583770309426112,-0.0333763449459914,0.2605238386802115,0.6719839706254553
1241,10.277248200000031,195.32530914853646,317.9220824678316,38.23389582085192,62.23156555190557,17.36161990106241,0.19574470910872432,-0.4256842281211348,-0.7677268917661308,17.29718916674029,-0.2407824490334302,-0.06534710701318248,0.24949234889577024,0.3909897044489228
1242,10.289238400000613,195.3047502912845,317.9179672111962,38.229871533319525,62.230760012192555,17.492778386950764,0.19574470910872432,-0.4297085156535303,-0.7669213520531173,17.39755093149259,-0.26507566915237685,0.10421848363324226,0.284827320858433,1.2471456366929914
1243,10.292925300000206,195.3015217403016,317.9213329282873,38.229239561546535,62.2314188335055,17.381774061179218,0.19574470910872432,-0.43034048742651976,-0.7675801733660634,17.390176385028987,-0.2960502103163158,0.09745132353930157,0.31167689598027065,0.580610617899313
1244,10.30488030000015,195.3123761320969,317.9290865890054,38.23136425131106,62.23293657156729,17.35957472190381,0.19574470910872432,-0.42821579766199847,-0.7690979114278562,17.43607757436908,-0.23518006893664808,-0.037993566878081066,0.23822925082610188,4.315072104121036
1245,10.320897999999943,195.30166581036798,317.92958304861855,38.229267762499774,62.233033750909854,17.355134854048732,0.19574470910872432,-0.43031228647328135,-0.7691950907704168,17.417810912823036,-0.12917519077648335,-0.055297606945420685,0.14051354114828615,2.7824775249433698
1246,10.324394100000063,195.2888830968791,317.9286085307093,38.226765613966265,62.232842994185184,17.59112584776287,0.19574470910872432,-0.4328144350067902,-0.7690043340457464,17.46153367914664,-0.22859678457203633,0.04882808723743949,0.2337534427980495,3.2753011459173518
1247,10.336756200000309,195.30115983061626,317.92982974498204,38.229168719640455,62.23308204041776,17.401445079220544,0.19574470910872432,-0.43041132933259973,-0.7692433802783256,17.470277927235582,-0.30925580409622877,0.11594396488152159,0.33027587765329236,4.526157527994565
1248,10.340525300000081,195.2882873941775,317.9232457052885,38.22664900831423,62.23179324948318,17.600387892797237,0.19574470910872432,-0.43293104065882204,-0.7679545893437449,17.472026471677587,-0.25218070738594905,0.09638225427163433,0.269971569088598,8.381068570803794
1249,10.353000499999325,195.27391129556585,317.9099496099159,38.22383496307337,62.229190609162195,17.403295962348512,0.19574470910872432,-0.43574508589968275,-0.765351949022758,17.59794838515583,-0.1292141594694197,0.17506094542938827,0.21758362443442264,6.56831104411174
1250,10.357001799999125,195.2770692850731,317.91207297376803,38.22445312281084,62.229606246401765,17.363877576258766,0.19574470910872432,-0.43512692616221216,-0.7657675862623279,17.670508561308512,-0.04699820399042015,0.18411209596643627,0.19001603895324043,6.874668488872585
1251,10.369061699999293,195.27085499827024,317.88447423709437,38.223236709048294,62.22420393971981,18.2207354151541,0.19574470910872432,-0.43634333992476115,-0.7603652795803697,17.71202316001561,0.04457945987819165,0.12303985445831724,0.13086685611015184,8.031349207460822
1252,10.372769800000242,195.28232480303436,317.88398324433217,38.22548186264538,62.2241078304844,17.764245959983946,0.19574470910872432,-0.43409818632767383,-0.7602691703449622,17.72032607975703,0.041727143913532085,0.026057329401909246,0.04919490781310828,6.834650727097366
1253,10.384941300000719,195.26922774616875,317.88170900688385,38.22291818305904,62.22366266053663,17.807960886332726,0.19574470910872432,-0.43666186591401157,-0.7598240003971952,17.79636532581469,-0.019998551364301963,0.0351847194715337,0.040471058065748,3.6868959629840883
1254,10.388641100000314,195.2646946318547,317.88693115797093,38.22203084991628,62.224684868982095,17.44481056105561,0.19574470910872432,-0.43754919905677525,-0.7608462088426577,17.81157256467466,0.4635783851434202,0.01921316467266721,0.4639763624032158,3.3156443589820936
1255,10.401183599999058,195.25481806714336,317.8906628432037,38.22009756462987,62.22541532662247,17.74407380654706,0.19574470910872432,-0.4394824843431877,-0.7615766664830304,17.841616575923215,0.4691255596539219,-0.04297808355882557,0.4710901255460518,4.065168856307364
1256,10.404971800000567,195.2996588014538,317.88353912388686,38.22887490112369,62.224020896257024,18.296771609453945,0.19574470910872432,-0.4307051478493662,-0.7601822361175863,17.847625072997143,0.7111485326385114,-0.19189565274311599,0.7365841275887055,3.574296448349074
1257,10.417596400000548,195.34049773869353,317.9019226838037,38.236868907013985,62.22761938084533,17.914466016226726,0.19574470910872432,-0.4227111419590699,-0.7637807207058955,17.923205434521304,0.6943983502412295,-0.15054321620113573,0.7105296114602988,0.9924299382459116
1258,10.421581700000388,195.3608469383355,317.91633760454465,38.2408521551785,62.23044102531259,17.838003371702378,0.19574470910872432,-0.41872789379455355,-0.7666023651731493,17.93832150682614,0.4626378522275017,-0.2835753695896124,0.5426313412912683,-0.604997444732724
1259,10.433789900000193,195.34066568355848,317.9206737566049,38.236901781332726,62.231289804136274,17.822712368676413,0.19574470910872432,-0.4226782676403289,-0.767451143996837,17.830900995701167,-0.07839815365531617,-0.3685736126617309,0.3768192915006903,-0.9934969300093405
1260,10.437631999999212,195.31489511962008,317.9348727238192,38.23185732979103,62.23406917684328,17.81965416807122,0.19574470910872432,-0.42772271918202165,-0.7702305167038404,17.809416893476175,-0.38615225837734923,-0.33260204072931226,0.5096446645921354,-3.8205300046989676
1261,10.44968770000014,195.29098879455347,317.93837668925556,38.22717779314501,62.23475505953835,17.75966905382909,0.19574470910872432,-0.4324022558280447,-0.7709163993989137,17.805120378206958,-0.6263507875416281,-0.19445179727291342,0.6558405374149145,-4.672329882315898
1262,10.453106999999363,195.27517029434148,317.9402139843256,38.22408140542248,62.23511470032739,17.807045505101755,0.19574470910872432,-0.43549864355057366,-0.7712760401879493,17.77725851167655,-0.6563641701189885,-0.2037829994097116,0.6872710052551373,-2.289101242587382
1263,10.46506380000028,195.26286148227678,317.94126840086653,38.2216720205854,62.235321096786464,17.81652079535629,0.19574470910872432,-0.4379080283876533,-0.7714824366470268,17.77168613837047,-0.4371415422427839,-0.0630860662784681,0.44167021601291034,-1.1374066465996229
1264,10.468515799999295,195.25450855294224,317.94331728332213,38.2200369788626,62.235722154686734,17.683403036024384,0.19574470910872432,-0.439543070110453,-0.7718834945472963,17.78244635853347,-0.49233983978152884,-0.032298953455870444,0.4933981558847236,-1.6659502476153358
1265,10.481424499999775,195.24020947466136,317.9446305903618,38.21723800994399,62.23597922759118,17.791792301540816,0.19574470910872432,-0.44234203902906444,-0.7721405674517428,17.784598402566072,-0.342935015203489,-0.05224628726435453,0.3468920569651699,0.370086359437914
1266,10.485240500000145,195.22726199390948,317.9427387633131,38.21470360909052,62.23560891245585,17.8134701546441,0.19574470910872432,-0.44487643988253467,-0.7717702523164149,17.77315381137259,0.14518986764855563,-0.21575739366406205,0.2600602826048494,0.7078874867094205
1267,10.497404100000495,195.2174104386629,317.95547228848454,38.21277521927451,62.23810143263646,17.81780572526476,0.19574470910872432,-0.44680482969854296,-0.7742627724970248,17.797867456610454,0.23863145379591758,-0.1867900770516514,0.303043732200016,-0.3549505413555513
1268,10.50144569999975,195.26364216044698,317.97270901450395,38.221824834206735,62.24147543055712,17.75929783938889,0.19574470910872432,-0.4377552147663195,-0.7776367704176792,17.80281018565803,0.21077995439880137,-0.13530953011531405,0.2504732682670705,3.9166075638046434
1269,10.513285900000483,195.26325245905707,317.97097571554,38.22174855222153,62.24113614645563,17.806971262213715,0.19574470910872432,-0.437831496751528,-0.7772974863161934,17.77679616799098,0.3286773064615464,-0.1428879729090687,0.35839328200299747,5.056043073956073
1270,10.517623600000661,195.2553616071959,317.9657129840608,38.22020395971934,62.24010599461311,17.81650594677868,0.19574470910872432,-0.4393760892537131,-0.7762673344736726,17.870163005570852,0.3561396334099117,-0.03613797200932474,0.3579684224988191,4.708063948550508
1271,10.528945899999599,195.25104285541227,317.96229158830033,38.21935858690774,62.23943627449523,17.683400066308863,0.19574470910872432,-0.44022146206531687,-0.7755976143557959,17.90071137308683,-0.11680472342411635,0.15952305521254062,0.19771431045457383,7.182394239019748
1272,10.549878399999216,195.24877298191947,317.9271268521532,38.21891427118118,62.232552963447226,18.284639913164117,0.19574470910872432,-0.4406657777918781,-0.7687143033077888,17.90682104659002,-0.1258990508956023,0.13879847852900515,0.18739153838522207,8.918213452970026
1273,10.557218899999498,195.2440627523158,317.9217460074719,38.217992268657575,62.23149969157032,17.91203967696876,0.19574470910872432,-0.44158778031547996,-0.7676610314308832,18.006612317228164,0.10828024868699188,0.23218112922749184,0.2561887761496785,1.6196247230797676
1274,10.564463700000488,195.2421413289481,317.92452066934845,38.21761616019939,62.23204281695223,17.83751962972969,0.19574470910872432,-0.4419638887736639,-0.7682041568127929,18.05357313483235,0.12296797454958047,0.21771355733862346,0.2500406283264069,0.6200423908539581
1275,10.57042139999976,195.26694097188545,317.90308146128245,38.22247055909216,62.227846205405825,18.315462299969376,0.19574470910872432,-0.43710948988089626,-0.7640075452663879,17.96439565723991,0.028771155305051824,0.009704238937954746,0.030363656416056494,4.319233422448493
1276,10.578176499999245,195.2668924084987,317.9036039224495,38.22246105306615,62.227948474414994,17.918204154329814,0.19574470910872432,-0.43711899590690706,-0.7641098142755567,17.946560161721422,0.01744501010697875,-0.11498008422273202,0.11629595068401626,0.2049169139127307
1277,10.583233100000143,195.2541773257575,317.9219764200655,38.21997214289368,62.231544793616436,17.8387525252019,0.19574470910872432,-0.43960790607937383,-0.7677061334769988,18.041562703731003,0.0021958328325105136,0.17887523710670397,0.1788887143779839,3.434967621901863
1278,10.59463759999926,195.24355989540422,317.9499383799187,38.217893837077696,62.23701819931401,17.822862199376317,0.19574470910872432,-0.44168621189535884,-0.7731795391745706,17.96199387619542,-0.17856511646225676,-0.005247544806296266,0.17864220538180056,7.034976971916184
1279,10.598289699999441,195.24116875192723,317.9239241091398,38.21742578339335,62.23192604344772,18.312532339777608,0.19574470910872432,-0.4421542655797026,-0.7680873833082842,18.044649141450023,-0.3452999666302345,-0.22156951025878485,0.4102744384325677,8.714735933887646
1280,10.609496999999465,195.23607343798182,317.93630329290994,38.21642840264729,62.23434920317381,17.91761816229146,0.19574470910872432,-0.44315164632576654,-0.7705105430343693,18.07862526286032,-0.25626291310909804,-0.0939647629856306,0.27294698627775116,5.038480423063137
1281,10.613471499998923,195.21912120373372,317.9585326103369,38.21311009248566,62.23870047444723,18.331480480602824,0.19574470910872432,-0.4464699564873982,-0.7748618143077906,18.102865555501754,-0.2694669230285058,-0.1800681918686694,0.32409408561296305,12.403423432683192
1282,10.62539629999992,195.21625643618734,317.9629913068811,38.21254932939562,62.23957324070528,18.00863313225338,0.19574470910872432,-0.4470307195774339,-0.775734580565846,18.10771361403004,-0.28773076926147956,-0.5175434198165855,0.5921487878694418,8.204413853576341
1283,10.628731200000402,195.2120269081191,317.9785026484976,38.21172142165424,62.2426095037579,17.94406366258349,0.19574470910872432,-0.44785862731881565,-0.7787708436184602,18.20725286684898,-0.4063585934432593,-0.6356512595378788,0.7544400772873058,11.809085142216702
1284,10.640891200000624,195.19839246921728,317.99670848683144,38.20905255237754,62.24617320028663,18.33677263241904,0.19574470910872432,-0.4505274965955124,-0.7823345401471897,18.22716132776433,-0.27982235034524183,-0.46288027518896363,0.5408869539115784,12.221353685172373
1285,10.644933300000048,195.18430652184534,318.013367795536,38.2062953027067,62.249434171822955,18.415314426386153,0.19574470910872432,-0.4532847462663554,-0.7855955116835176,18.312267592701303,-0.3716668556670599,-0.5626229073167242,0.6743002205538438,9.073610502054395
1286,10.656960500000423,195.17188153158438,318.0275576471262,38.20386317660239,62.25221176019477,18.431022785179575,0.19574470910872432,-0.45571687237066527,-0.7883731000553311,18.410413113266824,-0.266010601883486,-0.4398386406185167,0.5140230248690804,2.894787027534872
1287,10.660971400000562,195.16150828572813,318.0392761915667,38.20183266860975,62.25450560326746,18.43416445693826,0.19574470910872432,-0.4577473803633083,-0.7906669431280235,18.34891733945024,-0.07067168889639139,-0.4731607596880794,0.47840943983168727,2.44224273543053
1288,10.672726099999636,195.17832415395156,318.0570831470128,38.20512428584355,62.25799122058137,18.43479126541109,0.19574470910872432,-0.4544557631295021,-0.7941525604419297,18.33661757433536,0.1298044213134838,-0.3540316448207226,0.37707770197532847,-1.7767454373269538
1289,10.676658799999132,195.193537337316,318.06631851624536,38.20810218599584,62.259798995245305,18.029293763336124,0.19574470910872432,-0.4514778629772138,-0.7959603351058675,18.334157621312386,0.10898300947922959,-0.3470710163237848,0.3637795853634103,-3.414042827942174
1290,10.688965299999836,195.21367135215127,318.0795907984949,38.21204331287296,62.26239697427345,18.353815600811757,0.19574470910872432,-0.4475367361000977,-0.7985583141340129,18.33366563070779,0.17575887167527318,-0.23432813210132905,0.2929178288644497,0.9417396260506692
1291,10.692710699999225,195.20781008046947,318.0833437445456,38.2108959999526,62.26313159360644,18.418723020064697,0.19574470910872432,-0.4486840490204571,-0.7992929334670009,18.333567537762654,0.009827441186105984,-0.16614405724762643,0.1664344506373874,1.969958603484407
1292,10.705291500000385,195.19673172543963,318.0838699937536,38.20872747056988,62.26323460410458,18.431704503915284,0.19574470910872432,-0.45085257840317183,-0.7993959439651448,18.414672797103314,-0.17407279625469435,-0.06860709449327625,0.18710497537675919,2.1492792487942416
1293,10.709253099999842,195.18560794967044,318.08297158779385,38.20655005031775,62.26305874589133,18.434300800685403,0.19574470910872432,-0.45302999865530325,-0.799220085751891,18.430894459323007,-0.32266543376305556,-0.0043714736471100295,0.32269504478276106,2.1902448912121644
1294,10.721220800000083,195.1756858924469,318.08125925437037,38.204607860112766,62.26272356568345,18.434820060039424,0.19574470910872432,-0.4549721888602889,-0.7988849055440141,18.434138791766948,-0.285290649110255,0.04335140727873749,0.2885655887017674,2.197705825128524
1295,10.725156900000002,195.16718578585585,318.0790458926941,38.20294400922071,62.26229031184599,18.43492391191023,0.19574470910872432,-0.4566360397523468,-0.7984516517065501,18.434787658255736,-0.3172896998265746,0.07587700530436686,0.32623622354054543,0.9098711851605016
1296,10.736778099999356,195.16009402336826,318.076524168486,38.201555834235506,62.26179669767441,18.43494468228439,0.19574470910872432,-0.4580242147375486,-0.7979580375349755,18.43491682120193,-0.2202099466837987,0.07466488522555281,0.23252368847974703,0.09099096005342999
1297,10.740187999999762,195.15430420652567,318.07383380091056,38.20042250822186,62.261270072455964,18.434948836359222,0.19574470910872432,-0.4591575407511925,-0.7974314123165271,18.43494265379117,-0.22424027005865782,0.09693107405406066,0.24429353620849975,0.03678852978264669
1298,10.754259400000592,195.14968673888728,318.07107838430966,38.19951866336217,62.260730714234946,18.43494661541638,0.19574470910872432,-0.46006138561088505,-0.7968920540955082,18.434947209957457,-0.1485126685254115,0.0836402814755016,0.1704456200605926,0.0038091756392198617
1299,10.758088799999314,195.14611766860855,318.0683524818196,38.19882003673867,62.26019713324497,18.434949222985622,0.19574470910872432,-0.4607600122343882,-0.7963584731055349,18.43494751083915,-0.1282272733764058,0.07992398588891023,0.1510962513033273,0.0015912005134746392
1300,10.76987790000021,195.14346301090214,318.0657255105916,38.19830040153814,62.25968291752611,18.434946692741658,0.19574470910872432,-0.4612796474349139,-0.7958442573866762,18.434946960663925,-0.06724548406172377,0.05941430924053452,0.08973302217815586,7.836213118516628e-05
1301,10.790258600000016,195.14158627274506,318.0632377130971,38.19793303997351,62.259195944329235,18.434946186692866,0.19574470910872432,-0.4616470089995417,-0.795357284189798,18.434947460980446,-0.057896472719164434,0.062451835363554836,0.08516004517141539,3.014560876368576e-05
1302,10.798907399999734,195.140373222239,318.06094492632116,38.19769559175507,62.25874714344872,18.434946085483105,0.19574470910872432,-0.4618844572179839,-0.7949084833092854,18.434947561043746,-0.022794763072405026,0.04543990075449724,0.0508368547817982,3.6255494668455785e-05
1303,10.806529100000262,195.13969230458318,318.05886110950996,38.197562305726606,62.25833924733318,18.434949116998965,0.19574470910872432,-0.46201774324644873,-0.7945005871937454,18.434948191407972,-0.013315989316196,0.04765920783698332,0.049484499220643005,6.084480291351831e-05
1304,10.813277799999923,195.13945341061844,318.05698975247515,38.19751554349697,62.25797293909476,18.43494972330214,0.19574470910872432,-0.4620645054760857,-0.7941342789553261,18.434948927832377,-0.00660048023172532,0.05452028631981994,0.05491837542830762,3.4189567478674126e-05
1305,10.819209499999488,195.13955390441242,318.05533172766957,38.19753521462544,62.257648389511495,18.434949844562773,0.19574470910872432,-0.46204483434761556,-0.7938097293720574,18.43494938029304,0.09401353222471741,0.01759100525482043,0.0956451133474319,1.8414225474780892e-05
1306,10.823990799999592,195.13993379470662,318.05391014139,38.19760957614057,62.25737012151873,18.4349498688149,0.19574470910872432,-0.4619704728324834,-0.7935314613792954,18.43494886043361,0.13247055301130806,0.006545988572318309,0.13263218833115398,-3.360510384521301e-05
1307,10.834603699999207,195.16572075336416,318.0611078454061,38.20265723686179,62.25877903399762,18.434948347786417,0.19574470910872432,-0.45692281211126584,-0.7949403738581822,18.43494814611016,0.12859330618733028,0.001187864493051356,0.12859879244472838,-5.804771480933291e-05
1308,10.83884980000039,195.16951246373168,318.06114488127344,38.203399444104704,62.25878628357269,18.434946517701817,0.19574470910872432,-0.45618060486835077,-0.7949476234332522,18.43494739289391,0.09959917038561229,0.009707749839984871,0.10007115043037107,-9.13645033969605e-05
1309,10.850356200000533,195.16796557931184,318.05952907920505,38.20309664966392,62.258469998866836,18.434946151684898,0.19574470910872432,-0.4564833993091355,-0.7946313387273989,18.434947242250658,0.08710445677080528,0.0039286669957276435,0.08719300897262582,-6.016345446073086e-05
1310,10.854069200000595,195.1652785957557,318.0576831731216,38.20257068684934,62.25810867251749,18.434946078481513,0.19574470910872432,-0.45700936212371346,-0.7942700123780497,18.434946906946227,-0.035990990680685064,0.047297806236356724,0.059434282068088484,-4.059507301207375e-05
1311,10.86556070000006,195.16252402515963,318.05596284650306,38.202031494229296,62.257771927683976,18.43494911559865,0.19574470910872432,-0.45754855474375944,-0.7939332675445385,18.434947450236905,-0.07771403195063782,0.0515703164051165,0.09326825985376044,-1.4571304139167007e-07
1312,10.869119200000569,195.15998143963952,318.0544341320359,38.201533796566274,62.25747268991529,18.434946671264264,0.19574470910872432,-0.4580462524067812,-0.793634029775852,18.43494755889504,-0.09330487456965335,0.05777182151798392,0.10974234816133895,5.998365721865884e-06
1313,10.88227089999964,195.15770928813254,318.0531135378918,38.20108903493049,62.2572141905987,18.434949234155198,0.19574470910872432,-0.45849101404256487,-0.7933755304592651,18.43494788580245,-0.09706376313777586,-0.038786562491496146,0.10452641553393568,3.4171599625884416e-05
1314,10.885979799999404,195.15573362696477,318.0520051911136,38.20070230970991,62.25699723758101,18.434946694975572,0.19574470910872432,-0.45887773926314424,-0.7931585774415737,18.43494795118393,-0.11013458173454871,-0.06602106488503715,0.12840719256489597,3.05350281207896e-05
1315,10.898310099999435,195.14562667456346,318.0762871254151,38.19872392725214,62.261750297747454,18.434947713018552,0.19574470910872432,-0.4608561217209157,-0.7979116376080171,18.434948574611788,-0.11224171517965054,-0.15893159568130727,0.19456992247589636,2.4863101044301523e-05
1316,10.902595600000495,195.1431686010139,318.0786268350647,38.19824277236022,62.26220828353222,18.434949442506056,0.19574470910872432,-0.46133727661283785,-0.7983696233927802,18.434948699297358,-0.11289791908919043,-0.1547266786274648,0.19153664196115625,3.447944568545782e-05
1317,10.914059999999154,195.13436011289997,318.100909760524,38.19651855741666,62.26657004829434,18.434949788403557,0.19574470910872432,-0.4630614915563953,-0.8027313881549034,18.434948724234474,-0.08790415955791656,-0.1453280154159052,0.16984514515378188,3.2021259330733954e-05
1318,10.918312399999195,195.13355417007068,318.1000260241154,38.196360798371984,62.2663970615681,18.434949857583057,0.19574470910872432,-0.46321925060107105,-0.8025584014286622,18.43494903439768,-0.11691967803307651,-0.23342217971181467,0.2610672807779117,2.2488469533470707e-05
1319,10.92993480000041,195.134783195838,318.09376260954446,38.1966013736633,62.26517103130489,18.434946819661143,0.19574470910872432,-0.4629786753097562,-0.8013323711654508,18.43494909643032,-0.12115499742922892,-0.2871449987135118,0.3116581198818012,1.1262763663387392e-05
1320,10.934217800000624,195.12809811219194,318.1118348174252,38.19529280390963,62.26870857037945,18.434949263834575,0.19574470910872432,-0.46428724506342434,-0.804869910240015,18.434949108836847,-0.15855010001683223,-0.4040797942862066,0.43407213037205067,2.3032416885472932e-05
1321,10.945414699999674,195.12046446945425,318.13331301343834,38.1937985587325,62.27291281361023,18.43494975266926,0.19574470910872432,-0.46578149024055193,-0.8090741534707959,18.434948806142373,-0.17062329953553468,-0.4688590320312593,0.4989399786163484,4.0720486400097404e-06
1322,10.949423599999136,195.11355499065456,318.15307922992207,38.19244606481477,62.276781945906016,18.434949850436197,0.19574470910872432,-0.4671339841582878,-0.812943285766579,18.43494905077926,0.07999160793258442,-0.4657448159371279,0.47256416592030065,6.92235777766367e-07
1323,10.961143999998967,195.1077191919996,318.1700370804297,38.19130373810463,62.28010135542075,18.43494834411068,0.19574470910872432,-0.4682763108684256,-0.8162626952813099,18.434948794530854,0.1421521319630929,-0.33117106745212965,0.36039076644530665,-5.875434769698351e-08
1324,10.965576700000383,195.13656419741397,318.16729564706054,38.19694999529871,62.27956473434336,18.434948042845576,0.19574470910872432,-0.46263005367434573,-0.8157260742039227,18.434948743281176,0.11401369555580906,-0.3514105412707834,0.36944348862920523,1.940046897577658e-05
1325,10.977519399999437,195.13688610550582,318.17663531313235,38.19701300710451,62.28139292456176,18.434947982592554,0.19574470910872432,-0.4625670418685459,-0.8175542644223199,18.434948733031238,0.15880514098755955,-0.18868495119774906,0.24661930908299864,2.714011762610847
1326,10.981833599998936,195.13084399341747,318.1871413111933,38.19583029563137,62.28344941809609,18.434949496420856,0.19574470910872432,-0.46374975334168766,-0.819610757956653,18.434949036157033,0.18346781339499904,-0.08779789029216914,0.20339348094690243,3.121844234093797
1327,10.993684299999586,195.12397763043444,318.1963138312163,38.19448624140662,62.285244890359785,18.434949799186516,0.19574470910872432,-0.4650938075664328,-0.8214062302203473,18.595763305766564,-0.04637644132603225,0.1913587210174987,0.19689828445042332,3.4821908866141134
1328,11.009457199999815,195.12606047816524,318.1784882478431,38.194893947829804,62.281755626727715,18.434949859739646,0.19574470910872432,-0.4646861011432506,-0.8179169665882782,18.627926464864252,-0.034870957492840894,0.2953406048491424,0.2973920922773919,3.5036835499538426
1329,11.013027299999521,195.1283321361429,318.1508232338358,38.195338612859835,62.276340346608364,19.239019390893244,0.19574470910872432,-0.46424143611321966,-0.8125016864689272,18.634358791508006,0.06427683832076804,0.6110257793741637,0.614397277829515,12.990425790297085
1330,11.02499859999989,195.1321730608912,318.1283887918574,38.1960904535574,62.27194892328928,18.595763778080993,0.19574470910872432,-0.46348959541565193,-0.8081102631498425,18.635645256836757,0.07139734369977058,0.6134285938027381,0.617569607722229,8.208452685758239
1331,11.02839429999949,195.13601720321108,318.10927615304246,38.19684292407758,62.26820772536415,18.467111129639637,0.19574470910872432,-0.4627371248954759,-0.8043690652247122,18.79671614853532,0.08574101462637285,0.7832798790873409,0.7879586858282858,15.110096154049728
1332,11.040831599999365,195.13107308742386,318.1181393507606,38.19587513957101,62.269942649423264,18.441382125830273,0.19574470910872432,-0.4637049094020469,-0.8061039892838266,18.66811642306644,0.04527636537899217,0.4489111616047782,0.45118863048095886,15.17062545981441
1333,11.044528000000355,195.1329155191704,318.0979247302683,38.19623578583729,62.265985744415254,19.24030431823246,0.19574470910872432,-0.4633442631357667,-0.8021470842758163,18.803210076605477,0.054393023361154015,0.5618395084015614,0.5644663268887483,23.72477624290566
1334,11.0573674999996,195.12781429849377,318.108091717235,38.19523724887984,62.267975878321565,18.596020763548836,0.19574470910872432,-0.46434280009321327,-0.8041372181821274,18.830229112489064,-0.005724510089544901,0.3016385565896048,0.3016928717043635,12.049566501521227
1335,11.061244000000443,195.1299607767719,318.08964499962127,38.195657410646,62.264365030948255,19.271232045776173,0.19574470910872432,-0.4639226383270554,-0.8005263708088179,18.996446518298594,-0.04200539410323018,0.43073126833666864,0.43277462801865235,12.753145492245158
1336,11.072902500000055,195.12525600229844,318.1015128124053,38.19473647593527,62.26668809250942,18.60220630905758,0.19574470910872432,-0.4648435730377827,-0.8028494323699817,18.868876095651906,-0.07761600630407789,0.17323038081873496,0.1898236267517787,2.835909315076738
1337,11.076642500000162,195.1203032583871,318.0918454882576,38.19376700251906,62.26479576495627,19.272469154877925,0.19574470910872432,-0.4658130464539951,-0.8009571048168311,18.843362011122572,-0.02645446028354543,0.27132138148046187,0.27260801623826103,0.7905939556433346
1338,11.08936729999914,195.11507108437218,318.10595392577534,38.1927428321385,62.267557416954155,18.602452204999025,0.19574470910872432,-0.4668372168345556,-0.8037187568147175,18.67744559558389,-0.05772097027716455,0.03849752042757634,0.06938133386444059,-10.565206469519246
1339,11.093452799999795,195.11878699716726,318.09895247070165,38.193470202407646,62.26618691916742,18.46845034090215,0.19574470910872432,-0.4661098465654092,-0.8023482590279798,18.644262312476158,-0.0801444907938419,-0.0890895596818593,0.11983358898452379,-9.98885208145645
1340,11.105498900000384,195.1158364282469,318.113269611816,38.19289264415262,62.26898942379012,18.441649968082775,0.19574470910872432,-0.46668740482043347,-0.8051507636506798,18.476812057221796,-0.04133269623606691,-0.24755620319889093,0.2509829984688078,-6.3555311680654665
1341,11.109653699999399,195.1117799993957,318.1310395709228,38.19209861966713,62.272467799266344,18.4362898935189,0.19574470910872432,-0.46748142930592707,-0.8086291391269071,18.443322311346705,0.03312130506825717,-0.08532641312525079,0.09152932659123811,-2.2399003865025757
1342,11.121123200000511,195.10796208969268,318.1478187916565,38.19135128404291,62.27575224294794,18.435217878606124,0.19574470910872432,-0.46822876493014576,-0.8119135828085007,18.573439852894342,-0.025688375022273897,-0.08753960314749028,0.09123088693257933,0.7526046728784919
1343,11.124574899999061,195.11310731319466,318.1373422711563,38.1923584343206,62.27370151949015,18.43500347562357,0.19574470910872432,-0.46722161465245193,-0.8098628593507158,18.59946336120387,-0.05668181545527799,-0.14399988347071233,0.15475398102435015,13.737698082285844
1344,11.136790099999416,195.10586777068147,318.11709923966407,38.190941332177275,62.26973905317923,19.11903804864034,0.19574470910872432,-0.4686387167957804,-0.8059003930397921,18.68301919811968,-0.029618071436866754,-0.016670764288878342,0.033987417342520795,17.803211854934645
1345,11.1402693,195.10226116264107,318.12625204380277,38.19023535773554,62.27153066616289,18.571767509630412,0.19574470910872432,-0.46934469123751654,-0.8076920060234514,18.86054426931144,-0.05718227335168503,0.24008676081504016,0.2468024819654882,17.18452966372424
1346,11.152868400000443,195.0986701490587,318.1391603620249,38.18953243582646,62.27405740115836,18.854069078097957,0.19574470910872432,-0.4700476131465976,-0.8102187410189217,19.015098355815415,-0.09476201573217677,0.15898911581389097,0.18508748896915792,15.773334565346751
1347,11.156614600000466,195.09478548770414,318.12007146257656,38.18877203391962,62.270320850088645,19.322843234564907,0.19574470910872432,-0.4708080150534357,-0.8064821899492074,19.04600917311621,-0.28306288575914434,0.2873006976796255,0.40331908978065245,10.50069841397232
1348,11.169404700000086,195.10157341660377,318.1077461371285,38.190100735087526,62.26790823284414,19.20777390814345,0.19574470910872432,-0.4694793138855289,-0.8040695727047051,19.05219133657637,-0.2526645452346906,0.35489325209040923,0.43564732616872537,-0.9178325339746221
1349,11.173354700000345,195.08023344204156,318.0882539781298,38.18592354797446,62.26409274585104,19.273592135144316,0.19574470910872432,-0.4736565009985938,-0.8002540857116003,18.975076023662933,-0.23083510973928972,0.21078800889531998,0.3125962773009356,-4.918437563500094
1350,11.186824099999285,195.07672950308853,318.10043263515746,38.185237670463366,62.26647665352826,18.60267832693121,0.19574470910872432,-0.4743423785096894,-0.8026379933888208,18.893344062154462,-0.18510885449423117,-0.03153944381810807,0.18777652816186063,-7.645530275448281
1351,11.190705799999705,195.07778756986391,318.1186979415042,38.18544478143653,62.27005199060588,18.468492513530776,0.19574470910872432,-0.4741352675365249,-0.8062133304664414,18.863315418876212,-0.16538524936754878,-0.08136344924266567,0.18431573883157706,-3.052855994297844
1352,11.202679699999862,195.0793567130226,318.1318015605714,38.18575193290768,62.272616954708454,18.914183427022564,0.19574470910872432,-0.473828116065377,-0.8087782945690165,18.798845334751807,0.048751729063759824,-0.3179064262381477,0.3216228022547796,2.565499258848479
1353,11.207207199999175,195.08404053323613,318.13320063428347,38.18666876593289,62.27289081598525,19.05763069175217,0.19574470910872432,-0.47291128304016183,-0.8090521558458121,18.905000390192555,0.06478036924746368,-0.32377787512155487,0.3301948041051932,3.831012340963647
1354,11.218828600000052,195.0848223891684,318.14607023913726,38.18682181009492,62.2754099730437,18.95124171452231,0.19574470910872432,-0.47275823887813573,-0.8115713129042632,19.00458314688617,0.23446059108492753,-0.5586582870218184,0.605863722655554,8.1672504839046
1355,11.233323200000086,195.08698623694053,318.16134971310464,38.18724537184763,62.27840084923078,19.13345360413493,0.19574470910872432,-0.4723346771254242,-0.8145621890913404,19.008345828595985,0.29137552383825055,-0.6516403767471592,0.7138171169838915,9.41863960241335
1356,11.237353200000143,195.10555164346366,318.20449148101056,38.190879451946984,62.28684562203996,18.966406296998862,0.19574470910872432,-0.46870059702607136,-0.8230069619005249,19.0645451422817,0.16189626648410438,-0.3578111697574737,0.3927330318482312,3.5470733600297835
1357,11.250232200000028,195.12596295359052,318.24917432288936,38.19487485791029,62.295592051925674,18.932996835571647,0.19574470910872432,-0.4647051910627624,-0.8317533917862363,19.07578500501884,0.25259315835312635,-0.41281078435449614,0.4839587248166747,1.7625349289179906
1358,11.254004099999293,195.11739009142497,318.2220302140231,38.19319676549947,62.290278736231635,19.338627260180736,0.19574470910872432,-0.4663832834735828,-0.8264400760921973,19.053488910183457,0.6565540189229926,-0.7378403422761743,0.9876596328969588,-2.364426362549963
1359,11.266608599999017,195.1474391061082,318.25369633524406,38.199078701137644,62.296477211918635,19.00744102820802,0.19574470910872432,-0.46050134783541097,-0.8326385517791977,19.04902969121638,0.4177781993938011,-0.38269673829761763,0.5665645747771051,-6.767455259967627
1360,11.270497800000157,195.18815067008174,318.2900857659399,38.207047774385,62.30360025044482,19.021973129958013,0.19574470910872432,-0.45253227458805156,-0.8397615903053861,18.969786406993276,0.4039228425462628,-0.5359760544036762,0.6711363450333959,-7.976579268753068
1361,11.282680199999959,195.16997010160247,318.30998634627014,38.2034890242966,62.307495683752656,18.94411020216348,0.19574470910872432,-0.45609102467645357,-0.8436570236132184,18.871475591945533,0.4647983323394975,-0.8031536354595623,0.9279511042600733,-7.129991542947734
1362,11.286481200000708,195.17464889747095,318.33805566859877,38.20440487383285,62.312990105086755,18.536780414456135,0.19574470910872432,-0.4551751751402051,-0.8491514449473172,18.851813428935984,0.18210055423951602,-0.7791447955783036,0.8001420026039725,-7.278231440771847
1363,11.298450399999638,195.1660567861353,318.3336060192005,38.202723013498826,62.31211910975966,18.84707318494201,0.19574470910872432,-0.4568570354742292,-0.8482804496202192,18.831727126705168,-0.23128061445849235,-0.45626841664097306,0.5115384547112352,-1.9486610718388426
1364,11.302119199999652,195.14831046118226,318.3405731356595,38.19924926428315,62.31348288594425,18.909130213160278,0.19574470910872432,-0.4603307846899085,-0.8496442258048091,18.827709866259003,0.01786154173426535,-0.5628999942386781,0.563183307802201,0.35615708218738784
1365,11.314482100000532,195.1471812224733,318.3542854347938,38.199028221780544,62.3161669959495,18.921541618803932,0.19574470910872432,-0.46055182719251064,-0.8523283358100642,18.90525785459946,-0.012861031257998232,-0.31080673954887433,0.31107271734117253,1.4423248133195687
1366,11.318972099999883,195.16905467451483,318.37384967901096,38.203309834287616,62.31999659324273,18.924023899932664,0.19574470910872432,-0.45627021468543916,-0.8561579331032902,18.92076714709177,0.06792857483488728,-0.41587802672613106,0.421389160269601,1.8100816137761093
1367,11.33099729999958,195.17442004069903,318.3852180960223,38.20436007633061,62.32222190072363,18.924520356158407,0.19574470910872432,-0.4552199726424462,-0.858383240584196,18.923869005590234,0.271400847996743,-0.36259024256010153,0.4529129102743092,2.031119702936608
1368,11.33485970000038,195.17961804118062,318.39414845711104,38.20537755742282,62.32396997165719,18.924619647403556,0.19574470910872432,-0.45420249155023384,-0.8601313115177547,18.924489377289923,0.3794032354038871,-0.19838025721426913,0.4281372928014295,0.7776737021967876
1369,11.347010699999373,195.1839960019944,318.40068402589884,38.206234520088806,62.325249274668415,18.924639505652586,0.19574470910872432,-0.45334552888424895,-0.8614106145289782,18.92461345162986,0.14249204480437958,0.06594488426900484,0.15701181673296363,0.086924573134785
1370,11.351599800000258,195.19623703760797,318.38652507141614,38.20863063804418,62.322477734241915,18.924643477302393,0.19574470910872432,-0.4509494109288781,-0.8586390741024772,18.92463826649785,0.3946033991500951,0.19628105055832343,0.4407245096759294,0.03537878289351924
1371,11.362885299999107,195.18292080115003,318.35950205642825,38.20602405521229,62.31718812203387,18.924644271632353,0.19574470910872432,-0.45355599376076583,-0.8533494618944317,18.924643229471446,0.45349052344294044,0.24127726862500204,0.5136811999749392,0.0032587517070712503
1372,11.367447500000708,195.21433600473085,318.3486264296344,38.21217341509881,62.31505927563074,18.924644430498347,0.19574470910872432,-0.4474066338742446,-0.8512206154913002,18.924644222066163,0.3866756230136827,0.22384794110924622,0.4467951859318408,0.0012181694626012673
1373,11.378455099998973,195.24570741426865,318.3614257114125,38.218314202533115,62.31756466731919,18.924644462271544,0.19574470910872432,-0.44126584643993993,-0.8537260071797519,18.924644420585107,0.14142952866473388,0.12571251549360166,0.1892245970534957,0.00013683965824099297
1374,11.383339800000613,195.23913071098903,318.3662277047086,38.21702684766275,62.31850463210007,18.924644468626184,0.19574470910872432,-0.44255320131030373,-0.8546659719606353,18.924644460288896,0.05664492569538049,0.017656574201625717,0.059332977504695406,4.8958670771698596e-05
1375,11.394674600000144,195.1983591853156,318.3596691087943,38.20904603722989,62.31722082165067,18.92464446989711,0.19574470910872432,-0.45053401174316576,-0.8533821615112345,18.924644468229655,-0.1747027944116251,-0.10729576044333061,0.20502060039016357,5.450101580096934e-06
1376,11.399079200000415,195.18362299945392,318.3612795818861,38.20616150681502,62.31753606323755,18.924644470151296,0.19574470910872432,-0.45341854215803323,-0.8536974030981099,18.924644469817807,-0.2602315999877254,0.05489329885217201,0.2659581919983766,1.8459665625221933e-06
1377,11.411080300000322,195.1953427005471,318.3709748026981,38.208455576296345,62.319433851415134,18.924644470202136,0.19574470910872432,-0.4511244726767103,-0.8555951912756967,18.924644470135433,-0.15697769569671965,0.07076080262934159,0.17218910573843094,2.2055956382470094e-07
1378,11.415604800000438,195.19835273446296,318.35749132030344,38.209044774509614,62.31679453107603,18.924644470212304,0.19574470910872432,-0.45053527446344077,-0.8529558709365901,18.924644470198963,0.10986103022023866,-0.03510037933928401,0.1153320536139621,2.4893809955069433
1379,11.42656739999984,195.21250627443607,318.3638250395485,38.21181525507451,62.31803432310723,18.924644470214336,0.19574470910872432,-0.44776479389854273,-0.8541956629677898,18.924644470211668,0.20693999931547963,-0.026066408810015526,0.20857521661247666,2.971692491900948
1380,11.431264499999088,195.22762608032775,318.37380843273866,38.21477487708056,62.31998851950315,18.924644470214744,0.19574470910872432,-0.44480517189249724,-0.8561498593637111,18.983108825682958,-0.056382004394040924,0.17123212217034753,0.18027581668779225,5.731468528934956
1381,11.442811700000675,195.21762734527726,318.3753658655089,38.21281767759665,62.32029337872772,18.924644470214822,0.19574470910872432,-0.4467623713764084,-0.8564547185882816,19.010955566406125,-0.1504772273536451,0.0630861347909368,0.1631663456565135,7.016489101879802
1382,11.447452200000043,195.19094629554783,318.3557280630569,38.20759500327864,62.31644938279922,19.216966247558588,0.19574470910872432,-0.4519850456944141,-0.852610722659783,19.074989270019508,-0.19574524714863747,0.11129858556278009,0.22517454769479753,7.440818607291694
1383,11.4585447999998,195.17166464395532,318.3533134244556,38.20382072199653,62.315976730068606,19.063878173828126,0.19574470910872432,-0.4557593269765263,-0.8521380699291683,19.146260366210935,-0.030991402025348225,0.2501302143567914,0.2520428359102301,5.248297466785207
1384,11.472877099999096,195.17359624521734,318.3439435904889,38.204198822723676,62.31414263464439,19.24481298828125,0.19574470910872432,-0.45538122624937927,-0.8503039745049534,19.176668455078126,0.002055163510051894,0.3071857079953083,0.30719258274514355,6.243691364275863
1385,11.476974400000472,195.20402833376528,318.33812212809096,38.21015574304406,62.313003114180724,19.280999951171875,0.19574470910872432,-0.44942430592899285,-0.8491644540412864,19.182750072851565,0.25611911537990917,0.22420011532605882,0.3403860939803583,5.50020863932677
1386,11.490743199999997,195.20372848847063,318.3199126121009,38.21009704991409,62.30943869777024,19.076684914550782,0.19574470910872432,-0.44948299905896505,-0.8456000376308026,19.28448122794922,0.30396658943146815,0.21232138166659828,0.3707776376797986,4.058426509413013
1387,11.495141800000056,195.20698375785986,318.3106223790994,38.21073425167375,62.30762018381381,19.247374336425782,0.19574470910872432,-0.44884579729930607,-0.8437815236743731,19.328825566878912,0.3061626323650067,0.08241204889563179,0.31706040948034847,7.801538174419203
1388,11.506493499999124,195.2011256696896,318.3115957192866,38.209587561908926,62.30781071000561,19.57253394931641,0.19574470910872432,-0.4499924870641294,-0.8439720498661742,19.319928016207815,0.2513278529456823,-0.03970518581775291,0.25444486917033476,8.859541116106953
1389,11.511231899999984,195.20203007464897,318.32422156165757,38.20976459439462,62.31028215184777,19.46653468292969,0.19574470910872432,-0.4498154545784345,-0.8464434917083352,19.418663032440783,0.40961619850283776,-0.02863527724933529,0.41061589007132016,8.057792543614122
1390,11.522738800000297,195.27137849034193,318.34376596170347,38.22333917985159,62.31410786474946,19.23651219781641,0.19574470910872432,-0.43624086912146254,-0.8502692046100222,19.496614381390504,0.3594411556269436,-0.11610514351070751,0.37772787653028034,6.09597208999449
1391,11.527351599999747,195.28992866799564,318.3363611071251,38.22697027898033,62.31265840364402,19.570359995715627,0.19574470910872432,-0.43260976999272316,-0.8488197435045848,19.512204651180447,0.27923082538245825,-0.140141183977479,0.3124250394740769,8.100234555608997
1392,11.5387996999998,195.2837286574774,318.33776001555077,38.225756659724965,62.31293223256688,19.637131081174374,0.19574470910872432,-0.43382338924809005,-0.8490935724274422,19.515322705138434,0.5860035987693517,-0.1783850577610374,0.6125532194046817,3.4679262289419985
1393,11.543388399999458,195.27195908087327,318.34097076560647,38.223452827376256,62.313560719902554,19.650485298266126,0.19574470910872432,-0.4361272215967986,-0.849722059763117,19.55771084229722,0.3812633870878112,-0.23851209682124808,0.4497219036957602,0.38948429848420774
1394,11.554457500000353,195.36080974702497,318.3812784580032,38.240844875176236,62.32145073742559,19.482124952719634,0.19574470910872432,-0.41873517379681857,-0.8576120772861557,19.53198253711179,0.16223921560215773,-0.3407548932324822,0.3774062272155611,-1.011525238940502
1395,11.559023800000432,195.36444865257656,318.3960474587391,38.24155717168491,62.32434169117847,19.448452883610333,0.19574470910872432,-0.4180228772881449,-0.8605030310390305,19.492630638281735,-0.012476688452783269,-0.3280956973772568,0.328332840867642,0.028506832288878847
1396,11.57063030000063,195.3461895252047,318.40772768499727,38.23798304410892,62.3266280336697,19.441718469788473,0.19574470910872432,-0.42159700486413243,-0.8627893735302621,19.450554020722755,0.01053163122692985,-0.28682617890568773,0.2870194630368081,-0.7503285429581974
1397,11.575343099999372,195.3226046627953,318.4067796385345,38.233366432077226,62.32644245859062,19.440371587024103,0.19574470910872432,-0.42621361689582926,-0.8626037984511825,19.47634493500393,-0.4921107375836,-0.08938239473560503,0.5001621642365067,0.27954494558825893
1398,11.587053600000218,195.2994507567633,318.40262874752426,38.22883417747626,62.32562994363728,19.440102210471228,0.19574470910872432,-0.43074587149679644,-0.8617912834978441,19.538917973817192,-0.5670948932202247,0.12426692733382516,0.5805505035269957,2.0474103312717133
1399,11.591483500000322,195.2781326476869,318.3964182952795,38.224661270416355,62.32441428046919,19.611079524125497,0.19574470910872432,-0.4349187785566997,-0.8605756203297545,19.551432581579846,-0.6690626915126611,0.14778166410805874,0.6851892478875551,2.794787238066676
1400,11.602786899999046,195.26549034575962,318.37129085311676,38.22218660670313,62.31949571661241,19.761318077676663,0.19574470910872432,-0.43739344226992216,-0.8556570564729711,19.553935503132376,-0.5189998545999001,0.10928226528974466,0.5303804885000726,1.1172976460501833
1401,11.607274300000427,195.24674291725046,318.37311140956825,38.21851689676307,62.31985208090542,19.50429150860174,0.19574470910872432,-0.4410631522099848,-0.8560134207659829,19.554436392618666,-0.44729267566735925,0.015578920374008348,0.44756389540007036,-3.0118313673753483
1402,11.618974799999705,195.23303811578722,318.38226405844676,38.21583425438726,62.32164366349772,19.452886194786757,0.19574470910872432,-0.44374579458579433,-0.8578050033582798,19.520330332722956,-0.28382215301400465,-0.06802879859315897,0.2918611518848195,-3.791054323847787
1403,11.623172600000544,195.23242716200343,318.39082358297105,38.21571466341657,62.323319145135834,19.442606657902665,0.19574470910872432,-0.44386538555648514,-0.8594804849963964,19.45609426478678,-0.31777792293568435,-0.2301018527142396,0.3923387196388388,-2.2864154000027836
1404,11.635167200000069,195.22478998752234,318.3996239255279,38.21421972691936,62.325041765629685,19.44054922464694,0.19574470910872432,-0.4453603220536948,-0.8612031054902474,19.44324705119955,-0.16803341497873597,-0.2067031676630803,0.2663858631222152,0.9744361087226623
1405,11.639252200000556,195.21667799614818,318.4074545043312,38.21263184752753,62.326574559999685,19.440137737995794,0.19574470910872432,-0.4469482014455224,-0.8627358998602475,19.47488384627507,-0.12196777302538124,-0.2359106842339848,0.26557482672971433,6.8528881961540336
1406,11.65051499999936,195.21270450269915,318.4052922759852,38.21185405720821,62.32615131524106,19.440055440665567,0.19574470910872432,-0.4477259917648482,-0.8623126551016256,19.65977260665736,-0.21043906827759876,-0.013516842101159998,0.21087272578010546,10.358516501842733
1407,11.655193299999155,195.2127296535068,318.41244214858614,38.21185898034573,62.3275508649735,19.611070170164364,0.19574470910872432,-0.44772106862732386,-0.8637122048340657,19.783641533050222,-0.4750978764017794,0.2160749152990584,0.5219256280189504,12.194342512778444
1408,11.666323600000396,195.18595676640405,318.37190936527156,38.206618329347805,62.319616787094226,20.367050459814124,0.19574470910872432,-0.4529617196252502,-0.8557781269547888,19.80841562350458,-0.45667302630887774,0.29050061288276474,0.5412401121899326,11.651061515354222
1409,11.671153499999491,195.15022988373968,318.3471277319429,38.19962498109331,62.31476591348707,20.059893856611264,0.19574470910872432,-0.45995506787974705,-0.8509272533476349,19.847576679388418,-0.5102737236992294,0.2774552434654406,0.5808275864870267,6.5558540496718125
1410,11.683188999999402,195.13199411644274,318.3473181268334,38.19605542612839,62.314803182279526,19.564008190267565,0.19574470910872432,-0.4635246228446661,-0.8509645221400888,19.908093827088624,-0.5198990476002942,0.29444071873971855,0.5974866998918511,-2.841059097041323
1411,11.697786099999576,195.1068586975677,318.34937988571227,38.19113530087237,62.31520676067152,19.635860720084764,0.19574470910872432,-0.46844474810068704,-0.8513681005320848,19.77584178787866,-0.5025931490282376,0.11769995361396413,0.5161910039228208,-3.0097918384151634
1412,11.70164499999919,195.1059306778099,318.3536032111742,38.19095364591483,62.31603345428554,19.91365590866539,0.19574470910872432,-0.4686264030582237,-0.8521947941461008,19.696706443513236,-0.13355725993438095,-0.3092348850432086,0.33684381515602485,-4.46547084511339
1413,11.714942200000223,195.07982358131773,318.36521049517637,38.1858433199063,62.31830551871609,19.705790263764328,0.19574470910872432,-0.4737367290667578,-0.8544668585766502,19.715085307257336,-0.054699672532431284,-0.37956295459455336,0.3834841465767551,-5.459199743598736
1414,11.71937269999944,195.0888149956712,318.3907945061183,38.187603341693396,62.32331345349575,19.664217134784117,0.19574470910872432,-0.47197670727965857,-0.8594747933563127,19.718761080006157,0.04709877540711363,-0.5981990783011073,0.6000503578243613,0.6146903068086651
1415,11.731717599999683,195.09497672865413,318.4131664610022,38.18880946832375,62.32769264529669,19.655902508988074,0.19574470910872432,-0.4707705806493081,-0.863853985157256,19.7194965397317,0.1978323661478353,-0.6498234997698848,0.6792703629254206,6.02504073175155
1416,11.736012100000153,195.09874875980026,318.437756642106,38.189547823463194,62.33250604314379,19.654239583828865,0.19574470910872432,-0.47003222550986123,-0.8686673830043503,19.811009293297907,0.41764151906691915,-0.5037008539562285,0.6543233059617835,8.384164265938836
1417,11.746858999998949,195.13790359009656,318.4639313480265,38.19721217432974,62.337629603340204,19.91733320729312,0.19574470910872432,-0.46236787464331286,-0.8737909432007669,19.881997085710363,0.4693657588844163,-0.33096624903956784,0.5743194874078933,9.405273833441887
1418,11.7519343999993,195.15643558380344,318.4494178956004,38.2008397140471,62.33478867181689,20.163354031595343,0.19574470910872432,-0.458740334925956,-0.8709500116774507,19.948879580716294,0.2927572878585842,-0.3175910513500757,0.4319385436517102,8.698112820113447
1419,11.763064900000245,195.19373002021842,318.4645807312243,38.20813990265452,62.33775671666536,20.019156096846412,0.19574470910872432,-0.45144014631853224,-0.8739180565259232,20.0149413214167,0.24836251263165612,-0.1437620726957196,0.28696946044218524,4.374949246881582
1420,11.76774370000021,195.17495838396087,318.47146134491544,38.204465454175796,62.33910356039082,19.990314984017722,0.19574470910872432,-0.4551145947972586,-0.8752649002513806,19.99867674084584,0.16725267878145855,-0.15477711877241263,0.2278802647336168,4.636811408645237
1421,11.778355899999951,195.17224530277733,318.4851062419906,38.20393438288873,62.34177447679961,19.984548287330888,0.19574470910872432,-0.45564566608432244,-0.8779358166601696,19.99542382473167,-0.056098367031009816,-0.17805166964050995,0.1866800038711141,2.81234963212603
1422,11.783198099999936,195.17969233765723,318.49815339155236,38.20539210056502,62.34432838729528,19.836010304438837,0.19574470910872432,-0.454187948408034,-0.8804897271558403,20.033453661430713,-0.4306521995052761,0.06939795505676129,0.43620797001521233,5.672936134422885
1423,11.794611499999519,195.1562512094143,318.47230140941156,38.200803623735936,62.33926799857124,20.14708945102449,0.19574470910872432,-0.4587764252371187,-0.8754293384318004,20.07974035386818,-0.3677174166569026,0.2147793179709061,0.42584768866447276,7.217453738210572
1424,11.799598499999775,195.12524825767585,318.4475736433685,38.194734959966375,62.33442766920024,20.209305280341617,0.19574470910872432,-0.46484508900667976,-0.8705890090608008,20.180667919406453,-0.2880532082075265,0.5193063359577079,0.5938465469500251,4.991888694634922
1425,11.811293799999476,195.09712703634278,318.42134165302963,38.18923037967675,62.329292895882006,20.221748446205044,0.19574470910872432,-0.4703496692963043,-0.8654542357425683,20.230330361225043,-0.30878226455530616,0.5836215719476289,0.6602731451047547,2.4673481320975243
1426,11.81638589999966,195.10618712407592,318.38827913884336,38.19100384391457,62.322821083660216,20.48918611502226,0.19574470910872432,-0.46857620505848274,-0.8589824235207786,20.17210550095595,-0.3059113122246108,0.4144846872336668,0.5151497713269161,-0.27963941752041777
1427,11.82693879999897,195.1168292212045,318.39937691361706,38.19308697812132,62.32499341435505,20.084322513531795,0.19574470910872432,-0.4664930708517332,-0.8611547542156117,20.121780108980253,-0.04616346813082335,0.12583596080646378,0.13403639364721595,-4.508015081008609
1428,11.831974799999443,195.10685546814292,318.40972734608005,38.19113466872955,62.32701945674666,19.855965149679015,0.19574470910872432,-0.4684453802435016,-0.8631807966072245,20.073034305487457,-0.09069338283918961,-0.08517021864010281,0.12441565751149945,-5.42835860510975
1429,11.842762300000686,195.11136581405722,318.4357753423794,38.19201754507853,62.33211821420514,19.95767832046315,0.19574470910872432,-0.467562503894527,-0.8682795540657011,20.0632851447889,-0.1382619349298187,-0.3137094753236943,0.3428264831637209,-1.465621487300444
1430,11.84825009999986,195.0919283675768,318.4530447877433,38.188212767771404,62.33549861676437,19.978019428741067,0.19574470910872432,-0.47136728120165117,-0.8716599566249315,20.061335007473403,-0.32988500002339793,-0.34860946241943785,0.4799506959353291,3.166863247284355
1431,11.85923179999918,195.09812399863247,318.4458493927366,38.18942552977014,62.33409015626186,20.440440311529464,0.19574470910872432,-0.4701545192029144,-0.870251496122421,20.15335434280328,-0.22502195730817973,-0.26797380819996397,0.3499211956312383,5.395649867370605
1432,11.863653799999156,195.0809389281249,318.4544417793365,38.18606164314262,62.33577207047741,20.074571826954333,0.19574470910872432,-0.4735184058304327,-0.8719334103379737,20.234690643951282,-0.36706889550499533,-0.074403296761606,0.37453360946149117,2.1685355558582557
1433,11.874761999999464,195.08869328916012,318.4543926103615,38.187579518287784,62.335762445910696,20.316061826328365,0.19574470910872432,-0.47200053068527126,-0.8719237857712585,20.25095820935666,-0.2708750222676445,0.014522583042901403,0.2712640468376428,1.9202912347781482
1434,11.879950999998982,195.072035230249,318.4412653889185,38.18431879139192,62.333192861767934,20.364359826203174,0.19574470910872432,-0.47526125758113835,-0.8693542016284965,20.162541190211176,-0.4300187835553259,-0.10691067674910273,0.4431095203370758,0.09133788179350238
1435,11.891026799999963,195.06002006854857,318.4509611836554,38.18196688705997,62.33509076228829,20.059357255767978,0.19574470910872432,-0.4776131619130837,-0.8712521021488513,20.14485778638208,-0.3318137247205507,-0.06813827105518097,0.33873761511723893,-3.6003015155475904
1436,11.895647299999837,195.04384412846525,318.462265747574,38.1788005323738,62.33730357086414,19.998355215802036,0.19574470910872432,-0.4807795165992559,-0.8734649107246995,20.14132110561626,-0.39216447508348806,-0.03463637490471556,0.39369106414045996,-3.017784485467106
1437,11.90658970000004,195.02876803895225,318.4726907655068,38.17584946761758,62.33934421296684,19.986154807808845,0.19574470910872432,-0.48373058135547353,-0.8755055528274056,20.140613769463098,-0.10052374080463122,-0.0753987811498057,0.12565826142451986,5.360215207441083
1438,11.920935199999803,195.01666771774586,318.46035103610325,38.173480893762914,62.33692877622426,20.29837842249927,0.19574470910872432,-0.486099155210141,-0.8730901160848248,20.203404736314496,-0.07647887783061637,0.0037932565340318275,0.07657289043364707,5.99093359006859
1439,11.925129400000515,195.03444799633098,318.45410753441644,38.17696128922243,62.33570664380276,20.360823145437354,0.19574470910872432,-0.48261875975062196,-0.8718679836633214,20.307633461911337,0.38909003320062774,0.16529047244215145,0.4227434141606646,6.328313657343692
1440,11.938517900000079,195.02814706378,318.4387450842877,38.17572791501313,62.332699525471114,20.37331209002497,0.19574470910872432,-0.4838521339599282,-0.8688608653316763,20.328479512206485,0.4559909585941792,0.16558461595011983,0.4851247461828629,5.294624475929897
1441,11.94304209999973,195.06611116780047,318.43115080964617,38.18315918751119,62.33121298639052,20.519498843786245,0.19574470910872432,-0.47642086146186813,-0.8673743262510811,20.332648417089736,0.7644649282857245,-0.027979494493105272,0.7649767831058585,2.06443756097899
1442,11.954908699999578,195.0700403651923,318.442367170185,38.18392830711168,62.333408529621444,20.090385059284593,0.19574470910872432,-0.4756517418613768,-0.8695698694820067,20.270549458808574,0.5722183778888286,-0.12501086954031404,0.5857145973056738,-3.078284596219053
1443,11.95922679999967,195.10042253636644,318.46000280328843,38.18987545637025,62.33686061149323,20.319222946915517,0.19574470910872432,-0.4697045926028025,-0.8730219513537918,20.21970864664453,0.8755609393067706,-0.3332035056175049,0.9368199051021221,0.7800388322965652
1444,11.971010100000058,195.0925113347752,318.47166726576353,38.18832688051607,62.339143868307325,20.050328354031542,0.19574470910872432,-0.4712531684569825,-0.8753052081678874,20.209540484211722,0.6779503415956052,-0.37981899987649814,0.7770966081104594,-0.2236413572573146
1445,11.97530949999964,195.1238015092309,318.4895980298198,38.194451766612865,62.34265372050161,20.119108029204746,0.19574470910872432,-0.4651282823601903,-0.8788150603621716,20.29917707877594,0.8951345055014226,-0.411889628390046,0.985352144623721,0.43036682715300884
1446,11.98629450000044,195.16053182872375,318.4842388018885,38.20164153231747,62.34160467998916,20.4686580316222,0.19574470910872432,-0.45793851665558805,-0.877766019849723,20.254172268782536,0.579805546178924,-0.2778559461295051,0.6429450973289732,3.400630243673423
1447,11.990879699998914,195.1874870831575,318.49232892654635,38.20691788075555,62.34318827908696,20.53856803210569,0.19574470910872432,-0.4526621682175076,-0.8793496189475221,20.245171306783853,0.37363919182900585,-0.27590566485613155,0.46446763242484035,2.6367534006607123
1448,12.002779500000543,195.1753660334847,318.5001879445272,38.20454524941326,62.34472664027551,20.094198896948484,0.19574470910872432,-0.4550347995597974,-0.8808879801360732,20.281792134891926,0.1521535709152928,-0.10806070027302501,0.18662214253879839,-1.6070179899312147
1449,12.007352799999353,195.14821162555867,318.504487293749,38.19922991773276,62.34556821513828,20.005323544038134,0.19574470910872432,-0.4603501312402969,-0.8817295549988415,20.260378507544793,-0.1698591918639844,-0.05052121237085211,0.17721325559931064,-0.8230559738537292
1450,12.018920599999547,195.166954792376,318.5031359835935,38.20289879346919,62.34530370332497,20.302212169745125,0.19574470910872432,-0.4566812555038666,-0.8814650431855355,20.256095782075366,-0.39671588337986124,0.09320082771718752,0.40751673145164546,1.7718267266064416
1451,12.023758199999065,195.14333934506666,318.4936657708007,38.19827619460515,62.343449959276654,20.361589894886524,0.19574470910872432,-0.46130385436790533,-0.8796112991372169,20.255238931805703,-0.5822390077722852,0.01198646229688427,0.5823623764032579,4.471852186055713
1452,12.03453079999963,195.14424471785847,318.4731249998291,38.19845341653892,62.33942921203795,20.517154404758557,0.19574470910872432,-0.4611266324341372,-0.8755905518985116,20.373859981185362,-0.30622785226034566,0.017354875326034996,0.30671923512809934,4.606473775817904
1453,12.039331500000117,195.11660469753102,318.48625457759397,38.19304302880016,62.34199925741825,20.08991464560015,0.19574470910872432,-0.46653702017289334,-0.8781605972788142,20.453443871237074,-0.5947826686859174,0.10078825245348533,0.6032617133564581,4.245035226419178
1454,12.051058499999272,195.1296531885429,318.49567100523836,38.19559720187759,62.34384247330835,20.59842879093644,0.19574470910872432,-0.46398284709546544,-0.8800038131689121,20.406427909989603,-0.41896356468236473,-0.0035944236047194614,0.4189789832585928,6.3670523856902115
1455,12.05537700000059,195.10482006593455,318.48596303939553,38.190736249516355,62.3419421903584,20.700131620003695,0.19574470910872432,-0.46884379945669963,-0.878103530218965,20.39702471774011,-0.6880279037535892,-0.15600488300858253,0.7054926788181999,4.006730425868946
1456,12.06658299999981,195.10044283996996,318.4939043951028,38.18987943069322,62.34349666872125,20.126510088649177,0.19574470910872432,-0.46970061827983756,-0.8796580085818135,20.513936498723805,-0.5543112550072676,-0.014187765772071502,0.5544927953773027,0.23162986698554233
1457,12.071315900000627,195.06831215652568,318.503305505514,38.18359001940895,62.34533688634399,20.470138443511086,0.19574470910872432,-0.47599002956410175,-0.8814982262045561,20.51019635736195,-0.8185613640720388,0.050234341489219805,0.8201013326512355,4.583185560346811
1458,12.083444100000634,195.0399090022662,318.49254085391755,38.17803025224066,62.343229762748585,20.674473550518627,0.19574470910872432,-0.48154979673239495,-0.8793911026091479,20.48232644188255,-0.6259488063246984,-0.08906420715996352,0.6322533836495837,5.344309669119447
1459,12.088294999999562,195.01256361531264,318.4884535118192,38.17267753742597,62.34242968715852,20.579728084127165,0.19574470910872432,-0.4869025115470862,-0.878591027019084,20.568422991013232,-0.7660640906434653,-0.13021292112007318,0.7770518617183937,3.385213451839229
1460,12.098870300000272,195.00378177296878,318.5023089956306,38.17095853825093,62.34514182480674,20.560782042606682,0.19574470910872432,-0.4886215107221261,-0.8813031646673011,20.585641690487805,-0.5771720150475146,-0.07940453563899785,0.5826084579149649,3.5559515859827573
1461,12.1042723999999,194.98233734998047,318.51181534705216,38.16676090591108,62.34700264280044,20.556992834302587,0.19574470910872432,-0.49281914306197194,-0.8831639826610029,20.589085430382717,-0.4979624395358298,-0.2253017194988216,0.5465596545644406,5.182132393272374
1462,12.115137400000094,194.96100029208498,318.51929599984896,38.162584289720094,62.348466941006095,20.556231940883958,0.19574470910872432,-0.496995759252961,-0.8846282808666572,20.589774788713267,-0.29780387172214073,-0.21489584589245098,0.36724293130641644,2.2059565592727903
1463,12.119810799998959,194.95951124245482,318.53256447847787,38.16229281613339,62.35106417549562,20.6916922499932,0.19574470910872432,-0.4972872328396676,-0.8872255153561852,20.617034547586407,-0.3167826599496326,-0.004125556524565227,0.3168095229967085,2.168245370338557
1464,12.1311697000001,194.95355426325042,318.51997431053746,38.161126768971855,62.3485997167345,20.58317487577989,0.19574470910872432,-0.4984532800012005,-0.8847610565950603,20.64960838656806,-0.14157790067571974,0.03552900754531512,0.14596784692835277,1.5897836342681655
1465,12.135695599999963,194.94760182264855,318.5015374619117,38.159961610217756,62.34499080116337,20.697080836972386,0.19574470910872432,-0.49961843875529865,-0.8811521410239322,20.656124069891742,-0.09397788945845649,0.02330395762485859,0.09682416097259543,1.8564391758152756
1466,12.147145900000396,194.95339215488087,318.5100889553217,38.16109503711621,62.34666471075335,20.719862029210887,0.19574470910872432,-0.49848501185684313,-0.8828260506139145,20.630305624525228,-0.208818482924837,-0.009295379046551006,0.2090252685266772,0.8952942341143195
1467,12.162867099999858,194.9416332560054,318.52582240972885,38.158793294876396,62.34974445120956,20.588810357502336,0.19574470910872432,-0.5007867540966586,-0.8859057910701225,20.652263822658952,-0.19642183370010546,-0.0032380321640584214,0.19644852151748904,0.3368198551423689
1468,12.167142300000705,194.9277300913451,318.5415202996978,38.15607182395428,62.35281723011516,20.562600023160627,0.19574470910872432,-0.503508225018777,-0.8889785699757198,20.656655462285702,0.025403228681184747,-0.24319409273527842,0.24451726067654972,1.1629962809608585
1469,12.178803400000106,194.92530715662534,318.5267909025612,38.155597547302364,62.34993402855729,20.69296586644853,0.19574470910872432,-0.5039825016706914,-0.8860953684178554,20.657533790211048,-0.004153450523196642,-0.2277137114669941,0.22775158735192622,1.7125584193370806
1470,12.183703700000478,194.9466283028282,318.5368643516168,38.15977104886371,62.35190585291242,20.719039035106114,0.19574470910872432,-0.4998090001093445,-0.8880671927729793,20.68483103782737,0.10614390725404914,-0.2561305642722998,0.2772533047622749,1.4766224194372362
1471,12.194777999999133,194.94386761647854,318.54075600489637,38.159230659117256,62.35266762345157,20.72425366883763,0.19574470910872432,-0.5003493898557991,-0.888828963312136,20.69029048735063,0.20596881428090408,-0.15062745792328647,0.25517010705941434,0.7803169626835444
1472,12.199808699999267,194.9542782139341,318.5494422360874,38.16126847848784,62.354367907249305,20.725296595583934,0.19574470910872432,-0.4983115704852139,-0.8905292471098676,20.691382377255284,0.288124915876827,-0.26046850746226674,0.3884067591181306,0.5525413408918534
1473,12.210770399999092,194.9465811806808,318.5601510863656,38.159761824952675,62.3564641080319,20.589897270776945,0.19574470910872432,-0.49981822402038034,-0.8926254478924633,20.664479173204967,0.08931105902086361,-0.21019234593209551,0.22837970039358993,-1.0981520259850317
1474,12.215829499999018,194.95614679053153,318.56795525206013,38.161634242470356,62.35799173217562,20.698425315971797,0.19574470910872432,-0.49794580650269893,-0.8941530720361826,20.659098532394903,0.03684161971433086,-0.18270457880495505,0.1863820486513425,-0.3574426544481695
1475,12.226339499999085,194.94850172448835,318.5760632148705,38.160137761241614,62.35957882299739,20.58452301485452,0.19574470910872432,-0.4994422877314406,-0.8957401628579547,20.630900822201642,-0.07846942885466307,-0.13142193619200657,0.1530659223250978,-0.3231702262733208
1476,12.231458500000372,194.94036487204005,318.5742678789129,38.158545015426064,62.35922739548263,20.697350464787313,0.19574470910872432,-0.5010350335469909,-0.8953887353431895,20.652382862194237,0.005866369791493797,-0.1903023164737747,0.19039271506498157,3.1077896785605255
1477,12.242520100000547,194.93067456151587,318.57887733349776,38.15664818841133,62.36012967182949,20.58430804461762,0.19574470910872432,-0.5029318605617235,-0.8962910116900531,20.656679270192758,-0.028629204490257208,-0.17786086273758472,0.1801502646223505,3.6047401251776874
1478,12.24781880000046,194.93836856103326,318.5920231053471,38.158154248108744,62.36270288711614,20.697307470739933,0.19574470910872432,-0.5014258008643111,-0.8988642269767055,20.734572853550272,0.19009846557174528,0.09402191125540982,0.21207910413063372,5.328152994395259
1479,12.258780500000285,194.94943589025831,318.6054490136415,38.160320619248516,62.36533093762975,20.719907355964395,0.19574470910872432,-0.49925942972453896,-0.9014922774903127,20.750151570221774,0.30866944354774606,0.10024739940246213,0.32454023859458775,4.0920904048783315
1480,12.263875999999073,194.97419826699817,318.57399256346895,38.1651677234803,62.359173503941136,20.9739909316421,0.19574470910872432,-0.49441232549275327,-0.8953348438016988,20.78038889558733,0.43467267074795235,0.11057120065819956,0.4485156865820343,2.7391716422561183
1481,12.274499200000719,194.98948691416166,318.56857748657035,38.16816039527198,62.358113531288815,20.775244048144828,0.19574470910872432,-0.49141965370107243,-0.8942748711493778,20.75931477862919,0.32809146892409935,0.16239963721473627,0.3660842172892068,1.8301774339561894
1482,12.27941379999902,195.00099950564004,318.56932943023634,38.170413924142004,62.358260720282985,20.735494671445373,0.19574470910872432,-0.48916612483105126,-0.8944220601435475,20.727978373206312,0.2825081035138855,0.03495212514644247,0.28466204454276095,1.3821240447517333
1483,12.290831799999069,194.98649407807017,318.5825407926177,38.167574563441846,62.360846774569254,20.591936885949234,0.19574470910872432,-0.4920054855312088,-0.8970081144298163,20.843934297688143,0.12494500909700142,-0.1191983883937218,0.17268326813536486,0.7610035744499279
1484,12.295630399999936,194.9857516323105,318.60403973917005,38.16742923361259,62.36505507960828,20.563225328850006,0.19574470910872432,-0.4921508153604677,-0.9012164194688452,20.840003900553256,-0.047993742926071475,-0.18593380381367675,0.19202806763771976,4.450614395150209
1485,12.306606199999806,194.99491584386863,318.5794996198511,38.16922307953824,62.36025148109071,21.553770554051255,0.19574470910872432,-0.49035696943481355,-0.8964128209512694,20.87104918098956,-0.12994280266367078,-0.18419898463492865,0.22542049131485,7.404953591519409
1486,12.311662199999773,194.9798576535941,318.58554110369323,38.16627551846325,62.361434069587965,20.75559206247041,0.19574470910872432,-0.4933045305098034,-0.8975954094485274,20.954292538834636,-0.10066046018488892,-0.16862947261121924,0.19638846014410202,-1.2251098375213223
1487,12.322820899998987,194.9826391265333,318.58675392826706,38.16681997707463,62.361671473581374,20.890721073626896,0.19574470910872432,-0.49276007189842375,-0.8978328134419371,21.04797551216146,-0.15326707222611816,-0.010185606504446484,0.1536051496813487,-0.9916303743639027
1488,12.327470099999118,194.98021025770754,318.59028436829726,38.16634453885287,62.36236253853811,21.008153675174597,0.19574470910872432,-0.4932355101201864,-0.8985238783986702,20.894576181533854,-0.16975249661754396,-0.17400474231573806,0.2430916708903365,0.6788592305071752
1489,12.338704800000414,194.96337531833314,318.5951495222501,38.16304918854216,62.363314866683375,21.031640195484137,0.19574470910872432,-0.49653086043089445,-0.8994762065439375,20.89848951609193,-0.047235374935560834,-0.1960886718460273,0.20169766451707366,-2.4233709359723745
1490,12.343439899999794,194.96533494896806,318.6043766749961,38.16343277587076,62.365121033013544,20.786773900913236,0.19574470910872432,-0.4961472731022951,-0.9012823728741068,20.951432522359013,-0.05655890793364879,-0.291070113253022,0.2965142844717165,-4.015032412737421
1491,12.354549300000144,194.96701504217367,318.6239182654287,38.163761645226565,62.3689461959483,20.775158735260774,0.19574470910872432,-0.49581840374649033,-0.9051075358088596,20.96202112361243,-0.028899519929898716,-0.28820481635546547,0.289650131059294,3.4584494087574993
1492,12.35939309999958,194.96706885453756,318.63619654633766,38.16377217871208,62.371349604473174,21.155436104962313,0.19574470910872432,-0.4958078702609754,-0.9075109443337368,20.964138843863118,0.0363143289020975,-0.28670659317307734,0.28899723364164265,4.115416934839358
1493,12.3709046999993,194.96918802051914,318.6440955233032,38.1641869942407,62.37289578742155,21.061096681441683,0.19574470910872432,-0.49539305473235373,-0.9090571272821109,21.014474802464033,0.14935820543795242,-0.29200254882031584,0.3279837832107047,2.3914741756425255
1494,12.385357199998907,194.97160608716104,318.6498010414703,38.16466031799212,62.374012612415484,21.042228796737554,0.19574470910872432,-0.4949197309809321,-0.9101739522760468,21.066983095258433,0.1533760084653892,-0.23364717590179954,0.2794909708374523,2.23236166887059
1495,12.389457400000538,194.98514242755198,318.65834564610975,38.167309985004344,62.37568517356508,21.038453693917827,0.19574470910872432,-0.49227006396871076,-0.9118465134256439,21.077484753817313,0.4233017558372834,-0.18725835803152774,0.4628715471354779,2.1643462523579937
1496,12.402787900000476,194.9885265126497,318.66192375283606,38.167972401757396,62.37638556902539,21.037700199232784,0.19574470910872432,-0.49160764721565897,-0.9125469088859504,21.07958508552909,0.5175946574436093,-0.19895783229760433,0.5545164095378323,2.165383078943614
1497,12.407112900000357,195.01839475072103,318.6677621271739,38.17381895133026,62.37752839991181,21.207944397756712,0.19574470910872432,-0.4857610976427935,-0.9136897397723729,21.080005151871443,0.764660198842138,-0.28801777552876195,0.8171043132390345,1.9240610464552392
1498,12.41930660000071,195.05000884393024,318.679773173395,38.18000724280923,62.37987949866046,21.071598340000563,0.19574470910872432,-0.4795728061638229,-0.9160408385210204,21.133386894632103,0.6264171864111144,-0.1652984374524349,0.6478596027345997,0.8295381756595647
1499,12.423706399998991,195.07851173246695,318.6915192210831,38.185586532434606,62.382178725348346,21.04432912844933,0.19574470910872432,-0.47399351653844946,-0.9183400652089091,21.144063243184235,0.7536908183916906,-0.1994974840986326,0.779646776360693,0.5346684513400239
1500,12.434678600000552,195.07599008521635,318.6799904009739,38.18509293332706,62.3799220198097,21.305362407721116,0.19574470910872432,-0.4744871156459922,-0.9160833596702602,21.112119228226693,0.4905325103056968,-0.1532067878125153,0.5139012195924793,1.6430086635324552
1501,12.439530399999057,195.09299501886267,318.68553104750913,38.188421559117074,62.38100657205401,21.091081941993444,0.19574470910872432,-0.47115848985598063,-0.917167911914575,21.105730425235187,0.23189854631621337,-0.06565093841045691,0.2410124094268728,-0.9386121727225998
1502,12.450943699999698,195.09509476301645,318.68744263736556,38.18883257292566,62.38138075565439,21.048224322969006,0.19574470910872432,-0.47074747604739287,-0.9175420955149534,21.170088040613443,0.003785187560095722,0.009271076073950162,0.010014015000691509,0.6403524755870662
1503,12.455682800000432,195.07607319026584,318.68151184342344,38.1851092007008,62.38021983411941,21.03965432504302,0.19574470910872432,-0.4744708482722544,-0.9163811739799712,21.12966213937269,0.14150061944460257,-0.0936884919101122,0.16970550615580332,2.159315183440427
1504,12.466741300000649,195.0832768730059,318.6898710638832,38.186519283483264,62.38185610729667,21.366117205340636,0.19574470910872432,-0.4730607654897909,-0.9180174471572329,21.24380108021829,0.002793003062067827,-0.018844689825848016,0.019050543318686216,4.655726849501427
1505,12.471615500000553,195.09930279979443,318.6975684739786,38.189656273860685,62.383362834596696,21.103232901517345,0.19574470910872432,-0.4699237751123704,-0.9195241744572584,21.266629173563192,0.09204039648555891,-0.04006000021728774,0.10038046723654946,4.579261822425691
1506,12.482971199999156,195.0988689738744,318.6888269329478,38.189571354732166,62.381651724190455,21.66177664622144,0.19574470910872432,-0.47000869424088876,-0.9178130640510176,21.39341860815014,0.28844885165530487,-0.07535121870849582,0.298128405527081,6.377305538222877
1507,12.487795299999561,195.11075392559752,318.69224915267057,38.19189777114998,62.3823216055946,21.162364789693505,0.19574470910872432,-0.4676822778230729,-0.9184829454551604,21.418776495067526,0.322189762005489,-0.10338171781920161,0.33836965336803276,-0.8517568209750088
1508,12.498822199999267,195.12181613642866,318.68838974178095,38.19406314039122,62.38156614633268,21.673601497977764,0.19574470910872432,-0.4655169085818329,-0.9177274861932432,21.42384807245101,0.18594176974403726,-0.046401780154136214,0.19164411532060502,-1.2600560663512033
1509,12.503515899999911,195.12891899992746,318.6952984242148,38.19545348834063,62.382918484366016,21.492906639927586,0.19574470910872432,-0.4641265606324225,-0.9190798242265785,21.302638266833952,0.19746720424661365,-0.09368523650159363,0.21856399587153727,-8.563791938105306
1510,12.51451359999919,195.12680372459124,318.69665938388573,38.19503943438526,62.38318488502091,21.128590788434735,0.19574470910872432,-0.46454061458779705,-0.9193462248814726,21.33169373002695,0.1299071179639047,-0.044051584033685434,0.13717288855150897,-11.14264213755457
1511,12.519105199999103,195.12798007543492,318.6986704612058,38.19526969883896,62.38357854276592,21.055727618136167,0.19574470910872432,-0.4643103501340917,-0.9197398826264802,21.21528100674758,-0.08151805815507292,0.01109589623131102,0.08226975579488413,-6.8133157002647
1512,12.530747099999644,195.13657112969858,318.69216944635616,38.19695135225674,62.38230600350527,21.307642105658484,0.19574470910872432,-0.46262869671631535,-0.9184673433658332,21.12636308611514,-0.13218491089678092,0.05908346307713716,0.14478848807131506,-0.15076974071498062
1513,12.535471499999403,195.11579637739536,318.6838608430344,38.19288480441034,62.380679638364946,21.091537881580916,0.19574470910872432,-0.4666952445627146,-0.9168409782255083,21.230803317906627,-0.07325424100090186,0.10664767876209659,0.12938280878834543,0.7857998678883511
1514,12.547025300000314,195.11832745128243,318.68670465167656,38.1933802487321,62.38123629886037,21.048317036765404,0.19574470910872432,-0.46619980024095753,-0.917397638720935,21.317327350593043,-0.08181254073773277,0.10502889133320573,0.133132865351293,6.8783331763993
1515,12.551072199999908,195.12364085329912,318.6822886507121,38.194420319064236,62.38037189003616,21.650791947392143,0.19574470910872432,-0.4651597299088195,-0.9165332298967215,21.346970108790487,-0.09575959016517506,0.011273525341508953,0.09642090791020347,10.454697553143566
1516,12.562664099999893,195.12407656464313,318.68784511189676,38.19450560725452,62.381459537914424,21.488347781568272,0.19574470910872432,-0.46507444171853507,-0.9176208777749864,21.40619608474638,0.08451361110668584,-0.08262346153287542,0.1181913146469176,5.008623880167573
1517,12.567147100000511,195.1257876653307,318.6960777940875,38.19484054616087,62.383071041895036,21.455855896645687,0.19574470910872432,-0.46473950281218634,-0.9192323817555987,21.452120259429748,-0.05009495735085347,-0.10266403009774148,0.11423400469165824,3.36113300674836
1518,12.578806699999404,195.12820671247525,318.7035375759633,38.1953140618405,62.38453125472833,21.387667761360387,0.19574470910872432,-0.4642659871325563,-0.9206925945888926,21.39237870276486,-0.090895780450064,-0.13145940782411272,0.15982371166098172,1.6887029231037674
1519,12.583289899999727,195.1137739376403,318.706936029733,38.192488922528796,62.3851964840729,21.277937910182235,0.19574470910872432,-0.46709112644425943,-0.9213578239334623,21.38902231037719,-0.08669077415232827,-0.12579844106220853,0.15277610446929174,0.8126929658883508
1520,12.595830799999021,195.11716952811125,318.7024755845817,38.19315359139779,62.38432337553426,21.352084164067698,0.19574470910872432,-0.4664264575752668,-0.9204847153948208,21.376013080239503,-0.11112140405723872,-0.18819215170605388,0.21855034294964287,0.3457733120073192
1521,12.609183299999131,195.1191056144497,318.7069451900907,38.19353257005491,62.385198277164456,21.471565819629944,0.19574470910872432,-0.46604747891814213,-0.9213596170250185,21.385749796223678,-0.177665425744996,-0.1571604344770095,0.23720119238771353,1.4730642473176148
1522,12.613419199999043,195.11807901591712,318.7214750670539,38.193331618823784,62.388042423704,21.390809745957238,0.19574470910872432,-0.4662484301492711,-0.924203763564563,21.419253535904897,-0.059817060287773643,-0.14958703822313382,0.16110357756996102,0.7293620568921577
1523,12.6264900999995,195.09857340388163,318.71947704313067,38.18951349846991,62.38765132109235,21.436351341281295,0.19574470910872432,-0.47006655050314805,-0.9238126609529118,21.425954283841136,-0.0687751218516499,-0.20371016413265675,0.21500662398322345,0.8700022038468982
1524,12.630875499999092,195.09765665663446,318.721953001017,38.18933405004668,62.388135976748586,21.445456608588295,0.19574470910872432,-0.470245998926373,-0.9242973166091488,21.406363952471356,-0.09795333327210104,-0.3741845676738652,0.3867931568479369,0.6911529827739487
1525,12.642601199999262,195.09814844760587,318.7339931941019,38.189430315527325,62.3904927808416,21.38558790374891,0.19574470910872432,-0.4701497334457301,-0.9266541207021604,21.4024458861974,-0.0686582798588021,-0.2394315841166035,0.24908119733483652,0.15161268459231514
1526,12.647352899999532,195.09529593148153,318.7562750929591,38.18887195058834,62.39485434465178,21.37361416278103,0.19574470910872432,-0.47070809838471206,-0.9310156845123458,21.401661662591046,0.029679088787129576,-0.23045371776045043,0.23235697609679737,1.4040347703741909
1527,12.658180500000526,195.10077405611258,318.75614640995855,38.18994426450071,62.39482915563528,21.371219414587458,0.19574470910872432,-0.4696357844723451,-0.9309904954958412,21.45809264745962,-0.009556851226543664,-0.18815318830360603,0.188395742186968,3.6203027493147197
1528,12.662935899999866,195.1056225911766,318.7543289608881,38.19089333958642,62.394473399595654,21.432430223249526,0.19574470910872432,-0.46868670938663826,-0.9306347394562167,21.490309325390363,-0.23808998898431433,-0.19888032331391717,0.31022608829045817,9.200643984309982
1529,12.674331000000166,195.0918200765051,318.7484500991087,38.188191570367074,62.393322643506764,21.727611532931157,0.19574470910872432,-0.47138847860598077,-0.9294839833673265,21.565678442226517,-0.22270053987729696,-0.019270633487630674,0.2235327443052899,10.71772059469086
1530,12.679165899999134,195.06379898274932,318.75473947790215,38.18270658952094,62.39455375612916,21.54667129340264,0.19574470910872432,-0.4768734594521149,-0.9307150959897257,21.698964851042966,-0.21825504924562528,0.006837389122160118,0.21836212219892476,10.461735991798767
1531,12.690384399998948,195.0614743428553,318.75587694711226,38.1822515535611,62.39477640970881,21.75045974696178,0.19574470910872432,-0.4773284954119532,-0.9309377495693738,21.782209962396095,-0.26049946276911806,-0.0527542547260588,0.2657874742998643,11.212495994447156
1532,12.694618800000171,195.0640975285849,318.75300274507885,38.182765028288685,62.39421379986786,22.037651458669703,0.19574470910872432,-0.47681502068437,-0.9303751397284259,21.798858984666722,-0.16801815364176836,-0.0816162411628601,0.18679215929675158,11.096593891210318
1533,12.706296000000293,195.06340292218528,318.7663146511135,38.182629062761045,62.3968195350423,21.848655780015193,0.19574470910872432,-0.47695098621201026,-0.9329808749028601,21.921803046933345,0.10535024758683918,0.040135368312865585,0.11273651784678153,4.814967931637316
1534,12.710370700000567,195.06809300959907,318.7672164801612,38.18354712255755,62.39699606330691,21.81085664428429,0.19574470910872432,-0.4760329264155061,-0.9331574031674705,21.946392469738235,0.18015043919656287,0.09779570577518176,0.20498336715641202,2.8630209334445635
1535,12.721923400000378,195.0818082560619,318.74631614396606,38.18623180948677,62.392904933078114,22.161391604735762,0.19574470910872432,-0.4733482394862847,-0.9290662729386767,21.902023550099994,0.15093767389904825,0.028926786321629226,0.15368454824396832,1.1253633930615439
1536,12.725716599999942,195.08826975200375,318.74111394810086,38.187496613130314,62.39188663076175,21.873406860986215,0.19574470910872432,-0.47208343584274104,-0.9280479706223161,21.893149766172346,0.1183346277548244,-0.10132488839499285,0.1557877310128452,-8.771540878634164
1537,12.737986699999965,195.08671511256148,318.75437028390024,38.18719230068492,62.394481488356654,21.815806860478496,0.19574470910872432,-0.4723877482881349,-0.9306428282172163,21.834787790148532,0.06135278685898771,-0.143065713694737,0.15566619058211975,-11.398035451331703
1538,12.741577400000097,195.08351120611889,318.7704101979282,38.1865651529503,62.39762121666218,21.80428686037695,0.19574470910872432,-0.4730148960227538,-0.9337825565227433,21.694908607834396,0.007282118325043255,-0.36112218238083627,0.3611955977788183,-11.508539159697664
1539,12.753491400000712,195.0798835388344,318.7857498273141,38.185855056272956,62.40062386795416,21.519046764165235,0.19574470910872432,-0.4737249927000988,-0.9367852078147223,21.610345246957507,0.028879591511357453,-0.48811486417849653,0.48896845648554366,-11.09396769529011
1540,12.757341099999394,195.07913683929843,318.80022774003163,38.185708893789496,62.40345784276756,21.46199569316508,0.19574470910872432,-0.47387115518355927,-0.939619182628121,21.59343318513369,0.049547503931096276,-0.5572270523725267,0.5594255473622711,-7.083905057054304
1541,12.770031399999425,195.10775494346717,318.82398881977355,38.19131073626525,62.40810894840975,21.450590056601765,0.19574470910872432,-0.4682693127078039,-0.9442702882703102,21.590050772768926,0.06879787450618037,-0.40108002920560265,0.4069377561300195,1.8158438386602733
1542,12.773687200000495,195.10922175588632,318.8343922855098,38.19159785703555,62.41014537178402,21.731246551359416,0.19574470910872432,-0.46798219193750157,-0.9463067116445814,21.645962119885816,0.016298926859230595,-0.3901634480834577,0.39050374036254193,7.077492443517908
1543,12.78591409999899,195.10432417676455,318.84024327401414,38.190639181835024,62.4112906718268,21.787374798553135,0.19574470910872432,-0.4689408671380306,-0.9474520116873606,21.713733134426384,0.09691091239507849,-0.2865204608702009,0.3024660302224349,8.181601271698124
1544,12.789565299999595,195.098316151613,318.8439261749488,38.18946314269942,62.41201158019893,21.79860349974969,0.19574470910872432,-0.47011690627363834,-0.9481729200594913,21.783874251397,0.49436241373491085,-0.44579827447123505,0.6656803269102504,8.401487268939267
1545,12.802007099999173,195.1215219395146,318.857778723913,38.19400555290186,62.41472314336634,21.80085076586791,0.19574470910872432,-0.4655744960711985,-0.9508844832269006,21.79790186443956,0.4726845379283018,-0.3387595987312203,0.5815399712221246,5.351461390696857
1546,12.805375500000082,195.16331505519116,318.8777900178923,38.202186334172715,62.41864024828521,21.801295641454836,0.19574470910872432,-0.4573937148003395,-0.9548015881457701,21.80070738704807,0.41941124606419855,-0.29584678891148014,0.5132554099416368,4.244384465588049
1547,12.818209099999876,195.16135793860246,318.8792222847465,38.201803238955364,62.41892060694395,21.801384616572218,0.19574470910872432,-0.4577768100176911,-0.955081946804512,21.80126879674556,0.6177327000799101,-0.31551011144608043,0.6936427893179127,0.40341514189176864
1548,12.833268399999724,195.1348333506174,318.8699215379835,38.196611191196006,62.417100034974325,21.801402411595696,0.19574470910872432,-0.46296885777704944,-0.9532613748348879,21.80138016315771,0.5645861724326207,-0.2798167223117727,0.6301229595780656,0.1779929989588758
1549,12.837258600000496,195.14848113428522,318.87595053830444,38.19928267264004,62.41828017988837,21.80141054823711,0.19574470910872432,-0.4602973763330169,-0.9544415197489329,21.801402436440135,-0.01881850345952646,-0.003707607614457216,0.0191802613819257,0.011456322311024133
1550,12.85006760000033,195.15498298498733,318.87853353301364,38.20055537551439,62.41878578743635,21.801407597928673,0.19574470910872432,-0.45902467345866427,-0.9549471272969114,21.801406891096626,0.03963023832397718,-0.017525729815821386,0.043332516603497656,0.002694459898920307
1551,12.85428309999952,195.14446626626636,318.87384633491354,38.198496783467576,62.41786829320771,21.801407007866985,0.19574470910872432,-0.4610832655054793,-0.9540296330682736,21.801407782027923,0.0032818329077853314,0.012119019823485726,0.012555519452283235,0.0012415842225880372
1552,12.8658020999992,195.1599073075334,318.8791976677128,38.20151928559873,62.418915788289844,21.801406889854647,0.19574470910872432,-0.458060763374327,-0.9550771281504069,21.801407044686837,-0.1747630285214011,0.09268682473663424,0.19782053386272014,0.00013619639377598387
1553,12.869340600000214,195.15038942453958,318.87433280315867,38.19965621036077,62.417963516792845,21.80140686625218,0.19574470910872432,-0.4599238386122835,-0.954124856653408,21.801407507570183,-0.19155383854148358,0.11372173687357473,0.22276783093058866,0.00010876606176922092
1554,12.882107800000085,195.1359936574044,318.8673487647545,38.196838315110504,62.416596428227024,21.80140686153169,0.19574470910872432,-0.4627417338625506,-0.9527577680875865,21.801408210498415,-0.08309359259513041,0.069983620599638,0.10863817138832736,6.888377141400135e-05
1555,12.885673099999622,195.1362742627398,318.8661520715597,38.19689324212025,62.416362181865715,21.801409912345402,0.19574470910872432,-0.4626868068528083,-0.9525235217262775,21.801408961435623,-0.24260186974925363,0.144080678595994,0.2821611403976741,0.00011440225313497895
1556,12.898256799999217,195.1397433093373,318.86621910919854,38.197572289637364,62.41637530412882,21.801410522508142,0.19574470910872432,-0.46200775933569105,-0.952536643989383,21.801409111623066,-0.08422944942781575,0.07320125499268973,0.11159311754502495,1.5534430757030129
1557,12.902171600000656,195.12904059418003,318.86062826362775,38.19547728977223,62.4152809256889,21.80141064454069,0.19574470910872432,-0.4641027592008271,-0.9514422655494599,21.801409752012116,-0.13988476151193624,0.1060259285609956,0.1755256221480859,2.6729243465942516
1558,12.914093699999285,195.14520189048835,318.8658223491101,38.19864077801692,62.416297640440725,21.80140761718939,0.19574470910872432,-0.46093927095613196,-0.9524589803012873,21.89400601046102,-0.1746506816727233,0.17575800320624274,0.24777759442651903,2.733982720386382
1559,12.91740209999989,195.13676815450685,318.8612386072971,38.19698991882053,62.41540039723291,21.801410063476943,0.19574470910872432,-0.4625901301525275,-0.9515617370934706,21.912524651799238,-0.1659818723085823,0.2027630444367974,0.2620359405202676,9.283313567513138
1560,12.92952349999905,195.12695784673218,318.8355794272149,38.195069602978904,62.41037774849175,22.26439120458992,0.19574470910872432,-0.4645104459941507,-0.9465390883523099,21.91622776971532,-0.06311618360009459,0.09178794950398994,0.11139425616425587,9.711512739819808
1561,12.933545100000629,195.1289570214975,318.83282674156936,38.1954609308618,62.4098389248408,21.894003729199234,0.19574470910872432,-0.46411911811125606,-0.946000264701361,22.04792176243916,-0.2657698388180632,0.3598870791437689,0.44738385862703256,7.312548970260229
1562,12.945846000000529,195.12764864868493,318.85012868246264,38.19520482380619,62.41322568822797,21.819926234121098,0.19574470910872432,-0.4643752251668616,-0.9493870280885304,22.074259950632364,-0.2054218203254088,0.3281841149178423,0.38717300725930265,7.701809550585816
1563,12.949561699999322,195.11345131622397,318.82630170186565,38.192425771093504,62.40856168284207,22.459877580808598,0.19574470910872432,-0.4671542778795512,-0.9447230227026324,22.05854980506788,-0.28060703148073923,0.2389806801293769,0.3685811601147462,15.037250979273416
1564,12.96141979999993,195.10150201972982,318.8194752057399,38.190086759527205,62.4072254323437,21.93310100444297,0.19574470910872432,-0.46949328944585034,-0.9433867722042635,22.148004516677638,-0.29048459532694354,0.18457102495060357,0.34416240842598494,8.150658142199113
1565,12.965444499999649,195.09051527544028,318.82012606461853,38.1879361624622,62.407352834525575,22.1858404767675,0.19574470910872432,-0.4716438865108543,-0.9435141743861379,22.296848828140213,-0.4570408238307734,0.29154576386626696,0.5421118400074629,12.389870031399843
1566,12.977551899999526,195.09347919117454,318.82866585453354,38.18851633328542,62.409024453218336,22.34127728724803,0.19574470910872432,-0.4710637156876345,-0.9451857930788989,22.27643214355773,-0.3428308763295729,0.037852727426464464,0.3449142483843268,13.887840355910866
1567,12.981344699999681,195.0769395914948,318.82363680054743,38.18527879415734,62.40804004250873,22.56414779143398,0.19574470910872432,-0.47430125481571395,-0.9442013823692932,22.36494554736389,-0.11645549819917159,-0.120339343610878,0.16746175886307363,12.767046310412747
1568,12.99320330000046,195.06622433879167,318.82443947357433,38.183181340133935,62.40819716150689,22.357794157896173,0.19574470910872432,-0.4763987088391204,-0.9443585013674536,22.40362601132825,-0.027295344748507172,-0.12456990421280761,0.12752527937835667,4.759174251955038
1569,12.997191399999792,195.08526641184636,318.83825861106936,38.18690872518486,62.410902184555994,22.375668023473764,0.19574470910872432,-0.4726713237881981,-0.9470635244165564,22.411362104121118,0.1647887083161411,-0.22946126406083298,0.2825027258149867,5.3329915102911425
1570,13.009233799999492,195.0798188002272,318.84150740179075,38.18584238403312,62.4115381181507,22.379242796589285,0.19574470910872432,-0.4737376649399323,-0.9476994580112645,22.374552694261723,0.3689781635635955,-0.3078578662868244,0.48054276710969196,0.6799938759477436
1571,13.013010499998927,195.09927370030096,318.85429011949066,38.189650577788804,62.41404026750849,22.379957751212388,0.19574470910872432,-0.4699294711842512,-0.9502016073690527,22.37901973074688,0.31098075781404616,-0.29957253985695337,0.43180173502076663,0.03677079915317661
1572,13.025379299999258,195.10984802712602,318.8626585284078,38.19172044631719,62.415678339277676,22.38010074213701,0.19574470910872432,-0.4678596026558637,-0.9518396791382386,22.379913138043904,0.08230141230616687,-0.1552277433427908,0.1756962571339669,-0.35059632818580017
1573,13.02928989999964,195.10052108881274,318.86209560134023,38.189894747490186,62.41556814928259,22.380129340321933,0.19574470910872432,-0.469685301482869,-0.9517294891431547,22.380091819503313,-0.031146616453124026,-0.11233577025666111,0.11657374059210489,4.189702345958447
1574,13.041369299999133,195.0876379015977,318.8594142811944,38.187372931756386,62.415043295050616,22.380135059958917,0.19574470910872432,-0.4722071172166693,-0.9512046349111785,22.380127555795198,-0.2667089292886201,0.029354611268718307,0.2683194852503629,3.8506661848363772
1575,13.04506339999898,195.07526183135644,318.8563635800642,38.1849503814871,62.414446136445314,22.380136203886316,0.19574470910872432,-0.4746296674859565,-0.9506074763058763,22.452697569264508,-0.33283313629068234,0.09282075685348216,0.34553377478322606,3.539899814309203
1576,13.05767829999968,195.06434005500708,318.8534036391567,38.18281250155265,62.41386674367339,22.380136432671794,0.19574470910872432,-0.4767675474204083,-0.950028083533951,22.446233788755247,-0.29035713637695515,0.08368571102491777,0.3021763804051729,7.097131881198698
1577,13.072709699999905,195.0518020242498,318.83920540197664,38.18035824836927,62.411087513866725,22.74295080948358,0.19574470910872432,-0.4792218006037885,-0.9472488537272881,22.42396324945027,-0.267915716858686,0.03491608971826483,0.27018135513228425,7.304585272214854
1578,13.07652919999964,195.046836461873,318.8395468338926,38.17938626580626,62.411154347357794,22.34781043777562,0.19574470910872432,-0.48019378316679706,-0.9473156872183566,22.492072007800214,-0.20568722925149718,0.09053178201493017,0.22472925895832255,0.3663735428822652
1579,13.08962419999989,195.04037656541942,318.85295311472316,38.17812177525408,62.4137785558992,22.26878236343403,0.19574470910872432,-0.4814582737189781,-0.949939895759762,22.5056937594702,-0.1849707539466856,0.0917629835263026,0.20648153661103405,0.582918698372695
1580,13.094265800000358,195.0322041267064,318.8425259984074,38.17652206361549,62.411737503049125,22.720679995636026,0.19574470910872432,-0.4830579853575685,-0.9478988429096873,22.435855243593263,-0.2036764041415935,-0.00689786491574966,0.20379317492115787,1.869079444104063
1581,13.106556999999157,195.02806674822932,318.8392554620042,38.17571219366902,62.411097312852256,22.448245191021737,0.19574470910872432,-0.48386785530403387,-0.9472586527128186,22.442865323621,-0.16547344009757317,-0.019420434738921178,0.16660916140228854,-2.229376448528194
1582,13.111078899999484,195.022134332321,318.8463800276104,38.17455095464273,62.412491908874365,22.39375823009888,0.19574470910872432,-0.48502909433032215,-0.948653248734928,22.46524512282967,-0.18663867129222678,-0.055744547329248606,0.1947856467470607,-7.395300191317787
1583,13.122253899999123,195.0185111831779,318.8509535274104,38.173841742367664,62.41338714726233,22.382860837914308,0.19574470910872432,-0.4857383066053913,-0.9495484871228896,22.435514844878437,-0.1517871394792422,-0.15471641918317475,0.21674064241889374,-4.081606188940601
1584,13.126229100000273,195.014401050189,318.858711587419,38.17303720558135,62.41490574646196,22.380681359477393,0.19574470910872432,-0.4865428433917032,-0.9510670863225243,22.336972048565535,-0.143208829971348,-0.27536300010848974,0.31037646626397203,-1.918340392958052
1585,13.138479400000506,195.00373759164881,318.86216172253836,38.170949889991306,62.41558109215728,22.572028605879858,0.19574470910872432,-0.4886301589817492,-0.9517424320178449,22.355620117720925,-0.11725309505388108,-0.2213789753674393,0.2505133510103838,-1.5914689374190487
1586,13.142175499999212,195.00330332491416,318.87256862887676,38.17086488457566,62.417618189011215,21.955531209457224,0.19574470910872432,-0.4887151643973979,-0.9537795288717774,22.397706359969966,-0.18658582592305215,-0.20765586451642892,0.2791688172118315,-0.26160572673672444
1587,13.154475899998943,194.99532122307426,318.8749872499926,38.16930243037293,62.41809162129798,22.486998575875823,0.19574470910872432,-0.49027761860012475,-0.9542529611585451,22.478686779806495,-0.06407167416933872,-0.20062013948783708,0.21060299095449977,5.755798345644474
1588,13.158536200000526,194.98681400938185,318.87522569433406,38.16763718830338,62.418138295516236,22.593292049159544,0.19574470910872432,-0.4919428606696741,-0.954299635376799,22.494882863773803,-0.05383897951413845,-0.2098384656119715,0.21663521727897883,8.107745355290762
1589,13.170169600000008,195.0111917225603,318.8958388942866,38.172408996678236,62.422173220344746,22.785583458660035,0.19574470910872432,-0.48717105229481916,-0.9583345602053086,22.556512278321172,-0.09060220891985932,-0.1913217977383318,0.21169031756550646,5.983211447295887
1590,13.173672999999326,195.00905784885296,318.89765051947006,38.171991302190115,62.4225278363893,22.653009025716386,0.19574470910872432,-0.48758874678294006,-0.9586891762498624,22.603044399023613,-0.18145004503447512,-0.25778770065233664,0.3152437429206673,8.028056771139735
1591,13.185854299999846,194.9961876494691,318.9261872270355,38.16947202875555,62.428113745910615,22.26367828219406,0.19574470910872432,-0.4901080202175052,-0.9642750857711775,22.612350823164103,-0.12861397261680235,-0.25521377575455495,0.2857894772156103,7.4235224579610035
1592,13.189438999999766,194.98554288404696,318.9329780811729,38.16738837224447,62.42944301967834,22.71965917938803,0.19574470910872432,-0.4921916767285879,-0.9656043595389008,22.672601695394544,-0.23560789077286387,-0.07752890121038039,0.24803590207332218,12.503192057612816
1593,13.20191049999994,194.97624411944923,318.932890516387,38.16556818827321,62.429425879334794,22.639824169861985,0.19574470910872432,-0.4940118606998425,-0.9655872191953563,22.684651869840632,-0.22967527319996303,-0.045513775446784956,0.23414148473710938,9.646775653913837
1594,13.205467300000237,194.9739766487588,318.9230495944288,38.1651243428825,62.427499570928724,23.086837819812242,0.19574470910872432,-0.4944557060905552,-0.9636609107892866,22.793831313909536,-0.19996977114235695,0.044924186439820234,0.20495387748956187,13.515039495014506
1595,13.217836499999976,194.96831716023658,318.9193305138416,38.164016527948014,62.42677158058103,22.713259897946827,0.19574470910872432,-0.49556352102504064,-0.9629329204415953,22.78146096493035,-0.06868505847924537,0.13697552406241875,0.1532316267957487,10.47274414404692
1596,13.222319000000425,194.9669823967486,318.91947648832365,38.16375525505733,62.42680015431356,22.809575502538586,0.19574470910872432,-0.4958247939157232,-0.9629614941741238,22.871583025505604,-0.011574179293928025,0.2503927291804884,0.2506600894693477,13.30434689585638
1597,13.233610299999782,194.97131789532972,318.9143173642684,38.16460390596593,62.42579028307611,22.657807434492096,0.19574470910872432,-0.494976143007122,-0.9619516229366738,22.889607437620654,0.020176786208935073,0.17610871810602147,0.1772607776544693,7.34152997403446
1598,13.237151799999992,194.97384372554143,318.90403252710223,38.16509832386598,62.42377708061679,23.090434472738263,0.19574470910872432,-0.49448172510707167,-0.95993842047735,22.94316990061007,0.21467252854073998,0.013964558850965453,0.21512624994169563,12.656466315782758
1599,13.249298299999282,194.97595147093614,318.89347334173647,38.165510903875145,62.42171017594894,23.176959880387496,0.19574470910872432,-0.4940691450979102,-0.9578715158095008,22.95388178285639,0.2821161751755602,-0.047278669545789145,0.2860503607578695,10.026577571246845
1600,13.253002699999342,194.9926603530856,318.9077021367036,38.16878157915102,62.42449538728075,22.981072212893906,0.19574470910872432,-0.4907984698220318,-0.9606567271413127,23.048620289676748,0.49858824820738484,-0.09096917514332413,0.5068191315220506,10.632908594519874
1601,13.26563569999962,195.0106620365136,318.9278761567345,38.1723053134371,62.42844434496325,22.86313491377019,0.19574470910872432,-0.487274735535955,-0.964605684823816,23.13649377229082,0.47421908216049685,-0.18026977103515818,0.5073272397912539,7.402860494342383
1602,13.269433199999185,195.0331182373999,318.9303790733633,38.17670099594728,62.42893427765068,23.131499968593882,0.19574470910872432,-0.4828790530257763,-0.9650956175112455,23.154068468813634,0.445831852478657,-0.2090592662891998,0.49241427427109535,7.929241028817184
1603,13.28135999999904,195.0342004272699,318.92294816189553,38.17691282888858,62.42747971604701,23.529801885808624,0.19574470910872432,-0.4826672200844726,-0.9636410559075728,23.141831454993202,0.34974785264199604,-0.20147540685748205,0.40362841822160556,1.2450046470181373
1604,13.297280999999202,195.02541869812606,318.9208157758254,38.17519385187185,62.42706231275601,23.26483336300157,0.19574470910872432,-0.4843861971012018,-0.9632236526165698,23.197774555158798,0.34577532979650266,-0.13851546914230453,0.3724877365600013,-0.2442691456756457
1605,13.301289099999849,195.03366027755885,318.93543465684695,38.176807097440516,62.429923881369064,22.919887143791723,0.19574470910872432,-0.48277295153253874,-0.9660852212296263,23.166324625387233,0.18909924220635926,-0.298052513899142,0.35297850422457394,-1.2303456580704268
1606,13.314112699999896,195.05063232402838,318.93528993862583,38.180129285739675,62.42989555354296,23.14285041459819,0.19574470910872432,-0.47945076323338043,-0.9660568934035254,23.16003463943292,0.1651789605854448,-0.29930777657282154,0.3418614253422781,-0.03393409559424776
1607,13.318272500000603,195.05858322138795,318.95498337332833,38.181685631830476,62.433750439190156,22.974250319736043,0.19574470910872432,-0.4778944171425792,-0.9699117790507188,23.158776642242056,-0.04908430888530435,-0.2077045092559808,0.21342547304390774,-0.14904523780599555
1608,13.33000340000035,195.05247997282746,318.9480506529024,38.180490953216385,62.43239339584705,23.498351956037055,0.19574470910872432,-0.47908909575667025,-0.9685547357076132,23.21691554573357,-0.06650486444452432,-0.056895735420964356,0.08752154993986871,2.1729492862663853
1609,13.333960800000568,195.02863818168342,318.9382608321709,38.17582404874427,62.43047709023574,23.258543377047257,0.19574470910872432,-0.4837560002287873,-0.9666384300963031,23.228543326431872,0.16109845484618573,-0.05001535619244099,0.168683870031741,2.7492765280905287
1610,13.345908600000257,195.04788906812593,318.93581337698805,38.179592307911044,62.429998013832915,23.210581661249297,0.19574470910872432,-0.47998774106201125,-0.9661593536934774,23.27350743237622,0.13424945788823586,0.14974484902973886,0.20111299499093663,2.83818126456663
1611,13.349669499999436,195.07473166644553,318.93510996045796,38.18484660451083,62.42986032376885,23.200989318089704,0.19574470910872432,-0.474733444462224,-0.9660216636294123,23.282500253565093,0.3382498936169023,0.11749687207479839,0.3580761168790893,1.866183502339723
1612,13.362326000000394,195.09024282261726,318.93044802234107,38.18788283126361,62.428947774048275,23.199070849457787,0.19574470910872432,-0.4716972177094476,-0.9651091139088379,23.284298817802867,0.5759277866140864,-0.030372013968664235,0.5767280768496652,2.384437141707413
1613,13.36607069999991,195.10780774544924,318.9313195861517,38.191321071973874,62.429118378052856,23.543316061981404,0.19574470910872432,-0.46825897699918073,-0.9652797179134183,23.284658530650418,0.5638271161216046,-0.0148304397862623,0.5640221261779181,6.054274720412762
1614,13.378548799999407,195.10838809358887,318.94758209380353,38.19143467205165,62.43230167788254,23.267536198236126,0.19574470910872432,-0.4681453769214059,-0.9684630177431046,23.35365625446993,0.18953699546183195,0.036786857120086794,0.1930739379239782,4.680650781381222
1615,13.382289900000615,195.1132595905359,318.9453305820446,38.192388241804466,62.43186095636824,23.21238022548707,0.19574470910872432,-0.46719180716858943,-0.9680222962288028,23.436381580483832,-0.11790896801185746,0.18662472418668985,0.22075169855604573,4.086898886395971
1616,13.393989899999724,195.08490593156952,318.92771600732755,38.18683816307792,62.42841299656417,23.54597793718726,0.19574470910872432,-0.47274188589513244,-0.9645743364247323,23.38400086443661,-0.2889765558469011,0.14173528269999808,0.32186385350204444,4.03662983023634
1617,13.397696099998939,195.0603423886541,318.9121658182381,38.182029979515264,62.42536912932428,23.6126974795273,0.19574470910872432,-0.47755006945779144,-0.9615304691848436,23.37352472122717,-0.48649778276832195,0.080985541902976,0.4931924073176837,-0.5203787118290197
1618,13.411188800000673,195.0646728469194,318.9307773554384,38.182877643808716,62.42901223925961,23.281412481745306,0.19574470910872432,-0.4767024051643389,-0.9651735791201759,23.371429492585282,-0.6220226932731269,0.025932529694825027,0.622563030578533,-7.249017264384551
1619,13.415207500000179,195.0445838916615,318.9422509184494,38.17894533710545,62.43125812851365,23.215155482188905,0.19574470910872432,-0.48063471186760154,-0.9674194683742101,23.302084665606905,-0.6936146153493806,-0.004663772594827989,0.6936302944660689,-7.579905161094999
1620,13.426085799999782,195.02109088868684,318.9510015723858,38.17434670607209,62.43297102272293,23.201904082277625,0.19574470910872432,-0.4852333429009619,-0.969132362583494,23.176651063980756,-0.49541342740783056,-0.21143246654373674,0.5386447363195357,-7.0935709583902
1621,13.43017730000065,195.00369343750373,318.9480393945613,38.17094124705102,62.43239119208635,23.19925380229537,0.19574470910872432,-0.48863880192203624,-0.9685525319469122,23.15156434365553,-0.6723105691415636,-0.22673846985404597,0.7095152113177048,-7.113802716060288
1622,13.442880000000514,194.9838144421396,318.96183284668723,38.167050038886096,62.43509118736034,22.985529471396575,0.19574470910872432,-0.4925300100869592,-0.9712525272209049,23.146546999590484,-0.5233328366338879,-0.13051661686777033,0.5393624432400534,-3.6662607169041666
1623,13.446792999999161,194.9673891574099,318.96876021362493,38.163834876304655,62.43644718278645,23.15597888011916,0.19574470910872432,-0.4957451726683999,-0.9726085226470147,23.145543530777474,-0.5331862690879834,-0.1273493985882594,0.548183789312266,0.5375658849446185
1624,13.45806789999915,194.95393301322943,318.97323863739064,38.161200907276324,62.43732381054374,23.190068761863678,0.19574470910872432,-0.4983791416967307,-0.9734851504043007,23.14534253183909,-0.4112287425486182,-0.11800995179708743,0.42782639869609335,1.89943310388076
1625,13.46255740000015,194.94310742933274,318.9764868444063,38.15908185650553,62.43795962988114,23.19688673821258,0.19574470910872432,-0.5004981924675249,-0.9741209697417048,23.187941187031882,-0.41366192924726564,-0.0748624661296843,0.4203814702666947,-0.5959809687792328
1626,13.475124999999025,194.92881961246013,318.9643899606133,38.15628509194801,62.43559172888196,23.198248807603452,0.19574470910872432,-0.503294957025048,-0.9717530687425224,23.19646091807044,-0.2648444736033825,-0.014903430012784904,0.2652634679415896,-0.7612820371109652
1627,13.47952880000048,194.92165421341775,318.96431831534863,38.154882502996806,62.43557770470047,23.198522747360535,0.19574470910872432,-0.5046975459762493,-0.9717390445610334,23.139774971700028,-0.2936889263084306,-0.037752359191129486,0.29610543065046074,-0.8567007513571017
1628,13.489997599999697,194.917505380747,318.9668181042278,38.15407039095253,62.43606702514745,23.19857753531195,0.19574470910872432,-0.5055096580205216,-0.9722283650080144,23.128437782425948,-0.20563842282519215,-0.018122452361537415,0.20643542385363203,-2.762184361075523
1629,13.494578399999227,194.90866330197386,318.9713111544749,38.15233960081517,62.43694651596108,22.90663903001161,0.19574470910872432,-0.5072404481578872,-0.9731078558216453,23.12617064974691,-0.10527452756408325,-0.08395434558764163,0.13465161824831548,-2.8990128644548103
1630,13.506231499999558,194.9067732168509,318.9738992607867,38.15196962665258,62.43745312407823,23.14020079184217,0.19574470910872432,-0.5076104223204752,-0.9736144639387945,23.125717223211105,-0.003416505256646468,-0.10685856686812363,0.10691316954088463,2.5108362473212473
1631,13.520787299999938,194.92754092994514,318.9843653181264,38.15603479661107,62.4395017994277,23.18691314420828,0.19574470910872432,-0.5035452523619881,-0.9756631392882653,23.125626537903944,-0.018548995859258368,-0.08432072844794236,0.08633684319789796,2.911788231167368
1632,13.52490459999899,194.93155411676364,318.9867071742582,38.15682035669745,62.439960205374994,23.1962556146815,0.19574470910872432,-0.5027596922756032,-0.9761215452355572,23.183998293420636,-0.062234951579846584,0.009869447950665848,0.06301265905353265,3.1316154820462314
1633,13.53756919999978,194.92163974989404,318.98244034336926,38.154879671838565,62.43912499580382,23.198124108776145,0.19574470910872432,-0.5047003771344905,-0.9752863356643857,23.195672644523974,-0.057653379790602984,0.021880776039250868,0.06166587842039845,3.147053560310773
1634,13.541433500000494,194.90986855563756,318.9769333280298,38.152575522842966,62.438047026688146,23.198497807595075,0.19574470910872432,-0.5070045261300891,-0.9742083665487087,23.198007514744642,-0.08976668836200129,0.05032840467841345,0.10291261660726933,3.1531291972505304
1635,13.553632400000424,194.909317572259,318.9758998969489,38.15246767076181,62.43784473802182,23.19857254735886,0.19574470910872432,-0.5071123782112466,-0.974006077882386,23.198474488788776,-0.0185304791834858,0.02959725892951793,0.03491957037121919,0.3180020602277717
1636,13.557499999998981,194.91166319433427,318.9758704210146,38.15292681387261,62.43783896826364,23.198587495311617,0.19574470910872432,-0.506653235100444,-0.9740003081242037,23.1985678835976,0.08106325999054931,-0.0004316464637010367,0.08106440920012319,0.13383007293080473
1637,13.569496599999184,194.94518569604452,318.989046645781,38.15948866621848,62.4404181445477,23.19859048490217,0.19574470910872432,-0.5000913827545759,-0.976579484408262,23.198586562559363,0.2012482969098412,-0.05264626222156102,0.20802044595426902,0.012998765537749193
1638,13.573430000000371,194.95211292181386,318.990738529121,38.16084463401163,62.44074932175993,23.19859108282028,0.19574470910872432,-0.4987354149614234,-0.9769106616204937,23.198590298351718,0.19044532379542786,-0.03808879468113064,0.19421683149461244,0.005350156808703906
1639,13.58608699999968,194.9524142167816,318.98958221528807,38.16090361090745,62.44052297944506,23.1985912024039,0.19574470910872432,-0.49867643806560835,-0.976684319305626,23.19859104551019,0.161276645296255,-0.03197208565057699,0.16441523828058602,0.0005210650859769886
1640,13.590129099999103,194.9511162495079,318.98773674034544,38.16064954068102,62.440161737489255,23.198591226320623,0.19574470910872432,-0.4989305082920339,-0.9763230773498179,23.198591194941883,0.035334632624700685,0.030102495691308177,0.04641870861589957,0.00020997487312369767
1641,13.601884100000461,194.94948713122463,318.9858105278598,38.16033064939656,62.439784691586574,23.19859123110397,0.19574470910872432,-0.4992493995764917,-0.9759460314471369,23.19859122482822,-0.038272001982604546,0.05233151410944211,0.06483312043040367,2.0041658309169777e-05
1642,13.605690700000196,194.94787822201513,318.9839556837228,38.160015713931365,62.43942161566053,23.19859123206064,0.19574470910872432,-0.49956433504168984,-0.9755829555210909,23.19859123080549,-0.05364979316174755,0.0655276702473658,0.08468869980313669,8.248416538377056e-06
1643,13.618202600000586,194.94638880599206,318.98223312259086,38.15972416862519,62.43908443343284,23.19859123225197,0.19574470910872432,-0.4998558803478659,-0.9752457732934019,23.198591232000943,-0.044856113308359424,0.05207286938099497,0.06872884857687159,8.554219308956426e-07
1644,13.621878899999501,194.94503226009175,318.9806580731282,38.15945863194254,62.43877612583394,23.19859123229024,0.19574470910872432,-0.5001214170305133,-0.9749374656945022,23.198591232240037,-0.04816732389574298,0.055874757455162294,0.07377045216040516,3.473438866923757e-07
1645,13.634288799999922,194.9438348167319,318.9792572306844,38.15922423874039,62.43850191833727,23.198591232297893,0.19574470910872432,-0.5003558102326622,-0.9746632581978361,23.198591232287853,-0.03479208957095307,0.0405281578885567,0.05341367875884418,3.333051383501858e-08
1646,13.638963400000648,194.94279158992515,318.9780372690969,38.15902003261257,62.438263117311195,23.198591232299425,0.19574470910872432,-0.5005600163604882,-0.9744244571717573,23.198591232297417,-0.037915002820162635,0.0441428040110753,0.058190502531024306,1.4241451296958291e-08
1647,13.650093399999605,194.94188991408285,318.9769769686414,38.15884353433711,62.43805556910697,23.19859123229973,0.19574470910872432,-0.5007365146359462,-0.9742169089675343,23.19859123229933,-0.03929495296973348,-0.002510656303380772,0.03937507744712728,1.2353424968353707e-09
1648,13.653932699999132,194.94112662280781,318.9760939125705,38.15869412410851,62.43788271555324,23.19859123229979,0.19574470910872432,-0.5008859248645479,-0.9740440554138061,23.198591232299712,-0.04696565114246421,-0.013896764693148364,0.048978489729394316,4.655333596885346e-10
1649,13.666238199999498,194.93615216961797,318.9854861856621,38.15772040121589,62.43972120331743,23.198591232299805,0.19574470910872432,-0.5018596477571649,-0.9758825431779954,23.198591232299787,-0.0795577477513284,-0.11599934500517067,0.14066016944712037,-4.9402613994411655e-06
1650,13.669786500000555,194.93511454997287,318.9861176401655,38.157517292660295,62.43984480719551,23.198591232299805,0.19574470910872432,-0.5020627563127604,-0.9760061470560757,23.1985912322998,-0.08758621085657958,-0.13619203784391348,0.16192472172059205,-7.619097368538856e-06
1651,13.68214099999932,194.92207209452448,319.0151146151195,38.154964301012484,62.44552081162291,23.198591232299805,0.19574470910872432,-0.5046157479605711,-0.9816821514834757,23.198590927124023,-0.10902711436243552,-0.11473295059557248,0.15827369212400927,-7.832452348810477e-06
1652,13.686697900000581,194.92076842035965,319.01703091208066,38.15470911369232,62.44589591661414,23.198591232299805,0.19574470910872432,-0.504870935280735,-0.9820572564747039,23.198590866088868,-0.08274023581915863,-0.018463939331695642,0.08477537188980369,-2.4272460627111277e-05
1653,13.698141900000337,194.91222564390827,319.0081258310475,38.153036910400864,62.44415279411772,23.198589706420897,0.19574470910872432,-0.5065431385721908,-0.9803141339782826,23.19859085388184,-0.08943898402888936,-0.06111425347571413,0.10832489945535959,-2.5314789882339452e-05
1654,13.701884199999768,194.91322563094778,319.0017796877423,38.153232652573024,62.44291057014249,23.198590927124023,0.19574470910872432,-0.5063473964000309,-0.97907191000305,23.198590546264647,-0.23509789490321376,-0.1270053069839062,0.2672103444666744,2.810408755944636
1655,13.713689199999862,194.9077535818092,319.01674130865433,38.152161527906166,62.4458392282757,23.19859117126465,0.19574470910872432,-0.5074185210668887,-0.9820005681362645,23.19859048474121,-0.24392348649742496,-0.15879995659626778,0.29106029182977877,3.999428772046665
1656,13.717104800000016,194.89143958563784,319.03050673829637,38.1489681494712,62.44853373829674,23.198589694213865,0.19574470910872432,-0.5106118995018534,-0.9846950781573014,23.24658699343262,-0.26092770955580497,-0.29808869905094537,0.3961567140866397,6.936390760420226
1657,13.730313199999728,194.88468316911454,319.046788366703,38.14764561668423,62.451720780913014,23.19859092468262,0.19574470910872432,-0.5119344322888253,-0.9878821207735768,23.3251120764209,-0.3337038629889225,-0.3731960027678842,0.5006331238098976,8.398389529574095
1658,13.73465109999961,194.87956083744464,319.05884674987885,38.14664294736155,62.45408114562009,23.43857224987793,0.19574470910872432,-0.5129371016115059,-0.9902424854806497,23.38881330883887,-0.32721653800159,-0.3405232757927406,0.4722570953393552,9.498251866489827
1659,13.745823100000052,194.86177787415608,319.06133491745015,38.14316202638553,62.45456819125755,23.591216342065433,0.19574470910872432,-0.5164180225875228,-0.990729531118113,23.470479641748245,-0.1557756518577783,-0.24059090371091033,0.28661827691225183,4.967924656417679
1660,13.7613266999997,194.857160471957,319.0680452161789,38.14225819433524,62.455881696730245,23.517097333354492,0.19574470910872432,-0.5173218546378138,-0.9920430365908075,23.55573868958012,-0.1361927638191334,-0.20419617940826731,0.24544764941149375,2.655680616560121
1661,13.764925100000255,194.8557314632041,319.07336201205254,38.14197847343259,62.45692243139192,23.606921358760744,0.19574470910872432,-0.5176015755404677,-0.9930837712524792,23.524794283326184,-0.06277875676919409,-0.16802497855805013,0.17936991308722552,2.8331967390162576
1662,13.778299899999183,194.85558020466823,319.0774149048686,38.14194886537448,62.45771576371724,23.624886163841996,0.19574470910872432,-0.5176311835985743,-0.9938771035778018,23.449679620825396,0.009704291970717248,-0.17939123932838966,0.17965352774278745,1.554853140319119
1663,13.78210179999951,194.85822030751473,319.0844706085414,38.14246565153819,62.45909688038023,23.283850218608244,0.19574470910872432,-0.5171143974348666,-0.9952582202407925,23.508884288422898,0.018414085648834427,-0.1398654691895638,0.14107242119528335,0.6046923231996626
1664,13.79499769999893,194.86156969479862,319.0910868293814,38.14312127637777,62.460391970603965,23.215643029561495,0.19574470910872432,-0.5164587725952856,-0.9965533104645274,23.520725221942396,0.03648013264421317,-0.07960920989434402,0.08756955165890201,3.45904979063861
1665,13.79816159999973,194.86133129699067,319.08926188068517,38.1430746112682,62.460034746552274,23.813120671341988,0.19574470910872432,-0.5165054377048577,-0.9961960864128372,23.523093408646297,0.06353935769775404,-0.022305125216674868,0.06734069042989299,8.278297960958835
1666,13.810396400000172,194.86211856033165,319.0885080971244,38.14322871390187,62.45988719740844,23.666126026358242,0.19574470910872432,-0.5163513350711852,-0.9960485372690044,23.592492827237077,0.04120516990834591,0.05542759811618565,0.06906579949660355,4.5496754636027426
1667,13.81487720000041,194.8651649550243,319.08330713902717,38.143825029544814,62.45886913737861,23.636727097361494,0.19574470910872432,-0.5157550194282408,-0.995030477239176,23.675298492205233,0.04129953766146868,0.08295556870669853,0.09266756816979094,4.016826641215769
1668,13.826840800000355,194.86664753148068,319.0817551294833,38.144115236042,62.45856533972192,23.630847311562146,0.19574470910872432,-0.5154648129310573,-0.9947266795824845,23.638561590530895,0.05491052282151419,0.07915905350145319,0.09633961421854438,4.83405884413387
1669,13.831048800000644,194.86775059746978,319.0809551397927,38.144331155373166,62.45840874597264,23.629671354402277,0.19574470910872432,-0.5152488935998889,-0.9945700858332032,23.631214210196028,0.15487367102040717,0.05098726552382582,0.16305077497802464,4.24232108375004
1670,13.841769000000568,194.87066994917214,319.0758112947138,38.14490260302293,62.457401865513965,23.6294361629703,0.19574470910872432,-0.5146774459501273,-0.993563205374528,23.683042768797023,0.12895498821622745,0.0166308543729988,0.13002297605816926,1.5350971196740986
1671,13.845588899999711,194.88066950145318,319.0783247719206,38.146859962475396,62.457893865378665,23.629389124683907,0.19574470910872432,-0.5127200864976587,-0.9940552052392277,23.69340848051722,0.11945865898075322,0.02175559926680054,0.12142354510117676,5.433624997995324
1672,13.856788600000073,194.8808691270723,319.07515370274575,38.14689903813414,62.45727314536547,23.89586989036647,0.19574470910872432,-0.5126810108389179,-0.9934344852260324,23.74877965752923,0.054239002942743975,0.04711849459780272,0.07184721270436421,6.826729847568288
1673,13.860708500000328,194.8804040493462,319.07413205361615,38.146808001629935,62.45707316295378,23.68267587016314,0.19574470910872432,-0.5127720473431197,-0.9932345028143459,23.8131519275996,0.003561041647098015,0.07294814209046091,0.07303500840050915,3.9603761914989697
1674,13.87338649999947,194.8626066580885,319.0635082941658,38.1433242564553,62.45499361825053,23.906527239462317,0.19574470910872432,-0.5162557925177538,-0.9911549581110961,23.87932441628164,-0.10153309596840279,0.10885356640222994,0.14885586483378332,4.203414808407373
1675,13.877604999999676,194.85829463937563,319.05870086504535,38.14248020160668,62.45405258943579,23.951297513322153,0.19574470910872432,-0.5170998473663744,-0.9902139292963525,23.83926087935008,-0.08372209906058356,0.08755562779367901,0.12114197385487585,3.6906535423088505
1676,13.889131500000076,194.85752562517592,319.05571372944496,38.14232967114586,62.45346787344663,23.96025156809412,0.19574470910872432,-0.517250377827196,-0.9896292133071896,23.88454620663174,-0.07676066624674655,0.08140758869882053,0.11189010403248692,0.43495705511777655
1677,13.892936700000064,194.85932464359865,319.05670644749796,38.1426818194837,62.453662192753136,23.69555220570867,0.19574470910872432,-0.5168982294893567,-0.9898235326136984,23.89360327208807,-0.015527714981589301,0.06764608760470053,0.06940535354547438,-0.5870289810501861
1678,13.905565600000045,194.86007194459108,319.05539823052686,38.142828099699074,62.45340611620268,23.909102506571422,0.19574470910872432,-0.5167519492739814,-0.9895674560632415,23.89541468517934,0.026081115392603396,0.027500649832906107,0.03790132347760976,2.1631821397208073
1679,13.908872800000609,194.86060209259307,319.0537894380028,38.142931873365505,62.45309120357804,23.951812566743975,0.19574470910872432,-0.5166481756075498,-0.989252543438603,23.89577696779759,-0.1282237277121892,0.10157150349940693,0.16357901659913374,1.9447856628079223
1680,13.92141889999948,194.8611122846229,319.05235727161005,38.14303174075597,62.452810864584094,23.960354578778485,0.19574470910872432,-0.5165483082170823,-0.9889722044446572,23.94914745898921,-0.10110893871464162,0.09513160050520181,0.1388273708700214,1.5037697198045745
1681,13.925181599999632,194.84603063463229,319.0442630239572,38.14007958756569,62.45122645843184,23.962062981185387,0.19574470910872432,-0.5195004614073682,-0.9873877982924029,23.95982155722753,-0.06444866477556137,0.0828397635926391,0.10495740480517332,1.4971021611240474
1682,13.937373499999012,194.86023889034752,319.049449239876,38.142860778447606,62.45224163275824,23.962404661666767,0.19574470910872432,-0.5167192705254493,-0.9884029726188004,23.961956376875193,-0.06663309658815558,0.06426413129832077,0.09257347423778736,1.4766599263324987
1683,13.941251599999305,194.86409994475486,319.0502651420003,38.14361655941942,62.45240134128221,23.962472997763044,0.19574470910872432,-0.5159634895536342,-0.9885626811427741,23.962383340804728,-0.06308874082896522,0.0624498662238414,0.08877034984024808,0.6267166715599195
1684,13.95289749999938,194.8653169783762,319.0501257947774,38.14385478731161,62.4523740648006,23.962486664982297,0.19574470910872432,-0.5157252616614443,-0.9885354046611639,23.962468733590637,0.18126093694424855,-0.08870301811401463,0.20180127027459976,0.05939568347654343
1685,13.95678659999976,194.8658272304339,319.04986207613575,38.14395466645222,62.45232244327181,23.96248939842615,0.19574470910872432,-0.5156253825208381,-0.9884837831323736,23.96248520179626,0.16390992352625722,-0.08691249836180166,0.18552693982781493,-0.6523280095091778
1686,13.969331399999646,194.8938440451573,319.07131103905346,38.1494388097004,62.456520964278816,23.962489945114918,0.19574470910872432,-0.5101412392726559,-0.9926823041393789,23.962487885085817,0.35788185942193773,-0.17200609114342813,0.3970711783720205,-1.2536363896130795
1687,13.985083499999746,194.90521989190455,319.0772912607399,38.15166557151281,62.45769156103324,23.96248700269486,0.19574470910872432,-0.5079144774602469,-0.9938529008938062,23.90919038707576,0.39579952231508797,-0.1946109262373384,0.4410563166714729,-1.2898864058763007
1688,13.988763699999254,194.92711826643318,319.08606475854435,38.15595206246487,62.459408926808834,23.96248641421085,0.19574470910872432,-0.5036279865081852,-0.9955702666693966,23.89853088747375,0.32534381585141375,-0.15620753030814774,0.36090080498348787,-1.3172238628544433
1689,14.001021800000672,194.94027184566102,319.09299598699937,38.15852680600456,62.46076567810653,23.695999174932016,0.19574470910872432,-0.5010532429684957,-0.9969270179670957,23.896398987553347,0.19769844119294736,-0.09619253314471186,0.21985831138011988,-1.7168031601051712
1690,14.00423629999932,194.93490850706957,319.0896247291717,38.15747696085212,62.46010577222372,23.909191900416094,0.19574470910872432,-0.5021030881209327,-0.9962671120842828,23.895973217920833,0.04989263671091217,-0.025928715124745344,0.0562278709003574,1.83372684473365
1691,14.016816800000015,194.92198625152326,319.09184893131635,38.15494749769918,62.46054114802553,23.951830445512908,0.19574470910872432,-0.5046325512738719,-0.9967024878860897,23.870841372099797,-0.16431907753429342,0.009009620818859615,0.16456589108627814,2.563683555009047
1692,14.020176199999696,194.9117290152734,319.08709492325875,38.152939697973196,62.45961057610119,23.960358154532273,0.19574470910872432,-0.5066403509998594,-0.995771915961754,23.91911303760356,-0.30270935048708963,-0.020248911135161994,0.30338584224461657,2.698759846294221
1693,14.032990800000334,194.91786221597656,319.10620824009203,38.15414023956074,62.463351906744826,23.836827185105676,0.19574470910872432,-0.5054398094123158,-0.9995132466053889,23.928766760352744,-0.06428661102365704,-0.1578074065825899,0.17039937185691098,2.731134026702376
1694,14.036839799999143,194.90838629984376,319.11126122750346,38.152285379113785,62.464341002295804,23.937357502450823,0.19574470910872432,-0.5072946698592702,-1.0005023421563664,23.930696894551026,-0.09804758875029095,-0.07508444595923809,0.12349495408619708,4.419966363114016
1695,14.049961900000199,194.96640779322266,319.14360662767666,38.16364277945729,62.470672443243714,23.957460514162044,0.19574470910872432,-0.495937269515764,-1.0068337831042768,23.931082921390676,-0.034064049494718654,-0.11475978070952221,0.11970867444122947,1.6283995017866664
1696,14.053859300000113,194.95904350714355,319.13606034832543,38.16220125942095,62.46919529898725,23.961481116504288,0.19574470910872432,-0.49737878955210846,-1.0053566388478146,23.956207429004703,-0.07995099401833933,-0.08411180081533016,0.11604721660133993,-1.2573683789966796
1697,14.0660771999992,194.9417071353308,319.1311525382532,38.15880775636346,62.468234621132304,23.962288288730548,0.19574470910872432,-0.5007722926095965,-1.0043959609928663,23.961232635703286,0.04460063332093053,-0.05706999031594665,0.07243065847616148,-1.5360849622796495
1698,14.069900999998936,194.93905532387177,319.1338623533133,38.1582886783008,62.46876505309298,23.962449723175798,0.19574470910872432,-0.5012913706722557,-1.0049263929535428,23.908940252726598,-0.18194858715414114,-0.18066136230307311,0.25640556974564793,-1.6589077043498128
1699,14.081623500000205,194.94749042398553,319.14115449213693,38.15993980451887,62.47019245068579,23.962483535943754,0.19574470910872432,-0.4996402444541843,-1.0063537905463562,23.898482386482822,-0.15991644406397196,-0.24814619291825668,0.2952114532701774,-2.95505490639577
1700,14.085200699999405,194.94260685892607,319.16126518553426,38.15898387249689,62.47412901251483,23.695998599278596,0.19574470910872432,-0.5005961764761651,-1.0102903523753923,23.896390813234067,-0.12188833809723253,-0.2546023266611429,0.28227488677771634,-3.041830137794934
1701,14.097411799999463,194.9264056514991,319.1586710937469,38.15581257186189,62.4736212327725,23.909191785285408,0.19574470910872432,-0.5037674771111682,-1.009782572633064,23.895972498584314,-0.1387988184142392,-0.20237114085560093,0.2453959874251949,0.15174707115194164
1702,14.101117399999566,194.9247471648279,319.15779368896403,38.15548793187087,62.47344948542852,23.951830422486772,0.19574470910872432,-0.5040921171021822,-1.00961082528908,23.895888835654365,0.569203418563631,-0.4840858760962905,0.7472159441155128,0.6308732349163113
1703,14.113433700000314,194.91088573529876,319.15008990173317,38.15277463037986,62.471941509837976,23.960358149927043,0.19574470910872432,-0.5068054185931956,-1.0081028496985383,23.92412253031447,0.6322906491771597,-0.3063838121111311,0.7026112049779899,0.35609183434567954
1704,14.117189399999916,194.98150942820945,319.17945210189816,38.16659884460485,62.47768900516807,23.962065221294,0.19574470910872432,-0.49298120436820625,-1.0138503450286294,23.92976926924649,0.276956123878889,-0.22783627650575883,0.3586280293647265,-6.562407412846697
1705,14.129401300000609,194.9845169139371,319.192674915123,38.16718754402376,62.48027730089636,23.837167072579113,0.19574470910872432,-0.49239250494929365,-1.016438640756924,23.90585100961102,0.1614160980641363,-0.1998770472108325,0.25691631072388577,-6.973497058881198
1706,14.133069199999227,194.94635887325967,319.1845365266323,38.15971830945119,62.478684254408634,23.93742547994551,0.19574470910872432,-0.49986173952186164,-1.0148455942691967,23.77884354176595,0.83011027179991,-0.40675880954175425,0.9244110516905051,-6.306128567215093
1707,14.145293499999752,194.90481023833445,319.17291178058383,38.15158538399389,62.476408771874915,23.832239124309414,0.19574470910872432,-0.5079946649791651,-1.012570111735478,23.7534411326696,0.15046876448433794,-0.10491084009348048,0.18343154977964665,-7.3872378312982825
1708,14.148840599998948,194.96140534889025,319.18943766194286,38.162663577446615,62.4796436257143,23.325320810701726,0.19574470910872432,-0.4969164715264398,-1.0158049655748655,23.773408563447987,0.6994452279606238,-0.25039557015117414,0.7429142403186391,-7.511835845702311
1709,14.161476199999015,194.97965111139249,319.1907996620678,38.16623508892008,62.47991023003256,23.835053175812224,0.19574470910872432,-0.4933449600529727,-1.0160715698931213,23.724104014935694,1.0481221863940464,-0.35744983255092183,1.1073980767556526,1.4115545399726055
1710,14.165295900000274,195.0341545686196,319.20913027440366,38.17690385230042,62.483498350412034,23.93700422647104,0.19574470910872432,-0.48267619667263517,-1.0196596902725972,23.714243105233233,0.8648251641338127,-0.34277305634782307,0.9302773418057133,1.7612429717633136
1711,14.177332799999931,195.01613751910804,319.2153379885228,38.17337711018478,62.484713477606505,23.690902737384054,0.19574470910872432,-0.48620293878827425,-1.0208748174670674,23.834494128859152,0.1793665176326811,-0.11889839743210609,0.21519567040160906,-0.18765025446323502
1712,14.18035719999898,194.99169764881998,319.2113280884393,38.16859313488459,62.48392856088111,23.782934575797125,0.19574470910872432,-0.4909869140884666,-1.0200899007416737,23.83349733651402,0.09640917969524229,-0.10697563965294624,0.14400874073703485,1.035425817739217
1713,14.193357099999048,194.97150000424602,319.1975540069731,38.164639552822784,62.48123235731128,23.9265759288313,0.19574470910872432,-0.4949404961502708,-1.0173936971718405,23.779999638201247,-0.6948135814392455,0.16243463541849265,0.7135481229293297,2.7975387319935052
1714,14.21260330000041,194.9585083933955,319.19376716385267,38.162096513735996,62.48049110280622,23.830069214086574,0.19574470910872432,-0.497483535237059,-1.016652442666782,23.82259813320666,-0.8550875823119821,0.1832927367035156,0.8745118642719578,0.9513923961961439
1715,14.217992199999571,194.92649004390552,319.18254365863896,38.15582909122893,62.47829416104299,23.66951573490716,0.19574470910872432,-0.5037509577441242,-1.0144555009035514,23.85616543962962,-0.11221330544052527,-0.02502778118523849,0.11497049947245075,2.0451888870375323
1716,14.226831899999524,194.87706928832011,319.1823928116324,38.14615523980294,62.47826463353956,23.903895212411122,0.19574470910872432,-0.5134248091701181,-1.0144259734001224,23.862878900914207,0.07229011308778333,-0.11872908408958932,0.13900523680421997,2.9724926453341474
1717,14.23196680000001,194.93301243926754,319.2029086887479,38.157105815611764,62.48228050793765,23.950771107911912,0.19574470910872432,-0.5024742333612906,-1.018441847798215,23.889269200593,-0.1307697555195016,-0.21593347989430095,0.252444046667559,1.2669539593011576
1718,14.242092000000412,194.96499978340086,319.2164147332221,38.1633671689843,62.484924244684464,23.96014323525426,0.19574470910872432,-0.49621287998875374,-1.0210855845450268,23.894547260528757,-0.04882737243656543,-0.2728815108412731,0.27721549606411783,-0.06267427937647002
1719,14.245891599999595,194.94272699663145,319.22510130293443,38.15900738881708,62.486624594745955,23.96202071248054,0.19574470910872432,-0.5005726601559743,-1.0227859346065173,23.870555265094033,-0.16293811819639903,-0.11690681677949027,0.20053935815918283,-0.2589192937126948
1720,14.257338999999774,194.89867231922622,319.2179116782727,38.15038391880352,62.48521726375794,23.695906034585953,0.19574470910872432,-0.5091961301695349,-1.0213786036185013,23.86575686600709,-0.69400515379449,0.12968388832350067,0.7060177507570301,-1.2900015974327903
1721,14.261666599999444,194.86186366696475,319.20059608363067,38.14317881987391,62.481827827721695,23.783935235237504,0.19574470910872432,-0.5164012290991451,-1.0179891675822574,23.8647971861897,-0.9038126762655349,0.19229203753414156,0.9240419803652322,0.7899171531345706
1722,14.273691299998973,194.82975043212204,319.17289834952095,38.136892824061086,62.476406142815414,23.926779112477192,0.19574470910872432,-0.5226872249119694,-1.0125674826759763,23.864604639874663,-0.6891851155970471,0.2638592940237408,0.7379687328086618,2.0831104159128433
1723,14.278568100000484,194.8190213177473,319.17160440915757,38.13479265668881,62.476152860835384,23.955344836167317,0.19574470910872432,-0.5247873922842459,-1.012314200695947,23.91786355492806,-0.6154777821949097,0.037906280284951605,0.6166439705864365,0.9866518185688917
1724,14.289253499999177,194.814965748138,319.17649942992614,38.13399880039537,62.47711103525181,23.96105798090534,0.19574470910872432,-0.5255812485776872,-1.013272375112372,23.919483660692645,-0.342060598451145,-0.11996285154811606,0.3624866049446666,0.9483193913716688
1725,14.293442899999718,194.80673063381184,319.1980478921495,38.13238682033711,62.481329032721455,23.962200609852946,0.19574470910872432,-0.5271932286359444,-1.0174903725820172,23.89476007442369,-0.14834505987448166,-0.491254980047083,0.5131644105062465,0.8986230828564156
1726,14.305401199999324,194.78853568579672,319.19842249549833,38.12882525553064,62.481402359345005,23.792035764060433,0.19574470910872432,-0.5307547934424122,-1.0175636992055672,23.889816272697242,0.19048779436268504,-0.6543149751931551,0.6814790433778428,-1.2887244314043518
1727,14.309137199999896,194.79704465753315,319.225249544773,38.130490841728005,62.486653612301524,23.8031611811324,0.19574470910872432,-0.5290892072450504,-1.0228149521620864,23.888828122703515,0.05738413378962973,-0.7360198896066688,0.7382534908196499,5.240722422684786
1728,14.321556299999429,194.87720916243018,319.2736814657831,38.146182619419925,62.496133904591225,23.930625827535074,0.19574470910872432,-0.5133974295531303,-1.032295244451788,23.888631103056333,0.03178779245771721,-0.5125112974474559,0.5134961477563483,7.275817973006909
1729,14.325818999999683,194.8610984026681,319.28453059593795,38.143029023436775,62.498257564417464,23.956117230936705,0.19574470910872432,-0.5165510255362804,-1.0344189042780272,24.028442773345645,-0.03312560322383562,-0.1926937489152757,0.19552029679797006,10.23202477243441
1730,14.338221699999849,194.82860925642873,319.2775154004493,38.13666944495696,62.4968843770172,23.96121551161703,0.19574470910872432,-0.5229106040160971,-1.0330457168777656,24.08145210447382,-0.13277322733297184,0.09837307031076628,0.1652452445874918,10.451838935011205
1731,14.341913500000373,194.8168706368611,319.2474718066553,38.13437167228435,62.49100350248941,24.491094115507003,0.19574470910872432,-0.5252083766887026,-1.0271648423499755,24.134494461422108,-0.6404182112526902,0.387881540673708,0.7487239644218052,10.548453662761538
1732,14.354624699999476,194.8134667742055,319.2442409985388,38.13370538417899,62.49037108889447,24.06820783677328,0.19574470910872432,-0.5258746647940669,-1.0265324287550328,24.145102932811767,-0.5417641176600576,0.4680824286282943,0.7159675405872413,2.9042330597168107
1733,14.35916460000044,194.78390258222325,319.228372871705,38.127918350019385,62.48726498702328,24.195837612276534,0.19574470910872432,-0.5316616989536698,-1.0234263268838433,24.14722401673814,-0.42373534817647635,0.4017046492138913,0.5838820689953538,1.5463812711383442
1734,14.370766199999707,194.76929031230387,319.2341333180239,38.1250580754946,62.488392563912306,24.009159587884994,0.19574470910872432,-0.534521973478455,-1.024553903772869,24.08431723987107,-0.29259911472296674,0.0928365408227328,0.3069737207784972,-0.7284096814865727
1735,14.37576799999988,194.77126773798807,319.23978485538487,38.12544514610994,62.48949882244905,23.971820931248878,0.19574470910872432,-0.5341349028631157,-1.025660162309613,24.07173649484922,-0.3290253091852182,0.009330099382764911,0.32915756840595467,3.195249870669383
1736,14.386483099999168,194.77308960905756,319.23712364304544,38.12580176773247,62.48897790421379,24.176560231171653,0.19574470910872432,-0.5337782812405862,-1.025139244074353,24.10381385170422,-0.1326791308735938,-0.04880179040822885,0.14136960959280084,3.3799219503199427
1737,14.390563200000543,194.7682006859558,319.2447896387887,38.12484478690206,62.49047848232058,24.00530411166402,0.19574470910872432,-0.5347352620709955,-1.0266398221811457,24.187263624833037,-0.2566147041362092,0.019612317344976656,0.25736306916602125,6.760756515456419
1738,14.402566099999603,194.75023574888152,319.2206593847948,38.121328245520296,62.485755112771834,24.356224396551557,0.19574470910872432,-0.5382518034527592,-1.0219164526323965,24.203954494986142,-0.30925588649613445,0.04440874394746476,0.31242813553119936,7.3924523196093475
1739,14.40586970000004,194.73561649337273,319.21652654053463,38.118466603603345,62.48494613037433,24.426408453529064,0.19574470910872432,-0.5411134453697102,-1.0211074702348952,24.241886174876136,-0.35049299547850005,0.09164669689728736,0.36227676841287393,5.802931144478838
1740,14.417664200000218,194.7244200230014,319.2223826727313,38.11627495376746,62.48609243726767,24.055275282014406,0.19574470910872432,-0.5433050952055964,-1.0222537771282347,24.249472816029918,-0.25697290473708223,-0.012208311175555375,0.25726273851992776,-2.821421407858731
1741,14.43290800000068,194.71095501185386,319.20020321212814,38.11363924907724,62.48175092520371,24.366218630621635,0.19574470910872432,-0.545940799895817,-1.0179122650642753,24.173955842502863,-0.23301581843665142,-0.11522678350943828,0.2599491936506699,-2.1449239725340643
1742,14.436972499999683,194.71579417288535,319.2186222752,38.11458648924568,62.485356359346774,24.04323731743292,0.19574470910872432,-0.5449935597273736,-1.0215176992073367,24.081818146039637,-0.18699610429090133,-0.20952296487972005,0.2808334307591638,-5.608079642665508
1743,14.449251099998946,194.7049304462975,319.22624828120234,38.112459972244906,62.48684910967336,23.978639528916272,0.19574470910872432,-0.5471200767281488,-1.0230104495339205,24.140424603329027,-0.1766880563400527,-0.11547123393428772,0.2110740986467374,-5.108260268184327
1744,14.453171699999075,194.6921894902365,319.2307869238162,38.109965997506976,62.487737524951555,23.965719971212945,0.19574470910872432,-0.5496140514660794,-1.023898864812118,24.11755238892753,-0.18586496140816172,-0.017542218556858752,0.1866909566935529,-1.1711377527265046
1745,14.465222000000722,194.68392307446342,319.20782032714544,38.10834789035611,62.48324193516702,24.348307568461344,0.19574470910872432,-0.5512321586169477,-1.0194032750275852,24.155418436769885,-0.2382100727641801,0.19050076164138804,0.3050157027962084,3.5217934643890496
1746,14.46861700000045,194.68012841265883,319.19438824829024,38.107605105385,62.480612676798785,24.251857558614144,0.19574470910872432,-0.551974943588057,-1.0167740166593475,24.2054324422368,-0.2101849803139025,0.29259692715033847,0.36026474671743286,-1.2370027562230064
1747,14.481186999999409,194.67828710804753,319.1845528726194,38.10724467974948,62.47868745404912,24.232567556644707,0.19574470910872432,-0.5523353692235773,-1.0148487939096853,24.215435243330177,-0.04795989497754452,0.29325265238778175,0.2971485649615799,0.25938968186894945
1748,14.48513180000009,194.67762078824234,319.1767153055572,38.10711425117304,62.47715329176441,24.22870955625082,0.19574470910872432,-0.5524657978000178,-1.0133146316249722,24.140401501791036,-0.017364813442337132,0.19332058413014108,0.19409890518574835,1.5723371333980625
1749,14.497016199999052,194.68824598685552,319.1902741022682,38.1091940775848,62.47980735448247,24.015733976679854,0.19574470910872432,-0.550385971388252,-1.0159686943430302,24.159988259342587,0.0327715602073123,0.01855847078892614,0.0376615453273617,-0.6868703567533034
1750,14.500983500000075,194.6886249122412,319.1928398268366,38.1092682502242,62.48030958149176,23.97313886076566,0.19574470910872432,-0.5503117987488579,-1.0164709213523224,24.19849911671227,0.22587762303348466,-0.3756998943171975,0.438373255545101,3.433890842587129
1751,14.513294399999722,194.69063080691774,319.1990888629591,38.10966089349416,62.48153279724978,24.349791346371884,0.19574470910872432,-0.5499191554788965,-1.0176941371103396,24.240794794045584,0.2264317687876191,-0.476622736565553,0.527674690436756,8.846389312416015
1752,14.517289499999606,194.70975181794037,319.2361964711109,38.113403730234644,62.488796415213166,24.42512184349313,0.19574470910872432,-0.5461763187384108,-1.0249577550737285,24.326288231270055,0.09492836744570941,-0.6706611969234404,0.6773461714697214,5.162498588933934
1753,14.528995299999224,194.70794027382104,319.24311589023864,38.113049130057966,62.49015085489753,24.44018794291738,0.19574470910872432,-0.5465309189150886,-1.0263121947580913,24.420421220472768,0.29389928548908456,-0.6759248092620636,0.737055722307989,1.8106128205976437
1754,14.532466000000568,194.699384970799,319.2642778128917,38.11137447475658,62.49429318929143,24.44320116280223,0.19574470910872432,-0.5482055742164746,-1.0304545291519958,24.362212906203936,0.7678205923225294,-0.8641409820217936,1.1559792813039989,0.07051962876266682
1755,14.54503990000012,194.76449162844193,319.2741001539065,38.12411875851794,62.49621586057614,24.4438038067792,0.19574470910872432,-0.5354612904551175,-1.0323772004367058,24.273537246768132,0.6179333820841543,-0.5557885769664647,0.8311092629614768,-4.2640568487078445
1756,14.548408499998914,194.80581940979602,319.292005263086,38.1322084530572,62.49972069096405,24.058749775027717,0.19574470910872432,-0.5273715959158523,-1.0358820308246095,24.25580211488097,0.514993442068487,-0.7105727295178338,0.8775715636390986,-5.90793589284443
1757,14.561386600000333,194.81824562393336,319.31032889145513,38.13464081872884,62.50330744426898,23.981743546314135,0.19574470910872432,-0.5249392302442146,-1.0394687841295394,24.252255088503542,0.5385183815114762,-0.5136028669677752,0.7441706472196132,-1.270137188632155
1758,14.565375899999708,194.80713861545598,319.3284596032349,38.13246668058537,62.50685643517224,24.35151228348158,0.19574470910872432,-0.5271133683876883,-1.0430177750328014,24.251545683228056,0.06559211060199621,-0.594662534528888,0.5982690489617071,5.642722434071041
1759,14.577357399999528,194.7848039104558,319.3412320272736,38.12809478025208,62.50935656960031,24.425466030915068,0.19574470910872432,-0.5314852687209779,-1.0455179094608695,24.328438714282335,-0.44455950273310324,-0.3782433466504647,0.583696137348576,6.998831177482068
1760,14.580716399999801,194.76161922102216,319.3508109365059,38.123556499963115,62.51123159040157,24.440256780401768,0.19574470910872432,-0.5360235490099399,-1.0473929302621343,24.42085131707522,-0.23838239463857797,-0.5759310468607601,0.6233159205505293,7.2777545076763195
1761,14.59291040000062,194.75232115657388,319.34821603979054,38.121736453042416,62.51072365309885,24.443214930299106,0.19574470910872432,-0.5378435959306387,-1.0468849929594128,24.439333837633797,-0.09219538846542123,-0.45207644768447713,0.4613817337144002,7.324618933401545
1762,14.596207000000504,194.7728390476884,319.3695170836781,38.125752721670146,62.51489321973833,24.443806560278574,0.19574470910872432,-0.5338273273029088,-1.0510545595988958,24.443030341745512,0.07187765200996152,-0.556856801080079,0.5614765300238326,6.0485353279410345
1763,14.609293100000286,194.78526985103343,319.3875910629117,38.12818598565491,62.51843110554586,24.443924886274466,0.19574470910872432,-0.531394063318146,-1.0545924454064206,24.443769642567855,0.24265340644193556,-0.4277092111633735,0.49174774526363657,0.5466378968188353
1764,14.613264800000252,194.79451158507283,319.4024550167045,38.12999500619611,62.52134064585723,24.443948551473646,0.19574470910872432,-0.5295850427769437,-1.057501985717792,24.443917502732322,0.17261760784254937,-0.4478886354810122,0.48000111284280084,0.2437613802851551
1765,14.625326400000631,194.76387447829944,319.3970615080824,38.123997954642824,62.52028489508092,24.443953284513483,0.19574470910872432,-0.5355820943302305,-1.0564462349414825,24.44394707476522,-0.048073031118078674,-0.22182969139284325,0.2269789159907233,0.019520614176082727
1766,14.629794999998921,194.75247298358852,319.39841393659094,38.12176617237723,62.52054962580591,24.44395423112145,0.19574470910872432,-0.5378138765958269,-1.0567109656664755,24.443952989171798,-0.04776458288972151,-0.217344867328497,0.22253145110898603,0.008233645134904285
1767,14.641145100000358,194.759132650194,319.4062135915696,38.12306976687968,62.522076367000864,24.443954420443042,0.19574470910872432,-0.5365102820933743,-1.0582377068614264,24.44395417205311,-0.08755258685476994,-0.1008218655085079,0.13353091038998308,0.0007887619469961573
1768,14.645069899999726,194.7628918356442,319.41118474554867,38.12380560754212,62.523049444090425,24.44395445830736,0.19574470910872432,-0.535774441430938,-1.0592107839509879,24.443954408629377,-0.02497229779050173,-0.10391267176434751,0.10687122629661608,0.0002985292271156236
1769,14.656850600000325,194.7783312963134,319.4202095164653,38.12682780027961,62.52481599524828,24.443954465880225,0.19574470910872432,-0.5327522486934484,-1.060977335108845,24.443954455944628,0.05873067713026005,-0.08607237273877404,0.10420050760462399,3.391752035638152e-05
1770,14.672976500000004,194.76314819273068,319.4142717394679,38.123855788085436,62.523653706817164,24.443954467394796,0.19574470910872432,-0.5357242608876192,-1.059815046677727,24.44395446540768,0.020569526100373416,-0.05066251286892968,0.054679023529946184,1.308015184449352e-05
1771,14.676843199998984,194.76154968246001,319.4136799343787,38.123542888157495,62.52353786410214,24.44395446769771,0.19574470910872432,-0.5360371608155603,-1.0596992039627011,24.443954467300287,-0.19268126909617858,0.08859590119442712,0.21207382009330308,3.753891540438681
1772,14.68911019999905,194.75678985591773,319.4110142829111,38.12261117729557,62.52301607693102,24.443954467758296,0.19574470910872432,-0.5369688716774874,-1.0591774167915844,24.44395446767881,-0.28280815036218165,0.1404960191256805,0.3157840738565546,5.17584120667692
1773,14.69303840000066,194.73915473937006,319.40201657121605,38.11915919653685,62.521254822472635,24.44395446777041,0.19574470910872432,-0.5404208524362062,-1.0574161623331975,24.517684631328734,-0.029456828572130805,-0.04994919891651978,0.05798816449871441,10.18625576502877
1774,14.705482699999266,194.7268152046179,319.395052177472,38.11674379789625,62.51989157924508,24.443954467772834,0.19574470910872432,-0.5428362510768068,-1.056052919105646,24.606160522457156,0.022821244376867715,-0.09901892404442698,0.10161474555311703,11.748747956367977
1775,14.709132100000716,194.7469961595529,319.4114614086258,38.12069411304954,62.52310359942399,24.812605285644413,0.19574470910872432,-0.538885935923517,-1.059264939284553,24.69758555908128,0.08809954383595829,-0.19720172048413104,0.21598622221337474,15.187490413915512
1776,14.720910099998946,194.7578549969195,319.42442144346506,38.122819673011115,62.52564045767363,24.88633392333982,0.19574470910872432,-0.5367603759619399,-1.0618017975341942,24.78960072998032,0.21041412723576183,-0.28135943168760524,0.3513363555625287,11.673988893495512
1777,14.725062399998933,194.763167515099,319.43393281447953,38.123859570336805,62.527502258226086,24.901079650878902,0.19574470910872432,-0.5357204786362502,-1.0636635980866487,24.8609941816406,0.2916664348325905,-0.3472903455956663,0.4535194520105076,10.411733246580317
1778,14.73694179999984,194.74695185191928,319.43225944873706,38.12068544006468,62.52717470573559,24.904030322265626,0.19574470910872432,-0.5388946089083717,-1.0633360455961522,24.875272566796873,0.08917575838257581,-0.1881845721229633,0.2082444454678451,5.410507955541459
1779,14.740518599999632,194.75082869173957,319.43628141491865,38.12144431094757,62.52796198433585,24.800921726074222,0.19574470910872432,-0.5381357380254883,-1.0641233241964159,24.87812854900391,-0.1455504005755124,-0.08100915758017074,0.16657551656693445,3.8536687808773102
1780,14.752956899999845,194.7552769056009,319.4416585495304,38.1223150252759,62.52901452998627,24.883997211425783,0.19574470910872432,-0.5372650236971523,-1.0651758698468328,24.8787000506211,-0.2781503190035258,0.04005155977734049,0.2810190872562948,0.7452442842823019
1781,14.75700069999948,194.73475962557015,319.4350377452928,38.11829887626458,62.52771854258671,24.900613834375,0.19574470910872432,-0.541281172708473,-1.0638798824472744,24.878814350944534,-0.4655103144023705,0.13145539722497282,0.4837151788755127,-0.3105351919570778
1782,14.76957179999954,194.7082641861777,319.4249596926709,38.113112534188,62.525745817107854,24.903937158964844,0.19574470910872432,-0.5464675147850571,-1.0619071569684166,24.89957665192719,-0.4904249056118549,0.16413247269928605,0.5171615382438824,-0.8736987538613092
1783,14.773640499999601,194.68323822672022,319.41488707892944,38.10821383503383,62.52377415626107,24.904601823882814,0.19574470910872432,-0.5513662139392252,-1.059935496121632,24.88298875567841,-0.1768519464574903,-0.02144419341316417,0.17814731094502723,-3.7405355004513106
1784,14.78556589999971,194.68857460184608,319.41834274141206,38.10925840223054,62.52445058390851,24.9047332309875,0.19574470910872432,-0.5503216467425176,-1.0606119237690734,24.858931125159117,-0.028266723492738427,-0.07708161307095751,0.08210105194597532,-3.9055031353757834
1785,14.789051600000676,194.71774072687754,319.436372794728,38.114967516890644,62.52797987145006,24.801057730181874,0.19574470910872432,-0.5446125320824109,-1.06414121131062,24.809126618098237,-0.16393042361790128,-0.15377918090414544,0.22476926005816378,-4.356826819411466
1786,14.801556299998992,194.70175497542056,319.43367053022496,38.11183839062181,62.52745091747097,24.780325681778564,0.19574470910872432,-0.5477416583512422,-1.0636122573315347,24.799165716686055,0.0152088153506299,-0.222561425813435,0.22308047051339722,-3.5480157043945786
1787,14.804848499999935,194.68340764644302,319.43748104808355,38.10824699804819,62.52819680618075,24.654914623660403,0.19574470910872432,-0.5513330509248675,-1.0643581460413145,24.7971738415794,0.001461049830157555,-0.18346927919267983,0.1834750966046556,-2.0678593124557674
1788,14.816930499999216,194.664378370351,319.42879775225526,38.104522117935,62.52649709696474,24.854797316821927,0.19574470910872432,-0.555057931038057,-1.062658436825302,24.79677638208542,-0.27745253442423257,-0.004971391659249494,0.27749706952229175,1.5476281949650441
1789,14.820768300000054,194.66474800445297,319.42607761189197,38.104594471854774,62.52596464388059,24.894773855454233,0.19574470910872432,-0.5549855771182806,-1.0621259837411543,24.817436941456148,-0.16209967853542112,-0.016610703906866458,0.1629485233611169,2.1475857869478823
1790,14.83373279999978,194.68086214149412,319.43402642201596,38.10774872892243,62.52752058140607,24.799070432711943,0.19574470910872432,-0.5518313200506242,-1.0636819212666353,24.866562034287327,0.07278625002208444,0.03351762290362686,0.08013282247236221,2.3021052387410004
1791,14.838192199998957,194.68830101510986,319.4343885635118,38.10920484907444,62.52759146868783,24.883628478632232,0.19574470910872432,-0.5503751998986175,-1.0637528085483936,24.876387052853563,0.32314767721642124,-0.04554474266145912,0.32634145442230733,3.384708115145509
1792,14.84992240000065,194.69330785875792,319.43294559058495,38.11018491222788,62.527309014372015,24.900540087816292,0.19574470910872432,-0.5493951367451757,-1.063470354232578,24.878352666918374,0.3209397245501395,-0.06257649532173579,0.326983370465641,2.024256238890532
1793,14.853850299999976,194.7122406914961,319.4380551232322,38.11389091406482,62.52830917835373,24.903922409653106,0.19574470910872432,-0.5456891349082369,-1.0644705182142928,24.899485230649304,0.38966179700909537,-0.06049169377712524,0.39432925463929624,1.0872778004126928
1794,14.865488999999798,194.71270525344045,319.43486931059317,38.11398184960748,62.52768557238543,24.90460192577828,0.19574470910872432,-0.5455981993655783,-1.0638469122459924,24.882971997301738,0.3582964908263182,-0.0563884192726304,0.36270653311805656,0.6356856798180931
1795,14.869176599999264,194.72376194568432,319.43693388038264,38.11614613861446,62.52808970099831,24.904733251366594,0.19574470910872432,-0.5434339103585941,-1.0642510408588706,24.879669045456446,0.3686153831772657,-0.06716245113791251,0.37468399426419985,0.6004882951264702
1796,14.881248800000321,194.7342279925246,319.43664893640425,38.11819481190873,62.528033924722145,24.801062311894412,0.19574470910872432,-0.5413852370643255,-1.0641952645827075,24.879008149911602,0.20603070150233038,-0.007806604463511403,0.20617854649500292,1.5129539123393674
1797,14.897022799999831,194.74511858260382,319.4390496242378,38.12032658729581,62.52850384666378,24.88402532858982,0.19574470910872432,-0.539253461677248,-1.0646651865243442,24.878875360451072,0.21146518101710599,-0.01768785600873614,0.21220363576711682,1.9014878703495146
1798,14.900400700000318,194.74737202235994,319.4383222815477,38.12076768620536,62.52836147318049,24.900617931928902,0.19574470910872432,-0.5388123627676933,-1.0645228130410516,24.9124599475785,0.1751939141858157,0.05299307287321025,0.1830332574705819,2.1588101202453127
1799,14.913221200000407,194.7496634401603,319.43804889314083,38.12121621911614,62.52830795884631,24.903937978475625,0.19574470910872432,-0.5383638298569124,-1.0644692987068751,24.919175949476642,0.0829958028577998,0.07135759359556161,0.10945414316397578,2.1740357782651016
1800,14.916657199999463,194.7567823151182,319.43376912025786,38.12260970122396,62.527470215948284,25.072656187003723,0.19574470910872432,-0.5369703477490972,-1.063631555808847,24.92051914985627,0.08434933278262871,0.058409467321017546,0.10259861506667456,2.178638694193076
1801,14.929234699999142,194.73806566544948,319.42757222391214,38.118946016079065,62.52625720627571,24.83464232138512,0.19574470910872432,-0.5406340328939905,-1.0624185461362714,24.920788095107977,0.0883956435758842,0.035565404627070946,0.09528214843023869,-0.3549179675933839
1802,14.93289890000051,194.7407221658741,319.4293417864468,38.11946601198193,62.52660358877931,24.890741330487963,0.19574470910872432,-0.5401140369911275,-1.0627649286398722,24.92084157898254,0.15453414092043913,-0.0004325682813648285,0.15453474633666106,1.132154197781087
1803,14.945227700000032,194.75022112984743,319.43388116194376,38.12132538392172,62.527492147515495,24.901962658187436,0.19574470910872432,-0.5382546650513333,-1.0636534873760581,24.8872414359137,0.005747882376823263,-0.01829747080786805,0.019179040376999548,1.1590349644027997
1804,14.94924329999958,194.75772282396576,319.43748792964607,38.12279380085474,62.528198153210205,24.904205397848425,0.19574470910872432,-0.5367862481183181,-1.0643594930707678,24.91920243757337,0.07178864911389615,-0.007176196467426163,0.07214643398905592,1.22259054821639
1805,14.961412000000564,194.736687175718,319.42788394530214,38.11867618400757,62.52631822408852,24.90465547165953,0.19574470910872432,-0.540903864965486,-1.0624795639490827,24.925594943081087,-0.035555650754896535,0.048876391444974604,0.06044092935492108,1.2236857480595877
1806,14.96518069999911,194.73743641184942,319.42495652099353,38.11882284301616,62.525745196268794,24.99444732968347,0.19574470910872432,-0.5407572059568935,-1.0619065361293565,24.926873139006844,-0.0313690401096662,0.04071422746513658,0.05139713022615882,0.5974563196890381
1807,14.977916599998935,194.71174862932955,319.4128721258538,38.113794595499165,62.52337973985742,24.92270385802654,0.19574470910872432,-0.54578545347389,-1.059541079717981,24.927128778192,-0.07477062501352079,0.059588582378563085,0.09561090688200452,-1.0614687530581428
1808,14.981449200000498,194.71484816807458,319.4149093156432,38.11440131380918,62.52377850898013,24.908353637816248,0.19574470910872432,-0.5451787351638728,-1.059939848840692,24.90644015993528,0.09248520562527056,-0.0606660878942257,0.11060690520911656,-1.204484740997081
1809,14.993785299999217,194.7242175657003,319.4200420261764,38.11623532382195,62.5247832099104,24.905483593774186,0.19574470910872432,-0.5433447251511083,-1.0609445497709658,24.902302436283932,0.11146793894346119,-0.09631402859628127,0.14731426786550067,-0.9827375937010661
1810,14.998148000000583,194.73531464533133,319.42999982539175,38.11840751844628,62.52673239642117,24.801212380375933,0.19574470910872432,-0.5411725305267723,-1.0628937362817297,24.901474586377883,0.4204118614847072,-0.2752177717051354,0.5024847810027451,0.33920140559183354
1811,15.010424500000227,194.74370796431134,319.43164241240265,38.120050466228484,62.5270539241378,24.97375871142675,0.19574470910872432,-0.5395295827445707,-1.0632152639983659,24.919249690224795,0.41009203544768624,-0.2547779311024616,0.4827911263833222,1.9334203589604395
1812,15.013666799999555,194.76275499400754,319.44338271003426,38.12377882151575,62.529352025282556,24.91856460849629,0.19574470910872432,-0.5358012274573056,-1.0655133651431186,24.940745384822307,0.3702353299437245,-0.19314184716987665,0.41758588657512186,2.279092556121525
1813,15.025507700000162,194.7700230075351,319.4440289660828,38.1252014967095,62.52947852648478,24.99722915705082,0.19574470910872432,-0.5343785522635542,-1.065639866345343,24.96578426983556,0.2834045545898582,-0.11922566508730185,0.3074620314409332,2.333677637700906
1814,15.029102799999237,194.76909342888572,319.4398646633957,38.125019536607184,62.528663386266665,25.012962066761727,0.19574470910872432,-0.5345605123658714,-1.0648247261272274,24.97079204683821,0.27872485619563037,-0.09944967553365477,0.29593543793372235,1.0866254147818017
1815,15.041145199998937,194.77301523954566,319.4446142981732,38.12578721029399,62.529593102144545,24.92640680544219,0.19574470910872432,-0.5337928386790622,-1.0657544420051082,24.97179360223874,0.05580390492416619,0.03826800746876843,0.0676647338014057,-0.9448622133881462
1816,15.04485079999904,194.77510576911493,319.44323823030504,38.12619642039642,62.52932374413999,24.998797596440003,0.19574470910872432,-0.5333836285766367,-1.0654850840005494,24.954053544666504,-0.04740915302089346,0.06921714180800645,0.08389660607097385,-1.7871959400121629
1817,15.056821599999239,194.7772649066342,319.44447349800595,38.12661906014205,62.52956554125677,24.92357238549894,0.19574470910872432,-0.5329609888310074,-1.0657268811173353,24.91182450287862,-0.12148206322501187,0.04656243261579712,0.13009977638914846,-2.746503591066048
1818,15.060849199999211,194.76911862534018,319.44150930467725,38.12502446867983,62.528985316095905,24.908528869189634,0.19574470910872432,-0.5345555802932225,-1.0651466559564682,24.903378389345256,-0.14775123601220014,0.055441676842198626,0.1578106690759774,-3.15852758897264
1819,15.07271000000037,194.7436102227413,319.434634223142,38.12003133383329,62.527639555260684,24.801816857822303,0.19574470910872432,-0.539548715139766,-1.063800895121247,24.863009051892494,-0.15247490390022395,0.01847899691297645,0.15359059100834374,-2.9826378103527222
1820,15.076794000000518,194.7421998579314,319.4353187120355,38.11975526238384,62.52777354034003,24.8841762377754,0.19574470910872432,-0.5398247865892145,-1.0639348802005912,24.85493518440194,-0.10996715138648516,-0.005782760148022696,0.11011909325356663,-0.8572279667828544
1821,15.088720499999908,194.7474892039848,319.44215029568466,38.12079062388843,62.52911078669419,24.796950909176175,0.19574470910872432,-0.538789425084623,-1.0652721265547527,24.808327429946797,-0.09655675238088499,-0.04306777095552215,0.10572624709796927,-0.04160042901871347
1822,15.092855999999301,194.75272541989267,319.4451399298782,38.121815585448154,62.52969599176975,24.883203048046173,0.19574470910872432,-0.5377644635249013,-1.065857331630312,24.837686909329204,0.0679458781718986,-0.09671649069400086,0.1181978084936994,0.9621853889103336
1823,15.104875999999422,194.7325310253833,319.4477412812977,38.11786263956929,62.53020519254664,24.675490096913922,0.19574470910872432,-0.5417174094037662,-1.0663665324072014,24.86149947903381,0.1904619802793022,-0.06920886658056362,0.20264657200475797,1.6813585228587609
1824,15.120663399999103,194.76491605102356,319.4602248100705,38.12420183699272,62.53264877725493,24.94861425473435,0.19574470910872432,-0.535378211980337,-1.0688101171154898,24.8870014338927,0.18364838330813887,-0.044063371993539394,0.18886055555126946,3.4483565392638584
1825,15.123813899999732,194.77368750884963,319.458539173709,38.125918803453345,62.532318822855686,25.003239086298432,0.19574470910872432,-0.5336612455197098,-1.0684801627162486,24.89210182486448,0.15199765004889124,-0.007776079132557246,0.15219642908774503,2.68261876522586
1826,15.136793899999248,194.777184999771,319.4576371127632,38.12660341879636,62.53214224919825,24.924460683470624,0.19574470910872432,-0.532976630176698,-1.0683035890588144,24.95605525266821,0.21806522143460177,0.015739402049424093,0.21863249890214245,2.327954434551104
1827,15.14070460000039,194.77897489984508,319.4568393929369,38.126953782265694,62.5319860997629,24.908705002905062,0.19574470910872432,-0.5326262667073607,-1.0681474396234591,24.96884593822896,0.049567904485730896,0.13346783620274277,0.14237499940561446,3.590960146822696
1828,15.153017700000419,194.7790676080179,319.45210810262876,38.126971929400014,62.53105997471782,24.995257235932577,0.19574470910872432,-0.532608119573041,-1.0672213145783829,24.97140407534111,0.13337877763794936,0.03763809607808695,0.13858760623005525,3.0307787288702457
1829,15.157320500000424,194.76937475112555,319.44257109304,38.12507460394719,62.529193155550104,25.01256768253808,0.19574470910872432,-0.5345054450258644,-1.0653544954106664,25.00552684778307,0.12618480945056804,-0.00426268071106535,0.12625678826471332,1.8941436671363474
1830,15.169092899999669,194.82735345340637,319.4650891843928,38.13642362815965,62.533600952791645,25.01602977185918,0.19574470910872432,-0.5231564208134074,-1.0697622926522072,24.99161196135349,0.09582326801443418,-0.022589973385052673,0.09845001569580106,0.6121018863720016
1831,15.172774000000572,194.82766889924028,319.46877321162555,38.13648537501265,62.53432208163066,25.095074545680433,0.19574470910872432,-0.5230946739604079,-1.0704834214912253,24.988828678891792,0.07212511654220391,-0.00343065500905803,0.07220666056547465,-0.6838531301227595
1832,15.185271700000158,194.82369655220265,319.4720745895275,38.13570780909728,62.53496830888774,24.83913057075718,0.19574470910872432,-0.5238722398757716,-1.071129648748304,24.94959190765336,0.14422850045807398,-0.09483910035820502,0.17261609224269425,-3.2833230269253946
1833,15.189383299999463,194.82123862169323,319.46848251456936,38.13522668220471,62.534265179219965,24.981340823624095,0.19574470910872432,-0.5243533667683451,-1.0704265190805273,24.923803879577548,-0.11984339788819048,0.006195865393519653,0.12000345313932326,-0.5890369723018876
1834,15.201127599999381,194.81641271328465,319.4698733141892,38.134282036167086,62.53453742088698,24.816383826345913,0.19574470910872432,-0.525298012805969,-1.0706987607475398,24.864295688024885,-0.1395045177820903,0.04051718170368129,0.14526924139274175,-0.5912502599735797
1835,15.204581699999835,194.81012505942468,319.4675659847973,38.13305126119129,62.53408577336634,24.88708963148012,0.19574470910872432,-0.5265287877817642,-1.0702471132269054,24.906744635651854,-0.1753222075433501,0.03269239856957651,0.17834424403973786,1.8625506273013657
1836,15.21690049999961,194.80499403341085,319.46909486533997,38.132046889996786,62.534385043643425,24.79753358791712,0.19574470910872432,-0.5275331589762686,-1.070546383503988,24.897294056524903,-0.16877509062995893,0.007007092993512017,0.16892048593752795,3.536697804257674
1837,15.220930299999964,194.8000262793488,319.4709648174092,38.13107447842298,62.534751076867266,25.05137530889202,0.19574470910872432,-0.5285055705500739,-1.070912416727829,24.93408405544561,-0.21784139437765165,0.09574009537596674,0.23795175764637413,7.102677941008984
1838,15.232984500000384,194.79483612916337,319.46834240064135,38.13005853398471,62.534237752659884,24.934087927989342,0.19574470910872432,-0.5295215149883461,-1.0703990925204465,24.959382423882094,-0.14860357184630077,0.08709418266499137,0.17224522698629868,4.534123980126915
1839,15.236411599998974,194.78913261627523,319.46098055865644,38.128942101513516,62.53279671104204,25.000333820949432,0.19574470910872432,-0.5306379474595389,-1.0689580509026015,25.003122212315485,-0.17572147552731612,0.16560652613089694,0.24146129805548674,4.610689710455841
1840,15.24892220000038,194.78848493629536,319.45538643605084,38.12881532158426,62.531701691139894,25.013581473662548,0.19574470910872432,-0.5307647273887923,-1.0678630310004564,24.996199698810756,-0.14092722050120932,0.2036355467678112,0.2476447402744946,2.4921902548721304
1841,15.252524499999708,194.78448924554846,319.4486091822549,38.12803318626133,62.53037507956705,25.016232530084075,0.19574470910872432,-0.5315468627117284,-1.0665364194276137,24.99481519610981,-0.15265853519623748,0.21051335895627388,0.2600394252172426,0.9818833242699412
1842,15.2649765999995,194.78020586851602,319.44229145572,38.127194737870106,62.529138418024246,25.016762741368378,0.19574470910872432,-0.5323853111029493,-1.0652997578848087,24.976597621741497,-0.09469590204228162,0.1270185268471445,0.15843301431841836,-1.9444679616320206
1843,15.268934899999294,194.77731541366222,319.4407349122698,38.12662894662556,62.52883373287938,24.927165414484612,0.19574470910872432,-0.5329511023474964,-1.06499507273994,24.955013738215484,-0.11052844208269919,0.10661284848831847,0.15356704064356302,-3.041769594812454
1844,15.280844499999148,194.77512795619876,319.44055177005964,38.12620076340068,62.52879788376072,24.90924594910786,0.19574470910872432,-0.5333792855723729,-1.0649592236212797,24.93275659285794,-0.05566044313318951,0.02425194751842319,0.06071442899525101,-2.7486769554925172
1845,15.284551900000224,194.7734366826532,319.44082641907744,38.12586970555249,62.528851644852814,24.90566205603251,0.19574470910872432,-0.5337103434205659,-1.065012984713377,24.910364489958308,-0.04539033495061943,-0.003422436988232123,0.04551917817654272,-4.436039921359183
1846,15.29700369999955,194.77707651685472,319.4435958869959,38.12658218383947,62.5293937535449,24.904946803296347,0.19574470910872432,-0.5329978651335878,-1.0655550934054645,24.923826438030726,-0.008649750743302835,-0.014494457970522137,0.016879203173743144,-3.189616094971901
1847,15.301276500000313,194.77672762530744,319.44444847126067,38.126513890165036,62.529560642403794,24.904802226870206,0.19574470910872432,-0.533066158808019,-1.0657219822643569,24.88152645703974,0.003480223952465448,-0.15997085592964766,0.16000870821809482,-1.6751669207013973
1848,15.313441700000112,194.7792610994421,319.44310522084254,38.127009804322554,62.52929770824144,24.9944751548467,0.19574470910872432,-0.5325702446505005,-1.0654590481019994,24.89100682949389,0.015682664977065445,-0.18744658100992864,0.18810147982696632,0.7526807878130284
1849,15.316919700000653,194.77969991841522,319.45597589017154,38.1270957008148,62.53181707366528,24.697746044152936,0.19574470910872432,-0.5324843481582562,-1.067978413525843,24.910843272637063,-0.020674649563368494,-0.14036277150505092,0.14187723129222402,2.9378873678382247
1850,15.329149299999699,194.7779327921038,319.4654649198085,38.12674979518901,62.533674501011284,24.953063918303247,0.19574470910872432,-0.5328302537840415,-1.0698358408718462,24.98543647679304,-0.05414169158569673,-0.15008829536681442,0.1595550662745525,5.791346634550018
1851,15.332846699999209,194.77557984719587,319.4618404731162,38.12628921867246,62.532965034747825,25.00412901901221,0.19574470910872432,-0.5332908303005937,-1.0691263746083877,25.029831741159395,-0.08268170518894291,-0.15592483017800593,0.17649027463005224,5.7446395391361875
1852,15.345181400000001,194.7640281710275,319.46736594103294,38.12402803918116,62.534046615857875,25.2777682476501,0.19574470910872432,-0.5355520097918927,-1.0702079557184376,25.083703164638134,-0.09094775489394492,0.00031452328830964757,0.09094829874795884,4.660509870808854
1853,15.36492349999935,194.7537473686846,319.4681293270551,38.122015626517154,62.53419604463273,25.216451476678458,0.19574470910872432,-0.5375644224559011,-1.0703573844932919,25.09447775450966,-0.08129145173497478,0.06321512199277673,0.10297791886487792,2.142242567861058
1854,15.372544599998946,194.75309977552075,319.4659169142833,38.121888863581674,62.53376297653828,24.96710316154663,0.19574470910872432,-0.537691185391381,-1.06992431639884,25.096632672483967,-0.07835260417420276,0.0856438740991804,0.11607757643746512,-2.2029871274058292
1855,15.380593699999736,194.75392206912431,319.45922977788723,38.1220498232039,62.53245400496966,25.00693686766089,0.19574470910872432,-0.537530225769153,-1.0686153448302207,25.044378414379608,-0.03756432241347778,0.1365220027716503,0.14159567634347525,-2.9158678794796837
1856,15.386547800000699,194.7505799740682,319.4499820050187,38.12139562577933,62.5306438023596,25.014903608883742,0.19574470910872432,-0.5381844231937265,-1.0668051422201614,24.986510570571237,-0.044453984462714,0.03769519859323933,0.05828451536724802,-3.815462970494686
1857,15.394476299999951,194.7514152877065,319.44322975418436,38.12155913400448,62.52932208498421,25.01649695712831,0.19574470910872432,-0.5380209149685768,-1.0654834248447713,24.992877675637686,-0.05051598309506132,0.004309245581514735,0.05069944916409177,-3.928311133540323
1858,15.398693499999354,194.74847699087195,319.45403863971796,38.12098397794532,62.53143786713877,24.9271122576366,0.19574470910872432,-0.5385960710277331,-1.0675992069993328,24.976210422822852,-0.02263631194262427,-0.02611495051665424,0.034559995064396255,-4.870123141776262
1859,15.41053699999975,194.74563670377267,319.4607005168631,38.12042800677329,62.532741894342664,24.998938686878883,0.19574470910872432,-0.5391520421997669,-1.0689032342032263,24.9728766670841,0.02479903506509802,-0.07526113304920803,0.07924159443127425,-3.060105863073083
1860,15.414049799999702,194.74849718863848,319.4605120432783,38.120987931551255,62.532705001635634,24.923600603586713,0.19574470910872432,-0.5385921174217998,-1.0688663414961965,24.933529801190257,0.08869383089483075,-0.13815486422238454,0.16417479144834124,-1.4634052760742273
1861,15.425812999999835,194.75614742948383,319.45700880915945,38.12248542572014,62.5320192620921,24.99823483019,0.19574470910872432,-0.5370946232529121,-1.0681806019526618,24.925661343538835,0.21040950640758577,-0.1207486619841279,0.2425951354781069,-0.9184411148724831
1862,15.428988600000594,194.76166487861119,319.45940601088364,38.1235654371946,62.53248850164628,24.819762627659095,0.19574470910872432,-0.5360146117784552,-1.06864984150684,24.953563970367924,0.2009640678075641,-0.12487964780711266,0.23660406375671514,-2.555382699058588
1863,15.441339900000457,194.79145992082468,319.4855714123889,38.12939765906556,62.53761024055263,24.887769969379477,0.19574470910872432,-0.5301823899074947,-1.0737715804131938,24.93840413928843,0.17770157026245395,-0.15388221027573729,0.23506931469906506,0.45019611525281833
1864,15.446266799999648,194.78908965061632,319.4888626406949,38.12893369121311,62.53825448108,25.138451821024333,0.19574470910872432,-0.5306463577599416,-1.0744158209405654,24.896692058326437,0.3422928393838417,-0.2560703747915772,0.4274768119317716,2.496859806213216
1865,15.458289199999854,194.79173576104276,319.49712410743933,38.12945165332881,62.53987161948471,24.847801448189244,0.19574470910872432,-0.5301283956442475,-1.0760329593452695,24.942700533247322,0.25681441885790807,-0.21277194464212681,0.33350494173267853,0.9037947544011579
1866,15.462765399999626,194.81346586164742,319.5074749965864,38.13370520555057,62.541897751269815,24.789674425380035,0.19574470910872432,-0.5258748434224856,-1.0780590911303776,24.985512762899464,0.058410735127651325,-0.06255836119211987,0.08558833175846091,3.21258733876397
1867,15.473191600000064,194.80881614192552,319.50381424475205,38.13279504751617,62.54118117846688,25.049805002263508,0.19574470910872432,-0.5267850014568864,-1.0773425183274412,24.994075208829898,0.033517448598051634,-0.01501562673990535,0.03672721616070559,5.953535796784974
1868,15.477107000000615,194.79841832991497,319.49708545816065,38.1307597308288,62.539864054092895,25.101831117640202,0.19574470910872432,-0.5288203181442555,-1.0760253939534579,25.034468728289415,-0.03316383579441359,0.13359488875708397,0.1376496796458912,5.018223748747353
1869,15.489024399999835,194.78510720699046,319.49057385477454,38.12815414894403,62.53858944218225,25.18126405067648,0.19574470910872432,-0.5314259000290278,-1.0747507820428126,25.096898628470385,-0.2490003007120956,0.24478788282073932,0.34917367788906145,2.842609599926453
1870,15.492772699999477,194.77954782835894,319.47892092951395,38.12706592999098,62.53630844371685,25.04976904548686,0.19574470910872432,-0.5325141189820783,-1.0724697835774109,25.093713832139397,-0.259819376740074,0.32288308211213224,0.414438889637339,4.503607990685531
1871,15.505186700000195,194.77137163726553,319.4723684770074,38.12546548384378,62.535025835807005,25.101823926284872,0.19574470910872432,-0.534114565129272,-1.0711871756675677,25.07740609650601,-0.17520400759419794,0.25709759351351336,0.3111199396816403,2.5716448887603756
1872,15.509426599999642,194.76830906532223,319.46242195323623,38.124866001589616,62.53307885640477,25.03388102060854,0.19574470910872432,-0.5347140473834386,-1.0692401962653335,25.11610042096136,-0.22070273953645503,0.20815742488065783,0.30337965121583715,1.5988222240781336
1873,15.521209999998973,194.7624851337622,319.46197237063325,38.12372599780053,62.53299085298893,25.020292439473273,0.19574470910872432,-0.535854051172528,-1.0691521928494936,25.123839285852434,-0.16660368188385347,0.10914781040268326,0.1991733700396625,1.774085412047557
1874,15.52534360000027,194.75306406298157,319.4648812152169,38.121881873041076,62.533560243925805,25.37473567295325,0.19574470910872432,-0.537698175931979,-1.069721583786368,25.125387058830647,-0.18106414201519266,0.11918154864137234,0.21676822889956374,2.0400910114030415
1875,15.536958400000003,194.7518875367415,319.45814687851123,38.12165157425446,62.53224203314631,25.088463369942215,0.19574470910872432,-0.5379284747185977,-1.0684033730068734,25.125696613426292,-0.1498219136701755,0.04896541472485724,0.15762048615256452,-0.9365684113120717
1876,15.540740099999311,194.74799996035725,319.4551815560536,38.120890601745984,62.53166158696443,25.109562791175943,0.19574470910872432,-0.5386894472270711,-1.067822926824995,25.125758524345418,-0.05877914449356854,0.09819791799602322,0.11444570296061582,-0.9923921575867262
1877,15.553145699999732,194.74893922959126,319.4483290804196,38.12107445872897,62.53032025111478,25.035428793586753,0.19574470910872432,-0.5385055902440854,-1.066481590975343,25.054338716587836,0.03956698025568177,0.14392144894190237,0.14926127894430666,-0.8414463912896546
1878,15.556817200000296,194.7556628469486,319.4435718330932,38.122390571252744,62.52938904512071,25.020601994068915,0.19574470910872432,-0.537189477720311,-1.0655503849812717,25.05572522622773,0.041394877574893844,0.11882709820746701,0.12583089905840877,-0.8107172562609603
1879,15.569289099999878,194.75856826911019,319.43778199635926,38.122959292268604,62.52825571521344,25.017636634165346,0.19574470910872432,-0.5366207567044512,-1.0644170550740029,25.06980807014789,0.06065594508579353,0.047152170055469934,0.07682753943209919,0.042082118629331866
1880,15.584909199998947,194.7577153399826,319.4387377964531,38.122792335904634,62.52844280802477,25.095395918141666,0.19574470910872432,-0.5367877130684207,-1.0646041478853334,25.072624333756146,0.09129615709803021,-0.013889020916358435,0.09234659280603294,1.4981122071219564
1881,15.588701799999399,194.75568249710503,319.44270752040234,38.1223944176669,62.52921986048446,25.179977010776774,0.19574470910872432,-0.5371856313061585,-1.0653812003450227,25.088858057669203,0.022832822106536768,-0.10991906917416394,0.11226548683127595,0.7053529677301261
1882,15.601122099998975,194.76634371997937,319.4552127077373,38.12448129563718,62.53166768474169,25.049510111628013,0.19574470910872432,-0.5350987533358733,-1.0678290246022542,25.10777527364322,0.0071325299745253,-0.13290348928249118,0.13309474237286292,1.1147365982985304
1883,15.604436800000258,194.76661721051244,319.45904853826244,38.124534829962016,62.532418528272025,25.1017706136342,0.19574470910872432,-0.5350452190110389,-1.0685798681325878,25.095888245646616,0.012282659087632049,-0.06732368161499168,0.06843494590090474,4.742379499237716
1884,15.616898300000685,194.76452264979608,319.46057970048355,38.124124830783884,62.532718245175595,25.112222714035436,0.19574470910872432,-0.5354552181891705,-1.0688795850361572,25.13546701680511,0.02143448900215473,-0.04262865498450191,0.047714144072499,4.071629549876374
1885,15.620206499999767,194.76477720785917,319.4552404451404,38.124174659177896,62.5316731141916,25.03596077815865,0.19574470910872432,-0.5354053897951587,-1.0678344540521607,25.196068317911806,-0.4597514133269589,0.11982495421522357,0.4751098627778807,7.427088967442938
1886,15.633286599999337,194.76082397115425,319.4606805336484,38.123400834009054,62.53273798273411,25.377870866569232,0.19574470910872432,-0.536179214964001,-1.0688993225946746,25.208188578133147,-0.47456239774448794,0.16445960547140498,0.5022513625514695,8.320700204020978
1887,15.636466100000689,194.72447341832566,319.4506880167129,38.11628540561968,62.53078200041331,25.352516617161506,0.19574470910872432,-0.5432946433533772,-1.0669433402738733,25.266374654103195,-0.46949869390653715,0.09786397833689293,0.47958980580895183,4.160614636993845
1888,15.649661699999342,194.72056995370252,319.45091358132663,38.11552132307251,62.53082615349302,25.1623719147409,0.19574470910872432,-0.5440587259005483,-1.0669874933535795,25.278011869297202,-0.20709701606474912,-0.0676252883317098,0.2178585634875752,-0.6397091057703743
1889,15.653582700000698,194.7204180621561,319.45806530939416,38.115491591105936,62.53222606642321,25.40315309388568,0.19574470910872432,-0.5440884578671188,-1.068387406283776,25.208906817218818,-0.04266058032618608,-0.0353695974176681,0.05541600432415611,-2.26023860706826
1890,15.665285200000653,194.79975630997262,319.488646576372,38.13102163334597,62.53821218763197,25.0941468541287,0.19574470910872432,-0.5285584156270815,-1.0743735274925328,25.14240025992814,0.4190552531612584,-0.13603770272729612,0.4405832064041554,-7.227395561319876
1891,15.669322499999907,194.81549388706347,319.4869992905774,38.1341021807957,62.53788974015328,25.0323456061773,0.19574470910872432,-0.5254778681773544,-1.0740510800138452,25.113428477278603,0.38846295188352203,-0.02898620107901098,0.38954289216856774,-8.277523527543416
1892,15.681139199999961,194.81976015999828,319.48024744227325,38.13493728115031,62.53656810157105,25.01998383070812,0.19574470910872432,-0.5246427678227477,-1.072729441431612,25.036201625631506,0.40109900002871385,0.05870533216472794,0.40537232743319473,-4.802798179790487
1893,15.68467469999996,194.81595154512652,319.47064016867375,38.13419176494013,62.534687528594986,25.01751300149319,0.19574470910872432,-0.5253882840329283,-1.070848868455549,25.020755950126304,0.13305922500809456,0.2259132628009473,0.26218611646905454,-3.7013983715010395
1894,15.69699589999982,194.81945114311756,319.46551465642625,38.13487679273088,62.533684236691066,25.0170188356502,0.19574470910872432,-0.5247032562421765,-1.0698455765516286,25.017666815025265,-0.023928893715729756,0.22684477336594883,0.22810336068963863,-2.0170923237502763
1895,15.700502399999095,194.81921596571104,319.4597014180128,38.13483075799785,62.53254632602884,25.0169184766027,0.19574470910872432,-0.5247492909752083,-1.0687076658894057,25.017049293180836,0.4200152673065954,0.035071628121674636,0.4214769790507375,0.4010248780961889
1896,15.712984899999356,194.81781821261916,319.45431134083134,38.13455715522547,62.531491246938884,25.016899930672103,0.19574470910872432,-0.5250228937475825,-1.067652586799447,25.03259626000336,0.42263724322544394,-0.0663114313325765,0.4278077199941325,1.3336205977664395
1897,15.716365500000393,194.8573743224419,319.4689397736844,38.1423000544362,62.53435468527242,25.016896221485986,0.19574470910872432,-0.5172799945368567,-1.0705160251329815,25.05137612455927,0.2404517782689613,-0.0705271749372463,0.2505816036291066,1.4270019641081064
1898,15.729130499999883,194.84447816313002,319.4673097114875,38.139775699483074,62.53403560922186,25.095247835605793,0.19574470910872432,-0.5198043494899807,-1.0701969490824226,25.05513209747045,0.22127466874618404,-0.12079393321616043,0.25209849926281536,1.704077743679008
1899,15.732605199998943,194.8292950473743,319.466238438614,38.136803684906106,62.53382591322487,25.110918158429754,0.19574470910872432,-0.5227763640669494,-1.0699872530854293,25.055883292052687,0.2209468701543284,-0.10311303152706218,0.24382333092158054,0.7473092283381952
1900,15.745688299999529,194.82200882043733,319.46134720730976,38.13537744453383,62.53286848057603,25.03569834115861,0.19574470910872432,-0.5242026044392247,-1.0690298204365902,25.071704307336322,-0.28005672631311024,0.07126813320598954,0.2889825544282613,-0.17376050798200188
1901,15.749222799999188,194.8215834429023,319.4582246802454,38.135294179131975,62.53225726242413,25.020655903583286,0.19574470910872432,-0.5242858698410799,-1.0684186022846944,25.059198039201643,-0.35193209731843517,0.13591147367921513,0.3772640054399684,1.6114717005414338
1902,15.761124399999972,194.80853383069626,319.4567116266043,38.13273978658672,62.531961090179294,25.09600129790416,0.19574470910872432,-0.5268402623863366,-1.0681224300398569,25.070502632742674,-0.2285058461819688,0.12632178983833264,0.26109790563560153,1.6689710600070358
1903,15.7645665,194.79873685122874,319.45058842911203,38.13082207969071,62.53076250666735,25.032716494932394,0.19574470910872432,-0.5287579692823456,-1.0669238465279136,25.102240174986036,-0.3297992782447677,0.08365460797452166,0.34024352656022805,1.5004532377186095
1904,15.77716859999964,194.7834015589986,319.44979005161395,38.12782027737402,62.53060622849623,25.167441126134918,0.19574470910872432,-0.5317597715990345,-1.066767568356795,25.108587683434706,-0.34225143097380656,0.06344089967831543,0.3480815849130953,2.4662099132559923
1905,15.78062990000035,194.77251817539417,319.4522683747199,38.12568991261625,62.53109134713168,25.19438605237542,0.19574470910872432,-0.5338901363568027,-1.0672526869922407,25.109856879948666,-0.2774227304098675,0.039735815114422104,0.2802540032735903,1.9486820790650692
1906,15.792970099999366,194.76710796792082,319.4477381141878,38.12463089312816,62.53020457260164,25.05239344582665,0.19574470910872432,-0.5349491558448918,-1.066365912462203,25.12578119044286,-0.08303607164401342,-0.1175032695474201,0.14388192224321786,-1.0051331686523943
1907,15.809022999999797,194.77608943094504,319.45541749973836,38.12638896699521,62.53170777169237,25.10234728047393,0.19574470910872432,-0.5331910819778471,-1.0678691115529304,25.099489734182328,-0.04062636653409381,-0.10684919216705491,0.1143120795214345,-0.04597264365791531
1908,15.812458799999149,194.78337019709173,319.4631051683916,38.12781413844668,62.53321259215662,25.112338047403384,0.19574470910872432,-0.5317659105263743,-1.0693739320171858,25.08042559576225,0.08644173827424949,-0.1111985604477245,0.1408449287745927,-0.2516354423640609
1909,15.825218399999358,194.78166560835496,319.45882438780103,38.127480474220256,62.53237465200516,25.03598384483224,0.19574470910872432,-0.5320995747527988,-1.0685359918657227,25.148044958019643,-0.012106869926266306,-0.10216974250153142,0.10288455949383643,-0.7671338368183795
1910,15.828462800000125,194.78199477122936,319.4615078547628,38.12754490611135,62.53289992646499,25.099065360275045,0.19574470910872432,-0.5320351428617016,-1.069061266325555,25.145898359279713,-0.26725986623096265,0.062107321722331896,0.2743814051813885,-0.6203466385165177
1911,15.840972099998908,194.7450210927097,319.4540305281438,38.12030750416484,62.531436279341044,25.390490257113605,0.19574470910872432,-0.5392725448082132,-1.0675976192016066,25.129798263164542,-0.311673212223575,0.15060700959558743,0.34615410232595395,-0.38577180058807625
1912,15.844534599998951,194.72379570896845,319.440785769243,38.11615274759869,62.528843687862796,25.091614286774284,0.19574470910872432,-0.5434273013743649,-1.065005027723359,25.126578243941502,-0.34671015744374156,0.2200156032481193,0.41062732367354454,-2.0260197801145527
1913,15.857102699999814,194.73617048485931,319.4404958197522,38.11857504450573,62.52878693178406,25.031837566827516,0.19574470910872432,-0.5410050044673227,-1.0649482716446244,25.071582738632053,-0.43148779549449057,0.26217990638055155,0.504896049668058,-1.6679133897124458
1914,15.860893099999885,194.7322718387441,319.432504020856,38.117811905155996,62.527222579433875,25.019883748717067,0.19574470910872432,-0.541768143817059,-1.0633839192944379,25.060583942745943,-0.3257783110106559,0.21392064569721253,0.3897352313821115,-1.2673578145249378
1915,15.872825700000249,194.70764223947117,319.4295218792374,38.11299079141085,62.52663884099022,24.824087833727788,0.19574470910872432,-0.5465892575622036,-1.062800180850786,25.07405465476013,-0.04668289199333575,0.03849711873510191,0.060508846921470794,-1.0779084375359274
1916,15.87658989999909,194.70668045732873,319.43191202498514,38.11280252764515,62.527106699374336,25.33549627768306,0.19574470910872432,-0.546777521327904,-1.0632680392348988,25.076748797162967,0.1619066230879323,-0.021996654934012837,0.16339402506831088,2.821355521830589
1917,15.88901049999913,194.72122577839468,319.44139017665645,38.1156496972861,62.528961997416125,25.158967846845208,0.19574470910872432,-0.5439303516869529,-1.0651233372766882,25.077287625643535,0.2588472174741907,-0.11059662421965127,0.2814844494513218,2.425940111001508
1918,15.892612199999348,194.74396229787015,319.44687250754305,38.12010025067697,62.53003513468076,25.045308278841702,0.19574470910872432,-0.5394797982960853,-1.0661964745413215,25.131747197980275,0.34966299377353965,-0.13698481185873632,0.375538344107027,1.6390248289323393
1919,15.90502109999943,194.76192593823708,319.4487924066709,38.123616538235126,62.53041094477706,25.022577891119905,0.19574470910872432,-0.535963510737929,-1.0665722846376227,25.071206312154654,0.41275624036292385,-0.12173605250145912,0.4303340335566939,1.4543292097841605
1920,15.909336700000495,194.7630293971569,319.4506227842849,38.12383253448041,62.530769231510675,25.09638569541148,0.19574470910872432,-0.5357475144926482,-1.0669305713712376,25.05909813498953,0.3958318577239895,-0.12549508609867446,0.4152491736585858,2.1847488235651413
1921,15.920991699998922,194.77883489445526,319.45348363796575,38.12692637695139,62.53132922848223,25.032791848554957,0.19574470910872432,-0.5326536720216666,-1.0674905683427909,25.056676804732284,0.16422611916175434,-0.06019550429059652,0.1749105970252516,-0.7893814848970144
1922,15.925101099999665,194.78187074143608,319.457014097968,38.127520627935546,62.53202029734839,25.098426961019587,0.19574470910872432,-0.5320594210375091,-1.0681816372089514,25.071863009872242,0.16724078698393074,-0.10064082124980389,0.1951872325046889,0.20959247277561377
1923,15.937255299999379,194.78669235576916,319.4552416836717,38.12846443343061,62.53167335662754,25.03320162755548,0.19574470910872432,-0.531115615542447,-1.0678346964881058,25.074899945724454,0.18338725504538933,-0.10915544431051243,0.21341461134539982,0.772850078391801
1924,15.942489499999283,194.7946726616962,319.4614590415234,38.1300265360929,62.53289037153165,25.098508916819693,0.19574470910872432,-0.5295535128801561,-1.0690517113922127,25.075507332894894,0.2585766766480595,-0.11992263402233472,0.28503216635532547,0.81568038148759
1925,15.953937099999166,194.80232111952563,319.4688040914356,38.13152368124585,62.5343281261901,25.111570374672535,0.19574470910872432,-0.5280563677272028,-1.0704894660506596,25.075628810328983,0.21363945340885157,-0.08685477538406272,0.23061996457342726,-0.1941324549589784
1926,15.957684900000459,194.81460158115095,319.4707547948316,38.13392751663442,62.534709966058905,25.035828784407165,0.19574470910872432,-0.5256525323386327,-1.0708713059194679,25.07565280064002,0.2768743943519474,-0.09118935831495854,0.29150459570588516,-0.39980423958329836
1927,15.969258600000103,194.80986682595181,319.4709220361102,38.133000713355266,62.53474270265434,25.09903434819003,0.19574470910872432,-0.5265793356177895,-1.0709040425149041,25.05998682233504,0.24879309586324228,-0.043619041252022143,0.2525878566142127,-0.4332778902418851
1928,15.97328329999982,194.81796429559927,319.4707807409611,38.13458575019592,62.534715044876485,25.033321579110666,0.19574470910872432,-0.5249942987771377,-1.0708763847370477,25.056853626674048,0.2530158335754509,-0.05970548505585745,0.259964914912831,-1.2025894663195578
1929,15.985486300000048,194.8278164218002,319.47044787078715,38.13651425177323,62.53464988730111,25.020179025294794,0.19574470910872432,-0.5230657971998269,-1.0708112271616699,25.05622729271763,0.11681248882493926,-0.025463377170552068,0.1195555984569788,-1.2565259900221326
1930,15.98960420000003,194.83101187522544,319.47478207267727,38.13713974487442,62.53549828438931,25.095904396367555,0.19574470910872432,-0.5224403040986374,-1.0716596242498753,25.040431249559155,0.1868261474958067,-0.009536350791193257,0.1870693758329717,-0.22093294406487451
1931,16.001602399999683,194.82858350469502,319.47053267637244,38.136664404191336,62.534666487545735,25.032697114625073,0.19574470910872432,-0.5229156447817189,-1.0708278274062977,25.037272346103244,0.11356123406647162,-0.0013354899433526968,0.1135690865336547,-0.27048919732224064
1932,16.005534800000532,194.83400744843937,319.46898967544075,38.13772611248179,62.534364453277206,25.020054132397675,0.19574470910872432,-0.5218539364912615,-1.0705257931377687,25.052311341779244,0.08017864511894922,-0.012495469749728396,0.08114648419603142,0.10096406274509284
1933,16.017873599999803,194.83574108940476,319.46597178409456,38.138065463528264,62.533773717013524,25.0175270618311,0.19574470910872432,-0.5215145854447911,-1.0699350568740869,25.03964836454726,0.049958789685920324,-0.0785880228805699,0.09312334834593845,1.1829164354923039
1934,16.032793099999253,194.83506442274182,319.46981783616036,38.13793300960916,62.53452656135636,25.095374003674817,0.19574470910872432,-0.5216470393638915,-1.070687901216921,25.066592087460236,0.03074494701808327,-0.10324870642467827,0.10772904504131718,1.252713588099713
1935,16.036217099999703,194.83507836154484,319.47920220073934,38.13793573805611,62.536363501071044,25.03258951020762,0.19574470910872432,-0.5216443109169475,-1.0725248409316066,25.071980832042833,0.009448465905985151,-0.10365537820758228,0.1040851139180502,-0.3846811720363761
1936,16.04879230000006,194.82636144829638,319.48266981288015,38.13622944840796,62.53704226780085,25.167415729189962,0.19574470910872432,-0.5233506005650952,-1.0732036076614122,25.07305858095935,-0.02263094703292451,-0.08608303345508754,0.0890081367765709,-0.2278506940338857
1937,16.05233489999955,194.82932061720106,319.48131656210677,38.136808690064406,62.53677737612186,25.04699785531065,0.19574470910872432,-0.5227713589086491,-1.0729387159824242,25.057603659551248,-0.08805166121596386,0.010678327043948402,0.08869679651119534,-2.344179128403897
1938,16.065101199999845,194.8206533659702,319.4724638451165,38.13511212149345,62.53504450360978,25.022915806413693,0.19574470910872432,-0.5244679274796056,-1.071205843470345,25.054512675269628,-0.08764543404156355,0.09722862354238015,0.13090121215741263,-2.510485005049587
1939,16.068530500000634,194.8147672233285,319.46487194272447,38.133959940214275,62.53355842888447,25.0180993966343,0.19574470910872432,-0.5256201087587797,-1.0697197687450313,25.02441816005393,-0.04748665423279758,0.12771338661571596,0.13625597767100206,-2.4238447423868674
1940,16.0815333999999,194.81495508097862,319.47176302962646,38.133996712355355,62.53490732268554,25.01713458879952,0.19574470910872432,-0.5255833366177001,-1.0710686625461037,25.034070033377976,-0.09328088646819871,0.10868265907701588,0.1432244537931419,-1.2884369502596045
1941,16.08525290000034,194.81619223093801,319.4698923565277,38.13423887791428,62.53454114832398,25.01694315311147,0.19574470910872432,-0.525341171058777,-1.0707024881845442,25.036000102867007,-0.05525726604742899,-0.02232520667637805,0.05959681454725029,-0.03047638785063822
1942,16.0974683000004,194.81210698717786,319.47116419020614,38.13343921306281,62.53479010303741,25.09525722193089,0.19574470910872432,-0.5261408359102475,-1.0709514428979716,25.052056587956216,0.013455700454179877,-0.12252618969323523,0.12326282097800326,2.857754951731501
1943,16.10059050000018,194.8130197277515,319.47944723651636,38.13361787720089,62.536411465527934,25.032566153858838,0.19574470910872432,-0.5259621717721643,-1.0725728053884964,25.070938661341245,0.017824006758542888,-0.14130001183169516,0.14241976183299063,2.6699794162812274
1944,16.11386549999952,194.81353401518982,319.48403569828923,38.1337185462459,62.53730963264292,25.098381822080363,0.19574470910872432,-0.5258615027271532,-1.073470972503486,25.146147571135444,-0.03389653321454871,-0.17057540397781382,0.17391073401650453,2.5641986774893257
1945,16.117065000000366,194.81393724525253,319.4872656384395,38.133797476397234,62.53794187633808,25.111544955724668,0.19574470910872432,-0.525782572575821,-1.074103216198644,25.145518576727092,-0.04257495623776979,-0.29079674464054045,0.2938968757781949,1.3989540484972802
1946,16.129616799998985,194.80152966043423,319.49033905365286,38.13136875731623,62.53854348110499,25.392987702082436,0.19574470910872432,-0.5282112916568238,-1.0747048209655503,25.145393083021204,-0.046173816955874705,-0.1734654028207171,0.17950561926588335,0.13983399033991578
1947,16.13309560000016,194.79959506159292,319.5013842018898,38.1309900698288,62.54070551043368,25.092112249889148,0.19574470910872432,-0.5285899791442574,-1.0768668502942447,25.12969751308862,0.08672216900197979,-0.1251321383584869,0.15224580994751696,-4.918875816940982
1948,16.1457575000004,194.802132652117,319.49702726385135,38.13148678974777,62.539852662864746,25.031938685329393,0.19574470910872432,-0.5280932592252867,-1.0760140027253087,25.126558399102105,0.09264437176019158,-0.08496410758953643,0.12570552572312366,-3.9278567547349557
1949,16.14942879999944,194.81473756976754,319.49376365190034,38.133954135686615,62.539213828092755,25.019903972417442,0.19574470910872432,-0.52562591328644,-1.0753751679533181,25.054497776011832,0.20016329490611484,-0.029822618979764043,0.20237275812343045,-2.493208439614148
1950,16.161411699999007,194.81806046055712,319.4935657298696,38.13460457397762,62.53917508590242,25.095849385792086,0.19574470910872432,-0.5249754749954363,-1.075336425762984,25.111518451686745,0.18359691023417224,0.09321822213212194,0.20590644085362733,-1.5013068751793377
1951,16.165191399999458,194.82470478188733,319.48916749447915,38.13590516472363,62.53831415459533,25.032684586631078,0.19574470910872432,-0.5236748842494237,-1.0744754944558892,25.138593363188917,0.03192599167847382,0.1300553099289013,0.13391658816351526,1.326419075011038
1952,16.177284999999756,194.81286183389958,319.4895556675651,38.133586970314774,62.53839013742312,25.377215628263716,0.19574470910872432,-0.5259930786582814,-1.0745514772836842,25.14400804031357,-0.10206681421466134,0.08113549279006224,0.13038635954046893,5.6899927776237815
1953,16.18137729999944,194.79782758005692,319.48429687587566,38.13064409466968,62.5373607567736,25.167313242840244,0.19574470910872432,-0.5289359543033783,-1.0735220966341643,25.200852999664278,-0.20926766587193427,0.059341250715641156,0.21751859694284556,2.3998456663834467
1954,16.193725499999346,194.7979600078072,319.48875000021894,38.13067001670114,62.538232432302806,25.046977358040706,0.19574470910872432,-0.5289100322719165,-1.0743937721633685,25.227892767901608,-0.2751111596268551,0.010618778462211355,0.2753160158931232,0.8068974377641118
1955,16.198032099999182,194.78736155346547,319.4910763550352,38.128595425339014,62.5386878039496,25.38007418254564,0.19574470910872432,-0.5309846236340405,-1.0748491438101624,25.177539002799072,-0.3144103467468088,0.05749458606363537,0.31962398778576884,1.2994229152546235
1956,16.21059740000055,194.78831682879604,319.49209281922754,38.12878241543071,62.53888677143725,25.167883427817724,0.19574470910872432,-0.5307976335423419,-1.0750481112978107,25.167467944602787,-0.16213362011397792,0.008441842953179643,0.1623532429109744,-2.4237472799576047
1957,16.21528980000039,194.7790112750701,319.4866248893772,38.126960902523535,62.53781645309926,25.125446802751046,0.19574470910872432,-0.5326191464495196,-1.0739777929598233,25.18112450933072,-0.1548728957536757,0.035871151532555164,0.15897280695578234,-3.468495515542173
1958,16.22651290000067,194.78143418473434,319.48626498699275,38.12743517427096,62.53774600411171,25.116957951858808,0.19574470910872432,-0.532144874702098,-1.073907343972273,25.128093798350527,-0.042874247396193915,0.054515763413878274,0.06935538587873324,-1.431108580999525
1959,16.230008700000326,194.78212002079295,319.48507637858415,38.127569423050744,62.53751334030453,25.11526018168036,0.19574470910872432,-0.532010625922311,-1.073674680165091,25.117487656154484,-0.03541375906088774,0.06706011522655117,0.07583662298006767,0.5365165821003919
1960,16.241828500000338,194.78684622834277,319.4858320829273,38.12849455317277,62.537661265431346,25.11492062764467,0.19574470910872432,-0.5310854958002835,-1.0738226052919089,25.09969534617231,0.06156398219693536,0.004085673413507636,0.06169940543624725,0.06650104212838531
1961,16.24553079999896,194.78783323066966,319.4849452643842,38.12868775365614,62.53748767539359,25.114852716837532,0.19574470910872432,-0.5308922953169173,-1.073649015254155,25.133151654683683,0.04413421242475378,-0.0027054072714142556,0.04421705479628321,1.029341393487546
1962,16.257473499999833,194.79373336259906,319.49023961199447,38.12984267326436,62.53852401592649,25.036485252840166,0.19574470910872432,-0.5297373757086916,-1.0746853557870537,25.13984291638596,0.0721573831263837,-0.02447662855597149,0.07619575634584069,0.7858380490565953
1963,16.272499499998958,194.79028743610874,319.4923642853228,38.129168151385905,62.5389399094891,25.284239494415694,0.19574470910872432,-0.5304118975871503,-1.0751012493496646,25.141181168726416,0.07028278021833743,-0.02313081778945178,0.07399124223060417,2.1535204815266398
1964,16.276122499999474,194.79359160390024,319.49314722367444,38.1298149247491,62.53909316552899,25.148716490191735,0.19574470910872432,-0.5297651242239567,-1.0752545053895517,25.12577804282732,0.11222601012491566,-0.07418841839692,0.1345310327500467,0.9784824416191513
1965,16.288939000000028,194.7981026434067,319.4935260637311,38.13069793686507,62.539167321465676,25.121611889346944,0.19574470910872432,-0.5288821121079863,-1.075328661326239,25.194129912764687,0.05307813258515219,-0.05564230998977466,0.07689834081256353,0.6476163802477496
1966,16.29326310000033,194.80388814864466,319.4981297459133,38.13183041890492,62.54006846789525,25.037837087342048,0.19574470910872432,-0.5277496300681364,-1.0762298077558157,25.20780028675216,-0.029450833023433792,-0.08544092010154788,0.09037423523091782,-0.3170798097142541
1967,16.305087700000513,194.7918648289092,319.4977700463416,38.12947691768078,62.53999805860723,25.378244602527005,0.19574470910872432,-0.5301031312922717,-1.0761593984677944,25.194863585182468,-0.05142955295188032,-0.09107674322712875,0.10459432142181814,0.4724355862969687
1968,16.30894409999928,194.78285085078198,319.5012506780893,38.127712479154354,62.54067937385621,25.35259136435306,0.19574470910872432,-0.5318675698187008,-1.07684071371677,25.176605773677124,-0.046768369202100576,0.0011176360797739843,0.046781721518460634,-3.3619122525635268
1969,16.320959499998935,194.78706326811542,319.5055769517489,38.12853703755993,62.54152621903522,25.08403298234327,0.19574470910872432,-0.531043011413125,-1.0776875588957822,25.172954211376055,-0.07836541164290081,0.036780914605139096,0.08656773891671093,-5.091444853762011
1970,16.32504169999993,194.78898612342533,319.4960841793435,38.12891342631323,62.53966805906209,25.030322831820218,0.19574470910872432,-0.5306666226598225,-1.0758293989226502,25.116462180165843,-0.090828057093037,0.08533395117992834,0.12462591696462812,-2.9913974850724836
1971,16.336704299999838,194.79517743905944,319.4978766356562,38.13012534359103,62.540018922901616,25.019579275836705,0.19574470910872432,-0.5294547053820224,-1.076180262762179,25.052478532224583,0.01439501576499253,0.14821645402193107,0.1489138466419748,-0.7098875900844928
1972,16.34094499999992,194.78951549013595,319.49248826291796,38.12901704704601,62.5389641774474,25.09578444647594,0.19574470910872432,-0.5305630019270424,-1.07512551730796,25.09236734951133,-0.020179797125998364,0.10933896322905735,0.11118557951484359,1.258868578425353
1973,16.352844999999434,194.79368471970196,319.4841144973701,38.12983315167462,62.53732505714609,25.032673124646752,0.19574470910872432,-0.5297468972984376,-1.0734863970066542,25.17177760808587,-0.06621011364631801,0.012829872397384715,0.06744171390757742,4.9876488615249
1974,16.356152500000462,194.79192322460324,319.4885899646746,38.12948834832892,62.53820110619173,25.28347706877701,0.19574470910872432,-0.5300917006441352,-1.074362446052291,25.20333074134374,-0.18075434827160236,0.0709563402627284,0.19418274033129673,7.433157292624743
1975,16.36907009999959,194.7828196733383,319.4903954770085,38.127706376334714,62.53855452567833,25.427374124692903,0.19574470910872432,-0.5318736726383406,-1.0747158655388915,25.265403391921097,-0.1576762136159942,0.021105624069968146,0.15908248083198684,5.0286942078326575
1976,16.373236199999155,194.77284191174277,319.4848501509904,38.12575328229364,62.53746905744999,25.177344942126084,0.19574470910872432,-0.5338267666794181,-1.073630397310552,25.293488393227975,-0.11394726658420383,-0.015045040536305215,0.11493621190360626,3.3325991713843712
1977,16.38523770000029,194.76389300357044,319.4848828868687,38.124001580866604,62.537475465324974,25.40614769936272,0.19574470910872432,-0.5355784681064506,-1.0736368051855365,25.262090928157317,-0.10850926375042022,0.05382264214586549,0.12112446956424683,1.4048793728572528
1978,16.388712300000407,194.7689914393692,319.48564638089687,38.12499957269894,62.53762491524142,25.173098131181142,0.19574470910872432,-0.5345804762741153,-1.0737862551019859,25.255811129967405,-0.09659098023055808,-0.01544714295694738,0.09781836068669537,-2.5843267030994834
1979,16.401434100000188,194.76398324192238,319.480481419443,38.12401924454655,62.53661390136407,25.12648974342373,0.19574470910872432,-0.5355608044265026,-1.0727752412246332,25.254555170329425,-0.020198439629766064,-0.055443283921994935,0.05900792061691588,-4.113039264327048
1980,16.405133599999317,194.76250231072473,319.48754436609124,38.12372936010006,62.53799643580119,25.39597513374334,0.19574470910872432,-0.5358506888729977,-1.074157775661753,25.198541954476042,-0.029374732256429247,-0.0025856429844590065,0.0294883103073063,-3.714287062304031
1981,16.41755000000012,194.75699368070852,319.4837024977728,38.12265107491995,62.53724441040476,25.17106514393617,0.19574470910872432,-0.5369289740531045,-1.073405750265323,25.187339311305372,-0.06179961907169312,0.004482698464502928,0.061961984336607816,-4.47110869295652
1982,16.421150500000294,194.75346503394667,319.47885103948227,38.121960360986,62.53629476311293,25.12608162009583,0.19574470910872432,-0.5376196879870534,-1.07245610297349,25.185098477495455,0.06110111455416197,-0.029639130276552114,0.0679104133643085,-2.2213096876346436
1983,16.434005900000557,194.7616809252347,319.4793547886792,38.12356857823625,62.53639336935294,25.117084915327762,0.19574470910872432,-0.5360114707368027,-1.072554709213506,25.113218120792062,0.1853656531237254,-0.009100837552667225,0.18558892909369712,0.941277660414316
1984,16.437717499999053,194.7718716473243,319.48108289883,38.125563358167284,62.536731637771716,25.11528557437415,0.19574470910872432,-0.5340166908057711,-1.0728929776322786,25.154603463025605,0.10101922569676487,-0.016786831318071273,0.1024045002237465,0.4552634584875319
1985,16.450031200000012,194.80602790938968,319.4981317476567,38.132249265749515,62.54006885972594,25.036573350226394,0.19574470910872432,-0.5273307832235403,-1.0762301995865045,25.16288053147231,0.14714742147042892,-0.06850469503104555,0.16231222038618226,1.439921978780827
1986,16.45423699999992,194.79510057475954,319.4976561058595,38.13011029781101,62.53997575536071,25.377991855103875,0.19574470910872432,-0.529469751162047,-1.07613709522127,25.148865473970247,0.044244859379267476,-0.04191262104652309,0.0609448552749172,3.9767213464603066
1987,16.466550400000415,194.79754147059418,319.49733120175785,38.13058809025612,62.53991215710184,25.16746696232937,0.19574470910872432,-0.5289919587169365,-1.076073496962401,25.201824486395616,-0.09989413064862915,-0.03436335334807378,0.10563937424734189,1.8366634836001803
1988,16.470253199999206,194.79017516257042,319.49496115737304,38.12914617443481,62.539448233453165,25.047009627817438,0.19574470910872432,-0.5304338745382466,-1.0756095733137272,25.228086760072095,-0.22144072677707183,0.02970047267182568,0.2234236190569109,2.206232972859351
1989,16.481926500000554,194.77924697667777,319.4981451965698,38.127007039866164,62.54007149227952,25.38008063650099,0.19574470910872432,-0.5325730091068905,-1.0762328321400858,25.233339519983172,-0.19990732966776387,0.03017928252815481,0.2021725242183275,4.17656532058751
1990,16.4970315999999,194.77424900002882,319.49434068146667,38.12602871238088,62.53932677857736,25.167884718608796,0.19574470910872432,-0.5335513365921756,-1.0754881184379244,25.2714048424732,-0.23286655699460168,0.022711896177692495,0.23397150167169153,2.501876012219079
1991,16.500603099999353,194.76693413721424,319.49389309272993,38.12459686668707,62.53923916545029,25.40425565465926,0.19574470910872432,-0.5349831822859841,-1.0754005053108529,25.294688683338393,-0.2251349226975224,0.06239790667695899,0.2336219856428026,3.6099652257742605
1992,16.513151900000594,194.7588569473895,319.49595557298716,38.123015799514405,62.53964288504828,25.35779357477951,0.19574470910872432,-0.5365642494586496,-1.0758042249088433,25.243583427585648,-0.19151445559701732,0.08917363441607443,0.2112574821813268,2.998020624977736
1993,16.516756799999712,194.75239734231613,319.48999383709446,38.121751365998364,62.53847590679018,25.163428832143403,0.19574470910872432,-0.5378286829746912,-1.0746372466507452,25.2891240951851,-0.18211458081697637,0.06206677127941482,0.19240063576608632,2.149803526180144
1994,16.529343500000323,194.75142331018841,319.4848184055627,38.121560704362864,62.537462843450484,25.124554357737278,0.19574470910872432,-0.5380193446101913,-1.073624183311047,25.256276051947182,-0.10743692226105299,0.06563131272350722,0.1258974244166192,0.5705999966310545
1995,16.533160699998916,194.7510768053303,319.4865000115469,38.12149287787021,62.537792008924704,25.39558805660605,0.19574470910872432,-0.5380871711028448,-1.0739533487852668,25.249706443299598,-0.08817113541042268,0.031028484687949144,0.09347147148511885,4.657504316891141
1996,16.5454981999992,194.74934222989702,319.4838305082578,38.12115334390659,62.537269467779915,25.240015438469648,0.19574470910872432,-0.5384267050664633,-1.0734308076404773,25.232721745202895,-0.025716103181955843,-0.03201262251347184,0.04106246416199402,1.1550723240928624
1997,16.549643399999695,194.74871403647816,319.4881756446426,38.12103037836856,62.53812000523759,25.324945531541587,0.19574470910872432,-0.5385496706044961,-1.07428134509815,25.300545508708552,-0.060812731856620214,-0.07818825157372769,0.099053475658463,2.3600519461099614
1998,16.561503499999162,194.74638261068205,319.4876597558872,38.120574014104285,62.53801902274323,25.07850534165988,0.19574470910872432,-0.5390060348687697,-1.0741803626037907,25.242678071468276,0.11935049621813046,-0.14303082452322777,0.1862856884232075,2.1622513593709356
1999,16.564910499999314,194.74306461629357,319.49027736572964,38.11992453425789,62.5385314060204,25.46367317526557,0.19574470910872432,-0.5396555147151645,-1.0746927458809594,25.254313507360067,0.09745839234424178,-0.17637690911891912,0.20151166792190378,2.877805689404688
2000,16.57770999999957,194.80080597951286,319.51711585022144,38.13122710060479,62.54378489736017,25.10625087040468,0.19574470910872432,-0.5283529483682656,-1.0799462372207316,25.219626129206393,0.06948199815168543,-0.12204033038870826,0.14043357970419998,-0.6279062735173849
2001,16.5816777,194.79802940625518,319.51963693374677,38.13068360108015,62.54427838612147,25.298192617928596,0.19574470910872432,-0.5288964478929046,-1.080439725982032,25.228359429942845,-0.010724603755016313,-0.030986261076208083,0.032789716393787825,1.6701093416244002
2002,16.59343219999937,194.78784811084114,319.5156437915422,38.12869066637098,62.543496749662204,25.15150864077322,0.19574470910872432,-0.5308893826020764,-1.0796580895227663,25.214647105715134,-0.03243923335094541,0.026333181820645077,0.04178205745527907,0.17089060642899534
2003,16.597476099999767,194.77876821057163,319.5060624371433,38.126913323933984,62.54162125023253,25.122171845342145,0.19574470910872432,-0.5326667250390713,-1.0777825900930935,25.241380959228966,-0.32839656482622664,0.20288685019618768,0.38601473776553713,-0.7190172672779676
2004,16.60907600000064,194.76103726748664,319.4979908290124,38.12344258563759,62.5400412756469,25.395111554127027,0.19574470910872432,-0.5361374633354643,-1.0762026155074622,25.194042488232515,-0.31689354152024196,0.24085215113389616,0.39803426405658404,-0.3427301436963811
2005,16.612587199999325,194.75033316941074,319.48951845920624,38.12134731507345,62.538382854083736,25.239920137973844,0.19574470910872432,-0.5382327338996049,-1.0745441939442983,25.168903712490255,-0.26663214296547366,0.23374496964976235,0.35458343235256934,-0.5968621396830349
2006,16.625014199998986,194.7452882178898,319.48536331841484,38.12035979250552,62.53756950725822,25.061500262946332,0.19574470910872432,-0.5392202564675372,-1.0737308471187816,25.219637370916022,-0.21937184371855886,0.09240115196567153,0.2380377673837976,-2.4151819589443075
2007,16.628542899999957,194.746762117949,319.48480518507245,38.120648300643865,62.53746025560947,25.025814762061927,0.19574470910872432,-0.5389317483291904,-1.0736215954700299,25.21103715435899,-0.17287224127299422,-0.004651117818630701,0.17293479898421577,-1.0750422872576935
2008,16.641118699999424,194.73370667328606,319.50041272204936,38.11809276642603,62.54051534839492,25.37584013747098,0.19574470910872432,-0.541487282547024,-1.076676688255482,25.179840487512426,-0.04060804797649352,-0.09856134323363032,0.10659902410659623,0.6325642807727307
2009,16.64471869999943,194.7324798604602,319.5068323064889,38.117852624306295,62.54177194808363,25.352110471341856,0.19574470910872432,-0.5417274246667603,-1.077933287944191,25.189271625334523,0.7480641502270793,-0.3850774150346695,0.8413587750922583,-2.384856969266067
2010,16.657455599999594,194.7366821294217,319.50665192427846,38.118675196221766,62.541736639220325,25.083936803741032,0.19574470910872432,-0.5409048527512894,-1.0778979790808876,25.206828629266127,0.7756815137717632,-0.38527484761976427,0.8660938280669633,-2.3867167856181384
2011,16.660949099999925,194.80564193738473,319.531051408804,38.132173713771685,62.546512709221176,25.108655952056804,0.19574470910872432,-0.5274063352013698,-1.0826740490817386,25.16838415847042,1.4304875031375162,-0.5565800774949333,1.5349514257125114,-2.2360492100448277
2012,16.673578399999315,194.81982631686571,319.52911752749395,38.134950231007075,62.54613416218669,25.11359978171996,0.19574470910872432,-0.5246298179659803,-1.082295502047252,25.13748634097143,1.43942951576894,-0.46841782713147856,1.5137280441484136,-3.0320652120233937
2013,16.677155699999275,194.8759465694508,319.54921053421725,38.14593547352445,62.550067261942864,25.18361778349243,0.19574470910872432,-0.5136445754486019,-1.0862286018034268,25.131307082647414,1.380364595506563,-0.48285094464876877,1.462378696260379,-3.490335990012312
2014,16.68958389999898,194.87454999685488,319.54338478687464,38.14566210182792,62.54892690272394,25.197621383846926,0.19574470910872432,-0.5139179471451385,-1.0850882425845043,25.114400759791202,0.5518037765375132,-0.1814543303536676,0.580872689842757,-1.793211409461449
2015,16.693287699999928,194.8701839774852,319.5446978202538,38.14480747663643,62.5491839220608,25.053040512120948,0.19574470910872432,-0.514772572336625,-1.0853452619213613,25.11101949521996,0.5346950003646208,-0.20045546745203208,0.5710351458941336,-0.8516096162381837
2016,16.705257999999958,194.85312796458615,319.5361454633642,38.14146885235295,62.54750984344925,25.024124337775753,0.19574470910872432,-0.5181111966201044,-1.0836711833098107,25.080866923946335,-0.21754642287487408,0.09520210287295368,0.23746554802136244,2.4773817603490973
2017,16.72114370000054,194.86402738299225,319.5414231456262,38.14360235583831,62.54854292182839,25.096693458863747,0.19574470910872432,-0.5159776931347437,-1.0847042616889553,25.116792281273643,-0.07707968983102492,-0.006656427067817591,0.07736657292239447,3.215261401261068
2018,16.725157099999706,194.84987220219338,319.533655957305,38.140831554090454,62.54702253580986,25.032854927124312,0.19574470910872432,-0.5187484948826011,-1.0831838756704215,25.176662594438323,-0.1532357537350773,0.017085458991984395,0.15418530776868478,2.8841139025237887
2019,16.737026400000104,194.89112558228663,319.55897398688484,38.14890668497656,62.551978406145174,25.37724817048346,0.19574470910872432,-0.5106733639964958,-1.0881397460057372,25.20430712826267,-0.14842287567967033,0.011340301573214313,0.1488554750917625,4.759790465923704
2020,16.74097459999939,194.8787910696439,319.5579792755298,38.14649226938731,62.55178369666034,25.35239207794435,0.19574470910872432,-0.5130877795857458,-1.0879450365208996,25.19416556383613,0.1971164159711488,-0.1313879515279488,0.23689169519428407,2.5750742939976483
2021,16.753346299999976,194.8626840650184,319.5509556953473,38.14333940845228,62.55040886800061,25.162347006897466,0.19574470910872432,-0.5162406405207776,-1.0865702078611719,25.279028425267228,0.4787815223674105,-0.28372532459821204,0.5565355388282189,-0.21768703369106845
2022,16.75782430000072,194.90528054384248,319.5687691972743,38.15167744380875,62.55389576675353,25.045985636731057,0.19574470910872432,-0.5079026051643041,-1.0900571066140898,25.24023958397923,0.1314591894624929,-0.09957959497907791,0.1649169919393778,-0.5689028482504814
2023,16.769345799999428,194.9475382450915,319.59130423779516,38.15994916524735,62.55830688170503,25.457169234279807,0.19574470910872432,-0.4996308837257075,-1.0944682215655916,25.251228763963816,0.1657149430462685,-0.0697585456007611,0.17979904625209078,-0.04811370410783884
2024,16.773181999998997,194.92683741161466,319.5814426976324,38.155897086620115,62.5563765373945,25.18330396404346,0.19574470910872432,-0.50368296235294,-1.0925378772550616,25.253426905136518,-0.03951598570093012,0.03609546501001368,0.05352004970294063,-1.4152408191276533
2025,16.785639399999127,194.8988197960189,319.56881495907606,38.1504127866054,62.5539047243841,25.40733797786729,0.19574470910872432,-0.5091672623676544,-1.0900660642446596,25.25386653337106,-0.45460847319624126,0.21977203628425263,0.5049441670465602,0.3174571151630735
2026,16.789346800000203,194.87455770169026,319.5566858564682,38.145663610008675,62.55153051672237,25.173337712760958,0.19574470910872432,-0.5139164389643796,-1.0876918565829357,25.253954764193747,-0.8844688745479532,0.4075432917197602,0.9738463557820097,0.12690370023548195
2027,16.801740599999903,194.86104207434835,319.54783998218346,38.14301799746621,62.54979898363369,25.048183777903755,0.19574470910872432,-0.5165620515068454,-1.0859603234942554,25.253972105182505,-0.7407568206604177,0.3396676759306766,0.8149201172060224,0.012309918005563655
2028,16.805105800000092,194.83643437722966,319.53828140667866,38.138201170951874,62.54792794305201,25.457610388393253,0.19574470910872432,-0.5213788780211814,-1.0840892829125721,25.253975573380256,-0.8936936217217645,0.4088683852177605,0.9827826035989562,0.0052557740217277155
2029,16.817752400000245,194.81461549128008,319.5276977930759,38.1339302394686,62.545856256686015,25.183390668987247,0.19574470910872432,-0.5256498095044577,-1.082017596546578,25.253975961844027,-0.6773570208329541,0.30196710663595544,0.7416176017070965,-0.9648294092736224
2030,16.821674499999062,194.79047256788837,319.5167892553979,38.12920438995226,62.54372096815143,25.407355318856048,0.19574470910872432,-0.5303756590207982,-1.079882308011996,25.253976039536774,-0.6334791771392386,0.30058563966964974,0.701175865703191,-0.8343199379275074
2031,16.83357000000069,194.77836002429632,319.5103542352362,38.12683342363026,62.542461347001776,25.173339655079808,0.19574470910872432,-0.5327466253427957,-1.0786226868623388,25.196560893942515,-0.36418397250768536,0.21260963404815847,0.4217022911030605,-0.8268158438506568
2032,16.837121999999,194.77846756955063,319.50794439377,38.12685447504478,62.54198963328498,25.048184166367527,0.19574470910872432,-0.5327255739282748,-1.07815097314554,25.198883711991634,-0.020271109317761993,0.09798997257807382,0.10006474203646515,2.089564367161514
2033,16.849172599999292,194.77324161772947,319.5007959128956,38.12583152262573,62.54059035597565,25.170534660421943,0.19574470910872432,-0.5337485263473241,-1.076751695836215,25.199348275601455,0.18612604691056414,-0.009823326914584783,0.18638509353010052,6.35415304450108
2034,16.85300300000017,194.80028214515502,319.50880493525517,38.13112456280079,62.54215807972766,25.195004759232827,0.19574470910872432,-0.5284554861722626,-1.078319419588226,25.25520290707342,0.3276138398157376,-0.10547610780315275,0.344174428678416,12.2599703644823
2035,16.865143699998953,194.7895557047458,319.5084725961185,38.129024918843115,62.542093026100034,25.409678136905164,0.19574470910872432,-0.5305551301299403,-1.0782543659605963,25.51407860631703,0.2225389140129378,-0.019695554019433528,0.22340878026207955,12.810027602162211
2036,16.868938100000378,194.79940537516106,319.5156908419007,38.13095293971337,62.54350595952095,25.45261281243963,0.19574470910872432,-0.5286271092596877,-1.0796672993815122,25.607809617747787,-0.014733232611805758,-0.10515271946079592,0.1061798594517549,12.288031234053474
2037,16.88126249999914,194.76670009867308,319.48032499319004,38.12455105488091,62.53658328175269,26.342562662585586,0.19574470910872432,-0.5350289940921442,-1.0727446216132535,25.64976474337378,-0.3300652361617498,-0.03122483753065055,0.3315389126502758,8.621909999972253
2038,16.885289800000464,194.74054511133818,319.4867270612858,38.1194313544933,62.5378364527098,25.639189717575714,0.19574470910872432,-0.540148694479754,-1.0739977925703599,25.63940882025679,-0.4164760540631433,-0.029880618207359225,0.41754659015786516,-10.980531492970364
2039,16.89703449999979,194.72885652319587,319.4891057765519,38.11714337520749,62.53830207363761,25.404780387362802,0.19574470910872432,-0.5424366737655646,-1.0744634134981723,25.59538176405136,-0.512669181188893,0.053142548755837946,0.5154161617849761,-16.702519892210816
2040,16.90037929999926,194.71851860467592,319.48889936894267,38.115119782354014,62.53826167044018,25.35789852132022,0.19574470910872432,-0.5444602666190406,-1.074423010300741,25.33887157986106,-0.4105795873251975,-0.025512061925728184,0.41137144143928084,-16.118244982735327
2041,16.913508399999046,194.72034010038772,319.4860325204583,38.11547633050226,62.53770050001755,25.232477531412485,0.19574470910872432,-0.5441037184707938,-1.0738618398781128,25.28756984819878,-0.16270659642178156,0.027097433666599825,0.1649475899504939,-15.526851185367251
2042,16.917293900000004,194.72016604926685,319.48277521995834,38.11544226091624,62.537062900678706,25.06001174163406,0.19574470910872432,-0.5441377880568155,-1.0732242405392682,25.311515434483507,-0.1001120180792379,-0.008679415276366308,0.10048755352498775,-13.447848860342434
2043,16.92971579999903,194.71814270860577,319.48582899786066,38.115046202687104,62.53766066154588,25.382681059264314,0.19574470910872432,-0.544533846285951,-1.073822001406441,25.316304551740455,0.032492560418046934,-0.025893552485893506,0.04154807508008226,2.4671908537863607
2044,16.933351899999252,194.72033767910457,319.48988834077375,38.1154758565489,62.53845525644357,25.52450831878646,0.19574470910872432,-0.5441041924241574,-1.074616596304132,25.34047129853169,0.040901927361167295,-0.03599115534809376,0.05448239096395113,3.336283030616375
2045,16.94524040000033,194.72386188559645,319.49438218040825,38.11616570132349,62.53933490177561,25.38184410760495,0.19574470910872432,-0.5434143476495663,-1.0754962416361735,25.37478096624931,0.14774980198493204,-0.06505089620674248,0.1614361269477406,2.1379335226685074
2046,16.96090700000059,194.72940068258075,319.4950021002778,38.11724989152799,62.53945624781015,25.35331126536865,0.19574470910872432,-0.5423301574450647,-1.0756175876707132,25.381642594617055,0.17474486423909324,-0.07419997273142918,0.18984573614196332,2.3585737575717793
2047,16.96501840000019,194.74043275121159,319.4945162111046,38.119409360593004,62.53936113757528,25.23156008022217,0.19574470910872432,-0.5401706883800514,-1.0755224774358396,25.383015225466387,0.0863565728253733,-0.02389470206389205,0.08960141994893925,2.2124154419556685
2048,16.977795299999343,194.7471618682228,319.5006432129324,38.12072654964492,62.54056046576577,25.416989201103032,0.19574470910872432,-0.538853499328134,-1.0767218056263346,25.402036699878437,0.06335457267693533,-0.01686845430203765,0.0655617771999586,2.388688505916555
2049,16.981607499999882,194.7408561714014,319.50000058594793,38.11949224285489,62.54043467493363,25.531371473033108,0.19574470910872432,-0.5400878061181658,-1.076596014794191,25.424587943003036,0.025498524185512867,-0.21868763663563792,0.22016915577101165,3.651937880059844
2050,16.993941499998982,194.73726558703981,319.5024491821315,38.1187894049635,62.54091397468131,25.476951479665217,0.19574470910872432,-0.5407906440095545,-1.0770753145418723,25.471054063209987,-0.059523664027804304,-0.23788343434994305,0.2452174441539969,3.409860697025752
2051,16.99760620000052,194.73501753811738,319.52148631897035,38.11834936128111,62.54464039349409,25.46606748099164,0.19574470910872432,-0.541230687691943,-1.0808017333546545,25.49580627162638,-0.012527786056351964,-0.23958704822002347,0.2399143578409962,2.997390535126321
2052,17.009595399998943,194.74115031958794,319.52594805679337,38.1195498208061,62.545513755066374,25.463890681256924,0.19574470910872432,-0.5400302281669553,-1.0816750949269363,25.485297423758873,0.04309638289882167,-0.2302315805039714,0.2342303970032893,1.8074481046267235
2053,17.01325949999955,194.74747858941848,319.5278645776749,38.12078854614324,62.54588890388883,25.54075024318498,0.19574470910872432,-0.5387915028298167,-1.0820502437493928,25.483195654185373,0.07411825153222876,-0.18998667167359037,0.20393246584054084,0.05602350171633774
2054,17.02556259999983,194.74460890516713,319.52285054383276,38.12022682063422,62.54490743329294,25.478827233695593,0.19574470910872432,-0.5393532283388325,-1.081068773153504,25.482775300270674,0.08081440338169199,0.02107386576061543,0.08351691811863791,-1.6146948536131278
2055,17.029336499999772,194.74650073703395,319.51972020431754,38.12059713671268,62.544294685895125,25.466442631797715,0.19574470910872432,-0.5389829122603729,-1.0804560257556872,25.463944281245546,0.03463235046419455,-0.14894864822250714,0.15292187386370523,8.823849300775354
2056,17.041357000000062,194.74118298455147,319.5173583347708,38.119556214799886,62.54383236242774,25.46396571141814,0.19574470910872432,-0.5400238341731693,-1.0799937022883057,25.444719093065522,-0.04543078407773257,-0.11915794780328319,0.127524792360574,9.498869706935272
2057,17.044717099999616,194.73893801908707,319.5332015832044,38.119116774688095,62.54693359448372,25.369735586131288,0.19574470910872432,-0.54046327428496,-1.083094934344281,25.617146638437326,0.069659628607044,0.10542863430669352,0.12636320979401328,7.496834696733812
2058,17.05702679999922,194.7350236588245,319.5302730520511,38.11835055937715,62.546360350004996,25.444624302284854,0.19574470910872432,-0.5412294895959064,-1.0825216898655583,25.651632147511688,0.06489279004662629,0.09148508241144886,0.11216324934605412,8.681288836510772
2059,17.060517199999595,194.7444706363858,319.50882711311044,38.120199755251846,62.54216242092549,26.34096496055463,0.19574470910872432,-0.5393802937212087,-1.0783237607860556,25.61657337774453,0.17908226929994253,0.12267820620375651,0.21707234152463675,6.955621211893003
2060,17.073102299998936,194.74924708414528,319.5028705356018,38.1211347196291,62.540996452393784,25.638870177169522,0.19574470910872432,-0.5384453293439577,-1.0771577922543472,25.628308572033287,0.19501751820974997,0.3200899832657126,0.3748191961409318,-6.302058533881084
2061,17.076974999999948,194.75882971537226,319.4990239083145,38.12301046899112,62.540243495454376,25.288671862582344,0.19574470910872432,-0.5365695799819363,-1.0764048353149391,25.588699739309003,0.23755570277827007,0.3547193414791668,0.42691746642868983,-7.971844177585243
2062,17.089277400000356,194.75561776819853,319.4949952348911,38.122381747325925,62.539454903947025,25.428411557575068,0.19574470910872432,-0.5371983016471304,-1.0756162438075876,25.404505694932116,0.1225142950702186,0.05706922676686984,0.13515416804642394,-5.3501549532256
2063,17.093131399999038,194.7585798876063,319.4906692799142,38.12296156652774,62.53860812114845,25.246580138663454,0.19574470910872432,-0.5366184824453128,-1.0747694610090122,25.383125870431737,-0.024865686707162382,-0.1280439488481583,0.13043601961133486,-6.103832817295251
2064,17.10542859999987,194.755726972634,319.50860787173633,38.12240312351638,62.54211950558649,25.41999473867019,0.19574470910872432,-0.5371769254566772,-1.078280845447054,25.420805777113696,-0.16096360977934465,-0.19422887927893862,0.25225808454665954,-3.3780365622305637
2065,17.109381799999028,194.74234513427177,319.5254292506489,38.11978369945882,62.54541220150855,25.531971054667633,0.19574470910872432,-0.5397963495142335,-1.08157354136911,25.4095948102079,-0.18122668980156847,-0.19534251886701928,0.2664616534770917,-0.9057519632139955
2066,17.12105800000063,194.7306454876695,319.5335713629552,38.11749355553799,62.54700597691347,25.477071395992123,0.19574470910872432,-0.5420864934350647,-1.0831673167740306,25.449308793584553,-0.21080798401330753,-0.22252077282132865,0.3065216149976316,2.8479473449795774
2067,17.125196400000277,194.72742302963223,319.53233388077786,38.11686277642687,62.546763746324636,25.372356723046085,0.19574470910872432,-0.5427172725461844,-1.082925086185199,25.438504336841916,-0.2364995722075085,-0.2977350590492441,0.38023441853860546,3.990522616981531
2068,17.137196399999084,194.72757871883385,319.5271951034953,38.11689325176435,62.54575785786029,25.44515005554672,0.19574470910872432,-0.5426867972087024,-1.0819191977208504,25.5971570441262,-0.06963188962262211,-0.07026971621874062,0.09892640228917338,4.660795198785877
2069,17.140811600000234,194.72436751906395,319.5394144374949,38.1162646763995,62.548149727839544,25.365972454957003,0.19574470910872432,-0.5433153725735522,-1.0843110677001064,25.62888758558306,-0.10307019835209359,-0.10037251669478234,0.14386837003311143,4.038853383058124
2070,17.153123599999162,194.73516902820347,319.5202677329089,38.11837901466395,62.54440186171997,26.32523459108906,0.19574470910872432,-0.541201034309104,-1.0805632015805315,25.63523369387443,-0.06527910347293722,-0.11236264759501478,0.12994893583555014,4.8846670047871585
2071,17.15747670000019,194.7270890710157,319.52665049035613,38.11679740579462,62.545651252719786,25.63572410327641,0.19574470910872432,-0.5427826431784339,-1.0818125925803486,25.636502915532702,-0.06447942675386392,-0.16549576533850988,0.17761318875434343,0.045786575619872316
2072,17.16921799999909,194.72928050750002,319.52673555960075,38.117226367891774,62.54566790457433,25.40408726450294,0.19574470910872432,-0.5423536810812806,-1.0818292444348927,25.655503708106547,-0.06514703614493444,-0.20266304701727075,0.21287660027535643,-3.734409146031489
2073,17.18493540000054,194.7298054784375,319.5413365998611,38.11732912817522,62.548525980952775,25.45149616383809,0.19574470910872432,-0.5422509207978337,-1.0846873208133374,25.483031283613503,-0.11050264138128282,-0.278715744682474,0.299822114071238,-3.656873020268682
2074,17.188342600000396,194.72672093137695,319.5560876289692,38.11672534440812,62.551413416854594,25.460976417826217,0.19574470910872432,-0.5428547045649381,-1.0875747567151564,25.44853679871489,-0.11396746352621329,-0.27707901780060573,0.2996020107541789,-3.6205221965377987
2075,17.201461599999675,194.7230315512036,319.5611715654454,38.116003167759295,62.55240857052126,25.46287246862384,0.19574470910872432,-0.5435768812137596,-1.0885699103818212,25.46038484997736,-0.14398407072540503,-0.3041618507651067,0.3365201986263432,-3.9360463789711524
2076,17.20646730000044,194.71329725547668,319.5683019245645,38.11409773087385,62.55380430059286,25.463251678783365,0.19574470910872432,-0.5454823180992037,-1.0899656404534213,25.46275415505407,-0.22510384633193742,-0.2956305412632188,0.37157658505483926,-4.195782438877147
2077,17.21811979999984,194.70653781484572,319.5764474293833,38.112774606133804,62.55539874006416,25.46332752081527,0.19574470910872432,-0.5468054428392506,-1.0915600799247258,25.46322801606941,-0.16806834480616847,-0.09559951161920421,0.1933552046046744,-2.3103491768433213
2078,17.22153090000029,194.69958367246142,319.5788729047091,38.11141336955569,62.55587351402627,25.46334268922165,0.19574470910872432,-0.5481666794173634,-1.0920348538868296,25.421366916690452,-0.08042061979815483,-0.2867317286572126,0.29779617241911077,-2.595361996537645
2079,17.23354560000007,194.70621076796886,319.56950002549365,38.112710588438034,62.55403882251073,25.46334572290293,0.19574470910872432,-0.5468694605350208,-1.0902001623712891,25.41299469681466,-0.011536087943689335,-0.25347527244400003,0.25373765007504223,-2.69528500526969
2080,17.2367536999991,194.71249095493167,319.58640576809216,38.113939901808216,62.55734803217794,25.253566971729025,0.19574470910872432,-0.5456401471648391,-1.093509372038504,25.411320252839502,0.01720829632968822,-0.07742141707750066,0.0793107892083963,7.074106759042281
2081,17.249478600000657,194.71013567818605,319.59372210852695,38.11347886884678,62.55878016710808,25.421390579404402,0.19574470910872432,-0.5461011801262785,-1.0949415069686452,25.41098566922025,0.1871050776581607,-0.0397088790729819,0.19127233245479872,10.68984892785565
2082,17.253082900000663,194.71069126817932,319.58003300515907,38.11358762264839,62.55610059755138,25.454955300939478,0.19574470910872432,-0.5459924263246663,-1.0922619374119407,25.58719133550421,0.35576433961610765,0.23630541836507832,0.4270931000275934,9.415757280433027
2083,17.266377399999328,194.74128289394912,319.5766793938679,38.119575771535864,62.55544414588473,25.461669771125397,0.19574470910872432,-0.5400042774371911,-1.0916054857452906,25.664388340343034,0.2593581246607049,0.4584110266202279,0.5266946991897005,9.431456756444682
2084,17.27012939999986,194.7595165853037,319.5472994261037,38.12314492014604,62.54969317264109,26.34437405432274,0.19574470910872432,-0.5364351288270157,-1.0858545125016548,25.637871869728766,0.2529675269460252,0.28164655679919004,0.3785727838157774,9.38147563871416
2085,17.282088699999804,194.75347777913842,319.5424721343579,38.12196285578986,62.54874825582254,25.639551995923146,0.19574470910872432,-0.5376171931831948,-1.0849095956831007,25.632568575605912,0.2301007572667725,0.09691402434888906,0.24967716477531385,-0.39953642146223706
2086,17.285930000000008,194.75213973897405,319.56202489394104,38.12170094150711,62.55257560505941,25.288808226333067,0.19574470910872432,-0.5378791074659475,-1.0887369449199724,25.63150761160556,0.4013298596383442,-0.15857779682275563,0.4315235496267756,-1.5632739212070155
2087,17.29810019999968,194.7469071576439,319.5732302225087,38.120676691396746,62.55476898884035,25.42843883032521,0.19574470910872432,-0.5389033575763094,-1.0909303287009138,25.631295418805493,0.1445890875106165,-0.33053385923112855,0.36077504947733874,0.2268113919077678
2088,17.301636700000017,194.77051280015317,319.59541784615453,38.12529737102305,62.55911209877672,25.45636495112364,0.19574470910872432,-0.534282677950003,-1.0952734386372853,25.631252980245478,0.022228787158107305,-0.307469105328367,0.3082715843374911,10.26997771510856
2089,17.313956800000597,194.7495892596086,319.55305978380426,38.12120169866563,62.55082073218356,26.343313090322386,0.19574470910872432,-0.5383783503074255,-1.0869820720441226,25.65445341587332,0.019692318810017304,-0.1190379890233327,0.12065583388644925,9.751086197871878
2090,17.317591600000014,194.73639328658183,319.54945116421277,38.1186186567641,62.55011436399134,25.639339803123075,0.19574470910872432,-0.5409613922089562,-1.0862757038519035,25.8353660860067,-0.2236127191805523,0.380897485706581,0.44168489084064855,-0.5009448320338379
2091,17.32987089999915,194.73132045909662,319.55285198783054,38.11762567762364,62.550780057221125,25.404810404472276,0.19574470910872432,-0.5419543713494122,-1.086941397081688,25.80011643009197,-0.43792337724142094,0.6417838314109551,0.7769577662878834,-1.094424905059999
2092,17.33344600000055,194.70756461184448,319.51048930311,38.112975596213644,62.54248778582344,26.333002180992114,0.19574470910872432,-0.5466044527594107,-1.0786491256840023,25.616793915901212,-0.06520692770676523,0.19883685478215624,0.2092559156645651,-0.00847815784864614
2093,17.345751999999266,194.72233945618376,319.50568934237907,38.11586769382097,62.541548218906435,25.280116671549987,0.19574470910872432,-0.5437123551520884,-1.0777095587669976,25.58012941306306,0.17582851679551226,0.060902371385610915,0.18607731231641492,-12.780635247413436
2094,17.349426799999492,194.75108428421197,319.5346330899893,38.12149434182172,62.54721380436292,25.426700519368595,0.19574470910872432,-0.5380857071513319,-1.0833751442234814,25.607002750288398,0.48258815913951525,-0.27041533956748987,0.5531869369526606,-0.30597777263651693
2095,17.36155719999988,194.7817308794026,319.56532941507544,38.12749325068249,62.55322244758761,25.456017288932316,0.19574470910872432,-0.5320867982905639,-1.0893837874481704,25.436104834725654,0.8218956310033817,-0.8019363415706721,1.1483093329735679,13.423307880002723
2096,17.36514569999963,194.80836683239949,319.5966927663665,38.1327070975537,62.559361657662755,25.539177090598965,0.19574470910872432,-0.5268729514193566,-1.095522997523318,25.649630024562324,0.8333736925750465,-0.5379860274301851,0.9919378393761779,25.419022592499065
2097,17.37775320000037,194.83386279574637,319.61847250799786,38.13769779748248,62.563624926852846,25.47851260317839,0.19574470910872432,-0.5218822514905739,-1.0997862667134086,25.86860764553747,0.5274772024736686,-0.11250234515195454,0.5393412433646597,24.68256610534102
2098,17.38161410000066,194.83963024971786,319.59093557084714,38.13882674608243,62.55823471710053,26.34774262073334,0.19574470910872432,-0.5207533028906255,-1.094396056961095,26.08867575274031,0.510715113594922,0.03319130399108342,0.5117925262397865,27.616474206054477
2099,17.39373709999927,194.83973315447048,319.5546629088251,38.138846889143295,62.551134535424424,26.521588624244327,0.19574470910872432,-0.52073315982976,-1.0872958752849868,26.132689374180877,0.04391339416028814,0.3369936773601568,0.3398427941966672,15.813223822402659
2100,17.408884399999806,194.87151623539495,319.5366225753508,38.14506825907343,62.54760323559628,26.556357824946524,0.19574470910872432,-0.5145117898996219,-1.08376457545684,26.14149209846899,-0.021353903544699834,0.3277145877890904,0.3284095617462588,12.34459727774428
2101,17.41250410000066,194.85522341920029,319.5401691326072,38.14187902650685,62.54829745541477,25.759245197801807,0.19574470910872432,-0.5177010224662055,-1.0844587952753315,26.14325264332662,0.20282380977566775,0.09492233078953671,0.22393692570550863,-7.8735022859779455
2102,17.42620220000026,194.86008805084498,319.5670796366674,38.14283125241306,62.55356504420401,25.522526224618957,0.19574470910872432,-0.5167487965599946,-1.0897263840645692,26.14360475229814,0.19316999959306017,0.07035075991407252,0.20558180406658155,-6.489949456187061
2103,17.430198500000188,194.88894169044562,319.562340282702,38.14847919970342,62.55263734074068,26.356545345021452,0.19574470910872432,-0.5111008492696385,-1.0887986806012435,25.967402591084632,0.1368929314225954,-0.1550192057361936,0.20681061099603115,-4.80471003644532
2104,17.442102999999406,194.8861071877481,319.53419316393723,38.147924360797425,62.54712769116582,26.523349169101948,0.19574470910872432,-0.5116556881756296,-1.083289031026382,26.092975452298965,0.39137058141093667,-0.10085344837338803,0.40415634356364893,-4.765228270903105
2105,17.446607500000027,194.88908355963235,319.5547595336601,38.1485069698461,62.55115344922465,25.675347018878988,0.19574470910872432,-0.5110730791269518,-1.0873147890852124,26.13354900891683,0.3871188390018394,-0.23441488830558543,0.4525608637182983,-4.676203768284548
2106,17.45847479999975,194.91280738893153,319.54996765441115,38.153150783911215,62.55021546421498,26.387109503873457,0.19574470910872432,-0.5064292650618398,-1.0863768040755417,26.141663720240405,0.05964787792040243,-0.20633479951428424,0.21478342308243228,7.022529172741054
2107,17.46192180000071,194.9136571694985,319.5684992988567,38.1533171239611,62.55384293556628,25.725394007708285,0.19574470910872432,-0.5062629250119528,-1.0900042754268426,26.143286662505115,-0.13886955452809,0.08321871243789691,0.16189535902752597,7.179685871802491
2108,17.474183500000436,194.89962172035314,319.54516284961653,38.15056975905093,62.549274949098134,26.397118901639317,0.19574470910872432,-0.5090102899221236,-1.0854362889586966,26.31988383396587,-0.11253346203332279,0.29737247443784853,0.3179530918712604,7.899639376152733
2109,17.477299700000003,194.88307803751016,319.5147468281268,38.147331420665246,62.54332117381938,26.531463880425523,0.19574470910872432,-0.5122486283078089,-1.0794825136799417,26.355203268258023,-0.2899424903920862,0.5062915984315219,0.5834362264867605,9.42121774291975
2110,17.490615799999432,194.90083466440683,319.5027025151372,38.15080718643189,62.54096356327681,26.558332876182764,0.19574470910872432,-0.5087728625411643,-1.0771249031373742,26.523080753749266,-0.35060069230843083,0.7910997894112757,0.8653090328048793,9.437928338781212
2111,17.49466509999911,194.89057960726382,319.4794582825929,38.148799813254534,62.53641362773897,26.563706675334213,0.19574470910872432,-0.5107802357185207,-1.072574967599536,26.556656250847514,-0.14947680771819552,0.7453234245142791,0.7601646684602716,6.6171793222301885
2112,17.50677790000009,194.87479791695267,319.45645819857793,38.145710630875335,62.531911482983986,26.5647814351645,0.19574470910872432,-0.5138694180977197,-1.0680728228445489,26.563371350267165,0.14141884349641495,0.3558839907302029,0.38295261345748594,4.3551788514950145
2113,17.511275700000624,194.89275648607412,319.4531572132187,38.14922592576402,62.53126533256507,26.56499638713056,0.19574470910872432,-0.5103541232090336,-1.0674266724256327,26.564714370151094,0.3151595290775099,0.2829903354808927,0.4235670652257396,1.8365365574401902
2114,17.52240560000064,194.91636920574706,319.4552387661953,38.15384799070767,62.531672785546974,26.56503937752377,0.19574470910872432,-0.5057320582653873,-1.0678341254075363,26.56498297412788,0.36503372940727263,0.10203388139128208,0.37902577294526046,0.17839134501818057
2115,17.52627190000021,194.938683213302,319.45894061195895,38.15821583962556,62.53239740226915,26.565047975602415,0.19574470910872432,-0.5013642093474928,-1.06855874212971,26.565036694923236,0.53118472441067,0.006099790771843867,0.5312197463335674,0.06761847153671142
2116,17.537542800000665,194.92449776865755,319.446339156896,38.155439113890054,62.5299307341135,26.565049695218143,0.19574470910872432,-0.5041409350830008,-1.0660920739740618,26.565047439082306,0.42841394986303205,-0.04160267406126013,0.43042919850573796,0.00790660890980673
2117,17.541706599999088,194.93674425417612,319.4486361808256,38.157836298635495,62.53038036439441,26.565050039141287,0.19574470910872432,-0.5017437503375604,-1.0665417042549734,26.565049587914125,0.17617140668217085,0.061836706179230996,0.18670871100050843,0.0030839882177978845
2118,17.55380259999947,194.95328701569247,319.4544976072181,38.16107445667637,62.53152770759858,26.565050107925916,0.19574470910872432,-0.4985055922966879,-1.0676890474591403,26.565050017680484,-0.021267807856738482,0.08607541026348015,0.08866394928637891,0.0003053386882982023
2119,17.55800679999993,194.93511817115944,319.4441755492655,38.157518001488405,62.52950721936724,26.565050121682845,0.19574470910872432,-0.5020620474846496,-1.0656685592278023,26.56505010363376,0.15164631263009914,-0.023270147213186328,0.15342132800112612,0.00011484137223666457
2120,17.570471999999427,194.94419442926448,319.44839282530467,38.15929463099097,62.53033272883876,26.56505012443423,0.19574470910872432,-0.5002854179820844,-1.0664940686993205,26.565050120824417,0.08340932133391538,-0.02858334214566384,0.08817098351272051,1.1638807570225824e-05
2121,17.574886500000503,194.95813646742354,319.4557871711699,38.1620237111948,62.5317801329192,26.565050124984506,0.19574470910872432,-0.49755633777825636,-1.067941472779765,26.565050124262545,-0.1750411669473656,0.08025425300077645,0.1925620815503617,4.539379622715263e-06
2122,17.586000100000092,194.97145245181682,319.46342646808546,38.16463024468636,62.53327548487173,26.56505012509456,0.19574470910872432,-0.49494980428669777,-1.0694368247322927,26.565050124950172,0.011560821031129289,-0.029950778126711958,0.0321045431879871,4.509134584079618e-07
2123,17.590233299999454,194.9492954554835,319.4537090950487,38.16029312988437,62.53137336051335,26.56505012511657,0.19574470910872432,-0.49928691908868217,-1.067534700373912,26.565050125087694,0.07075206880476288,-0.07553974831515195,0.10349931794785125,1.7532563211006447e-07
2124,17.602246000000378,194.954639537699,319.45803176594967,38.161339205703094,62.532219500471435,26.565050125120973,0.19574470910872432,-0.49824084326996143,-1.0683808403319972,26.565050125115203,-0.017461100267707357,-0.034055779098028593,0.038271217808330205,1.95792456852694e-08
2125,17.607016300000396,194.96532538125092,319.46520069051087,38.16343090304075,62.533622779524286,26.565050125121854,0.19574470910872432,-0.4961491459323071,-1.069784119384849,26.565050125120703,0.01427229448731264,-0.06273842395633096,0.0643413415344823,-5.551380853494247
2126,17.618706600000223,194.97590470957056,319.47239453297925,38.16550175058524,62.53503093612564,26.56505012512203,0.19574470910872432,-0.49407829838781225,-1.0711922759861991,26.565050125121804,0.24566628099380494,-0.17227376803903602,0.3000502837387339,-6.0018593911091305
2127,17.623293399999966,194.98511845034187,319.4789079594167,38.16730529159233,62.536305904888934,26.565050125122067,0.19574470910872432,-0.4922747573807271,-1.0724672447494967,26.437734756469677,0.23682362318024378,-0.2696783014789279,0.3589036288264269,-6.07246022678174
2128,17.634598299999197,194.9927662764038,319.4845875245221,38.168802313080135,62.53741764970836,26.565050125122074,0.19574470910872432,-0.4907777358929195,-1.0735789895689223,26.412271682739252,0.18952316760951726,-0.2880432463905362,0.3448013092375728,-6.119795959177353
2129,17.649024799999097,194.99592563892517,319.52567263796647,38.169420741577845,62.54545984328822,25.928473281860352,0.19574470910872432,-0.49015930739520996,-1.0816211831487834,26.40717906799317,0.16554595368222486,-0.26379705951276883,0.31143916161610224,-6.122849634765282
2130,17.653328200000033,195.00036614483872,319.5341586380072,38.17028994711619,62.5471209328977,26.43773475646973,0.19574470910872432,-0.4892901018568665,-1.083282272758261,26.406160545043953,-0.17347895987917594,-0.04461753337026006,0.17912474369781248,4.9636546376826285
2131,17.666669799999,195.00426862971554,319.53410576057604,38.17105383788321,62.54711058242031,26.539587051391607,0.19574470910872432,-0.48852621108984806,-1.083271922280872,26.405956840454106,-0.32241320203271673,0.05062812953032571,0.3263640304088808,5.86194031551386
2132,17.671268599999166,194.97368144575896,319.5148893551831,38.16506655845717,62.54334907273655,26.55995751037598,0.19574470910872432,-0.4945134905158852,-1.0795104125971093,26.533231468188486,-0.3272715845181534,0.194157654060817,0.38053105610898924,-0.2646894255080827
2133,17.68263730000035,194.93812250987725,319.49294200432314,38.15810608489679,62.53905299492676,26.564031602172854,0.19574470910872432,-0.5014739640762684,-1.0752143347873258,26.558686393735357,-0.4506677933402967,0.3251210738454761,0.5557024137185729,-0.7018481950920328
2134,17.687244400000054,194.93855971072128,319.48917178037766,38.158191664648825,62.538314993537284,26.56484642053223,0.19574470910872432,-0.5013883843242297,-1.0744763333978469,26.41593008880567,-0.440784111749091,-0.060752884752440006,0.44495117280009316,-0.9691791114282895
2135,17.699030399999174,194.91357211762173,319.4729856941178,38.15330047550623,62.53514665279074,26.565009384204107,0.19574470910872432,-0.5062795734668271,-1.071307992651306,26.387378827819735,-0.13891718663281793,-0.2535166397207092,0.2890824646312139,-6.524593016904261
2136,17.70325419999972,194.9158739559191,319.5146010988224,38.15375104817416,62.54329264807909,25.825805526743167,0.19574470910872432,-0.5058290007988973,-1.079453987939651,26.381668575622548,0.0896556507183444,-0.3290273479963663,0.34102365231058634,-12.205716895161947
2137,17.714511199999833,194.92780195455595,319.5229907898423,38.15608589079758,62.544934885707285,26.417201205446293,0.19574470910872432,-0.5034941581754779,-1.0810962255678476,26.38052652518311,0.013211502963153668,-0.2962568204604924,0.29655125607541416,-3.8688591175795484
2138,17.7193855000005,194.94101497228155,319.5229824997067,38.15867226910873,62.5449332629571,26.53548034118692,0.19574470910872432,-0.5009077798643276,-1.0810946028176645,26.25298274644288,0.12894098343143778,-0.6134959903513983,0.626899599126933,-2.341854737158964
2139,17.730820999999196,194.91977064980867,319.50405189934077,38.15451380538606,62.54122769809522,26.559136168335044,0.19574470910872432,-0.5050662435869953,-1.0773890379557827,26.375321280733893,0.1503382164909432,-0.23951817549033783,0.2827906217113608,-1.9848541944599256
2140,17.735515000000305,194.92369495127053,319.53564279661254,38.15528196663416,62.547411449092166,25.927290490502948,0.19574470910872432,-0.5042980823388916,-1.0835727889527291,26.399788987592096,0.22746729114473715,-0.17894640535539671,0.28941870107223994,-1.9194401029388248
2141,17.746814399999494,194.9360285656985,319.5390315487625,38.157696206402626,62.548074779396,26.43749819819825,0.19574470910872432,-0.5018838425704288,-1.0842361192565662,26.404682528963736,0.16303692846410872,-0.1618474450501663,0.22972948333263082,5.565271229262316
2142,17.751152299999376,194.94917132599494,319.5355528701008,38.16026883219374,62.54739384645328,26.539539739737307,0.19574470910872432,-0.49931121677931145,-1.0835551863138448,26.405661237238064,0.320731848856029,-0.18622547664354316,0.3708757838167942,4.475290968151924
2143,17.762479600000006,194.96123463447725,319.53058621557204,38.1626301610035,62.546421650107305,26.559948048045122,0.19574470910872432,-0.4969498879695564,-1.082582989967868,26.533172347545275,0.3190060226663993,0.09341952136650944,0.33240344382960746,1.111667957883295
2144,17.76733880000029,194.97178067400017,319.5255680016469,38.164694492442166,62.545439361282284,26.564029709706684,0.19574470910872432,-0.49488555653088895,-1.0816007011428468,26.55867456960672,0.34052328721442193,0.14136428072293117,0.36870037835568786,-0.12434409478816111
2145,17.778688099999272,194.98076865482818,319.52088022062657,38.166453842134814,62.5445217529501,26.564846042038997,0.19574470910872432,-0.49312620683824093,-1.0806830928106592,26.42695952329635,0.19805195116184438,0.00844776879047951,0.1982320361509486,-0.2595908854046189
2146,17.783271899999818,194.98829137635352,319.51664125876994,38.167926375071495,62.54369199859455,26.56500930850546,0.19574470910872432,-0.4916536739015598,-1.0798533384551092,26.400616514034276,0.1867222205079631,-0.016939852850096325,0.18748905633664945,-2.5603481624063225
2147,17.794963899999857,194.98116555649074,319.5469612180128,38.1665315335353,62.549626970196734,25.880964508185468,0.19574470910872432,-0.4930485154377564,-1.0857883100572963,26.39534791218186,0.11905881772715912,-0.03710487771231636,0.12470675213730349,-3.6136584967714707
2148,17.799233199999435,194.98447672237464,319.5478578582141,38.16717967673805,62.54980248277211,26.428233001734753,0.19574470910872432,-0.49240037223500366,-1.0859638226326709,26.394294191811376,0.12821875803614025,0.006775057220212752,0.12839762970034702,4.60107905354885
2149,17.81073859999924,194.98956171599406,319.5419022086942,38.168175037334905,62.54863669588928,26.53768670044461,0.19574470910872432,-0.4914050116381503,-1.0847980357498415,26.39408344773728,0.020136592746144565,-0.12086478625457166,0.12253072644764404,6.227535992191934
2150,17.815380000000005,194.99432341239697,319.5347828031501,38.16910711421216,62.54724310992203,26.55957744018658,0.19574470910872432,-0.49047293476089493,-1.0834044497825914,26.530856789645117,0.053514127018612495,-0.0018817113361475797,0.05354720000258443,6.556054482307371
2151,17.82684800000061,194.9814833799547,319.5615674048891,38.1665937457968,62.55248605399802,26.563955588134974,0.19574470910872432,-0.49298630317625225,-1.0886473938585794,26.558211458026683,0.03718847519007369,0.03634779999908216,0.05200139663255213,4.614292331918605
2152,17.83143779999955,194.98259923854337,319.559520269191,38.166812169211646,62.55208533801629,26.564831217724652,0.19574470910872432,-0.49276787976140923,-1.0882466778768531,26.563682391702997,0.05456884652997275,0.09469406433815486,0.10929192482745617,3.666054575958209
2153,17.84255680000024,194.9865860889327,319.5509976210087,38.16759257408137,62.55041707472701,26.56500634364259,0.19574470910872432,-0.4919874748916868,-1.0865784145875708,26.452985806953887,0.032000244689250584,-0.08513408777260852,0.09094959351776193,-2.3043398445046432
2154,17.847208400000454,194.99070703859059,319.5416571811311,38.1683992281734,62.54858873304021,26.56504136882618,0.19574470910872432,-0.49118082079965575,-1.0847500729007749,26.430846490004065,0.08442686396996911,0.012795695774330743,0.0853910135210544,-1.3625078905783146
2155,17.858743799999502,194.99589148132733,319.5769502449898,38.169414055408794,62.5554971635588,26.006094516441017,0.19574470910872432,-0.49016599356426127,-1.0916585034193602,26.426418626614097,0.09828917384057154,0.10690578361597719,0.14522261623042132,-0.5164993450561715
2156,17.87330219999967,194.9990873112498,319.57453541280995,38.170039622207334,62.5550244729362,26.453259003385863,0.19574470910872432,-0.4895404267657213,-1.0911858127967662,26.529702670635324,0.008002009124467552,0.09030762711158923,0.09066145633373593,3.204251545653376
2157,17.877112000000125,195.00136255657222,319.56367779851496,38.170484989441114,62.55289915238441,26.542691900774834,0.19574470910872432,-0.489095059531941,-1.0890604922449754,26.55035947943957,-0.22048718919929688,-0.22695077657573118,0.31641942985432164,5.363517708197213
2158,17.890516299999945,194.9752551899243,319.5590865638866,38.16537461055103,62.552000442497636,27.081426563748717,0.19574470910872432,-0.49420543842202846,-1.088161782358199,26.666281612684795,-0.23390168281945684,-0.0868402792025533,0.24950196656088947,7.1054144627982
2159,17.894356799999514,194.95624284411193,319.5824977762255,38.16165304445051,62.5565830634468,26.668325412847402,0.19574470910872432,-0.4979270045225448,-1.092744403307364,26.689466039333837,-0.17958328809485158,0.04133482658110245,0.1842789332817191,8.466973624853162
2160,17.9067529999993,194.95756657040297,319.5760596247204,38.16191215686829,62.55532282935324,26.58570518266714,0.19574470910872432,-0.49766789210476503,-1.0914841692137998,26.792672260601147,-0.23969037102928767,-0.05710245218157596,0.24639838475385092,7.548134169483588
2161,17.910441300000457,194.9634936628644,319.5633722059848,38.16307235385801,62.552839334263496,26.569181136631087,0.19574470910872432,-0.4965076951150422,-1.0890006741240583,26.84394796530383,-0.227747236490689,0.033385266143454634,0.2301811889026015,5.9311122499270645
2162,17.92282940000041,194.95187195087234,319.55921615940633,38.16079746522478,62.55202581013495,27.058723007111375,0.19574470910872432,-0.4987825837482731,-1.0881871499955125,26.854203106244366,-0.014122839936448379,0.30872732630642236,0.3090501846240878,4.730709020113277
2163,17.92647229999966,194.94588806218098,319.5495483025469,38.15962615067355,62.55013337830629,27.33780508726212,0.19574470910872432,-0.499953898299502,-1.0862947181668545,26.856254134432476,0.060601463826757046,0.3858097864506028,0.39054030360387326,-1.7504223685086164
2164,17.93825680000009,194.9518536378597,319.5385024931172,38.16079388054945,62.547971219552615,26.719601117550084,0.19574470910872432,-0.49878616842360657,-1.0841325594131774,26.856664340070093,0.025610799312004655,0.2816031236695927,0.28276533079900673,-7.2582704537059115
2165,17.94234680000045,194.96009704593953,319.5283252692754,38.1624074840661,62.54597908183216,26.595960323607677,0.19574470910872432,-0.49717256490695405,-1.0821404216927206,26.758177045260116,0.13832401913915737,0.3458952224416258,0.3725279038927846,-9.07053386752489
2166,17.953676400000404,194.96817749024464,319.51950960101027,38.163989188286074,62.544253461412005,26.571232164819193,0.19574470910872432,-0.4955908606869812,-1.0804148012725676,26.60367550914968,0.22342304938232593,0.2618581087303369,0.3442201738758584,-9.286097852075311
2167,17.957429399999455,194.9754618835475,319.5120871780846,38.16541506973417,62.54280056139553,26.566286533061497,0.19574470910872432,-0.4941649792388816,-1.0789619012560934,26.5727752019276,0.2585963843477138,0.2743652987789354,0.3770257380760165,-4.2868295285964
2168,17.96943420000025,194.98183773040836,319.50599725838833,38.16666310802327,62.541608491836094,26.56529740670996,0.19574470910872432,-0.4929169409497831,-1.0777698316966564,26.56659514048318,0.1946360288905289,0.1894160805277104,0.2715909337675963,2.4913248614847108
2169,17.9733226999997,194.98729979515093,319.501110215476,38.16773227829744,62.54065187904282,26.56509958143965,0.19574470910872432,-0.49184777067561214,-1.076813218903382,26.663928769307578,0.12543580868211407,0.07798475935416004,0.14770160727379433,10.981493895236639
2170,17.98535400000037,194.99189254522327,319.49727920181823,38.16863128482436,62.53990197838879,26.56506001638559,0.19574470910872432,-0.4909487641486976,-1.0760633182493535,26.781964831009958,-0.004430323867216569,-0.026811319621226362,0.027174889685148428,14.728436245946769
2171,17.989594200000283,194.98742168366908,319.5060489264311,38.167756137329974,62.5416186055821,27.057900308941182,0.19574470910872432,-0.49182391164308115,-1.0777799454426642,26.904141379287935,-0.18793714292137956,-0.10302514370554688,0.21432347030831606,22.96719775752885
2172,18.001307599999564,194.97130076393483,319.5142380616859,38.16460055258602,62.543221585480396,27.156466841573394,0.19574470910872432,-0.49497949638703176,-1.0793829253409584,27.02714633005681,-0.26950243832757015,-0.19816826266826187,0.3345178987639719,16.890153667636632
2173,18.005226199999015,194.95501391168682,319.5198787903238,38.16141248743044,62.544325728266784,27.17618014809984,0.19574470910872432,-0.49816756154261554,-1.080487068127347,27.186551092183244,-0.5138745076186197,-0.20033679298810214,0.5515449575556254,14.25199085020613
2174,18.017681899998934,194.94655911146663,319.53449545441686,38.159757505020764,62.54718686292782,27.18012433528403,0.19574470910872432,-0.4998225439522912,-1.083348202788386,27.11986240349525,-0.5119544142393901,-0.21050108007322016,0.5535413507328872,6.82402807640583
2175,18.021627899999658,194.92343405887252,319.53345754280343,38.15523089832761,62.54698369722097,27.36208382701775,0.19574470910872432,-0.5043491506454458,-1.083145037081536,27.106524665757647,-0.5409709683322687,-0.2452338938867468,0.5939606479298175,-0.5353507049550954
2176,18.033787099999245,194.91120977204235,319.5617625180251,38.152838058857974,62.55252424636207,26.72445686550121,0.19574470910872432,-0.5067419901150814,-1.0886855862226312,27.00528778227263,-0.3416269970771749,-0.1634282164742831,0.3787054093512967,-11.471208451581157
2177,18.03830559999915,194.9016420121024,319.56893031456485,38.15096522047171,62.55392730461069,27.0897781528854,0.19574470910872432,-0.5086148285013437,-1.0900886444712512,26.886470764462345,-0.34251270444028453,-0.3937184878400445,0.5218517034273712,-12.310669750425546
2178,18.049631599998975,194.91223911630686,319.5615669902623,38.15303954755161,62.55248597283701,26.66999573067474,0.19574470910872432,-0.5065405014214477,-1.0886473126975744,26.72790358892763,-0.07453060178999588,-0.3853127524247961,0.3924547461610716,-13.331479721284206
2179,18.052951899999243,194.90991021242633,319.58499471387415,38.15258367693897,62.5570718257805,26.58603924623261,0.19574470910872432,-0.506996372034088,-1.0932331656410597,26.696190153820687,0.11374163442134301,-0.16866982139604184,0.20343713537751926,-5.689830276085768
2180,18.065317599999617,194.9220881488097,319.5790871184099,38.15496744355388,62.55591544522482,26.56924794934418,0.19574470910872432,-0.504612605419176,-1.092076785085382,26.5912781308618,0.24144565853398028,-0.06503985334129353,0.2500523716095578,-0.050773183657669196
2181,18.069126599999436,194.93657672470243,319.5668756614384,38.1578035056274,62.55352511713214,26.565889689966497,0.19574470910872432,-0.501776543345656,-1.0896864569927018,26.705099803418456,0.20373887209255942,-0.1072195381317785,0.23022935815994489,4.0762620303505255
2182,18.081110299999636,194.95029255764047,319.554163983719,38.16048830735604,62.551036873474665,26.565218038090958,0.19574470910872432,-0.49909174161701486,-1.0871982133352276,26.72786413792979,0.3440569183289132,0.2701738334559544,0.43745749888906266,7.304056194365638
2183,18.09665270000005,194.94986485693943,319.56080509505085,38.16040458720673,62.55233683588048,27.239104093458035,0.19574470910872432,-0.49917546176632754,-1.0884981757410443,26.830986340769556,0.2758861715831305,0.24607888589550694,0.36968635051130905,9.064009795276306
2184,18.09978349999983,194.95889031701807,319.5527150066729,38.16217127326439,62.55075324388427,26.699860918789266,0.19574470910872432,-0.4974087757086636,-1.0869145837448357,26.851610781337506,0.011199465933892594,-0.16766430822402062,0.16803793705423728,-4.808203648903097
2185,18.11285130000033,194.94900450064125,319.5545148112385,38.16023617701341,62.55110554610542,27.084858963543013,0.19574470910872432,-0.49934387195964547,-1.087266885965981,26.855735669451096,0.09043378912765848,-0.24170190204392056,0.25806603741607453,-5.599280686986559
2186,18.116244999999253,194.93896850186928,319.57950089519244,38.15827168335318,62.55599643984075,26.66901189280626,0.19574470910872432,-0.5013083656198773,-1.09215777970131,26.72175656992538,0.5588928871591364,-0.2861804455398542,0.6279016696318498,-12.029299201470431
2187,18.129279400000087,194.98026748557476,319.5903250528997,38.16635574090509,62.5581152114425,26.58584247865891,0.19574470910872432,-0.49322430806796547,-1.0942765513030608,26.694960750020236,0.5384440148251332,-0.5117782570889016,0.7428586282260993,-13.693642373661838
2188,18.133352599999853,195.02889560674527,319.5966932017015,38.17587443833811,62.55936174287727,26.56920859582944,0.19574470910872432,-0.4837056106349422,-1.0955230827378344,26.59103225010171,0.45011876435841525,-0.7206464390791544,0.8496694605462832,-7.852107300390878
2189,18.145338899999842,195.05718880647146,319.634791891734,38.18141268248827,62.566819359875105,26.56588181926355,0.19574470910872432,-0.478167366484783,-1.1029806997356673,26.570246550118004,0.6549448099657149,-0.4366203083149592,0.7871403926454774,0.4628694949352804
2190,18.14976410000054,195.0438572907292,319.6590107781093,38.17880310881733,62.57156007874357,26.56521646395037,0.19574470910872432,-0.480776940155728,-1.107721418604136,26.700893182093917,0.2500465521026403,-0.19679882910399443,0.3182028556677668,1.1425964505692874
2191,18.162229699999443,195.07221310197917,319.6603505338828,38.184353608841995,62.571822328847745,26.565083392887733,0.19574470910872432,-0.47522644013105975,-1.1079836687083073,26.727022508489103,-0.25027176777609006,-0.05327146428878146,0.2558784997869889,6.263301519139377
2192,18.16612130000067,195.04429457798503,319.6397427848379,38.17888870548401,62.56778847100556,27.239075638538488,0.19574470910872432,-0.48069134348904186,-1.1039498108661192,26.732248373768137,-0.2175402661726921,-0.22266693519668013,0.31129460553689053,12.16977969366064
2193,18.177954099999624,195.0343394831193,319.61486123331883,38.176940048335375,62.562918038941284,26.699855227805358,0.19574470910872432,-0.4826400006376801,-1.0990793788018465,26.733293546823944,-0.10664959712364105,0.04066341124088499,0.11413872953726215,4.357912855447278
2194,18.181507499999498,195.0456980604771,319.6415311652633,38.179163429756166,62.568138537011706,26.59201114565873,0.19574470910872432,-0.4804166192168893,-1.1042998768722683,26.832071917372605,-0.08407018650633237,0.011837408266875356,0.08489947287048488,7.980845900862618
2195,18.193572099999074,195.0435251926095,319.6264090974682,38.17873810236749,62.565178472250025,26.570442329229405,0.19574470910872432,-0.48084194660556534,-1.101339812110588,26.71702381950968,0.28963860394119545,-0.18658455207113175,0.344534927060508,7.953018697424903
2196,18.197310699999434,195.05418574151176,319.6295637001483,38.180824848411305,62.565795969034,27.05897524563104,0.19574470910872432,-0.4787552005617499,-1.101957308894562,26.792583841050376,0.5430493382612686,-0.3699908964214883,0.6571117463725467,13.122855147438118
2197,18.20986509999966,195.08396193220412,319.6267131296269,38.186653380196745,62.5652379849365,26.663835149223868,0.19574470910872432,-0.47292666877631007,-1.1013993247970646,26.807695845358516,0.5054685306891898,-0.06839819650547402,0.510075238373997,6.228066258074473
2198,18.213781899999958,195.10602008510182,319.63682659783643,38.19097114691918,62.56721764282925,27.077655335508837,0.19574470910872432,-0.46860890205387307,-1.1033789826898115,26.909287887333427,0.5223405784027256,-0.13816424048433779,0.5403045781730041,13.13465011450932
2199,18.225503699999535,195.13223698538678,319.63450266996693,38.19610296643919,62.56676274624444,26.667571167199426,0.19574470910872432,-0.46347708253386344,-1.1029240861050056,26.831036959790904,0.46405690019728874,-0.0913302511788151,0.4729587946122811,7.8030156265676816
2200,18.228820899999846,195.13306916455957,319.6362562827261,38.196265861109296,62.56710600666388,27.078402539103948,0.19574470910872432,-0.4633141878637588,-1.10326734652444,26.913956720571463,0.43869063750551324,-0.22242513522655652,0.4918560929942269,6.655124155827615
2201,18.24153699999988,195.15039757068092,319.63177372644327,38.19965780492484,62.56622856998823,26.667720607918447,0.19574470910872432,-0.45992224404821513,-1.102389909848796,26.831971031614298,0.10317834304161716,-0.16478515376086883,0.19442200845790789,-0.20561447963580215
2202,18.24515210000027,195.15662939144954,319.64305848288035,38.200877650868414,62.568437501354374,27.07843395312666,0.19574470910872432,-0.4587023981046414,-1.104598841214937,26.815573893822865,0.10093783921594607,-0.12741977276750885,0.1625553625006194,0.04069148351508267
2203,18.25732599999901,195.12085671920028,319.6565684537279,38.19387533954494,62.57108200666799,26.667726890722992,0.19574470910872432,-0.4657047094281168,-1.1072433465285556,26.713724825151296,0.14495881622501341,-0.08064429252387058,0.1658811632405344,-6.646011423901268
2204,18.261067600000388,195.12901102428248,319.6522555167523,38.195471501621235,62.5702377720743,26.58558547824226,0.19574470910872432,-0.4641085473518203,-1.1063991119348628,26.693355011416983,0.2723302849770714,-0.0036752318882897345,0.2723550833840368,-6.49749618434704
2205,18.273234099999172,195.14574381442023,319.6441506101451,38.19874685675933,62.56865127948812,26.56915719574611,0.19574470910872432,-0.46083319221372676,-1.1048126193486851,26.590711102381057,0.2502728010199853,0.14262235838685314,0.2880583483293222,-3.9847754301940563
2206,18.27683260000049,195.16235529564608,319.6358072448214,38.20199846631974,62.56701810986985,26.56587153924688,0.19574470910872432,-0.4575815826533116,-1.103179449730412,26.57018232057387,0.5003263306303709,0.2625399753909498,0.5650253762445823,6.592381133340751
2207,18.289297199999055,195.17681929266152,319.62813668669367,38.204829717208085,62.56551663870043,26.565214407947035,0.19574470910872432,-0.45475033176496993,-1.1016779785609927,26.670246486087436,0.34960159487684506,0.16200939023368635,0.3853158673923571,8.183173911404747
2208,18.292774699999427,195.1888123671107,319.62134386405626,38.207177298077454,62.56418697960924,26.565082981687066,0.19574470910872432,-0.452402750895601,-1.100348319469802,26.82506339633858,0.2751637598886411,0.1047108220968384,0.29441374122185515,11.280687326897924
2209,18.3051116000006,195.16820147434603,319.6388030680648,38.20314282486876,62.56760452641917,27.08590630581007,0.19574470910872432,-0.45643722410429177,-1.1037658662797298,26.856026778388816,0.13610967054425108,0.0394183226820301,0.14170266962456712,13.313386074381711
2210,18.325108400000317,195.15768147210213,319.6547492899654,38.20108359008971,62.57072591498648,27.34324174700186,0.19574470910872432,-0.4584964588833458,-1.1068872548470452,26.9970235319473,0.08075794507029484,-0.03314612063885101,0.08729553829023579,9.491761617806606
2211,18.33143299999938,195.164412738631,319.6506334284484,38.20240119989834,62.5699202568711,26.72068844949803,0.19574470910872432,-0.4571788490747153,-1.1060815967316628,27.025222882658994,-0.13304999597874814,-0.34401742362077925,0.3688499548388526,-6.169651892490371
2212,18.340325400000438,195.1621587876851,319.66164364763944,38.201960000926086,62.57207544902388,27.270198175739452,0.19574470910872432,-0.45762004804696943,-1.1082367888844402,26.926692830926335,-0.038872650569823856,-0.26509438575789734,0.2679293121752088,-4.417114642821174
2213,18.344898400000602,195.15295501064196,319.6890238879841,38.20015841026608,62.57743498620547,26.70607973524555,0.19574470910872432,-0.45942163870697783,-1.1135963260660304,26.772182743431365,0.07409743861210025,-0.11074800334440717,0.13324995554838578,-4.797365959808837
2214,18.354115699999966,195.15972923117613,319.68348644074604,38.20148442809398,62.57635106020665,26.59325604714677,0.19574470910872432,-0.45809562087907807,-1.1125124000672102,26.876084803080808,0.023055020363074316,-0.15590199538693617,0.1575974813554139,-5.619798021364157
2215,18.3581508999996,195.16925054509872,319.6707953162412,38.203348174918084,62.57386683973219,26.570691309527014,0.19574470910872432,-0.45623187405497134,-1.110028179592753,26.896864909834918,-0.4089742284856927,-0.023096661950706712,0.4096258968360433,4.775182546474178
2216,18.37014459999955,195.1663780354446,319.6768235849197,38.20278589635143,62.57504684143109,27.240198747745247,0.19574470910872432,-0.4567941526216259,-1.1112081812916514,26.901020931185737,-0.32283356385783396,0.25178241598924794,0.4094092023324987,14.241885851025042
2217,18.37346129999969,195.1289358174549,319.66967891869086,38.19545678028265,62.57364831081845,27.37409870950999,0.19574470910872432,-0.46412326869040754,-1.1098096506790114,27.03665621260434,-0.36120105109468653,0.15622888006594163,0.39353991192579785,13.700304189075911
2218,18.385415400000056,195.1311795720395,319.6573184113133,38.19589598337112,62.571228806897395,26.72685984199966,0.19574470910872432,-0.46368406560193165,-1.1073901467579574,27.198587040860716,-0.5146587613180473,0.027754762226077465,0.5154066039814128,13.420385939464097
2219,18.389196800000718,195.13025277875207,319.6642761970666,38.19571456848867,62.57259075664572,27.271432454239775,0.19574470910872432,-0.4638654804843867,-1.1087520965062794,27.23097320651199,-0.5387756669972015,-0.044410655346390174,0.5406029279023331,20.721576007397598
2220,18.401095400000486,195.1116876453716,319.66590120258695,38.192080541855546,62.57290884287859,27.380345450808896,0.19574470910872432,-0.467499507117509,-1.1090701827391527,27.27559436054068,-0.07478070287131544,-0.11741485654384981,0.13920632909153519,10.846023792824525
2221,18.40499549999913,195.10835098849134,319.6750507400999,38.19142740892512,62.574699816437544,27.402129576001624,0.19574470910872432,-0.4681526400479328,-1.1108611562981068,27.419322668494857,-0.081727397827772,-0.21326340013728295,0.22838705172100665,7.130462228804276
2222,18.417497799999182,195.11539035942752,319.6714329731109,38.19280532854133,62.573991657690655,27.597204479653453,0.19574470910872432,-0.4667747204317223,-1.1101529975512179,27.313264252937255,-0.028430371109398694,-0.10536896874347812,0.10913709532272792,5.3448087933369415
2223,18.421713300000192,195.11543358839202,319.67739498644175,38.19281379038242,62.57515869025581,27.445501381770534,0.19574470910872432,-0.46676625859063847,-1.1113200301163744,27.292052875001517,0.047730629923714935,-0.18036033659052708,0.1865691937270536,2.6858858771684124
2224,18.433379300000524,195.12845632800622,319.66670897610265,38.19536292276,62.57306696027045,26.741140376451767,0.19574470910872432,-0.46421712621305744,-1.109228300131015,27.28781029423859,0.037343131593260526,-0.06531843423947165,0.07523966592621045,-4.817254199511437
2225,18.437464599999657,195.13002973141562,319.67509246619363,38.19567090815268,62.574707984099625,27.2742885611302,0.19574470910872432,-0.4639091408203768,-1.1108693239601877,27.24881816236335,-0.044383284743169854,-0.15984685502872203,0.1658942224044182,4.246024351366022
2226,18.449222799999916,195.11685038939686,319.6681246180133,38.193091121682976,62.57334406468445,27.38091667218698,0.19574470910872432,-0.4664889272900794,-1.1095054045450112,27.2410197359883,-0.05449026693454923,-0.13576208053604927,0.14628920569226958,5.189697217132739
2227,18.45284030000039,195.1113354000836,319.6758125876088,38.19201159170411,62.574848944056555,27.402243820277242,0.19574470910872432,-0.46756845726894625,-1.1110102839171176,27.374264127861725,-0.1075128482269523,-0.24631137993954993,0.2687532482065975,-1.9831378599922687
2228,18.46555679999983,195.10818281852676,319.6859743261014,38.191394490544326,62.576838050601836,27.406509249895294,0.19574470910872432,-0.4681855584287291,-1.1129993904623987,27.370278850962972,-0.06560447398455102,-0.2553388739078766,0.26363210641978363,-0.5090900340066342
2229,18.469299799999135,195.10729167631138,319.6931152856269,38.1912200541706,62.57823585564691,27.407362335818902,0.19574470910872432,-0.46835999480245505,-1.1143971955074718,27.234678023610563,0.16390444180163244,-0.15956465816280363,0.2287477785179937,1.4722250027962878
2230,18.481773100000282,195.12544810218333,319.7215881475786,38.19477407847136,62.58380926772713,27.254362176636437,0.19574470910872432,-0.46480597050169337,-1.119970607587696,27.207557858140085,0.22883081295648622,-0.08616721526934268,0.24451652284784278,-8.028472550992364
2231,18.48531290000028,195.14223238687396,319.7108306916798,38.19805951339573,62.581703552651476,26.702912535424947,0.19574470910872432,-0.4615205355773284,-1.1178648925120385,27.240277440768644,0.3376280893224625,0.04460903883780984,0.34056231888682276,-5.466113157645232
2232,18.49733329999981,195.14384209330052,319.71384048541995,38.19837460491194,62.58229270385162,27.266642992924833,0.19574470910872432,-0.46120544406111463,-1.118454043712184,27.11201728014592,0.2252217411299559,0.12409509965927197,0.2571467021702855,1.9177438220490433
2233,18.500783800000136,195.15257581873527,319.70507144948,38.2000841854566,62.580576211462386,27.570107163038095,0.19574470910872432,-0.45949586351645166,-1.1167375513229487,27.15514301901747,0.16079357146769896,0.3212004524584457,0.35919953129820237,2.4403540462845377
2234,18.51325799999904,195.11378940146116,319.7035429478192,38.19249194948991,62.580277015349424,26.76606153270528,0.19574470910872432,-0.4670880994831421,-1.1164383552099864,27.16376816679178,0.018289958161017292,0.2596814163029334,0.26032472134361184,-0.03042156303168353
2235,18.51718930000061,195.1130420769278,319.69272381068527,38.19234566466652,62.578159226498336,27.469990870994184,0.19574470910872432,-0.4672343843065363,-1.1143205663588986,27.16549319634664,0.023371314357321583,0.19134173412795474,0.19276378693593274,9.77749472422409
2236,18.529341100000238,195.12642793866553,319.6748899370463,38.194965876278545,62.5746683400906,26.746038274296495,0.19574470910872432,-0.46461417269451033,-1.1108296799511592,27.127694586534957,-0.08155241490791144,0.07534665598671007,0.11103114403486875,6.593724044845513
2237,18.532657399999152,195.12730248027185,319.68150934949597,38.195137063170876,62.575964055055024,27.275268140699144,0.19574470910872432,-0.46444298580217946,-1.1121253949155872,27.254938941721058,0.03725895221449606,0.04925604142271891,0.061760724872354775,8.610391201021592
2238,18.54532499999914,195.1254154027828,319.686849200167,38.19476767773672,62.577009302571305,27.381114113979674,0.19574470910872432,-0.46481237123633434,-1.113170642431868,27.211610041762185,-0.02075607090191535,-0.27353040961627034,0.27431678669766085,9.931981003507602
2239,18.56057189999956,195.12427987608632,319.6951421706472,38.19454540439383,62.578632607665604,27.40228330863578,0.19574470910872432,-0.4650346445792266,-1.1147939475261666,27.375891954641503,-0.12972238716876927,-0.26420398695304625,0.2943325405976198,11.213613042766415
2240,18.56392439999945,195.11867449172667,319.7135575763532,38.1934481800629,62.58223732589864,27.253346371199815,0.19574470910872432,-0.46613186891015346,-1.1183986657592015,27.399516159482992,-0.18637603471157768,-0.23837915923838013,0.3025899037873012,4.038368101139616
2241,18.576924200000576,195.09681110950393,319.691382252975,38.189168538669584,62.57789662367459,27.56744783869309,0.19574470910872432,-0.47041151030347095,-1.1140579635351529,27.44238461617395,-0.15591133795058038,-0.20410642588921665,0.2568419326955986,5.23200596797457
2242,18.580363099999886,195.09274144314747,319.6959778874625,38.18837192301247,62.578796194810515,27.393389164906587,0.19574470910872432,-0.4712081259605867,-1.1149575346710776,27.45095830751214,-0.12255660352645975,-0.26588888465479676,0.29277469161611913,1.3241130058942825
2243,18.593060199998945,195.1007305268025,319.69021456463906,38.18993574386857,62.577668054860936,27.595456397434447,0.19574470910872432,-0.46964430510448807,-1.113829394721499,27.483307201053215,-0.05225383967106215,-0.08228648339831876,0.0974757873034676,-0.03824618021329835
2244,18.59667400000035,195.10354032823383,319.6978832310035,38.190485747632394,62.5791691557277,27.445151765326735,0.19574470910872432,-0.469094301340661,-1.1153304955882604,27.451633364038777,-0.26682116618993423,-0.030990615766462837,0.268614878576264,-2.7916469458370003
2245,18.609006200000294,195.10506675320104,319.70778837366885,38.19078453724358,62.581108034997406,27.415090838905193,0.19574470910872432,-0.46879551172947487,-1.117269374857969,27.454530774370262,-0.23491034058306987,0.007538522399417734,0.2350312690533334,-3.4089703648673173
2246,18.612594199999876,195.07936727423777,319.6969666246672,38.18575400020967,62.57898973488703,27.409078653620885,0.19574470910872432,-0.4738260487633852,-1.115151074747594,27.4169666407139,-0.22725608333556466,-0.09729147273701585,0.24720630671639146,-3.9958224984444963
2247,18.625253399999565,195.07470479463365,319.7014251888817,38.18484134449584,62.57986247524224,27.40787621656402,0.19574470910872432,-0.4747387044772182,-1.1160238151027997,27.409453813982623,-0.2500216185397896,-0.03701474057726263,0.2527467126537121,-2.7311287472848234
2248,18.629140799999732,195.07791081779902,319.71007004233763,38.185468906567735,62.58155465956726,27.40763572915265,0.19574470910872432,-0.47411114240532015,-1.1177159994278227,27.407951248636365,-0.14694095179996647,-0.04878020548473237,0.1548261985679839,-0.9715669102482378
2249,18.641812599998957,195.0803946050845,319.71744976156094,38.185955094787424,62.58299920055993,27.407587631670374,0.19574470910872432,-0.473624954185631,-1.119160540420495,27.37701658029368,0.13098269968543919,-0.21391729732960585,0.2508327684208922,1.397334241328824
2250,18.64535049999904,195.0901479371598,319.72135462789026,38.18786425793734,62.58376355748367,27.40757801217392,0.19574470910872432,-0.47171579103571304,-1.1199248973442337,27.40897356752358,0.21103734731139964,-0.12548705446613162,0.24552751943278822,1.7098069900349342
2251,18.657777299998997,195.0893590362919,319.7362926364648,38.18770983476644,62.586687593626756,27.25440531190744,0.19574470910872432,-0.4718702142066178,-1.1228489334873188,27.426061986453938,0.1979865996579188,-0.03572544167572892,0.2011839974427164,1.798416698317259
2252,18.661304699999164,195.09527295609445,319.72956723870607,38.18886745327788,62.58537113259884,27.56766115271352,0.19574470910872432,-0.47071259569517565,-1.1215324724593998,27.42947967024001,0.23023585965069396,0.012008691214016586,0.2305488228852354,3.900531501372427
2253,18.673397000000477,195.1012146318459,319.72873275205933,38.19003050486946,62.585207786252916,27.493077823804423,0.19574470910872432,-0.46954954410359306,-1.1213691261134784,27.43016320699722,0.14014169520583486,0.05989397686279957,0.15240401306923215,1.5600608181830689
2254,18.677210300000297,195.10510331006108,319.72630397658907,38.190791693055516,62.584732366305,27.42467605060073,0.19574470910872432,-0.468788355917539,-1.1208937061655604,27.460934069622102,0.19537909473099108,0.05532531325805552,0.20306127386826756,0.3828992474898709
2255,18.689193399999567,195.11056156359925,319.7248728081121,38.19186011730658,62.58445222264778,27.41099569595999,0.19574470910872432,-0.46771993166647263,-1.1206135625083462,27.428944016072858,0.10524128459136836,-0.017645623664416733,0.10671033697326426,0.1346412666826327
2256,18.69298329999947,195.11566834500138,319.72987085095383,38.19285974274663,62.58543056308996,27.408259625031842,0.19574470910872432,-0.4667203062264278,-1.1215919029505201,27.411848983878635,0.08317104546373755,-0.054472251039930045,0.09942157178846177,-1.554786309070233
2257,18.705534999999145,195.107812655098,319.7293350833439,38.19132203301164,62.585325689415,27.407710884967308,0.19574470910872432,-0.4682580159614176,-1.1214870292755634,27.40842997743979,0.043622471277523785,-0.09916387431629406,0.10833463882699823,-3.2722857729981665
2258,18.70926750000035,195.1075424582081,319.7325885926133,38.19126914340002,62.585962546640516,27.407602662833305,0.19574470910872432,-0.4683109055730341,-1.122123886501079,27.377112020878588,-0.030982399323288373,-0.24499401753287586,0.2469452929187491,-2.8117591739514527
2259,18.721356000000014,195.10765801445436,319.73868914034085,38.19129176292383,62.587156696580855,27.407581018406507,0.19574470910872432,-0.4682882860492228,-1.1233180364414181,27.370848429566344,-0.08137587716774454,-0.20466420446663666,0.22024865487621284,-1.913687678545527
2260,18.724768899999617,195.1027087235843,319.75099461174534,38.19032296542218,62.58956542750137,27.25440591315396,0.19574470910872432,-0.4692570835508718,-1.1257267673619324,27.369596016479676,-0.03685464976088192,-0.2169475287074714,0.22005566436989618,-1.861854540134119
2261,18.737093300000197,195.10345122874764,319.75455163145193,38.19046830687939,62.59026169528913,27.376941668470636,0.19574470910872432,-0.46911174209366635,-1.126423035149692,27.36934553386234,-0.027580088653336676,-0.18320343234424405,0.18526780322775438,0.31567063002629725
2262,18.740880400000606,195.1053878010834,319.75557821548017,38.19084738066792,62.590462643681114,27.40144881953397,0.19574470910872432,-0.4687326683051367,-1.126623983541677,27.369295437338874,-0.04767112870395439,-0.1724952990198209,0.17896134972626468,0.7422537969502083
2263,18.75314470000012,195.10740545246813,319.7556975323857,38.19124232525131,62.59048599933408,27.406350249746637,0.19574470910872432,-0.46833772372174565,-1.1266473391946406,27.399919573307624,0.012541294241911713,-0.029952731949929895,0.03247229915676682,0.4466415773031387
2264,18.75693769999998,195.10549516194516,319.756574224405,38.19086839598857,62.59065760715838,27.40733053578917,0.19574470910872432,-0.4687116529844815,-1.1268189470189398,27.406044400501372,0.008186866623796194,-0.013353627069484078,0.015663465166644512,0.39175866601254683
2265,18.76947669999936,195.10659687398237,319.75612964008565,38.19108405029082,62.590570582130105,27.40752659299768,0.19574470910872432,-0.46849599868223635,-1.1267319219906682,27.382909624729184,-0.04931028338658079,-0.05093665764587037,0.07089461996370042,-1.0155425877342728
2266,18.785175200000594,195.1057965573628,319.75400433384954,38.190927392546925,62.59015456467915,27.40756580443938,0.19574470910872432,-0.46865265642612997,-1.126315904539716,27.378282669574748,-0.06480731331744587,-0.05397640511982947,0.08434121275560098,-2.1255536084336617
2267,18.789651900000536,195.1015109374364,319.75951548775924,38.19008850512108,62.59123334389806,27.285774940673033,0.19574470910872432,-0.4694915438519729,-1.1273946837586237,27.346723123270422,-0.07595970849683495,-0.13383242571003576,0.15388630701383532,-4.51825735684087
2268,18.8017533000002,195.09871147459347,319.7605728416664,38.189540525081235,62.59144031533104,27.383215473974452,0.19574470910872432,-0.47003952389182047,-1.1276016551916044,27.309777058736117,-0.10649051821566613,-0.20054662236122706,0.22706646209939885,-3.874794967866605
2269,18.805427499999496,195.09581434325776,319.76891670895174,38.188973426950675,62.59307358320565,27.24953280426755,0.19574470910872432,-0.47060662202238035,-1.129234923066214,27.27175369055582,-0.13166871397261068,-0.294050740596984,0.32218393548536206,-10.104414389850872
2270,18.817637099999047,195.08736529846092,319.7892903344645,38.18731957113467,62.597061612605145,27.222796270326167,0.19574470910872432,-0.47226047783838254,-1.133222952465708,27.288508758130696,-0.08782924709425023,-0.2408663169168962,0.25637971696343986,-9.13727540724207
2271,18.821817800000645,195.08446339492772,319.7987096075419,38.186751538871704,62.5989053854737,27.21744896353789,0.19574470910872432,-0.4728285101013512,-1.1350667253342621,27.157055694497235,-0.05895665195705891,-0.2664017073208782,0.27284749673300035,-7.142306116817635
2272,18.83369230000062,195.0863929483413,319.7971963227839,38.18712923874336,62.59860916798894,27.369550278547422,0.19574470910872432,-0.47245081022969515,-1.1347705078495025,27.13076508177054,-0.03831742383835634,-0.19132980418067727,0.19512898026029998,-4.316935736700975
2273,18.837358400000085,195.08824862771033,319.7999079063796,38.187492478161644,62.5991399461311,26.725950155807144,0.19574470910872432,-0.47208757081141073,-1.135301285991666,27.15614111449864,0.025667968012628346,-0.0537781065584752,0.05958967466694231,-3.4830918269610853
2274,18.849641299999348,195.08503899408578,319.8042479116535,38.18686420936146,62.59998947920097,27.118079740634087,0.19574470910872432,-0.47271583961159536,-1.136150819061534,27.202547192626298,0.11522875382922339,0.051298928987247444,0.1261318588790097,5.081701585681576
2275,18.85324649999893,195.08843656736911,319.79759670691726,38.18752926635548,62.598687541064656,27.349676433966664,0.19574470910872432,-0.47205078261757194,-1.1348488809252189,27.2225254297362,0.1939427123250645,0.17064296563892573,0.25832691959230714,9.340855148401513
2276,18.8654420999992,195.10787116576807,319.79234046090903,38.19133348616573,62.59765865871877,27.449479354176148,0.19574470910872432,-0.46824656280732313,-1.1338199985793338,27.36132515430662,0.16730839058289418,0.21492932442811816,0.2723723775616124,8.351057930953141
2277,18.869062899999335,195.11573961151038,319.78084115770775,38.1928736927887,62.595407730958684,27.46944146409695,0.19574470910872432,-0.4667063561843534,-1.1315690708192463,27.430416275978516,0.20240811845541704,0.3393483472320602,0.39512826675118173,7.873570546291874
2278,18.881489400000646,195.1135754058073,319.77597505993475,38.192450060972895,62.59445521806561,27.419948778659233,0.19574470910872432,-0.4671299880001598,-1.1306165579261744,27.454931521797267,0.16583680240826656,0.28222577225792994,0.3273426821537078,6.781098053152379
2279,18.885015300000305,195.11581526868815,319.7660152493587,38.19288850228095,62.592505637841626,27.463535348993567,0.19574470910872432,-0.466691546692104,-1.1286669777021885,27.459834876136803,0.12670625103791794,0.3521193967679206,0.37422258567901556,3.2199462137969364
2280,18.89740250000068,195.1159174707365,319.7612364783553,38.192908507791174,62.59157021870166,27.47225266306043,0.19574470910872432,-0.46667154118188137,-1.1277315585622247,27.460815241828925,0.08190441398146664,0.21531855787999296,0.23037016820145648,-0.844839743582834
2281,18.901163599999563,195.11815173096537,319.7529006723232,38.19334585240975,62.58993852877473,27.473996125873803,0.19574470910872432,-0.4662341965633061,-1.1260998686352934,27.436651573756414,0.04318439535473462,0.13988718021144467,0.1464012130744251,-1.3879644375834812
2282,18.913665399999445,195.13101269470422,319.7568820894675,38.195863318015675,62.59071787011548,27.474343292557577,0.19574470910872432,-0.46371673095737975,-1.126879209976046,27.42112181865754,0.034859165632841055,0.005310536216268393,0.03526135595126973,-1.675912259094609
2283,18.917847200000324,195.12614840683034,319.76330194326533,38.194911159400775,62.591974522529654,27.29913043829667,0.19574470910872432,-0.46466888957228036,-1.1281358623902165,27.418015562461978,0.12924786692200177,0.009840181730204376,0.1296219128094125,-2.2615386204818533
2284,18.930513499999506,195.1315012435533,319.7710638281015,38.19595894886802,62.593493870419046,27.385886573499178,0.19574470910872432,-0.463621100105037,-1.1296552102796085,27.41739400604709,0.10039179278548421,-0.04481211427520613,0.10993924524253264,-0.5893307395016132
2285,18.934311699998943,195.1406900997067,319.76915908446676,38.19775761884281,62.59312102693034,27.45672138208265,0.19574470910872432,-0.4618224301302476,-1.1292823667909033,27.40657297845551,0.05041608576482837,-0.19633477010433575,0.2027045230274078,-0.08393353376746981
2286,18.94577389999904,195.1390505461669,319.75975650695653,38.1974366849121,62.591280522130724,27.470888343799345,0.19574470910872432,-0.4621433640609567,-1.1274418619912865,27.42876851414814,0.07031602837896056,-0.143388586626257,0.15970169260739348,-2.3144048813552134
2287,18.949228800000128,195.13819433820188,319.7742286775204,38.197269086733044,62.59411337294792,27.420238154599716,0.19574470910872432,-0.4623109622400108,-1.130274712808486,27.43320731611088,0.17911388852743707,-0.1569099789284436,0.23812292319460504,-6.468376483914919
2288,18.9613860999998,195.13023263606414,319.7764505409621,38.19571062566408,62.594548290961,27.410108116759787,0.19574470910872432,-0.46386942330897796,-1.1307096308215634,27.2885942830464,0.07424138437570414,-0.19154001888447578,0.20542483293965796,-6.122212732959342
2289,18.964760599999863,195.14103670515863,319.779683924303,38.19782546502617,62.5951812086425,27.4080805833129,0.19574470910872432,-0.4617545839468846,-1.1313425485030635,27.218340804851465,-0.03066774938242013,-0.3178949199174591,0.3193707734929899,-6.66400014967642
2290,18.977326399999583,195.13777535060606,319.7844977022672,38.19718707212798,62.59612348020981,26.733656216760238,0.19574470910872432,-0.46239297684507363,-1.1322848200703746,27.204290109212483,-0.04672083310575452,-0.142333779062106,0.14980567715609502,-7.42027484494026
2291,18.980964000000313,195.1275071921437,319.7932542473441,38.19517713443668,62.5978375275787,27.119620952824704,0.19574470910872432,-0.4644029145363717,-1.13399886743926,27.20147997008469,-0.004646281098265859,-0.12927542469911407,0.12935889362228026,-5.120798725182419
2292,18.993459400000575,195.11928677118044,319.78956112042977,38.19356803052648,62.59711461752514,27.349984676404787,0.19574470910872432,-0.4660120184465768,-1.133275957385706,27.170284092161467,-0.1785544505313218,-0.11779724804829078,0.21391092410695808,3.285345933772261
2293,19.00914439999906,195.12587195524628,319.7871958831348,38.194857045465874,62.59665163483887,27.3960574211208,0.19574470910872432,-0.46472300350718143,-1.1328129746994335,27.164044916576824,-0.1843456125036816,-0.11276168277832103,0.21609836175305966,4.41703914822341
2294,19.013177099999666,195.12086923392877,319.7898775840649,38.19387778923682,62.59717656360735,27.252101193696816,0.19574470910872432,-0.4657022597362328,-1.1333379034679112,27.249585716713803,-0.10830735214089195,0.06724129023467167,0.12748283664946636,10.179290254529606
2295,19.025346299999,195.11591066785718,319.7929741567584,38.192907176163544,62.59778270132847,26.70246033883702,0.19574470910872432,-0.46667287280951086,-1.1339440411890322,27.304837492463854,-0.04610655461211593,0.09218169508006593,0.10306929361373483,11.418580646641065
2296,19.02853479999976,195.11310318576312,319.7859892056935,38.192357626397715,62.596415434114135,27.54732495350959,0.19574470910872432,-0.46722242257533964,-1.132576773974698,27.394238982867773,-0.00893624555454331,0.29293080122658977,0.2930670755848615,23.603659200996844
2297,19.041647300000477,195.12531025078647,319.77376017984136,38.19474709478978,62.59402166700602,27.626243555155046,0.19574470910872432,-0.4648329541832723,-1.1301830068665808,27.442753436221995,0.04277179243505853,0.2804747393255941,0.28371729878149426,19.27560033901406
2298,19.04496250000011,195.12984974897591,319.7562604795306,38.19563567754238,62.59059619325921,27.843064873140385,0.19574470910872432,-0.4639443714306779,-1.126757533119772,27.643414578845967,0.1008989952765735,0.27768973112219575,0.29545252413634815,22.84584289481394
2299,19.057390800000576,195.1308472944217,319.76847948755847,38.19583094178548,62.592987999431216,27.494673460467922,0.19574470910872432,-0.46374910718757434,-1.1291493392917786,27.638089043698884,0.15353600563557337,0.19510606985251155,0.24827340477751525,17.48878574891858
2300,19.061149099999966,195.13489611925974,319.7697031848779,38.19662347782564,62.59322753170705,27.705766051956868,0.19574470910872432,-0.46295657114741573,-1.1293888715676133,27.72224305288041,-0.07815496390840436,0.005086844781930805,0.0783203318006215,25.300158326326752
2301,19.07457649999924,195.14112683132862,319.76861293000854,38.1978431067471,62.59301412008479,27.52069727777419,0.19574470910872432,-0.4617369422259543,-1.1291754599453512,27.739073549540926,-0.1706873990975978,-0.1931874170802594,0.2577897715752988,15.461337218128229
2302,19.077997599999435,195.1240649719923,319.7820275000803,38.19450333805446,62.5956399512013,28.047013601062652,0.19574470910872432,-0.4650767109185949,-1.131801291061862,27.88534858441991,-0.28473809489799723,-0.06669803564386216,0.29244556868738975,21.9004701179309
2303,19.090240699999413,195.1118916397266,319.77940732668026,38.19212047267122,62.59512706612129,27.927217356443002,0.19574470910872432,-0.46745957630183455,-1.1312884059818558,28.02410584969649,-0.3400635750157188,0.014337306845406433,0.3403656760310163,17.549863413347683
2304,19.09412650000013,195.10088321876952,319.7706727545216,38.189965632513236,62.59341731983491,28.22604863486282,0.19574470910872432,-0.4696144164598195,-1.1295786596954756,28.147546694841644,-0.4084640461820609,0.1557512029508607,0.43715136308155433,15.038987086194732
2305,19.1062036000003,195.0968264870654,319.74960636001714,38.18917154874588,62.58929368457066,28.399552378339752,0.19574470910872432,-0.4704085002271725,-1.1254550244312256,28.155257629983957,-0.2114048672878148,0.3322668782434181,0.39381886228392493,5.742556594768651
2306,19.10962499999914,195.09243629705932,319.73696976627383,38.18831219228021,62.58682013820425,28.137901503499982,0.19574470910872432,-0.47126785669284743,-1.1229814780648155,28.11659260265695,-0.2795596999809153,0.03162684139872962,0.2813429987582413,-5.054184646629244
2307,19.12150440000005,195.09298669877654,319.72998829117785,38.18841993050424,62.58545355139244,28.085568276774218,0.19574470910872432,-0.47116011846881634,-1.121614891253003,28.07233677004311,-0.16668531126538402,-0.05851759526468898,0.1766587160238631,-12.768890703266994
2308,19.125345200000083,195.08248129383475,319.75866131839996,38.18636355306984,62.5910661447653,27.73389221980797,0.19574470910872432,-0.47321649590321613,-1.1272274846258625,27.90852588672347,-0.226326616310217,-0.24001941222924392,0.3298985533422417,-10.683761070281427
2309,19.137538799999675,195.0830936205778,319.7593293310648,38.18648341279004,62.59119690471006,28.00476947179363,0.19574470910872432,-0.47309663618301556,-1.1273582445706225,27.825531776465795,-0.1536465576545677,-0.40146056704964145,0.42985794348239986,-8.526488788297959
2310,19.14139559999967,195.07592248351358,319.770482662356,38.18507970065142,62.59338011029925,27.580497961741543,0.19574470910872432,-0.4745003483216337,-1.129541450159813,27.868203889472845,-0.1509441376628566,-0.28782025955630924,0.324999437700813,-13.35306977719425
2311,19.15377780000017,195.0830217585737,319.77581158355775,38.186469346182946,62.59442321842975,27.72293095221159,0.19574470910872432,-0.4731107027901089,-1.130584558290316,27.861832306214882,-0.016165237364206053,-0.03688104515939564,0.04026818087635079,-4.022859465645102
2312,19.1572584000005,195.08342328632313,319.76366267372146,38.18654794311546,62.592045133607854,28.298928841809506,0.19574470910872432,-0.47303210585759814,-1.128206473468417,27.76486859747345,-0.10945788254877997,-0.16177875268745126,0.19532893506383028,2.0592824376361154
2313,19.169321400000626,195.09195796391475,319.7763954047585,38.18821856109797,62.59453749834086,27.702034303518154,0.19574470910872432,-0.471361487875086,-1.1306988382014254,27.813130885022037,-0.025095994240210383,-0.05290297531620347,0.058553682413760334,-0.21265319916913464
2314,19.17340569999942,195.08243010377166,319.789649388299,38.186353532885825,62.597131895493526,27.519950928086445,0.19574470910872432,-0.4732265160872302,-1.1332932353540883,27.909538103273945,-0.07327285935216814,0.04400428180263051,0.08547098182779891,6.283511344658821
2315,19.18513299999904,195.0858960696441,319.7909487240279,38.18703197736731,62.59738623358781,27.82180939948448,0.19574470910872432,-0.4725480716057433,-1.133547573448375,27.906072049365733,-0.09027678303698766,-0.059316320206597016,0.10802001387872014,14.539841618671462
2316,19.189316800000597,195.0831462281044,319.7823929427257,38.18649371043502,62.59571148466562,28.204967043471118,0.19574470910872432,-0.4730863385380317,-1.1318728245261838,28.03981243233409,-0.18889161800337112,0.14548054808700298,0.23842112579137417,18.60813062426336
2317,19.201158899999427,195.0793688629343,319.77231179769313,38.18575431118861,62.59373815386374,28.281598572268447,0.19574470910872432,-0.4738257377844448,-1.1298994937243023,28.198772728166045,-0.09122561503707298,0.3356671489119851,0.3478427053965528,14.209228412783037
2318,19.205116999999518,195.07219893570428,319.75578394307564,38.184350835868635,62.59050291376945,28.37073621835994,0.19574470910872432,-0.47522921310442,-1.126664253630011,28.29512197727384,-0.11683741902375425,0.41462961645529234,0.4307768579276226,10.22942227807885
2319,19.217087099999844,195.07413722782255,319.7364771136986,38.184730246295494,62.58672370406922,28.31475240724621,0.19574470910872432,-0.4748498026775607,-1.1228850439297844,28.3143918270954,-0.09748434782143035,0.348318371981831,0.3617027596386884,3.3148244874534876
2320,19.221192200000587,195.07266486115486,319.72865205430355,38.18444203831043,62.58519199009418,28.303555645023465,0.19574470910872432,-0.47513801066262573,-1.1213533299547436,28.23149103631752,-0.012598460568044645,0.19562737241633144,0.1960326249561603,-0.2850003850339021
2321,19.233215799999016,195.07070604072817,319.724429859279,38.18405860957581,62.5843655177573,28.301316292578914,0.19574470910872432,-0.475521439397248,-1.120526857617861,28.20014861009554,0.4041922402165456,-0.18719591123953555,0.4454365007900338,-13.138695584603688
2322,19.248694100000648,195.09933010515275,319.7716226015385,38.189661618740104,62.593603247362935,27.867094618379067,0.19574470910872432,-0.4699184302329513,-1.129764587223498,28.129322934909734,0.4953130373439937,-0.2975096666692273,0.5777949521452808,-14.927771558488839
2323,19.252360299999054,195.131720343671,319.7921640732362,38.196001836556825,62.597624131765066,28.214024087250035,0.19574470910872432,-0.46357821241623043,-1.1337854716256288,27.982945580634293,0.725285874691169,-0.5996413932267339,0.9410682230834451,-7.861302248530315
2324,19.26515180000024,195.16356439377907,319.8075762355942,38.202235140882074,62.60064098100256,27.960624031317195,0.19574470910872432,-0.45734490809098105,-1.1368023208631257,27.8891129198378,0.8234014601518322,-0.6271627325422066,1.0350473697710538,-8.205111927583195
2325,19.269643100000394,195.1883367771557,319.83367659063686,38.20708420386006,62.605749987408025,27.571668873646253,0.19574470910872432,-0.4524958451129919,-1.1419113272685877,27.95710114842069,0.6247900637477448,-0.36264087287433056,0.7224064136183782,-7.86651428826132
2326,19.28142350000053,195.2159417687518,319.8378213083038,38.21248773490999,62.60656129396207,27.83215298859644,0.19574470910872432,-0.44709231406306316,-1.1427226338226362,27.906141604195863,0.30451074367209696,-0.17687829377819325,0.35215440338240606,2.2046901016792404
2327,19.284958899999765,195.20454391386764,319.82471259025954,38.21025666512122,62.603995331761716,28.20703576129351,0.19574470910872432,-0.44932338385183357,-1.1401566716222789,27.895949695350893,0.3086845333291291,-0.26475191508153895,0.4066690517558038,5.5232964019075
2328,19.297439800000575,195.21270366645518,319.83542009092423,38.21185389351787,62.60609126836461,27.95922636612589,0.19574470910872432,-0.4477261554551859,-1.1422526082251707,28.02612353282018,0.1307540700992572,-0.046580471329121076,0.138803339861707,2.9917325913988737
2329,19.301672800000233,195.22369288438722,319.8500217097428,38.21400497478531,62.608949457992765,27.909664487092368,0.19574470910872432,-0.4455750741877438,-1.1451107978533273,28.065310460958575,0.13242760685216148,-0.09095985729298361,0.1606572958049232,3.0666462823223255
2330,19.314005700000052,195.23566412685852,319.852962580756,38.216348282160524,62.60952511793377,28.222538060992697,0.19574470910872432,-0.44323176681253074,-1.1456864577943335,28.095895344144843,0.29192992934923256,-0.21295318599518034,0.3613476761726105,3.590567639889315
2331,19.318075400000453,195.24537461936112,319.85900785710305,38.21824905969075,62.61070844879381,28.028087629288386,0.19574470910872432,-0.4413309892823065,-1.1468697886543708,28.0798150551571,0.6442026453611694,-0.6020380211168123,0.8817294523608565,-1.293889632130302
2332,19.330297500000597,195.25576733037738,319.851775890057,38.22028337788548,62.60929282950809,28.359960177224867,0.19574470910872432,-0.4392966710875754,-1.145454169368655,28.076598081832202,0.5843677889907105,-0.5418882810824122,0.7969495730498529,-2.497259240112234
2333,19.334957200000645,195.30074298005528,319.9020842923385,38.229087123348656,62.61914043307841,27.87882492118716,0.19574470910872432,-0.43049292562439945,-1.1553017729389694,28.01139749722582,0.5238737622238211,-0.5839252129893914,0.784482232501952,-2.6346887849651237
2334,19.34679589999905,195.31338307167397,319.9247321936901,38.23156135440566,62.623573639940396,27.893579620467904,0.19574470910872432,-0.42801869456739183,-1.1597349798009589,28.04976240960142,0.41529620619183094,-0.4907379465785485,0.6428799818702229,-0.2987487904921615
2335,19.351075799999307,195.3109240455064,319.9303483926608,38.2310800130438,62.624672981174214,27.89653513796077,0.19574470910872432,-0.4285000359292539,-1.160834321034777,28.05743539207654,0.3559718137924015,-0.3419674499519617,0.4936169253999498,0.5322015011260686
2336,19.362499700000626,195.30649840639614,319.92012524513785,38.23021371760355,62.622671854136165,28.219912191166376,0.19574470910872432,-0.42936633136950775,-1.1588331939967276,28.14572474931375,0.10331345135243403,0.05412608789401058,0.11663319690834985,2.9871697032862015
2337,19.367037199999686,195.3034808332885,319.90019732690945,38.229623043633374,62.6187710695794,28.398325089600466,0.19574470910872432,-0.4299570053396806,-1.1549324094399651,28.163382620761194,-0.29310173181731086,0.1959902596373408,0.35259155841712814,2.161561449818265
2338,19.377904499999204,195.33823745685729,319.907574966493,38.236426468803444,62.620215203493586,28.32027170737322,0.19574470910872432,-0.42315358016961113,-1.156376543354149,28.14471692942568,-0.21530108390736846,0.1259295357050061,0.24942494801957185,-90.96711687257536
2339,19.38211129999945,195.30013172139206,319.90037854386935,38.22896747269943,62.6188065418405,27.981868977705112,0.19574470910872432,-0.43061257627362437,-1.1549678817010616,28.140983791158575,-0.3092615583743874,0.010688451576961147,0.3094462061251805,-353.28279201954496
2340,19.394355899999937,195.31743023869763,319.9383591012994,38.23235356593742,62.62624103500644,27.80320668128321,0.19574470910872432,-0.42722648303563204,-1.1624023748669998,22.46131877323848,-0.2832263420528339,-0.1612469559192638,0.3259106344166417,-354.06110040306464
2341,19.398699999999735,195.3053211522037,319.9472591478834,38.2299832763241,62.627983172036075,28.201246499830866,0.19574470910872432,-0.42959677264895646,-1.1641445118966374,16.797264431763843,-0.4084354587675898,-0.13466935312467754,0.4300643657055425,-353.71758009284326
