frame,t_s,x_px_filt,y_px_filt,x_mm_abs,y_mm_abs,angle_deg_raw,mm_per_px,x_mm,y_mm,angle_deg_unwrapped,vx_mm_s,vy_mm_s,speed_mm_s
4942,48.81323140000001,158.32713467218306,151.29210098319243,33.59243482353884,32.09980432044708,-8.130103106009338,0.21217105263157893,0.0,-0.0,-4.878062221402336,,,
4943,48.82443799999999,158.3277819012669,151.3009707566097,33.592572146814845,32.10168622960962,-8.130103949869557,0.21217105263157893,0.00013732327600735061,-0.0018819091625417173,-6.50408303405921,,,
4944,48.82936849999999,158.3031193115572,151.31069279366724,33.58733945919552,32.10374896444584,-8.130104051132784,0.21217105263157893,-0.00509536434331892,-0.003944643998764263,-8.130103847007723,,,
4945,48.84068759999997,158.30331091431168,151.28877921201882,33.587380111753625,32.09909953676057,-8.13010406328437,0.21217105263157893,-0.005054711785213328,0.0007047836865083923,-8.130104038789364,-0.1403717716677908,0.008615604946129632,0.14063592332594888
4946,48.84640999999999,158.31070659808424,151.29323524728133,33.58894926176458,32.10004497845278,-8.130104064742563,0.21217105263157893,-0.003485561774255075,-0.0002406580057012775,-8.182352719029724,-0.11553933138657507,-0.009971363035236713,0.11596881122973235
4947,48.856744599999956,158.31408569552318,151.27453948631094,33.58966620842514,32.09607827916794,-8.130104064917544,0.21217105263157893,-0.00276861511369475,0.0037260412791368935,-8.188622560658567,0.1170070263897996,0.0327840175779386,0.12151311054011352
4948,48.861890200000005,158.31739407381087,151.2808659815404,33.590368150528946,32.097420578320246,-8.391347351071355,0.21217105263157893,-0.0020666730098923836,0.002383742126831123,-8.189374941654028,0.14700746603106077,-0.11395122125253455,0.18600020401552672
4949,48.87263969999998,158.32253358006577,151.29123115455528,33.59145860498106,32.09961976798952,-8.161453259277,0.21217105263157893,-0.0009762185577812943,0.00018455245755433225,-8.189465227373484,0.10309114586963122,-0.10518471481985778,0.1472807135657904
4950,48.87823750000001,158.32658590859188,151.2997508047751,33.59231839179005,32.10142739114471,-8.133865968261677,0.21217105263157893,-0.00011643174878628315,-0.0016230706976330112,-8.18947606165982,0.10302819409627931,-0.21487839165736933,0.23830134699577007
4951,48.88885929999998,158.3293208330661,151.30582764146823,33.59289866359462,32.10271671998257,-8.13055549333984,0.21217105263157893,0.0004638400557794853,-0.002912399535489385,-8.137228704547617,0.07897898387703639,-0.17147478433622126,0.18878898685411383
4952,48.893945099999996,158.33097618892475,151.3097741401167,33.593249882189625,32.10355405275502,-8.130158236349219,0.21217105263157893,0.0008150586507866819,-0.003749732307944953,-8.130959021694153,0.0612820516462523,-0.1406155276946691,0.1533891015777333
4953,48.90503159999997,158.3318211109559,151.3120651810761,33.59342915018637,32.104040145327,-8.130110565510345,0.21217105263157893,0.0009943266475289647,-0.004235824879920358,-8.130206659751737,-0.06150364696607961,-0.09020104306858182,0.10917383734571348
4954,48.9096553,158.332103488909,151.31316109552077,33.59348906261391,32.10427266664832,-8.13010484500968,0.21217105263157893,0.0010542390750742925,-0.004468346201242923,-8.130116376318647,-0.04290815427018219,-0.05934663277171493,0.07323341125616464
4955,48.921334599999966,158.30676361293598,151.31706083425,33.58811267445516,32.10510007831948,-8.1301041585496,0.21217105263157893,-0.004322149083677118,-0.005295757872403328,-8.130105542306676,-0.032705526576373066,-0.02097991538399231,0.0388562519828833
4956,48.92567729999996,158.30978483612984,151.31638770790116,33.58875369056044,32.1049572603935,-8.130104076174389,0.21217105263157893,-0.0036811329784001146,-0.0051529399464200765,-8.130104242225238,0.011475169774884296,-7.57928289867732e-06,0.011475172277920161
4957,48.9365851,158.315957776689,151.31498974187852,33.59006340985671,32.10466065247093,-8.130104066289364,0.21217105263157893,-0.0023714136821268994,-0.004856332023855714,-8.130104086215466,0.024443413625877153,0.014591767096403151,0.02846752775850742
4958,48.941418399999975,158.32135835766545,151.31359977964115,33.5912092568073,32.104365742719914,-8.130104065103161,0.21217105263157893,-0.0012255667315343999,-0.004561422272836069,-8.130104067494294,0.1379823004924818,0.035889053025304145,0.14257327721649188
4959,48.952576599999986,158.32544984739982,151.3124055675321,33.592077352491074,32.10411236547967,-8.130104064960817,0.21217105263157893,-0.0003574710477636245,-0.004308045032594521,-8.130104065247753,0.11576494095617436,0.03212697222209871,0.12014018436287685
4960,48.95819819999997,158.3282944058209,151.31146120744427,33.59268088544555,32.10391199960577,-8.130104064943735,0.21217105263157893,0.000246061906715056,-0.004107679158693145,-8.130104064978168,0.10066211408336379,0.03093213997477824,0.1053074474818919
4961,48.96873949999997,158.3301088764493,151.31076184469086,33.59306586358874,32.10376361507421,-8.130104064941685,0.21217105263157893,0.0006310400499032198,-0.00395929462712985,-8.130104064945817,0.055052131560654374,0.019885595458756986,0.05853352967420412
4962,48.97367929999996,158.33114627531504,151.31026784115676,33.593285969598085,32.10365880182437,-8.13010406494144,0.21217105263157893,0.0008511460592472986,-0.0038544813772958264,-8.130104064941936,0.24529715074558373,0.046027919886560104,0.24957816726024978
4963,48.98496230000001,158.3316261344125,151.30996028115396,33.59338778180791,32.103593546494835,-8.13010406494141,0.21217105263157893,0.0009529582690745997,-0.0037892260477576656,-8.13010406494147,0.20941804887980753,0.03729424204401362,0.2127129043717445
4964,48.99019189999996,158.3569895561482,151.30617879559105,33.59876916569591,32.10279122472244,-8.130104064941406,0.21217105263157893,0.006334342157074957,-0.0029869042753603026,-8.130104064941415,0.1472507519545498,0.02705809121164281,0.14971614559291171
4965,49.00022609999996,158.3535827656976,151.30655838061796,33.59804634337992,32.102871761677164,-8.130104064941406,0.21217105263157893,0.005611519841082213,-0.0030674412300868426,-8.130104064941408,0.19975381917227544,0.13294058338142667,0.2399474671333377
4966,49.00544659999997,158.34683319122183,151.3074713364384,33.59661427905858,32.10306546447459,-8.130104064941406,0.21217105263157893,0.004179455519739861,-0.0032611440275118753,-8.18235272216797,0.1713267001413637,0.12580891756036172,0.21255757318674545
4967,49.01625369999999,158.36247419743327,151.2794245334736,33.59993284781068,32.0971147447666,-8.130104064941406,0.21217105263157893,0.007498024271839654,0.002689575680477674,-8.188622561035157,-0.11615753187894065,0.017084099366756436,0.11740714911529163
4968,49.032339699999966,158.35238214646068,151.2816895284097,33.597791606732606,32.09759531112639,-8.391347351074218,0.21217105263157893,0.005356783193768422,0.0022090093206870165,-8.189374941699219,-0.1257578794527837,-0.008895825917825829,0.12607212206995302
4969,49.0368052,158.34378673481092,151.28990204986692,33.595967909195075,32.099337770448734,-8.161453259277344,0.21217105263157893,0.0035330856562367785,0.0004665499983431687,-8.189465227378907,-0.11186312974384907,-0.05338029571800232,0.12394682636933706
4970,49.048276999999985,158.33729646481146,151.29735951402301,33.59459086177743,32.10092002846869,-8.13386596826172,0.21217105263157893,0.0021560382385885646,-0.0011157080216150916,-8.18947606166047,-0.18443404451093037,-0.17910697731452482,0.2570899183114841
4971,49.05296629999998,158.33276915233893,151.30309544321673,33.59363029712454,32.10213702660355,-8.130555493339845,0.21217105263157893,0.001195473585703155,-0.0023327061564728524,-8.137228704547695,-0.17258051369424338,-0.19662837329426525,0.261623299595655
4972,49.06398519999999,158.32987219047777,151.30714644538875,33.59301564567702,32.1029965319986,-8.130158236349219,0.21217105263157893,0.0005808221381826684,-0.0031922115515214955,-8.130959021694164,-0.09364044795344513,-0.12416872834215832,0.15551979485271505
4973,49.06873669999999,158.32821846895254,151.30977741114424,33.592664773840255,32.103554746772375,-8.130110565510345,0.21217105263157893,0.00022995030141714778,-0.003750426325296985,-8.1824553169783,-0.09614548736156053,-0.08309339986995244,0.12707662193314634
4974,49.08041479999997,158.3274645818663,151.31131341342945,33.592504820823606,32.103880641994074,-8.13010484500968,0.21217105263157893,6.999728476841938e-05,-0.004076321546996553,-8.188634872412397,0.03914910911987986,-0.019754021722563252,0.04385058858323068
4975,49.084830599999975,158.32470562477994,151.30990959746364,33.59191944999442,32.10358279288291,-8.391347444682411,0.21217105263157893,-0.0005153735444167751,-0.00377847243583318,-8.095135208126989,0.02951157999243908,0.26776387725421225,0.2693852767243581
4976,49.09644229999998,158.35051706197868,151.30678078166056,33.59739588979482,32.10291894874048,-8.161453270510327,0.21217105263157893,0.004961066255980029,-0.0031146282934031433,-8.08391524841274,0.022212352131517777,0.27024558598780923,0.27115690168813505
4977,49.10121939999999,158.34817616159174,151.27616924737603,33.596899218495615,32.09642406728866,-7.662659914922177,0.21217105263157893,0.004464394956777085,0.0033802531584186113,-8.018339971411091,-0.09441340497496914,0.38065334755090147,0.3921872792948222
4978,49.1117208,158.34271485807665,151.2813698451142,33.59574048798007,32.09752748358508,-8.074010766939098,0.21217105263157893,0.0033056644412354785,0.0022768368619949797,-7.958222280944332,-0.09008719327232785,0.4205112818954597,0.4300528346529628
4979,49.116350799999964,158.32969092011774,151.2699322223726,33.592977185353924,32.09510075112839,-7.802228460001442,0.21217105263157893,0.0005423618150857124,0.004703569318685652,-8.003256815314883,-0.3244877157075613,0.2832468464458854,0.4307215500374344
4980,49.12824869999997,158.32347020906258,151.25497423887344,33.59165733054123,32.09192710002413,-8.090758992348611,0.21217105263157893,-0.0007774929976065437,0.007877220422948028,-8.102902170376849,-0.3053566908887363,0.049053454650332735,0.3092716444869324
4981,49.132998799999996,158.30779024571484,151.2690597344638,33.58833049621252,32.09491563445038,-8.386625942363082,0.21217105263157893,-0.004104327326317048,0.004888685996697006,-8.114859612984286,-0.236667165203175,-0.05163979070358664,0.24223545378250716
4982,49.14436539999997,158.30734483690605,151.25895484640003,33.58823599335671,32.09277166971316,-8.160886690232008,0.21217105263157893,-0.004198830182126301,0.007032650733918899,-8.232772045159678,-0.10500956257110053,-0.20716698368645997,0.2322609897531651
4983,49.14965229999996,158.31315342231323,151.2741184955147,33.589468407036854,32.09598895710756,-8.13379797997628,0.21217105263157893,-0.002966416501983815,0.003815363339519706,-8.246921537020725,-0.0715419179080028,-0.13738450408606484,0.15489592628900664
4984,49.16031620000001,158.31624257511456,151.2868598092393,33.59012383583845,32.098692295052416,-8.391790620878403,0.21217105263157893,-0.002310987700390399,0.0011120253946614866,-8.196370818817487,0.08480640109716857,-0.05286984124368616,0.0999367088720977
4985,49.165083899999956,158.31751008621836,151.27302546186442,33.590392765003564,32.09575704700742,-8.161506451653846,0.21217105263157893,-0.0020420585352738385,0.0040472734396601595,-8.190304732633098,0.15405448944495403,-0.42718859561567457,0.4541176961342046
4986,49.17673989999997,158.32198030321595,151.2843742294359,33.591341215649436,32.098164926969126,-8.133872351346898,0.21217105263157893,-0.0010936078894019374,0.0016393934779515007,-8.189576802290972,0.11592575734127934,-0.32544177131125096,0.34547232556219865
4987,49.18138729999998,158.3293822505605,151.3212381351478,33.59291169460905,32.10598638064813,-8.130556259310065,0.21217105263157893,0.0004768710702123258,-0.006182060201055606,-8.137240793423354,0.11081123628643207,-0.26581899365002704,0.28799108922402544
4988,49.19250819999996,158.33160796014266,151.3264694116784,33.59338392575395,32.10709630609624,-8.130158328265646,0.21217105263157893,0.0009491022151095763,-0.0072919856491608925,-8.13096047235924,0.1000989883343495,-0.3797251191565719,0.3926970506434101
4989,49.19716549999998,158.3323957655546,151.32549018714238,33.593551075257466,32.10688854299567,-8.130110576540314,0.21217105263157893,0.0011162517186278365,-0.0070842225485918675,-8.182455491058109,0.06062511358402359,-0.29642125757331145,0.3025573769360437
4990,49.20887909999999,158.3325528462785,151.3229438588819,33.59358440324001,32.10634828584829,-8.130104846333275,0.21217105263157893,0.0011495797011704667,-0.006543965401213825,-8.240883550528537,-0.01761402315649528,0.058945895333061125,0.061521316536414836
4991,49.21398389999996,158.3297619247445,151.3178927201897,33.59299225048033,32.10527658043498,-8.391347444841243,0.21217105263157893,0.0005574269414907462,-0.005472259987904238,-8.183666035829049,-0.02222028007680891,0.2778865745771444,0.2787735446144606
4992,49.22443340000001,158.32713839149486,151.3132699981163,33.592435612669135,32.10429577262665,-8.4226965566622,0.21217105263157893,7.891302971074765e-07,-0.004491452179571809,-8.17679993406511,-0.026112712721413786,0.26157788988366026,0.2628780444268014
4993,49.229341499999975,158.32758790960312,151.29025527022526,33.59253098739934,32.09941271358397,-7.844070754768214,0.21217105263157893,9.616386050481651e-05,0.00039160686310424353,-8.175976001853439,-0.02081857680362622,0.21143755301901157,0.21246000086321146
4994,49.24043069999999,158.32844650553224,151.29218559888338,33.59271315660141,32.099822273447295,-8.095780067720623,0.21217105263157893,0.00027833306257463164,-1.7953000217119097e-05,-8.175877129988038,-0.005791485080903363,0.16017836442157093,0.1602830300693492
4995,49.24558689999998,158.32915894360326,151.29715730760591,33.592864315336875,32.10087712612033,-8.125985185274912,0.21217105263157893,0.000429491798037418,-0.0010728056732531854,-8.123616608137628,-0.002807602473829417,0.19749002932576668,0.19750998535452133
4996,49.2564802,158.32706091429438,151.29953728022292,33.592419174249954,32.101382087415715,-8.39085308551424,0.21217105263157893,-1.564928888342365e-05,-0.0015777669686372064,-8.181574227351515,0.005148344715940689,-0.05811908947110773,0.05834667097842669
4997,49.27271609999997,158.324126275816,151.2780787853928,33.591796528914905,32.096829215979724,-8.161393947410147,0.21217105263157893,-0.0006382946239327225,0.0029751044673531624,-8.240777798883745,-0.0019092634569153862,-0.07561607764455351,0.07564017771855813
4998,49.27750579999997,158.32546296603059,151.28447075945928,33.59208013588478,32.0981854078458,-8.133858850837655,0.21217105263157893,-0.00035468765405965996,0.0016189126012804422,-8.247882227467613,0.19022009037451001,0.1477158361279356,0.24083947148476698
4999,49.28867359999998,158.3244702322581,151.29101961294234,33.59186950651529,32.09957488498283,-8.391797925381768,0.21217105263157893,-0.000565317023550449,0.0002294354642486951,-8.196486101671114,0.0819178841400436,0.2040722560782753,0.21990003511336412
5000,49.293664699999965,158.34775805925275,151.26956389164837,33.59681050928224,32.09502260201092,-8.16150732819425,0.21217105263157893,0.004375685743404745,0.004781718436156268,-8.242567223802098,0.06547132102829441,0.057923842405696174,0.0874166196797263
5001,49.30463040000001,158.31765900918086,151.25739625366913,33.59042436214528,32.092440981452825,-8.133872456531748,0.21217105263157893,-0.0020104613935600923,0.007363338994252899,-8.318614048301566,0.05968240812553015,0.028971086628862233,0.06634239745531803
5002,49.31031519999999,158.3144281787697,151.2694619465953,33.58973887345607,32.0950009722217,-8.39179955806506,0.21217105263157893,-0.00269595008276724,0.0048033482253799775,-8.275491010014939,0.0687363714499099,0.17156633677292954,0.18482342025236484
5003,49.3206467,158.31590201978418,151.29029874755568,33.59005157985552,32.09942193821494,-8.514092973334995,0.21217105263157893,-0.002383243683318881,0.0003823822321393777,-8.340833335264293,-0.1792819750952839,-0.1515968703017376,0.23478423643709098
5004,49.3257572,158.31653813499886,151.27612232678177,33.59018654509022,32.09641411209679,-8.176182733948638,0.21217105263157893,-0.0022482784486186347,0.0033902083502894698,-8.348674414294216,-0.0435209906197421,-0.054283504653090064,0.06957568182882386
5005,49.33672200000001,158.30361170169513,151.31249073671256,33.58744393012939,32.10413043591434,-8.488218954441024,0.21217105263157893,-0.0049908934094489155,-0.004326115467264913,-8.349615343777806,0.0011556086664954203,0.026985400692614896,0.02701013294915558
5006,49.3420443,158.30603064685582,151.29437956143462,33.58795716027039,32.100287768791226,-8.173077851681361,0.21217105263157893,-0.004477663268446008,-0.0004834483441484849,-8.279211165472088,0.02422125243465702,0.2744810771773989,0.27554769241996674
5007,49.352590599999985,158.31114049790727,151.2965655340687,33.58904132274677,32.10075156890602,-8.396504205483012,0.21217105263157893,-0.0033935007920646854,-0.0009472484589423402,-8.323011321301962,0.13353866005745907,0.14919068682190792,0.20022595926685988
5008,49.35765779999997,158.31461769944195,151.27723095437787,33.5897790842566,32.09664933078083,-8.162072081806398,0.21217105263157893,-0.002655739282239722,0.003154989666249719,-8.257750250157798,0.16907389337113632,0.4109533751825449,0.44437445695449224
5009,49.368651899999975,158.34430874378347,151.27919450643793,33.596078664388266,32.09706593968831,-8.395183513098017,0.21217105263157893,0.003643840849427704,0.0027383807587710862,-8.249918921620498,0.1263965827096546,0.31803503772259517,0.3422314733333144
5010,49.3738788,158.3425238445265,151.26428823358287,33.595699960434075,32.09390326008584,-8.161913598720199,0.21217105263157893,0.0032651368952372195,0.005901060361239274,-8.196730504969459,0.26325774925892076,0.4269293955008817,0.5015708836122977
5011,49.384552499999984,158.3366401123235,151.25133909685383,33.59445160277916,32.09115582811536,-8.133921208994861,0.21217105263157893,0.002016779240321398,0.008648492331715829,-8.190347894971335,0.2038175114390031,0.2845845028840518,0.350042736320797
5012,49.389873499999965,158.35637980591102,151.23878729030932,33.59863979434625,32.08849269810839,-8.13056212222782,0.21217105263157893,0.006204970807409893,0.01131162233868821,-8.137333324544999,0.005431419524254966,0.30823786011147775,0.30828570956849655
5013,49.40065010000001,158.34867944403118,151.2338176663003,33.59700600046056,32.08743828775121,-8.130159031815776,0.21217105263157893,0.004571176921722042,0.01236603269586567,-8.1832202333204,0.09243596573726097,0.1151842623425282,0.14768825969985713
5014,49.40559669999999,158.33891232920232,151.2319438352478,33.59493370142614,32.087040715044346,-8.13011066096633,0.21217105263157893,0.0024988778873051842,0.012763605402732026,-8.188726662373448,0.03864913527052653,0.07779441775460438,0.0868661446763776
5015,49.416830000000004,158.35810842530807,151.25101395687895,33.59900655734332,32.091086842824645,-8.39134814259721,0.21217105263157893,0.006571733804484836,0.008717477622433023,-8.189387433859814,-0.1480653273342406,-0.10884620385247301,0.18376843377383922
5016,49.42196439999998,158.3487701273216,151.24930904543615,33.597025240829744,32.09072510996918,-8.161453354260102,0.21217105263157893,0.004590417290906146,0.009079210477899835,-8.189466726438178,-0.18858933408862066,-0.07926189728167213,0.2045687788805509
5017,49.4325422,158.3414680459537,151.27088176941305,33.595475950539516,32.09530221752349,-8.13386597965965,0.21217105263157893,0.0030411270006780455,0.004502102923588325,-8.241724898774144,-0.1281259062114166,-0.15302015815260156,0.1995780966026681
5018,49.43794489999999,158.33244808164892,151.2646236594549,33.593562175218274,32.09397442774619,-8.130555494707595,0.21217105263157893,0.0011273516794361171,0.00582989270088774,-8.195747222227897,-0.24000401577673314,0.0017413758384281913,0.24001033306665992
5019,49.44866559999997,158.32655559725708,151.27919702792212,33.59231196060224,32.097066474674264,-8.391401522646161,0.21217105263157893,-0.00012286293659968806,0.00273784577281333,-8.190229901042349,-0.17455470570735218,0.030372957734590394,0.17717748684899992
5020,49.45378489999996,158.32180667332878,151.2692172006727,33.591304376413504,32.09494904422167,-8.161459759865977,0.21217105263157893,-0.0011304471253339443,0.004855276225406158,-8.18956782250008,-0.1596915739062149,0.19352016500250857,0.2509012814619372
5021,49.4647147,158.3187856799544,151.25821323805988,33.59066340906927,32.09261432189099,-8.133866748332355,0.21217105263157893,-0.0017714144695659684,0.007189998556086152,-8.18948837307501,-0.09126955589968722,0.16745924844221127,0.19071636459139096
5022,49.46947990000001,158.31716523358494,151.2496107393711,33.59031959725733,32.09078912068893,-8.13055558694832,0.21217105263157893,-0.0021152262815107292,0.009015199758145798,-8.04298897097994,0.004604742845989024,0.26054615398630965,0.2605868415974519
5023,49.48055049999999,158.31653306750843,151.24358632526113,33.59018546991544,32.08951091440573,-8.130158247582235,0.21217105263157893,-0.002249353623398065,0.010293406041348874,-8.077657699955093,0.2517971879947537,0.019910368777149134,0.2525831480263626
5024,49.496433199999956,158.34368815104423,151.23033525103526,33.59594699257352,32.08669942003873,-7.658904512170805,0.21217105263157893,0.0035121690346855416,0.013104900408350773,-8.08181794743211,0.22517751327937474,-0.018687727634819733,0.225951640071136
5025,49.501343099999985,158.36773516845741,151.24860668413967,33.60104907357073,32.09057608923358,-8.334803404741747,0.21217105263157893,0.00861425003188998,0.009228231213498361,-8.082317177129353,-0.0902659278620147,-0.10033244085585327,0.13496124043918586
5026,49.51237809999998,158.35776266174324,151.2475342277186,33.598933196323806,32.09034854502582,-8.154667985717447,0.21217105263157893,0.0064983727849678985,0.00945577542125875,-8.082377084693022,-0.11519298820721288,-0.11208594625629933,0.1607254923161759
5027,49.517248800000004,158.31989898788453,151.24811264758551,33.59089962078471,32.09047126897784,-8.133051735434531,0.21217105263157893,-0.0015352027541268853,0.009333051469234022,-8.176625484538162,0.022980479690488914,-0.09334781400739114,0.09613488870729224
5028,49.528234,158.31281867996978,151.24517740739174,33.58939738440148,32.089848495976206,-8.130457785400582,0.21217105263157893,-0.003037439137358433,0.009955824470871733,-8.135686635293018,-0.18145522431283387,-0.0240327167636743,0.18303980415599183
5029,49.53310269999997,158.33699619677083,151.23896548439978,33.59452715359117,32.08853050573614,-8.130146511396507,0.21217105263157893,0.002092330052335001,0.011273814710939689,-8.1307739733836,-0.4160180021618972,-0.02914009057290228,0.41703731607779804
5030,49.54455869999998,158.33791210041406,151.26288415981816,33.59472148183127,32.0936053562772,-8.130109158516019,0.21217105263157893,0.0022866582924336853,0.006198964169875865,-8.13018445395447,-0.09260334038588372,-0.0023210663886303502,0.09263242412786288
5031,49.549385400000006,158.30686967639022,151.26299600898247,33.588135178049896,32.093629087432134,-8.13010467617036,0.21217105263157893,-0.004299645488941906,0.00617523301494316,-8.182362368849535,-0.03228074001214431,-0.165631187812183,0.16874755272834713
5032,49.562594099999956,158.3048591868101,151.2562165217087,33.58770861035937,32.09219067648095,-8.13010413828888,0.21217105263157893,-0.004726213179466754,0.007613643966124073,-8.188623718636943,-0.32008653087534533,-0.3071719248289176,0.4436327069219712
5033,49.567296999999996,158.30851345443753,151.27305924827584,33.58848394016849,32.09576421550589,-8.391347359875915,0.21217105263157893,-0.003950883370350766,0.004040104941189782,-8.189375080611434,-0.07767101595492185,-0.08543164899352357,0.11546148002352274
5034,49.577541199999985,158.28990494785313,151.29415865530777,33.58453575373857,32.10024089890576,-8.161453260333548,0.21217105263157893,-0.007899069800267,-0.00043657845868239065,-8.189465244048373,0.2119959342513117,-0.030299118969619926,0.2141502107153333
5035,49.582840499999975,158.32060213622094,151.2775313910696,33.5910488085074,32.096713074749964,-8.133865968388463,0.21217105263157893,-0.001386015031435761,0.0030912456971137203,-8.189476063660805,0.2187404610321182,0.05171807167339919,0.22477132430574517
5036,49.594074699999965,158.32503810485696,151.26319571818192,33.59198999264235,32.0936714599432,-8.130555493355054,0.21217105263157893,-0.00044483089649105523,0.006132860503875293,-8.137228704787734,0.18257970220725836,0.2334346097620362,0.2963563137387919
5037,49.59851169999996,158.3250679715879,151.25234251690696,33.59199632949809,32.09136872480427,-8.130158236351043,0.21217105263157893,-0.00043849404075047005,0.00843559564280838,-8.130959021722965,0.251430849941773,0.36184192023904993,0.4406212064174004
5038,49.60932709999997,158.32425534344327,151.244761320163,33.59182391332924,32.0897602143109,-8.130110565510563,0.21217105263157893,-0.000610910209594806,0.010044106136177788,-8.182455316981757,0.005960573969554794,0.14953683128518477,0.14965557909032443
5039,49.614369099999976,158.32327743115513,151.2398887890889,33.59161642864969,32.08872640426392,-8.130104845009706,0.21217105263157893,-0.0008183948891513637,0.011077916183154457,-8.188634872412813,-0.018508483903365177,0.1313329065511001,0.13263067638959367
5040,49.62526809999997,158.3233642037846,151.26022114184966,33.59163483928982,32.09304034095165,-8.391347444682415,0.21217105263157893,-0.0007999842490207243,0.006763979495424621,-8.189376419064537,-0.022358620657712398,0.05291329105922753,0.05744322665409744
5041,49.63033389999998,158.3224433817884,151.25592999134582,33.591439467517596,32.09212988303225,-8.161453270510327,0.21217105263157893,-0.000995356021242344,0.007674437414827651,-8.189465404662744,0.17792851234914414,0.09180953250775592,0.20021874479197055
5042,49.6407792,158.32156597015887,151.24968329142646,33.591253306168575,32.09080451413489,-8.133865969609676,0.21217105263157893,-0.0011815173702629522,0.008999806312189662,-8.18947608293453,0.18557183118869508,-0.03621064854057461,0.18907172077932374
5043,49.64607309999997,158.3461551225746,151.24111994366515,33.596470412519935,32.08898761962632,-8.130555493501598,0.21217105263157893,0.004035588981096794,0.010816700820754477,-8.137228707100581,0.12515187378342063,0.07963162241837789,0.1483380827720392
5044,49.65697119999999,158.34600438410882,151.26346672812204,33.59643843018098,32.09372896040747,-8.13015823636863,0.21217105263157893,0.004003606642143609,0.006075360039609734,-8.130959022000507,0.2038028327183602,0.08388930552719182,0.22039285425317773
5045,49.662126099999966,158.33870561977452,151.2590108234273,33.59488984366926,32.09278354641796,-8.130110565512673,0.21217105263157893,0.0024550201304194275,0.007020774029115273,-8.130206659788499,0.3524232751310823,0.13427858330966727,0.3771377769327408
5046,49.67313999999999,158.35711764106188,151.24857604978362,33.59879634160688,32.09056958951001,-8.130104845009958,0.21217105263157893,0.006361518068040084,0.009234730937066615,-8.130116376323059,0.10650572820440149,0.07487484314489877,0.13019106066210168
5047,49.67801909999997,158.3737962228194,151.23986437987966,33.60233505385477,32.08872122533631,-8.130104158549633,0.21217105263157893,0.009900230315935232,0.011083095110770103,-8.130105542307206,-0.03832211038489697,0.16991702086680194,0.1741848963733694
5048,49.689801399999965,158.3602411863526,151.23729954223583,33.59945906749915,32.08817704103359,-8.130104076174394,0.21217105263157893,0.007024243960309207,0.011627279413488623,-8.035863031287803,-0.017264932977501965,0.20631019616443178,0.20703133809190327
5049,49.694096299999956,158.3455232995349,151.23648680755608,33.596336357960524,32.08800460226107,-8.130104066289364,0.21217105263157893,0.0039015344216863923,0.011799718186004782,-8.024553929965474,-0.11051170303590631,0.15898605236623348,0.19362179979252098
5050,49.70460609999998,158.33585788335796,151.2183885179596,33.59428563643614,32.084164669106556,-7.658898010415661,0.21217105263157893,0.0018508128973024895,0.015639651340521254,-8.023196837806795,-0.3063946097590742,0.037999949321642884,0.3087420493516599
5051,49.72073499999999,158.32737834681035,151.22109522227402,33.59248652424101,32.08473895341011,-8.073559338398317,0.21217105263157893,5.1700702172752244e-05,0.015065367036967814,-8.023033986747754,-0.3675173852359018,-0.002903965202669133,0.36752885800237856
5052,49.725619300000005,158.32152801667,151.22630011708134,33.59124525353688,32.08584328142022,-8.123318697756236,0.21217105263157893,-0.001189570001955076,0.013961039026860078,-8.023014444620669,0.009464374271688475,-0.007676639492373691,0.012186269907172996
5053,49.73674599999998,158.2927001802837,151.23460343431023,33.585128821145716,32.087605004977,-8.129289820879187,0.21217105263157893,-0.0073060023931219575,0.012199315470077465,-8.11725331050292,-0.03872763371379609,-0.10322192316835449,0.1102478799598597
5054,49.74164109999998,158.31941314471834,151.23422768555668,33.59079653892872,32.08752528196844,-8.13000635565394,0.21217105263157893,-0.0016382846101166137,0.012279038478638427,-8.128561974408788,0.002366407475040834,-0.10672401387492207,0.1067502460039905
5055,49.75267829999996,158.2967278896765,151.24007265991358,33.58598338448728,32.08876541633035,-8.130092339826911,0.21217105263157893,-0.00645143905155976,0.011038904116730919,-8.129919014077492,0.07743923500099151,-0.06317038209690323,0.0999366413874688
5056,49.7586154,158.29935613779716,151.24155899469017,33.58654102265762,32.08908077354446,-8.130102657927667,0.21217105263157893,-0.0058938008812177145,0.010723546902617898,-8.130081858837736,0.231565688870798,-0.03134119964882519,0.23367699727965255
5057,49.76858949999996,158.30505509303285,151.24195055452577,33.58775017598887,32.08916385120695,-8.130103896099758,0.21217105263157893,-0.004684647549964893,0.010640469240129846,-8.130101400208966,-0.07747619573996448,-0.046955447676359084,0.09059456370458763
5058,49.77357079999996,158.31024190653307,151.2419314686769,33.58885066766902,32.089159801742305,-8.130104044680408,0.21217105263157893,-0.003584155869816641,0.010644518704772565,-8.130103745173514,0.29915371098900073,0.01588161331111494,0.29957497966261193
5059,49.7851857,158.2890358282163,151.2453137681531,33.58435135171036,32.08987742778248,-8.130104062510087,0.21217105263157893,-0.008083471828477684,0.009926892664594789,-8.13010402656926,0.40115612724467903,0.04396102230139282,0.40355769092873534
5060,49.78980630000001,158.32054958809962,151.24091846414876,33.59103765931719,32.08894487150524,-8.130104064649649,0.21217105263157893,-0.001397164221650371,0.010859448941836547,-8.13010406033675,0.3830402122265782,-0.14993619517376452,0.41134008655341053
5061,49.80052079999996,158.35104798386922,151.2365108470149,33.597508536051194,32.088009702738354,-8.130104064906396,0.21217105263157893,0.00507371251235611,0.011794617708723365,-8.13010406438885,0.30822743145042647,-0.1404736897375075,0.3387285151961625
5062,49.806062199999985,158.35184848176007,151.26204904526512,33.59767837853133,32.093428169143415,-8.130104064937205,0.21217105263157893,0.005243554992489408,0.006376151303662425,-8.1301040648751,0.522209524865968,-0.05571231694383767,0.5251729716198185
5063,49.81667759999999,158.34418657402182,151.25964121909445,33.59605274350134,32.09291729813023,-8.130104064940902,0.21217105263157893,0.0036179199625010483,0.006887022316846014,-8.13010406493345,0.29527806666539824,-0.06320122471851448,0.30196610978647176
5064,49.822134199999994,158.36173998561497,151.2503307653837,33.59977706931633,32.09094188936594,-8.130104064941346,0.21217105263157893,0.007342245777493872,0.008862431081134048,-8.200621154784201,-0.028684865755706945,-0.4347260359623822,0.4356713760014414
5065,49.832792600000005,158.377433757852,151.24207308282513,33.60310683349162,32.0891898481652,-8.1301040649414,0.21217105263157893,0.010672009952784833,0.010614472281879728,-8.20908320556629,-0.08987487970122797,-0.20838886000565335,0.22694362951130836
5066,49.838661299999956,158.34933433247662,151.29104118703313,33.597144948831385,32.09957946238038,-8.482689514160155,0.21217105263157893,0.004710125292547218,0.0002248580666943667,-8.210098651660141,-0.14323713386072134,-0.0873976328650728,0.1677951809410874
5067,49.8492966,158.33553461032068,151.283328266678,33.59421704725553,32.09794300394977,-8.172414318847656,0.21217105263157893,0.0017822237166953414,0.0018613164973046992,-8.210220505191405,-0.20421205938700487,-0.1007833748702435,0.22772758693078365
5068,49.85373019999997,158.3267591771438,151.26968124683762,33.5923551543611,32.095047501384954,-8.135181295410156,0.21217105263157893,-7.966917773671867e-05,0.004756819062123441,-8.210235127615157,-0.32480202642048256,-0.060725569085922096,0.3304299488661113
5069,49.8647512,158.34637639488213,151.25435294386156,33.596517360098346,32.09179527920747,-8.130713332597656,0.21217105263157893,0.0040825365595082985,0.008009041239610326,-8.139719792462257,-0.15342244164774568,0.31323287256993726,0.34878829977447706
5070,49.86958279999999,158.33976010913466,151.24604860197962,33.59511357578679,32.090033338248965,-8.130177177060157,0.21217105263157893,0.002678752247952332,0.009770982198112677,-8.131257952243908,0.06904399248086254,0.34083488739749707,0.3477578084888417
5071,49.880514000000005,158.3315693325323,151.2409249294571,33.5933757300932,32.088946243256515,-8.130112838395656,0.21217105263157893,0.0009409065543621864,0.010858077190562199,-8.182491188644269,0.12791207035507016,0.12488727278659748,0.17876892528231642
5072,49.885324699999956,158.35054793039743,151.2343069217916,33.59740243917971,32.08754209360381,-8.130105117755916,0.21217105263157893,0.004967615640872225,0.012262226843269275,-8.188639177012313,0.005170315755927239,-0.12643833602772037,0.12654400413482544
5073,49.896311699999956,158.34404337120023,151.25640076849334,33.59602236000794,32.09222976831519,-8.39134747741196,0.21217105263157893,0.003587536469105146,0.007574552131885071,-8.189376935616478,0.03465132531007452,-0.16899787055168106,0.17251375190618098
5074,49.90132729999999,158.33846334772105,151.2791308916412,33.59483844055265,32.09705244246992,-8.161453274437873,0.21217105263157893,0.002403617013811754,0.002751877977154038,-8.189465466648977,0.26108903255699617,-0.2827380070296872,0.3848483643471382
5075,49.91285349999998,158.330687409873,151.27088040645123,33.59318861163424,32.095301928342444,-8.133865970080983,0.21217105263157893,0.0007537880954018306,0.004502392104633657,-8.12524720853694,0.07647583267091784,-0.31031307628919036,0.31959780709318253
5076,49.917841599999974,158.3535673448794,151.28191242595793,33.598043071528686,32.097642603533835,-8.130555493558155,0.21217105263157893,0.0056082479898478255,0.0021617169132426284,-8.065292360336933,0.23379670547624365,-0.08417840347054609,0.24848924142182788
5077,49.9284093,158.349282202562,151.27424181994837,33.597133888372525,32.096015122982465,-7.809013827195728,0.21217105263157893,0.004699064833687316,0.0037891974646129256,-8.058097778552932,0.23487229393765865,0.14534321865657818,0.276205803105206
5078,49.93322380000001,158.36428121588236,151.25826655253326,33.600316244817144,32.09262563367893,-8.091573236411925,0.21217105263157893,0.007881421278305822,0.007178686768149589,-8.057234428738852,0.2298290983854156,0.13152192754502584,0.2648007399721762
5079,49.94419369999997,158.35235488990187,151.24864598873936,33.597785823679835,32.09058442853187,-8.125480365517868,0.21217105263157893,0.005351000140997542,0.009219891915208223,-7.992901944925225,-0.020449606092616583,0.22550852066622223,0.22643382980997154
5080,49.960195,158.33965819564347,151.24240401501012,33.59509195269409,32.08926006239524,-8.129549221010581,0.21217105263157893,0.0026571291552528464,0.010544258051837119,-8.049410928703526,-0.029190099288443384,0.203850972736272,0.2059302818479922
5081,49.96500099999997,158.33335687143637,151.24238858687065,33.593754994104096,32.089256788990646,-7.80889307449002,0.21217105263157893,0.0013201705652576834,0.010547531456431614,-8.056192006756923,-0.1746541155745771,-0.1438725063256837,0.22628159042125287
5082,49.976749299999994,158.32617311689708,151.23985712836262,33.59223080934165,32.088719686774304,-8.091558746087241,0.21217105263157893,-0.00020401419718751868,0.011084633672773236,-8.109254393349893,-0.13828825406237708,-0.25350709042777814,0.2887723776762214
5083,49.98156549999999,158.324667544683,151.26334215568016,33.59191137050017,32.09370252974135,-8.125478626678907,0.21217105263157893,-0.0005234530386672986,0.006101790705727694,-8.11562187974105,-0.1270604080949372,-0.18715542161416307,0.22621118262549958
5084,49.992688499999986,158.32210711412432,151.28232511485592,33.591368121253346,32.09773016417173,-8.390792298482719,0.21217105263157893,-0.0010667022854917718,0.002074156275348571,-8.180614859943926,-0.07755030326273997,-0.14328440946742438,0.16292474192881654
5085,49.99765719999999,158.31947924460889,151.27261762709168,33.59081056341208,32.09567051627438,-8.161386652966364,0.21217105263157893,-0.001624260126760646,0.004133804172695932,-8.188414017568272,-0.0575959531565122,-0.07545567539402598,0.09492551168772156
5086,50.008741199999974,158.31787885690616,151.2611227466028,33.59047100746857,32.09323163538119,-8.133857975504402,0.21217105263157893,-0.0019638160702655227,0.006572685065890482,-8.189349916483193,-0.04474037820253799,0.15669817439476602,0.162960177038314
5087,50.013838899999996,158.31715890983475,151.25187593152165,33.590318255540595,32.09126972889192,-8.130554534208965,0.21217105263157893,-0.002116567998243113,0.008534591555154236,-8.137213567126421,-0.03265870569306913,0.26870452415817403,0.27068193947993135
5088,50.02502659999999,158.31705091777405,151.24522310115404,33.590295342751396,32.08985819086985,-8.130158121253514,0.21217105263157893,-0.002139480787441528,0.009946129577230067,-8.13095720520361,-0.008507319361806669,0.19594622786502391,0.19613082036552962
5089,50.029724999999985,158.3173070883497,151.24084001424538,33.59034969473209,32.08892822670666,-8.13011055169886,0.21217105263157893,-0.002085128806747605,0.010876093740414206,-8.130206441772872,0.034070497899572484,-0.06102109917710766,0.06988829209465046
5090,50.040665099999956,158.31774758302782,151.23822408563288,33.59044315495162,32.088373202379344,-8.130104843352301,0.21217105263157893,-0.001991668587216111,0.011431118067733337,-8.130116350161183,0.04008399849229707,-0.12386901540207619,0.13019316384438262
5091,50.0454378,158.32184731811822,151.2621763313508,33.59131300006126,32.0934551755662,-8.130104158350713,0.21217105263157893,-0.00112182347757539,0.00634914488087901,-8.182354196394343,0.27953958779632193,-0.2644659142425604,0.3848176203625438
5092,50.056542699999966,158.32185268975874,151.2584800446733,33.59131413976789,32.09267093053101,-8.130104076150523,0.21217105263157893,-0.0011206837709494266,0.007133389916070598,-8.240871395168883,0.2660312449882941,-0.36113204995830084,0.4485409466449038
5093,50.06127649999996,158.34851975527044,151.2713495213494,33.596972119128104,32.095401460944196,-8.391347352419313,0.21217105263157893,0.004537295589265966,0.004402859502881995,-8.247893459021828,0.419739570250664,-0.23644993994892421,0.48175707668498446
5094,50.07266229999999,158.3455160309175,151.28666495261646,33.59633481577033,32.09865095211764,-8.422696545571567,0.21217105263157893,0.003899992231488625,0.0011533683294402408,-8.248736106684182,0.34603237016471544,0.022749828980028287,0.34677940527146534
5095,50.077511200000004,158.36327531113176,151.27125825729678,33.60010282094736,32.09538209735408,-8.165215162617026,0.21217105263157893,0.007667997408525196,0.00442222309299467,-8.248837224403665,0.4675148400332601,0.12269403492440917,0.4833466166814007
5096,50.08888029999997,158.35329348172834,151.25886958576245,33.59798496569565,32.092753579873936,-8.13431739666248,0.21217105263157893,0.00555014215681382,0.007050740573141923,-8.19660070130344,0.18150900889963112,0.2597670436101601,0.3168981496596173
5097,50.093638999999996,158.36691919315768,151.2460775997296,33.60087594723247,32.0900394907321,-8.130609664747935,0.21217105263157893,0.008441123693629038,0.00976482971497461,-8.190332318531413,0.314624553602862,0.17531852378634474,0.3601738392948929
5098,50.10507089999999,158.35426807306544,151.24022890070162,33.598191745765526,32.08879856610281,-8.13016473691819,0.21217105263157893,0.005756922226687777,0.01100575434426787,-8.241828769825332,0.11182681018402918,-0.03094458359629683,0.11602931840652643
5099,50.10991769999998,158.36819376930944,151.25639413735132,33.60114637539624,32.092228361378815,-8.391354631711433,0.21217105263157893,0.008711551857402355,0.00757595906826225,-8.248008343980603,0.02585981554309505,-0.005290973084308412,0.026395538564344095
5100,50.12133549999999,158.35544497726164,151.27561503490932,33.59844145076768,32.09630647944622,-8.42269741908662,0.21217105263157893,0.006006627228842376,0.0034978410008577043,-8.248749892879236,-0.13848778311067994,-0.07999905168637589,0.15993346848496148
5101,50.1262327,158.3412241562572,151.26731805479696,33.595424204205884,32.094546100442116,-8.165215267438832,0.21217105263157893,0.0029893806670457934,0.005258220004961345,-8.248838878747069,-0.12111656901239441,-0.23488190942917098,0.26427019254245715
5102,50.13705479999999,158.3302973929698,151.25727986764338,33.59310586133734,32.09241628770722,-8.134317409241097,0.21217105263157893,0.0006710377985044147,0.007388032739854111,-8.196600899824649,-0.24910093013386952,-0.16135054656582107,0.2967916310657161
5103,50.142567499999984,158.32645348345716,151.27458059708985,33.592290295009825,32.09608700168518,-8.130609666257369,0.21217105263157893,-0.00014452852901314373,0.003717318761900401,-8.138083685127397,-0.20379116590363594,-0.1901490748588736,0.2787247925284882
5104,50.152774799999975,158.32499493902247,151.29093684542283,33.591980834101804,32.09955732411109,-8.130164737099323,0.21217105263157893,-0.00045398943703389705,0.0002469963359885696,-8.131061619363726,-0.07906307388865363,-0.2895919636529566,0.3001907311445476
5105,50.15778889999996,158.32475021741584,151.30278054146186,33.59192891126092,32.10207021356674,-8.130111345600357,0.21217105263157893,-0.0005059122779158542,-0.002265893119663076,-8.182467628698648,-0.11551924599884655,-0.34619024142265714,0.3649553115826918
5106,50.16955509999997,158.32516745814948,151.31041952262552,33.59201743766658,32.10369098424127,-8.13010493862048,0.21217105263157893,-0.0004173858722609225,-0.003886663794190781,-8.18863634981884,-0.04718397419836813,-0.22789970132170975,0.23273289686607862
5107,50.1845404,158.29716302765797,151.31650692863798,33.58607570817085,32.10498255558272,-8.391347455915707,0.21217105263157893,-0.006359115367985169,-0.005178235135645082,-8.189376596353261,-0.009225865533718486,-0.15982564602699179,0.16009170410359036
5108,50.18958470000001,158.30176897319166,151.31827605760625,33.58705295648309,32.105357913538164,-8.161453271858322,0.21217105263157893,-0.00538186705574617,-0.005553593091086384,-8.125236544101455,0.05056351457283358,0.12152201021658077,0.1316216850410141
5109,50.20056410000001,158.31002135794162,151.318256087596,33.58880387364221,32.10535367648007,-8.133865969771437,0.21217105263157893,-0.0036309498966247133,-0.005549356032993558,-8.1697883950578,0.061104320994968056,0.15180931599453387,0.16364536799733848
5110,50.20581279999999,158.31716055232405,151.29585395269018,33.59031860402928,32.10060059193591,-7.809411084341322,0.21217105263157893,-0.002116219509559869,-0.0007962714888307687,-8.122885959945998,0.17411211773074453,0.1350389735331823,0.2203419023099786
5111,50.2164846,158.3201898970576,151.29516544641913,33.590961343290175,32.10045451083563,-8.352864193402208,0.21217105263157893,-0.001473480248662895,-0.0006501903885549609,-8.023016456795082,0.14823228130287527,0.2592736958971934,0.2986564223391907
5112,50.22197139999997,158.32454825994924,151.29956275031248,33.591886061732644,32.101387491431424,-8.156835280356702,0.21217105263157893,-0.000548761806193454,-0.0015831709843467934,-8.011032116416972,-0.05313752154462095,0.17974780932690104,0.1874376460418905
5113,50.23259680000001,158.32777006858223,151.2721812692363,33.592569636261686,32.09557793376889,-7.662105756103742,0.21217105263157893,0.0001348127228482099,0.004226386678190863,-8.073822877407537,-0.09161379476694971,-0.04276005403924799,0.10110148175491886
5114,50.23837649999996,158.3046869031096,151.28300248335418,33.58767205674529,32.09787388215903,-8.073944267880886,0.21217105263157893,-0.004762766793547257,0.0019304382880491744,-8.029109111499842,-0.04685115913199131,-0.10599371558004536,0.11588657754233112
5115,50.24841709999998,158.30923987018323,151.29279674701482,33.5886380645619,32.099951941389655,-8.123364889294145,0.21217105263157893,-0.0037967589769394294,-0.0001476209425774755,-8.02374345959092,-0.05718619196070236,-0.09337309807067486,0.1094933605031929
5116,50.25373259999998,158.31635592071302,151.30037474276511,33.59014788449338,32.10155977272483,-8.129295363863735,0.21217105263157893,-0.002286939045454517,-0.0017554522777558645,-8.117340792299348,-0.034286161825185464,-0.23254015875037232,0.23505417742374024
5117,50.264454099999966,158.32226112736475,151.30577856248897,33.59140079840469,32.10270630684387,-8.130007020812085,0.21217105263157893,-0.001034025134146077,-0.002901986396793177,-8.12857247222436,0.14572698268667647,-0.1609649248331321,0.2171314360232041
5118,50.269521199999986,158.32653207071604,151.30933876923663,33.59230696895126,32.10346167965711,-8.130092419645887,0.21217105263157893,-0.00012785458757491597,-0.0036573592100310748,-8.129920273815362,0.14038335855264908,-0.12823191100973838,0.1901339274294072
5119,50.280927399999996,158.32936463726756,151.31145513667454,33.59290795757815,32.10391071156417,-8.130102667505945,0.21217105263157893,0.0004731340393107075,-0.0041063911170908796,-8.130082010006282,0.08709007233728587,-0.06911953894828139,0.11118539186483391
5120,50.2861054,158.3310605793792,151.31251188012033,33.593267787401174,32.10413492193342,-8.130103897249152,0.21217105263157893,0.0008329638623365554,-0.004330601486344676,-8.130101418349192,0.06614189545695659,-0.046732692313639884,0.08098576952477707
5121,50.29653589999998,158.331924559319,151.31285197122702,33.59345109893445,32.10420707942152,-8.130104044818335,0.21217105263157893,0.0010162753956137749,-0.004402758974443088,-8.13010374735034,-0.06604778769169932,-0.0292879651303292,0.07225022602347461
5122,50.30152959999998,158.33220979595836,151.3127343752739,33.59351161789248,32.10418212896436,-8.130104062526637,0.21217105263157893,0.0010767943536436064,-0.004377808517283199,-8.130104026830479,-0.05184386570842124,-0.01379773809856507,0.053648522703140765
5123,50.31268109999996,158.30687034878827,151.31598516849812,33.5881353207133,32.10487185318463,-8.130104064651634,0.21217105263157893,-0.004299502825539037,-0.00506753273755578,-8.130104060368096,-0.05682434867027424,0.08854148530258928,0.10520741999207818
5124,50.31784060000001,158.3098786663319,151.31505906067508,33.58877359861318,32.10467535991297,-8.130104064906634,0.21217105263157893,-0.003661224925657791,-0.004871039465889737,-8.13010406439261,-0.018114182394626185,0.0753465256770052,0.0774933709127522
5125,50.32992389999998,158.31241807924664,151.28838358444304,33.58931238852437,32.09901559604137,-8.130104064937234,0.21217105263157893,-0.0031224350144682944,0.0007887244057087628,-8.130104064875551,0.0024326539444924564,0.049007256639348254,0.049067596319043366
5126,50.33579409999999,158.31825934884986,151.2904003294145,33.59055173684479,32.09944349094485,-8.130104064940905,0.21217105263157893,-0.001883086694050462,0.0003608295022274888,-8.130104064933505,0.09928461025926333,0.23614020075966177,0.25616328435032837
5127,50.34503189999998,158.32325998997396,151.29591676938287,33.59161272813592,32.100613919819715,-8.130104064941346,0.21217105263157893,-0.0008220954029170002,-0.0008095993726371375,-8.130104064940458,0.08596199111488786,0.20023675441834565,0.21790874635137739
5128,50.34994849999998,158.3233097077246,151.27566803298555,33.59162327680341,32.09631772410384,-8.1301040649414,0.21217105263157893,-0.000811546735427271,0.0034865963432366698,-8.065875183105355,0.034031047365477046,0.1886336305176446,0.19167879055090734
5129,50.36072409999997,158.32620946885402,151.28285105944002,33.59223852217462,32.097841754387765,-8.130104064941406,0.21217105263157893,-0.00019630136421966426,0.0019625660593121097,-8.110416374511706,-0.008029355730144823,0.16923762648419777,0.16942799288029722
5130,50.366436799999974,158.3204188470859,151.27180159080075,33.591009919858685,32.09549737699555,-7.8089596557617185,0.21217105263157893,-0.0014249036801530224,0.004306943451524603,-8.115761317480468,-0.0018337721289941045,0.09808190774644746,0.0980990486569758
5131,50.376564900000005,158.3204581517699,151.27991055844433,33.59101825917487,32.09721786519624,-8.352810021972656,0.21217105263157893,-0.0014165643639714176,0.002586455250835229,-8.11640271063672,-0.004776813970624384,-0.014777424651155967,0.015530300416622478
5132,50.381423100000006,158.3237973299432,151.29095814138384,33.591726736122816,32.09956184249756,-8.156828779785156,0.21217105263157893,-0.0007080874160223516,0.00024247794952003687,-8.11647967781547,-0.009351921129044632,-0.011995494785612775,0.015210204599397559
5133,50.392672000000005,158.32313090930592,151.2745481096353,33.59158534095471,32.09608010878775,-8.133311030722655,0.21217105263157893,-0.0008494825841296461,0.0037242116593247943,-8.180717795712857,-0.19260862459908074,0.0004885363726469805,0.19260924416480382
5134,50.40853729999998,158.32568979020448,151.28408382777343,33.59212826140851,32.09810331214271,-8.130488900835156,0.21217105263157893,-0.00030656213032642654,0.0017010083043658142,-8.13617771263398,-0.1719701789745551,-0.008008689124377022,0.17215656118205727
5135,50.41352949999998,158.29907014333537,151.27295925385351,33.586480342911614,32.09574299958405,-8.130150245248656,0.21217105263157893,-0.005954480627224257,0.00406132086303046,-8.130832902664515,-0.1290294970431794,-0.006492660060165328,0.12919274647546086
5136,50.42438019999997,158.3043896352698,151.28381955946475,33.58760898511481,32.09804724205748,-8.130109606578277,0.21217105263157893,-0.004825838424025619,0.0017570783895948239,-8.13019152546818,-0.09949224547447642,-0.10001921989722168,0.14107640220250253
5137,50.42931490000001,158.31277499192132,151.29486480403688,33.58938811506225,32.100390723224926,-8.13010472993783,0.21217105263157893,-0.003046708476588833,-0.0005864027778486047,-8.13011456020462,-0.27542282763213183,-0.15157081195844563,0.31437468889626197
5138,50.440414199999964,158.31984334229406,151.3031362757813,33.590887814401206,32.10214569009175,-8.130104144740978,0.21217105263157893,-0.0015470091376315054,-0.0023413696446752397,-8.065876442537055,-0.05417240264946743,-0.18220154495583,0.19008432916236773
5139,50.44544719999999,158.29978848254527,151.31227570870118,33.58663275369793,32.10408481319482,-8.130104074517355,0.21217105263157893,-0.005802069840910917,-0.0042804927477391175,-8.11041652564351,-0.24804474979982546,-0.18652268861333404,0.3103496596917818
5140,50.45706339999998,158.29841446989155,151.2947753162661,33.58634122798686,32.100371736510404,-7.808959656910832,0.21217105263157893,-0.006093595551980968,-0.0005674160633262204,-8.168009992842846,-0.2813931008583403,-0.10156674498858942,0.29916196432409187
5141,50.46172819999998,158.27938894050325,151.299919269852,33.58230456138967,32.10146313455741,-8.35281002211055,0.21217105263157893,-0.010130262149168345,-0.001658814110335527,-8.227169866133329,-0.6630182086290424,-0.15160170853255261,0.6801295633948383
5142,50.47284629999996,158.28954399171025,151.30254556870045,33.58445916929378,32.10202035914861,-8.418072065934515,0.21217105263157893,-0.007975654245058195,-0.002216038701533307,-8.234269050928187,-0.42141486179736665,-0.08225801060094091,0.4293679844279475
5143,50.477688099999966,158.24908345422529,151.31186285337145,33.57587461446556,32.103997217244924,-8.425903511193392,0.21217105263157893,-0.016560209073276155,-0.004192896797846402,-8.299349834939507,-0.20777332257946568,-0.14873474667276781,0.2555225595588834
5144,50.488731400000006,158.26795562726466,151.31387003469519,33.579878743284766,32.104423083019206,-8.165599998491645,0.21217105263157893,-0.012556080254071844,-0.004618762572128787,-8.190681989958367,0.03142224662863488,-0.020928801084182463,0.037754103061945904
5145,50.4933145,158.2904878387186,151.3141451719523,33.58465942630707,32.10448145918067,-8.134363576967434,0.21217105263157893,-0.007775397231768011,-0.00467713873359088,-8.17764184856063,0.31875671324906196,0.023824497643125664,0.31964581794431784
5146,50.50474689999999,158.3083032478293,151.29231907193542,33.58843934041114,32.09985059256524,-7.809470797204842,0.21217105263157893,-0.00399548312769582,-4.627211816199406e-05,-8.123828374366338,0.6926795949694469,0.08497876468160653,0.6978727761804789
5147,50.50947609999997,158.3446456031412,151.28844853828053,33.59615013619278,32.09902937736544,-8.35287135894583,0.21217105263157893,0.003715312653945091,0.0007749430816375025,-8.169619414689587,0.5869253667335739,0.06115817906262257,0.5901031341906227
5148,50.521078399999965,158.3499283468188,151.2940546342577,33.597270981479646,32.100218828650064,-8.156836140221937,0.21217105263157893,0.00483615794080805,-0.0004145082029864966,-8.283540609059626,0.3540465515451255,0.007405940944742256,0.3541240017596551
5149,50.5259451,158.34611641877086,151.29767112238474,33.59646220069315,32.10098614274281,-8.394555200107883,0.21217105263157893,0.004027377154315559,-0.0011818222957344915,-8.361440034219967,0.05505253175475844,-0.12585423797007217,0.13736837506368138
5150,50.53645230000001,158.34011021183906,151.31161157534012,33.59518785744611,32.10394390332052,-8.703969548817634,0.21217105263157893,0.0027530339072754373,-0.0041395828734422935,-8.318539308012646,-0.2655234658276058,-0.159755003792995,0.3098779955756839
5151,50.54148989999999,158.31246520120945,151.31781412399633,33.58932238644082,32.1052599045979,-8.198967923006554,0.21217105263157893,-0.003112437098018006,-0.005455584150823256,-8.31339122086777,-0.4428804110428751,-0.1564683076516387,0.4697077706243254
5152,50.55229179999998,158.31386959707595,151.31760314887288,33.589620358590125,32.10521514178388,-8.138367727909223,0.21217105263157893,-0.00281446494871318,-0.005410821336802485,-8.26052479318382,-0.38092909968550887,-0.11739901355316865,0.3986094672363784
5153,50.55777599999999,158.29344503306723,151.3198282775067,33.585286857344855,32.10568724966836,-8.131095704497545,0.21217105263157893,-0.0071479661939832795,-0.005882929221279198,-8.145754552330496,-0.5046561032214197,-0.07336397528648583,0.509960837112483
5154,50.56904229999998,158.3010686043253,151.31782745207522,33.586904358483494,32.10526273243043,-8.130223061688143,0.21217105263157893,-0.005530465055343825,-0.005458411983354949,-8.18423078065466,-0.23762220732051811,-0.0031118671639904297,0.23764258273533725
5155,50.57347859999999,158.2855976075433,151.3191096646863,33.58362186081099,32.10553478082982,-8.130118344551015,0.21217105263157893,-0.00881296272784482,-0.005730460382743274,-8.18884792805356,-0.13525287757636736,0.01457153980954342,0.13603554926969982
5156,50.584304799999984,158.29431440309438,151.31451607738848,33.58547131249864,32.104560154577484,-8.391349064627372,0.21217105263157893,-0.006963511040197545,-0.004755834130406811,-8.189401985741428,0.06177274079453381,0.036923231205421375,0.07196663468523219
5157,50.58930319999996,158.3070225266751,151.31233549266295,33.588167608455734,32.10409749762092,-8.161453464903722,0.21217105263157893,-0.0042672150831037925,-0.004293177173842366,-8.189468472663972,0.09555777670497131,0.03671172129078475,0.10236717818192224
5158,50.60058129999999,158.31738516611063,151.31097080729788,33.59036626057281,32.1038079508905,-8.133865992936885,0.21217105263157893,-0.0020685629660306404,-0.004003630443421002,-8.189476451094677,0.2625460859138635,0.05096714424708374,0.26744737243314404
5159,50.60559939999996,158.32477604884235,151.31010463598727,33.59193439194188,32.10362417441177,-8.130555496300865,0.21217105263157893,-0.0005004315969614481,-0.0038198539646927543,-8.1372287512798,0.23574379239727672,0.03360233384924205,0.23812654722639856
5160,50.616386199999965,158.32960706284393,151.30959858114028,33.59295939326787,32.103516804222195,-8.130158236704542,0.21217105263157893,0.0005245697290305884,-0.003712483775117903,-8.130959027302014,0.1389049058201778,0.01570022405935895,0.13978937690835644
5161,50.63259489999996,158.33241988022738,151.30935406329408,33.593556191692976,32.10346492461338,-8.130110565552982,0.21217105263157893,0.0011213681541377696,-0.0036606041662992084,-8.13020666042468,0.08705048153077895,0.11103100503893377,0.14108745661715014
5162,50.63785229999996,158.33378861069622,151.30927847570504,33.59384659667732,32.10344888711505,-8.130104845014795,0.21217105263157893,0.0014117731384786225,-0.0036445666679725264,-8.1301163763994,0.026391717073438285,0.07810344195864224,0.08244192122865292
5163,50.64851219999997,158.33055687803022,151.28404054454913,33.59316091655575,32.09809412869545,-8.130104158550212,0.21217105263157893,0.0007260930169152857,0.0017101917516271214,-8.065876660480427,-0.02471169060874988,0.13252593322408837,0.13481020224618798
5164,50.65408229999997,158.3307984364897,151.28740130873314,33.593212168268366,32.098807185570024,-8.130104076174463,0.21217105263157893,0.0007773447295278402,0.0009971348770534405,-8.058167894570152,-0.022258626288280944,0.06238729279731549,0.06623911795019106
5165,50.664424999999994,158.32297486801252,151.273651425558,33.59155223350923,32.09588985838319,-7.8089596571096855,0.21217105263157893,-0.0008825900296045575,0.003914462063889346,-8.127759932504668,-0.03383189900205983,-0.0010374563052123892,0.03384780208035378
5166,50.66961190000001,158.3241748373796,151.2821464992341,33.591806832272965,32.097692267107234,-8.0915667360016,0.21217105263157893,-0.0006279912658726516,0.0021120533398431007,-8.136110977056811,-0.003436494183184976,-0.16409081387144173,0.1641267945500161
5167,50.68020709999996,158.32404355348777,151.29783039773667,33.59177897763145,32.10101993636189,-8.47806503468738,0.21217105263157893,-0.0006558459073886524,-0.0012156159148091206,-8.137113102403067,0.0013449036695568576,-0.15385554006054936,0.15386141807874934
5168,50.684994200000006,158.3260212363923,151.30489108187732,33.592198584695076,32.10251800914831,-8.171859381310924,0.21217105263157893,-0.0002362388437617824,-0.0027136887012346733,-8.201462239280557,0.04464648008118729,-0.23105232508873194,0.23532633748169565
5169,50.696370599999966,158.32779646548815,151.30901109758435,33.592575236921,32.103392157217726,-8.13511470290575,0.21217105263157893,0.0001404133821623077,-0.003587836770648778,-8.261432792932418,0.028249615858592744,-0.15803164723186386,0.16053673200540217
5170,50.7012603,158.32908737753806,151.3114059859267,33.59284913108949,32.103900283198264,-8.130705341497128,0.21217105263157893,0.00041430755064908453,-0.0040959627511867325,-8.19811216952689,0.035346308197854955,-0.1007135493410108,0.10673603198583861
5171,50.71255819999999,158.32733551874009,151.31046822210774,33.59247743736426,32.103701316861674,-8.391419504260906,0.21217105263157893,4.2613825421256024e-05,-0.0038969964145962877,-8.190513694718227,0.021596946049206124,-0.04005739024808201,0.04550848923156487
5172,50.7179807,158.32817518743016,151.3111706056306,33.59265559075409,32.103850342313066,-8.161461917659746,0.21217105263157893,0.00022076721525365883,-0.004046021865988791,-8.189601877741188,-0.010384491280730868,0.1916200585681928,0.19190123632962142
5173,50.7282725,158.32909230594655,151.31163912233873,33.5928501767551,32.10394974799621,-8.133867007267607,0.21217105263157893,0.00041535321626184896,-0.004145427549133274,-8.189492459703944,-0.031585858970912484,0.2931995368828717,0.29489597304008885
5174,50.73320749999999,158.32614302069666,151.28648280682737,33.592224423799124,32.09861230605383,-8.130555618020551,0.21217105263157893,-0.00021039973971426207,0.0011920143932471206,-8.137230672312912,-0.2886094261878588,0.40700646706431304,0.49894855958972245
5175,50.74482810000001,158.32340494309472,151.26435685095575,33.59164348299213,32.09391781870607,-8.130158251310904,0.21217105263157893,-0.0007913405467050438,0.0058865017410099085,-7.954063627943176,-0.27316315997553786,0.5793080436210865,0.6404810078151513
5176,50.74921819999997,158.29613342212826,151.2522183774969,33.585857255681816,32.091342386014965,-8.130110567305746,0.21217105263157893,-0.006577567857021904,0.008461934432112628,-7.932083582618806,-0.23212856250035938,0.5998001719389894,0.643151549626155
5177,50.76050699999996,158.30199066151258,151.2078431326011,33.5870999923275,32.08192724359464,-7.245626695811064,0.21217105263157893,-0.005334831211335711,0.01787707685243589,-7.929445977179882,-0.19041840630039544,0.36318768731904527,0.41007860914480665
5178,50.765465199999994,158.30722715757648,151.20567445573002,33.58821102520948,32.081467113140086,-8.023966780645765,0.21217105263157893,-0.004223798329356043,0.018337207306991843,-7.8649005826912735,0.49366492498714626,0.5052216420166453,0.706366735998065
5179,50.77679419999998,158.31159234390014,151.21109485122082,33.589137191386705,32.08261716415704,-8.11736759082593,0.21217105263157893,-0.0032976321521331897,0.017187156290034977,-7.734185286719828,0.8386782211470571,1.064104920220545,1.3548802308189327
5180,50.78107779999999,158.37963908962212,151.18860087319092,33.603574741054686,32.07784459316057,-7.8074312788678615,0.21217105263157893,0.011139917515848197,0.021959727286507302,-7.580369690461067,-0.36047924710086177,7.667709806838527,7.6761786697209
5181,50.79247579999998,158.40150610514254,151.0069674991427,33.60821428875557,32.03930724899573,-7.476534087448519,0.21217105263157893,0.015779465216731126,0.0604970714513442,-6.6347965845350165,-1.6095191679379326,12.903357002272655,13.003352409285014
5182,50.79730889999996,158.2674341677245,150.23584279332843,33.57976810466523,31.875696908452905,-6.47654871451726,0.21217105263157893,-0.012666718873610705,0.22410741199417217,-6.344432181941078,9.001586316587899,43.293111734280586,44.219023958607295
5183,50.809057199999984,157.9340337347778,148.78116728203636,33.5090301838591,31.567056873984686,-3.296101251015509,0.21217105263157893,-0.08340463967973477,0.5327474464623911,-4.942919020036054,17.91038613069375,56.381312565291104,59.15770734177922
5184,50.813718300000005,159.10138512003113,145.44529627760818,33.756708356059235,30.859281611531994,-6.665545577856236,0.21217105263157893,0.16427353252039723,1.2405227089150834,-3.607585296414901,27.581353996354537,74.31784929829382,79.27088880917215
5185,50.82419519999996,161.467375278991,142.15883622020567,34.258702978601704,30.161989921721265,-0.7998654693427483,0.21217105263157893,0.6662681550628662,1.9378143987258127,-2.4722486473799985,31.930956626252907,74.2581008488023,80.83224315048135
5186,50.828912,162.55140664585255,140.0899249813707,34.48870305479437,29.723026846376346,-0.7998654693427483,0.21217105263157893,0.896268231255533,2.3767774740707317,-1.9730014910454463,41.9088910676442,87.90461639079861,97.38365742429849
5187,50.840839700000004,163.44314419389934,138.20364606532084,34.67790394903456,29.322813063201295,-0.7998654693427483,0.21217105263157893,1.0854691254957203,2.7769912572457827,-0.7998654693427483,34.51983161284504,64.53112060524256,73.18390739190917
5188,50.84501309999996,164.30603766912395,136.34476199768875,34.860984965981885,28.928411673851723,-0.7998654693427483,0.21217105263157893,1.268550142443047,3.171392646595354,-0.7998654693427483,27.193086472700806,56.096127934066054,62.33971062739135
5189,50.856263299999966,165.16460453342523,134.48998715731932,35.04314800133528,28.53488214357597,-0.7998654693427483,0.21217105263157893,1.4507131777964446,3.5649221768711072,-0.7998654693427483,25.234173693109554,54.32792607634542,59.90231275777985
5190,50.872399299999984,166.022522406088,132.63582870103932,35.22517333944959,28.141483392161298,-0.7998654693427483,0.21217105263157893,1.6327385159107521,3.9583209282857794,-0.7998654693427483,25.30646695211836,54.630443064777474,60.207163851592874
5191,50.87707,166.88034293000499,130.7817627023727,35.40717802297803,27.748104257575786,-0.7998654693427483,0.21217105263157893,1.8147431994391923,4.351700062871291,-0.7998654693427483,24.462915737139593,52.86996205700076,58.25518976255328
5192,50.88828819999998,167.7381488516101,128.92771057234808,35.58917960831859,27.35472806551464,-0.7998654693427483,0.21217105263157893,1.9967447847797501,4.745076254932439,-0.7998654693427483,24.454122407864226,52.854473414330975,58.237440385417244
5193,50.89287830000001,168.59595258286848,127.07365403763443,35.77118072893097,26.961350938905987,-0.7998654693427483,0.21217105263157893,2.178745905392134,5.13845338154109,-0.7998654693427483,29.92790601244968,64.68590138129161,71.27373566609376
5194,50.904149099999984,169.4537559855748,125.21959684221741,35.95318177983412,26.567973672115205,-0.7998654693427483,0.21217105263157893,2.36074695629528,5.531830648331873,-0.7998654693427483,25.099786463852993,54.25065564930955,59.77568835999281
5195,50.908858099999975,170.31155933899834,123.36553954769491,36.135182820280896,26.174596384297107,-0.7998654693427483,0.21217105263157893,2.542747996742058,5.92520793614997,-0.7998654693427483,31.042594356306346,67.09548934401307,73.928663958459
5196,50.92113330000001,171.16936268502943,121.51148223830657,36.3171838591592,25.78121909332491,-0.7998654693427483,0.21217105263157893,2.7247490356203627,6.318585227122167,-0.7998654693427483,26.064864546227007,56.33663229437839,62.07409525788644
5197,50.92509519999999,172.02716602995167,119.65742492668836,36.499184897802245,25.387841801879603,-0.7998654693427483,0.21217105263157893,2.9067500742634067,6.711962518567475,-0.7998654693427483,32.79727678943965,70.88807815296485,78.10749636893996
5198,50.93742409999999,172.8849693747076,117.80336761473566,36.681185936409996,24.994464510363322,-0.7998654693427483,0.21217105263157893,3.088751112871158,7.1053398100837555,-0.7998654693427483,28.183969885111697,60.9168706837714,67.12079627349641
5199,50.941078000000005,173.74277271943856,115.9493103027328,36.863186975012454,24.601087218836398,-0.7998654693427483,0.21217105263157893,3.2707521514736158,7.49871710161068,-0.7998654693427483,34.060064306965565,73.61746915080032,81.11485526562731
5200,50.952757399999996,174.60057606416578,114.09525299072241,37.045188013614116,24.207709927307878,-0.7998654693427483,0.21217105263157893,3.4527531900752777,7.8920943931392,-0.7998654693427483,27.994302523948853,60.50692341982399,66.66909895547423
5201,50.956874400000004,175.45837940889243,112.2411956787109,37.22718905221566,23.814332635779117,-0.7998654693427483,0.21217105263157893,3.634754228676819,8.28547168466796,-0.7998654693427483,33.55773673315974,72.5317376610566,79.91855017944454
5202,50.96853440000001,176.316182753619,110.3871383666992,37.409190090817184,23.420955344250324,-0.7998654693427483,0.21217105263157893,3.816755267278346,8.678848976196754,-0.7998654693427483,26.7243653517158,57.76207949504242,63.644713300034496
5203,50.972808799999996,177.17398609834558,108.53308105468749,37.59119112941871,23.02757805272152,-0.7998654693427483,0.21217105263157893,3.9987563058798727,9.072226267725558,-0.7998654693427483,32.61814757650026,70.50090838449836,77.6808961995276
5204,50.98444330000001,178.03178944307214,106.67902374267577,37.77319216802024,22.63420076119272,-0.7998654693427483,0.21217105263157893,4.1807573444814,9.465603559254358,-0.7998654693427483,26.78354809546006,57.889997157604824,63.7856584154253
5205,50.988483099999996,178.8895927877987,104.82496643066405,37.955193206621765,22.240823469663916,-0.7998654693427483,0.21217105263157893,4.362758383082927,9.858980850783162,-0.7998654693427483,33.162244321413674,71.6769198264605,78.9766755709683
5206,51.00058889999997,179.74739613252527,102.97090911865233,38.137194245223284,21.847446178135115,-0.7998654693427483,0.21217105263157893,4.5447594216844465,10.252358142311962,-0.7998654693427483,27.79875986894897,60.08427726090497,66.20340946066743
5207,51.00442029999999,180.60519947725183,101.11685180664061,38.31919528382481,21.45406888660631,-0.7998654693427483,0.21217105263157893,4.726760460285973,10.645735433840766,-0.7998654693427483,32.388074456050205,70.00362803010646,77.13297157732326
5208,51.01596719999998,181.4630028219784,99.26279449462889,38.50119632242633,21.06069159507751,-0.7998654693427483,0.21217105263157893,4.908761498887493,11.039112725369566,-0.7998654693427483,26.409990593207553,57.08258946589397,62.896022316718096
5209,51.02068349999996,182.32080616670495,97.40873718261717,38.68319736102786,20.667314303548707,-0.7998654693427483,0.21217105263157893,5.09076253748902,11.43249001689837,-0.7998654693427483,31.44011294899321,67.95470274382781,74.87537864510236
5210,51.032687599999974,183.17860951143152,95.55467987060545,38.86519839962938,20.273937012019907,-0.7998654693427483,0.21217105263157893,5.27276357609054,11.82586730842717,-0.7998654693427483,25.105345991416442,54.26272885518642,59.78898008964704
5211,51.03721669999999,184.03641285615808,93.70062255859374,39.047199438230905,19.880559720491103,-0.7998654693427483,0.21217105263157893,5.454764614692067,12.219244599955974,-0.7998654693427483,30.967381750066373,66.93294088969874,73.74955802307055
5212,51.04871489999999,184.89421620088464,91.84656524658202,39.22920047683243,19.487182428962303,-0.7998654693427483,0.21217105263157893,5.636765653293594,12.612621891484775,-0.7998654693427483,26.484709678688265,57.24408739853116,63.07396760039023
5213,51.05275289999997,185.7520195456112,89.9925079345703,39.41120151543395,19.0938051374335,-0.7998654693427483,0.21217105263157893,5.818766691895114,13.005999183013579,-0.7998654693427483,31.731002213038035,68.58343119342445,75.56813836338044
5214,51.06400389999999,186.60982289033777,88.13845062255858,39.59320255403548,18.700427845904695,-0.7998654693427483,0.21217105263157893,6.000767730496641,13.399376474542382,-0.7998654693427483,26.643239655743354,57.5867343058197,63.45151052073108
5215,51.068400800000006,187.46762623506433,86.28439331054686,39.775203592637,18.307050554375895,-0.7998654693427483,0.21217105263157893,6.1827687690981605,13.792753766071183,-0.7998654693427483,25.89197202632587,55.962943433282355,61.66234874807156
5216,51.08074319999997,188.3254295797909,84.43033599853514,39.957204631238525,17.91367326284709,-0.7998654693427483,0.21217105263157893,6.3647698076996875,14.186131057599987,-0.7998654693427483,24.258720522380496,52.43283141884397,57.77272134822693
5217,51.09581909999997,189.18323292451745,82.57627868652342,40.139205669840045,17.52029597131829,-0.7998654693427483,0.21217105263157893,6.546770846301207,14.579508349128787,-0.7998654693427483,24.22156860856108,52.35253122195661,57.68424317961685
5218,51.10075059999997,190.04103626924402,80.7222213745117,40.32120670844157,17.126918679789487,-0.7998654693427483,0.21217105263157893,6.728771884902734,14.97288564065759,-0.7998654693427483,22.88069523202256,49.45436568840361,54.49092126164736
5219,51.112132299999985,190.89883961397058,78.86816406249999,40.5032077470431,16.733541388260686,-0.7998654693427483,0.21217105263157893,6.910772923504261,15.366262932186391,-0.7998654693427483,23.404631659412747,50.586802592740526,55.738688356200896
5220,51.11737899999997,191.75664295869714,77.01410675048827,40.68520878564462,16.340164096731883,-0.7998654693427483,0.21217105263157893,7.092773962105781,15.759640223715195,-0.7998654693427483,29.084859603093218,62.864054969544114,69.26628664325459
5221,51.1278595,192.6144463034237,75.16004943847656,40.867209824246146,15.946786805203084,-0.7998654693427483,0.21217105263157893,7.274775000707308,16.153017515243995,-0.7998654693427483,24.85353843080589,53.71847165236782,59.18929437996191
5222,51.13235629999997,193.47224964815027,73.30599212646484,41.049210862847666,15.553409513674282,-0.7998654693427483,0.21217105263157893,7.456776039308828,16.546394806772796,-0.7998654693427483,29.7221106962914,64.24141034615288,70.78391531630189
5223,51.1439125,194.33005299287683,71.45193481445312,41.23121190144919,15.16003222214548,-0.7998654693427483,0.21217105263157893,7.638777077910355,16.939772098301596,-0.7998654693427483,25.975026608147246,56.142457719008014,61.86014521502969
5224,51.14842490000001,195.1878563376034,69.5978775024414,41.41321294005071,14.766654930616678,-0.7998654693427483,0.21217105263157893,7.820778116511875,17.3331493898304,-0.7998654693427483,30.628387574276324,66.20023841865256,72.94223531046006
5225,51.1598333,196.04565968232995,67.74382019042969,41.59521397865224,14.373277639087876,-0.7998654693427483,0.21217105263157893,8.002779155113402,17.726526681359204,-0.7998654693427483,25.66341623676901,55.4689308096079,61.11802694870579
5226,51.164312499999994,196.90346302705652,65.88976287841797,41.777215017253766,13.979900347559074,-0.7998654693427483,0.21217105263157893,8.184780193714928,18.119903972888004,-0.7998654693427483,30.96007763103571,66.91710520969158,73.73211902939376
5227,51.17594299999996,197.76126637178308,64.03570880889892,41.959216055855286,13.586523743993354,-0.7998654693427483,0.21217105263157893,8.366781232316448,18.513280576453724,-0.7998654693427483,26.010120510753723,56.2182473668622,61.94366558402594
5228,51.180252499999995,198.61906971650964,62.18165522575378,42.14121709445681,13.1931472436221,-0.7998654693427483,0.21217105263157893,8.548782270917975,18.906657076824978,-0.7998654693427483,31.118084184683056,67.25857008964917,74.10836939124535
5229,51.19193139999999,199.4768730612362,60.327601715564725,42.32321813305833,12.799770758730014,-0.7998654693427483,0.21217105263157893,8.730783309519495,19.300033561717065,-0.7998654693427483,25.980477549618282,56.15412685404276,61.87302462661855
5230,51.19631770000001,200.33467640596277,58.47354821631908,42.50521917165986,12.406394276159803,-0.7998654693427483,0.21217105263157893,8.912784348121022,19.693410044287276,-0.7998654693427483,31.217852068920777,67.4741698609591,74.34593389165666
5231,51.208496199999956,201.19247975068933,56.61949471871495,42.68722021026138,12.013017793937873,-0.7998654693427483,0.21217105263157893,9.094785386722542,20.086786526509204,-0.7998654693427483,26.000435505455133,56.197260985683826,61.92055223240821
5232,51.21284659999998,202.0502830954159,54.765441221357044,42.86922124886291,11.619641311768188,-0.7998654693427483,0.21217105263157893,9.276786425324069,20.48016300867889,-0.7998654693427483,31.051393890998618,67.11438677792832,73.94950963428565
5233,51.22411919999996,202.90808644014245,52.911387724036075,43.051222287464434,11.226264829606338,-0.7998654693427483,0.21217105263157893,9.458787463925596,20.87353949084074,-0.7998654693427483,25.74838655253025,55.65248309261307,61.32029259904183
5234,51.22857579999999,203.76588978486902,51.05733422672065,43.23322332606595,10.832888347445662,-0.7998654693427483,0.21217105263157893,9.640788502527116,21.266915973001417,-0.7998654693427483,31.839571424545404,68.81795124252226,75.82657002474066
5235,51.24072699999999,204.62369312959558,49.203280729406046,43.41522436466748,10.439511865285164,-0.7998654693427483,0.21217105263157893,9.822789541128643,21.660292455161915,-0.7998654693427483,26.66858965051067,57.64140722226338,63.511774502922854
5236,51.2447358,205.48149647432214,47.34922723209157,43.597225403269,10.04613538312469,-0.7998654693427483,0.21217105263157893,10.004790579730162,22.053668937322385,-0.7998654693427483,31.223978068548625,67.48740966558583,74.36052225338263
5237,51.25612469999999,206.3392998190487,45.49517373477711,43.77922644187053,9.652758900964221,-0.7998654693427483,0.21217105263157893,10.18679161833169,22.447045419482855,-0.7998654693427483,26.233690182609315,56.70141685683866,62.476052805616014
5238,51.260800700000004,207.19710316377527,43.64112023746266,43.961227480472054,9.259382418803755,-0.7998654693427483,0.21217105263157893,10.368792656933216,22.840421901643325,-0.7998654693427483,31.72041067752321,68.56039757184627,75.5427863449605
5239,51.27225659999999,208.05490650850183,41.787066740148205,44.143228519073574,8.866005936643287,-0.7998654693427483,0.21217105263157893,10.550793695534736,23.23379838380379,-0.7998654693427483,25.778040412877743,55.71657685322268,61.39091385350953
5240,51.27654789999997,208.9127098532284,39.93301324283375,44.3252295576751,8.472629454482819,-0.7998654693427483,0.21217105263157893,10.732794734136263,23.627174865964257,-0.7998654693427483,29.737462962237288,64.27446051049117,70.82035708286935
5241,51.28814879999999,209.77051319795495,38.0789597455193,44.50723059627662,8.079252972322351,-0.7998654693427483,0.21217105263157893,10.914795772737783,24.020551348124727,-0.7998654693427483,25.293865912124048,54.67008358416365,60.23784268945852
5242,51.29323579999999,210.62831654268152,36.224906248204846,44.68923163487815,7.685876490161883,-0.7998654693427483,0.21217105263157893,11.09679681133931,24.413927830285196,-0.7998654693427483,24.33034136895355,52.587524615379,57.943189904447834
5243,51.30413119999997,211.48611988740808,34.37085275089039,44.87123267347967,7.292500008001415,-0.7998654693427483,0.21217105263157893,11.27879784994083,24.807304312445662,-0.7998654693427483,23.917940756566082,51.696178458880325,56.961063519627224
5244,51.3205729,212.34392323213464,32.51679925357594,45.053233712081195,6.899123525840947,-0.7998654693427483,0.21217105263157893,11.460798888542357,25.20068079460613,-0.7998654693427483,23.89022113656378,51.63627211745113,56.89505483028714
5245,51.325083500000005,213.2017265768612,30.662744135015153,45.23523475068272,6.505746699698938,-0.7998654693427483,0.21217105263157893,11.642799927143884,25.59405762074814,-0.7998654693427483,24.943839447416646,53.9135776688389,59.404284217827446
5246,51.33678779999997,214.05952992158777,28.80868877326741,45.41723578928424,6.112369821959696,-0.7998654693427483,0.21217105263157893,11.824800965745403,25.98743449848738,-0.7998654693427483,24.875566304619063,53.766019582110175,59.24169697670175
5247,51.341221899999994,214.9173332663143,26.954633375041624,45.59923682788576,5.718992936480871,-0.7998654693427483,0.21217105263157893,12.006802004346923,26.380811383966208,-0.7998654693427483,29.20623417640919,63.12632628244776,69.55528150101405
5248,51.35234459999998,215.7751366110409,25.100577971344133,45.78123786648729,5.3256160498411065,-0.7998654693427483,0.21217105263157893,12.18880304294845,26.774188270605972,-0.7998654693427483,24.558827934586823,53.08142915709055,58.48738454470215
5249,51.357906499999956,216.63293995576745,23.246522566825885,45.963238905088815,4.9322391630272024,-0.7998654693427483,0.21217105263157893,12.370804081549977,27.167565157419876,-0.7998654693427483,28.040694232677346,60.60713210686352,66.77952526987079
5250,51.36854199999999,217.49074330049405,21.392467162184527,46.14523994369034,4.538862276187177,-0.7998654693427483,0.21217105263157893,12.552805120151504,27.5609420442599,-0.7998654693427483,23.087577090237577,49.901469076423574,54.98356874451604
5251,51.374063999999976,218.34854664522058,19.5384117575247,46.32724098229186,4.145485389343233,-0.7998654693427483,0.21217105263157893,12.734806158753024,27.954318931103845,-0.7998654693427483,28.013216704772077,60.547742267187004,66.71408699669227
5252,51.385243299999956,219.2063499899471,17.684356352862103,46.50924202089338,3.7521085024987024,-0.7998654693427483,0.21217105263157893,12.916807197354544,28.347695817948374,-0.7998654693427483,24.73043747488784,53.45234609048547,58.896076611913415
5253,51.3896833,220.0641533346737,15.830300948199092,46.69124305949491,3.3587316156540834,-0.7998654693427483,0.21217105263157893,13.09880823595607,28.741072704792995,-0.7998654693427483,29.627584977865748,64.03703645246699,70.55874027528583
5254,51.40084289999999,220.92195667940027,13.976245543536017,46.873244098096436,2.9653547288094506,-0.7998654693427483,0.21217105263157893,13.280809274557598,29.134449591637626,-0.7998654693427483,26.1099967741076,56.434124362383514,62.18152719331423
5255,51.405218099999956,221.77976002412686,12.12219013887293,47.05524513669796,2.5719778419648156,-0.7998654693427483,0.21217105263157893,13.462810313159125,29.52782647848226,-0.7998654693427483,31.303012814212646,67.65830472359418,74.5488082353936
5256,51.41705839999997,222.6375633688534,10.268134734209845,47.23724617529948,2.1786009551201806,-0.7998654693427483,0.21217105263157893,13.644811351760644,29.921203365326896,-0.7998654693427483,26.266648942753953,56.772710729727486,62.55459639613377
5257,51.4213666,223.49536671357993,8.41407932954676,47.419247213901,1.785224068275546,-0.7998654693427483,0.21217105263157893,13.826812390362164,30.31458025217153,-0.7998654693427483,31.950822481337674,69.05847362078715,76.09157532911846
5258,51.43287879999997,224.35317005830652,6.560024330195259,47.60124825250253,1.3918472674262965,-0.7998654693427483,0.21217105263157893,14.008813428963691,30.70795705302078,-0.7998654693427483,26.643619554727128,57.58748815328553,63.45235420992541
5259,51.43694769999996,225.21097340303308,4.705969391640495,47.783249291104056,0.9984704794763549,-0.7998654693427483,0.21217105263157893,14.190814467565218,31.10133384097072,-0.7998654693427483,32.271085810443694,69.75068502659313,76.85428446784229
5260,51.44903089999997,226.06877674775967,2.8519144622052415,47.96525032970558,0.6050936934613094,-0.7998654693427483,0.21217105263157893,14.372815506166745,31.494710626985768,-0.7998654693427483,27.095580537603592,58.56435104767409,64.5287044523983
5261,51.453214,226.9265800924862,0.997859432810019,48.1472513683071,0.21171688623765203,-0.7998654693427483,0.21217105263157893,14.554816544768265,31.888087434209424,-0.7998654693427483,31.319655582482476,67.69426246665043,74.5884307162249
5262,51.46433350000001,227.78438343721274,-0.856195611579199,48.32925240690862,-0.18165992416729715,-0.7998654693427483,0.21217105263157893,14.736817583369785,32.28146424461438,-0.7998654693427483,25.718044825007787,55.58694896868907,61.24807527807509
5263,51.46926179999997,228.64218678193933,-2.7102507595454126,48.51125344551015,-0.5750367565482865,-0.7998654693427483,0.21217105263157893,14.918818621971312,32.674841076995364,-0.7998654693427483,29.880863020939522,64.58445832552546,71.1619156015188
5264,51.48014589999997,229.4999901266659,-4.564305720392383,48.69325448411168,-0.9684135492279891,-0.7998654693427483,0.21217105263157893,15.100819660572839,33.06821786967507,-0.7998654693427483,24.50490166354389,52.964862075272734,58.3589480730472
5265,51.48521890000001,230.35779347139248,-6.418360653171467,48.8752555227132,-1.3617903359524985,-0.7998654693427483,0.21217105263157893,15.282820699174366,33.461594656399576,-0.7998654693427483,28.963576376378906,62.6018384603273,68.97737988009727
5266,51.49616379999998,231.21559681611902,-8.272415581740368,49.05725656131472,-1.7551671217837292,-0.7998654693427483,0.21217105263157893,15.464821737775885,33.854971442230806,-0.7998654693427483,24.802016334055438,53.607048367328126,59.06653577866075
5267,51.500871399999994,232.07340016084555,-10.126470914989326,49.239257599916236,-2.1485439934763537,-0.7998654693427483,0.21217105263157893,15.646822776377398,34.24834831392343,-0.7998654693427483,29.34674768090642,63.43002847083436,69.88991423129409
5268,51.51216039999997,232.93120350557214,-11.980526308940293,49.42125863851777,-2.541920878048187,-0.7998654693427483,0.21217105263157893,15.828823814978932,34.641725198495266,-0.7998654693427483,25.40003686674349,54.89961508937225,60.49073986812492
5269,51.516774399999974,233.7890068502987,-13.834581711996561,49.60325967711929,-2.9352977645519016,-0.7998654693427483,0.21217105263157893,16.010824853580452,35.03510208499898,-0.7998654693427483,29.86757686130111,64.55575400102013,71.1302855484635
5270,51.528048799999965,234.6468101950253,-15.688637116418624,49.785260715720824,-3.3286746513453984,-0.7998654693427483,0.21217105263157893,16.192825892181986,35.42847897179247,-0.7998654693427483,25.360208156110136,54.81353183801309,60.395889183603465
5271,51.532719499999985,235.50461353975183,-17.542692521045556,49.967261754322344,-3.7220515381823627,-0.7998654693427483,0.21217105263157893,16.374826930783506,35.82185585862944,-0.7998654693427483,24.34454910898478,52.61828729547801,57.97707503168157
5272,51.5440069,236.36241688447836,-19.396747925703217,50.14926279292386,-4.115428425025846,-0.7998654693427483,0.21217105263157893,16.55682796938502,36.215232745472925,-0.7998654693427483,24.036162492750194,51.9517407456245,57.24264558769512
5273,51.560486999999966,237.22022022920495,-21.250803330365493,50.33126383152539,-4.50880531187031,-0.7998654693427483,0.21217105263157893,16.738829007986553,36.60860963231739,-0.7998654693427483,24.08585519212906,52.05914650383277,57.36098983668024
5274,51.565288699999996,238.07802357393152,-23.104858735028458,50.51326487012691,-4.902182198714919,-0.7998654693427483,0.21217105263157893,16.920830046588073,37.001986519161996,-0.7998654693427483,24.005598626419744,51.885680032705196,57.16985707406507
5275,51.57639219999999,238.9358269186581,-24.958914139691526,50.695265908728445,-5.2955590855595505,-0.7998654693427483,0.21217105263157893,17.102831085189607,37.39536340600663,-0.7998654693427483,24.047447512607135,51.9761321790032,57.26952110993078
5276,51.58111149999996,239.79363026338464,-26.812969544354605,50.87726694732996,-5.688935972404184,-0.7998654693427483,0.21217105263157893,17.28483212379112,37.78874029285126,-0.7998654693427483,29.650584367200423,64.08674731263655,70.61351382299424
5277,51.59225429999998,240.65143360811118,-28.66702494901769,51.05926798593148,-6.082312859248819,-0.7998654693427483,0.21217105263157893,17.46683316239264,38.182117179695894,-0.7998654693427483,25.28315939454865,54.64699269488914,60.21239041563971
5278,51.596913900000004,241.50923695283777,-30.521080353680777,51.24126902453301,-6.475689746093454,-0.7998654693427483,0.21217105263157893,17.648834200994173,38.57549406654053,-0.7998654693427483,29.469766857712948,63.69590620664636,70.18287274067546
5279,51.60824199999996,242.36704029756433,-32.375134137097525,51.42327006313453,-6.869066288956547,-0.7998654693427483,0.21217105263157893,17.830835239595693,38.96887060940362,-0.7998654693427483,24.994792690821694,54.02369375124161,59.52561757919943
5280,51.613118199999974,243.22484364229092,-34.229187677327324,51.605271101736065,-7.2624427802224085,-0.7998654693427483,0.21217105263157893,18.012836278197227,39.362247100669485,-0.7998654693427483,29.9455837944436,64.72431108243744,71.31601807368509
5281,51.62435949999997,244.08264698701745,-36.08324118107908,51.78727214033758,-7.655819263748686,-0.7998654693427483,0.21217105263157893,18.19483731679874,39.75562358419576,-0.7998654693427483,25.227755376548934,54.527193956211306,60.080400481998126
5282,51.628789100000006,244.940450331744,-37.93729467935913,51.9692731789391,-8.049195746114025,-0.7998654693427483,0.21217105263157893,18.37683835540026,40.1490000665611,-0.7998654693427483,30.09641927824454,65.05030798990258,71.67521902968328
5283,51.6405537,245.79825367647058,-39.79134817681842,52.151274217540625,-8.442572228305222,-0.7998654693427483,0.21217105263157893,18.558839394001787,40.5423765487523,-0.7998654693427483,25.912323328962906,56.00681556719133,61.71071130915686
5284,51.64505759999997,246.65605702119714,-41.6454016741546,52.33327525614215,-8.8359487104703,-0.7998654693427483,0.21217105263157893,18.740840432603314,40.935753030917375,-0.7998654693427483,30.535891319986078,66.00018110451009,72.72183004115155
5285,51.656152599999984,247.51386036592373,-43.499455171472306,52.51527629474368,-9.229325192631459,-0.7998654693427483,0.21217105263157893,18.92284147120484,41.329129513078534,-0.7998654693427483,25.54042534109496,55.20299637242492,60.82502885406635
5286,51.66078269999997,248.37166371065027,-45.35350866878725,52.6972773333452,-9.622701674792031,-0.7998654693427483,0.21217105263157893,19.10484250980636,41.72250599523911,-0.7998654693427483,30.79141473617883,66.55246861652239,73.33036410934128
5287,51.672079999999994,249.2294670553768,-47.20756216610178,52.87927837194672,-10.016078156952515,-0.7998654693427483,0.21217105263157893,19.28684354840788,42.115882477399595,-0.7998654693427483,25.831767717600464,55.832702883565396,61.518866493950924
5288,51.676441899999986,250.0872704001034,-49.06161566341624,53.061279410548245,-10.409454639112985,-0.7998654693427483,0.21217105263157893,19.468844587009407,42.509258959560064,-0.7998654693427483,30.253924438363892,65.39073874830846,72.05032031831477
5289,51.688100099999986,250.94507374482995,-50.915669160730694,53.24328044914977,-10.802831121273453,-0.7998654693427483,0.21217105263157893,19.650845625610934,42.902635441720534,-0.7998654693427483,25.654062582285274,55.44861155346912,61.09565819420656
5290,51.69282559999999,251.80287708955655,-52.76972265804515,53.4252814877513,-11.196207603433919,-0.7998654693427483,0.21217105263157893,19.83284666421246,43.296011923881,-0.7998654693427483,30.21434735478405,65.3051969622103,71.9560667098239
5291,51.70398519999998,252.66068043428308,-54.62377615535961,53.60728252635282,-11.589584085594389,-0.7998654693427483,0.21217105263157893,20.01484770281398,43.689388406041466,-0.7998654693427483,24.97627215391433,53.983637417039326,59.481486863399475
5292,51.7086625,253.5184837790096,-56.47782965267406,53.78928356495434,-11.982960567754857,-0.7998654693427483,0.21217105263157893,20.1968487414155,44.082764888201936,-0.7998654693427483,30.079652325001277,65.01406754125972,71.63528782836316
5293,51.72037819999997,254.3762871237362,-58.331883149988506,53.971284603555866,-12.376337049915323,-0.7998654693427483,0.21217105263157893,20.378849780017028,44.4761413703624,-0.7998654693427483,25.54707566611994,55.21726675707444,60.84077270393906
5294,51.724803399999985,255.23409046846277,-60.18593664730296,54.15328564215739,-12.76971353207579,-0.7998654693427483,0.21217105263157893,20.560850818618555,44.86951785252287,-0.7998654693427483,30.69408823921824,66.34168780348048,73.09819829141746
5295,51.73628500000001,256.09190678316,-62.03999014461741,54.33528943261125,-13.163090014236259,-0.7998654693427483,0.21217105263157893,20.74285460907241,45.26289433468334,-0.7998654693427483,25.99041097528361,56.175067980185666,61.89620121818967
5296,51.74061389999997,256.9497250433529,-63.89404364193187,54.51729363584296,-13.556466496396729,-0.7998654693427483,0.21217105263157893,20.924858812304123,45.65627081684381,-0.7998654693427483,30.983510222150557,66.9668612030992,73.78711544084958
5297,51.75243760000001,257.80754359537013,-65.748100381739,54.699297900991354,-13.949843666520279,-0.7998654693427483,0.21217105263157893,21.106863077452516,46.04964798696736,-0.7998654693427483,26.03050993740319,56.26135039105334,61.991346133360615
5298,51.75693150000001,258.66536219116097,-67.60215760792003,54.88130217542724,-14.343220939838295,-0.7998654693427483,0.21217105263157893,21.2888673518884,46.443025260285374,-0.7998654693427483,25.11459347578588,54.28171833468537,59.81009739851712
5299,51.768054199999995,259.5231807935179,-69.45621490705715,55.06330645125626,-14.736598228635478,-0.7998654693427483,0.21217105263157893,21.470871627717422,46.83640254908256,-0.7998654693427483,24.758192434372987,53.511436460764216,58.96135959008959
5300,51.7842005,260.3809993968597,-71.31027221713768,55.24531072729424,-15.12997551975454,-0.7998654693427483,0.21217105263157893,21.6528759037554,47.229779840201616,-0.7998654693427483,24.876288651915942,53.76668689900754,59.24260592841398
5301,51.78872100000001,261.2388180003492,-73.16432952885971,55.42731500336357,-15.523352811221878,-0.7998654693427483,0.21217105263157893,21.83488017982473,47.623157131668954,-0.7998654693427483,24.2934953082005,52.50705963524274,57.85469061215778
5302,51.8001079,262.096636603861,-75.01838684082799,55.60931927943761,-15.916730102741463,-0.7998654693427483,0.21217105263157893,22.01688445589877,48.01653442318854,-0.7998654693427483,24.244143093739936,52.40039162900757,57.73715889462439
5303,51.80495020000001,262.95445520737604,-76.87244415283318,55.79132355551235,-16.31010739426888,-0.7998654693427483,0.21217105263157893,22.19888873197351,48.40991171471596,-0.7998654693427483,29.67180210670891,64.13153250467163,70.66306886668204
5304,51.816243199999974,263.81227381089155,-78.72650146484392,55.973327831587184,-16.703484685797473,-0.7998654693427483,0.21217105263157893,22.380893008048346,48.803289006244555,-0.7998654693427483,24.749774048800575,53.49324362703204,58.94131343300458
5305,51.82098159999998,264.6700924144072,-80.5805587768555,56.15533210766204,-17.096861977326245,-0.7998654693427483,0.21217105263157893,22.562897284123203,49.19666629777332,-0.7998654693427483,29.993429720034776,64.82668650084005,71.42902147620995
5306,51.832609899999966,265.52791101792275,-82.43461608886719,56.33733638373689,-17.490239268855042,-0.7998654693427483,0.21217105263157893,22.744901560198052,49.59004358930212,-0.7998654693427483,25.64060285523226,55.41864796740982,61.06281239277668
5307,51.83692259999998,266.38572962143843,-84.2886734008789,56.51934065981177,-17.883616560383846,-0.7998654693427483,0.21217105263157893,22.92690583627293,49.98342088083092,-0.7998654693427483,30.185624587533006,65.2420893587383,71.88673142961133
5308,51.84842570000001,267.24354822495405,-86.14273071289062,56.70134493588663,-18.276993851912646,-0.7998654693427483,0.21217105263157893,23.108910112347793,50.37679817235973,-0.7998654693427483,25.78509975968419,55.730958217114924,61.40693017416418
5309,51.85311150000001,268.1013668284697,-87.99678802490234,56.88334921196149,-18.67037114344145,-0.7998654693427483,0.21217105263157893,23.29091438842265,50.77017546388853,-0.7998654693427483,29.714223361201547,64.22322023304248,70.76409461768908
5310,51.86420399999997,268.9591854319853,-89.85084533691406,57.06535348803635,-19.06374843497025,-0.7998654693427483,0.21217105263157893,23.472918664497513,51.16355275541733,-0.7998654693427483,24.694166138688267,53.3730547528677,58.808883809657125
5311,51.86936029999998,269.8170040355009,-91.70490264892578,57.2473577641112,-19.457125726499054,-0.7998654693427483,0.21217105263157893,23.654922940572362,51.556930046946135,-0.7998654693427483,29.22140309605171,63.158056791304475,69.59044860148254
5312,51.8800028,270.67482263901655,-93.5589599609375,57.42936204018607,-19.850503018027855,-0.7998654693427483,0.21217105263157893,23.836927216647233,51.95030733847493,-0.7998654693427483,24.621668122480383,53.216360229682834,58.636230585099305
5313,51.88473529999999,271.5326412425322,-95.41301727294922,57.611366316260934,-20.24388030955666,-0.7998654693427483,0.21217105263157893,24.018931492722096,52.343684630003736,-0.7998654693427483,29.128372837907396,62.95698464196671,69.36889806961743
5314,51.896223299999974,272.3904598460478,-97.26707458496094,57.7933705923358,-20.63725760108546,-0.7998654693427483,0.21217105263157893,24.20093576879696,52.737061921532536,-0.7998654693427483,25.232440172193606,54.5364602835894,60.09077747297711
5315,51.90089710000001,273.24827844956343,-99.12113189697266,57.975374868410654,-21.030634892614263,-0.7998654693427483,0.21217105263157893,24.382940044871816,53.13043921306134,-0.7998654693427483,29.587080954953446,63.948419352057385,70.4613063820247
5316,51.91240339999996,274.106097053079,-100.97518920898438,58.1573791444855,-21.424012184143063,-0.7998654693427483,0.21217105263157893,24.564944320946665,53.523816504590144,-0.7998654693427483,25.22534060598284,54.521115544512845,60.073869934489544
5317,51.917085199999974,274.9639156565947,-102.8292465209961,58.33938342056038,-21.817389475671867,-0.7998654693427483,0.21217105263157893,24.746948597021543,53.917193796118944,-0.7998654693427483,30.00331292496597,64.84804769344825,71.4525582195989
5318,51.92801659999998,275.8217342601103,-104.68330383300781,58.52138769663524,-22.210766767200667,-0.7998654693427483,0.21217105263157893,24.9289528730964,54.310571087647745,-0.7998654693427483,25.351633302827327,54.79407989510884,60.37463459659689
5319,51.9325973,276.67955286362593,-106.53736114501953,58.7033919727101,-22.60414405872947,-0.7998654693427483,0.21217105263157893,25.110957149171263,54.70394837917655,-0.7998654693427483,30.365102034130285,65.63000525475952,72.31415498561057
5320,51.94420249999996,277.53737146714155,-108.39141845703125,58.885396248784964,-22.99752135025827,-0.7998654693427483,0.21217105263157893,25.292961425246126,55.097325670705345,-0.7998654693427483,25.736055700777907,55.62495620730605,61.29013228977613
5321,51.9486541,278.3951900706571,-110.24547576904297,59.06740052485981,-23.390898641787075,-0.7998654693427483,0.21217105263157893,25.474965701320976,55.49070296223415,-0.7998654693427483,29.745890332350328,64.29166404991423,70.83950915958725
5322,51.96022489999996,279.2530086741728,-112.09953308105469,59.249404800934684,-23.78427593331588,-0.7998654693427483,0.21217105263157893,25.656969977395846,55.88408025376296,-0.7998654693427483,24.992853595991516,54.01862674436967,59.520204688981
5323,51.965184299999976,280.11082727768843,-113.9535903930664,59.43140907700955,-24.17765322484468,-0.7998654693427483,0.21217105263157893,25.83897425347071,56.27745754529175,-0.7998654693427483,28.461381955238092,61.51537528773928,67.78046665222479
5324,51.97658259999997,280.96864588120405,-115.80764770507812,59.613413353084404,-24.571030516373483,-0.7998654693427483,0.21217105263157893,26.020978529545566,56.67083483682056,-0.7998654693427483,23.58093625364537,50.96696097050402,56.15773913867408
5325,51.982093599999985,281.8264644847197,-117.66170501708984,59.79541762915927,-24.964407807902283,-0.7998654693427483,0.21217105263157893,26.20298280562043,57.06421212834936,-0.7998654693427483,22.86676174034229,49.4233706671284,54.456940426266605
5326,51.99313559999996,282.68428308823525,-119.51576232910156,59.97742190523412,-25.357785099431087,-0.7998654693427483,0.21217105263157893,26.38498708169528,57.45758941987816,-0.7998654693427483,22.950132498698792,49.603565131908695,54.65548696611657
5327,52.00810459999997,283.54210169175093,-121.36981964111328,60.15942618130899,-25.751162390959887,-0.7998654693427483,0.21217105263157893,26.56699135777015,57.85096671140697,-0.7998654693427483,23.007110489847435,49.7267152485879,54.791179422478145
5328,52.01300829999997,284.39992029526655,-123.223876953125,60.34143045738385,-26.14453968248869,-0.7998654693427483,0.21217105263157893,26.748995633845013,58.24434400293577,-0.7998654693427483,24.015473050653096,51.90615268601201,57.19258371948444
5329,52.0242068,285.2577388987822,-125.07793426513672,60.523434733458714,-26.53791697401749,-0.7998654693427483,0.21217105263157893,26.930999909919876,58.63772129446457,-0.7998654693427483,23.92451824989595,51.70956635328927,56.97597586645472
5330,52.028987900000004,286.1155575022978,-126.93199157714844,60.70543900953358,-26.931294265546295,-0.7998654693427483,0.21217105263157893,27.11300418599474,59.03109858599338,-0.7998654693427483,29.280047580886443,63.284749934915624,69.73005636498351
5331,52.040343199999995,286.9733761058134,-128.78604888916016,60.88744328560843,-27.324671557075096,-0.7998654693427483,0.21217105263157893,27.29500846206959,59.42447587752217,-0.7998654693427483,25.01675816553413,54.07020685239337,59.57705479606579
5332,52.045017599999994,287.83119470932905,-130.6400997161865,61.0694475616833,-27.71804747267773,-0.7998654693427483,0.21217105263157893,27.47701273814446,59.8178517931248,-0.7998654693427483,29.460198239790913,63.67402521715982,70.15899634176137
5333,52.05653739999997,288.6890133128447,-132.49414957046508,61.25145183775816,-28.11142318189144,-0.7998654693427483,0.21217105263157893,27.659017014219323,60.21122750233852,-0.7998654693427483,25.00316230880781,54.040725014167805,59.54458905305745
5334,52.06126849999998,289.5468319163603,-134.3481992788315,61.43345611383302,-28.50479886014681,-0.7998654693427483,0.21217105263157893,27.84102129029418,60.604603180593884,-0.7998654693427483,29.26958877561585,63.261954481113534,69.70497623458556
5335,52.07280069999996,290.40465051987593,-136.20224896531104,61.61546038990788,-28.898174533758425,-0.7998654693427483,0.21217105263157893,28.023025566369043,60.9979788542055,-0.7998654693427483,24.92121947433084,53.8635786456601,59.349408460446995
5336,52.07767229999996,291.2624691233915,-138.0562986485076,61.79746466598273,-29.291550206673485,-0.7998654693427483,0.21217105263157893,28.205029842443892,61.39135452712056,-0.7998654693427483,29.094041137761046,62.88252286844192,69.28690288954942
5337,52.08825730000001,292.1202877269072,-139.91034833121168,61.9794689420576,-29.684925879484055,-0.7998654693427483,0.21217105263157893,28.387034118518763,61.78473019993113,-0.7998654693427483,24.732524480596894,53.45574110023262,58.9000341575319
5338,52.09322149999997,292.9781063304228,-141.7643980138419,62.161473218132464,-30.078301552278955,-0.7998654693427483,0.21217105263157893,28.569038394593626,62.178105872726036,-0.7998654693427483,29.119351465949595,62.93722720273452,69.3471787296796
5339,52.104144700000006,293.83592493393843,-143.61844769646103,62.34347749420733,-30.4716772250715,-0.7998654693427483,0.21217105263157893,28.75104267066849,62.57148154551858,-0.7998654693427483,24.863830611679163,53.739540114549506,59.212737180521806
5340,52.10897030000001,294.69374353745405,-145.47249737907853,62.525481770282184,-30.8650528978637,-0.7998654693427483,0.21217105263157893,28.933046946743346,62.964857218310776,-0.7998654693427483,29.11497203364278,62.92776169373943,69.3367491904824
5341,52.120287099999985,295.5515621409696,-147.32654706169575,62.70748604635703,-31.258428570655838,-0.7998654693427483,0.21217105263157893,29.115051222818195,63.358232891102915,-0.7998654693427483,24.988829580749716,54.00970713772645,59.51041983483843
5342,52.12502059999997,296.4093807444853,-149.18059674431296,62.88949032243191,-31.651804243447977,-0.7998654693427483,0.21217105263157893,29.297055498893073,63.751608563895054,-0.7998654693427483,29.502082720982354,63.76444493184664,70.25864589032575
5343,52.13637269999998,297.26719934800093,-151.03464642693015,63.07149459850677,-32.04517991624011,-0.7998654693427483,0.21217105263157893,29.47905977496793,64.14498423668718,-0.7998654693427483,25.14757984765148,54.35282266442329,59.88848055998961
5344,52.1410123,298.12501795151655,-152.88869610954734,63.25349887458163,-32.43855558903225,-0.7998654693427483,0.21217105263157893,29.661064051042793,64.53835990947933,-0.7998654693427483,29.49942208192662,63.75869434893944,70.25230962928651
5345,52.15242760000001,298.9828365550322,-154.7427457921645,63.435503150656494,-32.83193126182437,-0.7998654693427483,0.21217105263157893,29.843068327117656,64.93173558227144,-0.7998654693427483,24.981144541481584,53.993097047242145,59.49211806075914
5346,52.1572372,299.84065515854775,-156.59679547478171,63.61750742673134,-33.22530693461651,-0.7998654693427483,0.21217105263157893,30.025072603192505,65.32511125506359,-0.7998654693427483,29.36255181287774,63.462869243435904,69.92635570064675
5347,52.168713699999955,300.69847376206343,-158.45084515739887,63.799511702806214,-33.61868260740864,-0.7998654693427483,0.21217105263157893,30.207076879267376,65.71848692785571,-0.7998654693427483,24.826152554385992,53.65810449368374,59.12300760709598
5348,52.1735109,301.556292365579,-160.3048948400161,63.98151597888106,-34.012058280200776,-0.7998654693427483,0.21217105263157893,30.389081155342225,66.11186260064785,-0.7998654693427483,29.19836082029268,63.10799438242799,69.5353379913017
5349,52.18451049999999,302.4141109690946,-162.15894452263328,64.16352025495593,-34.405433952992915,-0.7998654693427483,0.21217105263157893,30.57108543141709,66.50523827344,-0.7998654693427483,24.85901606888766,53.7291341826873,59.20127143849557
5350,52.18932480000001,303.2719295726103,-164.01299420525044,64.3455245310308,-34.79880962578504,-0.7998654693427483,0.21217105263157893,30.753089707491966,66.89861394623212,-0.7998654693427483,29.503281514506455,63.767035949040825,70.26150079417948
5351,52.20059779999997,304.12974817612593,-165.86704388786765,64.52752880710565,-35.19218529857718,-0.7998654693427483,0.21217105263157893,30.935093983566816,67.29198961902426,-0.7998654693427483,25.128639314309,54.31188546664241,59.843374041996654
5352,52.205254999999966,304.9875667796415,-167.7210935704848,64.7095330831805,-35.585560971369304,-0.7998654693427483,0.21217105263157893,31.117098259641665,67.68536529181638,-0.7998654693427483,24.148960325871144,52.19445235183698,57.51028726348599
5353,52.2165832,305.8453853831571,-169.57514325310203,64.89153735925537,-35.97893664416144,-0.7998654693427483,0.21217105263157893,31.29910253571653,68.07874096460853,-0.7998654693427483,24.369759157921255,52.67167679393637,58.03611546011657
5354,52.232208499999956,306.70320398667275,-171.42919293571921,65.07354163533023,-36.37231231695358,-0.7998654693427483,0.21217105263157893,31.481106811791392,68.47211663740066,-0.7998654693427483,24.435729310925034,52.81426164898254,58.19322211807822
5355,52.23688619999996,307.56102259018843,-173.28324261833637,65.25554591140511,-36.76568798974571,-0.7998654693427483,0.21217105263157893,31.66311108786627,68.86549231019279,-0.7998654693427483,24.246580094680198,52.405443231069626,57.74276687631623
5356,52.24793349999999,308.41884119370405,-175.1372923009536,65.43755018747997,-37.15906366253785,-0.7998654693427483,0.21217105263157893,31.845115363941133,69.25886798298492,-0.7998654693427483,24.237472306380077,52.38575807626216,57.72107685262989
5357,52.25270619999998,309.2766597972196,-176.99134198357075,65.61955446355482,-37.55243933532997,-0.7998654693427483,0.21217105263157893,32.02711964001598,69.65224365577706,-0.7998654693427483,29.37776897355358,63.495758914752315,69.96259507782595
5358,52.26406659999998,310.13447840073525,-178.84539166618796,65.80155873962967,-37.94581500812211,-0.7998654693427483,0.21217105263157893,32.20912391609083,70.04561932856919,-0.7998654693427483,24.870620205532823,53.75421483001352,59.22890646803385
5359,52.26893960000001,310.9922970042509,-180.69944134880515,65.98356301570453,-38.33919068091425,-0.7998654693427483,0.21217105263157893,32.391128192165695,70.43899500136132,-0.7998654693427483,28.736209253585134,62.109121238311296,68.43473287199332
5360,52.28005559999997,311.85011560776655,-182.5534910314223,66.16556729177941,-38.732566353706375,-0.7998654693427483,0.21217105263157893,32.57313246824057,70.83237067415345,-0.7998654693427483,24.399257292715248,52.735432706000466,58.10636470409435
5361,52.28513909999998,312.7079342112822,-184.40754071403953,66.34757156785427,-39.125942026498514,-0.7998654693427483,0.21217105263157893,32.755136744315436,71.22574634694558,-0.7998654693427483,28.607477890113692,61.83088718904956,68.12816159135895
5362,52.29620339999997,313.56575281479775,-186.2615903966567,66.52957584392912,-39.51931769929064,-0.7998654693427483,0.21217105263157893,32.937141020390285,71.61912201973772,-0.7998654693427483,24.442053516876303,52.8279304969059,58.208283093626505
5363,52.30111419999997,314.4235714183134,-188.1156400792739,66.71158012000399,-39.91269337208278,-0.7998654693427483,0.21217105263157893,33.11914529646515,72.01249769252985,-0.7998654693427483,28.57243706208367,61.755151554707695,68.04471252942177
5364,52.31212979999998,315.281390021829,-189.9696897618911,66.89358439607885,-40.30606904487492,-0.7998654693427483,0.21217105263157893,33.30114957254001,72.405873365322,-0.7998654693427483,24.710371280032746,53.40786017152723,58.847276716076436
5365,52.317045500000006,316.1392086253447,-191.82373944450825,67.07558867215371,-40.69944471766704,-0.7998654693427483,0.21217105263157893,33.483153848614876,72.79924903811411,-0.7998654693427483,28.97169512865013,62.61808957979417,68.9955379807316
5366,52.328081,316.9970272288603,-193.67778912712546,67.25759294822858,-41.09282039045918,-0.7998654693427483,0.21217105263157893,33.66515812468974,73.19262471090626,-0.7998654693427483,24.706597752696617,53.39970424307022,58.83829013287967
5367,52.33290149999999,317.8548458323759,-195.53183880974262,67.43959722430343,-41.486196063251306,-0.7998654693427483,0.21217105263157893,33.84716240076459,73.58600038369838,-0.7998654693427483,29.30314977337799,63.33448040687733,69.78489087940277
5368,52.3444672,318.7126644358915,-197.38588849235984,67.62160150037829,-41.87957173604345,-0.7998654693427483,0.21217105263157893,34.02916667683945,73.97937605649054,-0.7998654693427483,25.167296051234075,54.39543636019275,59.935434321828694
5369,52.349074299999984,319.5704830394071,-199.23993817497703,67.80360577645315,-42.272947408835584,-0.7998654693427483,0.21217105263157893,34.211170952914316,74.37275172928267,-0.7998654693427483,29.534208478766182,63.8338800674067,70.33515276820893
5370,52.360208899999975,320.4283016429228,-201.0939878575942,67.98561005252802,-42.66632308162771,-0.7998654693427483,0.21217105263157893,34.39317522898918,74.76612740207479,-0.7998654693427483,25.244263406204666,54.5617900618614,60.11873060599734
5371,52.36495759999997,321.28612024643843,-202.9480375402114,68.16761432860288,-43.05969875441985,-0.7998654693427483,0.21217105263157893,34.57517950506404,75.15950307486693,-0.7998654693427483,29.79106677065826,64.38904176780363,70.946855878959
5372,52.37611899999996,322.143938849954,-204.80208722282856,68.34961860467773,-43.45307442721197,-0.7998654693427483,0.21217105263157893,34.75718378113889,75.55287874765905,-0.7998654693427483,24.95322661529411,53.93275652539333,59.425632053362115
5373,52.38085000000001,323.0017574534696,-206.65613690544578,68.5316228807526,-43.84645010000412,-0.7998654693427483,0.21217105263157893,34.939188057213755,75.9462544204512,-0.7998654693427483,28.825824325952663,62.302811134752034,68.64814945330475
5374,52.392733299999975,323.85957605698525,-208.51018658806296,68.71362715682746,-44.23982577279625,-0.7998654693427483,0.21217105263157893,35.12119233328862,76.33963009324333,-0.7998654693427483,24.422376918462426,52.785402401927854,58.16142365074033
5375,52.39783019999999,324.71739466050093,-210.36423627068012,68.89563143290233,-44.63320144558838,-0.7998654693427483,0.21217105263157893,35.303196609363496,76.73300576603546,-0.7998654693427483,29.729395109593007,64.25574747556543,70.79998599735686
5376,52.40898929999997,325.57521326401655,-212.21828595329734,69.07763570897718,-45.026577118380516,-0.7998654693427483,0.21217105263157893,35.485200885438346,77.1263814388276,-0.7998654693427483,25.31422347742114,54.71299854265548,60.285339177891665
5377,52.4132376,326.4330318675321,-214.0723356359145,69.25963998505203,-45.41995279117265,-0.7998654693427483,0.21217105263157893,35.667205161513195,77.51975711161973,-0.7998654693427483,29.950188604504614,64.73296038221793,71.32580148369308
5378,52.424338999999975,327.29085047104775,-215.92638531853171,69.4416442611269,-45.81332846396479,-0.7998654693427483,0.21217105263157893,35.84920943758806,77.91313278441186,-0.7998654693427483,26.0351078487252,56.27108487272908,62.00211152411369
5379,52.42906690000001,328.1486690745634,-217.78043500114887,69.62364853720176,-46.20670413675691,-0.7998654693427483,0.21217105263157893,36.03121371366292,78.30650845720399,-0.7998654693427483,30.48990625000817,65.8994812821469,72.61112873651199
5380,52.440348099999994,329.00648767807905,-219.63448468376606,69.80565281327664,-46.600079809549044,-0.7998654693427483,0.21217105263157893,36.2132179897378,78.69988412999612,-0.7998654693427483,25.190532249354884,54.44565801028701,59.9907708833527
5381,52.44506519999999,329.8643062815947,-221.48853436638328,69.9876570893515,-46.99345548234118,-0.7998654693427483,0.21217105263157893,36.39522226581266,79.09325980278825,-0.7998654693427483,24.124313271761157,52.1411813424858,57.451590775400305
5382,52.456200499999966,330.72212488511025,-223.34258404900044,70.16966136542635,-47.386831155133315,-0.7998654693427483,0.21217105263157893,36.57722654188751,79.48663547558039,-0.7998654693427483,24.034187449709034,51.94638753516215,57.23695785347961
5383,52.47265119999997,331.5799434886259,-225.19663373161765,70.3516656415012,-47.780206827925454,-0.7998654693427483,0.21217105263157893,36.75923081796236,79.88001114837253,-0.7998654693427483,24.11721478715424,52.12583900428154,57.43468587003858
5384,52.47743509999998,332.4377620921415,-227.0506834142348,70.53366991757606,-48.17358250071758,-0.7998654693427483,0.21217105263157893,36.941235094037225,80.27338682116465,-0.7998654693427483,23.753690416620458,51.34013414657733,56.56895953256699
5385,52.4884333,333.2955806956572,-228.904733096852,70.71567419365094,-48.56695817350971,-0.7998654693427483,0.21217105263157893,37.1232393701121,80.66676249395678,-0.7998654693427483,23.758747586409463,51.35106448080397,56.58100308572131
5386,52.49338359999996,334.1533992991728,-230.75878277946921,70.8976784697258,-48.96033384630185,-0.7998654693427483,0.21217105263157893,37.305243646186966,81.06013816674893,-0.7998654693427483,29.042544426987448,62.77121999519618,69.16426423001155
5387,52.50450169999999,335.0112179026884,-232.61283246208637,71.07968274580065,-49.35370951909398,-0.7998654693427483,0.21217105263157893,37.487247922261815,81.45351383954106,-0.7998654693427483,24.75885286719352,53.51264604457798,58.962734688883145
5388,52.5093574,335.869036506204,-234.4668821447036,71.26168702187552,-49.74708519188612,-0.7998654693427483,0.21217105263157893,37.66925219833668,81.8468895123332,-0.7998654693427483,28.925339548717638,62.51789876100287,68.88514305348878
5389,52.52030389999999,336.7268551097196,-236.32093182732075,71.44369129795038,-50.140460864678246,-0.7998654693427483,0.21217105263157893,37.85125647441154,82.24026518512532,-0.7998654693427483,24.74263471721385,53.47759288100818,58.92411147481422
5390,52.52517280000001,337.5846737132353,-238.17498150993794,71.62569557402524,-50.53383653747038,-0.7998654693427483,0.21217105263157893,38.033260750486406,82.63364085791746,-0.7998654693427483,28.908142788056967,62.480730473308974,68.8441892967952
5391,52.53665369999999,338.44249231675093,-240.02903119255515,71.80769985010011,-50.92721221026252,-0.7998654693427483,0.21217105263157893,38.21526502656127,83.0270165307096,-0.7998654693427483,24.759104269991532,53.51318941502514,58.96333339983987
5392,52.541546600000004,339.3003109202665,-241.8830808751723,71.98970412617496,-51.32058788305465,-0.7998654693427483,0.21217105263157893,38.39726930263612,83.42039220350173,-0.7998654693427483,28.707968554151876,62.04808308921271,68.36747818628399
5393,52.55242069999997,340.1581295237821,-243.73713055778953,72.17170840224982,-51.71396355584679,-0.7998654693427483,0.21217105263157893,38.57927357871098,83.81376787629387,-0.7998654693427483,24.52251213683134,53.00183005816646,58.399893758600264
5394,52.55742479999998,341.01594812729775,-245.5911802404067,72.35371267832468,-52.107339228638914,-0.7998654693427483,0.21217105263157893,38.761277854785845,84.207143549086,-0.7998654693427483,29.035187967155057,62.75532008120395,69.14674496158432
5395,52.56848639999998,341.87376673081343,-247.44522992302387,72.53571695439955,-52.500714901431046,-0.7998654693427483,0.21217105263157893,38.94328213086071,84.60051922187813,-0.7998654693427483,24.749572539658942,53.49258797140276,58.94063376630849
5396,52.573224100000004,342.73158533432905,-249.2992796056411,72.71772123047441,-52.894090574223185,-0.7998654693427483,0.21217105263157893,39.12528640693557,84.99389489467026,-0.7998654693427483,29.16826892247937,63.04295513827731,69.46367471204587
5397,52.58476559999997,343.5894039378446,-251.15332928825825,72.89972550654926,-53.28746624701532,-0.7998654693427483,0.21217105263157893,39.30729068301042,85.3872705674624,-0.7998654693427483,25.18465449821756,54.43295410926931,59.9767731314082
5398,52.58945269999998,344.44722254136025,-253.00737897087546,73.08172978262412,-53.680841919807456,-0.7998654693427483,0.21217105263157893,39.489294959085285,85.78064624025453,-0.7998654693427483,29.14132672655918,62.98472351495839,69.3995123876229
5399,52.600514799999985,345.3050411448759,-254.86142865349262,73.26373405869899,-54.07421759259958,-0.7998654693427483,0.21217105263157893,39.67129923516015,86.17402191304666,-0.7998654693427483,24.76747250849037,53.531326177762665,58.98330761163572
5400,52.6055374,346.16285974839155,-256.7154783361098,73.44573833477386,-54.46759326539171,-0.7998654693427483,0.21217105263157893,39.853303511235026,86.56739758583879,-0.7998654693427483,28.794917842953257,62.23618618754067,68.57470499209352
5401,52.61653669999998,347.0206783519072,-258.5695409886977,73.62774261084871,-54.86097169003619,-0.7998654693427483,0.21217105263157893,40.035307787309875,86.96077601048327,-0.7998654693427483,24.364228043844577,52.659956133307446,58.02315562027221
5402,52.62160549999999,347.87849695542275,-260.4236055867812,73.80974688692356,-55.254350527458506,-0.7998654693427483,0.21217105263157893,40.217312063384725,87.35415484790559,-0.7998654693427483,28.384806679711026,61.349979893978094,67.59820473382473
5403,52.63251869999999,348.7363155589384,-262.277670476689,73.99175116299843,-55.647729426797504,-0.7998654693427483,0.21217105263157893,40.39931633945959,87.74753374724457,-0.7998654693427483,24.45373796072962,52.85360772234182,58.23649327972298
5404,52.637497499999995,349.594134162454,-264.13173541037054,74.17375543907329,-56.041108335424006,-0.7998654693427483,0.21217105263157893,40.58132061553445,88.14091265587109,-0.7998654693427483,28.614725284030378,61.847057222526274,68.14588021419172
5405,52.64847370000001,350.4519527659697,-265.9858003506181,74.35575971514817,-56.434487245443634,-0.7998654693427483,0.21217105263157893,40.76332489160933,88.53429156589071,-0.7998654693427483,24.769959047832852,53.53709076599813,58.98958347808568
5406,52.653346399999975,351.3097713694853,-267.8398652918505,74.53776399122303,-56.827866155672226,-0.7998654693427483,0.21217105263157893,40.94532916768419,88.9276704761193,-0.7998654693427483,28.78120279269898,62.20688008981914,68.54234869555901
5407,52.664255999999966,352.1675899730009,-269.69393023323073,74.71976826729788,-57.22124506593217,-0.7998654693427483,0.21217105263157893,41.12733344375904,89.32104938637926,-0.7998654693427483,24.678880773989775,53.34023701912704,58.772681081548875
5408,52.66921070000001,353.0254085765165,-271.54799517463306,74.90177254337274,-57.61462397619681,-0.7998654693427483,0.21217105263157893,41.309337719833906,89.71442829664389,-0.7998654693427483,23.64906572377262,51.114423812148004,56.32017960957866
5409,52.680554599999994,353.8832271800321,-273.4020601160387,75.08377681944759,-58.00800288646215,-0.7998654693427483,0.21217105263157893,41.491341995908755,90.10780720690923,-0.7998654693427483,23.2320349124984,50.21306517734698,55.327021975523316
5410,52.69647429999998,354.7410457835478,-275.2561250574448,75.26578109552247,-58.4013817967276,-0.7998654693427483,0.21217105263157893,41.67334627198363,90.50118611717468,-0.7998654693427483,23.2686749064178,50.29225782715409,55.414280012046525
5411,52.701635099999976,355.59886438706343,-277.11018999885107,75.44778537159733,-58.79476070699307,-0.7998654693427483,0.21217105263157893,41.855350548058496,90.89456502744014,-0.7998654693427483,23.426809221206163,50.634044876199,55.79087641193428
5412,52.71242619999998,356.456682990579,-278.9642549402574,75.62978964767218,-59.18813961725855,-0.7998654693427483,0.21217105263157893,42.037354824133345,91.28794393770562,-0.7998654693427483,23.545856466633794,50.89135023564822,56.074387072483745
5413,52.71727649999997,357.3145015940946,-280.81831988166357,75.81179392374705,-59.58151852752401,-0.7998654693427483,0.21217105263157893,42.21935910020821,91.68132284797109,-0.7998654693427483,28.664196536035842,61.95398613790239,68.26369870899093
5414,52.7282146,358.17232019761025,-282.6723848230698,75.99379819982191,-59.97489743778948,-0.7998654693427483,0.21217105263157893,42.40136337628307,92.07470175823656,-0.7998654693427483,24.912136377293283,53.84438910904238,59.32817861191106
5415,52.73313039999999,359.03013880112593,-284.52644976447607,76.17580247589677,-60.36827634805495,-0.7998654693427483,0.21217105263157893,42.583367652357936,92.46808066850203,-0.7998654693427483,29.027870370396585,62.74002050884394,69.1297868627606
5416,52.74415669999996,359.88795740464155,-286.3805147058823,76.35780675197164,-60.761655258320424,-0.7998654693427483,0.21217105263157893,42.7653719284328,92.8614595787675,-0.7998654693427483,24.744631847404918,53.4823495413304,58.9292670726919
5417,52.74901729999999,360.7457760081571,-288.2345796472886,76.53981102804649,-61.15503416858591,-0.7998654693427483,0.21217105263157893,42.94737620450765,93.25483848903298,-0.7998654693427483,28.81047508723606,62.27014847379733,68.61206064316254
5418,52.76031619999998,361.60359461167275,-290.0886445886948,76.72181530412135,-61.54841307885136,-0.7998654693427483,0.21217105263157893,43.12938048058251,93.64821739929843,-0.7998654693427483,24.713992723243468,53.41612700231127,58.85630008972343
5419,52.765239399999984,362.4614132151884,-291.94270953010107,76.90381958019621,-61.94179198911683,-0.7998654693427483,0.21217105263157893,43.311384756657375,94.04159630956391,-0.7998654693427483,28.862596410448667,62.38280203210458,68.73618741921315
5420,52.77624199999997,363.31923181870405,-293.7967744715073,77.08582385627108,-62.335170899382305,-0.7998654693427483,0.21217105263157893,43.49338903273224,94.43497521982938,-0.7998654693427483,24.652605371441876,53.28344611108842,58.71010629417484
5421,52.78112809999999,364.1770504222197,-295.65083941291357,77.26782813234594,-62.728549809647774,-0.7998654693427483,0.21217105263157893,43.6753933088071,94.82835413009485,-0.7998654693427483,29.15824808041345,63.02181521496421,69.44028099099275
5422,52.7922294,365.03486902573525,-297.5049043543199,77.44983240842079,-63.12192871991326,-0.7998654693427483,0.21217105263157893,43.85739758488195,95.22173304036033,-0.7998654693427483,24.994370098232263,54.02212675470449,59.5240179734934
5423,52.79694009999997,365.8926876292509,-299.35896929572607,77.63183668449565,-63.51530763017872,-0.7998654693427483,0.21217105263157893,44.039401860956815,95.61511195062579,-0.7998654693427483,29.50588400564719,63.77318570134298,70.26817491192355
5424,52.80821019999996,366.7505062327665,-301.2130342371323,77.81384096057052,-63.90868654044419,-0.7998654693427483,0.21217105263157893,44.22140613703168,96.00849086089127,-0.7998654693427483,25.28512064868457,54.65054679604951,60.21643954374696
5425,52.81286510000001,367.6083248362822,-303.0670991785386,77.9958452366454,-64.30206545070968,-0.7998654693427483,0.21217105263157893,44.403410413106556,96.40186977115675,-0.7998654693427483,29.767855714823956,64.33940396664403,70.89205975736343
5426,52.82413779999996,368.4661434397978,-304.9211641199448,78.17784951272024,-64.69544436097513,-0.7998654693427483,0.21217105263157893,44.585414689181405,96.79524868142221,-0.7998654693427483,25.25734469172388,54.590512625884855,60.15029118494312
5427,52.82882760000001,369.3239620433134,-306.77522906135107,78.35985378879509,-65.0888232712406,-0.7998654693427483,0.21217105263157893,44.767418965256255,97.18862759168768,-0.7998654693427483,29.65741069353,64.10069121187928,70.62903526797888
5428,52.840143599999976,370.181780646829,-308.6292940027573,78.54185806486996,-65.48220218150607,-0.7998654693427483,0.21217105263157893,44.94942324133112,97.58200650195315,-0.7998654693427483,25.011191427896797,54.05848390232494,59.564077920008316
5429,52.84491439999999,371.0395992503446,-310.48335894416357,78.72386234094482,-65.87558109177154,-0.7998654693427483,0.21217105263157893,45.13142751740598,97.97538541221861,-0.7998654693427483,29.69255341557199,64.17664770036845,70.71272755589196
5430,52.85638399999999,371.8974178538603,-312.3374238855699,78.9058666170197,-66.26896000203702,-0.7998654693427483,0.21217105263157893,45.31343179348086,98.3687643224841,-0.7998654693427483,25.118506868695853,54.29043247005326,59.819649322761286
5431,52.86098559999999,372.75523645737593,-314.19148882697607,79.08787089309456,-66.66233891230249,-0.7998654693427483,0.21217105263157893,45.49543606955572,98.76214323274957,-0.7998654693427483,29.569443372231486,63.91056112407152,70.41954135420997
5432,52.87240489999999,373.6130550608915,-316.0455537683823,79.26987516916941,-67.05571782256796,-0.7998654693427483,0.21217105263157893,45.67744034563057,99.15552214301503,-0.7998654693427483,25.138157548287563,54.33290489482576,59.8664473577037
5433,52.87715220000001,374.4708736644071,-317.89961870978857,79.45187944524427,-67.44909673283342,-0.7998654693427483,0.21217105263157893,45.859444621705435,99.5489010532805,-0.7998654693427483,29.798007956894168,64.40457417244036,70.96386723208157
5434,52.88853230000001,375.32869226792275,-319.7536836511948,79.63388372131912,-67.8424756430989,-0.7998654693427483,0.21217105263157893,46.041448897780285,99.94227996354597,-0.7998654693427483,25.152063611543127,54.36296106783118,59.89956460594384
5435,52.8931791,376.18651087143843,-321.6077485926011,79.815887997394,-68.23585455336438,-0.7998654693427483,0.21217105263157893,46.22345317385516,100.33565887381145,-0.7998654693427483,24.23446211081811,52.37968305811735,57.71429936393151
5436,52.90432949999996,377.04432947495405,-323.4618135340073,79.99789227346886,-68.62923346362983,-0.7998654693427483,0.21217105263157893,46.405457449930026,100.72903778407691,-0.7998654693427483,23.911719223985976,51.68211568302044,56.94568813983942
5437,52.92036469999999,377.9021480784696,-325.31587847541357,80.17989654954371,-69.02261237389531,-0.7998654693427483,0.21217105263157893,46.587461726004875,101.12241669434239,-0.7998654693427483,24.020532949215568,51.91730260046977,57.20482770250336
5438,52.925320599999964,378.75996668198525,-327.1699434168198,80.36190082561858,-69.41599128416078,-0.7998654693427483,0.21217105263157893,46.76946600207974,101.51579560460786,-0.7998654693427483,23.697597357543124,51.21931871856608,56.43575755240899
5439,52.93632629999996,379.6177852855009,-329.02400835822607,80.54390510169344,-69.80937019442625,-0.7998654693427483,0.21217105263157893,46.9514702781546,101.90917451487333,-0.7998654693427483,23.69604639900662,51.21596652051824,56.43206394927196
5440,52.94117289999997,380.47560388901655,-330.8780732996324,80.7259093777683,-70.20274910469173,-0.7998654693427483,0.21217105263157893,47.133474554229466,102.30255342513881,-0.7998654693427483,29.005393070112724,62.691438705811024,69.07625723905576
5441,52.95232859999999,381.3334224925322,-332.73213824103857,80.90791365384317,-70.59612801495719,-0.7998654693427483,0.21217105263157893,47.31547883030433,102.69593233540427,-0.7998654693427483,24.95711081172371,53.94159558346011,59.43528509360597
5442,52.95713119999999,382.19124109604775,-334.5862031824448,81.08991792991802,-70.98950692522266,-0.7998654693427483,0.21217105263157893,47.49748310637918,103.08931124566973,-0.7998654693427483,28.818847970332197,62.288245387228,68.6320006393275
5443,52.968172899999956,383.0490596995634,-336.44026812385107,81.27192220599288,-71.38288583548812,-0.7998654693427483,0.21217105263157893,47.67948738245404,103.4826901559352,-0.7998654693427483,24.07053804777044,52.02538221047598,57.32391469583419
5444,52.97325029999996,383.906878303079,-338.2943330652573,81.45392648206774,-71.77626474575361,-0.7998654693427483,0.21217105263157893,47.861491658528905,103.87606906620069,-0.7998654693427483,26.97562375178049,58.30435253533339,64.24236765065606
5445,52.986428099999955,384.7646969065947,-340.1483980066636,81.6359307581426,-72.16964365601909,-0.7998654693427483,0.21217105263157893,48.04349593460377,104.26944797646617,-0.7998654693427483,23.48633936154771,50.76271164294253,55.93264726392197
5446,52.992329600000005,385.6225155101103,-342.0024629480698,81.81793503421747,-72.56302256628454,-0.7998654693427483,0.21217105263157893,48.22550021067863,104.66282688673162,-0.7998654693427483,27.588667053106164,59.62936704060653,65.70232844755594
5447,53.00122929999998,386.4803341136259,-343.85652788947607,81.99993931029232,-72.95640147655001,-0.7998654693427483,0.21217105263157893,48.40750448675348,105.05620579699709,-0.7998654693427483,23.899413842177406,51.655519177759146,56.91638290969924
5448,53.00614899999999,387.3381527171415,-345.7105928308823,82.18194358636718,-73.34978038681548,-0.7998654693427483,0.21217105263157893,48.589508762828345,105.44958470726256,-0.7998654693427483,27.551940429136703,59.54998715115196,65.61486410191719
5449,53.016609200000005,388.1959713206571,-347.56465777228857,82.36394786244205,-73.74315929708095,-0.7998654693427483,0.21217105263157893,48.77151303890321,105.84296361752803,-0.7998654693427483,25.021156917245058,54.08002303000042,59.587810703219965
5450,53.0222837,389.0537899241728,-349.4187227136949,82.54595213851692,-74.13653820734643,-0.7998654693427483,0.21217105263157893,48.953517314978086,106.23634252779351,-0.7998654693427483,28.424778026159565,61.436513721629595,67.69352424053888
5451,53.03229139999996,389.91160852768843,-351.27278765510107,82.72795641459179,-74.5299171176119,-0.7998654693427483,0.21217105263157893,49.13552159105295,106.62972143805898,-0.7998654693427483,24.153806490823563,52.20535627533894,57.52221824505051
5452,53.03714889999998,390.769427131204,-353.1268525965073,82.90996069066664,-74.92329602787737,-0.7998654693427483,0.21217105263157893,49.3175258671278,107.02310034832445,-0.7998654693427483,27.738017105893345,59.952168033421614,66.05800515361065
5453,53.048785899999984,391.6272457347196,-354.98091753791357,83.09196496674149,-75.31667493814284,-0.7998654693427483,0.21217105263157893,49.49953014320265,107.41647925858992,-0.7998654693427483,24.78826939327632,53.57666650251251,59.033189758262985
5454,53.05393879999997,392.48506433823525,-356.8349824793198,83.27396924281635,-75.71005384840831,-0.7998654693427483,0.21217105263157893,49.68153441927751,107.80985816885538,-0.7998654693427483,28.730232757046885,62.0967149639482,68.42096377272041
5455,53.06444389999996,393.34288294175093,-358.6890474207261,83.45597351889123,-76.10343275867379,-0.7998654693427483,0.21217105263157893,49.86353869535239,108.20323707912087,-0.7998654693427483,24.52482263172207,53.00726010059512,58.405792079977566
5456,53.069246599999985,394.20070154526655,-360.5431123621323,83.63797779496609,-76.49681166893924,-0.7998654693427483,0.21217105263157893,50.04554297142725,108.59661598938632,-0.7998654693427483,28.78258300933793,62.20986332310942,68.54563574268884
5457,53.08031629999999,395.0585201487821,-362.39717730353857,83.81998207104094,-76.89019057920473,-0.7998654693427483,0.21217105263157893,50.2275472475021,108.9899948996518,-0.7998654693427483,25.054992423789635,54.15315413977379,59.668389861318154
5458,53.0852448,395.91633875229775,-364.2512422449448,84.0019863471158,-77.2835694894702,-0.7998654693427483,0.21217105263157893,50.409551523576965,109.38337380991727,-0.7998654693427483,28.764630249928956,62.17106073514377,68.50288129960713
5459,53.09615450000001,396.7741573558134,-366.10530718635107,84.18399062319065,-77.67694839973566,-0.7998654693427483,0.21217105263157893,50.591555799651815,109.77675272018274,-0.7998654693427483,24.514221142531234,52.98434634079223,58.3805446650333
5460,53.10122799999999,397.63197595932905,-367.9593721277574,84.36599489926553,-78.07032731000115,-0.7998654693427483,0.21217105263157893,50.77356007572669,110.17013163044822,-0.7998654693427483,28.437834591157568,61.46473381305562,67.72461841120864
5461,53.11216300000001,398.4897945628447,-369.81343706916357,84.5479991753404,-78.4637062202666,-0.7998654693427483,0.21217105263157893,50.955564351801556,110.56351054071368,-0.7998654693427483,24.31026869577381,52.54352927329492,57.89483252030634
5462,53.11721030000001,399.34761316636025,-371.6675020105698,84.73000345141524,-78.85708513053207,-0.7998654693427483,0.21217105263157893,51.137568627876405,110.95688945097915,-0.7998654693427483,28.552169122639977,61.71185324546778,67.99690575752685
5463,53.1283823,400.2054317698759,-373.52156695197607,84.9120077274901,-79.25046404079755,-0.7998654693427483,0.21217105263157893,51.31957290395127,111.35026836124463,-0.7998654693427483,24.69517041638413,53.37544499900445,58.81147482197673
5464,53.13318549999997,401.0632503733915,-375.3756318933823,85.09401200356497,-79.64384295106302,-0.7998654693427483,0.21217105263157893,51.50157718002613,111.7436472715101,-0.7998654693427483,23.611634531556568,51.03352109040541,56.23103733825874
5465,53.144157199999995,401.9210689769072,-377.2296968347886,85.27601627963983,-80.0372218613285,-0.7998654693427483,0.21217105263157893,51.683581456100995,112.13702618177558,-0.7998654693427483,24.22076520616178,52.35007895461143,57.68168022627347
5466,53.16036919999999,402.7788875804228,-379.0837617761948,85.4580205557147,-80.43060077159396,-0.7998654693427483,0.21217105263157893,51.86558573217586,112.53040509204104,-0.7998654693427483,24.16664649207635,52.233108291992586,57.55279666980581
5467,53.165023399999995,403.6367061839384,-380.93782671760107,85.64002483178955,-80.82397968185943,-0.7998654693427483,0.21217105263157893,52.04759000825071,112.9237840023065,-0.7998654693427483,24.24539946529302,52.403322747676015,57.740346641051
5468,53.17638410000001,404.494524787454,-382.7918916590073,85.82202910786441,-81.2173585921249,-0.7998654693427483,0.21217105263157893,52.22959428432557,113.31716291257197,-0.7998654693427483,24.182654057996043,52.26770659360007,57.59091864038441
5469,53.18113790000001,405.3523433909696,-384.64595660041357,86.00403338393927,-81.61073750239036,-0.7998654693427483,0.21217105263157893,52.411598560400435,113.71054182283744,-0.7998654693427483,29.277712885670773,63.28002307645432,69.7247860690326
5470,53.19232109999996,406.2101619944853,-386.5000215418199,86.18603766001414,-82.00411641265585,-0.7998654693427483,0.21217105263157893,52.5936028364753,114.10392073310292,-0.7998654693427483,24.787333248155253,53.574643144844,59.03096033144373
5471,53.1972801,407.06798059800093,-388.35408648322607,86.368041936089,-82.39749532292132,-0.7998654693427483,0.21217105263157893,52.77560711255016,114.4972996433684,-0.7998654693427483,29.082530655696424,62.858161708213444,69.25996016946179
5472,53.20820900000001,407.9257992015165,-390.2081514246323,86.55004621216385,-82.79087423318678,-0.7998654693427483,0.21217105263157893,52.95761138862501,114.89067855363386,-0.7998654693427483,24.729050999684247,53.44867353640517,58.8921613302331
5473,53.21306290000001,408.7836178050321,-392.06221636603857,86.73205048823871,-83.18425314345225,-0.7998654693427483,0.21217105263157893,53.139615664699875,115.28405746389933,-0.7998654693427483,29.092999881316302,62.88078959726262,69.28489259910475
5474,53.224080999999956,409.64143640854775,-393.9162813074448,86.91405476431358,-83.57763205371772,-0.7998654693427483,0.21217105263157893,53.32161994077474,115.6774363741648,-0.7998654693427483,24.977834142830538,53.98638640696913,59.48463764493596
5475,53.22885869999999,410.49925501206343,-395.7703462488511,87.09605904038845,-83.9710109639832,-0.7998654693427483,0.21217105263157893,53.503624216849616,116.07081528443028,-0.7998654693427483,29.3453194165163,63.42614592589619,69.8857908209562
5476,53.24014510000001,411.35707361557905,-397.6244111902573,87.27806331646332,-84.36438987424867,-0.7998654693427483,0.21217105263157893,53.68562849292448,116.46419419469575,-0.7998654693427483,25.034684876265146,54.109261979174555,59.62002749735062
5477,53.244873600000005,412.2148922190946,-399.47847613166357,87.46006759253817,-84.75776878451414,-0.7998654693427483,0.21217105263157893,53.86763276899933,116.85757310496122,-0.7998654693427483,29.13823232929677,62.978553734892614,69.39261353930138
5478,53.25628929999999,413.07271082261025,-401.3325410730698,87.64207186861302,-85.15114769477961,-0.7998654693427483,0.21217105263157893,54.04963704507418,117.25095201522669,-0.7998654693427483,24.772363598493143,53.54228816616987,58.99531015534304
5479,53.261203499999965,413.9305294261259,-403.18660601447607,87.82407614468788,-85.54452660504508,-0.7998654693427483,0.21217105263157893,54.23164132114904,117.64433092549216,-0.7998654693427483,29.09373210529252,62.882372205519104,69.28663638832506
5480,53.272393299999976,414.78834802964155,-405.0406709558824,88.00608042076276,-85.93790551531056,-0.7998654693427483,0.21217105263157893,54.41364559722392,118.03770983575764,-0.7998654693427483,24.57571918097485,53.117266467001016,58.527002060489366
5481,53.27721679999996,415.6461666331572,-406.89473589728857,88.18808469683762,-86.33128442557602,-0.7998654693427483,0.21217105263157893,54.59564987329878,118.4310887460231,-0.7998654693427483,28.923306031633903,62.514018095480154,68.88076720131367
5482,53.288662999999985,416.50398523667275,-408.7488008386948,88.37008897291247,-86.7246633358415,-0.7998654693427483,0.21217105263157893,54.77765414937363,118.82446765628858,-0.7998654693427483,24.87279987613779,53.75936830463059,59.23449885152503
5483,53.29349309999998,417.3618038401884,-410.60286578010107,88.55209324898733,-87.11804224610697,-0.7998654693427483,0.21217105263157893,54.959658425448495,119.21784656655404,-0.7998654693427483,29.107029829422544,62.91111353149198,69.31830487874878
5484,53.3043371,418.219622443704,-412.4569307215073,88.73409752506218,-87.51142115637244,-0.7998654693427483,0.21217105263157893,55.141662701523344,119.61122547681951,-0.7998654693427483,24.779159140782347,53.556975859656184,59.01149371907148
5485,53.30919879999999,419.0774410472197,-414.3109956629136,88.91610180113706,-87.90480006663792,-0.7998654693427483,0.21217105263157893,55.32366697759822,120.004604387085,-0.7998654693427483,29.06047485247583,62.81049091704827,69.20743433975849
5486,53.32050799999996,419.9352596507353,-416.1650606043198,89.09810607721192,-88.29817897690337,-0.7998654693427483,0.21217105263157893,55.505671253673086,120.39798329735045,-0.7998654693427483,24.80449437314594,53.61173471650028,59.0718294995155
5487,53.32538649999998,420.7930782542509,-418.01912554572607,89.28011035328677,-88.69155788716884,-0.7998654693427483,0.21217105263157893,55.687675529747935,120.79136220761592,-0.7998654693427483,29.033444567300144,62.75206842085265,69.14306179608958
5488,53.33648339999996,421.6508968577665,-419.8731904871323,89.46211462936164,-89.08493679743431,-0.7998654693427483,0.21217105263157893,55.8696798058228,121.18474111788139,-0.7998654693427483,24.77260117370934,53.54280165454347,58.99587594001337
5489,53.34128199999998,422.5087154612821,-421.72725542853857,89.6441189054365,-89.47831570769979,-0.7998654693427483,0.21217105263157893,56.05168408189766,121.57812002814687,-0.7998654693427483,28.71125798418919,62.055703424933,68.37577540765376
5490,53.352564099999995,423.3665340647978,-423.5813203699449,89.82612318151136,-89.87169461796528,-0.7998654693427483,0.21217105263157893,56.233688357972525,121.97149893841235,-0.7998654693427483,24.628011125467943,53.23028880133326,58.65153517061184
5491,53.357649899999956,424.22435266831343,-425.43538531135107,90.00812745758623,-90.26507352823073,-0.7998654693427483,0.21217105263157893,56.41569263404739,122.3648778486778,-0.7998654693427483,23.633463616867875,51.08070185987367,56.283023239935495
5492,53.368425,425.082171271829,-427.2894502527573,90.19013173366108,-90.6584524384962,-0.7998654693427483,0.21217105263157893,56.59769691012224,122.75825675894328,-0.7998654693427483,23.797549109606,51.43535161709716,56.67379235236097
5493,53.384350299999994,425.9399898753446,-429.14351519416357,90.37213600973594,-91.05183134876167,-0.7998654693427483,0.21217105263157893,56.7797011861971,123.15163566920874,-0.7998654693427483,23.731441294967198,51.29246805060313,56.5163567886202
5494,53.38904729999996,426.79780847886025,-430.9975801355698,90.5541402858108,-91.44521025902714,-0.7998654693427483,0.21217105263157893,56.961705462271965,123.54501457947421,-0.7998654693427483,24.26316650402104,52.44172392419908,57.782658790884334
5495,53.400565400000005,427.65562708237593,-432.8516450769761,90.73614456188568,-91.83858916929262,-0.7998654693427483,0.21217105263157893,57.14370973834684,123.9383934897397,-0.7998654693427483,24.020176135069413,51.91653139243744,57.20397795067839
5496,53.405299499999956,428.51344568589155,-434.7057100183823,90.91814883796053,-92.23196807955809,-0.7998654693427483,0.21217105263157893,57.32571401442169,124.33177240000516,-0.7998654693427483,29.42921618596648,63.607478037718124,70.0855907276178
5497,53.41690969999996,429.3712642894071,-436.55977495978857,91.10015311403538,-92.62534698982356,-0.7998654693427483,0.21217105263157893,57.50771829049654,124.72515131027063,-0.7998654693427483,24.938036950213604,53.900369877024914,59.38986074920797
5498,53.42164029999998,430.22908289292275,-438.4138399011948,91.28215739011024,-93.01872590008902,-0.7998654693427483,0.21217105263157893,57.689722566571405,125.1185302205361,-0.7998654693427483,29.086100652855976,62.8658777994099,69.26846210706867
5499,53.43281089999999,431.0869014964384,-440.26790484260107,91.4641616661851,-93.41210481035449,-0.7998654693427483,0.21217105263157893,57.87172684264627,125.51190913080157,-0.7998654693427483,24.727081738716873,53.44441723127705,58.88747154110124
5500,53.43779159999997,431.94472009995405,-442.1219697840074,91.64616594225998,-93.80548372061997,-0.7998654693427483,0.21217105263157893,58.053731118721146,125.90528804106705,-0.7998654693427483,28.888787872050166,62.43941151867831,68.7985623070364
5501,53.448722599999996,432.8025387034697,-443.97603472541357,91.82817021833485,-94.19886263088543,-0.7998654693427483,0.21217105263157893,58.23573539479601,126.2986669513325,-0.7998654693427483,24.592985972516146,53.15458642336119,58.56812287313765
5502,53.453711099999964,433.66035730698525,-445.8300996668198,92.0101744944097,-94.59224154115091,-0.7998654693427483,0.21217105263157893,58.41773967087086,126.69204586159799,-0.7998654693427483,28.634968468274224,61.89081341639835,68.19409215263806
5503,53.46442049999996,434.5181759105009,-447.68416460822607,92.19217877048455,-94.98562045141638,-0.7998654693427483,0.21217105263157893,58.59974394694571,127.08542477186346,-0.7998654693427483,24.61726808473812,53.20706909602632,58.62595065109977
5504,53.46940649999999,435.3759945140165,-449.5382295496323,92.37418304655941,-95.37899936168185,-0.7998654693427483,0.21217105263157893,58.78174822302057,127.47880368212893,-0.7998654693427483,28.422674724634938,61.43196770502269,67.68851523422089
5505,53.480468299999984,436.2338131175322,-451.3922944910386,92.55618732263429,-95.77237827194733,-0.7998654693427483,0.21217105263157893,58.96375249909545,127.87218259239441,-0.7998654693427483,24.527320075683907,53.01265800555299,58.41173973533718
5506,53.485569699999985,437.0916317210478,-453.2463594324448,92.73819159870915,-96.16575718221279,-0.7998654693427483,0.21217105263157893,59.14575677517031,128.26556150265986,-0.7998654693427483,28.624414494057746,61.86800235412036,68.16895789446298
5507,53.49627079999999,437.9494503245634,-455.10042437385107,92.920195874784,-96.55913609247825,-0.7998654693427483,0.21217105263157893,59.32776105124516,128.65894041292535,-0.7998654693427483,24.627714166973288,53.229646963616375,58.650827964840964
5508,53.50112680000001,438.807268928079,-456.9544893152573,93.10220015085886,-96.95251500274374,-0.7998654693427483,0.21217105263157893,59.509765327320025,129.05231932319083,-0.7998654693427483,28.63471864350582,61.890273452187394,68.19349719569507
5509,53.51214429999999,439.6650875315946,-458.80855425666357,93.28420442693371,-97.3458939130092,-0.7998654693427483,0.21217105263157893,59.691769603394874,129.44569823345628,-0.7998654693427483,24.768831857281274,53.534654760299624,58.986899324161314
5510,53.51713229999996,440.5229061351103,-460.6626191980699,93.46620870300859,-97.73927282327469,-0.7998654693427483,0.21217105263157893,59.87377387946975,129.83907714372177,-0.7998654693427483,28.33710479586852,61.24701927383445,67.48473070363016
5511,53.528265499999975,441.38072473862593,-462.51668413947607,93.64821297908345,-98.13265173354014,-0.7998654693427483,0.21217105263157893,60.055778155544616,130.23245605398722,-0.7998654693427483,24.215183410003526,52.33801461778616,57.66838719534046
5512,53.5334881,442.2385433421415,-464.3707490808823,93.8302172551583,-98.52603064380561,-0.7998654693427483,0.21217105263157893,60.237782431619465,130.6258349642527,-0.7998654693427483,28.38716081738143,61.35520894728234,67.60393896983038
5513,53.54427629999998,443.0963619456571,-466.22481402228857,94.01222153123317,-98.91940955407108,-0.7998654693427483,0.21217105263157893,60.41978670769433,131.01921387451816,-0.7998654693427483,24.397441088431904,52.731941224753264,58.102433313884006
5514,53.549145399999986,443.95418054917275,-468.0788789636948,94.19422580730803,-99.31278846433655,-0.7998654693427483,0.21217105263157893,60.60179098376919,131.4125927847836,-0.7998654693427483,28.949612977883703,62.5708771873195,68.94341711548589
5515,53.5601494,444.81199915268843,-469.9329439051011,94.3762300833829,-99.70616737460203,-0.7998654693427483,0.21217105263157893,60.783795259844055,131.8059716950491,-0.7998654693427483,25.189494476958803,54.44386308488919,59.98870610048943
5516,53.56480319999997,445.66981775620405,-471.7870088465073,94.55823435945776,-100.0995462848675,-0.7998654693427483,0.21217105263157893,60.96579953591892,132.19935060531458,-0.7998654693427483,29.605470122582783,63.98842832642125,70.50533895290974
5517,53.57614389999998,446.5276363597196,-473.64107378791357,94.7402386355326,-100.49292519513297,-0.7998654693427483,0.21217105263157893,61.14780381199377,132.59272951558006,-0.7998654693427483,25.355805619078403,54.80332329792891,60.38477559029102
5518,53.58081659999999,447.38545496323525,-475.4951387293198,94.92224291160747,-100.88630410539844,-0.7998654693427483,0.21217105263157893,61.32980808806863,132.98610842584552,-0.7998654693427483,24.322921749278937,52.570877226357226,57.92496572955629
5519,53.592099399999995,448.2432735667509,-477.34920367072607,95.10424718768233,-101.2796830156639,-0.7998654693427483,0.21217105263157893,61.511812364143495,133.37948733611097,-0.7998654693427483,24.471406703098697,52.891808418658755,58.27858220499676
5520,53.60809919999997,449.10109217026655,-479.2032686121324,95.28625146375721,-101.67306192592939,-0.7998654693427483,0.21217105263157893,61.69381664021837,133.77286624637645,-0.7998654693427483,24.428321447314453,52.798685161697776,58.175974796623805
5521,53.6126663,449.9589107737822,-481.05733355353857,95.46825573983206,-102.06644083619486,-0.7998654693427483,0.21217105263157893,61.87582091629322,134.16624515664193,-0.7998654693427483,24.60966536816317,53.190636798797726,58.60784480421187
5522,53.62416129999997,450.81672937729775,-482.9113984949448,95.65026001590691,-102.45981974646033,-0.7998654693427483,0.21217105263157893,62.05782519236807,134.55962406690742,-0.7998654693427483,24.6057812400597,53.1822417538371,58.59859476469762
5523,53.628727699999956,451.6745479808134,-484.76546343635107,95.83226429198177,-102.8531986567258,-0.7998654693427483,0.21217105263157893,62.239829468442935,134.95300297717287,-0.7998654693427483,29.75262925483326,64.306493925367,70.85579798822974
5524,53.640024100000005,452.532366584329,-486.6195283777573,96.01426856805664,-103.24657756699126,-0.7998654693427483,0.21217105263157893,62.4218337445178,135.34638188743833,-0.7998654693427483,25.028993222166637,54.09696019849408,59.60647284005921
5525,53.64492859999996,453.3901851878447,-488.4735933191636,96.19627284413151,-103.63995647725675,-0.7998654693427483,0.21217105263157893,62.603838020592676,135.7397607977038,-0.7998654693427483,29.567024665649697,63.905333399865974,70.41378121168584
5526,53.65614059999996,454.2480037913603,-490.3276582605698,96.37827712020638,-104.0333353875222,-0.7998654693427483,0.21217105263157893,62.78584229666754,136.1331397079693,-0.7998654693427483,24.715954328781585,53.42036676120786,58.86097164747094
5527,53.66086509999997,455.1058223948759,-492.18172320197607,96.56028139628123,-104.42671429778767,-0.7998654693427483,0.21217105263157893,62.96784657274239,136.52651861823475,-0.7998654693427483,29.298256177725385,63.32442476863311,69.77370985789632
5528,53.67253059999996,455.9636409983915,-494.0357881433823,96.74228567235608,-104.82009320805315,-0.7998654693427483,0.21217105263157893,63.14985084881724,136.91989752850023,-0.7998654693427483,25.126605774441153,54.30793721656385,59.838936842681456
5529,53.67719460000001,456.8214596019071,-495.88985308478857,96.92428994843094,-105.21347211831862,-0.7998654693427483,0.21217105263157893,63.3318551248921,137.31327643876568,-0.7998654693427483,29.751654479649048,64.30438707376993,70.85347656403071
5530,53.688393899999994,457.6792782054228,-497.7439180261949,97.10629422450582,-105.6068510285841,-0.7998654693427483,0.21217105263157893,63.51385940096698,137.70665534903117,-0.7998654693427483,25.096879494398515,54.24368767308269,59.768143795263576
5531,53.69301819999998,458.53709680893843,-499.59798296760107,97.28829850058068,-106.00022993884956,-0.7998654693427483,0.21217105263157893,63.69586367704184,138.10003425929665,-0.7998654693427483,29.84711950900359,64.51072249635183,71.08082624721
5532,53.70495319999998,459.394915412454,-501.4520479090073,97.47030277665553,-106.39360884911503,-0.7998654693427483,0.21217105263157893,63.87786795311669,138.4934131695621,-0.7998654693427483,25.440804889225937,54.98703832366956,60.587201099080055
5533,53.70957809999999,460.2527340159696,-503.30611285041357,97.6523070527304,-106.7869877593805,-0.7998654693427483,0.21217105263157893,64.05987222919155,138.88679207982756,-0.7998654693427483,29.525562508932612,63.81571826346267,70.31503920890985
5534,53.72028949999998,461.11055261948525,-505.1601777918198,97.83431132880524,-107.18036666964598,-0.7998654693427483,0.21217105263157893,64.2418765052664,139.28017099009304,-0.7998654693427483,24.813904415765897,53.63207331727975,59.09423948799779
5535,53.72525209999998,461.96837122300093,-507.0142427332261,98.01631560488012,-107.57374557991146,-0.7998654693427483,0.21217105263157893,64.42388078134128,139.67354990035852,-0.7998654693427483,29.327636291057484,63.3879261171471,69.8436785103237
5536,53.73677140000001,462.82618982651655,-508.8683076746323,98.19831988095498,-107.96712449017691,-0.7998654693427483,0.21217105263157893,64.60588505741615,140.066928810624,-0.7998654693427483,24.75245854418426,53.499265943056216,58.94790632776889
5537,53.74158399999999,463.6840084300321,-510.72237261603857,98.38032415702983,-108.36050340044238,-0.7998654693427483,0.21217105263157893,64.787889333491,140.46030772088946,-0.7998654693427483,29.157267412808526,63.019695627655,69.43794553401119
5538,53.752629799999966,464.54182703354775,-512.5764375574448,98.5623284331047,-108.75388231070785,-0.7998654693427483,0.21217105263157893,64.96989360956586,140.85368663115491,-0.7998654693427483,25.087320233845915,54.22302655687114,59.74537844471895
5539,53.75729469999999,465.3996456370634,-514.4305024988511,98.74433270917956,-109.14726122097332,-0.7998654693427483,0.21217105263157893,65.15189788564072,141.2470655414204,-0.7998654693427483,29.515744113748298,63.794497060965696,70.29165673001191
5540,53.76844319999998,466.25746424057905,-516.2845674402573,98.92633698525442,-109.5406401312388,-0.7998654693427483,0.21217105263157893,65.33390216171559,141.64044445168588,-0.7998654693427483,25.232330087787027,54.53644676628223,60.0907189801435
5541,53.77324010000001,467.1152828440947,-518.1386323816636,99.10834126132929,-109.93401904150427,-0.7998654693427483,0.21217105263157893,65.51590643779045,142.03382336195136,-0.7998654693427483,29.48657763751727,63.731457461657286,70.22219685370406
5542,53.78433709999996,467.97310144761025,-519.9926973230698,99.29034553740414,-110.32739795176974,-0.7998654693427483,0.21217105263157893,65.6979107138653,142.42720227221682,-0.7998654693427483,24.918611793762878,53.858384891609994,59.343599796954194
5543,53.78915860000001,468.8309200511259,-521.8467622644761,99.472349813479,-110.72077686203521,-0.7998654693427483,0.21217105263157893,65.87991498994016,142.82058118248227,-0.7998654693427483,29.55044238896981,63.86949293462716,70.37429056914331
5544,53.80041019999999,469.6887386546415,-523.7008272058823,99.65435408955386,-111.11415577230068,-0.7998654693427483,0.21217105263157893,66.06191926601502,143.21396009274775,-0.7998654693427483,25.19832325310012,54.46294535269146,60.00973180458302
5545,53.8050197,470.5465572581572,-525.5548921472886,99.83635836562874,-111.50753468256615,-0.7998654693427483,0.21217105263157893,66.2439235420899,143.60733900301324,-0.7998654693427483,29.78360366121172,64.37344113391646,70.92956344480031
5546,53.81626739999996,471.4043758616728,-527.4089570886948,100.01836264170359,-111.90091359283161,-0.7998654693427483,0.21217105263157893,66.42592781816475,144.0007179132787,-0.7998654693427483,25.261107344686835,54.59864511790243,60.15925193177224
5547,53.82089529999996,472.2621944651884,-529.2630220301011,100.20036691777844,-112.2942925030971,-0.7998654693427483,0.21217105263157893,66.6079320942396,144.39409682354417,-0.7998654693427483,24.376561962683013,52.686813671096736,58.05270973807674
5548,53.83291989999998,473.120013068704,-531.1170869715073,100.3823711938533,-112.68767141336257,-0.7998654693427483,0.21217105263157893,66.78993637031446,144.78747573380963,-0.7998654693427483,24.339220649033166,52.60610520870097,57.96378151079549
5549,53.848405499999956,473.9778316722196,-532.9711519129136,100.56437546992817,-113.08105032362803,-0.7998654693427483,0.21217105263157893,66.97194064638933,145.1808546440751,-0.7998654693427483,24.317159364924134,52.55842257129745,57.91124262837214
5550,53.853036900000006,474.8356502757353,-534.8252168543198,100.74637974600304,-113.4744292338935,-0.7998654693427483,0.21217105263157893,67.1539449224642,145.5742335543406,-0.7998654693427483,23.569519382677214,50.94249459515227,56.130740236589745
5551,53.86436179999998,475.69346887925093,-536.6792817957261,100.9283840220779,-113.86780814415897,-0.7998654693427483,0.21217105263157893,67.33594919853907,145.96761246460605,-0.7998654693427483,23.90818877534209,51.67448507087149,56.93728038690568
5552,53.869475799999975,476.5512874827665,-538.5333467371323,101.11038829815276,-114.26118705442444,-0.7998654693427483,0.21217105263157893,67.51795347461392,146.3609913748715,-0.7998654693427483,29.121219599729265,62.94178290091966,69.35209777448812
5553,53.8802905,477.4091060862821,-540.3874116785386,101.2923925742276,-114.65456596468992,-0.7998654693427483,0.21217105263157893,67.69995775068877,146.75437028513699,-0.7998654693427483,24.483981583851495,52.91898741133906,58.30852924607034
5554,53.88510309999998,478.26692468979775,-542.2414766199448,101.47439685030247,-115.04794487495539,-0.7998654693427483,0.21217105263157893,67.88196202676363,147.14774919540247,-0.7998654693427483,28.639984969682892,61.90165594109064,68.20603893580703
5555,53.89639949999997,479.12474329331343,-544.0955415613511,101.65640112637735,-115.44132378522086,-0.7998654693427483,0.21217105263157893,68.06396630283851,147.54112810566795,-0.7998654693427483,24.656269771852703,53.29136624280962,58.71883305284299
5556,53.901338399999986,479.98256189682905,-545.9496065027573,101.83840540245221,-115.83470269548633,-0.7998654693427483,0.21217105263157893,68.24597057891337,147.9345070159334,-0.7998654693427483,28.67783815835277,61.98347075572056,68.29618619192392
5557,53.91295259999998,480.8403805003446,-547.8036714441636,102.02040967852706,-116.2280816057518,-0.7998654693427483,0.21217105263157893,68.42797485498822,148.32788592619886,-0.7998654693427483,24.538178321192564,53.03612671122167,58.43759861468817
5558,53.91787999999997,481.69819910386025,-549.6577363855698,102.20241395460192,-116.62146051601727,-0.7998654693427483,0.21217105263157893,68.60997913106308,148.72126483646434,-0.7998654693427483,28.69578505290438,62.02226066754898,68.3389266678654
5559,53.92851109999998,482.5560177073759,-551.5118013269761,102.38441823067677,-117.01483942628273,-0.7998654693427483,0.21217105263157893,68.79198340713793,149.11464374672983,-0.7998654693427483,24.675928043458615,53.33385507674693,58.76564916814407
5560,53.93344350000001,483.41383631089155,-553.3658662683823,102.56642250675165,-117.40821833654822,-0.7998654693427483,0.21217105263157893,68.97398768321281,149.5080226569953,-0.7998654693427483,28.421268407266687,61.428928130317004,67.68516609359504
5561,53.944308199999966,484.2716549144072,-555.2199312097886,102.74842678282651,-117.80159724681369,-0.7998654693427483,0.21217105263157893,69.15599195928768,149.90140156726076,-0.7998654693427483,24.302792226958683,52.527369844414366,57.87702733208242
5562,53.94959940000001,485.12947351792275,-557.0739961511948,102.93043105890136,-118.19497615707915,-0.7998654693427483,0.21217105263157893,69.33799623536252,150.29478047752622,-0.7998654693427483,27.80846357490337,60.10442904513368,66.22577320981792
5563,53.96073469999999,485.9872921214384,-558.9280610926011,103.11243533497623,-118.58835506734462,-0.7998654693427483,0.21217105263157893,69.52000051143739,150.6881593877917,-0.7998654693427483,23.94051841593317,51.744361444434254,57.01427332971884
5564,53.965987600000005,486.845110724954,-560.7821260340073,103.29443961105109,-118.98173397761009,-0.7998654693427483,0.21217105263157893,69.70200478751225,151.08153829805718,-0.7998654693427483,28.044596336410244,60.61479973753196,66.78812267831235
5565,53.976352299999974,487.7029293284697,-562.6361909754136,103.47644388712595,-119.37511288787556,-0.7998654693427483,0.21217105263157893,69.88400906358711,151.47491720832264,-0.7998654693427483,24.38700125021206,52.709376852801455,58.07757087024634
5566,53.9812354,488.5607479319853,-564.4902559168198,103.65844816320082,-119.76849179814104,-0.7998654693427483,0.21217105263157893,70.06601333966198,151.86829611858812,-0.7998654693427483,28.30208928218469,61.171337729903776,67.40134136204341
5567,53.99253329999999,489.4185665355009,-566.3443208582261,103.84045243927567,-120.16187070840651,-0.7998654693427483,0.21217105263157893,70.24801761573683,152.26167502885357,-0.7998654693427483,24.595446829628266,53.159905250533576,58.57398339702345
5568,53.997600199999965,490.2763851390165,-568.1983857996323,104.02245671535053,-120.55524961867198,-0.7998654693427483,0.21217105263157893,70.43002189181169,152.65505393911906,-0.7998654693427483,28.024211561180433,60.570740659145635,66.73957639679232
5569,54.008894199999986,491.1342037425321,-570.0524507410386,104.20446099142539,-120.94862852893745,-0.7998654693427483,0.21217105263157893,70.61202616788655,153.04843284938454,-0.7998654693427483,24.094033086072784,52.07616372376219,57.37986805959783
5570,54.01413869999999,491.9920223460478,-571.9065156824448,104.38646526750027,-121.34200743920292,-0.7998654693427483,0.21217105263157893,70.79403044396143,153.44181175965,-0.7998654693427483,28.105562703761628,60.74657072483321,66.93331390064472
5571,54.02446729999997,492.84984094956343,-573.7605806238511,104.56846954357512,-121.73538634946838,-0.7998654693427483,0.21217105263157893,70.97603472003628,153.83519066991545,-0.7998654693427483,24.205189623540964,52.316414329524584,57.64458702263431
5572,54.02949960000001,493.707659553079,-575.6146455652573,104.75047381964997,-122.12876525973385,-0.7998654693427483,0.21217105263157893,71.15803899611113,154.22856958018093,-0.7998654693427483,28.369900147772157,61.31790222269568,67.56283273654702
5573,54.040584999999965,494.5654781565946,-577.4687105066636,104.93247809572483,-122.52214416999934,-0.7998654693427483,0.21217105263157893,71.340043272186,154.6219484904464,-0.7998654693427483,24.747381226783087,53.48829197239361,58.93581471149578
5574,54.04551219999996,495.42329676011025,-579.3227754480698,105.1144823717997,-122.9155230802648,-0.7998654693427483,0.21217105263157893,71.52204754826086,155.0153274007119,-0.7998654693427483,23.51059515927364,50.815137440198185,55.99041237399036
5575,54.05648209999998,496.28111536362593,-581.1768403894761,105.29648664787457,-123.30890199053027,-0.7998654693427483,0.21217105263157893,71.70405182433574,155.40870631097735,-0.7998654693427483,23.90643938461174,51.670703987076166,56.93311421809072
5576,54.072395099999994,497.13893396714155,-583.0309053308823,105.47849092394944,-123.70228090079574,-0.7998654693427483,0.21217105263157893,71.8860561004106,155.8020852212428,-0.7998654693427483,23.880781767206877,51.61524833629529,56.87201067863166
5577,54.07716629999999,497.9967525706571,-584.8849702722886,105.66049520002429,-124.09565981106121,-0.7998654693427483,0.21217105263157893,72.06806037648545,156.1954641315083,-0.7998654693427483,23.97615835035903,51.82139259375111,57.099149727444924
5578,54.08833899999996,498.85457117417275,-586.7390352136948,105.84249947609914,-124.48903872132668,-0.7998654693427483,0.21217105263157893,72.2500646525603,156.58884304177377,-0.7998654693427483,23.87526674665553,51.603328326384734,56.858876673608464
5579,54.09320339999999,499.7123897776884,-588.5931001551011,106.024503752174,-124.88241763159216,-0.7998654693427483,0.21217105263157893,72.43206892863516,156.98222195203925,-0.7998654693427483,29.198081182270247,63.10790935812969,69.53514340447107
5580,54.1045173,500.57020838120405,-590.4471650965073,106.20650802824888,-125.27579654185763,-0.7998654693427483,0.21217105263157893,72.61407320471004,157.3756008623047,-0.7998654693427483,24.788370575034236,53.576885193910314,59.03343072231758
5581,54.109300399999995,501.4280269847197,-592.3012300379136,106.38851230432374,-125.6691754521231,-0.7998654693427483,0.21217105263157893,72.7960774807849,157.76897977257016,-0.7998654693427483,29.066137663848654,62.822730357872764,69.22092030818277
5582,54.12060650000001,502.28584558823525,-594.1552949793198,106.57051658039859,-126.06255436238857,-0.7998654693427483,0.21217105263157893,72.97808175685975,158.16235868283565,-0.7998654693427483,24.845597773420558,53.70057444684526,59.16971712489228
5583,54.12543690000001,503.1436641917509,-596.0093599207261,106.75252085647345,-126.45593327265404,-0.7998654693427483,0.21217105263157893,73.16008603293461,158.55573759310113,-0.7998654693427483,29.15498807046343,63.0147691213804,69.43251728700135
5584,54.136594,504.0014827952665,-597.8634248621323,106.9345251325483,-126.8493121829195,-0.7998654693427483,0.21217105263157893,73.34209030900946,158.94911650336658,-0.7998654693427483,24.776091147851606,53.55034478624467,59.004187303040894
5585,54.1414302,504.8593013987822,-599.7174898035386,107.11652940862318,-127.24269109318497,-0.7998654693427483,0.21217105263157893,73.52409458508434,159.34249541363204,-0.7998654693427483,28.88402126509821,62.429109108818366,68.78721064677208
5586,54.15269489999997,505.7171200022978,-601.5715547449448,107.29853368469804,-127.63607000345046,-0.7998654693427483,0.21217105263157893,73.7060988611592,159.73587432389752,-0.7998654693427483,24.696549883931894,53.378426541263586,58.814760019833535
5587,54.15766259999998,506.5749386058134,-603.4256196863511,107.48053796077289,-128.02944891371592,-0.7998654693427483,0.21217105263157893,73.88810313723405,160.129253234163,-0.7998654693427483,28.525098442427606,61.65334344057881,67.93243701319825
5588,54.168533999999966,507.432757209329,-605.2796846277573,107.66254223684776,-128.42282782398138,-0.7998654693427483,0.21217105263157893,74.07010741330892,160.52263214442846,-0.7998654693427483,24.313819203604336,52.5512032408063,57.903288044135195
5589,54.17366729999998,508.2905758128446,-607.1337495691636,107.84454651292262,-128.81620673424686,-0.7998654693427483,0.21217105263157893,74.25211168938378,160.91601105469394,-0.7998654693427483,28.35124166915176,61.27757431312623,67.51839762526474
5590,54.18464639999996,509.1483944163603,-608.9878145105698,108.02655078899748,-129.20958564451234,-0.7998654693427483,0.21217105263157893,74.43411596545864,161.30938996495942,-0.6398923754741986,21.023734932652886,45.440107869307695,50.067962148391544
5591,54.18965420000001,510.00621301987593,-610.8418794519761,108.20855506507235,-129.6029645547778,-0.7998654693427483,0.21217105263157893,74.61612024153351,161.70276887522488,-0.479919281605649,17.675421448186952,38.203157517632704,42.09396355403092
