frame,t_s,x_px_filt,y_px_filt,x_mm_abs,y_mm_abs,angle_deg_raw,mm_per_px,x_mm,y_mm,angle_deg_unwrapped,vx_mm_s,vy_mm_s,speed_mm_s,angular_vel_dps
328,2.730909800000518,210.3993339807489,390.2096262924467,41.512953301510514,76.9905193500297,-3.152027434191488,0.1973055356976979,0.0,-0.0,-1.8145653193707116,,,,
397,3.3078474000012648,210.3931363526395,390.2252875984957,41.511730475176336,76.99360941240943,-2.925474725395474,0.1973055356976979,-0.0012228263341782508,-0.0030900623797265325,-2.4164241952988754,,,,
398,3.3120787000007113,210.39750131228095,390.22397784444814,41.51259170587669,76.99335099068544,-2.995324437266595,0.1973055356976979,-0.00036159563382653914,-0.0028316406557422624,-3.0455691638438833,,,,
399,3.3244303000010405,210.40376528168352,390.2176765900183,41.51382762171526,76.9921077183046,-3.0092943796408194,0.1973055356976979,0.0008743202047440946,-0.0015883682748949468,-3.0230385691520874,0.10272948300310658,0.036052354088883486,0.10887202998675002,-31.61302008777344
400,3.329265700000178,210.40491928672947,390.2175890083444,41.514055313299046,76.99209043795551,-3.145724842725039,0.1973055356976979,0.0011020117885323089,-0.0015710879258108434,-3.068291795861668,0.11577119867492063,-0.06698347005619931,0.1337525913894669,-32.827551884635476
401,3.3405941000000894,210.41439739370384,390.2164227037463,41.515925396273026,76.99186031960198,-3.039374460732508,0.1973055356976979,0.0029720947625122562,-0.0013409695722828019,-3.077342441203584,0.08791402299761972,-0.09468692170562652,0.12920715375594904,-2.7585216623794278
402,3.3446045000000595,210.41567973172675,390.22700301480376,41.516178408663585,76.99394787354304,-3.151740858943377,0.1973055356976979,0.003225107153070894,-0.0034285235133353353,-3.1058798651938426,0.05961365233915371,-0.12261576096052629,0.1363393280794005,-2.9701757883472726
403,3.357291399999667,210.41981119880083,390.2319826872947,41.516993569987854,76.99493039049146,-3.0405776639761757,0.1973055356976979,0.004040268477339737,-0.0044110404617612176,-3.084860055070019,0.061772385546970586,-0.11406685438298571,0.12971921555803845,-1.0810340638638687
404,3.3627808000001096,210.41865824403615,390.23306738813227,41.51676608563037,76.99514440797128,-3.1519814995921105,0.1973055356976979,0.0038127841198587475,-0.00462505794158119,-3.0806560930452545,0.060691130761286696,-0.09061151708122382,0.10905897661744546,-0.9131012096467251
405,3.3724480000000767,210.42149424240552,390.23079797496274,41.51732564380787,76.99469664019016,-3.0406257921059225,0.1973055356976979,0.0043723422973585,-0.004177290160455982,-3.0798153006403015,0.0398760034102148,0.030933993884961045,0.05046788707332881,0.5106483651754806
406,3.37657659999968,210.42483538311114,390.2279189151274,41.51798486936464,76.99412858574703,-3.0183546506086847,0.1973055356976979,0.005031567854125285,-0.0036092357173345135,-3.079647142159311,0.0022076714601900194,0.0712927648488057,0.07132693834073661,0.1796163451188316
407,3.3882014000009804,210.42242054621724,390.222781730735,41.517508408677664,76.99311499082852,-3.1475368969186124,0.1973055356976979,0.004555107167149686,-0.0025956407988161345,-3.079613510463113,-0.00037508764345500073,0.07792325229817508,0.07792415504492378,0.026473024174373947
408,3.3922729000005347,210.4198598972965,390.22021569635564,41.517003178470624,76.99260869804067,-3.0397368715712227,0.1973055356976979,0.004049876960110055,-0.002089348010969161,-3.0796067841238735,0.010425693575861456,0.03869930276177626,0.0400790608770388,0.009091332520043417
409,3.403860500000519,210.41666770259562,390.2205583796553,41.516373340785115,76.99267631135268,-3.15181334111112,0.1973055356976979,0.0034200392746015496,-0.0021569613229814877,-3.0796054388560257,-0.009668701465486169,-0.015189901827320017,0.018006024146166037,-0.4525160876535538
410,3.407982800001264,210.41900533507274,390.2236881788982,41.51683456861328,76.99329383806894,-3.0405921604097244,0.1973055356976979,0.00388126710276282,-0.0027744880392361893,-3.079605169802456,0.02003706179723805,-0.0445944534311612,0.04888915137625465,-0.6929730156736531
411,3.419770900000003,210.4225423188756,390.23156596562296,41.51753243509726,76.99484816899877,-3.0183479242694453,0.1973055356976979,0.004579133586744888,-0.004328818969071335,-3.106332410913617,0.035579136270688635,-0.06936997021085292,0.07796196319246235,-1.1633411286183941
412,3.424227700001211,210.4249715172189,390.2329174313471,41.5180117293777,76.99511482066745,-3.1475355516507646,0.1973055356976979,0.005058427867183468,-0.0045954706377528964,-3.111677859135849,0.012061649578605366,-0.11025033067244737,0.1109081548126244,-2.7822663374833883
413,3.436055000000124,210.42219136563284,390.2328890868407,41.51746319007969,76.99510922813944,-3.173373077127028,0.1973055356976979,0.004509888569174336,-0.004589878109740653,-3.1394742437021708,-0.006724446330236739,-0.07962808821903739,0.07991151739184431,-2.8926278230030547
414,3.4400437000003876,210.4187154134297,390.2371392028625,41.516777365468194,76.9959477995579,-3.178540582222281,0.1973055356976979,0.0038240639576798685,-0.005428449528196211,-3.1717608155373096,-0.0016774199794363474,-0.04238223025793487,0.04241541205062167,-0.27772052210092424
415,3.451747200000682,210.41978047689258,390.23694288177035,41.516987508385284,76.99590906431963,-3.1795740832413317,0.1973055356976979,0.004034206874770518,-0.0053897142899330674,-3.1782181299043377,-0.033386159711496194,-0.010361701259177562,0.03495712392726229,0.13469974363361514
416,3.4563272000013967,210.42174046834424,390.2356807277668,41.517374225548615,76.99566003434784,-3.1797807834451417,0.1973055356976979,0.004420924038100793,-0.005140684318135413,-3.128721018558993,-0.05099068688591138,0.002821968458626414,0.05106871503257681,0.24153089690681417
417,3.4678020000010292,210.4187743504845,390.2298491370198,41.51678899407536,76.99450942921153,-3.179822123485904,0.1973055356976979,0.003835692564848614,-0.003990079181832584,-3.1188215962899237,-0.01131378312909824,0.05808707496650796,0.05917862761890465,1.5605621217695402
418,3.4831540000013774,210.408316787084,390.2246833535909,41.51472565892653,76.99349019154478,-2.925887520400306,0.1973055356976979,0.0017723574160157796,-0.0029708415150793144,-3.1467013309767355,-0.023772200251851103,0.06557834477692491,0.06975411678528619,1.653188036640663
419,3.48687290000089,210.40881518920264,390.2234376841009,41.514823996423544,76.99324441405876,-3.1290434708769364,0.1973055356976979,0.0018706949130304906,-0.0027250640290645833,-3.1522772779140977,-0.06698851118073426,0.10674774696995908,0.12602595809345696,-1.8978388519688272
420,3.499457900001289,210.4059872140487,390.22083744836897,41.514266021270856,76.99273137315474,-3.3189727566753877,0.1973055356976979,0.0013127197603424179,-0.0022120231250397637,-3.1533924673015705,-0.04758678462165642,0.0871392332579864,0.09928619261215368,-2.1459070108846885
421,3.5029531000000134,210.40365515922508,390.21622773367426,41.51380589394461,76.99182185092748,-3.207660518131953,0.1973055356976979,0.0008525924340929691,-0.0013025008977791686,-3.1776767844759397,-0.06376271450926449,0.03353409043582131,0.07204317443691534,1.1838572858958993
422,3.515814500000488,210.40665414625158,390.2160823850787,41.514397610686416,76.99179317284498,-3.185398070423266,0.1973055356976979,0.0014443091759019921,-0.0012738228152784359,-3.1825336479108137,-0.07494277629049717,0.014336274443510913,0.07630169384127176,2.119361842216156
423,3.519564000000173,210.40256304217814,390.21991415095715,41.51359041320561,76.99254920146429,-3.0473091062721536,0.1973055356976979,0.0006371116950987243,-0.002029851434585339,-3.126918106535288,-0.06860811613533813,0.015001551817272226,0.07022905493146228,2.544461226812086
424,3.531473500001084,210.40078495610118,390.2217189552198,41.51323958697968,76.99290529933616,-3.153327788051306,0.1973055356976979,0.000286285469165648,-0.0023859493064577464,-3.089067703338308,-0.027083453025543033,-0.04605193872961115,0.0534255976900835,3.5346017803499445
425,3.5351900000005116,210.4005464282343,390.22088841800417,41.513192524111126,76.9927414297459,-3.0408950497977614,0.1973055356976979,0.00023922260061226552,-0.0022220797162049166,-3.081497622698912,0.0041651802722802445,-0.055192435809775085,0.05534937847272303,3.396668682404183
426,3.5478143000000273,210.4054077557402,390.2237706884854,41.51415169093888,76.99331011766724,-3.018408502147053,0.1973055356976979,0.0011983894283673635,-0.002790767637534941,-3.1067109014929084,0.04562915370696627,-0.003241949022990581,0.04574417888083273,0.006763389595022318
427,3.5525390000002517,210.41025086471632,390.224811690676,41.51510726314986,76.99351551316212,-3.147547667226286,0.1973055356976979,0.002153961639344004,-0.00299616313242268,-3.111753557251707,0.03928868551911886,0.0019833499734865133,0.03933871486128581,-2.0326265785174407
428,3.565642100000332,210.4097221400072,390.2209520681768,41.51500294283789,76.99275398827733,-3.1733755002421327,0.1973055356976979,0.0020496413273747294,-0.0022346382476285953,-3.1394893833253423,0.036826840280732506,-0.010132675301186117,0.03819538288617944,-2.549716149066341
429,3.57024040000033,210.4082967764569,390.2210400189973,41.51472171071903,76.99277134146108,-3.178541066845302,0.1973055356976979,0.0017684092085161751,-0.002251991431378997,-3.171763843461944,0.010464572490808382,0.023709201224089156,0.025915892809234533,-2.195705516162088
430,3.582007300001351,210.4068074704814,390.2220233104134,41.51442786240572,76.99296535030068,-3.1795741801659356,0.1973055356976979,0.0014745608952040357,-0.002446000270978743,-3.1782187354892644,-0.015362457504870312,0.03163496252245347,0.03516782555669289,-1.9877854702305777
431,3.5876907000001665,210.4051991820735,390.2184468066073,41.51411053819984,76.99225968630128,-3.1797808028300625,0.1973055356976979,0.0011572366893233266,-0.0017403362715811,-3.1795097138947286,0.015877029094544002,0.04665249317236274,0.049280170170833915,-0.5621965747027533
432,3.597013100001277,210.40865376890704,390.21862842528463,41.51479214730565,76.99229552067172,-3.179822127362888,0.1973055356976979,0.0018388457951346027,-0.001776170642017405,-3.1797679095758213,0.024016473787313586,0.07657150182260547,0.08024952276833797,0.9348678291309599
433,3.6023363000003883,210.41265309676777,390.21503460876255,41.515581236831636,76.99158644077762,-3.179830392269453,0.1973055356976979,0.0026279353211222656,-0.0010670907479237712,-3.153092253790165,0.055873426461523046,0.0594448957611535,0.08158146490843143,1.0842380892795527
434,3.6137718000009045,210.41146710719977,390.2065830540461,41.51534723452459,76.98991890224681,-3.179832045250766,0.1973055356976979,0.0023939330140763104,0.0006004477828867039,-3.1477571226330334,0.08062687555151128,0.024191935908875802,0.08417804241141535,1.6458968667164304
435,3.619152999999642,210.41513026556947,390.2093682366561,41.516069995949074,76.99046843419369,-3.0461959012376534,0.1973055356976979,0.00311669443856033,5.091583601313232e-05,-3.146690096401607,0.05455103204116265,0.0031852025663279757,0.054643943965864104,1.8624833003542323
436,3.6295905000006314,210.41872397264237,390.212124468832,41.51677905424823,76.99101225405967,-3.153105147044406,0.1973055356976979,0.0038257527377183465,-0.0004929040299685994,-3.1197493962334466,0.03506937814629166,-0.0402298152953304,0.05336946057685049,0.8795995513396023
437,3.6346966000000975,210.41724202831685,390.21494212795017,41.51648665842921,76.9915681938014,-3.1744869962057565,0.1973055356976979,0.003533356918694608,-0.001048843771698671,-3.114361256199815,0.024530907082242055,-0.08921847855932906,0.09252946729944495,0.7946868445809392
438,3.645830499999647,210.42011022021399,390.2196748630422,41.517052568567955,76.99250198863405,-3.0451268914286516,0.1973055356976979,0.004099267057441125,-0.0019826386043462207,-3.113283628193088,-0.026221102965874335,-0.08564951341417888,0.08957335200176776,0.7558621320436353
439,3.65096480000102,210.41820657116676,390.22225422601446,41.516676968072915,76.99301091122705,-3.1528913450826055,0.1973055356976979,0.0037236665624007514,-0.0024915611973455043,-3.1130681025917433,-0.06396042680661045,-0.08825626549950458,0.10899589257032952,-0.2516915024323353
440,3.6613161000004766,210.41193994845577,390.2266756170505,41.5154405287219,76.99388327615394,-3.0408077612040216,0.1973055356976979,0.0024872272113896088,-0.003363926124237082,-3.1130249974714745,-0.0767114636580119,-0.07058951601483245,0.10424743847098962,-0.03290999837112818
441,3.666605600001276,210.40870245537565,390.2284218339501,41.51480175341542,76.99422781441476,-3.15202751903768,0.1973055356976979,0.001848451904905346,-0.0037084643850562315,-3.1260193061349204,-0.11987154627114233,-0.03384363327189344,0.12455753336702292,-0.9001976135543452
442,3.677832600000329,210.4018162693615,390.22959081005,41.51344307079498,76.99445845987037,-3.1742714706044115,0.1973055356976979,0.0004897692844636481,-0.003939109840672472,-3.101890872945735,-0.10703322874675543,-0.005995095548019068,0.10720099452236975,-0.4795985136085248
443,3.6829985000003944,210.39749691402005,390.2269762547586,41.51259083807547,76.99394259363798,-3.1100984347458827,0.1973055356976979,-0.00036246343504586775,-0.003423243608281723,-3.1237924812297724,-0.08430394450383084,0.021813935762201166,0.0870804389765143,-0.42487676681374265
444,3.693416800000705,210.39702361204994,390.2248577721857,41.51249745297671,76.99352460529907,-3.032249179136677,0.1973055356976979,-0.0004558485338037599,-0.003005255269371787,-3.101445507964705,-0.08745357105631382,0.013810199818355795,0.08853727299575385,-0.44331537491140316
445,3.7095069000006333,210.3965505197117,390.2203913839644,41.512404109239476,76.99264336217844,-3.1503158026242106,0.1973055356976979,-0.0005491922710376684,-0.002124012148740917,-3.0969761133116913,-0.04884031343454676,0.014047656729237279,0.050820398227161244,-1.6049937327666033
446,3.714540799999668,210.39306768363886,390.22307422538563,41.51171692640238,76.99317270164224,-3.0402926527123424,0.1973055356976979,-0.0012363751081352348,-0.0026533516125368806,-3.109806599615464,-0.045234479243882866,-0.016245806096183597,0.048063336631782715,0.005870971652398804
447,3.7265102000001207,210.39743836866361,390.22424847578,41.512579286752555,76.99340438774534,-3.1519244973393437,0.1973055356976979,-0.0003740147579591735,-0.0028850377156430795,-3.1536056070324685,-0.04665658271569116,-0.00776290216912414,0.04729798474347003,-0.3653976894423962
448,3.731220300000132,210.39393051501747,390.2254804539059,41.51188716780975,76.99364746384944,-3.174250866264744,0.1973055356976979,-0.0010661337007604743,-0.0031281138197414293,-3.1356381135939944,-0.03169797764261503,0.003844056393350611,0.03193021384499299,1.0394848319670562
449,3.7436705000000075,210.39291622250437,390.2202723961913,41.5116870422821,76.99261988523213,-3.251244216221699,0.1973055356976979,-0.0012662592284158336,-0.0021005352024303647,-3.1320446149062993,0.001049338794663117,0.028709342264223874,0.028728512755628967,1.4087080529830065
450,3.747429099999863,210.39423048995226,390.2181235189697,41.51194635452496,76.99219589986077,-3.0604783354318403,0.1973055356976979,-0.001006946985555146,-0.0016765498310746807,-3.104598620246885,0.006263739937783789,-0.0021068655303732794,0.006608579300520101,2.050837677803221
451,3.76026020000063,210.39600101238065,390.21687676597287,41.51229568840115,76.99194990859284,-3.0223251592738682,0.1973055356976979,-0.0006576131093609661,-0.001430558563143336,-3.1136150365493775,0.03592828003927275,0.025671161394213247,0.04415710400273267,0.704255581064438
452,3.7642800000012357,210.39800003947212,390.2204102925674,41.51269010751231,76.99264709295048,-3.014694524042274,0.1973055356976979,-0.00026319399820096123,-0.0021277429207771092,-3.1154183198098755,0.03663381368811828,0.04917523890350335,0.061320799298055395,1.3468935956547474
453,3.7735623000007763,210.3980649207567,390.21630405019266,41.512702908948924,76.99183690859903,-3.219332947777205,0.1973055356976979,-0.00025039256158976286,-0.0013175585693261382,-3.1425062713838505,0.02427756284910137,0.023473767421001258,0.033770072769055845,-0.4940277074175285
454,3.778886300000522,210.39772637423215,390.21090584653257,41.51263611184554,76.99077181313407,-3.260260632524191,0.1973055356976979,-0.0003171896649760697,-0.000252463104374101,-3.1238625824017703,-0.0232722714592887,0.02715744977664999,0.03576486680034039,0.8787708935494594
455,3.790975400001116,210.39816816582368,390.2118680021605,41.51272327977217,76.99096165176566,-3.1959180933017137,0.1973055356976979,-0.0002300217383464087,-0.00044230173595849465,-3.1468611395272292,-0.04428557332974197,0.05171484725729776,0.06808551558143326,2.183831756360267
456,3.796921099999963,210.3918241459481,390.2107352500518,41.51147156953214,76.99073815350404,-2.929106714363468,0.1973055356976979,-0.001481731978373091,-0.00021880347433977931,-3.1102279407960713,-0.06211385211201438,-0.006207656307792783,0.0624232778779589,3.1484877922802488
457,3.8049122000011266,210.39154276744407,390.21278665675123,41.51141605199567,76.99114290740181,-3.1296873096695688,0.1973055356976979,-0.0015372495148469056,-0.0006235573721085075,-3.06166839089359,-0.06783729390639365,-0.06475195324090467,0.09378013591936588,1.6062093742769088
458,3.810010200000761,210.38927515719305,390.2180144742464,41.510968639940344,76.99217438473322,-3.036166954121414,0.1973055356976979,-0.0019846615701695214,-0.0016550347035177992,-3.0519564809130935,-0.01791994060341036,-0.15254814326528626,0.1535970712120386,1.5920884652392704
459,3.821613800000705,210.3868543117592,390.2234641898507,41.510490993735175,76.99324964378992,-3.017462883011783,0.1973055356976979,-0.0024623077753389566,-0.002730293760222935,-3.1008026731357443,0.04982294813047165,-0.15132040978869882,0.15931162097923493,-0.1673146192742962
460,3.826565200000914,210.3932986609476,390.2348745313494,41.511762499504016,76.99550096733182,-3.147358543399232,0.1973055356976979,-0.0011908020064979041,-0.004981617302121322,-3.1105719115802746,0.10665714981816843,-0.13514692628913783,0.17216398953537548,-0.6244193039382874
461,3.8374469000009412,210.40036858003182,390.2324628344975,41.51315743367626,76.99502512619252,-3.1733376754767217,0.1973055356976979,0.00020413216574866055,-0.004505776162815778,-3.1392530541910553,0.14570109470856024,-0.09319845634846226,0.17295884269099707,-0.9389020606247361
462,3.842280500000925,210.4071600161017,390.23172258118296,41.51449742160819,76.99487907011574,-3.1785335018922196,0.1973055356976979,0.0015441200976766822,-0.0043597200860432395,-3.1209280034163362,0.10203025820268286,-0.04561647617364618,0.11176330563922562,-0.06705511624701865
463,3.85329880000063,210.4131608536348,390.2313086360184,41.51568142007229,76.9947973964433,-3.1795726671753193,0.1973055356976979,0.0027281185617766823,-0.004278046413602965,-3.1172629932613924,0.044607014614149024,0.0471529326323855,0.06490905028284723,0.3300944222356948
464,3.8581965000012133,210.40671886331103,390.2277032576374,41.5144103797205,76.99408603533044,-2.9258376291381887,0.1973055356976979,0.001457078209988083,-0.0035666853007398913,-3.116529991230404,0.012279517586867513,0.07230862034354162,0.07334386905633374,0.858357111619014
465,3.8697197000001324,210.40494814844493,390.22716812397965,41.51406100787528,76.99398045049743,-3.129033492624513,0.1973055356976979,0.0011077063647633167,-0.003461100467731626,-3.1163833908242062,-0.04534980654996183,0.08300870313580964,0.0945888458033395,-0.312383673989378
466,3.8749640000005456,210.40405915014833,390.22266269749883,41.51388560359013,76.99309150491209,-3.169672665321778,0.1973055356976979,0.0009323020796188075,-0.0025721548823867124,-3.116354070742967,-0.06717372025347293,0.037001988919137384,0.0766906505166295,-0.6070148531187805
467,3.8866271000006236,210.4034134691777,390.2177140142185,41.513758207160336,76.99211510230646,-3.177800499861231,0.1973055356976979,0.000804905649822274,-0.001595752276756457,-3.1404094860235943,-0.012281792913331745,-0.007486030878690113,0.014383431283343615,-0.654827103034295
468,3.890845400001126,210.40337793394482,390.22247354749993,41.51375119586218,76.99305418457023,-3.1794260667691217,0.1973055356976979,0.0007978943516633308,-0.002534834540526276,-3.1452205690797195,-0.006868030283726622,-0.019799437051958864,0.020956801940006674,-1.2455409156378399
469,3.9016086000010546,210.40419302474598,390.22668467105467,41.51391201778934,76.99388506255909,-3.0461147055413247,0.1973055356976979,0.0009587162788236014,-0.0033657125293871104,-3.146182785690945,-0.003182802310148174,-0.021155640199247698,0.021393722041419296,-0.7996440195135317
470,3.9066065000006347,210.40411069515133,390.2280121101465,41.51389577370456,76.9941469736402,-3.1530889079051403,0.1973055356976979,0.0009424721940476388,-0.0036276236104981763,-3.1608808442475644,-0.009783720271739127,-0.021375760199758304,0.02350838800243884,-0.6579079661011786
471,3.9172494000013103,210.40330047041869,390.2192344728491,41.51373591187965,76.99241509721108,-3.174483748377903,0.1973055356976979,0.0007826103691357389,-0.0018957471813791926,-3.137093161037013,-0.04340236690640915,-0.0007135786649213362,0.04340823248635667,-0.6143875773745586
472,3.933477100001255,210.39968757488006,390.21243953862245,41.513023067589984,76.99107441907346,-3.2512907926443306,0.1973055356976979,6.976607946995728e-05,-0.0005550690437559069,-3.159062919316778,-0.048514058212072185,0.023347798706981893,0.053839888081849446,-0.13335183107425075
473,3.938238000000638,210.39559144938409,390.2153184417845,41.512214879354715,76.99164244260407,-3.0604876507163663,0.1973055356976979,-0.0007384221557984461,-0.0011230925743745956,-3.1634568709727304,-0.08129375954731392,0.08922114188202243,0.12070247511989333,1.1738526128290359
474,3.9493999000005715,210.39499084940655,390.2128795982391,41.51209637765441,76.99116124527185,-3.1559634969401484,0.1973055356976979,-0.0008569238561051407,-0.000641895242154078,-3.1376083663820467,-0.09034869171158869,0.04331071475924441,0.10019333364526967,0.3001525650623347
475,3.954872600001181,210.3903546154278,390.2051974386223,41.511181623025614,76.98964551265335,-3.175058666184905,0.1973055356976979,-0.0017716784849000078,0.0008738373763463869,-3.1179330502295346,-0.03605634357184658,0.001662555811709373,0.03609465339351648,0.3809819467137413
476,3.9655560000010155,210.3870898440425,390.20881583914775,41.5105374655585,76.9903594431074,-3.045241225424481,0.1973055356976979,-0.0024158359520143335,0.00015990692230616332,-3.1407252819209073,0.006274327506808678,0.015095969137546699,0.016347950020245916,1.0263417765718457
477,3.970355900000868,210.39262512214344,390.21187192853694,41.51162960656944,76.99096242646146,-3.1529142118817717,0.1973055356976979,-0.0013236949410710963,-0.00044307643176466627,-3.145283728259182,0.02159313053712997,-0.04932697492636292,0.053846204525291944,-0.8237670595843678
478,3.9815612000002147,210.39500457765502,390.21483321650925,41.512099086313825,76.9915467049712,-3.1744488091732297,0.1973055356976979,-0.0008542151966892675,-0.0010273549414989702,-3.119468122604962,0.06327489698046265,-0.12479587007879277,0.13992041229431496,-1.6808379270518439
479,3.986762500000623,210.3967438507126,390.2221882235609,41.51244225451617,76.99299788857759,-3.178755728631521,0.1973055356976979,-0.0005110469943403473,-0.0024785385478907074,-3.155537911630368,0.07898904334874243,-0.11618185851282592,0.14049018904052984,-0.33950588371286416
480,3.9972147999997105,210.3989296150219,390.22750597923005,41.51287351791413,76.9940471112086,-3.0459806379138046,0.1973055356976979,-7.978359638372012e-05,-0.003527761178901301,-3.162751869435449,0.0527621070680606,-0.09283164657240961,0.10677806210831071,-0.05614439424771507
481,4.002743600000031,210.39944172382383,390.22817166082314,41.51297455981563,76.99417845387192,-3.225590170551511,0.1973055356976979,2.1258305118010412e-05,-0.0036591038422244537,-3.13746736607459,0.06434796679722066,-0.10972339834074221,0.12720017678595186,-0.4692363135745924
482,4.013569500000813,210.40473103642472,390.2286585157917,41.51401817047182,76.9942745130523,-3.1889840009071775,0.1973055356976979,0.0010648689613077522,-0.0037551630226033694,-3.132410465402419,0.051747535676197505,-0.056487135342495436,0.07660681371627938,0.9212972981305168
483,4.017811600000641,210.4068773391843,390.2315954761159,41.51444164788757,76.99485399158239,-3.048026292368936,0.1973055356976979,0.0014883463770587468,-0.0043346415526883675,-3.131399085267984,0.04870366061514036,-0.05641644953954595,0.0745309488465222,1.0610077041937942
484,4.029109500001141,210.4070477039367,390.23232971619694,41.51447526179631,76.99499886121491,-3.1534712252706623,0.1973055356976979,0.0015219602857996506,-0.004479511185209617,-3.1311968092410973,0.04164152056097592,-0.04757652464052938,0.06322611747925916,-0.3448824648430183
485,4.0339411000004475,210.40768538789825,390.234779206393,41.514601080371946,76.99548215919023,-3.040923737241633,0.1973055356976979,0.001647778861432414,-0.0049628091605313784,-3.13115635403572,0.014237202693214126,-0.0011389897095350696,0.014282690155782641,0.4720362339404991
486,4.044819300001109,210.40674617607613,390.23365207698885,41.51441576868025,76.99525977031935,-3.224578790417077,0.1973055356976979,0.0014624671697376357,-0.00474042028965016,-3.1578755579165194,0.007130297576134206,0.046958149454541236,0.047496409798207455,0.03322091938992511
487,4.049517200000992,210.4057789512456,390.2283348942472,41.51422492986692,76.9942106607301,-3.1887817248802905,0.1973055356976979,0.0012716283564060404,-0.0036913107004039603,-3.136492103770805,-0.02333993665209214,0.033210148009733195,0.04059145936957748,1.648586164540151
488,4.060997000000498,210.40951968898327,390.2222906327415,41.51496299813016,76.99301809447581,-3.1816223117729336,0.1973055356976979,0.002009696619644785,-0.0024987444461146424,-3.1589427078635364,-0.034926960066025525,0.0821448062987905,0.0892617596808373,1.775003274393345
489,4.065536100000827,210.40608323035127,390.22416701853695,41.51428496581887,76.99338831578036,-3.046553954542087,0.1973055356976979,0.0013316643083527424,-0.0028689657506646427,-3.122199918525833,0.006792241200332345,0.06483063575593959,0.06518547286813837,1.7139477904956657
490,4.077010000000882,210.40422847970694,390.2157554997514,41.51391901324941,76.99172867656036,-3.1531767577052925,0.1973055356976979,0.000965711738892594,-0.0012093265306560852,-3.114851360658292,0.03088510513792265,0.03172576027323591,0.044276557954468075,0.2812134826560462
491,4.08173060000081,210.4088116365283,390.2173376176136,41.51482329546123,76.9920408371727,-3.040864843728559,0.1973055356976979,0.001869993950712967,-0.0015214871429947152,-3.127887264319159,0.007737348844849298,0.05537747149208448,0.05591539068989432,0.41459059729710873
492,4.0929613999996945,210.4133563209973,390.2140481495206,41.515719986864966,76.99139180690844,-3.152038935542587,0.1973055356976979,0.002766685354451681,-0.0008724568787386033,-3.157221739973207,0.03025702277954138,0.10040203074594378,0.10486207706025628,-0.7989907926235351
493,4.097513700000491,210.4121693414798,390.2089228039817,41.5154857892354,76.99038054786125,-3.2468018300772674,0.1973055356976979,0.002532487724884902,0.00013880216845052473,-3.163088635104017,0.019540739564489477,0.10128885944848265,0.1031565487552859,-0.7182846437374311
494,4.10880619999989,210.4100644300965,390.2007063479681,41.51507047856732,76.98875939560595,-3.193226332812329,0.1973055356976979,0.0021171770568031434,0.00175995442374699,-3.140200734833304,-0.045786959174603015,0.11630326822668458,0.1249915830392787,0.08658957584473417
495,4.1131908999996085,210.40816491123508,390.19739338386705,41.5146956929808,76.98810572944926,-3.182511233359341,0.1973055356976979,0.00174239147028743,0.0024136205804410338,-3.1356231547791618,-0.08083843674746899,0.06950007839972634,0.10660728752455272,0.06859404552045578
496,4.125401999999667,210.39980505227166,390.1968398010449,41.51304624652967,76.98799650449398,-2.9264253423749933,0.1973055356976979,9.294501915491082e-05,0.00252284553572224,-3.120202023533958,-0.056277581038107455,0.02643719875865873,0.062177902873171736,0.2851387449081385
497,4.129629099999875,210.397760863898,390.2006152847339,41.51264291684753,76.98874142832575,-3.129151035271874,0.1973055356976979,-0.00031038466298127787,0.001777921703947527,-3.131623412519292,-0.050736538903407936,0.018812484589193344,0.05411197608954661,-2.4849811847020944
498,4.140715000001364,210.40177023306433,390.2002316410077,41.51343398757871,76.98866573329484,-3.16969617385125,0.1973055356976979,0.0004806860681938474,0.0018536167348628396,-3.133907690316359,-0.03540449270721326,-0.007559172822829124,0.036202475020646246,-3.119970676457604
499,4.145049100001415,210.40157094571725,390.1979155762675,41.51339466708193,76.98820876090056,-3.250333277739,0.1973055356976979,0.00044136557141882804,0.002310589129137952,-3.1851531200945224,-0.009079140942174145,-0.020528000299326183,0.022446148813036918,-3.440290842838086
500,4.156665800001065,210.4010519161168,390.1969016845942,41.513292259668575,76.98800871446082,-3.1939326223446756,0.1973055356976979,0.00033895815806062046,0.0025106355688819804,-3.2099078212845296,0.001023907924227501,0.02498128379403612,0.025002258446697723,-2.256830782368403
501,4.1712822999998025,210.40079627370693,390.2010427429259,41.513241820005945,76.98882576819331,-3.1826524912658103,0.1973055356976979,0.0002885184954308784,0.0016935818363918997,-3.2148587615225317,-0.0009704909483639335,0.040993219776828314,0.041004706075671415,-2.173154987468242
502,4.175485699999626,210.3998397239443,390.1999494064346,41.51305308744261,76.98861004685119,-3.252924541221912,0.1973055356976979,9.978593209325481e-05,0.001909303178507571,-3.201343334335757,0.003820338653255024,0.03092135981088544,0.03115646770703951,0.9282376668727993
503,4.188216500000635,210.4038005681931,390.19434312553443,41.51383458393894,76.98750389659492,-3.194450875041258,0.1973055356976979,0.0008812824284234466,0.0030154534347843764,-3.1986402488984016,0.004557120878549641,0.01134576114507077,0.012226759450594857,1.650841016760846
504,4.192089500000293,210.4040926896557,390.1932619898797,41.5138922211206,76.9872905825454,-3.182756141805127,0.1973055356976979,0.0009389196100855202,0.0032287674843018976,-3.1843752665765557,0.05392865292674463,-0.025072816651303644,0.059472226638349196,1.908874263606113
505,4.203801999999996,210.40378806499206,390.19804999454027,41.513832116988155,76.98823528236987,-3.180417195157901,0.1973055356976979,0.0008788154776411261,0.0022840676598292475,-3.167016654877812,0.06273800408439281,-0.037171911501302966,0.07292330327922611,1.277054807616726
506,4.207450900001277,210.4082895455449,390.2024513414085,41.514720284020065,76.9891036924715,-3.1113275796565802,0.1973055356976979,0.001766982509550985,0.001415657558197836,-3.1635449325380627,0.03761341317351461,-0.007602006160176707,0.038373941004552645,2.517351352107016
507,4.219792900001266,210.40823617422802,390.2030252499029,41.5147097535638,76.98921692779443,-3.1661314827281912,0.1973055356976979,0.0017564520532857841,0.0013024222352697734,-3.1628505880701128,0.03043796312731317,-0.015085712825722943,0.03397128685816682,1.6430235476592563
508,4.223981700000877,210.40687242856677,390.19804177390154,41.51444067899555,76.98823366039235,-3.1770922633425136,0.1973055356976979,0.001487377485034358,0.002285689637346877,-3.135984424254648,0.030043981477098844,-0.024603804159567595,0.038832821197005686,2.638746125716291
509,4.236112000000503,210.40558163253232,390.1969561221863,41.514185997792495,76.9880194552991,-3.179284419465378,0.1973055356976979,0.0012326962819813048,0.002499894730604524,-3.14433555672593,-0.020705541556316785,0.006569866264202914,0.02172285878676821,2.958025593130036
510,4.239990400001261,210.40544203899245,390.19947706765595,41.51415845521433,76.98851685179544,-3.046086376080576,0.1973055356976979,0.0012051537038146876,0.002002498234261907,-3.1192784882983116,0.07632866598530483,-0.02143320916980008,0.07928081550042627,3.297351924016007
511,4.252447500000926,210.40478915965045,390.20466205255855,41.51402963850601,76.98953987801924,-3.1530832420129906,0.1973055356976979,0.001076336995495808,0.0009794720104565613,-3.087539779690913,0.09405783296882823,-0.08991185917652766,0.1301192467061339,2.0350455624830213
512,4.256068800001231,210.4136782164263,390.20740025435055,41.515783498615015,76.99008014039066,-3.0408461405900984,0.1973055356976979,0.0028301971045010532,0.00043920963904042765,-3.0811920379694335,0.13767933604681498,-0.1449972454933995,0.19994949556066646,3.794056483635489
513,4.2684816000000865,210.41521383511244,390.2141730616345,41.51608648468252,76.99141645275999,-3.01839872030552,0.1973055356976979,0.0031331831720038394,-0.0008971027302919765,-3.079922489625137,0.15140868254536283,-0.1233446896692839,0.1952908129424792,2.1554672952477647
514,4.271809900001244,210.41853887137577,390.21852129275237,41.51674253274366,76.99227438283005,-3.147545710857979,0.1973055356976979,0.003789231233149337,-0.001755032800346612,-3.052941285034403,0.1463537636198479,-0.15639270925812562,0.21419174502018262,0.07122589644004562
515,4.2841238000000885,210.42237992658417,390.219768567817,41.5175003941992,76.99252047710483,-3.039738634359096,0.1973055356976979,0.004547092688689247,-0.0020011270751325583,-3.074272339038131,0.03790552934369211,-0.10350085575071831,0.11022366486356958,-0.3903475058605903
516,4.288060300001234,210.42166935298394,390.2247037996691,41.51736019409436,76.9934942256692,-3.0181772190593197,0.1973055356976979,0.004406892583844524,-0.002974875639495167,-3.1052658447607517,-0.0038850064664323683,0.0053288396122681825,0.00659468019372432,-1.859159234505304
517,4.2992296000011265,210.41839036070692,390.2181785133938,41.51671323076659,76.99220675056507,-3.147501410608739,0.1973055356976979,0.0037599292560770436,-0.001687400535374195,-3.111464545905276,-0.05410945157691126,0.08311614059530831,0.09917724324366534,-4.003007602673365
518,4.303091499999937,210.41477825423922,390.20963496037973,41.51600054216499,76.99052106026087,-3.173366248918623,0.1973055356976979,0.0030472406544745922,-1.7102311744565668e-06,-3.139431581056056,-0.09228879051214277,0.06675252561791278,0.11389960724499569,-3.994768042743168
519,4.315462399999888,210.41139185970238,390.2014108152903,41.51533238777681,76.98889839090835,-3.1785392165806,0.1973055356976979,0.0023790862662949053,0.0016209591213538488,-3.1717522830080864,-0.09198923304326218,0.10251732581968445,0.1377382339407143,-1.9900844754121367
520,4.319284900000639,210.40888586775762,390.2033830993304,41.51483794169369,76.98928753346742,-3.1795738101129953,0.1973055356976979,0.0018846401831780213,0.0012318165622815513,-3.1782164233984926,-0.0534040545403464,0.04318097773296134,0.06867743355224332,-1.6426928566548376
521,4.331114599999637,210.40684030238862,390.20749250334825,41.51443434032276,76.99009834162857,-3.179780728819474,0.1973055356976979,0.001481038812244151,0.00042100840113334925,-3.1527819565546995,-0.01678398656725228,-0.049928315910097935,0.052673892344388636,-0.17738424320619897
522,4.335418300001038,210.40978502676904,390.2114495418527,41.51501535074412,76.99087908723045,-3.17982211256077,0.1973055356976979,0.0020620492336078655,-0.0003597372007533295,-3.14769506318594,-0.022986743120014783,-0.06142516697463419,0.06558537563456687,0.35509941186484256
523,4.3474211000011564,210.40969723325475,390.213216999721,41.51499802859775,76.991227816452,-3.0461939146996544,0.1973055356976979,0.0020447270872381296,-0.0007084664222958281,-3.1466776845121887,-0.003715997877674895,-0.03376920597864914,0.033973046855637144,0.694016546212459
524,4.351508699999613,210.40793578292306,390.211690480399,41.51465048469645,76.9909266257394,-3.1531047497368063,0.1973055356976979,0.001697183185939366,-0.0004072757097048907,-3.1464742087774384,0.028389172914802953,0.0003567705398589867,0.028391414617885684,-0.9155172894930308
525,4.363105899999937,210.40599624431474,390.2095464604318,41.51426780299233,76.99050359873124,-3.1744869167442364,0.1973055356976979,0.0013145014818150003,1.575129846287382e-05,-3.1464335136304884,-0.0008266672732750251,0.027535199096662195,0.027547605487111406,-1.2413942540554896
526,4.367636400000265,210.40889881083456,390.20720228893606,41.51484049543443,76.9900410807185,-3.1787633501457226,0.1973055356976979,0.001887193923913344,0.00047826931120198424,-3.173152669522973,-0.003992944368553857,0.0243089059021992,0.024634660762680314,-1.2717895338110952
527,4.379580500000884,210.40822827326528,390.2099579208668,41.51470819466011,76.99058478215278,-3.17961863682602,0.1973055356976979,0.0017548931495952047,-6.5432123079745e-05,-3.17849650070147,0.04673411516253835,-0.02355312032504474,0.05233380357924916,0.10963996231349404
528,4.395481300000029,210.4068361210507,390.2135994045331,41.51443351532164,76.9913032670383,-3.1797896941620793,0.1973055356976979,0.0014802138111278396,-0.0007839170086043623,-3.17956526693717,0.06410305905194832,-0.025346532885260956,0.06893220516653438,0.18672183846751986
529,4.399292400001286,210.41009297191306,390.2167985938091,41.515076110025724,76.9919344847922,-3.1798239056292914,0.1973055356976979,0.002122808515210295,-0.0014151347624959953,-3.1530517252624346,0.03719369391474638,-0.04539902165917213,0.05868936900865286,1.4148996098713025
530,4.412926900000457,210.41381398394506,390.214897585464,41.51581028629804,76.99155940532229,-3.1798307479227335,0.1973055356976979,0.0028569847875274945,-0.0010400552925915463,-3.1477490169274875,0.033400101634044124,-0.04415202976285108,0.055362157845808044,1.9526493818223438
531,4.417286400001103,210.41363416004876,390.21485720886596,41.515774806047844,76.991551438796,-3.046195641772047,0.1973055356976979,0.0028215045373300995,-0.0010320887662942368,-3.1466884752604978,0.018710198278079182,-0.05879523587489438,0.061700496604075276,2.2093539557972015
532,4.4293057000013505,210.41180392575438,390.2172503739938,41.51541369068995,76.99202362352355,-3.1531050951512847,0.1973055356976979,0.002460389179432809,-0.0015042734938504054,-3.119749072005225,-0.00286991095658979,-0.02609677408819159,0.026254104568788135,0.06428837920965558
533,4.433735399999932,210.40976708251281,390.21990860179926,41.51501181024303,76.99254810658472,-3.1744869858271323,0.1973055356976979,0.002058508732517339,-0.00202875655502055,-3.1143611913541704,0.026861165572710226,0.005995294508096716,0.027522096071399934,1.1247141242393859
534,4.444391200000609,210.4130458660872,390.22002384234435,41.515658732392616,76.9925708441822,-3.0451268893529266,0.1973055356976979,0.0027054308821021777,-0.0020514941524965025,-3.1545165253802097,0.02129296656563945,0.021213195385788156,0.030056448287198927,1.138338047926234
535,4.447676400001001,210.4164175944515,390.21689408314467,41.51632399306376,76.99195332536671,-3.1528913446674607,0.1973055356976979,0.0033706915532434323,-0.0014339753370080643,-3.1358202972635425,0.00874013392535843,0.03640060606237572,0.0374351981795404,0.7322238666359624
536,4.459684600000401,210.4142278422164,390.21215198758307,41.51589194282597,76.9910176836616,-3.2469723119022422,0.1973055356976979,0.002938641315452628,-0.0004983336318957754,-3.1320810516402093,0.019813453207360478,0.052298656880754774,0.05592604437586465,0.930906880785264
537,4.463232699999935,210.41255888316152,390.2114928919153,41.51556264796559,76.99088764043779,-3.059623954567949,0.1973055356976979,0.0026093464550740464,-0.00036829040809038815,-3.1313332025155427,0.045537418462010294,-0.003725829019226322,0.04568958614459913,2.8287838152944174
538,4.475395700001172,210.41037925326108,390.2138915945609,41.51513259492046,76.99136091774825,-3.155790757710465,0.1973055356976979,0.00217929340994516,-0.0008415677185524828,-3.104456337768734,0.01735691094736022,-0.04331872147385335,0.046666626059357195,1.752764662590415
539,4.47887079999964,210.41371389290512,390.21886291328866,41.51579053778178,76.99234178645295,-3.0413876437295935,0.1973055356976979,0.0028372362712687504,-0.0018224364232537482,-3.0845753495849975,0.05604112590373179,-0.026238427054982784,0.061879421836969116,1.7334352344810025
540,4.491658000000825,210.41770612215205,390.21951065019715,41.51657822671198,76.99246958853068,-3.018507020933419,0.1973055356976979,0.0036249252014641797,-0.001950238500981527,-3.08059915194825,0.08593753084611679,-0.045074784354556544,0.09704120461194332,1.6939725640728631
541,4.495361200000843,210.42066111916105,390.2164453505376,41.51716126397982,76.99186478793928,-3.147567370983559,0.1973055356976979,0.004207962469308768,-0.0013454379095776403,-3.0798039124209007,0.06389360527515187,-0.06732616554248991,0.0928181305657018,-0.444808924823769
542,4.507176500001151,210.4240548977102,390.2198904514039,41.5178308752745,76.99254452541123,-3.039742966384212,0.1973055356976979,0.004877573763984344,-0.0020251753815330176,-3.0796448645154304,0.03127286603234452,-0.009637627874742753,0.03272424209861836,-1.6709897195066679
543,4.510323000000426,210.42173332891974,390.2222852349213,41.51737281690064,76.99301702945601,-3.151814560073718,0.1973055356976979,0.004419515390125639,-0.0024976794263125157,-3.1063403498562114,-0.013125210981702114,-0.022086884722490308,0.025692443248137565,-3.3636788735251164
544,4.5233477000001585,210.4234646432651,390.22187685072254,41.51771441480501,76.99293645299291,-3.040592404202244,0.1973055356976979,0.004761113294499353,-0.002417102963207185,-3.1116794469243674,-0.05577107731679305,-0.05923693057952974,0.08135986116974225,-3.494798929122509
545,4.526757100000395,210.4206931261483,390.22312515750485,41.51716757913559,76.99318275083131,-3.151984447637324,0.1973055356976979,0.004214277625074203,-0.002663400801608873,-3.139474561259874,-0.10626324193703625,-0.06257675689781772,0.12331961356904131,-5.112756584887092
546,4.539366700000755,210.4171277798281,390.22455875519654,41.516464116569935,76.99346560759184,-3.17426285632434,0.1973055356976979,0.0035108150594211907,-0.002946257562143728,-3.1450335841269754,-0.08699401936027473,-0.03602535885330348,0.0941583022625469,-3.0699845178924083
547,4.542813699999897,210.41370729896093,390.2258555701468,41.51578923676009,76.9937214763603,-3.1787185380617435,0.1973055356976979,0.0028359352495783696,-0.0032021263306063474,-3.172872683622271,-0.12307534984684618,-0.0474100199495378,0.13189106008952672,-2.736378903868488
548,4.555046900000889,210.41065491311915,390.226935083943,41.51518698413643,76.99393447040815,-3.179609674409224,0.1973055356976979,0.0022336826259135023,-0.0034151203784489326,-3.151713208599455,-0.06837434834555112,-0.02729877359752312,0.07362251389084452,-0.6766209125796208
549,4.55841060000057,210.4080264296958,390.2278000551654,41.51466836980651,76.99410513401855,-3.1797879016787203,0.1973055356976979,0.0017150682959936603,-0.0035857839888535636,-3.147481313594892,-0.01991155325304267,0.024755778078099516,0.03176977338919601,-0.30801562361299895
550,4.571257700001297,210.41539161718958,390.22595636144763,41.51612156207048,76.9937413630419,-3.0461870725232445,0.1973055356976979,0.0031682605599669955,-0.0032220130122055934,-3.119907639672104,0.0031715144042388198,0.017289536600832274,0.017578014093970147,1.3251039119477417
551,4.575190700001258,210.4191097451177,390.2212153476861,41.51685516929314,76.99280593478194,-3.1531033813015243,0.1973055356976979,0.0039018677826234693,-0.002286584752241083,-3.1143929048875467,-0.02607113008509353,-0.0013435721021416228,0.026105727530707168,0.9922939125000694
552,4.587545800000953,210.41407690527356,390.22820117578874,41.515862162131604,76.99418427733802,-3.0408501684478053,0.1973055356976979,0.0029088606210905255,-0.003664927308321353,-3.1132899579306352,-0.0034170165543408407,0.007109782841087892,0.007888283348109853,0.7413744441094067
553,4.59090710000055,210.4107473146973,390.23008496191596,41.5152052154793,76.994555958769,-3.1520360004864365,0.1973055356976979,0.002251913968784436,-0.004036608739298231,-3.1130693685392528,-0.018451285678403963,0.006912930696975664,0.01970377004553351,-0.4079596403466382
554,4.6034770000005665,210.40814108282473,390.2306245729985,41.51469099150353,76.9946624270227,-3.174273166894163,0.1973055356976979,0.0017376899930141576,-0.004143076993003092,-3.113025250660976,-0.11229344902576452,-0.03981296602465348,0.11914231388462365,1.2610806751506327
555,4.619191499999943,210.41116307832337,390.2284477692262,41.515287247944265,76.9942329315883,-3.045084125566333,0.1973055356976979,0.0023339464337510663,-0.003713581558599799,-3.1696033411478206,-0.1080364957395295,-0.009297015260573688,0.10843578239876686,1.8152905721322528
556,4.623241100000087,210.40536111259843,390.228361331955,41.514142487988806,76.9942158770362,-3.152882791910142,0.1973055356976979,0.00118918647829247,-0.003696527006496808,-3.1301303850264395,-0.16972794076602354,0.056556309443714835,0.1789027389800615,0.6144772196293831
557,4.635345300001063,210.4017362437258,390.2258449106255,41.51342728129406,76.99371937317774,-3.3237406208820284,0.1973055356976979,0.00047397978354268844,-0.003200023148039577,-3.095508498880289,-0.16448987659937278,0.06493117956350827,0.17684167377398755,0.5523394307126055
558,4.638680000000022,210.39321970546268,390.2221487886915,41.511746921149765,76.99299010785955,-2.954671219879531,0.1973055356976979,-0.0012063803607489376,-0.0024707578298546196,-3.115311416572933,-0.16973571867919549,0.05390542442329932,0.1780898901616794,6.149568132112803
559,4.651573400000416,210.3922578682602,390.2199659081104,41.51155714534528,76.99255941343714,-3.0011637361634067,0.1973055356976979,-0.0013961561652351406,-0.0020400634074349,-3.119272000111462,-0.11138256531883288,0.04973490159571266,0.12198211464694034,3.6427396177983957
560,4.6548481000008906,210.39245228444787,390.22042726804324,41.51159550473533,76.99265044230583,-3.144098714029557,0.1973055356976979,-0.0013577967751814413,-0.0021310922761301754,-3.039415923459793,-0.1720709630198082,0.0692485404742662,0.18548255085689405,1.0725872563084493
561,4.667341899999883,210.39302731671745,390.2214810235538,41.511708961785324,76.99285835410134,-3.1726857096027867,0.1973055356976979,-0.0012443397251900024,-0.002339004071643558,-3.0742332823482093,-0.07147369080925724,0.02365787342901768,0.07528733926153004,2.1583735855132336
562,4.670714200001385,210.38683104792938,390.2191123213181,41.51048640365277,76.99239099603781,-2.9244602376236823,0.1973055356976979,-0.0024668978577437883,-0.0018716460081122932,-3.1079240490477678,-0.051291363897104994,0.002065295991682887,0.05133292761920469,2.138580356870201
563,4.683939000000464,210.38676971266594,390.2197332194897,41.510474301865756,76.99251350268418,-3.128758014321612,0.1973055356976979,-0.002478999644758062,-0.001994152654475556,-3.114662202387679,-0.04802107039731287,0.0035822470246529414,0.04815449818915481,-3.129633855956055
564,4.687257100000352,210.38821922260007,390.22098707684506,41.51076029819981,76.99276089568137,-3.169617569661198,0.1973055356976979,-0.002193003310701158,-0.0022415456516711174,-3.116009833055661,-0.030489913458865276,-0.006164476116312621,0.03110684150661527,-1.3533026481421178
565,4.699700600000142,210.38998922337464,390.2222618448949,41.51110952915082,76.99301241447432,-3.177789480729115,0.1973055356976979,-0.0018437723596917976,-0.0024930644446214956,-3.140340638486133,0.049918427014057416,-0.030591206685857773,0.05854631740813974,1.1596059934329825
566,4.703287399999681,210.3917477941249,390.2234502878839,41.51145650489477,76.99324690085493,-3.1794238629426985,0.1973055356976979,-0.0014967966157470869,-0.002727550825227354,-3.1184795046503524,0.11125094780653808,-0.013884770515909525,0.11211405014596756,1.5456319472354574
567,4.715369100000316,210.39416726469335,390.2224427721663,41.511933879831375,76.99304811242654,-3.04611426477604,0.1973055356976979,-0.0010194216791390431,-0.0025287623968353046,-3.087379982961321,0.11572753244057431,0.0059287708084165775,0.11587929965305672,1.6461502207032261
568,4.719747400000415,210.40095194190576,390.22079471403765,41.51327253420331,76.99272294143461,-3.0194523451427084,0.1973055356976979,0.00031923269279587885,-0.0022035914049070016,-3.0811600786235145,0.12270184763092068,0.0013146100407719248,0.12270888970079134,0.6836772187264462
569,4.7326456000009784,210.408049722537,390.21919251395866,41.514672965613016,76.99240681848973,-3.014119961216042,0.1973055356976979,0.0017196641025023496,-0.001887468460026298,-3.0799160977559534,0.11601388410594214,0.05943114915579769,0.13035061486362712,-1.1029827396392617
570,4.736558100001275,210.40929773947215,390.22005081403654,41.51491920626297,76.99257616584637,-3.1466899590400836,0.1973055356976979,0.0019659047524527296,-0.002056815816672497,-3.1063945965043156,0.10634838676643636,0.059816874597007165,0.12201654746130795,-3.14546320725176
571,4.747840100000758,210.4129170862352,390.2071733480404,41.51563332341493,76.99003537051958,-3.173203958604892,0.1973055356976979,0.0026800219044176288,0.0004839795101219124,-3.1384175911758634,0.0403484165387869,0.052376824753264245,0.06611600780765281,-3.5460398561243824
572,4.752177700000175,210.4127232901135,390.2067692281234,41.51559508636732,76.98995563542287,-3.1785067585178535,0.1973055356976979,0.0026417848568058844,0.0005637146068266929,-3.1715494850320485,0.004385416613924666,0.06666967756824574,0.06681375446666304,-1.3604927314708677
573,4.763558100001319,210.41132443825103,390.2046311498043,41.51531908515123,76.98953378073476,-3.179567318500446,0.1973055356976979,0.0023657836407195987,0.0009855692949400918,-3.1781758638032853,-0.01617070933021275,0.12875045377528624,0.12976197897529287,0.1621995393256093
574,4.76804489999995,210.40970443109597,390.20244868100576,41.51499944877167,76.98910316755932,-3.1797794304969647,0.1973055356976979,0.002046147261154374,0.0014161824703791126,-3.128712565338782,-0.030977297370133456,0.17358911930473103,0.1763314359192649,-0.4433911203899965
575,4.7797411999999895,210.40734248960993,390.1866137571655,41.51453342464148,76.98597884942828,-3.1798218528962683,0.1973055356976979,0.0015801231309637842,0.004540500601422082,-3.118819905645882,-0.03220733434948138,0.15619593627395245,0.15948192027435554,0.9839069754843247
576,4.784493900000598,210.40708388290054,390.1757885711273,41.51448240010615,76.983842980298,-2.9258874662823784,0.1973055356976979,0.0015290985956326608,0.006676369731707155,-3.146700992847927,-0.04925981714943543,0.10108057348084498,0.11244470605952205,-0.5932277230641534
577,4.795606100000441,210.406241032981,390.17965118330915,41.51431610115126,76.98460509506371,-3.129043460053351,0.1973055356976979,0.0013627996407450382,0.005914254965986743,-3.152277210288336,-0.02350181276875799,0.06089457683128725,0.06527238842634228,-4.174375163494625
578,4.799264000001131,210.4042107099054,390.18407295207726,41.513915507169195,76.98547753451925,-3.3189727545106704,0.1973055356976979,0.0009622056586806593,0.005041815510452352,-3.1832520729170426,-0.02690208766537506,-0.03430642541229543,0.04359648088234777,-6.639120619618087
579,4.81188370000018,210.40789166673417,390.1907859992498,41.51464178032817,76.98680205588778,-3.2076605176990096,0.1973055356976979,0.0016884788176554366,0.0037172941419214567,-3.2700952388021594,-0.03287271464644783,-0.11947087766412907,0.12391087917557554,-5.623869746096384
580,4.815998400001263,210.40670619305072,390.1951421785234,41.514407879808005,76.98766155417296,-3.334696166039802,0.1973055356976979,0.0014545782974906274,0.0028577958567410633,-3.317323491119807,-0.04990264064417458,-0.08716872980664328,0.10044232673213623,-5.548299075804274
581,4.827953199999683,210.40424689128025,390.19371352314647,41.513922645954736,76.98737967255849,-3.360103295707961,0.1973055356976979,0.0009693444442220311,0.003139677471210689,-3.3267691415833367,-0.007029646822835158,-0.004593920435572267,0.008397621057309321,-2.2996419796361804
582,4.843193400000018,210.39651384074,390.1865356805913,41.51239687227532,76.98596344448798,-3.3651847216415924,0.1973055356976979,-0.0005564292351962763,0.004555905541721472,-3.3286582716760433,-0.01689980797023725,-0.0008435906338866879,0.01692084970054624,-0.8341427872433164
583,4.846985100000893,210.39852878977484,390.18318482346814,41.51279443287404,76.98530230182826,-3.3662010068283186,0.1973055356976979,-0.00015886863647551763,0.005217048201444641,-3.2991764785539592,-0.003018485167097706,-0.04396321642282433,0.044066718177600654,1.5304858711788054
584,4.860207400000945,210.39907830340076,390.1889617942459,41.512902854954376,76.98644213014228,-3.2171061681625392,0.1973055356976979,-5.044655613772875e-05,0.004077219887420824,-3.2932801199295425,0.018239287224723014,-0.06226608364601418,0.06488248431648082,1.6924668153124462
585,4.8636235000012675,210.3992957904498,390.19631118830756,41.51294576635309,76.98789220627465,-3.1872872004293833,0.1973055356976979,-7.535157422466909e-06,0.0026271437550491328,-3.292100848204659,0.029354994244228688,-0.06202792371853187,0.0686234581459628,-0.004312964893196325
586,4.8755407000007835,210.40326404160658,390.2004144669988,41.51372872427336,76.98870180587494,-3.3306215025858767,0.1973055356976979,0.0007754227628495869,0.0018175441547612081,-3.2918649938596825,0.002752857284274186,-0.08783249592240956,0.08787562553511453,-2.139291401954371
587,4.8790041000011115,210.40248227016727,390.1987623691911,41.51357447644074,76.98837583783198,-3.3592883630171757,0.1973055356976979,0.0006211749302238445,0.002143512197719133,-3.3216774421313118,-0.024831941419208352,0.06727299966629033,0.07170970505271719,-1.777200688204723
588,4.891358500000933,210.40071898673128,390.19592319727826,41.51322657085781,76.98781565349678,-3.3650217351034355,0.1973055356976979,0.00027326934729643426,0.002703696532918798,-3.3574995509262626,-0.001097255491357526,0.16610455384895506,0.16610817794128538,-1.819572162565417
589,4.894988000000012,210.3983326702668,390.1832428842805,41.51275573740944,76.98531375754794,-3.366168409520687,0.1973055356976979,-0.00019756410107163447,0.0052055924817580035,-3.3493099687790027,0.009965620978734154,0.3127030582061625,0.31286181648289785,-1.8050952363207045
590,4.907270600000629,210.40650226546708,390.17890550866775,41.51436764376687,76.98445796932914,-3.3663977444041375,0.1973055356976979,0.0014143422563535069,0.006061380700558061,-3.347672052349551,0.011500424217049648,0.33117511570476,0.3313747380523043,-0.34779432050383624
591,4.910824500000672,210.40868199336873,390.166926389374,41.51479771614818,76.9820944227797,-3.2896735918495774,0.1973055356976979,0.0018444146376666026,0.008424927250004544,-3.347344469063661,0.09035280832898392,0.3307366054989134,0.3428561392040078,-1.633953906140762
592,4.923098799999934,210.40638879057852,390.1553256525193,41.514345254543194,76.9798055331801,-3.3510987808699157,0.1973055356976979,0.0013919530326802487,0.010713816849602154,-3.3635631320939825,0.11726672944797639,0.21528873216015945,0.2451544901292933,-2.460607609916413
593,4.927045500000531,210.4137119132208,390.1544625166455,41.51579014717911,76.97963523169413,-3.3633838186739835,0.1973055356976979,0.002836845668596766,0.010884118335567905,-3.400387186965672,0.16291588802687415,0.16453537011571728,0.2315458369107531,-3.62775411085603
594,4.939150100000916,210.4140091855806,390.1475862712512,41.51584880066131,76.97827851041303,-3.447261724672297,0.1973055356976979,0.0028954991507958994,0.012240839616666221,-3.42310600184626,0.14747821499656433,0.018850434668732416,0.14867805078683607,-3.4669954147366058
595,4.942802600000505,210.42066385645376,390.15099416302763,41.51716180406283,76.97895090632558,-3.5505180187625847,0.1973055356976979,0.004208502552316418,0.011568443704121023,-3.4439339445098773,0.22200114753741618,-0.11744074537757535,0.2511510266408842,-3.9834618630730416
596,4.955290100000639,210.42343760107633,390.1550047053077,41.51770907923147,76.97974220851859,-3.403267666252517,0.1973055356976979,0.004755777720959031,0.010777141511113086,-3.4327455291363513,0.16004556240925016,-0.09043640723754064,0.1838296107838111,-2.167079350059947
597,4.959147600000506,210.43000185632377,390.1646819624597,41.51900424312952,76.98165158492505,-3.455238494188004,0.1973055356976979,0.006050941619008654,0.008867765104653813,-3.4478039886397713,0.20823527465076208,-0.08473340938922495,0.22481476881112664,-3.6494072687894845
598,4.971270600000935,210.43346253073133,390.153734577529,41.51968705334738,76.9794916052768,-3.307441741806351,0.1973055356976979,0.006733751836868862,0.011027744752894364,-3.4508156805404546,0.14836948246589834,-0.03050764540613965,0.15147349522416545,-2.360073245853809
599,4.974950699999681,210.4380470291672,390.1511121722143,41.52059160026718,76.97897419019137,-3.5225540221893956,0.1973055356976979,0.007638298756667439,0.011545159838334484,-3.484998341186216,0.1793710633369483,-0.014099055181314706,0.1799243222014002,-5.2869700700811295
600,4.987644200000432,210.44191684762382,390.14551272322933,41.52135513687082,76.97786938790978,-3.5655764782660047,0.1973055356976979,0.008401835360302812,0.012649962119922975,-3.475550693627869,0.12449292426571074,0.05489828748799709,0.1360599506149505,-4.95972844547617
601,4.991068500001347,210.4453676701579,390.145188605612,41.5220360032595,76.97780543770966,-3.5741809694813265,0.1973055356976979,0.009082701748987176,0.012713912320037934,-3.5225954902880745,0.14174549466707065,-0.064011456997902,0.15552894227572825,-5.216407707692093
602,5.00333640000099,210.44918295147502,390.1545146196647,41.52278877938361,76.97964551190826,-3.4080002563962655,0.1973055356976979,0.009835477873096465,0.010873838121440826,-3.5504126527451154,0.10573967829386657,-0.1070372620189914,0.1504588150498754,-2.8452405223351205
603,5.006968300000153,210.45180760920664,390.16217906995524,41.52330663888337,76.98115775037866,-3.5426657251073785,0.1973055356976979,0.010353337372855265,0.009361599651043662,-3.555976085236524,0.10310965960980338,-0.07492878422844937,0.1274595018458924,-4.3513564211725395
604,5.019614800001364,210.45602288618838,390.1669562054771,41.52413833636637,76.9821003056619,-3.661639834474601,0.1973055356976979,0.011185034855856202,0.008419044367798278,-3.5235084494691806,0.03304126547746125,-0.05490448702451468,0.06407985580334255,-1.6914308566365048
605,5.0236062000003585,210.45697370860765,390.16194779160367,41.524325938893156,76.9811121178796,-3.5933936407230456,0.1973055356976979,0.011372637382642381,0.009407232150095979,-3.550595244581337,0.12812071106935738,-0.06224799012544757,0.1424420193607756,-0.2418894603977677
606,5.0359496000000945,210.4474953802769,390.154515878565,41.52245581224434,76.97964576029625,-3.4118427906446094,0.1973055356976979,0.009502510733824465,0.010873589733449762,-3.5560126036037683,0.105592664378172,0.01834781290970646,0.107174871164144,0.12165413595617244
607,5.039428300000509,210.4569589891122,390.1578077416139,41.52432303465522,76.98029526309855,-3.5434342319570473,0.1973055356976979,0.011369733144704242,0.010224086931145848,-3.5386878722832544,0.08685584827963094,0.08549740974289942,0.12187594288094555,-3.1013438757169065
608,5.051548000001276,210.45879846309836,390.1586307073761,41.52468597305546,76.98045763879914,-3.569752520219535,0.1973055356976979,0.011732671544947948,0.010061711230562764,-3.5352229260191517,0.039524807552226954,0.05276800715502769,0.06592930297791438,-1.9137589980992804
609,5.05533430000105,210.45826269560857,390.15361794295734,41.52458026316388,76.97946859263016,-3.5750161778720324,0.1973055356976979,0.011626961653362855,0.011050757399544864,-3.586518462156956,0.0899594408557543,0.02863034385721261,0.09440549554163777,-1.8512131825192462
610,5.067427100000714,210.44663888557207,390.14847376064165,41.52228682109778,76.97845361698263,-3.5760689094025317,0.1973055356976979,0.00933351958726547,0.012065733047066374,-3.596777569384517,-0.0074192407079537205,0.10697773258196838,0.10723469774779848,-1.9725979461844068
611,5.083690999999817,210.45493669893207,390.14862967062913,41.5239240256079,76.97848437888624,-3.6683204713336317,0.1973055356976979,0.010970724097383311,0.01203497114346419,-3.598829390830029,0.01650114658746086,0.12557159354399983,0.12665114663468455,-1.9766048618468164
612,5.087552099999812,210.4559125194596,390.14461743962994,41.52411656039982,76.9776927434996,-3.594729768094852,0.1973055356976979,0.011163258889304473,0.012826606530097706,-3.5819436125410062,-0.061535274761220615,0.1756117104032128,0.18608079661985755,1.7898425071748814
613,5.1002549000004365,210.4655406298649,390.13949450883325,41.526016239881095,76.97668196089441,-3.580011627447096,0.1973055356976979,0.013062938370580923,0.013837389135289868,-3.578566456883202,-0.016954095064072937,0.17275147890275402,0.1735814356506199,2.3072384598778886
614,5.103866100000232,210.45788830077677,390.1301342473255,41.52450639299103,76.97483512948335,-3.490587286426919,0.1973055356976979,0.011553091480514865,0.01568422054634766,-3.5594828226266415,-0.10258817957424685,0.24084522420500132,0.26178379745644165,2.5361835862699382
615,5.116009600000325,210.45993487426645,390.1258486863431,41.524910193269754,76.97398956457796,-3.5591831311135094,0.1973055356976979,0.011956891759240307,0.016529785451737666,-3.5383699531972037,-0.11330547783188889,0.22616157102429785,0.2529568886488193,1.3808948752969015
616,5.120155200000227,210.4530536343381,390.1187348156287,41.52355248653942,76.97258595850577,-3.5729023000508273,0.1973055356976979,0.010599185028908664,0.01793339152392548,-3.5341473793113165,-0.06435372046411167,0.37609558129596377,0.3815616432608523,1.168816178941433
617,5.131880099999762,210.4528325003814,390.1109138674814,41.52350885558564,76.9710428421419,-3.489165420947666,0.1973055356976979,0.010555554075125428,0.019476507887802086,-3.5505990071122637,0.051473042704902605,0.296550654226422,0.3009846584917903,0.10114817235762773
618,5.136021300000721,210.46110851572035,390.0935091065188,41.525141759225534,76.9676087864565,-3.5588987580176585,0.1973055356976979,0.012188457715019752,0.022910563573205422,-3.5538893326724534,0.029739145442945092,0.36565736202570515,0.36686472053779473,-1.136608789507359
619,5.148259499999767,210.4710968310785,390.0864571106141,41.52711250913799,76.96621738862677,-3.572845425431657,0.1973055356976979,0.01415920762747902,0.02430196140292651,-3.554547397784491,0.11751669286229538,0.3068635759935174,0.3285961463146217,-1.3986749859494607
620,5.152175700000953,210.46959992188096,390.07821675568084,41.52681716066688,76.96459152098232,-3.5756347589144566,0.1973055356976979,0.013863859156366232,0.025927829047375894,-3.5719751533850235,0.18655508319848862,0.33559033821561834,0.3839579067695678,-1.1504195972003999
621,5.164122199999838,210.4763439196792,390.07551579780693,41.52814778876521,76.96405860704212,-3.5761926256110166,0.1973055356976979,0.015194487254696298,0.026460742987580943,-3.57546070450513,0.11274798040275313,0.18838691625973186,0.21954894056394542,-0.9939351457073046
622,5.168429100000139,210.48379774139443,390.0695076115611,41.52961846905173,76.96287315863631,-3.5763041989503286,0.1973055356976979,0.01666516754121261,0.0276461913933872,-3.576157814729151,0.1256967633475003,0.2078843055860178,0.24293118536947522,-1.822615700107046
623,5.179940100000749,210.48527209770214,390.06406879742156,41.529909367712825,76.96180005049895,-3.576326513618191,0.1973055356976979,0.016956066202311604,0.028719299530749254,-3.5762972367739554,0.12473276784647155,0.11777258749907808,0.17154779433402742,-1.2909390959067626
624,5.184332599999834,210.49029843214038,390.0593674190819,41.53090109132176,76.96087244252713,-3.5763309765517635,0.1973055356976979,0.01794778981124523,0.029646907502566933,-3.5947333243079167,0.010451354001868321,0.09130327132843877,0.09189950030194331,-2.286502127994007
625,5.196664099999907,210.48528365344526,390.0615795256689,41.529911647724916,76.9613089034023,-3.5763318691384782,0.1973055356976979,0.016958346214401843,0.029210446627402575,-3.616828744939709,-0.09448277684308809,0.03871607764549968,0.10210744237435948,-2.334512359614889
626,5.200996000001396,210.4751836758125,390.0635058433313,41.527918866227544,76.9616889765406,-3.668373063280821,0.1973055356976979,0.014965564717030588,0.028830373489100225,-3.6396560321910676,-0.08743235889313898,0.0374053071963454,0.09509770968888592,-4.38758411585027
627,5.212355400000888,210.4646363730547,390.0627972372,41.525837825006754,76.96154916462827,-3.6867813021092894,0.1973055356976979,0.012884523496239808,0.028970185401433923,-3.644221489641339,-0.14594483635936625,-0.0005706517282480861,0.14594595199373345,-4.346533304128172
628,5.2161455000004935,210.4657989858418,390.06113235373357,41.52606721494552,76.96122067390405,-3.6904629498749832,0.1973055356976979,0.013113913435006452,0.029298676125648626,-3.683174131912643,-0.23621239117017204,0.05595315309043219,0.24274894249634066,-5.375680549537199
629,5.228269600000203,210.46169510778856,390.05982349370686,41.525257497087786,76.96096242857533,-3.599158263803122,0.1973055356976979,0.012304195577272026,0.02955692145437183,-3.731572570523154,-0.14796475458826397,0.11032094906993836,0.1845651115570251,-4.727083889665992
630,5.232494600000791,210.45031223519908,390.05452954286034,41.52301159331374,76.95991790276759,-3.7710950804949994,0.1973055356976979,0.010058291803225927,0.030601447262114334,-3.760883605901506,-0.04194951883058386,0.16920733591350384,0.17432981574321368,-6.680038900517511
631,5.245074100001148,210.4491144662705,390.0427919316135,41.522775266873644,76.95760200709273,-3.910365256333375,0.1973055356976979,0.009821965363130403,0.03291734293696891,-3.7863771606334264,-0.045471654342034616,0.20497215685058473,0.2099553677155747,-5.145594334505712
632,5.249317200001315,210.4565741182766,390.0361954194268,41.52424709750883,76.95630047872199,-3.83333647900105,0.1973055356976979,0.011293795998312817,0.03421887130771495,-3.8295154223610606,0.02820777421978824,0.2376808543891384,0.23934883970804072,-4.588336069649953
633,5.260680500001399,210.45904556814338,390.02090493395826,41.524734728248745,76.95328358129554,-3.817930723534585,0.1973055356976979,0.01178142673823146,0.037235768734163344,-3.859119637206587,0.1589764813425641,0.23183368408210883,0.2811056361853061,-3.585446159326516
634,5.265591500001392,210.4665527738718,390.01630411434894,41.52621594149658,76.95237581411787,-3.8148495724412923,0.1973055356976979,0.013262639986066915,0.03814353591182851,-3.8650404801756926,0.222517062562957,0.31653979734764687,0.3869254274876959,-4.396640588531136
635,5.277115099999719,210.47369385753046,390.0035724885482,41.52762491683332,76.94986379386896,-3.9191161547226336,0.1973055356976979,0.014671615322804143,0.040655556160743345,-3.8872012112695136,0.18101751290819434,0.3154746732561473,0.3637191353854526,-2.453930001212635
636,5.281292400000893,210.48002243288846,389.9907078804378,41.52887357978453,76.94732553547419,-3.9399694711789017,0.1973055356976979,0.015920278274016653,0.04319381455550797,-3.9126099199882782,0.20621738467999953,0.2885838177165071,0.354691738826961,-1.9457551811834757
637,5.292507100000876,210.48794460358346,389.97357571278525,41.53043666791739,76.94394526395784,-3.9441401344701554,0.1973055356976979,0.01748336640687853,0.04657408607185687,-3.917691661732031,0.23878249125379541,0.2637950721946386,0.355815848780719,-1.713686374496509
638,5.308295300001191,210.50146079078843,389.9630899731182,41.53310348647446,76.94187636947565,-3.9449742671284063,0.1973055356976979,0.020150184963945605,0.048642980554049586,-3.918708010080781,0.24922684233341447,0.2535302932973145,0.3555160032388232,-0.9880431772068248
639,5.312783999999738,210.51202672723812,389.9617045001155,41.53518820422582,76.94160300798266,-3.8402582811600565,0.1973055356976979,0.022234902715304372,0.04891634204703621,-3.918911279750531,0.2752755427799136,0.22954203323870648,0.358421775951372,-0.6076168991033812
640,5.32506210000065,210.5228850692607,389.95133310745075,41.53733061521537,76.939556674797,-3.9241978964663864,0.1973055356976979,0.02437731370485352,0.0509626752326966,-3.897975371184482,0.26279032038567984,0.21800632578206133,0.3414462045028507,-1.3343307738643198
641,5.329435400000875,210.5323974452937,389.94052340137443,41.53920745966432,76.9374238599489,-3.9409858195276524,0.1973055356976979,0.026254158153804497,0.05309549008080694,-3.9162576718931463,0.3078996814341895,0.26681906328004634,0.4074243811517872,-3.7732963343028345
642,5.340961200001402,210.53689269628435,389.92628533032405,41.54009439756913,76.934614609713,-3.839460591639906,0.1973055356976979,0.02714109605861381,0.05590474031670567,-3.963360176956755,0.24715322215414598,0.25462952778325026,0.3548533663927928,-4.777959314928992
643,5.3455303000009735,210.54602737328983,389.91759885943645,41.54189671990912,76.9329007209212,-4.036385770671731,0.1973055356976979,0.028943418398604592,0.05761862910850368,-4.019373695547601,0.5302708518626096,0.27439659779101855,0.5970600214504264,-8.684228022203326
644,5.356933000000936,210.5553148267209,389.917601619156,41.5437291858836,76.93290126542914,-4.075770806478096,0.1973055356976979,0.030775884373085205,0.057618084600562725,-4.077169416843895,0.5935076328000775,0.19929925082020727,0.6260762745620116,-8.536850268807163
645,5.361371900000449,210.59108777040092,389.9116284931679,41.55078738569987,76.93172273460625,-4.204265489420619,0.1973055356976979,0.037834084189356076,0.0587966154234465,-4.15629814118128,0.9355828807856872,0.19957963865598755,0.9566333461600113,-10.313925427201827
646,5.3729731000003085,210.6349125981178,389.90503114672947,41.55943426680941,76.93042104163304,-4.229964426009124,0.1973055356976979,0.04648096529889756,0.06009830839666108,-4.1962474212050065,0.9725745340877601,0.13871162019279018,0.9824164788583977,-8.969164645824643
647,5.377450800000588,210.67547467052555,389.89946793072534,41.56743738823483,76.92932338831915,-4.235104213326825,0.1973055356976979,0.05448408672431526,0.06119596171055264,-4.254332492053502,1.180533688438032,0.22762665592391146,1.2022785384528025,-10.997454692851669
648,5.389305800001239,210.71028865054154,389.89521610377506,41.574306379211656,76.92848447932502,-4.236132170790365,0.1973055356976979,0.061353077701141956,0.062034870704678724,-4.319954633176326,0.947932579953546,0.21073966419002255,0.9710753741086782,-9.417104561647214
649,5.393719300000157,210.73714247513539,389.88527253180314,41.57960478745867,76.92652255753036,-4.366196160720573,0.1973055356976979,0.06665148594815662,0.06399679249933854,-4.387084188354016,0.9293366341718771,0.26687864441772446,0.966897507732932,-10.899389756734069
650,5.405756100000872,210.76319644642058,389.8742264581461,41.58474538022015,76.9243431060501,-4.53237619503474,0.1973055356976979,0.07179207870963467,0.06617624397959787,-4.5065428142333035,0.6131095643454988,0.2506768137325941,0.6623761792479052,-9.949651016651554
651,5.410349699999642,210.7783845608239,389.86507913650917,41.587742079268736,76.92253828885433,-4.565612201897573,0.1973055356976979,0.07478877775822212,0.06798106117537372,-4.556406219096661,0.6739261617209307,0.3443415142551857,0.7568008654140534,-11.907866611696099
652,5.42129820000082,210.78982624274505,389.855971627389,41.58999958644947,76.9207413268885,-4.832397342723265,0.1973055356976979,0.07704628493895882,0.06977802314119685,-4.646439935225582,0.46537733063409337,0.27912929592144686,0.5426686131606626,-9.648568246893312
653,5.425867699999799,210.8102876764089,389.84348662022614,41.59403674057966,76.91827796586205,-4.485449195107154,0.1973055356976979,0.08108343906914683,0.07224138416765413,-4.716474266341992,0.41322053355654603,0.3202593920261434,0.5227975588444457,-8.04805063248258
654,5.437203499999669,210.81935124649482,389.8366803708768,41.595825033130794,76.91693505518809,-4.816364741365181,0.1973055356976979,0.08287173162027983,0.07358429484160922,-4.7608375778777745,0.33297542898580174,0.353526253284866,0.4856474524487016,-6.954614918422234
655,5.441820199999711,210.82324220005142,389.8276317016059,41.59659273980666,76.91514970265024,-4.8825478506167865,0.1973055356976979,0.08363943829614584,0.0753696473794605,-4.7697102401849305,0.3999207331734286,0.4083948665083388,0.5715968507718849,-7.858626058034238
656,5.452987000000576,210.8374557526496,389.7959811065538,41.59939715241621,76.90890486503834,-4.787428759576483,0.1973055356976979,0.08644385090569529,0.0816144849913627,-4.829874665224486,0.23787675724215554,0.38883078588791,0.4558231364139529,-4.998770602230321
657,5.457639300000665,210.8502101906038,389.7856423103299,41.601913673629284,76.9068649633109,-4.876760654259047,0.1973055356976979,0.08896037211876973,0.08365438671880554,-4.889160968201148,0.20887565199246177,0.3663266561863834,0.4216921353641454,-5.274411530771997
658,5.46918259999984,210.85449743290485,389.7598261049262,41.60275957026816,76.90177128307404,-4.786271320304935,0.1973055356976979,0.08980626875764841,0.08874806695565951,-4.90101822879648,0.1672638864334451,0.27748858719661285,0.32400173414534783,-4.590942337650291
659,5.47372600000017,210.85479104523793,389.75968919224715,41.60281750160682,76.90174426944456,-5.112796256248488,0.1973055356976979,0.08986420009630791,0.08877508058513683,-4.925060823493672,0.08461485071419553,0.12505702836694577,0.15099315648517542,-3.360212155757082
660,5.485001700000794,210.85240396858487,389.7629737506985,41.60234651816904,76.90239233100934,-4.941834153593447,0.1973055356976979,0.08939321665852873,0.08812701902036224,-4.908198199854985,-0.033315013488152544,0.09711313435032265,0.10266864656290937,-0.799927178317027
661,5.489405300000726,210.84878595918724,389.76750277605356,41.60163266488668,76.9032859327832,-4.907641733062439,0.1973055356976979,0.08867936337616555,0.08723341724649458,-4.904825675127247,-0.014579994183684684,0.18663372899551917,0.1872023638450358,0.350499353320624
662,5.501037600000927,210.84591307304876,389.749889610029,41.60106582854813,76.8998107576254,-4.792447536065613,0.1973055356976979,0.08811252703761596,0.0907085924042974,-4.9041511701817,-0.029585126574288287,0.18552813749952296,0.18787221593002665,1.8483945165882112
663,5.5056526999997,210.8498182646001,389.72909837906974,41.601836344459166,76.89570853266316,-4.769408696666249,0.1973055356976979,0.08888304294865179,0.09481081736653607,-4.8823451266144655,-0.01533947786578094,0.2538185919767849,0.25428168871209034,0.6521947534630355
664,5.517497900000308,210.8460795966676,389.7290733008221,41.60109868457995,76.89570358458607,-5.10942373152075,0.1973055356976979,0.08814538306943831,0.09481576544362724,-4.856312775322894,0.11261527271573782,0.4411479305185737,0.45529517485875065,-5.156302282759032
665,5.5317032000002655,210.84820050219423,389.708627883311,41.601517150981046,76.89166959053149,-4.832803935757275,0.1973055356976979,0.08856384947053186,0.09884975949820785,-4.920030865611454,0.1256043160936352,0.4309857232430714,0.4489155130541861,-6.125307628050848
666,5.535982800000056,210.85856120342942,389.69271330627697,41.60356137468846,76.88852955638438,-4.777479976604581,0.1973055356976979,0.09060807317794684,0.10198979364531624,-5.0410435266379165,0.06957934059249556,0.36335719140180706,0.36995909663190596,-12.226981052130288
667,5.549257599999692,210.85965220271282,389.67603172012394,41.60377663488652,76.88523818709217,-5.111037987508417,0.1973055356976979,0.09082333337600801,0.10528116293752987,-5.104590541265084,0.125170666259734,0.4045095740934409,0.42343321932172806,-14.33033602570067
668,5.553949700000885,210.85696093275828,389.6629349319841,41.60324563242643,76.88265411829232,-5.3744720017985586,0.1973055356976979,0.09029233091591493,0.10786523173737805,-5.225568987159267,0.23537342661363353,0.42529876595583316,0.4860860934848868,-18.988546470588535
669,5.565143300000273,210.86919705081652,389.65123788338667,41.60565988625477,76.88034622585273,-5.427158804656587,0.1973055356976979,0.0927065847442563,0.11017312417696701,-5.318689236884979,0.18413237686775033,0.3348293271692175,0.3821196285766515,-16.396736702883416
670,5.569913500001348,210.8832309643643,389.6418591534639,41.60842885508525,76.87849575052115,-5.437696165228193,0.1973055356976979,0.0954755535747367,0.11202359950854657,-5.451189019251997,0.3279507327016682,0.19417809275197012,0.3811257204445191,-22.044389744695962
671,5.581043000000136,210.89572305481178,389.62598755447925,41.610893613682975,76.87536419618111,-5.243081225233139,0.1973055356976979,0.09794031217246157,0.11515515384859043,-5.62166602650665,0.45271664601573725,0.04211768427217072,0.4546715967686882,-20.80262398741379
672,5.5864350000010745,210.91581766555842,389.6384304823698,41.61485839162098,76.8778192547342,-5.773536899343503,0.1973055356976979,0.10190509011046345,0.1127000952954944,-5.799738478738831,0.9102812743001817,0.0997096170569006,0.915725944852059,-29.745004876304748
673,5.597077899999931,210.94336329090132,389.649735184069,41.620293295985384,76.88004973495886,-6.226857038071826,0.1973055356976979,0.10733999447487008,0.11046961507084063,-6.0080690336383915,1.0162863329003426,0.050655543805829574,1.0175479814526145,-27.760953759960582
674,5.601862400000755,211.00407126095774,389.63775270470865,41.63227131453849,76.87768552544968,-6.31752106581749,0.1973055356976979,0.11931801302797851,0.11283382458002222,-6.261795691493305,1.195190307551182,0.05504822094227944,1.1964573447863485,-33.58049992516455
675,5.6130967999997665,211.06730199492694,389.62963013174357,41.64474708837684,76.87608289683956,-6.479348939725998,0.1973055356976979,0.13179378686632504,0.1144364531901374,-6.46240064220491,1.2419158239737194,0.18944504831371986,1.2562819509039003,-31.303720129694725
676,5.617931099999623,211.0946453229505,389.6221978771742,41.65014207836029,76.87461647187031,-6.5117145145077,0.1973055356976979,0.1371887768497757,0.11590287815938893,-6.677117579612858,1.4694263759010382,0.2723896471690233,1.4944597666309134,-37.12070980535574
677,5.629189900000711,211.14993543962436,389.6098341372623,41.661051124449415,76.87217703754376,-6.77656165290154,0.1973055356976979,0.14809782293890095,0.11834231248593596,-6.920773857719447,1.110065275463402,0.2181368957789765,1.131295107869616,-30.98415882629119
678,5.633725600000616,211.18782489384165,389.60511814124914,41.668526923511045,76.87124654542404,-7.300441725111558,0.1973055356976979,0.1555736220005315,0.11927280460565726,-7.141478990293891,1.200008746976002,0.3404521974803164,1.2473687071544206,-37.96145151936575
679,5.644616800000222,211.2268344583237,389.5928154850193,41.67622372652851,76.8688191632461,-7.535802456350437,0.1973055356976979,0.16327042501799838,0.12170018678359895,-7.38487782930878,1.0811399187919197,0.3506438384096374,1.1365802327244843,-32.96136233644212
680,5.649445000000924,211.26501397346766,389.5743589615869,41.68375675621667,76.86517758900315,-7.5828746025982126,0.1973055356976979,0.170803454706153,0.12534176102654726,-7.639530497502382,1.0777050802679669,0.4281419541323148,1.1596351895849064,-36.80245075273488
681,5.661128200001258,211.2959020834548,389.5533797794592,41.68985115130437,76.86103828023495,-7.728708709582143,0.1973055356976979,0.17689784979385337,0.12948106979474971,-7.866358247937978,0.8908891056858771,0.42271648840006165,0.9860895639824312,-31.712168249186533
682,5.665905699999712,211.31894774986762,389.53875082865386,41.69439818886146,76.85815190725961,-8.049824993869555,0.1973055356976979,0.1814448873509491,0.13236744277008938,-8.061504071462597,1.1853428088098767,0.493790342371357,1.284081958683522,-38.91158528977471
683,5.6770874000012554,211.35941909689075,389.5286620113627,41.70238340966627,76.85616132775942,-8.434580477289536,0.1973055356976979,0.18943010815575434,0.13435802227027693,-8.321010531089396,1.1170265133967017,0.39788362261007393,1.185773843855778,-34.8470680122684
684,5.681610800000271,211.40937381719144,389.5154052489344,41.71223975251583,76.85354569514689,-8.511531573973532,0.1973055356976979,0.19928645100531384,0.13697365488280866,-8.58492964528038,1.6173233599090109,0.4555034613115263,1.6802435102609838,-46.705519844717216
685,5.693082499999946,211.48022736543066,389.4994338928,41.72621954980725,76.85039445816898,-8.880406900732206,0.1973055356976979,0.21326624829673335,0.1401248918607223,-8.956844327493577,1.679812328721409,0.3974436316665948,1.7261897057035114,-46.06598061310078
686,5.697634000000107,211.54996559379907,389.48461494292656,41.73997928831409,76.84747059732572,-9.048304280537067,0.1973055356976979,0.2270259868035751,0.14304875270397588,-9.315079802998715,2.0741515089000013,0.5387508593104492,2.142978527722548,-56.286508930624315
687,5.7091140000011364,211.62352197706304,389.4663533206926,41.75449236991797,76.84386747816814,-9.909398404935539,0.1973055356976979,0.2415390684074552,0.1466518718615646,-9.747292083646618,1.8454457334734564,0.49630229811237664,1.9110169874459542,-52.2860800590549
688,5.713823500000217,211.68763021960757,389.4452397583958,41.767141281055856,76.83970165544868,-10.225757854815233,0.1973055356976979,0.25418797954534256,0.150817694581022,-10.097258709698073,2.314377551069062,0.7617396394021045,2.4365120002021077,-57.97571924109763
689,5.724911200000861,211.7458173144234,389.424672061181,41.778621916969186,76.83564353493165,-10.672592977213046,0.1973055356976979,0.26566861545867226,0.15487581509805182,-10.522396077877113,1.9558144040292276,0.7431368171156988,2.0922385886798507,-48.29083220447062
690,5.729423700000552,211.82731202513907,389.38803599625226,41.79470127452347,76.82841503651503,-10.630240030989484,0.1973055356976979,0.28174797301295484,0.1621043135146749,-10.797064664794174,2.2593686959156303,0.932641526447356,2.4442927649808133,-55.82220902304877
691,5.7406948000007105,211.89759338714413,389.35665255375056,41.80856817630344,76.82222290958019,-11.173991121432271,0.1973055356976979,0.2956148747929248,0.16829644044950953,-11.138383880224461,1.9084166716391844,0.8411416487778247,2.0855631052305896,-49.160160097774074
692,5.744746800000939,211.9547259529872,389.3307479162697,41.81984074781289,76.81711178120497,-11.282741339520829,0.1973055356976979,0.3068874463023761,0.17340756882472874,-11.443523944013643,1.9063434272811057,0.8421326602867726,2.08406638096284,-46.57803641516713
693,5.75646290000077,212.0100132753562,389.3053890054346,41.8307492425702,76.81210832771795,-11.932353931966666,0.1973055356976979,0.31779594105968556,0.17841102231174943,-11.923890335677731,1.8347365063216727,0.7794056579552782,1.9934219892642293,-57.26113780936296
694,5.772386100001313,212.0927399826574,389.2754515604407,41.84707167987077,76.806201504096,-12.19829329615896,0.1973055356976979,0.3341183783602588,0.18431784593370537,-12.328857656979297,1.7832888289893434,0.7674958024486203,1.9414347412093034,-58.12637432264382
695,5.77691170000071,212.16625903130887,389.2459029902078,41.861577395148934,76.8003714076171,-13.032071989309918,0.1973055356976979,0.3486240936384206,0.1901479424125938,-12.846060838036486,1.9070573229909953,0.7884086606021865,2.063602638418093,-64.24333549573223
696,5.788876200000232,212.22526531935065,389.21619986864573,41.87321966242055,76.79451081730541,-13.19882772794011,0.1973055356976979,0.36026636091003894,0.1960085327242922,-13.260138681279173,1.9707108442066021,0.7987326372973459,2.126423066409286,-62.641087058994344
697,5.793403700001363,212.30330271899783,389.1848559363997,41.88861687336239,76.78832648596273,-13.868757244806773,0.1973055356976979,0.3756635718518737,0.2021928640669728,-13.739559474537085,2.2925902410206698,1.020602194648233,2.509501714074729,-74.61424457545286
698,5.804511199999979,212.37363528057955,389.15790832003745,41.902493877102266,76.7830095720806,-14.002743148180105,0.1973055356976979,0.38954057559175226,0.20750977794909886,-14.10598806678242,1.9396317606833384,0.8742831851865158,2.12756726214506,-59.23986611903389
699,5.809149300001081,212.43556427668784,389.1231105028609,41.91471281085463,76.77614377012148,-14.595397262448522,0.1973055356976979,0.4017595093441173,0.21437557990822143,-14.501610211012736,2.3931666360675976,1.019644866296821,2.6013308519587746,-73.16566074696246
700,5.820775500000309,212.52044349837118,389.0903097912426,41.931459951158466,76.76967200814435,-14.86421495053658,0.1973055356976979,0.41850664964795214,0.22084734188534583,-14.936569600796297,2.008532395525666,0.8079647493492707,2.164950211914145,-59.01250537393543
701,5.825479400000404,212.5977050213213,389.0613042544513,41.94670407733296,76.76394905516955,-15.176938449091693,0.1973055356976979,0.43375077582244614,0.2265702948601529,-15.426893998284262,2.5139259363596493,0.846991463361819,2.652775556376667,-74.76748446916606
702,5.837179699999979,212.6853301859944,389.04306654212843,41.963993007389384,76.76035065356979,-16.04355419372459,0.1973055356976979,0.45103970587886977,0.23016869645991278,-15.83786781332873,2.1725614075521427,0.6100409854819885,2.2565843821033553,-66.19218227917605
703,5.8413833000013256,212.76578445079548,389.0287109714696,41.97986707920513,76.7575182200107,-16.45436513561992,0.1973055356976979,0.4669137776946144,0.23300113001900513,-16.307679763837623,2.63073558304837,0.7699990395088511,2.7411071173453623,-79.25182304189266
704,5.853267899999992,212.821660803861,389.01090851679317,41.990891792979546,76.75400569715403,-16.65026633767086,0.1973055356976979,0.47793849146903256,0.23651365287567216,-16.811846011361276,2.2845779844509386,0.6007919015580743,2.36225474409846,-65.23876598252826
705,5.857637400000385,212.90429444290862,388.9808689138663,42.007195867398494,76.7480787172064,-17.213274703081048,0.1973055356976979,0.4942425658879799,0.2424406328233033,-17.260638245241008,2.6409738920009262,0.9146467605060242,2.794874200162627,-73.26781487496767
706,5.869056499999715,212.9916833519381,388.95942010932595,42.02443818290859,76.74384674933648,-17.69776968670996,0.1973055356976979,0.5114848813980757,0.24667260069321628,-17.6508581177982,2.1083032612395716,0.9348962801852454,2.306290028608202,-58.138591646392605
707,5.873782900000151,213.0697668462853,388.9144613505737,42.039844488589914,76.73497613735657,-18.28751536312324,0.1973055356976979,0.5268911870794,0.25554321267313185,-18.006615715356517,2.5377452161686027,1.259238107828258,2.832989833090391,-67.69407480721367
708,5.88499370000136,213.13300415053618,388.87042289379576,42.05232155878121,76.7262871060507,-18.405464498405898,0.1973055356976979,0.539368257270695,0.26423224397899503,-18.411528221196306,2.0668762704046126,1.1365084938032395,2.3587346340037043,-52.96384448266703
709,5.889730500000951,213.20682357791725,388.8243943587029,42.06688654044553,76.71720542127682,-18.42905432546243,0.1973055356976979,0.5539332389350164,0.2733139287528843,-18.83878391572364,2.470061019443988,1.3399265863097487,2.810089802208529,-63.072653313893994
710,5.901195300000836,213.2868362045379,388.78123286701947,42.0826734746035,76.70868942003871,-19.237837232279986,0.1973055356976979,0.5697201730929891,0.281829929990991,-19.171940132754102,2.09598834603585,1.1145772040487487,2.3739101690045525,-55.154446669569914
711,5.905648600000859,213.3664173030876,388.74991179341504,42.09837526588426,76.70250959883256,-19.834048159346622,0.1973055356976979,0.5854219643737437,0.2880097511971371,-19.549208583191447,2.654498113106239,1.4582030815653126,3.0286492797237443,-65.065003349266
712,5.917275200001313,213.4482823348051,388.70571220128346,42.11452768982219,76.69378877462943,-19.953296448275573,0.1973055356976979,0.6015743883116755,0.29673057540027514,-19.964037273278915,2.2265298650950194,1.2697659051042751,2.5631505406287247,-53.23142401092094
713,5.921227099999669,213.5265069240333,388.65577527932476,42.12996183430459,76.68393594349126,-20.291806750592613,0.1973055356976979,0.617008532794074,0.3065834065384365,-20.302599935124533,2.8106342343756516,1.4879724424688436,3.1802086077789147,-71.6956874507857
714,5.932784500000707,213.58127654179935,388.59865909082725,42.14076818307788,76.67266660332275,-20.503197775899775,0.1973055356976979,0.6278148815673674,0.3178527467069472,-20.661241422571784,2.364358241310417,1.3461246178562503,2.7207060444030193,-61.64582930407818
715,5.936362300000837,213.6592046334967,388.5654057395037,42.156143826956125,76.66610553302613,-20.930650541508083,0.1973055356976979,0.6431905254456112,0.32441381700357397,-21.095516106779986,2.8175396565325768,1.6009791868203234,3.240627111033538,-78.06741981881669
716,5.948644500000228,213.73978666252458,388.52317211358684,42.17204310736108,76.65777260484013,-21.62725559658287,0.1973055356976979,0.659089805850563,0.33274674518956715,-21.518850535809126,2.2597958922973005,1.193253667165632,2.5554905182856738,-68.5135412653932
717,5.952952900001037,213.81960166441044,388.47896807722486,42.18779104906488,76.64905090376574,-22.124669869316577,0.1973055356976979,0.6748377475543634,0.3414684462639599,-22.026325038802455,2.5727682932387532,1.090520102330514,2.794346217683414,-82.4762464109194
718,5.964753700000074,213.88639608260652,388.45178089870075,42.20096995752868,76.64368672294293,-22.408478895738316,0.1973055356976979,0.6880166560181635,0.3468326270867692,-22.473592644479243,1.9428360046337452,0.8117502150427033,2.1055997132700908,-64.42179326812224
719,5.969069500000842,213.94107762782937,388.4416882056322,42.21175892910165,76.6416953787304,-23.040570290866416,0.1973055356976979,0.6988056275911347,0.34882397129929643,-22.908818870692727,1.9127997895046465,0.740906491439671,2.0512789824366804,-62.85645749103557
720,5.980680599999687,214.00862679831476,388.41579619691584,42.2250867543702,76.63658674208033,-23.166988569892034,0.1973055356976979,0.712133452859689,0.35393260794937476,-23.2700181686698,1.6710188496356786,0.7653682598882654,1.8379588050557982,-57.93004955540765
721,5.995190900001035,214.09278246251813,388.3919510633891,42.241691132777845,76.63188196523606,-23.803386727650285,0.1973055356976979,0.7287378312673312,0.3586373847936386,-23.656581758733964,1.594976309958169,0.8104021733544116,1.7890503380020728,-57.164092572625606
722,5.999460300001374,214.14571606240688,388.3455005832301,42.2521352250603,76.62271702836486,-23.930666359201936,0.1973055356976979,0.7391819235497863,0.36780232166483984,-24.054298529481173,1.4093829831270104,1.0233598830706443,1.7417307034689242,-59.009719356360385
723,6.011879900001077,214.19208010813102,388.3027142571357,42.261283107939015,76.61427504937427,-24.34129684605914,0.1973055356976979,0.7483298064285009,0.37624430065542924,-24.477455164880613,1.3137626462299952,1.0101453407901466,1.657216310609234,-61.27011093068029
724,6.016431800000646,214.2283445814761,388.26750443098314,42.26843828927916,76.60732795576342,-25.029154144602455,0.1973055356976979,0.7554849877686465,0.3831913942662766,-24.978496404069872,1.5061260830693344,1.3668255099357527,2.0338701415559712,-75.66481369502922
725,6.02861330000087,214.26969448277137,388.2444197478825,42.27659685370527,76.60277321999784,-25.282771746889242,0.1973055356976979,0.7636435521947575,0.3877461300318572,-25.495114564017104,1.2761847126419543,1.158811741224631,1.7238016337099489,-64.86946715696814
726,6.033102500001405,214.31761435555612,388.1964656547441,42.28605170987563,76.59331161196226,-26.3085929235966,0.1973055356976979,0.7730984083651151,0.39720773806743637,-25.937813196006545,1.4766085571939036,1.433125579781878,2.0577224687997666,-79.76558570858043
727,6.044373300001098,214.39167852175035,388.13325337657665,42.30066497986259,76.58083947955576,-26.51375715893807,0.1973055356976979,0.7877116783520748,0.40967987047393706,-26.3793857593185,1.3394259865885563,1.231298778494502,1.819384141810294,-61.66174823055072
728,6.048323799999707,214.42649095001767,388.0921817523473,42.30753366467081,76.57273582073522,-26.554790006006364,0.1973055356976979,0.7945803631602928,0.41778352929448204,-26.808221512215265,1.987975044787465,1.5376757202861597,2.5132630979376755,-66.1701211616963
729,6.060792399999627,214.48248104438917,388.05950631455164,42.318580820234544,76.56628877597679,-27.23701696116221,0.1973055356976979,0.8056275187240303,0.4242305740529133,-27.052030044630555,1.8534414747306456,1.2445541345094329,2.232523302000728,-51.15700537617857
730,6.065256500000032,214.5710024937633,388.01638719875507,42.336046592224044,76.55778113573574,-27.426950511373068,0.1973055356976979,0.8230932907135298,0.43273821429396264,-27.341981936660492,2.3811852919657372,1.4431900898629193,2.7843923987384565,-55.172415075315676
731,6.076770800000304,214.65465629360685,387.97891979773567,42.35255195001532,76.55038861010641,-27.527635585673053,0.1973055356976979,0.8395986485048041,0.44013073992329055,-27.61312722229304,2.289621913722138,1.2095669261880528,2.5894827006034697,-39.08692061587387
732,6.081474900000103,214.74848005240563,387.9288577570511,42.37106389700629,76.54051109235103,-27.963516619087738,0.1973055356976979,0.8581105954957735,0.45000825767867525,-27.891871049927367,2.4580571826124027,1.335990631973914,2.797662610415073,-51.03640251465235
733,6.093551500000103,214.8268790768221,387.8748001936573,42.38653245851695,76.52984523584709,-27.910516434169114,0.1973055356976979,0.8735791570064393,0.4606741141826092,-28.23152301369641,1.873959582334766,1.0596241836469036,2.15279537504001,-44.91470460249316
734,6.098830900000394,214.87312067862936,387.8440510005628,42.39565618253305,76.52377824983131,-28.630736099333827,0.1973055356976979,0.8827028810225386,0.46674110019839077,-28.650185828325224,2.0447955811858627,1.2773868370340071,2.4109969100488233,-58.347514789042094
735,6.109060400000089,214.92455229490147,387.81688585805085,42.40580392513342,76.51841841683569,-29.12521033021833,0.1973055356976979,0.8928506236229055,0.4721009331940138,-29.00150200941505,1.399547984410821,1.073629068860981,1.763920048690328,-54.69639939863373
736,6.113996100000804,214.981778942866,387.77358791959085,42.41709505956624,76.50987549389323,-29.620949658817104,0.1973055356976979,0.9041417580557294,0.4806438561364672,-29.44923228664864,1.5879119732908933,1.1616817689325292,1.9674778187290418,-63.95403966098914
737,6.124582000000373,215.01982065124383,387.71559088858913,42.42460089921659,76.49843235862257,-29.72009752453686,0.1973055356976979,0.9116475977060787,0.49208699140713463,-29.883253439751606,1.5115637408944445,0.9982334094517656,1.811434481987274,-56.02163578005222
738,6.129435900000317,215.07450090866058,387.6830328539832,42.43538961669829,76.49200847816337,-30.149167820337063,0.1973055356976979,0.9224363151877739,0.4985108718663298,-30.24444670845814,1.8542260405362079,1.2489916699662074,2.2356507779721677,-68.03283384226349
739,6.140382600000521,215.1492023145675,387.66461655089813,42.45012861760813,76.4883748396176,-30.800841864848664,0.1973055356976979,0.9371753160976155,0.5021445104120943,-30.678365049699444,1.6228865077833654,1.0127923482413126,1.9129843067316155,-57.53468737674007
740,6.145133300000452,215.21434067873952,387.62181209670894,42.46298077744556,76.47992928385355,-30.931176673750983,0.1973055356976979,0.9500274759350447,0.5105900661761495,-31.126828405447707,1.853921778549724,1.4184682967930855,2.3343260847593785,-61.408827472433366
741,6.156751100001202,215.2809334973216,387.5894358732983,42.476119909189514,76.47354127574965,-31.790541365023635,0.1973055356976979,0.9631666076789998,0.5169780742800469,-31.570882648862984,1.6175172788457328,1.4999118341990376,2.205923311843552,-51.44401248560284
742,6.160982800000056,215.32091620514095,387.52274806744566,42.484008718774454,76.46038340249139,-31.962414303278166,0.1973055356976979,0.9710554172639405,0.5301359475383123,-31.826353043444474,1.9188743629359926,2.7848747004027175,3.3819529739007517,-46.46458815168999
743,6.172869600000922,215.3836119248204,387.41848303736924,42.49637893133176,76.43981133487763,-32.36943903741344,0.1973055356976979,0.983425629821248,0.5507080151520682,-32.118636697556084,1.5588255331832641,3.0552372307503504,3.429928800874321,-26.95454468335127
744,6.176834900001268,215.44095379297266,387.2826908277017,42.50769279934545,76.41301878020559,-32.078193837756125,0.1973055356976979,0.9947394978349351,0.5775005698241102,-32.177093428378406,1.5229129049401688,5.053995839650954,5.2784597813417555,-12.469753748344967
745,6.188559600001099,215.49473704443457,387.0967194598551,42.51830453258671,76.37632559984819,-32.39259494430904,0.1973055356976979,1.0053512310761974,0.6141937501815136,-32.14015135169131,1.3802632483369082,5.466985946535309,5.638533672358809,2.9823140611692884
746,6.193299000000479,215.5175899007571,386.84345476730755,42.522813527645646,76.32635507401179,-32.08282501913524,0.1973055356976979,1.0098602261351317,0.6641642760179138,-31.9780540740492,1.2171938521262209,6.082586478062764,6.2031781480758585,12.869525625320595
747,6.2050859999999375,215.5863486165467,386.53434239055736,42.5363800028984,76.2653654909263,-31.777703919842676,0.1973055356976979,1.0234267013878835,0.7251538591034006,-31.77897507262234,0.540340249283066,8.805290771798717,8.821854292659731,26.67870993779941
748,6.2209500999997545,215.60446526692965,386.1477076069167,42.539954518307255,76.18908030782072,-31.55895264920291,0.1973055356976979,1.0270012167967408,0.8014390422089832,-31.384797700071346,0.2905870392710035,10.100743165780312,10.104922232677001,32.31318011876761
749,6.225470900000801,215.59229749959374,385.6809698704792,42.5375537504548,76.09699036870258,-31.082798830621833,0.1973055356976979,1.024600448944284,0.8935289813271226,-31.139300848608023,0.14880720501729905,12.964994405902644,12.965848353630854,48.65642409300425
750,6.237032500001078,215.57215808461524,385.11803452084246,42.53358013239383,75.98592010797934,-30.421708081554055,0.1973055356976979,1.020626830883316,1.0045992420503609,-30.777155213666923,-0.07421231262024486,14.104597607432424,14.104792842680565,56.00754242116121
751,6.241651600001205,215.57783490079248,384.5359249510114,42.534700199650736,75.87106666746907,-30.855340761818628,0.1973055356976979,1.021746898140222,1.1194526825606346,-30.24171705347558,-0.35033068850854976,18.54270240676531,18.546011542570845,81.51085948012057
752,6.2527938000002905,215.57986064170203,383.92194510494033,42.53509988954608,75.74992504503243,-29.966975745137166,0.1973055356976979,1.022146588035568,1.2405943049972734,-29.643990383351372,-0.366707032761529,16.615227059805736,16.61927327823866,87.31041853192988
753,6.257454800001142,215.5525693779548,383.2841361785788,42.52971517213256,75.62408181314389,-28.881761848246185,0.1973055356976979,1.016761870622048,1.3664375368858117,-28.933823101084347,-0.4627846596212595,19.611193217318515,19.616652850274445,125.25298870558692
754,6.269037699999899,215.51658701611956,382.65405711593377,42.522615652955,75.4997637261568,-28.094165480000804,0.1973055356976979,1.009662351444483,1.4907556238729,-27.968948458107498,-0.5185697976922603,16.749302656464916,16.757328370385935,118.35930057114591
755,6.2737479000006715,215.49691408801425,382.06710924968655,42.51873407533643,75.38395566298027,-26.87087167021891,0.1973055356976979,1.0057807738259186,1.6065636870494302,-26.927824725801194,-0.32380542541363416,19.85273273367494,19.855373251295372,150.17412107236908
756,6.284762900000715,215.49487976712075,381.4778292533396,42.51833269256276,75.2676874576251,-26.03096754693441,0.1973055356976979,1.0053793910522444,1.7228318924045993,-26.03065466683993,0.0016158003665368154,16.38302062285469,16.383020702535077,133.16513720234016
757,6.289140599999882,215.51728225867473,380.89231497935054,42.52275282815978,75.15216225013704,-24.761357083605635,0.1973055356976979,1.0097995266492674,1.8383570998926615,-25.099432935321115,0.2800403298350856,19.11634555340952,19.11839663527499,150.64647007057158
758,6.300972300001376,215.54557651559642,380.3136015109509,42.528335441678884,75.03797887923898,-24.39591155343988,0.1973055356976979,1.01538214016837,1.9525404707907228,-24.302937124173603,0.620699005540835,16.2131556353118,16.22503260120984,120.39272852473398
759,6.3056728999999905,215.5641399479909,379.7323081536166,42.531998109651866,74.92328648197262,-23.43805682240673,0.1973055356976979,1.0190448081413521,2.0672328680570757,-23.50050563772535,1.2042786565232784,18.795061887096114,18.83360396796987,141.5576618269472
760,6.316889499999888,215.61412229778875,379.1597997556893,42.54185990395416,74.81032740582813,-22.888392614481347,0.1973055356976979,1.028906602443648,2.1801919442015674,-22.7179539107482,1.1800427634371846,15.421059003311653,15.466142431361476,115.26900492628641
761,6.3215747000012925,215.68254516184953,378.6026025268129,42.55536011380164,74.70038930809541,-22.018810114693146,0.1973055356976979,1.0424068122911265,2.2901300419342903,-21.840535362227765,1.487507099525834,17.807443601461934,17.869463477966743,144.52635230117667
762,6.333111500000086,215.7344981373862,378.045982968129,42.565610723470996,74.59056518788947,-20.84859844871988,0.1973055356976979,1.0526574219604825,2.399954162140233,-20.90286903533618,1.4663655863338554,14.887309492951566,14.959351990367432,128.36834911910324
763,6.337903499999811,215.7832949445028,377.52180305404397,42.57523860363948,74.48714158913894,-20.008818810837727,0.1973055356976979,1.0622853021289629,2.503377760890757,-19.879271316832863,1.3686620650663104,17.78335900199968,17.835949462878467,157.71745271417518
764,6.349259000000529,215.8220558833425,376.95785097103055,42.58288635144139,74.37587072129216,-18.749725187948798,0.1973055356976979,1.0699330499308743,2.614648628737541,-18.8582041168822,0.8536961531586412,14.99300420146921,15.017289106466295,139.85608738066622
765,6.353609400001005,215.83067037342352,376.41652573103886,42.584586038021584,74.2690642548289,-17.77040402196476,0.1973055356976979,1.07163273651107,2.7214550952007954,-17.916286819470194,1.0633231691674478,17.542725077544617,17.574921317274825,159.50396980566313
766,6.364943800001129,215.84828496396136,375.8700310909628,42.588061494243746,74.16123783711278,-16.913474114939827,0.1973055356976979,1.0751081927332322,2.8292815129169213,-16.80588187561279,0.7408870492833929,14.984924957282203,15.003229305558683,131.92193468910972
767,6.36979380000048,215.895890058129,375.3226560881704,42.59745424285043,74.0532377189593,-16.13901196165984,0.1973055356976979,1.0845009413399183,2.9372816310704053,-15.93523155090381,1.4300580650680903,18.14579846307988,18.202062188998767,156.7652258162679
768,6.382073800001308,215.92059727039162,374.77535854108555,42.60232911260151,73.94525288324569,-14.45679409155072,0.1973055356976979,1.0893758110909957,3.045266466784014,-15.005692550415139,1.5666675474639857,15.103281339546596,15.18431935997703,130.03641282982065
769,6.38605810000081,216.00378136715847,374.2583385366386,42.61874179537562,73.84324197430185,-14.396473564403895,0.1973055356976979,1.1057884938651057,3.147277375727853,-14.15251546320803,2.258341542385055,17.436243284536225,17.581885177636575,145.58400627020353
770,6.397067200001402,216.06369329711188,373.737283608769,42.63056275080976,73.74043495263062,-13.122709019521405,0.1973055356976979,1.1176094492992448,3.2500843973990783,-13.240205241079108,2.2641999290590578,14.8308813712035,15.002721205350117,126.0668496232542
771,6.401903300000413,216.15597611968812,373.218195413911,42.64877066255386,73.6380159782698,-12.647588678904281,0.1973055356976979,1.135817361043344,3.3525033717598944,-12.390475130247074,3.258067725269962,18.621907727609745,18.90477327867376,151.31382919657256
772,6.413583999999901,216.2723619498439,372.67110311373165,42.67173423112037,73.53007163890683,-11.577460851015232,0.1973055356976979,1.1587809296098541,3.4604477111228675,-11.433478326830667,2.8218975371673225,15.564538960980263,15.818279893153477,126.01985609942594
773,6.417747299999974,216.38559537027348,372.0855843111477,42.694075811797106,73.41454553790194,-10.208143537390548,0.1973055356976979,1.1811225102865919,3.5759738121277564,-10.592782091147386,3.5917385991690076,18.77759215846207,19.118016461816765,147.01791570984602
774,6.428968700000041,216.4958434226465,371.4988588463416,42.715828362830194,73.29878135576088,-9.61148954732186,0.1973055356976979,1.2028750613196806,3.69173799426882,-9.609059347916977,3.210048765870849,16.752243166493287,17.057023895996334,126.05062841199629
775,6.4335803000012675,216.61090696161864,370.90510259000337,42.738531036026366,73.18162995953021,-8.919227841104998,0.1973055356976979,1.225577734515852,3.8088893904994876,-8.742728617630272,3.1461547627578246,16.57484212060878,16.870793731011315,121.63446410050088
776,6.444732600000862,216.7158447213617,370.2804519780673,42.75923583692739,73.05838293591827,-7.7289749627522495,0.1973055356976979,1.2462825354168743,3.932136414111426,-7.9523738485260544,3.0537835104908617,16.106645059528482,16.39358437934118,117.65718529022854
777,6.459935200000473,216.84270706046738,369.63674812635276,42.784266478704495,72.93137660262506,-7.2458071995817,0.1973055356976979,1.2713131771939814,4.0591427474046355,-7.042514564627087,3.213204021193564,16.42964935257948,16.740909710363113,115.51950955427559
778,6.465030999999726,216.96937427488245,368.980544758639,42.809258621299996,72.80190404563166,-6.256369691869465,0.1973055356976979,1.2963053197894823,4.188615304398041,-6.114855451987918,3.773358125487993,17.4462941428563,17.849689377192206,118.19104688335695
779,6.476625600000261,217.130130433955,368.2793998004996,42.84097670138251,72.66356426406423,-5.062193127827019,0.1973055356976979,1.328023399871995,4.326955085965466,-5.222343648991334,3.9643178660557425,17.59480481504075,18.035880145490818,119.35638572100817
780,6.481010400000741,217.30177775619381,367.60187814836706,42.87484366824791,72.52988549154344,-4.280932277909153,0.1973055356976979,1.3618903667373985,4.460633858486261,-4.340048563782642,5.2994042125117655,22.90167918376942,23.50682016870604,157.81928227326875
781,6.4923324000010325,217.4631016045758,366.92511248142773,42.90667375657374,72.39635587908616,-3.266415947769331,0.1973055356976979,1.3937204550632245,4.594163470943542,-3.4716974568971533,4.969295842263665,19.915015474211117,20.525636226582773,134.91454951414377
782,6.496043700000882,217.61963587477675,366.26886051781787,42.93755883461078,72.26687373385344,-2.834331773538241,0.1973055356976979,1.4246055331002694,4.723645616176256,-2.5358433976294306,5.852489999502698,24.139577670795827,24.838897908696826,151.61301951838487
783,6.508497300001181,217.82501776386022,365.6077348438099,42.978081818259,72.13642997857981,-1.9146141574420232,0.1973055356976979,1.4651285167484858,4.854089371449888,-1.6949738553071363,4.9450384650788335,20.193761982500817,20.79041674490929,120.77611666410209
784,6.51254930000141,217.97188707035957,364.92891125001495,43.00705994545541,72.00249432576186,-0.38292283148840467,0.1973055356976979,1.494106643944896,4.9880250242678414,-1.0447540484051774,6.644186965833294,23.274161198160954,24.20396248375315,139.05540766233344
785,6.52458900000056,218.16632687012896,364.2724652392616,43.04542399430986,71.87297389395354,-0.07658456629768094,0.1973055356976979,1.5324706927993432,5.117545456076158,-0.4785003702279106,5.79146446031269,18.321968145165577,19.215503566327037,97.53172266857763
786,6.529137400000764,218.4269843969756,363.645531776124,43.09685316727797,71.74927645116237,-0.015316913259536189,0.1973055356976979,1.5838998657674566,5.241242898867327,0.2860509482932851,7.756541027364865,22.59634980648036,23.89056201277022,109.72001371320215
787,6.540797700001349,218.66681995178297,363.04701069061304,43.144174049898595,71.63118492775926,-0.003063382651907238,0.1973055356976979,1.6312207483880812,5.359334422270436,0.8054588239970359,7.253237175158551,18.294824116282722,19.68019407843383,88.90525068645958
788,6.54500200000075,218.94552121109027,362.3684116082001,43.19916335116584,71.49729357227982,1.9081424351639544,0.1973055356976979,1.6862100496553296,5.493225777749885,1.345550154081634,9.75459468000278,22.711237300954465,24.717451671064392,122.72126592262512
789,6.556757199999993,219.22167083011632,361.68048180830004,43.253649199680495,71.36156121458812,2.2141165470303497,0.1973055356976979,1.7406958981699816,5.628958135441579,2.0084851452572448,8.552696309474719,19.672961985033545,21.451667707352673,99.31240197234077
790,6.560897500001374,219.55098121460915,360.99136373820784,43.31862396150367,71.22559440460961,2.623872084125308,0.1973055356976979,1.8056706599931545,5.764924945420091,2.903254836973813,10.56283714176088,24.539268562314124,26.716085605057142,118.35830602802088
791,6.572501500000726,219.86254541351556,360.2853546674621,43.38009730267312,71.0862949066987,3.299358042618519,0.1973055356976979,1.8671440011626075,5.904224443331003,3.495616368090564,8.955179721174025,20.601560196982064,22.463738032402404,102.48113540175781
792,6.576673100000335,220.16084967125,359.55678941149444,43.43895438404632,70.94254494857927,4.470785075930931,0.1973055356976979,1.9260010825358052,6.047974401450432,4.078699689633739,11.552470276849839,24.738869747054945,27.303319319438973,116.74704724845522
793,6.5887789000007615,220.47014405843748,358.8108434710377,43.499979878798634,70.79536568519592,4.86995009074771,0.1973055356976979,1.9870265772881197,6.195153664833782,4.672801514770011,9.725967769784116,20.620581538730647,22.79918489890195,81.31922618498733
794,6.593093900000895,220.85551971822264,358.10591673934147,43.5760166297974,70.65627973877098,5.1295331547462215,0.1973055356976979,2.063063328286887,6.334239611258724,5.223933166723533,11.671645505976668,24.4026865670622,27.050294277649982,91.34168678284516
795,6.604457800000091,221.23338829137208,357.4004644753627,43.650572191045974,70.51709010191749,5.5943812098066665,0.1973055356976979,2.13761888953546,6.473429248112211,5.666820477338847,9.854879856017053,19.55618381920361,21.898926515859443,70.09281079187166
796,6.608742300000813,221.55967840218872,356.7291444391532,43.714951036153515,70.38463494254857,6.055016302386138,0.1973055356976979,2.201997734643001,6.605884407481128,6.100241994637692,11.389449780692786,21.735274603801294,24.538576332166716,81.1341716971207
797,6.620539999999892,221.86015351778352,356.1176498793195,43.77423643979977,70.26398368084436,6.685221629007501,0.1973055356976979,2.261283138289258,6.726535669185338,6.49582034106621,8.834879564909308,16.878691236525967,19.05112371448022,62.538538848112815
798,6.6250109000011435,222.14824684502204,355.59526940342363,43.8310788480615,70.1609151212097,7.03705767724193,0.1973055356976979,2.318125546550988,6.829604228820003,6.962057439795274,10.261812143685066,18.63821704112987,21.276464061129758,70.87637635661892
799,6.636719600001015,222.435979863111,355.1234801316176,43.887850165333454,70.06782848619959,7.107424886888816,0.1973055356976979,2.37489686382294,6.922690863830113,7.368893040083078,8.245415362793393,13.833681128631783,16.10458344924365,58.11145620492042
800,6.641076600000815,222.73840857051408,354.65873105585365,43.94752102345799,69.97613092084097,7.925566703451982,0.1973055356976979,2.4345677219474737,7.0143884291887275,7.7203389717861475,9.894794310164205,15.212646676827571,18.147494960860325,72.79764314839676
801,6.652975599999991,223.0365690005387,354.243074792772,44.00634972682785,69.89411963918755,8.089194303825163,0.1973055356976979,2.4933964253173357,7.0963997108421495,8.164597045455864,8.36523237205969,11.931051897195351,14.571448521410773,60.384550833090906
802,6.657302600000548,223.32763132484172,353.86759242866174,44.06377793464588,69.82003489019174,8.442451287522847,0.1973055356976979,2.5508246331353632,7.170484459837965,8.627417547518908,8.11834406914451,11.239710719021332,13.865013792719315,60.509879163917944
803,6.668930400001045,223.6261888370698,353.4759694572631,44.12268498453261,69.74276551002839,9.258348045590507,0.1973055356976979,2.6097316830220976,7.247753840001309,9.11831004758972,8.13078989428759,10.285228837198602,13.110899150652898,73.53884310103537
804,6.684479300000021,223.91101040506823,353.121853387265,44.178881856584795,69.67289644913826,9.42152739720404,0.1973055356976979,2.665928555074281,7.317622900891436,9.668322501461304,8.05472912838747,10.056932368158458,12.884896196299248,75.17616678557386
805,6.688699800000904,224.20529547846434,352.77374947962875,44.23694593063905,69.60421362116362,10.380029203806043,0.1973055356976979,2.7239926291285386,7.386305728866077,10.283701731737574,8.24817936808727,9.928254784350495,12.907467061787104,82.98254006074092
806,6.700655800001186,224.48183915892272,352.4252717815283,44.291509529655706,69.53545704226121,10.839256573183084,0.1973055356976979,2.7785562281451917,7.455062307768486,10.82796715298814,8.250136441082294,9.647071086727415,12.693728051634244,83.8238056413841
807,6.704762100000153,224.77818607757249,352.08233112897585,44.34998041719226,69.46779295309683,11.519347438904195,0.1973055356976979,2.8370271156817495,7.5227263969328675,11.427457902033176,10.64996100759784,11.77289954299409,15.875227025551,106.02979189893014
808,6.716901499999949,225.09048157798688,351.75997792384555,44.411598048197504,69.40419088127473,11.97967515184334,0.1973055356976979,2.8986447466869905,7.586328468754971,11.991010989586323,9.061419302384985,9.682779876604343,13.261430764152456,86.67808435687427
809,6.7210398000006535,225.41795654561977,351.44279446875436,44.4762106721139,69.34160882975353,12.418981142429217,0.1973055356976979,2.9632573706033867,7.648910520276175,12.596870563395782,11.388313050675261,11.828517575700563,16.41972905314937,108.60873219789224
810,6.732791100001123,225.76428680486197,351.0959815151378,44.544543549442004,69.2731807141533,13.197794641571782,0.1973055356976979,3.03159024793149,7.717338635876402,13.17325594861666,9.630137418277073,9.648322768253074,13.631935993661754,89.34225651066731
811,6.736792600000626,226.09279747025846,350.76176545935084,44.60936052226046,69.20723803622748,13.868554442230373,0.1973055356976979,3.0964072207499456,7.78328131380222,13.7941911372331,11.902878240845755,11.748329515386803,16.724286436751438,109.69922480080282
812,6.748943800001143,226.42834310535758,350.4182932325135,44.67556553354472,69.13946906451407,14.401274365008575,0.1973055356976979,3.1626122320342063,7.851050285515626,14.397626374419279,9.847730581076423,9.743543924477652,13.853318945497977,88.95361939952656
813,6.752993600000991,226.76577336789214,350.0952349292221,44.74214239225471,69.07572787292156,15.084351094925545,0.1973055356976979,3.2291890907441996,7.914791477108139,14.997840399395574,11.610107315210072,11.365503459533274,16.24713084699441,97.95603916983598
814,6.764629700001024,227.08055772185585,349.7945377972469,44.80425108784278,69.01639866421444,15.43615732836011,0.1973055356976979,3.291297786332265,7.974120685815265,15.494410761763884,9.325565628183874,8.874028054180041,12.873016281817517,72.11675017779453
815,6.7686211000000185,227.37645122855966,349.51268321640157,44.86263251469244,68.9607871951519,16.198864766453273,0.1973055356976979,3.349679213181929,8.029732154877806,15.86984482935473,10.634428917580092,9.579556230583544,14.312895443549348,73.68942256621288
816,6.780405400000745,227.66167109571413,349.27245791347536,44.91890797337298,68.91338941306991,16.351406254071904,0.1973055356976979,3.4059546718624674,8.077129936959793,16.17599106059751,8.096612294803224,6.948027767218116,10.669124636369785,46.10466181623898
817,6.784738399999696,227.9250422551297,349.07250900961884,44.970872561068795,68.87393838748233,16.27844470296282,0.1973055356976979,3.457919259558281,8.116580962547374,16.425242157432002,8.907980792448962,7.575510753304162,11.693608723232815,47.27076015018169
818,6.796879700001227,228.15582874005196,348.91364269429926,45.01640801210817,68.84259318403387,16.61508225113944,0.1973055356976979,3.5034547105976586,8.147926165995827,16.550109466642652,6.492706703652141,5.202113591210024,8.31968906603495,31.02283517090183
819,6.800575999999637,228.3318229381868,348.759347868399,45.05113264165085,68.81214996075424,16.682412812532576,0.1973055356976979,3.5381793401403385,8.17836938927546,16.729400250262124,6.649489762600045,5.476429182294048,8.61434795510401,34.61744592628193
820,6.812490500000422,228.4858335421639,348.6346001506935,45.08151978637168,68.78753654548528,16.823201312506516,0.1973055356976979,3.568566484861165,8.202982804544419,16.88215751587274,4.661418494421209,4.013349355454164,6.15108083421576,26.385468753946828
821,6.816991300000154,228.61265024955463,348.5115629405054,45.10654142475883,68.76326062281838,17.247860172169272,0.1973055356976979,3.593588123248317,8.227258727211321,17.079977645752674,5.1479578026298185,4.679075290700502,6.956666954346831,37.16289883947234
822,6.828706300000704,228.73451098157813,348.4053184084662,45.130585221771234,68.74229798850943,17.042231031015888,0.1973055356976979,3.6176319202607203,8.248221361520265,17.27168217465835,3.9119695257638067,3.531187012055021,5.2699893059294505,31.578263319770926
823,6.833234600000651,228.87641873050194,348.2696721924486,45.158584406192304,68.7155342391927,17.604182900539115,0.1973055356976979,3.64563110468179,8.274985110836994,17.56227070006839,5.41049053163648,4.838898716402428,7.258674023575454,52.053270508500056
824,6.844461000000592,229.05931845826024,348.1276139709637,45.19467153495662,68.68750536570238,17.640935457060948,0.1973055356976979,3.681718233446105,8.303013984327322,17.79333579284571,5.105191180558715,4.377034756994039,6.724686628683031,51.684268679948374
825,6.848560899999939,229.26800725738732,347.9488193862956,45.235846990262495,68.65222820439459,18.27614393955672,0.1973055356976979,3.722893688751981,8.338291145635111,18.265628523315236,6.5895406578670155,5.909963498557584,8.851537416515024,72.71729144504008
826,6.860601899999892,229.51412248085074,347.76058894081217,45.284406886271306,68.61508929551387,18.403185636055877,0.1973055356976979,3.771453584760792,8.375430054515832,18.772641390698205,6.0644212680532,5.486832585762912,8.178174438137505,68.70245836537264
827,6.865262100000109,229.7378941761209,347.53729231576943,45.328558280480564,68.57103163529031,19.40369468336352,0.1973055356976979,3.8156049789700504,8.41948771473939,19.338991473940425,8.00241018288592,7.276080297907674,10.815725275577062,95.95156586129187
828,6.8766095000009955,229.94249585237984,347.31905360872753,45.368927323819484,68.52797193028744,20.139247237453954,0.1973055356976979,3.8559740223089705,8.462547419742265,19.8393833777959,6.877113534923085,6.421698020592253,9.409192103464608,81.8773340702971
829,6.880682200000592,230.2088638617766,347.082853306967,45.42148320660624,68.48136830321663,20.47268587327204,0.1973055356976979,3.908529905095726,8.509151046813074,20.4780960969459,6.915543621605322,6.577919385066469,9.544305475976724,81.23920893745779
830,6.892500300000393,230.47340431993632,346.82334851961286,45.473678503417155,68.4301665721316,20.778103458834096,0.1973055356976979,3.960725201906641,8.560352777898103,21.00784242495559,9.02013504677032,8.419929614665731,12.339288917028373,92.4333868081505
831,6.907044800000222,230.78485498623408,346.5384024375204,45.53512944397444,68.37394513275939,21.596749231805884,0.1973055356976979,4.022176142463927,8.616574217270312,21.573864627569243,9.357802237218744,8.766267418490237,12.822476639221442,92.64885919266784
832,6.910452899999655,231.13026907492767,346.21601387842304,45.60328155578166,68.31033608540388,22.05242632341196,0.1973055356976979,4.090328254271149,8.680183264625825,22.178802466529476,10.460181558539512,10.114077534020396,14.550256444536851,89.89200580689868
833,6.924139100001412,231.49415326726708,345.83267473425417,45.67507792128311,68.23470115020973,22.969358250522237,0.1973055356976979,4.162124619772598,8.75581819981997,22.79707458021996,10.899693054040346,10.582391763652241,15.191784757286095,91.25204907524841
834,6.928600200000801,231.91054850968786,345.42157810739167,45.75723500765092,68.15358951002311,23.497375068073197,0.1973055356976979,4.244281706140406,8.83692984000659,23.435206236844774,13.855950651243408,13.442591462379756,19.305197063851427,112.91633411670713
835,6.940927499999816,232.32378657200204,345.00459496630106,45.838769164906495,68.07131642799332,23.86946402728652,0.1973055356976979,4.325815863395981,8.919202922036376,24.071605761529113,11.364140485825068,11.157918396356513,15.926168149348403,88.13342073969653
836,6.945450200000778,232.75945540154544,344.58817724499323,45.924729036706346,67.98915490641666,24.787407514929964,0.1973055356976979,4.411775735195832,9.001364443613042,24.737519089317544,14.479168184814535,13.630056329304775,19.88528971034032,103.43841046398849
837,6.95670120000068,233.18929927519105,344.175288329803,46.00953961246237,67.9076896378214,25.23442394683365,0.1973055356976979,4.496586310951855,9.082829712208294,25.340409091301012,12.440281682826718,11.33809924767627,16.831907286407894,85.36368692230273
838,6.961113600000317,233.65492598456925,343.77527502434526,46.101410339791386,67.82876479830188,26.298924889464388,0.1973055356976979,4.588457038280872,9.161754551727824,25.877397308982864,15.088912952765739,13.544513285632435,20.276319543763737,99.3903595757744
839,6.972434900000735,234.12669460039035,343.3895585021801,46.194492899261334,67.75266079326862,26.511825077990537,0.1973055356976979,4.68153959775082,9.237858556761083,26.473689605839546,12.708571582883971,11.215995676705306,16.950113589506064,77.40952855194172
840,6.976766699999644,234.562656621289,343.000824378963,46.28051061933859,67.67596139884328,26.554405115695765,0.1973055356976979,4.767557317828079,9.314557951186416,27.001123419214785,15.225169160424173,13.032014862970051,20.040937786246523,93.27081518848712
841,6.9889124000001175,235.00000100834959,342.59922800636184,46.36680108791196,67.59672421141298,27.768868999213375,0.1973055356976979,4.853847786401445,9.393795138616724,27.454569166264832,12.757139408015394,10.791812559231373,16.709512984797712,81.84405200450446
842,6.993423300000359,235.4600184100464,342.22609331750846,46.45756506778401,67.52310267174136,27.871593013709862,0.1973055356976979,4.944611766273496,9.467416678288345,28.054031203858436,15.765320613094708,13.296368046744202,20.623742077231018,99.86154903312764
843,7.004731799999718,235.94609743698425,341.84288502371305,46.5534711505854,67.44749355405025,28.56615362471463,0.1973055356976979,5.040517849074888,9.543025795979446,28.784175686572468,13.442100636645016,11.180203479053988,17.483907439664144,86.04212614504564
844,7.008995199999845,236.44876267101364,341.4270374790728,46.65264978386218,67.36544453148643,29.509135265958555,0.1973055356976979,5.139696482351667,9.625074818543268,29.392807732529338,16.51666119498688,13.759281967502313,21.496928554824287,108.00842610439636
845,7.020623500000511,236.93446010745066,341.007104218401,46.748480576745386,67.28258937453231,30.20512752926593,0.1973055356976979,5.2355272752348725,9.707929975497393,30.005171043576183,14.168032972483239,11.779195657202767,18.42505383004448,91.69256342263662
846,7.02500610000061,237.43373404541734,340.5757582933698,46.8469900885358,67.197482435723,30.812029228997716,0.1973055356976979,5.334036787025283,9.793036914306697,30.65013790744571,17.267622278018727,13.95198384320885,22.199743969187786,104.66816639551143
847,7.036844300000666,237.93640210876646,340.1905399151393,46.94616928005302,67.12147671724564,30.933409568944075,0.1973055356976979,5.433215978542506,9.869042632784058,31.257586480414925,14.252390327621427,11.310978083841864,18.195297614054784,85.3658100489755
848,7.041051899999729,238.44775790634202,339.8162812190192,47.04706260962579,67.04763340471814,31.790987944062252,0.1973055356976979,5.534109308115276,9.94288594531156,31.802235069520485,18.000451657376153,13.503695719797491,22.50257891803544,114.46693768494882
849,7.052839800000584,238.93686394557966,339.45542833698136,47.14356593871055,66.9764351335196,32.54637813080464,0.1973055356976979,5.630612637200038,10.0140842165101,32.34737419896269,15.160359578713095,10.57042010949018,18.481620162934643,95.86270636909275
850,7.056642400000783,239.45686842169766,339.1068075236985,47.246165700436215,66.90765031719947,32.92837047479374,0.1973055356976979,5.733212398925701,10.082869032830232,33.10092442475348,18.176428321274837,12.071524668109967,21.819813343180307,114.28427991516578
851,7.068918200000553,239.97183734468223,338.8110951914715,47.347771919653354,66.849304637077,33.53772487620875,0.1973055356976979,5.83481861814284,10.141214712952703,33.76558771698195,15.170410086393277,9.699355142224135,18.00607765073595,101.11404782673951
852,7.073212700001022,240.4824231423229,338.5079877260905,47.44851332397648,66.78949985624604,34.701160697898004,0.1973055356976979,5.935560022465964,10.201019493783662,34.38150682562296,19.124325688470925,11.76819648601494,22.455072513179807,120.20809665539501
853,7.084826399999656,241.0091594049655,338.17311662146403,47.552441304448585,66.72342793355803,35.1143044052046,0.1973055356976979,6.0394880029380715,10.267091416471672,35.12005502723397,15.739821178266034,9.458110795137836,18.36294721815904,88.7542730421549
854,7.088910600001327,241.58784969621206,337.83396671640116,47.666620102366046,66.65651177985778,35.62597367400967,0.1973055356976979,6.153666800855532,10.33400757017192,35.698851093337424,21.074669742201284,12.662364690676526,24.586117715136442,101.37470358620175
855,7.100785700000415,242.1932614047659,337.44044053163935,47.78607118383992,66.57886688516227,36.62111148284881,0.1973055356976979,6.273117882329409,10.41165246486743,36.18451875382374,18.625901055171312,11.240997651096553,21.755096375538997,79.10862767837406
856,7.104461300001276,242.84436637658212,337.0534389903317,47.91453779909955,66.50250933873873,36.431705206726015,0.1973055356976979,6.401584497589035,10.488010011290967,36.615469424592874,18.803606644667717,11.290316516220724,21.93278071480765,68.81927310625773
857,7.11682170000131,243.54690320913576,336.6262518984618,48.05315220519391,66.4182229607342,37.12949900032958,0.1973055356976979,6.540198903683397,10.572296389295502,37.012115491363886,20.638541325217744,12.334779236644268,24.04363048396542,55.87164352253696
858,7.13133949999974,244.27073230252807,336.18949907080685,48.19596769221926,66.33204921010626,37.2690577590503,0.1973055356976979,6.683014390708749,10.658470139923438,37.1884497096009,21.00179666690481,12.411388348918141,24.395040971182546,50.996351802187846
859,7.135482600000614,245.05042157050508,335.73579792444,48.34980470091521,66.2425314623757,37.60920400786475,0.1973055356976979,6.8368513994046936,10.747987887654006,37.50737622121706,22.05828454274377,13.154962077802388,25.683086734990944,45.397126691113115
860,7.148894199999631,245.8576256868157,335.2653169737858,48.509070541501266,66.1497029663713,37.50278257403389,0.1973055356976979,6.9961172399907525,10.840816383658407,37.72895632334498,22.5607943894747,13.504175202656558,26.29357699873103,44.11110752830136
861,7.152950100000453,246.68468611530744,334.7618477370988,48.6722541423992,66.05036569891945,38.02633776480678,0.1973055356976979,7.159300840888683,10.94015365111025,38.09094629396587,29.037168533668606,17.667429701969183,33.98963413640543,56.48677024801815
862,7.164996299999984,247.52276454640497,334.2389162189427,48.83761165620358,65.94718841559646,38.23739951096917,0.1973055356976979,7.324658354693064,11.043330934433243,38.40005144141037,24.360672055425074,15.124464993684736,28.673886802056728,44.29372720011052
863,7.168968500000119,248.37272986340787,333.7003387959466,49.0053145183993,65.84092410863752,39.079007612154776,0.1973055356976979,7.4923612168887885,11.149595241392177,38.69409109882895,30.136525136049023,18.575551154818907,35.401430027345064,49.03377507964227
864,7.180972300000576,249.20916452151602,333.15938340504135,49.17034770669345,65.73419061544641,39.15472974508721,0.1973055356976979,7.657394405182934,11.256328734583292,38.88630235062517,24.99281584750908,15.359054170956282,29.334985751042566,32.226723923099485
865,7.185125100000732,250.06694719727352,332.65051784833065,49.33959297704599,65.63378862418149,38.97298086112682,0.1973055356976979,7.826639675535475,11.356730725848209,39.0533352992266,30.981809647818224,18.811165079242418,36.245447447812694,35.30442051344025
866,7.197147099999711,250.95136433227736,332.1381162174538,49.514093373648144,65.53268894590896,38.98739402378787,0.1973055356976979,8.00114007213763,11.457830404120742,39.11602960867345,25.375122892679958,15.07912079255484,29.517397339451698,25.491521594282354
867,7.2010668000002624,251.81895680572558,331.6250594498713,49.68527417138913,65.43146000553777,39.072564253976324,0.1973055356976979,8.172320869878618,11.559059344491928,39.276927235211254,31.56035113736021,18.715190662681685,36.692153458934534,32.49178130214016
868,7.213085299999875,252.6830526474763,331.1321636051436,49.85576506433991,65.33420892685061,39.39247915938902,0.1973055356976979,8.342811762829399,11.656310423179093,39.57690766383913,26.40951911167958,15.638996911287123,30.692685188842916,27.74091850230146
869,7.216816199999812,253.5278150112343,330.62025251017263,50.02244135505844,65.23320603402776,39.95921787777625,0.1973055356976979,8.509488053547926,11.757313316001941,39.76723517046314,31.274724920264262,18.152265329691772,36.16093410626623,36.706047865601825
870,7.2282260000010865,254.39525560217382,330.1115984668986,50.193592185539686,65.13284577553478,40.47288300426619,0.1973055356976979,8.680638884029172,11.857673574494925,39.95512550088951,25.257454672949617,14.52621714004388,29.136746574657387,30.066028820020275
871,7.232586300000548,255.25361431558252,329.6480473218028,50.36295111130958,65.04138456852837,39.93903155690793,0.1973055356976979,8.849997809799063,11.949134781501328,40.17331758064665,31.00633729927489,17.517502019906527,35.61257965570361,27.757578426467596
872,7.244775600000139,256.0929140769425,329.1726319476382,50.528549600335666,64.9475824834499,40.01201590610815,0.1973055356976979,9.015596298825152,12.042936866579794,40.26898358448871,24.918731280674034,13.703228921626126,28.43803177994098,18.91251786722292
873,7.248750900000232,256.95786749628644,328.7082580845658,50.69920969809287,64.8559589496324,40.48343955817476,0.1973055356976979,9.186256396582358,12.134560400397305,40.32232271787431,29.989910495115097,16.216983990034777,34.09377217671959,20.77398296209747
874,7.260475799999767,257.8038742227044,328.23282013637584,50.866131508452625,64.76215241057376,40.437547896986516,0.1973055356976979,9.353178206942111,12.228366939455938,40.401917546504556,25.0422324803561,13.535469098355492,28.466161162206934,11.125648937632791
875,7.264638200000263,258.6552379648558,327.7821048754025,51.0341102876714,64.67322379456029,40.73957867119418,0.1973055356976979,9.52115698616089,12.317295555469414,40.50920247902748,30.189732166090728,15.913762557900494,34.12722911414768,12.263894057666816
876,7.276566100001219,259.50780363183895,327.3245697979522,51.20232621331298,64.58294959100347,40.33700570005915,0.1973055356976979,9.689372911802465,12.40756975902623,40.530660075883624,24.4466508026042,12.737365245712962,27.565906639672946,10.788321482719887
877,7.280871700000716,260.365911174073,326.8971443415779,51.3716355816197,64.49861618236271,40.54844056872277,0.1973055356976979,9.858682280109186,12.49190316766699,40.58895611185641,28.956767192893462,14.464067381306466,32.3682500527045,16.89073175882227
878,7.292626100001144,261.2127470195925,326.47021961810935,51.53872098176794,64.41438157109614,40.59072754245549,0.1973055356976979,10.025767680257424,12.576137778933557,40.65995003584784,23.636982528440655,11.523858821020536,26.29650671052377,13.907012093324758
879,7.297079900001336,262.04314647169497,326.09473538548434,51.70256339050809,64.34029645343203,40.729028076850476,0.1973055356976979,10.189610088997576,12.650222896597668,40.826079362638325,26.823703466302472,12.578601635643654,29.62654699347098,17.97910030657001
880,7.308756800000992,262.85732897632215,325.7003653649258,51.86320610573925,64.26248506526262,41.09454829115135,0.1973055356976979,10.350252804228738,12.728034284767077,40.95284587741048,21.891373254137065,9.846840260678222,24.00400979151736,16.562231530800176
881,7.314122200001293,263.6741177055063,325.3511472494346,52.024363043502774,64.19358239791028,41.16765233401152,0.1973055356976979,10.51140974199226,12.796936952119424,41.07173982977898,25.418883945164232,11.278063135731337,27.80853050974233,14.767689467031362
882,7.325023700001111,264.48418799571255,325.0236083455618,52.184194396064704,64.12895715901982,41.18227314258356,0.1973055356976979,10.67124109455419,12.861562191009881,41.142111637830794,20.970042518433438,9.11787465910935,22.866532783177572,7.953610070088458
883,7.329872399999658,265.26694391054923,324.6716430531873,52.3386364711621,64.05951245846089,41.185197304297965,0.1973055356976979,10.825683169651583,12.931006891568813,41.12789071135522,25.272303807061675,10.875863202358394,27.513155764340038,9.392806273456745
884,7.340767800000322,266.0700166172858,324.34952850011325,52.49708716176895,63.99595747401058,41.08088711710959,0.1973055356976979,10.984133860258439,12.99456187601912,41.16308485613824,21.823915802200016,9.532695333361492,23.815028474898106,6.940849413336533
885,7.345124999999825,266.8488716469972,324.0082576743447,52.650759570637014,63.928622850914316,41.02344365877348,0.1973055356976979,11.1378062691265,13.061896499115385,41.241741727087025,20.94614470440983,9.37451032341134,22.948255310193446,6.959211152122547
886,7.356964900000094,267.6166368570618,323.6406371114573,52.80224389669886,63.85608927882033,41.34362305792658,0.1973055356976979,11.289290595188348,13.134430071209373,41.35895198311272,23.079521194419765,10.489751935768492,25.351512661725533,11.614047804440595
887,7.371339000001171,268.3650127909256,323.2663833379229,52.94990261123313,63.78224693754624,41.57555749732751,0.1973055356976979,11.436949309722614,13.20827241248346,41.45305992787255,22.454741239133327,10.408151199834222,24.74964677556117,12.536703185178796
888,7.374928400000499,269.13852492624704,322.9043872773518,53.10252083746139,63.71082311089481,41.77124858442644,0.1973055356976979,11.589567535950877,13.279696239134893,41.526072801004204,23.335556086186003,10.818372456202727,25.721301686591573,11.603059057108268
889,7.388286000001244,269.9115919859563,322.53710145800983,53.25505124780757,63.63835558555537,41.55142684090873,0.1973055356976979,11.742097946297058,13.352163764474334,41.63084261195866,23.02524727817455,10.693082980453482,25.387084035941356,10.185374377278405
890,7.392082700000174,270.67500340420395,322.20026199780324,53.40567654664267,63.57189529541518,41.388508024431744,0.1973055356976979,11.892723245132153,13.418624054614519,41.68165741399329,27.600778770255967,12.639696392630654,30.357287652596582,14.871721941729977
891,7.405205200000637,271.42274865378533,321.83448169818126,53.55321082367673,63.499724817450605,41.86747211269885,0.1973055356976979,12.040257522166215,13.490794532579095,41.71854705897054,21.493186462995318,9.876572005905347,23.65383137931186,13.861993783622465
892,7.409599399999934,272.1610384207705,321.50330578831483,53.69887948165187,63.434381977144234,41.82963150750071,0.1973055356976979,12.185926180141358,13.556137372885466,41.85027984636442,25.530243107946447,11.594468241426583,28.039704116703813,17.5458640747687
893,7.421009600000616,272.8539116437669,321.15152987725446,53.835587204085755,63.36497464256693,41.95569680931264,0.1973055356976979,12.322633902575241,13.625544707462772,42.02477154544476,20.132693547680095,9.143887473646537,22.111897874572183,17.519250773747203
894,7.425526099999843,273.5773618831097,320.8307215196066,53.97832794110992,63.30167737770491,42.21009077787816,0.1973055356976979,12.465374639599403,13.688841972324788,42.14338753662802,25.19783553812597,11.069756234578026,27.52218048955103,20.757423996565304
895,7.43690240000069,274.30875392292586,320.5279089565618,54.12263563933088,63.24193078273737,42.260966519833445,0.1973055356976979,12.609682337820367,13.74858856729233,42.29413343994279,20.892240030417554,8.999164431386081,22.74798131596969,14.776480285511038
896,7.440901199999644,275.04989050709867,320.22128693152325,54.26886599009626,63.18143255983043,42.46055206861513,0.1973055356976979,12.755912688585745,13.809086790199274,42.370118802246374,25.274070312948794,10.509380037078332,27.371987486253534,14.405420336275345
897,7.4532937000003585,275.7798676463059,319.937562028291,54.41289452059461,63.1254520658074,42.58336102407459,0.1973055356976979,12.899941219084099,13.865067284222299,42.371036699902405,21.112385931718833,8.49190881678508,22.75621574608642,8.706389534984195
898,7.457360200000039,276.4783531420452,319.6565630534595,54.55070957550853,63.07000941254777,42.335623620830546,0.1973055356976979,13.037756273998014,13.920509937481931,42.42567950794924,23.86079150077116,8.837621572956145,25.444860504825982,21.77255416707299
899,7.469434300001012,277.13900509459336,319.4162312174664,54.681059862915774,63.02259061090195,42.214680266158304,0.1973055356976979,13.16810656140526,13.96792873912775,42.39872598948048,18.71781500796837,6.462226830580351,19.801943699606827,18.498355785763763
900,7.474223700000948,277.7804940714999,319.24678851725724,54.807629189148486,62.98915862816711,42.534180560067604,0.1973055356976979,13.294675887637972,14.00136072186259,42.77508516371641,21.947571548434645,7.413079789204853,23.165699834772433,17.339862978818047
901,7.485411499999827,278.3959291819375,319.06238377482214,54.92905794330055,62.95277455167576,42.32578447627134,0.1973055356976979,13.416104641790035,14.037744798353941,42.804520816922974,17.282033509445885,5.377324106729317,18.09928995210648,12.736838282494883
902,7.489900500000658,279.02776189753513,318.85144189097116,55.05372203572287,62.91115455028146,44.46515689525427,0.1973055356976979,13.540768734212357,14.079364799748241,42.778850940728354,20.56545499901261,6.395983348300287,21.537096886724246,16.80379044052711
903,7.500908100000743,279.6170478962588,318.6586765127819,55.16999142538019,62.873120874073855,42.482801886863356,0.1973055356976979,13.657038123869675,14.117398475955845,42.67342216568474,17.111501222285245,5.7161066033878125,18.040990792679963,-4.466545728050724
904,7.505092600000353,280.1941865956467,318.4673653562228,55.283864085634804,62.83537412384401,42.08633088518518,0.1973055356976979,13.77091078412429,14.155145226185688,42.749171737824454,19.72167377063061,7.061749931786666,20.947857370487043,-3.5377026631345454
905,7.5172376000009535,280.757851458482,318.24693777460254,55.39507828335048,62.79188254176989,42.00703668484954,0.1973055356976979,13.882124981839965,14.198636808259813,42.41190527041646,16.092072752017746,5.991766057730001,17.17137344381041,-1.856521538437656
906,7.521751899999799,281.30478116296035,318.0185902175764,55.50299054168157,62.74682830470558,42.70453233696991,0.1973055356976979,13.990037240171056,14.24369104532412,42.444747997442676,19.02146062230919,7.06723578728635,20.291914298043938,22.01513892270072
907,7.533149000000776,281.8606420070487,317.7920621051753,55.612664963297796,62.7021330541377,42.778824558214296,0.1973055356976979,14.099711661787282,14.288386295892003,42.47537782214479,15.645032179401266,5.934952502518533,16.732922431591323,19.691264637865658
908,7.5375958000004175,282.42880643682076,317.5929969105712,55.72476695047835,62.66285638927756,42.647015521994426,0.1973055356976979,14.211813648967834,14.327662960752143,42.963549685522715,20.053081879556277,7.561997876299841,21.431516622706653,26.59104094265753
909,7.548472100001163,282.99828437287704,317.4078241177795,55.837128099719955,62.626320772199165,42.239480008695764,0.1973055356976979,14.324174798209441,14.364198577830535,43.034061255463925,17.044138461521904,6.243968826234901,18.15185397138605,24.67024713784162
910,7.552505999999994,283.63611436714507,317.16828598549955,55.96297548842307,62.57905857268964,44.44789600173915,0.1973055356976979,14.450022186912555,14.41146077734006,43.061204951288104,21.061176883526663,7.603951931014866,22.391812268960784,34.39683391053708
911,7.565058600001066,284.1997771879777,316.9526015867069,56.07418928324032,62.53650284684422,43.05709018667596,0.1973055356976979,14.561235981729808,14.454016503185478,43.03197365627325,17.883783142499883,6.3951857096016305,18.992843382396853,6.4863353596978115
912,7.568766399999731,284.7580589210179,316.7511203673798,56.18434135964806,62.49674948693187,42.91454303733519,0.1973055356976979,14.671388058137545,14.493769863097832,43.22225959941872,17.356675348041836,6.2500143264692305,18.44767893851131,4.366237012999935
913,7.580867399999988,285.3298269250787,316.58008355864183,56.29715435198408,62.46300297775979,42.50085904692017,0.1973055356976979,14.784201050473563,14.527516372269908,42.8619885409775,16.65065121385753,5.351859919364465,17.4896137876751,-0.46682876596173406
914,7.594947200001116,285.87896552033214,316.3921674961058,56.40550243669284,62.425926098374916,43.1909097244231,0.1973055356976979,14.892549135182328,14.564593251654784,42.80401575018769,16.614836264940408,5.07584325096261,17.372880268370054,1.2901903074011145
915,7.598993200001132,286.4463191388721,316.24399982080377,56.5174444463289,62.396691795826364,42.64654070953306,0.1973055356976979,15.004491144818388,14.593827554203337,42.73346794495942,16.93772006945069,4.385272308357263,17.496198854880387,-15.246979779896169
916,7.612361499999679,287.03447712358525,316.10780629065016,56.6334912725776,62.36982005840085,42.76722623272693,0.1973055356976979,15.120537971067087,14.620699291628853,42.81977891614033,16.91143071673315,4.273557589186256,17.44304398191316,-8.07647664245738
917,7.616162300000724,287.6378612242557,315.9677856180727,56.752542295791855,62.3421932045892,42.56180401119383,0.1973055356976979,15.239588994281341,14.6483261454405,42.700565280298385,21.08610478768277,5.017721401672478,21.67490122657864,-7.172867162921156
918,7.629132899999604,288.2420763900483,315.8211776667252,56.871757292755234,62.31326664421104,42.932413902824706,0.1973055356976979,15.35880399124472,14.67725270581866,42.77943312441905,17.609020082480306,4.180349695840121,18.098422910428006,-2.644453440136993
919,7.633356899999853,288.85368621176985,315.68514518572425,56.99243129626799,62.286426682674865,42.594841545213384,0.1973055356976979,15.479477994757474,14.704092667354836,42.78112527234475,21.196368397440924,5.379095439067832,21.868257840592438,-3.408788183913401
920,7.644746800000576,289.44723197774715,315.50973386723183,57.109541161585234,62.25181705851227,43.04087993013643,0.1973055356976979,15.59658786007472,14.738702291517427,42.8404169490002,17.084161142162696,4.562712175793775,17.68295519223296,3.4580848627732084
921,7.649247600000308,290.0544120593782,315.327155756847,57.22934115285642,62.21579338663612,42.77568697235541,0.1973055356976979,15.716387851345907,14.774725963393578,42.85227528433129,20.445024247572555,5.719775140043528,21.23004578743272,-0.4270607403187827
922,7.660767500001384,290.6827390622078,315.1410922229031,57.353313548743046,62.17908202139752,42.85826239447108,0.1973055356976979,15.840360247232532,14.81143732863218,42.88647739573345,17.174760415855783,5.071494856919769,17.90788807832488,-2.0172591598901906
923,7.665566200001194,291.3149795043215,314.9461464688117,57.47805808786404,62.14061814495452,42.991705579480154,0.1973055356976979,15.965104786353528,14.849901205075177,42.822437691060756,20.685509832726407,6.353404157612906,21.639225065371306,-5.048392153746711
924,7.676495499999874,291.99173163145144,314.77372228614826,57.61158502884197,62.10659789922687,42.76585210222416,0.1973055356976979,16.09863172733146,14.88392145080283,42.739917225712155,17.3744013542127,5.480506563787548,18.21828132983423,-7.750588282081781
925,7.68088010000065,292.6103062599136,314.56376138208395,57.733633227279704,62.065171450574894,42.720681406772954,0.1973055356976979,16.22067992576919,14.925347899454806,42.69629032990806,20.204982278794198,6.674199851054058,21.27877469541415,-13.182397445323177
926,7.692735800001174,293.2149087182987,314.3450800549937,57.85292463921552,62.02202441418626,42.3630846456124,0.1973055356976979,16.33997133770501,14.968494935843438,42.56734461383318,17.122592946399738,5.865151209166715,18.099259319499453,-12.172411484069208
927,7.697583900000609,293.8270960150239,314.12012163728355,57.973712581743214,61.977638873070255,42.640127915450606,0.1973055356976979,16.4607592802327,15.012880476959445,42.45006865421195,20.369266109800037,7.37706747965111,21.663982238987696,-16.601723311251757
928,7.708815300000424,294.4295523240685,313.8941203751412,58.0925805465337,61.93304757297491,42.34697699910575,0.1973055356976979,16.57962724502319,15.057471777054793,42.35690093787364,16.72145019869402,6.188727468430024,17.829953573296386,-18.298432336227474
929,7.71289170000091,295.01735359615384,313.6736262241564,58.2085569914063,61.889542856396645,42.17947230411803,0.1973055356976979,16.695603689895783,15.100976493633055,42.235844298902855,19.14288357317922,7.067334865613554,20.40581323052359,-25.37155945893027
930,7.724733099999867,295.59329713927286,313.463183472543,58.32219384071303,61.84802133655586,42.25484282508142,0.1973055356976979,16.809240539202513,15.14249801347384,42.01756497794464,15.986492265467058,5.902074514555016,17.041197684705082,-23.25480673444269
931,7.729440900000554,296.12226227309947,313.27152706930764,58.42656158980809,61.810206467245614,41.75780145075847,0.1973055356976979,16.913608288297574,15.180312882784087,41.79986736570612,18.52745858900974,6.876617314539608,19.76245398370599,-27.523921514138742
932,7.741036100000201,296.6589606488413,313.07589263158474,58.53245515034191,61.77160670970978,41.54873131065951,0.1973055356976979,17.019501848831396,15.218912640319921,41.64209932763342,14.93725305808916,5.392681581000023,15.880886107376089,-23.957242375413454
933,7.745556100000613,297.19246538193687,312.8733127575056,58.63771858750259,61.73163657913302,41.25848893791316,0.1973055356976979,17.124765285992076,15.258882770896683,41.50812262431575,18.01097960258121,6.571019406268873,19.17221119960237,-26.55244058947221
934,7.756236600000193,297.76083149441,312.697240542892,58.74986036779652,61.69689655650721,41.390632113754506,0.1973055356976979,17.236907066286008,15.293622793522488,41.38141395357409,15.436793718412494,5.558481501376659,16.407050829017564,-17.764917460637623
935,7.760776600000099,298.3352808106142,312.48098890769563,58.86320239786137,61.654228911779285,41.58495930849309,0.1973055356976979,17.350249096350858,15.336290438250415,41.23881452899607,18.743182360340338,6.533097139475019,19.84913709023115,-21.936405580357462
936,7.773153500000262,298.9185522583176,312.29470096227544,58.97828508330766,61.61747326891413,41.12425809705018,0.1973055356976979,17.465331781797147,15.373046081115568,41.21029464408048,15.631911122802617,5.357967889346084,16.524662334052817,-20.7817903722196
937,7.777136900000187,299.43669220276297,312.1291104212329,59.080516962612826,61.584801338507255,40.83573418776942,0.1973055356976979,17.567563661102312,15.405718011522445,41.07301168760517,16.837329617918126,6.025834386370365,17.88313028287795,-24.258040745862445
938,7.788561400000617,299.88439582901105,311.95729591585507,59.16885136642351,61.55090138548305,41.11588951333514,0.1973055356976979,17.655898064912996,15.439617964546649,40.800334149044474,12.740577128580089,4.512962161663303,13.516254401345913,-20.92419043482583
939,7.792657199999667,300.22746950168636,311.82045496040905,59.23654170119448,61.52390190746339,40.70421733137796,0.1973055356976979,17.72358839968397,15.46661744256631,40.68055328000421,11.458258576354302,4.226578237858449,12.212929755113452,-23.92145590540066
940,7.804681400000845,300.50057770257,311.70869955553195,59.29042746107327,61.501851947437,40.221571615689655,0.1973055356976979,17.777474159562757,15.488667402592704,40.50331280443835,8.740431831865639,3.488079937426541,9.410730591052305,-28.344976473698978
941,7.819504799999777,300.71744484068154,311.5931676256994,59.33321654793359,61.479056858131194,40.52535375184887,0.1973055356976979,17.820263246423075,15.511462491898506,40.24700716537986,7.805494670797594,3.184885787815796,8.430257679174503,-26.824673487449616
942,7.823212000001149,300.9443300822407,311.5084374752725,59.37798226206132,61.46233913041147,39.94953180994009,0.1973055356976979,17.86502896055081,15.528180219618228,40.03724872311504,6.335959592459412,2.7914198633003404,6.923612410476639,-36.411559975916845
943,7.836708500000896,301.15346380718125,311.4091604552439,59.419245503693176,61.44275122479226,39.83436131804271,0.1973055356976979,17.906292202182662,15.54776812523744,39.817710975091764,6.336821459088759,2.6617065033054694,6.873135217213933,-35.39512284748721
944,7.841302300001189,301.3671775973031,311.3014859756274,59.46141241753915,61.42150645391055,39.655425120053856,0.1973055356976979,17.948459116028637,15.569012896119148,39.463164997752735,8.381271940160744,3.284484839048463,9.001864250968522,-40.821645257026944
945,7.852718000000095,301.6267141380953,311.23291086158264,59.51262041375328,61.40797620429842,39.12388287557327,0.1973055356976979,17.99966711224277,15.582543145731279,39.352910709511484,7.111515681190544,2.862968520974941,7.666175319930561,-32.879493788866505
946,7.857341099999758,301.9338696966332,311.12391680230974,59.57322390577313,61.38647107304572,38.75262386515372,0.1973055356976979,18.06027060426262,15.604048276983981,39.147537708308555,9.55293763812983,3.8458727956119283,10.298026756521146,-31.3691196019426
947,7.868793900001037,302.2662738206427,310.98449329969856,59.63880907952895,61.35896204417417,39.39826036873387,0.1973055356976979,18.125855778018433,15.63155730585553,38.95432199478672,8.93900575527619,3.4453301191535894,9.579985570073044,-16.06374888612335
948,7.8732283000008465,302.60933884090286,310.84142209201445,59.706497707130524,61.33073330289914,38.80749631202803,0.1973055356976979,18.19354440562001,15.65978604713056,38.91567885208235,11.63107292822969,4.657820005237941,12.529052025711776,-9.929293730987915
949,7.885076000000481,302.97619487868275,310.6839807061091,59.778880434188615,61.29966924591209,38.68934655244467,0.1973055356976979,18.2659271326781,15.690850104117608,38.90794961318991,10.23854703444882,4.167131483332334,11.05408658261732,4.480768167502956
950,7.889123400000244,303.3443294813894,310.535306394789,59.851515429184516,61.2703349812726,38.930667162051435,0.1973055356976979,18.338562127674003,15.720184368757103,38.99300227615361,12.480512014363672,5.237340443460248,13.534877726133338,31.078432964601685
951,7.900983100000303,303.71376791722236,310.40317474322853,59.924407677673855,61.24426467497884,38.71397767069154,0.1973055356976979,18.41145437616334,15.746254675050864,39.32065123648073,10.734421280545773,4.524494301389577,11.648984887600323,42.39515824126451
952,7.9054561000011745,304.097722985165,310.2274111174478,60.000164138038116,61.209585538637995,39.823523683552374,0.1973055356976979,18.487210836527602,15.780933811391705,39.840045774639904,12.644180842686998,5.542138127005934,13.805455595574735,74.05765861732195
953,7.917082500000106,304.4827437345725,310.0623230552409,60.076130863254704,61.177012750086966,40.4457411136636,0.1973055356976979,18.56317756174419,15.813506599942734,40.396592528951416,10.233316880459434,4.702520099590486,11.262081053826087,79.54215381742746
954,7.921696299999894,304.8488963828619,309.8820282125407,60.14837480767257,61.141439579564484,41.28631924324054,0.1973055356976979,18.635421506162054,15.849079770465217,41.124004785087166,12.288543136971843,5.778283268225258,13.579280170799544,98.40684240762882
955,7.93300150000141,305.186482518567,309.70729294180705,60.21498242102198,61.10696334336709,41.713400933609044,0.1973055356976979,18.702029119511465,15.883556006662609,41.67159050779869,10.089512091819087,4.858686436056005,11.198441326134551,82.53751304227445
956,7.937246600000435,305.5398152097199,309.5442701348658,60.28469691692941,61.074798041112615,42.35103895137025,0.1973055356976979,18.7717436154189,15.915721308917085,42.18928270116912,12.187677113139515,5.733903382535697,13.469117321279782,87.47624062791155
957,7.948916000001191,305.8912022765511,309.35767092727116,60.35402753038778,61.03798098449738,42.561452297109994,0.1973055356976979,18.841074228877268,15.95253836553232,42.61837900117133,10.56249877027895,4.866046792574958,11.62947942341674,59.190011473378966
958,7.95369650000066,306.30369503935265,309.1837628245912,60.43541463592376,61.003667953135945,43.03420208051575,0.1973055356976979,18.92246133441325,15.986851396893755,42.965265766054586,13.491368749392457,6.14560306558146,14.825163330357194,56.4322574060098
959,7.9654035000003205,306.7506216358147,308.9837535113236,60.52359572745626,60.96420500843715,43.431800743251586,0.1973055356976979,19.010642425945747,16.026314341592553,43.15525835340623,12.033363623919493,5.385154629109687,13.183388429568872,33.65639032809325
960,7.969960700000229,307.2249478894224,308.7655459217762,60.61718292301981,60.9211514430882,43.447834758025316,0.1973055356976979,19.104229621509297,16.0693679069415,43.31315555251719,15.755086283432028,6.973075884075243,17.22923477939342,37.54968692781601
961,7.981382699999813,307.75361703827355,308.54702307712375,60.72149227264073,60.87803567616186,43.3010018881285,0.1973055356976979,19.208538971130217,16.112483673867843,43.405344733550315,14.59627719917914,6.348724281359615,15.9172110646307,24.557293359373265
962,7.985889400000815,308.31436556327935,308.29360849144894,60.8321310607587,60.82803557558168,43.350938292664765,0.1973055356976979,19.319177759248184,16.16248377444802,43.65879050432726,18.25167438481248,8.166333141814263,19.995314822035535,33.95756159170113
963,7.997103700001389,308.95269112226515,308.0630795520615,60.95807622712392,60.78255093970201,43.49514798568139,0.1973055356976979,19.445122925613404,16.207968410327688,43.74402921902952,16.206959812196473,7.151380172182544,17.71462064852751,32.52752914973885
964,8.001765400000295,309.56248308330066,307.76871483430443,61.07839155666018,60.72447115137446,44.69902959713628,0.1973055356976979,19.565438255149665,16.26604819865524,44.03878997466529,20.429372153718518,9.122290514754589,22.373543099623518,44.581145475140985
965,8.013431999999739,310.1722598699463,307.51016424324405,61.198703892205316,60.673457688500335,43.874028331536636,0.1973055356976979,19.685750590694802,16.317061661529365,44.35959454278462,17.89929921813321,8.155019464402718,19.66950062825824,29.402145314247733
966,8.017809700000726,310.8433045304748,307.20776414430713,61.33110471842798,60.61379247498455,44.77480566630733,0.1973055356976979,19.818151416917466,16.37672687504515,44.658763390978805,21.325506063817564,9.557281403696036,23.369185623537543,34.92284943241432
967,8.028893500000777,311.51176759990386,306.856201289983,61.4629961824358,60.54442717768072,44.95496113326146,0.1973055356976979,19.950042880925288,16.446092172348983,44.440884147922326,18.6370976133733,7.894079708043317,20.24000745768998,22.88973992493573
968,8.03371049999987,312.20419006892126,306.58600619407775,61.599614968614404,60.491116189540236,44.990992226652295,0.1973055356976979,20.08666166710389,16.499403160489464,44.61046381688915,18.23968698466748,7.642775096678383,19.776202680925767,15.064206457293604
969,8.044776900000215,312.89784164564827,306.3536396100429,61.73647626454808,60.445268976198996,43.6096333818539,0.1973055356976979,20.223522963037567,16.545250373830704,44.64437975068252,17.658356146089286,7.458520491908431,19.16890893374861,-8.843849356503142
970,8.060278099999778,313.55192928348237,306.10882616227633,61.86553137632418,60.39696592774141,44.72192667637078,0.1973055356976979,20.352578074813664,16.593553422288288,44.46410116986306,17.38984600014283,6.943215523583145,18.724715904803723,-4.308321824468317
971,8.0647912000004,314.1772431851284,305.81814587162376,61.98890927066767,60.33961309727744,44.944385335274156,0.1973055356976979,20.475955969157155,16.650906252752257,44.23302592244918,16.807341481754328,6.71958349655162,18.100815728895444,-21.81725180904188
972,8.07686939999985,314.82349323036414,305.5927658380231,62.11641798203757,60.295144369012306,44.053568229164206,0.1973055356976979,20.603464680527054,16.695374981017395,44.269504354411715,16.647612364702923,6.781324679580447,17.975799338424327,-27.849407816519335
973,8.081732900000134,315.4508073896223,305.34752465042374,62.24019053828075,60.24675692511787,43.83561598958284,0.1973055356976979,20.727237236770236,16.74376242491183,44.014947623812034,20.435443211688167,8.114934977956446,21.98771268128163,-29.58399525284818
974,8.092753599999924,316.0969852946712,305.0988745708091,62.367685015992436,60.19769688795822,43.79202554166657,0.1973055356976979,20.85473171448192,16.792822462071477,43.71633058921553,17.230921471099414,6.524837860401488,18.4249332114861,-16.204242529617833
975,8.097492400000192,316.7518159037459,304.863883376589,62.49688672010718,60.15133182449839,43.44914302337238,0.1973055356976979,20.983933418596664,16.839187525531308,43.620119145186855,20.14945214664596,7.690595040348637,21.567236120667165,-8.068011251222103
976,8.108690000000934,317.39397814585834,304.59387764346366,62.623588885292,60.098058198682644,43.451300162291666,0.1973055356976979,21.110635583781487,16.892461151347057,43.79589638763112,17.253280674032123,6.758262358926382,18.529700594694223,8.031264056566798
977,8.113957000001392,318.0653371878318,304.3399977311784,62.75605174071407,60.04796628658632,43.572511009020836,0.1973055356976979,21.243098439203557,16.942553063443377,44.02607136736998,20.211555507895856,8.41138540044073,21.89197068341502,14.042431006288455
978,8.124891999999818,318.6732251660986,304.04695927166176,62.875991403910184,59.99014817635136,44.714502201804166,0.1973055356976979,21.36303810239967,17.00037117367834,44.333958780309935,16.940191863800774,7.453717804882305,18.50751224495614,22.005990709437352
979,8.129509000000326,319.2900561694543,303.7493725693803,62.99769557546224,59.9314326726412,44.94290044036083,0.1973055356976979,21.484742273951724,17.0590866773885,44.34762427559325,19.94861121830936,8.629700597615496,21.735197766382143,20.787590749740477
980,8.141104399999676,319.93109558533234,303.45577575953257,63.12417620081539,59.87350439679506,44.98858008807217,0.1973055356976979,21.611222899304877,17.117014953234637,44.573907179337404,17.235164869297307,7.88019776893249,18.951211701349038,12.212728861834487
981,8.145815800000491,320.5604716502393,303.20176590033236,63.24835558245717,59.82338684545307,43.51962763870819,0.1973055356976979,21.73540228094666,17.167132504576628,44.61916376008623,20.58987614278712,9.54713505534476,22.69561163177382,6.658071878080085
982,8.15676010000061,321.2029307177356,302.88209888475103,63.37511631293337,59.76031477369891,44.70392552774164,0.1973055356976979,21.862163011422858,17.23020457633079,44.628215076235996,17.62620938322968,8.075882694605248,19.38822164404148,11.107664604849237
983,8.161488400000962,321.8677492809964,302.55565350536745,63.50628869569932,59.69590529324359,44.94078510554833,0.1973055356976979,21.993335394188804,17.29461405678611,44.63002533946595,21.699342046270537,9.810741132666724,23.8141152851254,9.861775976637364
984,8.17323000000033,322.5545914340186,302.2366230321036,63.64180645464112,59.632958814812376,44.988157021109664,0.1973055356976979,22.128853153130606,17.357560535217324,44.92600506789319,18.83214264629166,8.885717002256438,20.82319772019817,8.152582975517097
985,8.177685700000438,323.26083261192264,301.92791491329933,63.78115174857925,59.572048994057475,44.997631404221934,0.1973055356976979,22.268198447068734,17.418470355972225,44.98520101357864,23.36993497786191,10.48986939368826,25.616229636036042,8.099694459689214
986,8.188856900000246,323.94145937368376,301.5875008840866,63.91544317641871,59.504883421664644,44.999526280844385,0.1973055356976979,22.4024898749082,17.485635928365056,44.99704020271573,20.270003267416662,8.865382359964315,22.123924535431062,8.031411974290561
987,8.19306570000117,324.6725138912725,301.29347403693964,64.05968427963579,59.44687029707881,44.99990525616888,0.1973055356976979,22.546730978125275,17.54364905295089,44.99940804054315,25.76641981250137,10.602028845477534,27.862365398407952,2.994808349361104
988,8.204492200000459,325.3814997496736,300.9749722079654,64.1995711142297,59.38402812309235,44.999981051233775,0.1973055356976979,22.686617812719184,17.60649122693735,44.99988160810864,21.93155528954513,8.935839809918992,23.68211034783235,0.3380208011376384
989,8.208316399999603,326.13786303556293,300.70276557396403,64.34880577753417,59.330320247350244,44.999996210246756,0.1973055356976979,22.835852476023653,17.660199102679456,44.99997632162173,28.358515955045196,10.982949283955213,30.41102764042158,0.1262683850756909
990,8.220905800000764,326.9098701168009,300.3620927606785,64.50112704826024,59.2631036154273,44.999999242049356,0.1973055356976979,22.98817374674973,17.727415734602403,44.999995264324355,24.206806197903006,9.349542967296657,25.949632367341195,0.013763156461395832
991,8.224571300001116,327.7301912230479,300.0602421232751,64.66298094357244,59.20354681371373,44.99999984840987,0.1973055356976979,23.15002764206192,17.78697253631597,44.99999905286487,29.474042178383147,12.05821282671475,31.845245467847423,0.005482272143140982
992,8.236051100000623,328.5164024810549,299.7334443198813,64.81810477700508,59.139067798050284,44.99999996968197,0.1973055356976979,23.30515147549456,17.851451551979416,44.99999981057297,24.153278045745136,10.263095956288456,26.243322559520898,0.0005293906074913971
993,8.239815900000394,329.25252133559576,299.37008288172814,64.96334510193743,59.06737457484359,44.9999999939364,0.1973055356976979,23.45039180042692,17.92314477518611,44.9999999621146,29.37759190516112,12.67430464346514,31.995013741855935,0.00022877844935639236
994,8.252061200000753,330.0233354120239,299.05551052756095,65.11543098621041,59.00530770798895,44.99999999878728,0.1973055356976979,23.6024776846999,17.985211642040753,44.99999999242292,22.678862237078167,10.501420269578379,24.99221118762167,2.208523137938805e-05
995,8.25586370000019,330.75993083786926,298.7202680127496,65.2607653412993,58.93916250401546,44.999999999757456,0.1973055356976979,23.74781203978879,18.051356846014244,44.99999999848459,21.77230757554738,10.092373568050924,23.99769533520523,8.887746799945866e-06
996,8.267855699999927,331.4079773994087,298.3930644397108,65.3886285152809,58.874603427754835,44.99999999995149,0.1973055356976979,23.875675213770386,18.115915922274866,44.999999999696925,20.977511003373163,9.124373133398208,22.875973268346883,8.400663663786805e-07
997,8.282845600000655,332.09021456469594,298.1217264981113,65.52323768465077,58.82106694983243,44.9999999999903,0.1973055356976979,24.010284383140252,18.169452400197272,44.999999999939384,20.097188246086578,8.845778878996207,21.95779541244375,3.451949379205407e-07
998,8.28635100000065,332.70501061138884,297.8693903647622,65.64454034798834,58.771279633866094,44.99999999999806,0.1973055356976979,24.131587046477826,18.219239716163607,44.999999999987885,17.822693551099388,8.40464519559077,19.704985822886723,2.647583157296364e-08
999,8.299437200001194,333.2368224160308,297.6256041219523,65.74946976099358,58.72317925863276,44.999999999999616,0.1973055356976979,24.236516459483063,18.26734009139694,44.999999999997584,17.469471411122903,8.092365687432002,19.25276119945311,6.26293757576671e-09
1000,8.303085999999894,333.73333127539445,297.3447021169138,65.84743370746898,58.66775573805009,44.99999999999992,0.1973055356976979,24.334480405958466,18.32276361197961,44.999999999999524,20.322770682264043,9.22060933844466,22.31668982569108,-7.992524964468227
1001,8.315521900000022,334.2940505922861,297.10379943059564,65.95806673266434,58.620224304475066,44.999999999999986,0.1973055356976979,24.44511343115382,18.370295045554634,44.99999999999991,15.022484073980378,6.975200153291629,16.56286342790623,-13.191694988007583
1002,8.319546000000628,334.76816902014184,296.9159034709302,66.05161292305657,58.583151391497836,45.0,0.1973055356976979,24.538659621546053,18.407367958531864,44.83918640136717,18.149318069505277,8.092083440833582,19.871576706479125,-16.497300582975043
1003,8.33146620000116,335.25771608316046,296.73610935161923,66.14820326857469,58.547677016471894,45.0,0.1973055356976979,24.635249967064176,18.442842333557806,44.529310668945314,14.160884488047817,5.455605599703606,15.175449974987583,-21.607376654312752
1004,8.335215900000549,335.707220768837,296.5601259707173,66.23689303138072,58.51295452122915,44.19593200683594,0.1973055356976979,24.723939729870203,18.477564828800553,44.46733552246094,16.932763234795726,6.119331764836482,18.004574196958576,-39.17681400905892
1005,8.347656400001142,336.1426636516819,296.43357244726917,66.32280832264618,58.48798481049079,43.450621337890624,0.1973055356976979,24.809855021135668,18.502534539538914,44.149476015625005,13.605268890590077,4.59438440403338,14.36007345514929,-35.72078027597306
1006,8.351745199999641,336.6142334178033,296.2855934292001,66.4158516479696,58.45878773105865,44.69012426757813,0.1973055356976979,24.90289834645909,18.53173161897105,43.79028643847657,15.693445000364648,4.9576947680708425,16.45791461251477,-36.869512799373126
1007,8.363980300000549,337.0240646410719,296.18712101355004,66.49671361702225,58.43935857833737,43.410702465820314,0.1973055356976979,24.983760315511738,18.55116077169233,43.512764318945315,12.133894112700501,3.415937523492691,12.605554946238316,-42.16539241651339
1008,8.367671800000608,337.3710140240375,296.0974546918641,66.56516865088827,58.421666916703074,43.20405211425781,0.1973055356976979,25.052215349377754,18.568852433326626,43.395597907734384,14.140863752858605,3.462049021209916,14.5584961827165,-49.68307862612941
1009,8.379425099999935,337.71977529556017,296.0050460460129,66.63398118039666,58.40343417933031,42.80832140917969,0.1973055356976979,25.121027878886146,18.58708517069939,42.8901187270547,10.685645742168402,2.098791148716031,10.889809420419187,-36.82654738122371
1010,8.383441900001344,338.06466367252284,295.95949057644464,66.70202956636919,58.39444583300318,42.86478928183594,0.1973055356976979,25.189076264858677,18.596073517026518,42.63650274931719,12.774648773524847,2.2871648150924115,12.97778001733411,-44.0596135998387
1011,8.395907199999783,338.4108497560213,295.9389922119823,66.77033399702495,58.39040139222201,42.16272836417969,0.1973055356976979,25.257380695514435,18.60011795780769,42.34276380669938,10.10277032402135,1.5270429450682035,10.217525550543488,-41.37171555067416
1012,8.399830600001224,338.749967382853,295.8886863464526,66.8372437820515,58.38047576647494,42.14262257713281,0.1973055356976979,25.324290480540988,18.610043583554763,42.111880398058624,12.422759239456497,1.5982446391260992,12.52514802499344,-38.01786198009855
1013,8.411610600000131,339.0595087524515,295.82946376190614,66.89831800780074,58.3687908227056,41.735357401168756,0.1973055356976979,25.385364706290225,18.6217285273241,41.89630613332267,10.106190632196311,1.3189621491861445,10.191896302714142,-28.410264085866142
1014,8.41541049999978,339.3956678985621,295.79273123588666,66.96464406820377,58.361543291981796,41.65390436597594,0.1973055356976979,25.451690766693254,18.628976058047904,41.79660375596141,12.045860593605353,1.8471574976682903,12.18666272044018,-31.991886539636035
1015,8.428203600000415,339.74308201370303,295.738183724499,67.03319079630059,58.350780766026475,41.786917958156124,0.1973055356976979,25.520237494790074,18.639738584003226,41.60341743087979,9.914697027069696,1.636411582898704,10.04883376353842,-24.517495437733153
1016,8.433117599999605,340.12109612598437,295.6643280356169,67.10777507322555,58.33620862976728,41.664216477373415,0.1973055356976979,25.59482177171504,18.654310720262423,41.39962086410565,12.68490823881844,2.1721562274636055,12.869543880952147,-30.44327471614654
1017,8.444469899999604,340.489227888918,295.5793968282402,67.1804095079185,58.31945123239836,41.17669095172468,0.1973055356976979,25.667456206407984,18.671068117631343,41.15582077926644,10.399781367845154,2.0421828350668427,10.598394370413892,-30.07016152841606
1018,8.448511000000508,340.8791047627568,295.5042165776655,67.25733437336741,58.30461775278483,40.71637456729806,0.1973055356976979,25.7443810718569,18.68590159724487,40.962135225189236,13.187794676293423,2.835980315959444,13.489281403269137,-43.35975379559815
1019,8.460625499999878,341.2492866887361,295.42701087049056,67.33037331657837,58.28938463937176,40.43490394177993,0.1973055356976979,25.81742001506786,18.70113471065794,40.66687345617066,11.447648435716161,2.6263767882673235,11.74506320722473,-40.74727384290113
1020,8.464595100000224,341.6375475022621,295.330232942232,67.40697932438154,58.27028981839299,40.81849018777005,0.1973055356976979,25.894026022871024,18.72022953163671,40.343157406077886,13.668381360981456,3.4728104481366726,14.102661501926242,-56.86950697041176
1021,8.475942799999757,342.01007199519444,295.2199560016713,67.48048046902007,58.248531567560555,40.18790763228058,0.1973055356976979,25.96752716750955,18.741987782469145,40.0207664909812,10.825249570682727,3.0709366869929915,11.252407760256737,-56.54284956189291
1022,8.479625100000703,342.33670836745097,295.1134225331327,67.5449276334265,58.227511924480815,39.5581107012608,0.1973055356976979,26.031974331915983,18.763007425548885,39.64485154038375,10.304103398564354,3.0692666028289044,10.751508932589246,-58.245143687995146
1023,8.491753399999652,342.63298995807367,295.01130393650584,67.60338563138167,58.20736336006866,39.104419991814666,0.1973055356976979,26.090432329871156,18.78315598996104,39.08336422897519,8.674456810512584,2.737120353799732,9.096044678245207,-73.0266963760169
1024,8.507145800000217,342.90005351979187,294.91385961449754,67.65607875049182,58.18813705591411,38.555329188792626,0.1973055356976979,26.1431254489813,18.80238229411559,38.577199579193476,7.888810341673093,2.424098876033179,8.252853080460943,-75.493286695689
1025,8.510814100000061,343.10735285748706,294.85530358770643,67.69698005736555,58.17658362767976,38.011053630727275,0.1973055356976979,26.184026755855037,18.81393572234994,38.00693832892464,5.652740383014814,1.1678018560770618,5.7721083680769105,-77.35599382224063
1026,8.524075700001049,343.2786768984538,294.8316237484891,67.73078323904637,58.17191146431775,37.65708438337202,0.1973055356976979,26.21782993753586,18.81860788571195,37.466618378675555,4.988750816199713,0.7079258166171042,5.0387293703835985,-73.67609820233534
1027,8.52804930000093,343.40598819434,294.8431674727668,67.75590246248157,58.17418910502032,36.706804449916596,0.1973055356976979,26.242949160971058,18.816330245009382,37.02395722065699,4.938624788814506,-0.08218692079917689,4.93930860492069,-86.81463190891142
1028,8.540102500001012,343.497622842042,294.88214806936355,67.77398248573489,58.18188019251365,36.402820240569255,0.1973055356976979,26.261029184224377,18.808639157516048,36.68771930057672,2.7319144445756507,-0.8255787908904251,2.8539335788432747,-58.17023442070508
1029,8.54347720000078,343.55188831549094,294.92835409497764,67.78468936404362,58.190996897149894,36.34202339869979,0.1973055356976979,26.2717360625331,18.799522452879806,36.35505240503722,2.0442570869257928,-1.2570452328952015,2.399822859085828,-57.258987911121615
1030,8.556232500000988,343.55941220338445,294.9650368269671,67.78617386877498,58.19823460323593,36.32986403032589,0.1973055356976979,26.273220567264467,18.79228474679377,36.19899693120276,0.6554451924027087,-1.2594212310423263,1.4197711919334017,-37.09388541825484
1031,8.559836899999937,343.5431657339516,294.99801122090196,67.78296835042033,58.20474063369556,35.993749905674555,0.1973055356976979,26.27001504890982,18.785778716334143,36.06856464502961,-0.15751234797666464,-1.491064169511314,1.4993606962187538,-37.8984398188756
1032,8.571686299999783,343.50577892128086,295.0331484351083,67.77559172531831,58.21167340056746,35.926527080744286,0.1973055356976979,26.262638423807793,18.778845949462237,35.94325699638873,-0.9975858155192696,-1.0762117622334872,1.4674499025503236,-19.575687278923986
1033,8.575580000000627,343.45516482309364,295.06859747254657,67.76560528356161,58.21866769188919,35.750658809703545,0.1973055356976979,26.2526519820511,18.771851658140513,35.81897427525432,-1.764070465520919,-1.2323805363272862,2.151907617357567,-21.131378137971502
1034,8.58769890000076,343.3920428537226,295.1071228178437,67.75315096958057,58.226268955780974,35.7154851554954,0.1973055356976979,26.24019766807006,18.764250394248727,35.73459075348837,-1.814674908434659,-0.9760164754602225,2.060498285287356,-15.657980894973896
1035,8.591516600001341,343.320140535208,295.13321075817186,67.73896424410815,58.231416250822676,35.70845042465377,0.1973055356976979,26.226010942597632,18.759103099207024,35.65818707159612,-2.323364857493237,-1.0192988667800402,2.5371232608711867,-19.868256720725824
1036,8.603634600000078,343.24997989698556,295.1653446206953,67.72512116179877,58.2377564397819,35.57183229684482,0.1973055356976979,26.212167860288254,18.752762910247803,35.55130660377235,-1.9706233367437205,-0.6862203070796641,2.0866850852889764,-16.75858706699241
1037,8.607206800001222,343.1926600743441,295.1798554422832,67.7138116434864,58.24061950520872,35.544508671283026,0.1973055356976979,26.20085834197588,18.74989984482098,35.438330778762285,-2.3609018028922915,-0.8933519159190518,2.524269194950553,-27.81597166982506
1038,8.620297499999651,343.1395117593087,295.1885414362544,67.70332518671691,58.24233329990227,35.21625647058473,0.1973055356976979,26.190371885206396,18.74818605012743,35.22402846043996,-1.7411227854685287,-0.6569368154113985,1.8609337799934091,-26.0978951299522
1039,8.62396070000068,343.08420197547173,295.21941471697374,67.69241226018764,58.24842476909335,35.150606030445076,0.1973055356976979,26.179458958677124,18.742094580936353,34.99599465693175,-1.8149645441239945,-0.897304327166709,2.0246607992400407,-35.15015667879385
1040,8.635596500000247,343.04780678048905,295.2292158618606,67.68523128674475,58.250358589235695,34.636938833042144,0.1973055356976979,26.17227798523424,18.740160760794005,34.86308320873011,-1.3106533095180395,-0.8150616692510783,1.543417513971169,-31.83667767883042
1041,8.638971100001072,343.02195383135273,295.25871998109017,67.68013035676604,58.25617991528558,34.43166327930375,0.1973055356976979,26.16717705525553,18.734339434744122,34.680580508933524,-1.411303561334609,-1.1820751207342115,1.8409452282168939,-26.461552137027805
1042,8.651748899999802,342.98021990315067,295.2839945704678,67.67189602170536,58.26116673168227,34.879951430274815,0.1973055356976979,26.15894272019485,18.729352618347427,34.48815955881796,-0.8963154197054912,-1.0050660679626056,1.3466770706341011,-14.30025138234908
1043,8.655449600000793,342.95575596455717,295.3208689429099,67.6670691511959,58.26844224949047,34.30374297160184,0.1973055356976979,26.15411584968539,18.72207710053923,34.527035598287036,-0.849632933180978,-1.2367802263058,1.500500399642312,-18.548179937689238
1044,8.668313899999703,342.929406825612,295.3715838128759,67.66187032022115,58.278448574076954,34.188501279867246,0.1973055356976979,26.14891701871064,18.712070775952746,34.50846742239179,-0.5809917736295122,-0.9579121082643463,1.120333454014746,-8.371429787049477
1045,8.672230500000296,342.92178957261393,295.3978809996057,67.66036739403782,58.28363715459202,34.83131903038751,0.1973055356976979,26.147414092527306,18.70688219543768,34.38054236143149,-0.705393641662091,-0.9251066983250178,1.1633583252734825,-9.470373463508805
1046,8.684360000001107,342.91143951961834,295.41821109462796,67.65832527128703,58.287648394881174,34.33882239982751,0.1973055356976979,26.145371969776512,18.702870955148526,34.3417578863488,-0.5368319748224399,-0.5286724085854225,0.7534474665106206,-17.299616323014856
1047,8.688393200000064,342.885551835471,295.4228358547117,67.65321748789837,58.288560885646966,34.24032612547332,0.1973055356976979,26.14026418638786,18.701958464382734,34.258860610472894,-0.6581626645321088,-0.6705976456510134,0.9396165682536082,-30.678780610201898
1048,8.699966899999708,342.8584805491998,295.42188633184196,67.6478761732586,58.28837353952849,34.10982059618841,0.1973055356976979,26.13492287174808,18.702145810501207,33.92737637014146,-0.5892007191486925,-0.4583650357313174,0.7464958093829519,-28.997986247866283
1049,8.703727400001299,342.8392157793898,295.45023629243315,67.64407512753115,58.29396714368995,33.774014900487686,0.1973055356976979,26.13112182602064,18.696552206339753,33.67038677305173,-0.5448024374151724,-0.41082072155212723,0.682336691868555,-32.08570616957829
1050,8.715610900000684,342.83687151076543,295.46611284508094,67.6436125903544,58.297099675415154,33.17389782873035,0.1973055356976979,26.13065928884388,18.693419674614546,33.38211324328222,-0.13260157700477176,-0.6524018826249589,0.6657412370258756,-39.96955454516474
1051,8.73122180000064,342.8411148503476,295.47346943441477,67.6444498247438,58.29855117121458,33.05387441437888,0.1973055356976979,26.131496523233288,18.691968178815124,33.09118644260176,0.0154368955110585,-0.7440653037449753,0.7442254187946832,-36.41902542535716
1052,8.735048800001096,342.85652657635643,295.5012866701271,67.64749064360001,58.304039665808425,32.79895847662578,0.1973055356976979,26.134537342089494,18.686479684221275,32.861669905707856,0.4449523831411294,-0.732990787165323,0.8574719338451902,-29.017368775714875
1053,8.747385800001211,342.8739522007297,295.528931897024,67.65092881575184,58.3094942221108,32.655186592786094,0.1973055356976979,26.137975514241326,18.6810251279189,32.72733825360251,0.5041501991533028,-0.7394849471330321,0.8949890559904397,-25.228460102788706
1054,8.751065700000254,342.89515430994805,295.5556414825568,67.65511210926908,58.31476417119261,32.62643221601816,0.1973055356976979,26.14215880775857,18.675755178837093,32.61204357845488,0.6451561180835561,-0.8751301388580452,1.0872346465406375,-24.794684657921046
1055,8.763355500001126,342.9111665071745,295.5740834053072,67.65827140442056,58.31840286464018,32.502239568203635,0.1973055356976979,26.145318102910046,18.672116485389523,32.546738549675354,0.6009382791062965,-0.6452860715360825,0.8817714723292579,-14.55489414484993
1056,8.766789500001323,342.92437060628583,295.58750583667836,67.66087664626912,58.32105118465223,32.47740103864073,0.1973055356976979,26.147923344758603,18.669468165377474,32.49018999509133,0.9894744910746927,-0.7246232006527297,1.2264332641492273,-20.284418767433277
1057,8.779272600000695,342.9606535036222,295.6055327702047,67.66803546276473,58.32460799842863,32.472433332728144,0.1973055356976979,26.15508216125422,18.665911351601068,32.38066312108858,0.8345365450703138,-0.529344792754953,0.988259659540285,-16.564605264096226
1058,8.782706900001358,342.9993186493431,295.6201331925512,67.67566431005402,58.32748874258112,32.37244381986594,0.1973055356976979,26.162711008543504,18.663030607448583,32.244884150096624,1.0143850300989354,-0.7316062478027903,1.2506896861783485,-26.519598593963536
1059,8.795693699999902,343.0231527214178,295.65012759745423,67.68036690441258,58.333406804708446,32.07879784600444,0.1973055356976979,26.167413602902066,18.657112545321255,32.07953804828105,0.9376625142048207,-0.6136246481335401,1.1206008206948255,-27.557892134703973
1060,8.799319300000207,343.0444005460771,295.67415146723465,67.68455921783939,58.338146847205,31.823344713243856,0.1973055356976979,26.17160591632888,18.652372502824697,31.87980836649215,1.2420997392983595,-0.8532173260341688,1.5069145854393837,-32.91470406779247
1061,8.81138540000029,343.06733640360915,295.68523861143757,67.68908458949645,58.34033440213132,31.650670529562838,0.1973055356976979,26.176131287985932,18.65018494789838,31.618472049275,0.9177457555284733,-0.7511649143399969,1.1859620568660463,-27.178640639219637
1062,8.815110200001072,343.1068991033437,295.7132331758086,67.69689052916122,58.345857884651174,31.47378492378366,0.1973055356976979,26.18393722765071,18.644661465378526,31.48602534247219,1.1545893340996543,-0.8331118337073935,1.4237808321086425,-27.99640629188819
1063,8.829278200000772,343.1499547563047,295.73682575000686,67.7053856478335,58.350512830141845,31.06576223378017,0.1973055356976979,26.19243234632298,18.640006519887855,31.332220022107727,1.0374882841857664,-0.6245690861221942,1.2109783165532892,-18.620556355605927
1064,8.83375900000101,343.18507169688866,295.75647969189623,67.71231441460748,58.3543906616749,31.41656431199041,0.1973055356976979,26.199361113096963,18.636128688354802,31.256849888210613,0.9524052374862715,-0.5205441260425008,1.085376397176865,-17.316595600133002
1065,8.844673600000533,343.216647562894,295.7711206553959,67.71854450776479,58.357279404821334,31.054318111421523,0.1973055356976979,26.205591206254276,18.633239945208366,31.167246747661657,0.5662512858404348,-0.2826124663455814,0.6328588506530333,-12.758642055272611
1066,8.849166300000434,343.21550069687584,295.76340546902475,67.71831822475069,58.35575715584136,31.273819860077275,0.1973055356976979,26.205364923240175,18.63476219418834,31.09923212541124,0.5635727795947637,-0.44526684268070815,0.7182456676451412,-20.049981605137745
1067,8.86092810000082,343.2253305575197,295.78088585211947,67.72025771067086,58.359206132192064,31.025769221038892,0.1973055356976979,26.20730440916035,18.631313217837636,30.949053883578344,0.30287468588135247,-0.3049442779134359,0.4297954024647946,-19.92835486483174
1068,8.864590200000748,343.2362108742432,295.8020787628345,67.72240445739057,58.363387610793694,30.72568912252809,0.1973055356976979,26.209451155880053,18.627131739236006,30.77579069614927,0.1989765853008703,-0.5317790545237042,0.5677857380457167,-27.07014690545035
1069,8.876098800001273,343.25037504522095,295.81163419266176,67.72519912673303,58.365272949994576,30.66567310282593,0.1973055356976979,26.212245825222517,18.625246400035124,30.589206906319696,0.24693985968667645,-0.6838149068939385,0.7270365336022951,-25.98198040148845
1070,8.880209700000705,343.2514441641373,295.8407793367397,67.72541006981355,58.371023448259855,30.188002174276125,0.1973055356976979,26.212456768303035,18.619495901769845,30.40866260929129,0.2783380924781554,-0.9148830350135686,0.9562860772174907,-28.448596859675877
1071,8.892335200000161,343.2630868711125,295.86667371602084,67.72770724035026,58.37613255263549,30.340900910929445,0.1973055356976979,26.214753938839742,18.61438679739421,30.291068459358257,0.15569350070194007,-0.6525357651451756,0.6708527341782433,-19.73645345793717
1072,8.896518400000787,343.2699114272508,295.89738589726693,67.72905376305503,58.38219223600869,30.123047735896826,0.1973055356976979,26.21610046154452,18.60832711402101,30.186064338844307,0.06576843433942856,-0.4327431350548184,0.4377123574820941,-27.34472886616779
1073,8.907961500000965,343.2683445560315,295.88753159394565,67.72874461068973,58.38024792741296,30.137718372862963,0.1973055356976979,26.215791309179217,18.61027142261674,30.14313205722199,0.04815719279681852,-0.07834913454977414,0.09196576592824399,-22.452330032744243
1074,8.912025900001026,343.2640847351993,295.8682680913575,67.72790412445846,58.37644713171539,30.140652500256188,0.1973055356976979,26.214950822947948,18.614072218314313,29.92262238312409,-0.057610485433506824,-0.1616865524529174,0.17164355296950223,-32.41970321282034
1075,8.924012800000128,343.26185248262794,295.84559943250736,67.72746368866906,58.37197447983741,29.97334076616452,0.1973055356976979,26.214510387158548,18.618544870192288,29.68939996490607,-0.1337293042714297,0.07229354459612483,0.15201935209437156,-30.973044938130073
1076,8.927717000000484,343.2554808208523,295.86133271945494,67.72620652452913,58.375078744446895,29.238352540439937,0.1973055356976979,26.21325322301862,18.615440605582805,29.46887059356715,-0.11686170697287268,-0.019112133750473055,0.11841423990850733,-41.80428321578013
1077,8.939916999999696,343.2518508570686,295.8785640758598,67.72549031258022,58.378478586453156,28.956935644806737,0.1973055356976979,26.212537011069706,18.612040763576545,29.250879831604053,-0.06979335000288879,-0.21309036692105826,0.22422893697999144,-32.91944323862274
1078,8.943962600000305,343.25302619082964,295.884451199629,67.72572221243757,58.37964014856215,29.03507151616838,0.1973055356976979,26.21276891092706,18.610879201467547,29.016607240734874,-0.07948970051345222,-0.33387017389581497,0.34320242642635856,-29.638571322761248
1079,8.955958600001395,343.2547619798363,295.88656384971193,67.7260646932174,58.38005698611851,29.050698690440708,0.1973055356976979,26.21311139170688,18.61046236391119,28.898689795314947,-0.036662096576520316,-0.42179014790947705,0.4233804886846873,-24.819578622295733
1080,8.971380500001032,343.2481005901739,295.90460147268186,67.72475036416157,58.383615908981305,28.801977811818613,0.1973055356976979,26.21179706265105,18.606903441048395,28.851620893633307,0.05208841047931726,-0.4589773717712846,0.4619236195566728,-23.605701802704676
1081,8.97504950000075,343.2457714854341,295.9283598408267,67.72429081890317,58.38830356653543,28.648765313340288,0.1973055356976979,26.211337517392657,18.602215783494273,28.721591573746196,0.40377688888782276,-0.5563774470059671,0.6874530089662907,-15.85433931801689
1082,8.98747639999965,343.27002288844835,295.95762249194496,67.72907575496632,58.39407724959025,28.72159113639853,0.1973055356976979,26.216122453455803,18.596442100439454,28.574970170217995,0.5196698534858145,-0.5660241424600289,0.7684009932773245,-15.516989206928372
1083,8.991487799999959,343.3069390106863,295.973361006287,67.73635951024036,58.39718254559359,28.38492491673283,0.1973055356976979,26.22340620872985,18.593336804436113,28.49814711021548,0.7599248716611676,-0.6704589150683945,1.0134105620941252,-20.677060395761046
1084,9.00394520000009,343.3453275871442,295.97860026133736,67.74393378888306,58.398216279617955,28.317591672799693,0.1973055356976979,26.23098048737254,18.592303070411745,28.39670675358607,0.8786516702262976,-0.4241835633894798,0.9756846073610361,-14.852621988528705
1085,9.008348900000783,343.37023692608295,295.9954053753929,67.74884853934624,58.40153202164915,28.417862511806035,0.1973055356976979,26.235895237835727,18.588987328380547,28.2696492730805,1.068468766321255,-0.31642145613141404,1.114337490397047,-15.205261078621596
1086,9.020507700000962,343.39910067439183,295.9982562510748,67.75454351666858,58.40209451520277,28.141563530193242,0.1973055356976979,26.241590215158062,18.58842483482693,28.192832442506727,0.7836826193154869,-0.14012263632711125,0.7961110481763471,-16.49481927464856
1087,9.024333600000318,343.42497048109794,295.99681748073743,67.75964777273911,58.40181063785061,28.086303733870682,0.1973055356976979,26.2466944712286,18.58870871217909,28.140945944067756,0.9399034637824374,0.07315353782824983,0.9427459686081998,-32.26907496509168
1088,9.036476200000834,343.44908472232527,295.99020931403203,67.76440564602242,58.40050680997882,28.00084076386398,0.1973055356976979,26.25145234451191,18.59001254005088,27.830107828950272,0.8358379443839634,0.05099657578774183,0.8373922139679139,-31.39921888341805
1089,9.039962500000911,343.47362982315946,295.97283309022674,67.76924853029126,58.39707838483252,28.05815918060483,0.1973055356976979,26.25629522878075,18.593440965197182,27.5267500203799,1.2835782560792595,-0.2576845299121957,1.3091884724651155,-45.321607820738905
1090,9.052281800000856,343.5108253635047,296.0267623497051,67.77658741630465,58.40771892626368,26.863671936218626,0.1973055356976979,26.263634114794137,18.582800423766024,27.224888273118953,1.172687489100287,-0.34149419406520104,1.2213984737474404,-47.478831292526976
1091,9.05605740000101,343.5626276055246,296.0571819204341,67.78680828541673,58.413720875962056,26.624774487341384,0.1973055356976979,26.27385498390621,18.576798474067644,26.938207940268327,1.532622294812497,-0.5375061175677244,1.624144059182883,-45.58155687256572
1092,9.068318200001158,343.6110777387835,296.078611276007,67.796367764914,58.41794900644302,26.576994997565937,0.1973055356976979,26.28341446340348,18.572570343586683,26.639681688151327,1.366603053499946,-0.7762984109890781,1.5717007122030404,-28.380425777900307
1093,9.0720237000005,343.6522353770787,296.0950007193924,67.80448839478588,58.421182734349955,26.567439099610848,0.1973055356976979,26.291535093275364,18.569336615679745,26.57997643772793,1.5414001560861985,-0.7094590143776154,1.6968342683551079,-23.61410298552259
1094,9.083862900000895,343.68577918118376,296.1076353727192,67.81110677302418,58.42367562139296,26.56552792001983,0.1973055356976979,26.298153471513665,18.56684372863674,26.56803538764325,1.0651239350262565,-0.41378917491263906,1.1426768914442524,-8.435945437258589
1095,9.087419200001023,343.71226968543266,296.11717983927355,67.8163334961559,58.42555879747942,26.565145684101626,0.1973055356976979,26.303380194645392,18.564960552550282,26.56564717762631,1.0811190444785457,-0.39917154688035017,1.1524566422096127,-3.5719611210064572
1096,9.099680900000749,343.73251078073315,296.1240978162637,67.82032717630727,58.4269237526354,26.565069236917985,0.1973055356976979,26.30737387479676,18.563595597394297,26.56516953562293,0.5678182874748763,-0.17994822646231584,0.5956500413815432,-0.34975001149850393
1097,9.103080200000477,343.74732142076925,296.1287798861948,67.82324939757362,58.427847550951334,26.565053947481257,0.1973055356976979,26.310296096063105,18.562671799078366,26.565074007222247,0.1171482224545729,0.05121457013497979,0.12785397224324657,-7.6183880160802495
1098,9.115426700000171,343.7238558068525,296.1147984261386,67.8186195020493,58.42508893148511,26.565050889593913,0.1973055356976979,26.305666200538788,18.565430418544594,26.565054901542112,-0.2738160067362148,0.21006170858813897,0.3451103112918173,-10.044572208132328
1099,9.119089699999677,343.69240041411547,296.0972497163979,67.81241317893475,58.42162647390892,26.565050278016443,0.1973055356976979,26.299459877424233,18.568892876120778,26.428235284507647,-0.611027074073445,0.2810211502935892,0.6725525794784282,-19.8312278590164
1100,9.13191370000095,343.6608701840953,296.0800451561503,67.80619209000994,58.41823191893282,26.56505015570095,0.1973055356976979,26.29323878849943,18.572287431096882,26.26405648072966,-0.7442568842241688,0.2971092153242632,0.8013689509493535,-23.318461536658834
1101,9.135603200000332,343.6354323897738,296.07549224606885,67.80117307237437,58.41733360457022,25.880971151745662,0.1973055356976979,26.288219770863854,18.573185745459483,26.083373429934998,-0.7043835075655628,0.3618436739314878,0.7918882308095013,-38.832004665904854
1102,9.1477657000014,343.64736059988485,296.0872858422789,67.80352657426025,58.41966054638824,25.744159928591323,0.1973055356976979,26.290573272749732,18.570858803641457,25.870964236768252,-0.1845628669753226,0.13599724996669488,0.22925685129272433,-33.980660637851145
1103,9.151126700000532,343.64436883649466,296.0779661749252,67.80293628278186,58.4178217244285,25.66163563562061,0.1973055356976979,26.289982981271343,18.5726976256012,25.610253943545057,0.5580742312079938,0.03782194388542227,0.5593544019471604,-42.235410210310164
1104,9.163576500001,343.70145933558854,296.08957516189537,67.81420055428883,58.420112241821556,25.503004312182718,0.1973055356976979,26.301247252778317,18.570407108208144,25.447222907849643,1.0319599111880615,-0.09186889880252058,1.0360410961281699,-38.42219261429976
1105,9.167925300000206,343.7726090965924,296.09456023334496,67.82823879599846,58.42109582401441,25.261498689584982,0.1973055356976979,26.315285494487945,18.569423526015292,25.21205627590587,1.0981746631359253,-0.07439836151510362,1.100691921906323,-87.1936094110542
1106,9.179315700001098,343.8308628454372,296.1179393747425,67.83973258312068,58.425708658032,25.06581597326856,0.1973055356976979,26.326779281610165,18.5648106919977,24.871413330376487,1.3966982749569912,-0.34750625103767063,1.4392799122401772,-217.79077196040026
1107,9.19883420000042,343.88275691008977,296.12822446770906,67.8499715693465,58.42773796380947,24.568326768872467,0.1973055356976979,26.33701826783598,18.56278138622023,19.770812467939948,1.2157432153327288,-0.310710199808403,1.2548196658853175,-215.17175742700553
1108,9.205749900000228,343.92891829246383,296.15691115843117,67.85907946562435,58.433398006689785,23.958420907973714,0.1973055356976979,26.346126164113834,18.557121343339915,14.71851273002295,0.5701287142203046,-0.26547555149018587,0.6289070036321078,-204.35651496992895
