frame,t_s,x_px_filt,y_px_filt,x_mm_abs,y_mm_abs,angle_deg_raw,mm_per_px,x_mm,y_mm,angle_deg_unwrapped,vx_mm_s,vy_mm_s,speed_mm_s,angular_vel_dps,pid_error,pid_output,ch1_voltage,ch2_voltage
643,5.330730100000437,326.04153574348027,301.6520095647546,68.48901966338478,63.365700837682745,-8.125968292007807,0.21006225328686312,0.0,-0.0,-4.688554345402311,,,,,8.125968292007807,0.0,1.2,1.2
644,5.3343486000003395,326.04606661409275,301.65528144392306,68.489971428275,63.36638813599335,-7.700907769729686,0.21006225328686312,0.0009517648902175324,-0.0006872983106021024,-6.235616929825774,,,,,,0.0,1.2,1.2
645,5.345468299999993,326.0524407257888,301.65387925990655,68.49131038854057,63.366093590059315,-7.615895665274063,0.21006225328686312,0.002290725155788209,-0.00039275237656966056,-7.760172268976092,,,,,,0.0,1.2,1.2
646,5.349953500000083,326.05652906572453,301.63279201956647,68.49216919443967,63.36166395683787,-7.735312922117313,0.21006225328686312,0.0031495310548876887,0.00403688084487186,-7.655032500670219,0.12927216156337334,0.1875772222413505,0.22780804651953782,-112.75591216864962,,0.0,1.2,1.2
647,5.363104199999725,326.0619227937749,301.6274286567471,68.49330221310755,63.360537316758844,-7.622776695751588,0.21006225328686312,0.004282549722773865,0.005163520923900933,-7.719678375134045,0.0027276159646621306,0.2087673935073404,0.2087852113553529,-27.10368407794538,,0.0,1.2,1.2
648,5.368688000000475,326.0615317238344,301.62668290881567,68.49322006407465,63.36038066326798,-7.600269450478443,0.21006225328686312,0.004200400689867934,0.005320174414762846,-7.81828137815181,-0.1156650624967446,0.27988689587385224,0.30284497876682126,0.38088216823825405,,0.0,1.2,1.2
649,5.379212700000608,326.04300896855625,301.6308910030828,68.48932913236385,63.36126462503179,-8.024137142048815,0.21006225328686312,0.0003094689790685834,0.004436212650958282,-7.810718043208488,-0.22381250037371947,0.11915404813542467,0.25355418062141133,-4.3021094136853195,,0.0,1.2,1.2
650,5.383957099999861,326.03235868745156,301.62226132498944,68.48709191031686,63.35945185540635,-8.10891068036289,0.21006225328686312,-0.0019277530679175925,0.006248982276396475,-7.809205376219824,-0.2465193861171155,0.10573059511531928,0.268236400354238,-0.1776397096867286,8.10891068036289,0.5500769584318952,1.2,1.2
651,5.395359900000585,326.0133997304566,301.61227614667706,68.48310934909053,63.35735434635058,-7.697496247400703,0.21006225328686312,-0.005910314294254704,0.008346491332162032,-7.808902842822091,-0.2813802615958194,0.13372504760300957,0.3115401097325334,5.466201524053171,,0.0,1.2,1.2
652,5.400818400000389,326.0126883115204,301.6117940122552,68.48295990682576,63.35725306810753,-7.615213360808266,0.21006225328686312,-0.006059756559025686,0.00844776957521276,-7.723168508017545,-0.22751764243289258,0.13596148689747733,0.2650467949958921,5.054456134619769,,0.0,1.2,1.2
653,5.4105547999997725,326.0039273879387,301.6040059371458,68.48111956747731,63.355617087501294,-7.598756783489778,0.21006225328686312,-0.007900095907473315,0.010083750181451023,-7.620347812931635,-0.08431903932630472,0.04879493271663244,0.09741994586187988,4.363091450830635,,0.0,1.2,1.2
654,5.415569200000391,326.00153116339095,301.60574391592706,68.48061621114942,63.35598217124025,-7.595465468026081,0.21006225328686312,-0.008403452235356212,0.009718666442495305,-7.627067609461328,0.05592029713864441,0.11843460797966866,0.13097265363186347,1.4612740717802093,,0.0,1.2,1.2
655,5.424692200000209,326.01214731721495,301.6080781298607,68.48284626434294,63.3564725014788,-7.594807204933341,0.21006225328686312,-0.006173399041841776,0.009228336203946697,-7.655695504314142,0.10152144985415776,0.19096202920401867,0.21627089813057776,-2.0402815982339786,,0.0,1.2,1.2
656,5.431003200000305,326.02272066719433,301.5920906384222,68.4850673260644,63.35311413300282,-7.731095230049169,0.21006225328686312,-0.003952337320384913,0.012586704679925731,-7.747094911409705,0.1320685504770478,0.19380924433316193,0.23452958281227504,-6.254693103057677,,0.0,1.2,1.2
657,5.441151900000477,326.0324135652361,301.5736742098985,68.48710343806793,63.349245536529644,-7.758352835072334,0.21006225328686312,-0.0019162253168474308,0.01645530115310123,-7.765374792828817,0.19214375940055195,0.18507629251183744,0.266781667898123,-7.7014052897449155,7.758352835072334,0.38153972335989444,1.2,1.2
658,5.449650100000326,326.0309457985356,301.5663006325527,68.48679511568753,63.3476966262576,-8.055753818967592,0.21006225328686312,-0.0022245476972528877,0.018004211425143524,-7.85470459723764,0.11563380735467982,0.20999105000163087,0.23972362938210043,-6.430807860835198,,0.0,1.2,1.2
659,5.45854430000054,326.03941369572766,301.57123214056,68.4885739012523,63.348732549941715,-7.6868648751216435,0.21006225328686312,-0.00044576213248603835,0.016968287741029542,-7.930960450697528,0.026720795046573115,0.11245114003244201,0.1155822641347575,-2.396425818986109,,0.0,1.2,1.2
660,5.462287000000288,326.03695303330693,301.56997020555013,68.48805700895961,63.34846746503004,-8.041456226977454,0.21006225328686312,-0.0009626544251659652,0.017233372652704304,-7.918927685842632,0.0763933905260513,-0.045547761096985634,0.08894126520920345,-2.9012908712096643,,0.0,1.2,1.2
661,5.472972999999911,326.03224088283844,301.5677092261922,68.48706716401438,63.34799251861148,-8.112374497348616,0.21006225328686312,-0.0019524993704038707,0.01770831907126791,-7.8581312402935275,0.10820700340177296,-0.048132820518224824,0.11842940511642769,0.09413779819759771,,0.0,1.2,1.2
662,5.4764696000002,326.03971457861974,301.5745139764699,68.48863710539058,63.34942193978787,-7.698189010797848,0.21006225328686312,-0.00038255799420028325,0.01627889789487824,-7.873255886730581,0.15067483207602123,0.13594504263420806,0.20293831485935288,2.484381945840448,,0.0,1.2,1.2
663,5.488867900000514,326.0469617257096,301.56451930222295,68.49015945743817,63.34732243599468,-7.75177159122207,0.21006225328686312,0.0011397940533868223,0.018378401688067925,-7.817890923439868,0.19729265581728653,0.1621017822146422,0.2553456086103726,0.4690705048301589,,0.0,1.2,1.2
664,5.4921463000000585,326.053396925568,301.5519727210635,68.49151125002078,63.34468687288528,-7.762488107306915,0.21006225328686312,0.002491586635997578,0.021013964797461426,-7.806817930781724,0.21018157888256458,0.09274789454258317,0.22973564817774764,-1.6060100958460677,7.762488107306915,0.3882039892383875,1.2,1.2
665,5.504309599999942,326.05889671674356,301.5402987832932,68.49266654854773,63.342234619212526,-7.764631410523883,0.21006225328686312,0.0036468851629507526,0.02346621847021879,-7.890277160375096,0.03729155022119704,0.11331324399231131,0.11929187307591888,-4.787777799486248,,0.0,1.2,1.2
666,5.520332000000053,326.05674688426404,301.5633583872295,68.4922149498929,63.34707857157529,-8.057009534057903,0.21006225328686312,0.0031952865081166237,0.018622266107456653,-7.965358898871894,0.026564239326602845,0.0819733152305378,0.08617008309666502,-5.475641394489004,,0.0,1.2,1.2
667,5.52395979999983,326.049571852902,301.56864263635816,68.49070774663757,63.34818859285418,-8.115485158764706,0.21006225328686312,0.0016880832527874645,0.01751224482856628,-8.03876513914938,-0.11430853738162505,-0.07621181746493737,0.13738516237074258,-6.028107308249755,,0.0,1.2,1.2
668,5.536240600000383,326.0536145818778,301.5679037621169,68.49155697139567,63.348033383266156,-8.127180283706068,0.21006225328686312,0.0025373080108863633,0.017667454416589123,-8.026162451658003,-0.11694102202743123,-0.14563794848714343,0.18677691150772358,-3.7182014998779778,,0.0,1.2,1.2
669,5.540337500000533,326.0479190263288,301.5676503790058,68.49036055016332,63.3479801570389,-8.12951930869434,0.21006225328686312,0.0013408867785358325,0.017720680643847686,-8.023641914159725,-0.1724933991491467,-0.09729695054232136,0.1980420898063383,2.3323501181097823,,0.0,1.2,1.2
670,5.552900300000147,326.05281227611346,301.5763532075444,68.49138843723898,63.34980829281169,-7.701617973066993,0.21006225328686312,0.0023687738542008674,0.015892544871057623,-7.964747914081946,-0.08173710148815917,0.013165305935879147,0.0827905733768702,7.792650293585503,7.701617973066993,0.3840493267868679,1.2,1.2
671,5.556712000000516,326.04726068621585,301.57745317005015,68.49022225775576,63.350039353414175,-8.044406846566524,0.21006225328686312,0.0012025943709801368,0.015661484268569836,-7.86729528594139,-0.02067563748130978,-0.060995967121420185,0.0644048910435839,2.9728184563527273,,0.0,1.2,1.2
672,5.568676200000482,326.0494433453821,301.5634230459305,68.49068075205838,63.34709215392771,-7.821015158375805,0.21006225328686312,0.001661088673600375,0.01860868375503344,-7.782742694940299,0.06392183475836233,-0.13853391691931755,0.1525701382836227,3.591019073809095,,0.0,1.2,1.2
673,5.572243600000547,326.05580260880646,301.56950566382636,68.49201659326255,63.3483698823488,-7.639917143003286,0.21006225328686312,0.0029969298777672293,0.017330955333946463,-7.865053131625161,0.012203406186220823,-0.16370456202190908,0.1641587851725608,1.9202197141504547,,0.0,1.2,1.2
675,5.588033400000313,326.06564624764513,301.5976706725927,68.49408437021754,63.354286287554096,-7.706756353688882,0.21006225328686312,0.0050647068327549505,0.01141455012864867,-7.806532445829412,0.09196476661061731,-0.1352116300474265,0.16352279106542747,-4.36868847977844,,0.0,1.2,1.2
677,5.604070200000024,326.052150909887,301.61838812370206,68.4912495091592,63.35863824201649,-8.113170156491305,0.21006225328686312,0.0022298457744227562,0.0070625956662553335,-7.865323821963703,0.049031959876825446,-0.2073744676259579,0.21309224038550084,-6.133397429129883,8.113170156491305,0.41363705652827654,1.2,1.2
679,5.620646399999714,326.0594785328201,301.61192959220404,68.49278876614376,63.35728154833709,-7.7518034175877775,0.21006225328686312,0.003769102758980125,0.00841928934565317,-7.962755925315561,-0.051155588489518775,-0.12648129085093765,0.13643464064902458,-0.37742134226687596,,0.0,1.2,1.2
681,5.635539599999902,326.04697607529346,301.62004606032815,68.4901624717441,63.35898651191997,-8.114972039047261,0.21006225328686312,0.001142808359318792,0.006714325762771978,-7.9889145187807875,-0.048516923693268404,0.14134573304023207,0.14944065087297695,0.2438278245602712,,0.0,1.2,1.2
682,5.648590100000547,326.0391182864015,301.61716971820704,68.48851184690359,63.35838230101279,-8.127077659762577,0.21006225328686312,-0.0005078164811891384,0.007318536669956188,-7.914436204316273,-0.024289478870982553,0.22853615376785186,0.22982330683119834,1.7284828270866113,,0.0,1.2,1.2
683,5.652231400000346,326.04161703497925,301.60045179234476,68.48903673966024,63.354870495835875,-7.837549321015016,0.21006225328686312,1.7076275454996903e-05,0.010830341846869374,-7.889629923300191,-0.009998987380362721,0.24800632384435875,0.24820780893321145,3.669788867352049,,0.0,1.2,1.2
685,5.668036099999881,326.03743115807,301.5880691610938,68.4881574449247,63.35226937241368,-7.740778584168726,0.21006225328686312,-0.0008622184600852734,0.013431465269064802,-7.830247779481423,0.030428310997618654,0.23744288088945692,0.23938463567082294,4.167030852790315,,0.0,1.2,1.2
687,5.683780600000318,326.0497465976479,301.5746380811133,68.49074445391265,63.349448009488896,-7.627772012507374,0.21006225328686312,0.0017247905278736653,0.01625282819384921,-7.76996682597916,0.03767832253853634,0.27504870165008577,0.2776174422991392,2.6513978688679485,,0.0,1.2,1.2
689,5.700300500000594,326.0517751627192,301.5877947628821,68.49117057886247,63.35221173170703,-7.81806131995342,0.21006225328686312,0.002150915477685089,0.013489105975715177,-7.757910635278707,0.021538835948400534,0.12812522309624264,0.12992303201308864,0.6528039257498686,,0.0,1.2,1.2
691,5.716736999999739,326.04471505838774,301.5694596458247,68.48968751743816,63.34836021570367,-7.825672892251262,0.21006225328686312,0.0006678540533755495,0.01734062197907349,-7.78866715718194,0.04639076063056817,0.18039555045415437,0.18626501897978598,0.2198712075005334,7.825672892251262,0.39478819320338615,1.2,1.2
692,5.729374100000314,326.04853228022193,301.55563395442493,68.49048937165794,63.34545595981499,-7.777268367512753,0.21006225328686312,0.0014697082731629507,0.02024487786775353,-7.828859332120569,0.004301623530753534,0.14765624739497932,0.14771889303595417,-0.534925909012015,,0.0,1.2,1.2
694,5.745496499999717,326.0537992587248,301.5229435222981,68.49159576503027,63.338588933981505,-7.894561193684885,0.21006225328686312,0.002576101645487938,0.027111903701239726,-7.8031830835712395,0.040653276598738526,0.06731770988678454,0.07864072076611983,-1.5294178895427215,,0.0,1.2,1.2
696,5.76426790000005,326.0496766931723,301.52155840556844,68.49072976962098,63.33829797324021,-7.828732887200521,0.21006225328686312,0.0017101062362030461,0.0274028644425357,-7.802156033629267,0.044871758992145946,0.02628806719801512,0.0520051654362967,-1.6824360223826078,,0.0,1.2,1.2
698,5.780326799999784,326.065543758167,301.56505665938124,68.49406284104683,63.34743531445017,-7.689680077206771,0.21006225328686312,0.00504317766204565,0.018265523232571468,-7.870288516156704,0.029419778959461986,-0.06947576218665413,0.07544802797582004,-0.8826203403312374,,0.0,1.2,1.2
700,5.7981589000000895,326.059674716697,301.56257968256875,68.492829976971,63.3469149951196,-7.820537642541396,0.21006225328686312,0.00381031358621442,0.018785842563147526,-7.917299704129677,-0.02306379523209191,-0.22728708162336114,0.22845427578264385,-1.3959508261699065,,0.0,1.2,1.2
704,5.829192199999852,326.0576348806759,301.59936530721643,68.49240148442007,63.354642266321655,-8.117930780149942,0.21006225328686312,0.0033818210352905,0.01105857136109023,-7.8918962161017205,-0.026871646134246814,-0.28779006411532015,0.289041876497964,-1.086576548316914,8.117930780149942,0.4068017306127155,1.2,1.2
706,5.844170400000621,326.0438167186164,301.625257496618,68.48949881016158,63.36008123796989,-8.129617133549749,0.21006225328686312,0.000479146776797279,0.005619599712858303,-7.906486033611854,-0.03764224805098382,-0.11551760859299764,0.12149591241427342,-0.07721781809044448,,0.0,1.2,1.2
708,5.8608415999997305,326.03864438292624,301.64803588418806,68.48841229767174,63.36486611738909,-7.7017154470607405,0.21006225328686312,-0.0006073657130372112,0.0008347202936533904,-7.879785690765383,-0.015526683326649573,-0.15711805821547767,0.15788338136906077,0.6745043314990505,,0.0,1.2,1.2
710,5.87674430000061,326.05028018787334,301.6259018704473,68.49085654107773,63.36021659658842,-7.76262916475743,0.21006225328686312,0.0018368776929520436,0.0054842410943223285,-7.866997824114992,0.002773952849592488,0.036052184418284366,0.036158744664904346,0.39603502855830114,,0.0,1.2,1.2
712,5.892467800000304,326.0533820747304,301.6392870950524,68.49150813042037,63.36302832702972,-7.687035928309047,0.21006225328686312,0.002488467035590247,0.002672510653027871,-7.849351543823976,0.03125457792935506,0.1639143283426376,0.16686747938876567,0.93648109214139,,0.0,1.2,1.2
714,5.908926500000234,326.05946964993433,301.58312065034994,68.49278690018477,63.35122987709641,-8.053991446897987,0.21006225328686312,0.0037672367999874723,0.0144709605863369,-7.858794862534209,0.025254907375426492,0.2575748250032307,0.25880997048411075,0.5014907716290408,,0.0,1.2,1.2
716,5.9247964000005595,326.0555871991902,301.5622552823461,68.49197134383317,63.34684685087786,-8.041385732094671,0.21006225328686312,0.002951680448390448,0.018853986804884926,-7.831369133472824,-0.003910950606025675,0.1694387585071327,0.1694838883760967,1.9554867297530572,,0.0,1.2,1.2
718,5.942306300000382,326.0476541163312,301.5471439000929,68.4903049025723,63.34367251987148,-7.748932040611912,0.21006225328686312,0.001285239187524212,0.022028317811262355,-7.841408726401536,0.026903904030700455,0.29135681222043397,0.29259632957258086,6.19678423752356,,0.0,1.2,1.2
719,5.952978199999961,326.0480539709773,301.55467843107795,68.49038889694026,63.345255240427655,-7.625500519450507,0.21006225328686312,0.0013692335554793544,0.02044559725509032,-7.755242615005669,0.027104280489636125,0.1571839798646443,0.15950374775205056,6.723395752690013,,0.0,1.2,1.2
720,5.956725099999858,326.05154138581076,301.546994803082,68.49112147115831,63.343641200217405,-7.737233892952602,0.21006225328686312,0.002101807773527753,0.022059637465339677,-7.671578929534209,0.029714058418610842,0.11894756185482804,0.12260280477588088,6.10375112116658,,0.0,1.2,1.2
721,5.968949500000235,326.05612112526126,301.5443185860244,68.49208350154674,63.34307902803201,-7.623160889918646,0.21006225328686312,0.003063838161963872,0.02262180965073668,-7.64640523367785,0.003066092148445526,0.08857717855320947,0.08863022893747884,6.217436464215624,,0.0,1.2,1.2
723,5.988508100000217,326.0525512257243,301.5364040974175,68.49133360040601,63.34141649272163,-7.623067304737371,0.21006225328686312,0.00231393702122773,0.0242843449611172,-7.6732017476533905,-0.043090834824461605,0.09139285562892033,0.10104194231049653,4.662522617637924,7.623067304737371,0.3799765070132795,1.2,1.2
725,6.00559500000054,326.0339717837611,301.5340097226413,68.48743076096241,63.340913524960925,-7.62306356133012,0.21006225328686312,-0.0015889024223696424,0.024787312721819887,-7.673286156043121,-0.14181733148270673,-0.026683553498049115,0.14430581255153643,0.44794958098219306,,0.0,1.2,1.2
727,6.0208167000000685,326.0178188083845,301.54373632543854,68.48403763055751,63.34295671706134,-7.759483089328206,0.21006225328686312,-0.00498203282727161,0.02274412062140385,-7.668726612257352,-0.20305187502118074,-0.11362409199439491,0.23268110845353973,-0.3087356339818599,,0.0,1.2,1.2
729,6.037272700000358,325.99446465819005,301.5562403715362,68.47913180514406,63.34558334515982,-7.7376559349012535,0.21006225328686312,-0.009887858240716696,0.02011749252292816,-7.648059367224671,-0.1882220599824003,-0.15863761250998132,0.24615733985986538,0.018167038474667566,,0.0,1.2,1.2
731,6.052618000000621,325.9778473242179,301.58463646792313,68.47564113052626,63.3515482931514,-7.6003631709898,0.21006225328686312,-0.01337853285852475,0.01415254453134196,-7.674516612970238,-0.06886952862249916,-0.15027547497107852,0.16530496166318925,0.021198132370911296,,0.0,1.2,1.2
733,6.069250600000487,325.9806825659179,301.59572671467004,68.47623670778637,63.353877935372566,-7.519731079573967,0.21006225328686312,-0.012782955598410695,0.011822902310179018,-7.670118115690685,0.01758579909723388,-0.11573168010312178,0.11706016448553105,-0.0386194313721803,,0.0,1.2,1.2
735,6.086473400000614,326.01088334335327,301.58988527867564,68.48258075114546,63.35265087016516,-7.755349790057959,0.21006225328686312,-0.006438912239318029,0.013049967517588357,-7.669942175799503,0.14039793274497547,-0.11237189397724581,0.17983053710395247,-0.5450879274345826,,0.0,1.2,1.2
737,6.101956600000449,326.0263149745846,301.5870482650979,68.4858223543738,63.35205492070041,-7.7374906029304436,0.21006225328686312,-0.003197309010985805,0.013645916982333972,-7.669935138203856,0.19332781864552628,-0.07618264992390172,0.20779663522700567,0.23771596109361245,7.7374906029304436,0.3890566857007713,1.5890566857007713,0.8109433142992286
739,6.11883140000009,326.05169542138515,301.5985210371985,68.49115382821816,63.35446491705931,-7.736776235445343,0.21006225328686312,0.0021341648333788044,0.011235920623434481,-7.691474691202506,0.16675170741659032,0.003399191422172737,0.1667863496473039,0.38621168154883756,,0.0,1.5890566857007713,0.8109433142992286
741,6.133388799999921,326.05427161325065,301.61291949719794,68.49169498888632,63.35748949001065,-7.600327983011564,0.21006225328686312,0.0026753255015421473,0.00821134767209486,-7.659595550666203,0.026197518717186216,-0.024525902343523972,0.035886346605657655,0.7357604522738597,,0.0,1.5890566857007713,0.8109433142992286
744,6.161709699999847,326.0411841260066,301.5781565409108,68.48894580182598,63.350187105082064,-7.627428844567218,0.21006225328686312,-7.386155880340084e-05,0.015513732600680896,-7.631078415840796,-0.04958781666180048,-0.019301960839035456,0.05321200290832883,0.7845634414255933,7.627428844567218,0.3795283625800629,1.5890566857007713,0.8109433142992286
746,6.177878800000144,326.015442889101,301.58341986376297,68.4835385395992,63.351292730540166,-7.595954087376439,0.21006225328686312,-0.005481123785585851,0.014408107142578785,-7.602653794900905,-0.15462870729915779,-0.0023411407825801415,0.1546464291898538,0.884982533680853,,0.0,1.5890566857007713,0.8109433142992286
747,6.1825299000001905,326.0116884810643,301.5819893043197,68.48274988018724,63.350992224000045,-7.5949049288034125,0.21006225328686312,-0.006269783197538459,0.014708613682699934,-7.601516742917161,-0.31464181485951687,-0.034724335940077164,0.3165521302480364,0.4388564750814747,,0.0,1.5890566857007713,0.8109433142992286
749,6.209296900000481,325.9850235140753,301.5893814573745,68.47714857713771,63.35254503632738,-7.594653130745886,0.21006225328686312,-0.011871086247069229,0.013155801355367203,-7.622243438054085,-0.34653187043748024,-0.0764097044341236,0.3548559991892609,0.23758030534011246,,0.0,1.5890566857007713,0.8109433142992286
752,6.229648200000156,325.9111129047915,301.6251973398186,68.46162274800975,63.36006860129705,-7.594642723092842,0.21006225328686312,-0.027396915375035746,0.005632236385693545,-7.623072505859561,-0.2976142944278672,-0.08593468833830921,0.3097725599655327,-0.47133742618824626,,0.0,1.5890566857007713,0.8109433142992286
754,6.245709499999975,325.8914992287907,301.62141888891443,68.45750265503378,63.359274891386185,-7.731062320251839,0.21006225328686312,-0.03151700835100257,0.006425946296559459,-7.623063702228858,-0.22675637894763484,-0.11965800851492941,0.2563912915744259,-0.8172891626142766,,0.0,1.5890566857007713,0.8109433142992286
756,6.260979700000462,325.8849690374928,301.62985163526906,68.45613090833535,63.36104629308684,-7.6000994264038235,0.21006225328686312,-0.03288875504942723,0.004654544595908305,-7.650345888692972,-0.129458058072455,-0.07840569433797384,0.15135006344402674,-0.5118671113564722,,0.0,1.5890566857007713,0.8109433142992286
758,6.277472499999931,325.899472552148,301.63801761319064,68.4591775493044,63.36276165680933,-7.594860910649903,0.21006225328686312,-0.029842114080381066,0.0029391808734118285,-7.674842466497184,0.12070612019542407,0.04897862498710638,0.13026462742532896,-0.4954577959083325,,0.0,1.5890566857007713,0.8109433142992286
761,6.305166500000269,325.936021765036,301.61847284371805,68.46685515931952,63.35865603849395,-7.73106406306645,0.21006225328686312,-0.02216450406525894,0.007044799188797413,-7.653995181171853,0.22901888157313247,0.037277513782210295,0.23203288808009814,0.5375952032967415,,0.0,1.5890566857007713,0.8109433142992286
764,6.325353299999733,325.98291137752375,301.59279161364697,68.47670489697445,63.35326138143804,-7.717125612113907,0.21006225328686312,-0.012314766410327138,0.012439456244706548,-7.65316128975884,0.21825108076910257,0.05148585407157907,0.22424167192197186,1.3399890449617515,7.717125612113907,0.3881686694536149,1.5890566857007713,0.8109433142992286
766,6.342814600000565,326.00660522464506,301.5935470497055,68.48168207988978,63.3534200700387,-7.626825893625181,0.21006225328686312,-0.007337583495001354,0.012280767644043067,-7.56295947707107,0.11608927559157578,0.09792521861731006,0.1518751735756203,1.723703685885922,,0.0,1.5890566857007713,0.8109433142992286
768,6.356695899999977,325.9971112060569,301.5965182299132,68.47968774495241,63.35404420284806,-7.595929969338758,0.21006225328686312,-0.009331918432366137,0.011656634834686486,-7.532068865954218,-0.02141133085860794,0.05009074807443182,0.054475023008650224,2.491771902129355,,0.0,1.5890566857007713,0.8109433142992286
770,6.374019599999883,325.9702193069459,301.58594648238716,68.47403877203,63.351823477741554,-7.14385184721105,0.21006225328686312,-0.014980891354781534,0.013877359941190548,-7.524562783935044,-0.2316097881829085,-0.06557892116481967,0.24071495359298595,2.524508607928847,,0.0,1.5890566857007713,0.8109433142992286
772,6.391040500000599,325.93697575807573,301.5933137785623,68.46705555724706,63.353371068576735,-7.576611007482192,0.21006225328686312,-0.021964106137716044,0.012329769106010247,-7.44638385469698,-0.2839948768173717,-0.0470003632964332,0.28785781943263383,-0.10165885630669735,,0.0,1.571706231186833,0.8282937688131669
774,6.406295499999942,325.8960853989422,301.6159071081084,68.45846603626977,63.35811707429044,-7.679595202018038,0.21006225328686312,-0.03055362711501175,0.007583763392304377,-7.443256697527457,-0.3017126657277388,-0.06823374916404618,0.30933214702891815,-0.5811204684614262,,0.0,1.571706231186833,0.8282937688131669
775,6.417542700000013,325.8973230465129,301.61142001433177,68.45872601930725,63.357174505261014,-7.235931247434857,0.21006225328686312,-0.030293644077531212,0.008526332421730842,-7.532840917690518,-0.29220163738894867,-0.1255063289098321,0.31801514977938644,-0.36042919523726036,,0.0,1.571706231186833,0.8282937688131669
777,6.438380100000359,325.8742837554705,301.62641145902563,68.45388633391676,63.36032364191343,-7.580294183491144,0.21006225328686312,-0.0351333294680245,0.005377195769312948,-7.53642428649704,-0.21891625295801484,-0.13463733106205295,0.25700493521465767,-2.487851028014707,7.580294183491144,0.3804517140344614,1.571706231186833,0.8282937688131669
778,6.449436900000364,325.8596231849614,301.63473702002983,68.45080670144114,63.362072528017855,-7.591772948026354,0.21006225328686312,-0.038212961943642654,0.003628309664890139,-7.5194328556243,-0.028753413293081245,-0.04756343690303642,0.05557912653174632,-2.576836220170653,,0.0,1.571706231186833,0.8282937688131669
780,6.4658211000005394,325.85620333199466,301.6453896764228,68.45008831942103,63.36431024902325,-7.594527851514805,0.21006225328686312,-0.038931343963753307,0.0013905886594969274,-7.618458885856002,0.07609474847374036,0.09106662409216604,0.11867409476724769,-1.0111693571377012,,0.0,1.571706231186833,0.8282937688131669
782,6.48232999999982,325.8866769233376,301.6356241777745,68.45648967068426,63.36225888637272,-7.5946380476543425,0.21006225328686312,-0.032529992700517596,0.003441951310023228,-7.6224199270652715,0.22381628321051272,0.16711671211299023,0.2793236905413225,-0.9770979697775652,,0.0,1.571706231186833,0.8282937688131669
783,6.486848200000168,325.898449931518,301.6189127583108,68.4589627353106,63.35874844794455,-7.7310613985933685,0.21006225328686312,-0.03005692807417404,0.0069523897381955635,-7.623037519295051,0.33073734208745276,0.21119122681139407,0.39241422468250875,-0.3560886247095487,,0.0,1.571706231186833,0.8282937688131669
785,6.502180700000281,325.93540841551965,301.60218912747257,68.46672631773806,63.35523544436754,-7.600099389537485,0.21006225328686312,-0.022293345646716034,0.010465393315207905,-7.623062222984241,0.33172635619079516,0.20004307218879416,0.3873752781507274,1.2244115557024173,,0.0,1.5818074386327847,0.8181925613672153
787,6.518368300000475,325.95514195053056,301.59739596048166,68.47087158856777,63.354228580909044,-7.5948609091752495,0.21006225328686312,-0.018148074817005977,0.011472256773700451,-7.547922830272434,0.253103111375343,0.20786404157694446,0.3275189227641374,1.2876379368644255,,0.0,1.5818074386327847,0.8181925613672153
789,6.53466600000047,325.95212381636617,301.6123170296346,68.47023759250447,63.35736293431676,-7.59465136996076,0.21006225328686312,-0.018782070880305923,0.008337903365983834,-7.517633465945273,0.05268666502053973,0.07426120348440389,0.0910527924554684,1.3155945332610275,,0.0,1.5818074386327847,0.8181925613672153
791,6.550566300000355,325.95171774523675,301.59995156178866,68.47015229228803,63.3547654162781,-7.218941084095306,0.21006225328686312,-0.01886737109674641,0.010935421404646206,-7.516421891372186,-0.10075797652669322,-0.019192836708436092,0.10256965835309365,1.3159523014297607,7.218941084095306,0.35362097848878604,1.553620978488786,0.8463790215112139
793,6.566234400000212,325.9178006879347,301.5918258910688,68.4630275988063,63.353058519577225,-7.579614576957562,0.21006225328686312,-0.025992064578474583,0.01264231810552019,-7.5163734283892625,-0.12471019130167013,-0.03946079504616687,0.13080438127285626,-0.5538985310614826,,0.0,1.553620978488786,0.8463790215112139
795,6.581478199999765,325.89886950100373,301.60910787734707,68.4590508710222,63.3566888125561,-7.5940415166720525,0.21006225328686312,-0.029968792362581098,0.009012025126644119,-7.516370720433161,-0.08408318496753683,0.00563870552476798,0.08427204159316458,-0.9763716874478853,,0.0,1.553620978488786,0.8463790215112139
797,6.597440100000313,325.9092276683977,301.61208199868184,68.4612267310049,63.35731356318524,-7.594618594260632,0.21006225328686312,-0.027792932379881563,0.008387274497508201,-7.591510839086935,-0.007421449452922058,-0.0734044657808896,0.07377867922753883,-0.9972516299673818,,0.0,1.553620978488786,0.8463790215112139
798,6.6092797000001156,325.9184842852635,301.6102119669556,68.46317119680154,63.3569207401071,-7.594637830180251,0.21006225328686312,-0.025848466583241247,0.00878009757564513,-7.594516443833086,0.12318753874590171,-0.06063034094803036,0.13729970118593646,-1.065677837108274,7.594637830180251,0.38637780668994887,1.5863778066899488,0.8136221933100511
799,6.613542699999925,325.9261542744409,301.61491718851624,68.46478237201083,63.35790912955034,-7.594641677364176,0.21006225328686312,-0.024237291373950143,0.007791708132401709,-7.594636666791834,0.1906779728546235,-0.02884158288118394,0.19284689843251496,-1.084892338332063,,0.0,1.5863778066899488,0.8136221933100511
801,6.62965179999992,325.9413628068254,301.60166474615727,68.4679771105927,63.355125291646864,-7.594642600688317,0.21006225328686312,-0.021042552792081892,0.010575546035880734,-7.600098262819558,0.257443626406789,0.010783782163480967,0.2576693826111821,-0.49176868799525975,,0.0,1.5863778066899488,0.8136221933100511
802,6.641042600000219,325.94551526225325,301.6059597046057,68.46884938473656,63.356027500296314,-7.594642631465788,0.21006225328686312,-0.02017027864822296,0.009673337386431058,-7.601190582025104,0.23012621114922094,-0.015860758264294724,0.23067214116709936,-1.5573040347997376,,0.0,1.5863778066899488,0.8136221933100511
804,6.6568317999999636,325.9808533556242,301.5940095664988,68.47627258425692,63.353517227358495,-7.621926574399256,0.21006225328686312,-0.012747079127862548,0.012183610324250083,-7.628692981413088,0.1099241570646736,0.13776347152574556,0.17624441662987209,-3.072451638709709,,0.0,1.5863778066899488,0.8136221933100511
805,6.672378400000525,325.98289949613263,301.6014137685778,68.47670240114266,63.355072570731,-7.600099426207977,0.21006225328686312,-0.012317262242120819,0.010628266951748344,-7.7154669055136065,-0.0141105501185593,0.08651837373012025,0.08766148879384343,-2.9513190698370404,7.600099426207977,0.3800916781267983,1.5863778066899488,0.8136221933100511
806,6.676422999999886,325.97860451270503,301.5910883054257,68.47580018724602,63.35290358067504,-7.7321536743040955,0.21006225328686312,-0.013219476138758068,0.012797257007704843,-7.7462217992556015,-0.11755156582118007,0.1024700843819814,0.15594386432387014,-3.136737593168123,,0.0,1.5863778066899488,0.8136221933100511
808,6.69227520000004,325.9467695477911,301.59738308256567,68.46911286278291,63.354225875744994,-8.028512221190915,0.21006225328686312,-0.019906800601873442,0.01147496193775055,-7.741995207895906,-0.26764305935235994,0.08710468216764022,0.28146053519990416,-3.50395242832304,,0.0,1.5863778066899488,0.8136221933100511
810,6.7080062000004546,325.91377209576035,301.59734163064866,68.4621813436566,63.354217168261904,-7.748417100175762,0.21006225328686312,-0.026838319728184956,0.01148366942084067,-7.758087823938867,-0.34325585871496306,0.08981962949264216,0.3548128385280643,-1.5392928056298063,,0.0,1.5863778066899488,0.8136221933100511
812,6.724456800000553,325.8918199234655,301.590907460314,68.4575700208798,63.35286559194337,-7.600793617600781,0.21006225328686312,-0.03144964250498106,0.012835245739374557,-7.81694680397318,-0.36357242751369767,-0.11206744234811003,0.3804523908226231,-0.018304926730048535,7.600793617600781,0.38005294060395406,1.5863778066899488,0.8136221933100511
814,6.740841900000305,325.8644869904558,301.5976521599952,68.45182840338285,63.354282398756155,-7.680562506422781,0.21006225328686312,-0.03719126000193285,0.011418438926590113,-7.747445124979649,-0.3303726080354756,-0.05676559792951919,0.3352139514525877,-1.605795348428689,,0.0,1.5863778066899488,0.8136221933100511
816,6.757352999999966,325.83896924915933,301.63484357066864,68.44646808914732,63.36209491028513,-8.026448574475662,0.21006225328686312,-0.04255157423746425,0.0036059273976150052,-7.7474286158059265,-0.3071825815718503,0.21694361534262266,0.3760660456077819,-5.047168377604735,,0.0,1.5863778066899488,0.8136221933100511
817,6.768521699999837,325.82536578641094,301.62457698153435,68.44361051510988,63.35993828743801,-7.681003826223257,0.21006225328686312,-0.04540914827489928,0.005762550244732267,-7.833101783563977,-0.24736819983192326,0.1316262798100524,0.2802079653127665,-3.2714525532864265,,0.0,1.5863778066899488,0.8136221933100511
818,6.7724693999998635,325.81926411505975,301.5988474924539,68.44232878427704,63.35453349298585,-7.748334554307152,0.21006225328686312,-0.046690879107742944,0.011167344696893622,-7.9050677727742995,-0.18759989286788656,0.09238996268496485,0.2091162954170997,-4.008868288912295,,0.0,1.5863778066899488,0.8136221933100511
820,6.788089200000286,325.82065896324593,301.624458379045,68.44262178923002,63.35991337353185,-8.029159456391037,0.21006225328686312,-0.046397874154763485,0.005787464150891708,-7.822272584217713,-0.09519361073464298,0.19610104948912274,0.21798496538851964,-3.620216802780938,,0.0,1.5863778066899488,0.8136221933100511
822,6.804047900000114,325.8167407091287,301.6459317248622,68.44179871194119,63.36442411293982,-8.040392452474393,0.21006225328686312,-0.04722095144359173,0.0012767247429223971,-7.813420574635979,-0.03857627289088525,0.15058901661508536,0.15545153828524988,-2.072255626543638,,0.0,1.5863778066899488,0.8136221933100511
824,6.819684500000221,325.82696716224046,301.6425531211096,68.44394690372499,63.36371439582258,-7.612472631692726,0.21006225328686312,-0.04507275965978863,0.001986441860161392,-7.783019000719816,0.07292260574148045,-0.10658355298200627,0.12914240277459427,2.49551986048491,,0.0,1.5863778066899488,0.8136221933100511
826,6.836532799999986,325.8291512679525,301.6453174222422,68.44440570189228,63.36429507114727,-7.636743778314584,0.21006225328686312,-0.04461396149250163,0.001405766535476971,-7.7818568272212865,0.055447084130951195,-0.0507395688302717,0.07515905124272564,0.0711980637862144,7.636743778314584,0.38205402803627775,1.5863778066899488,0.8136221933100511
828,6.852154700000028,325.84646535634664,301.63912727602394,68.44804273831396,63.362994755084486,-7.596326684726334,0.21006225328686312,-0.04097692507082229,0.0027060825982587744,-7.709855102547969,-0.00012162984074842731,0.08081656968072322,0.08081666120780635,-5.109743842527826,,0.0,1.5863778066899488,0.8136221933100511
829,6.864695100000063,325.84236890256324,301.6430200392208,68.44718222800174,63.36381247769313,-8.023348588898392,0.21006225328686312,-0.04183743538304441,0.00188835998961423,-7.795392579764361,-0.043668801887314264,0.014850906349549178,0.04612497889079823,-6.994524180867819,,0.0,1.5863778066899488,0.8136221933100511
830,6.8685591000003114,325.83630938872676,301.6361196948638,68.44590935287141,63.36236297580904,-7.680383829107804,0.21006225328686312,-0.04311031051337011,0.0033378618737032184,-7.893345084712391,-0.03845046238374578,-0.05700653546905439,0.06876178548953195,-6.160626445599496,,0.0,1.5863778066899488,0.8136221933100511
831,6.880537200000617,325.83172749366605,301.652338944712,68.44494686967064,63.36577002797878,-8.040160017774687,0.21006225328686312,-0.04407279371413608,-6.919029603835725e-05,-7.982937013035312,-0.12608736968157613,-0.11328031786817885,0.16950060533677774,-7.930700159162251,,0.0,1.5863778066899488,0.8136221933100511
833,6.899917800000367,325.8366471224069,301.6886669970328,68.44598029796927,63.373401180506804,-8.126506303054738,0.21006225328686312,-0.04303936541550968,-0.007700342824058737,-7.900792972585112,-0.06966114326369738,-0.07749721559047774,0.1042040944736931,-5.556729326246854,,0.0,1.6135584281056725,0.7864415718943274
835,6.916108299999905,325.8208184297696,301.7039379885841,68.4426552871273,63.37660903940199,-8.04428632634094,0.21006225328686312,-0.04636437625748613,-0.010908201719246335,-7.96946244870048,0.021511997971361142,-0.15698539219185506,0.15845245160094681,-0.2229695229263814,,0.0,1.6135584281056725,0.7864415718943274
837,6.933076500000425,325.83806529675803,301.69475296022404,68.44627820286902,63.374679611648176,-7.612628386647388,0.21006225328686312,-0.04274146051575656,-0.00897877396543123,-7.88379168154177,0.07125099602454862,-0.04450088649705966,0.08400615056955313,1.1183143632656143,,0.0,1.6135584281056725,0.7864415718943274
839,6.948251499999969,325.84719986656984,301.6963647174847,68.44819703118651,63.375018181010105,-8.023731209684646,0.21006225328686312,-0.04082263219827098,-0.009317343327360561,-7.8637793186006935,0.03378457004032736,0.09436068371153235,0.10022642268043706,-1.2209949789372114,8.023731209684646,0.39948355810949265,1.5994835581094926,0.8005164418905073
841,6.965086400000473,325.86069115682176,301.67408653080474,68.45103104201657,63.37033837491697,-7.611806181981136,0.21006225328686312,-0.037988621368214126,-0.0046375372342239984,-7.876796483257104,-0.042381040832240535,0.30627316461885234,0.3091915328524872,-1.5330907673702516,,0.0,1.5994835581094926,0.8005164418905073
842,6.9766435999999885,325.8533182359828,301.65755056336525,68.44948226965182,63.36686479233635,-8.026444488349352,0.21006225328686312,-0.039537393732956616,-0.0011639546536059697,-7.962990997968361,-0.08518305629511407,0.29075704899806926,0.3029782411689695,-3.831272095433115,,0.0,1.5994835581094926,0.8005164418905073
843,6.980191200000263,325.84341836514807,301.6430024479702,68.44740268047704,63.36380878243539,-8.109372149622995,0.21006225328686312,-0.04161698290774041,0.0018920552473531416,-7.9835735441818105,-0.14195927807119849,0.27362343005468015,0.30825674056763835,-4.331045656090019,,0.0,1.5994835581094926,0.8005164418905073
845,6.9962781000003815,325.84338022802194,301.6402357181837,68.44739466930639,63.3632275969422,-8.04360096020367,0.21006225328686312,-0.04162499407838993,0.0024732407405423373,-8.087205439780348,-0.21340455411089423,0.25934762571352443,0.33586112409523067,-4.230329969074139,,0.0,1.5994835581094926,0.8005164418905073
847,7.013841400000274,325.83021713888513,301.6492638473767,68.4446296011421,63.36512406610345,-8.126643940751897,0.21006225328686312,-0.044390062242683825,0.0005767715792970307,-8.107931818900056,-0.20588086726039598,0.22983072598865484,0.3085597091526451,-2.7413152391804974,,0.0,1.5994835581094926,0.8005164418905073
849,7.0292144000004555,325.81639395753285,301.63414397764365,68.44172587251964,63.361947952197916,-8.129965659973827,0.21006225328686312,-0.047293790865140295,0.003752885484828994,-8.112077094723999,-0.10686237380466179,-0.1284227057008849,0.1670687232090536,-1.5813321150185289,,0.0,1.5994835581094926,0.8005164418905073
850,7.041963499999838,325.8105438018832,301.62485984694996,68.4404969756418,63.35999770678459,-8.130076383947891,0.21006225328686312,-0.04852268774297386,0.0057031308981549955,-8.112242905756956,-0.08148768153606004,-0.1286167092516753,0.15225800517822477,0.803136384147463,,0.0,1.5994835581094926,0.8005164418905073
851,7.045441299999766,325.80903548660365,301.6402542683781,68.44018013553551,63.363231493637834,-8.130098528742703,0.21006225328686312,-0.04883952784926748,0.0024693440449112813,-8.112249538198274,-0.018800744630293593,0.00831112638324992,0.020555846380333413,1.256038314926918,,0.0,1.5994835581094926,0.8005164418905073
853,7.061074199999894,325.81844038929944,301.63763780949824,68.44215575058773,63.3626818743899,-8.044430015368459,0.21006225328686312,-0.04686391279705049,0.0030189632928454557,-8.026575975370926,0.041172009987764165,-0.018712961411983517,0.04522509625461218,1.35366524188033,8.044430015368459,0.4008826884905139,1.5994835581094926,0.8005164418905073
855,7.076875100000507,325.8301747411281,301.59426139019325,68.44462069497372,63.35357012601118,-8.126677102958489,0.21006225328686312,-0.04439896841105906,0.012130711671566985,-8.009441262805458,0.059829700860852285,-0.13226063680065164,0.1451635944443818,1.0804975041242693,,0.0,1.5994835581094926,0.8005164418905073
857,7.092559900000197,325.8384612387033,301.5889239449193,68.44636137532622,63.35244893023014,-7.70159784583709,0.21006225328686312,-0.04265828805856131,0.013251907452605849,-8.006014320292364,0.06277249510574925,0.047951045995561895,0.07899170180385916,1.1838905380548903,,0.0,1.5994835581094926,0.8005164418905073
858,7.104489600000306,325.83828504844536,301.61247909414,68.44632436440364,63.35739697795194,-8.044402821120544,0.21006225328686312,-0.04269529898114399,0.008303859730801832,-8.022463520256387,-0.028882475590781526,0.06795695413080718,0.07383999601157033,3.7407841765331638,,0.0,1.5994835581094926,0.8005164418905073
859,7.1204085999997915,325.83249606679885,301.61465999570294,68.44510831787473,63.35785510304845,-8.112963816177235,0.21006225328686312,-0.043911345510053934,0.007845734634294388,-8.014264310520572,-0.07391172971680736,0.004219337421709386,0.07403206466125756,4.5407197580791205,8.112963816177235,0.40680676061030974,1.5994835581094926,0.8005164418905073
860,7.124540499999966,325.8259676446294,301.61200087539055,68.4437369428034,63.35729652224387,-8.126676015188572,0.21006225328686312,-0.04528272058138327,0.008404315438873766,-7.938795961271765,-0.053276977464137044,0.00981277141846024,0.05417311889327692,5.460660495037515,,0.0,1.5994835581094926,0.8005164418905073
862,7.141585500000474,325.82035695606083,301.59106835305175,68.4425583489202,63.352899389434405,-8.08568105427942,0.21006225328686312,-0.04646131446457957,0.012801448248339398,-7.8521376196725265,0.012511824839118911,0.13277249302386823,0.13336071634697352,5.903536908555264,,0.0,1.5994835581094926,0.8005164418905073
864,7.156278100000236,325.8353356489872,301.58411241110383,68.44570480690761,63.35143820859509,-7.324256099593052,0.21006225328686312,-0.04331485647716704,0.014262629087653522,-7.781345854717074,0.0480659589466878,0.1823362360608707,0.18856521256666153,5.725667209832122,,0.0,1.5994835581094926,0.8005164418905073
866,7.173223300000245,325.86162048062516,301.56797637078677,68.45122625786874,63.348048635606965,-7.611111113124347,0.21006225328686312,-0.037793405516040934,0.01765220207578011,-7.767187501725983,0.09445457632247992,0.05739534360452675,0.11052552852504652,-0.782476178272594,7.611111113124347,0.371287300046293,1.571287300046293,0.8287126999537069
868,7.189028700000563,325.8692485426123,301.55149545615757,68.45282862575797,63.344586617543726,-7.759004991399975,0.21006225328686312,-0.03619103762680709,0.02111422013901887,-7.773103311270049,-0.02292561076177449,-0.10555608900416757,0.10801699660079489,-8.05721324534873,,0.0,1.571287300046293,0.8287126999537069
869,7.200310000000172,325.8638804339929,301.5777847527113,68.4517009887655,63.350109006415124,-8.05588425023312,0.21006225328686312,-0.03731867461928573,0.015591831267620648,-7.934154152636188,-0.11094239504806472,-0.1746136506638636,0.2068771181575252,-8.687885504011676,,0.0,1.571287300046293,0.8287126999537069
870,7.203627200000483,325.85352046250216,301.5865772306583,68.44952474981017,63.35195597414465,-8.11526010199975,0.21006225328686312,-0.03949491357461454,0.013744863538093455,-8.037947992931457,-0.20137210780918754,-0.35599150890024966,0.40899960906166105,-8.770502548739863,,0.0,1.571287300046293,0.8287126999537069
872,7.220799499999885,325.83505088522963,301.6066741231808,68.44564498879105,63.356177572671996,-8.129510306423741,0.21006225328686312,-0.04337467459373556,0.009523265010749071,-8.009359023887018,-0.18552730627169925,-0.33643115562059817,0.3841956582844788,-7.64481101671082,,0.0,1.571287300046293,0.8287126999537069
874,7.235956600000463,325.82593717080533,301.65767764600446,68.44373054140326,63.3668914876019,-8.1300803146007,0.21006225328686312,-0.04528912198152568,-0.00119064991915252,-8.002955869853567,-0.16278712120114552,-0.16752361669210797,0.23358897443706703,-3.79499673548748,,0.0,1.6154929393209234,0.7845070606790765
876,7.251859200000581,325.83960973589507,301.63369137020925,68.44660263123421,63.3618528764604,-7.616060146177778,0.21006225328686312,-0.042417032150567024,0.0038479612223483173,-7.919400949637893,0.0015962570668937096,-0.07125797129795956,0.07127584801406742,3.225532420422621,,0.0,1.6154929393209234,0.7845070606790765
878,7.267717700000503,325.8406473766819,301.60688934100915,68.446820600396,63.35622278181396,-8.023868480065861,0.21006225328686312,-0.04219906298878584,0.00947805586878303,-7.8405340946261415,0.03733377865767014,0.00771650061930056,0.03812289877052337,2.8341040899463,,0.0,1.6154929393209234,0.7845070606790765
880,7.283858200000395,325.853392282942,301.61268720612753,68.44949782412294,63.35744069442498,-7.697485500921385,0.21006225328686312,-0.0395218392618375,0.008260143257764696,-7.778989527847546,0.03927031898480457,0.20369612283015548,0.20744702554918953,3.597316654900836,7.697485500921385,0.3764138795849387,1.5764138795849387,0.8235861204150612
882,7.300364900000204,325.8496798674153,301.60097605585173,68.44871798575225,63.35498062380947,-7.735176031364981,0.21006225328686312,-0.040301677632527344,0.010720213873277373,-7.783814620105924,0.020229220976145934,0.19671110083836685,0.19774852357057907,2.879349251672105,,0.0,1.5764138795849387,0.8235861204150612
884,7.316489900000306,325.84072744349567,301.5800166767085,68.44683741941132,63.350577849399144,-7.8223574807077245,0.21006225328686312,-0.042182243973456934,0.015122988283600591,-7.71546856129626,0.02260887967039464,0.057183526870656934,0.06149078943482127,2.2285460236987937,,0.0,1.5764138795849387,0.8235861204150612
885,7.3284278000000995,325.84558072562004,301.5639952580443,68.4478569107902,63.34721235409369,-7.64018560746967,0.21006225328686312,-0.04116275259458746,0.018488483589052862,-7.695599953318873,-0.010509032941611329,0.09865973366233102,0.09921785534715999,1.9185934277044665,,0.0,1.5764138795849387,0.8235861204150612
887,7.344695599999795,325.8475665840475,301.5905284817039,68.44827406468619,63.3527859828426,-7.682138186017537,0.21006225328686312,-0.04074559869859229,0.012914854840147427,-7.66763326775288,0.016379161750886356,0.04225035553622454,0.045314120123854086,2.1212753499416492,7.682138186017537,0.3838547259857326,1.5764138795849387,0.8235861204150612
889,7.3648057000000335,325.84759342541895,301.57789885957425,68.44827970304515,63.35013297595987,-7.598142461034452,0.21006225328686312,-0.04073996033963567,0.015567861722871612,-7.622118298018361,0.11066316015031108,-0.12592111145911256,0.16763788750026543,-2.68244473230379,,0.0,1.5764138795849387,0.8235861204150612
890,7.3774357000002055,325.8528361615305,301.58589622368265,68.44938100400613,63.35181292028484,-7.595342603535015,0.21006225328686312,-0.039638659378653074,0.013887917397902072,-7.613010824299457,0.12114029038995205,-0.17740254065198008,0.21481767009615238,-3.1322496260125083,,0.0,1.5764138795849387,0.8235861204150612
891,7.38174859999981,325.86012066147634,301.59755437818626,68.45091120247882,63.35426185848903,-7.594782632035129,0.21006225328686312,-0.03810846090595987,0.01143897919371284,-7.698320353475702,0.07685444920252578,-0.25088776435794913,0.2623952679961158,-4.685953336170094,,0.0,1.5764138795849387,0.8235861204150612
893,7.3969175000002,325.8700703312593,301.59578449604874,68.45300125253289,63.353890073059176,-7.5946482388751555,0.21006225328686312,-0.036018410851895055,0.01181076462356856,-7.707189521752126,0.09072437678488976,-0.24957365770768736,0.2655521100737114,-6.261770927261793,7.5946482388751555,0.378048733340498,1.5764138795849387,0.8235861204150612
895,7.412022100000286,325.8559922497076,301.64684041283897,68.45004397900018,63.36461499398376,-8.108685831898757,0.21006225328686312,-0.038975684384595866,0.0010858436989877873,-7.798562909417582,0.05126063220152002,-0.21677186550054048,0.22275029536744484,-6.5169936487219555,,0.0,1.5764138795849387,0.8235861204150612
897,7.427924800000255,325.8612635689515,301.6363557179411,68.45115128419835,63.36241255534849,-7.6424883024165755,0.21006225328686312,-0.03786837918643471,0.0032882823342532674,-7.887869274189205,-0.02877011076086012,-0.12728783977316174,0.1304987104430931,-2.3653603765990905,,0.0,1.5764138795849387,0.8235861204150612
899,7.444192900000417,325.8527352993534,301.63395520051097,68.44935981666994,63.36190829724806,-8.05220954186229,0.21006225328686312,-0.039659846714840796,0.0037925404346879077,-7.896898315889445,-0.05057114960243792,-0.07486107299939244,0.09034169260497903,-3.0822031371288503,,0.0,1.5764138795849387,0.8235861204150612
901,7.461342399999921,325.8490322690758,301.64378441621847,68.44858194978583,63.36397304444762,-8.041314455893243,0.21006225328686312,-0.040437713598947767,0.0017277932351262848,-7.880124711932453,-0.010331743532476467,0.04163333883192914,0.042896151653908164,-1.9843409172399815,,0.0,1.5764138795849387,0.8235861204150612
903,7.476818400000411,325.8511525905477,301.6226664118779,68.44902734929192,63.35953694887092,-7.639793447376355,0.21006225328686312,-0.03999231409285642,0.006163888811826723,-7.9446427326179245,-0.0049071626254643085,0.04245211666635845,0.0427347920842826,-0.027202033944351167,,0.0,1.5764138795849387,0.8235861204150612
905,7.492848500000036,325.85156549088873,301.6324015292824,68.44911408406793,63.36158192956891,-8.024817812113804,0.21006225328686312,-0.03990557931685146,0.00411890811383131,-7.953620610869849,-0.0027905747297731417,-0.010825711051516862,0.011179594227581911,0.18290505246115266,,0.0,1.5764138795849387,0.8235861204150612
907,7.5094522999997935,325.85921306229676,301.621131006835,68.45072055015008,63.3592144182279,-7.9650784058439275,0.21006225328686312,-0.038299113234700144,0.0064864194548448495,-7.884384499281701,0.03223975643771869,-0.03191475271444128,0.04536467057069147,1.8582572746111043,7.9650784058439275,0.4036572729158071,1.603657272915807,0.7963427270841928
908,7.526053499999762,325.85134653949996,301.63973404565405,68.44906809064585,63.363122214480214,-8.097098933121911,0.21006225328686312,-0.039951572738928576,0.002578623202531105,-7.876158267708801,0.06451088252371567,-0.06894041222950788,0.09441628250658424,3.9332912738675168,,0.0,1.603657272915807,0.7963427270841928
909,7.532316599999831,325.85521639561716,301.64646763006584,68.44988100134172,63.36453668639445,-7.695133897952507,0.21006225328686312,-0.03913866204305805,0.0011641512882931693,-7.817567954679013,0.06594243264275082,-0.031185171090113928,0.07294463187077858,6.284383567828893,,0.0,1.603657272915807,0.7963427270841928
911,7.544077200000174,325.86586137934034,301.64078417072676,68.45211711060882,63.36334280611921,-7.59866228951185,0.21006225328686312,-0.03690255277595611,0.0023580315635314264,-7.744578590204697,0.06907133937693942,-0.06993981992446394,0.09829765172368456,5.700913921323587,,0.0,1.603657272915807,0.7963427270841928
912,7.553049400000418,325.86639820616324,301.63816998067,68.45222987766086,63.362793663465375,-7.73186624696487,0.21006225328686312,-0.03678978572392566,0.0029071742173698567,-7.644131242966844,0.10510873716699043,-0.031821529717491276,0.10982010918953165,6.400627156655139,,0.0,1.603657272915807,0.7963427270841928
914,7.569093900000553,325.874983094062,301.6420794561893,68.45403323855709,63.36361489670213,-7.600131583472345,0.21006225328686312,-0.034986424827692986,0.002085940980613543,-7.624034747670553,0.058839069842363485,0.0015263367504075864,0.058858863765707994,5.076156636991585,7.600131583472345,0.3739012000474435,1.5739012000474435,0.8260987999525564
916,7.58810799999992,325.88228310780755,301.64613468097764,68.45556669589351,63.36446674635875,-7.5948621969326435,0.21006225328686312,-0.03345296749127158,0.00123409132399388,-7.548090788033276,0.028632558853945826,0.01871972751794649,0.034208940715415824,3.8618426200226947,,0.0,1.5739012000474435,0.8260987999525564
918,7.603651600000376,325.8747685487302,301.6505080055738,68.45398817068126,63.36538541677777,-7.594651421471056,0.21006225328686312,-0.035031492703524236,0.0003154209049753831,-7.505618060558946,0.05400658847480696,0.016811906862752368,0.056562812969733145,1.6260853175180228,,0.0,1.5739012000474435,0.8260987999525564
919,7.6162648999998055,325.87711651462394,301.6392505365497,68.45448138968754,63.36302064746827,-7.218942491325461,0.21006225328686312,-0.03453827369723683,0.002680190214476852,-7.503919151459973,0.039141438280357536,0.05142640039337763,0.06462760128671828,0.07646388331374987,,0.0,1.5739012000474435,0.8260987999525564
920,7.620355900000504,325.87983210717164,301.6382443357976,68.45505183317712,63.362809282671016,-7.519502609593218,0.21006225328686312,-0.03396783020765781,0.0028915550117289968,-7.503851195096015,0.03159656795806313,0.045446450500045484,0.05535090757866203,-1.9065574128127185,7.519502609593218,0.37445052944521756,1.5739012000474435,0.8260987999525564
922,7.636183000000528,325.8827006120449,301.62906072692,68.45565439777437,63.360880153096886,-7.5916370379774785,0.21006225328686312,-0.03336526561041353,0.004820684585858714,-7.606657070591456,-0.005540566972107877,-0.04392286112833754,0.04427093416759621,-2.6542055239083875,,0.0,1.5739012000474435,0.8260987999525564
924,7.65246180000031,325.8860270188436,301.6348496664042,68.45635315028184,63.36209619076908,-7.594522415112849,0.21006225328686312,-0.032666513102938666,0.0036046469136650217,-7.703044171061698,-0.039872920233030254,-0.09349335606250406,0.1016408254381071,-2.6883992126017455,,0.0,1.5739012000474435,0.8260987999525564
926,7.668248900000435,325.8644396464414,301.67287398122545,68.45181845819249,63.37008366402012,-8.108680798948264,0.21006225328686312,-0.03720120519228942,-0.004382826337376855,-7.718922059811218,-0.07153296619400523,-0.08963647652553718,0.11468070097634506,-2.7641117752791713,,0.0,1.5739012000474435,0.8260987999525564
928,7.685756500000025,325.8533915678684,301.67790553019864,68.44949767391296,63.37114060253495,-7.700877993676681,0.21006225328686312,-0.039521989471822394,-0.005439764852205542,-7.7195571753611985,-0.03286693560409823,-0.06540101744307988,0.07319514012961502,-0.28489666681524395,,0.0,1.6162979630261392,0.7837020369738609
930,7.70090270000037,325.85203158358746,301.67278978045186,68.44921199255047,63.37006597661589,-7.598892053340817,0.21006225328686312,-0.03980767083430692,-0.004365138933145829,-7.725039367092573,-0.021994950585538253,0.024167938467717677,0.03267823589240486,1.178647476881956,,0.0,1.6162979630261392,0.7837020369738609
932,7.717364400000406,325.87016557871056,301.6537417898671,68.45302126042712,63.366064712793076,-7.594812615727383,0.21006225328686312,-0.03599840295765944,-0.0003638751103309801,-7.627906848121203,-0.0033705600832121957,0.16603238008258162,0.16606658878643046,1.390575020178882,,0.0,1.6162979630261392,0.7837020369738609
934,7.732414199999766,325.87713544022216,301.62700807756494,68.45448536524134,63.360448968948155,-7.62193337376972,0.21006225328686312,-0.03453429814344133,0.005251868734589493,-7.606886781737348,0.04356528385593815,0.1566213651341021,0.1625674812929025,1.3982221537058104,,0.0,1.6162979630261392,0.7837020369738609
936,7.748017300000356,325.8627166254143,301.6119018567765,68.45145651651308,63.35727572217069,-7.623018204091414,0.21006225328686312,-0.03756314687170459,0.008425115512054049,-7.606045979081994,0.0652406344982387,0.12096628067980054,0.1374379185350137,2.4201891017205246,,0.0,1.5805612733472332,0.8194387266527667
938,7.7644428000003245,325.8707017867691,301.6203018189294,68.45313389750012,63.35904023714805,-7.595777661757406,0.21006225328686312,-0.03588576588465742,0.006660600534694083,-7.606013799804705,0.023912889277519105,0.0980318941447485,0.10090628594496015,1.590828708632235,,0.0,1.5805612733472332,0.8194387266527667
940,7.781418399999893,325.8779357073762,301.62897500992335,68.45465347116296,63.360862147191426,-7.594688040064046,0.21006225328686312,-0.034366192221824576,0.004838690491318687,-7.525415635230648,0.03579818746891705,0.05231693514601758,0.06339220716406978,1.321594117354225,,0.0,1.5805612733472332,0.8194387266527667
941,7.793223700000453,325.8793273716683,301.621759438516,68.45494580729998,63.359346428002844,-7.594651719340934,0.21006225328686312,-0.0340738560848024,0.006354409679900641,-7.504712518713968,0.2644023019744293,0.1235415794949658,0.2918408798531972,0.709659232917391,,0.0,1.5805612733472332,0.8194387266527667
942,7.809613200000058,325.89155425502645,301.6104798376563,68.45751421396886,63.356977009630086,-7.2189425508994365,0.21006225328686312,-0.03150544941591704,0.008723828052659144,-7.503884394053301,0.2433716091420614,0.14628601059526772,0.28395305427530637,0.702761702466317,7.2189425508994365,0.3529546708765154,1.5529546708765154,0.8470453291234845
943,7.813679599999887,325.9099231706902,301.5996490731836,68.46137282978363,63.35470187484013,-7.519502621508012,0.21006225328686312,-0.027646833601153276,0.01099896284261348,-7.516107128441875,0.20157982869028143,0.15498288833155963,0.2542717503192124,-1.2213608855853648,,0.0,1.5529546708765154,0.8470453291234845
945,7.828665099999853,325.9097068070549,301.59919986883176,68.46132737995086,63.35460751396179,-7.591637038454071,0.21006225328686312,-0.027692283433921716,0.011093323720956505,-7.516594584988492,0.17755741027598715,0.08605225167122443,0.19731098287121013,-0.853053624941493,,0.0,1.5529546708765154,0.8470453291234845
947,7.8441057,325.90092711001125,301.603892481426,68.4594830970067,63.35559325473714,-7.655801712006913,0.21006225328686312,-0.029536566378084217,0.010107582945607874,-7.5918324571571905,0.14081740041249702,0.033569731291237456,0.14476348682557838,-0.8234575970653089,,0.0,1.5529546708765154,0.8470453291234845
949,7.860820200000489,325.89334026249094,301.6211001373889,68.45788938672123,63.359207933722494,-7.597089002074027,0.21006225328686312,-0.031130276663546397,0.0064929039602503735,-7.531739650731556,0.05076051784767587,0.007057954001768035,0.05124885254184033,4.208703559194202,7.597089002074027,0.3872251023429148,1.5872251023429147,0.8127748976570852
950,7.872929099999965,325.8917844674782,301.6278931373746,68.45756257291521,63.360634886606064,-7.59513191174293,0.21006225328686312,-0.03145709046957279,0.005065951076680619,-7.52933593847453,0.04709998889691233,-0.01684476393909268,0.05002154562039264,5.195524719034456,,0.0,1.5872251023429147,0.8127748976570852
951,7.876631900000575,325.9005736803461,301.6203674493827,68.45940885477486,63.35905402362895,-7.219038589379836,0.21006225328686312,-0.029610808609916717,0.006646814053794969,-7.447300336859248,0.07747917458228626,0.056517353712199916,0.09590220938321656,7.113965456002996,,0.0,1.5872251023429147,0.8127748976570852
953,7.892631200000324,325.89894866630095,301.62899055591845,68.45906750066291,63.360865412818185,-7.579618477168943,0.21006225328686312,-0.029952162721869513,0.004835424864559457,-7.3688785319352625,0.08475481406326246,0.10188575957037205,0.13252956843712219,6.431754409545467,,0.0,1.5872251023429147,0.8127748976570852
955,7.909233800000038,325.9015135763118,301.60504486567754,68.45960629143927,63.35583532716967,-7.245623703930508,0.21006225328686312,-0.02941337194550897,0.009865510513073161,-7.290522995265686,0.04990387610323048,0.11936711071475758,0.12937891625189854,6.393729401139585,,0.0,1.5872251023429147,0.8127748976570852
957,7.926334599999791,325.8967128693935,301.60418340713215,68.45859784412664,63.355654367246515,-7.204979977454095,0.21006225328686312,-0.03042181925813736,0.010046470436229527,-7.287373117076253,-0.02602991142166167,0.0354113726184623,0.04394907961883996,1.1001111867016857,,0.0,1.575080913319453,0.8249190866805469
959,7.941364700000122,325.88231370411734,301.6063611638735,68.45557312302329,63.35611183173471,-7.203354228395039,0.21006225328686312,-0.033446540361495636,0.0095890059480368,-7.287247121948676,-0.05301408860197637,0.01937026041495339,0.05644201076185461,-0.8802109752674128,,0.0,1.575080913319453,0.8249190866805469
961,7.957519900000079,325.89146166888526,301.60581062816203,68.45749476511541,63.35599618496265,-7.203289198432676,0.21006225328686312,-0.03152489826936744,0.009704652720095908,-7.356925675893573,-0.08735292701535857,-0.07967628965193338,0.11823216563545365,-1.8633743749942842,,0.0,1.575080913319453,0.8249190866805469
963,7.973105300000498,325.8798683471032,301.6201614430687,68.45505944581879,63.35901074947844,-7.578988501531057,0.21006225328686312,-0.03396021756599055,0.006690088204301503,-7.434853198910744,-0.1031717308215391,-0.11201526032065487,0.15228862263943488,-1.744373661419949,7.578988501531057,0.3799956805464399,1.575080913319453,0.8249190866805469
965,7.988976999999977,325.8693476219137,301.63468828233044,68.45284943857928,63.3620622900669,-7.594016473654992,0.21006225328686312,-0.03617022480550247,0.003638547615842924,-7.437969498339584,-0.025902878747316747,-0.07245942935083818,0.07695016588186997,-1.5050199239502224,,0.0,1.575080913319453,0.8249190866805469
967,8.00424650000059,325.8593116433618,301.6456727326115,68.45074125831074,63.36436970844406,-7.59461759253995,0.21006225328686312,-0.038278405074038346,0.0013311292386859463,-7.426071529080868,0.11783747198039973,0.07076824507213686,0.13745477188268698,-0.6095922294922467,,0.0,1.575080913319453,0.8249190866805469
968,8.01661250000052,325.87020815986386,301.63582156450053,68.45303020512013,63.36230034987316,-7.21893572553924,0.21006225328686312,-0.03598945826465183,0.003400487809585684,-7.411168625125845,0.1622903109034335,0.10492827538174687,0.19325653413978222,1.6026233894385729,,0.0,1.575080913319453,0.8249190866805469
969,8.02024590000019,325.8846968153566,301.6233108598751,68.45607372474004,63.35967232306934,-7.143799352139098,0.21006225328686312,-0.03294593864474393,0.006028514613404923,-7.410572508967645,0.18794064592939835,0.1640057568071625,0.2494385187942103,0.9138258334214098,,0.0,1.575080913319453,0.8249190866805469
970,8.03264709999985,325.8885936374329,301.62464637951956,68.45689229996604,63.35995286533516,-7.504473981755945,0.21006225328686312,-0.03212736341873779,0.005747972347585062,-7.335408283461942,0.27747021313329,0.2037300315288884,0.34423196383107024,-0.4046560924519915,7.504473981755945,0.373956624781664,1.575080913319453,0.8249190866805469
972,8.05246249999982,325.88755690824775,301.6149185420305,68.45667452229736,63.357909413872605,-7.591035892863988,0.21006225328686312,-0.03234514108741848,0.007791423810139975,-7.407542896792936,0.23492332510656594,0.14400243801720725,0.2755461319525732,-1.0286236018220656,,0.0,1.575080913319453,0.8249190866805469
974,8.067952800000057,325.9103860183133,301.61141519696287,68.46147005659826,63.35717349331365,-7.218796465011435,0.21006225328686312,-0.027549606786521963,0.008527344369092305,-7.49759128342142,0.048642833655597406,0.0016875784423539056,0.04867209865051247,-1.0986994350093189,,0.0,1.575080913319453,0.8249190866805469
976,8.083769900000334,325.9083052235567,301.6213013709528,68.46103296016305,63.35925020529836,-7.5796087921942075,0.21006225328686312,-0.02798670322172825,0.006450632384385813,-7.527876063446233,0.01420915670067291,0.06153054943012411,0.06314989031912267,-2.3175988526990103,7.5796087921942075,0.3804660087383252,1.575080913319453,0.8249190866805469
978,8.100792600000204,325.9007079039869,301.62035141625097,68.45943705009529,63.35905065567317,-7.594041285281518,0.21006225328686312,-0.029582613289491633,0.006650182009572347,-7.5310476224142615,-0.004830465148452742,0.06489276378341825,0.06507229967506094,-1.589872833322411,,0.0,1.575080913319453,0.8249190866805469
980,8.116304000000127,325.8928687984426,301.59992728272954,68.4577903499209,63.35476031616423,-7.655897881880011,0.21006225328686312,-0.031229313463882136,0.010940521518513435,-7.531566518326388,0.012344088486806473,0.12619818487934437,0.12680046682647225,3.118342177082153,,0.0,1.575080913319453,0.8249190866805469
981,8.128507399999762,325.88669986562627,301.59295972595584,68.45649448999313,63.353296695488446,-7.606893687704128,0.21006225328686312,-0.0325251733916474,0.012404142194299084,-7.531587274162874,0.015459953994140279,0.11117396482353284,0.11224375542579218,3.6800622396977696,,0.0,1.575080913319453,0.8249190866805469
982,8.132745900000373,325.8946791167972,301.58581622543426,68.45817062947363,63.35179611567253,-7.221390944572075,0.21006225328686312,-0.0308490339111529,0.013904722010217085,-7.456447723536959,0.052522964213870926,0.0964094242481754,0.10978815443241696,3.5347448478078336,,0.0,1.575080913319453,0.8249190866805469
984,8.149818500000038,325.89369935092776,301.6025925179959,68.45796481764741,63.35532018148982,-7.579712571376633,0.21006225328686312,-0.031054845737372716,0.010380656192921833,-7.441186282136922,0.06811271182081909,0.004450890594133151,0.06825798076904188,2.5266041031592072,,0.0,1.575080913319453,0.8249190866805469
986,8.165772199999992,325.9006533438324,301.6073088677019,68.4594255890663,63.35631090853635,-7.21834353215194,0.21006225328686312,-0.02959407431848149,0.009389929146394138,-7.455750422338885,0.01930872103953267,-0.10001951093499978,0.10186623226496125,2.1650965480893403,,0.0,1.575080913319453,0.8249190866805469
988,8.181154699999752,325.8985874343313,301.62072429080365,68.45899161946141,63.359128982541904,-7.579590674879828,0.21006225328686312,-0.030028043923366,0.00657185514084091,-7.533803631238653,-0.07336759249935512,-0.1451555095775021,0.16264355379127612,-2.7992374675094736,,0.0,1.575080913319453,0.8249190866805469
990,8.197960700000294,325.87056906327854,301.65291956627095,68.45310601730463,63.365891994651754,-7.679714388713943,0.21006225328686312,-0.03591364608014658,-0.00019115696900939838,-7.5642096951415185,-0.08161013833905412,-0.06462925429475844,0.10410165796189849,-3.0300988026702043,7.679714388713943,0.3870158112289215,1.5870158112289214,0.8129841887710785
991,8.209343000000445,325.86688848163993,301.64596457174355,68.45233286603222,63.36443101282973,-7.611656989070914,0.21006225328686312,-0.03668679735255864,0.0012698248530114142,-7.644953526612394,-0.10140931215429357,0.0655456531545876,0.12074800718466724,-6.308470313662861,,0.0,1.5870158112289214,0.8129841887710785
993,8.225116100000378,325.86288872102045,301.63123124520666,68.4514926673039,63.36133609705898,-7.731742890890962,0.21006225328686312,-0.037526996080885056,0.0043647406237639075,-7.649060721482306,-0.09210517169835288,0.1335146223961437,0.1622020870616895,-5.294062563423308,,0.0,1.5870158112289214,0.8129841887710785
994,8.229086299999835,325.86274824226683,301.6201033435282,68.45146315802036,63.358998544958055,-7.6220626895063175,0.21006225328686312,-0.0375565053644209,0.006702292724689585,-7.717764071777102,0.01823276937137805,0.22041584272302717,0.22116866324651896,-4.590662727953151,,0.0,1.5870158112289214,0.8129841887710785
995,8.241288299999724,325.86381175539094,301.61100422943673,68.45168656198362,63.357087164549085,-7.600126649229389,0.21006225328686312,-0.03733310140115975,0.00861367313365946,-7.717789909803172,0.040745531084091104,0.19765169512442463,0.2018078068085651,-3.1197847575476976,,0.0,1.5870158112289214,0.8129841887710785
997,8.256942900000467,325.8788268730176,301.60861279790913,68.45484067142564,63.356584815053814,-8.023231140187926,0.21006225328686312,-0.03417899195913776,0.00911602262893041,-7.691055601058656,0.055942452936481125,0.1328988056501616,0.14419310172053942,-3.0495263179504013,8.023231140187926,0.4069994669406951,1.606999466940695,0.7930005330593048
999,8.277461700000458,325.88318710131654,301.6071930392492,68.45575659080696,63.35628657735058,-7.6117861792012675,0.21006225328686312,-0.03326307257782446,0.009414260332164304,-7.685708739309753,0.06808530630383168,-0.05859075543565102,0.08982474913411588,3.7757968900841994,,0.0,1.606999466940695,0.7930005330593048
1000,8.289467399999921,325.8844854349971,301.6144828911599,68.45602932170542,63.35781790006908,-7.5980713471683785,0.21006225328686312,-0.03299034167936554,0.00788293761366532,-7.684617423228719,0.06011157590035977,-0.06013390379097108,0.08502639556259267,2.737901632870414,,0.0,1.606999466940695,0.7930005330593048
1001,8.293544400000428,325.88551955210863,301.621638300915,68.45624655067603,63.35932098156542,-7.595328380761801,0.21006225328686312,-0.03277311270875316,0.006379856117327165,-7.616034708085479,-0.02080516746388212,-0.07142000416017026,0.07438865496457721,1.2709842592821452,,0.0,1.606999466940695,0.7930005330593048
1003,8.309518400000343,325.8838800519628,301.61031311768414,68.45590215358114,63.35694198805706,-7.594670068824222,0.21006225328686312,-0.03311750980364536,0.008758849625685627,-7.6989652276047496,-0.033864284076053235,-0.01727443595150073,0.0380157319201687,0.9859142805185547,7.594670068824222,0.3715947569293412,1.5715947569293411,0.8284052430706588
1005,8.325236399999994,325.86868282612363,301.6121344380193,68.45270979007765,63.357324578710625,-7.680317564471719,0.21006225328686312,-0.036309873307132534,0.008376258972120354,-7.787407683229204,-0.04021261823218056,0.05810581771865451,0.07066357419378533,0.9221688562790353,,0.0,1.5715947569293411,0.8284052430706588
1007,8.34042270000009,325.86718940514834,301.5915115762043,68.45239607870246,63.35299249388854,-8.026438776797619,0.21006225328686312,-0.0366235846823173,0.012708343794201937,-7.805096174354095,-0.009428930776361914,0.1412498331791506,0.14156419077126567,-2.695001365129119,,0.0,1.5715947569293411,0.8284052430706588
1009,8.356047000000217,325.86651813970167,301.5729649569112,68.45225507117019,63.34909654924898,-8.040283625290655,0.21006225328686312,-0.03676459221459538,0.016604288433761383,-7.808655816310327,0.12268552310168784,0.24638213598806485,0.2752378871317974,2.5046901573855447,,0.0,1.5715947569293411,0.8284052430706588
1010,8.368506200000411,325.8788075744762,301.570174527802,68.45483661753055,63.348510385422664,-7.683770836386256,0.21006225328686312,-0.034183045854234706,0.0171904522600812,-7.824404159019825,0.1538192815291653,0.3121636179601705,0.3480035858265427,4.767725476001205,7.683770836386256,0.3856962077414779,1.5856962077414778,0.8143037922585221
1011,8.372593500000221,325.8912412002597,301.5570486368333,68.45744845297915,63.34575313118938,-7.612468278605377,0.21006225328686312,-0.03157121040563027,0.01994770649336175,-7.739360264603206,0.17931105117030738,0.2690566546413018,0.3233325478181393,4.122090524178701,,0.0,1.5856962077414778,0.8143037922585221
1013,8.388252800000373,325.8877052147867,301.5343444246898,68.45670567590311,63.340983833227405,-7.759059278019215,0.21006225328686312,-0.0323139874816718,0.024717004455339975,-7.6502846807015406,0.20493534772301852,0.1341971272740403,0.24496400901960982,2.964626868473653,,0.0,1.5856962077414778,0.8143037922585221
1015,8.403698099999929,325.8955580224574,301.52921752568864,68.45835525437704,63.339906865270855,-7.601219304714519,0.21006225328686312,-0.030664409007741256,0.025793972411889854,-7.718134973914298,0.14555425966149488,0.12464188617288215,0.1916289182100123,3.373837653166391,,0.0,1.5856962077414778,0.8143037922585221
1017,8.420197100000223,325.90491227203347,301.562594222797,68.4603202291208,63.346918049472706,-7.594905705782331,0.21006225328686312,-0.028699434263984358,0.018782788210039314,-7.817378860681849,0.02048217462549837,0.05769129665134359,0.06121932037112743,-0.8338415926161321,7.594905705782331,0.3780308316120626,1.5856962077414778,0.8143037922585221
1019,8.435952300000281,325.8981841379738,301.5626489400723,68.45890690211981,63.346929543506846,-8.023022302450045,0.21006225328686312,-0.030112761264973642,0.018771294175898845,-7.805057335841357,0.013754257359631566,-0.14062986954842874,0.14130088394883827,-1.9776544099209061,,0.0,1.5856962077414778,0.8143037922585221
1020,8.448032799999964,325.89896925226685,301.54310516714696,68.4590718249973,63.34282413452843,-8.108687712443135,0.21006225328686312,-0.029947838387485604,0.022876703154317113,-7.807854363316748,0.02265721494543113,-0.20868557382868116,0.2099119294211013,1.420674830992725,,0.0,1.5856962077414778,0.8143037922585221
1021,8.45167550000042,325.8975633579886,301.55501915067344,68.45877649967733,63.345326812753626,-7.697451653816752,0.21006225328686312,-0.03024316370745339,0.02037402492911866,-7.8079662444157645,0.0436506215188195,-0.13737884224173474,0.14414688014195337,4.099814324622471,,0.0,1.5856962077414778,0.8143037922585221
1022,8.464437399999952,325.9067562569776,301.5714558985082,68.4607075807532,63.3487795530405,-7.615204442091476,0.21006225328686312,-0.028312082631586577,0.01692128464224396,-7.647182829783102,0.0809823924450429,-0.14284999615467717,0.16420800616143605,4.197874252375467,,0.0,1.5856962077414778,0.8143037922585221
1024,8.480402400000457,325.92378537946445,301.57665532471145,68.46428475659428,63.34987175622455,-7.595465111277409,0.21006225328686312,-0.024734906790499167,0.015829081458193173,-7.5293523187315685,0.0372368232769605,-0.35569427241389673,0.3576380802372854,2.1379163614863375,7.595465111277409,0.3797825897168712,1.5856962077414778,0.8143037922585221
1025,8.497035000000324,325.9314620919364,301.57887910217397,68.46589734411397,63.35033888792914,-7.219105229286732,0.21006225328686312,-0.02312231927081143,0.015361949753604165,-7.508189655944452,0.04699205956707024,-0.24065981139491732,0.24520480925747004,1.0709148600925482,,0.0,1.5856962077414778,0.8143037922585221
1026,8.500860000000102,325.9277278887067,301.5920693238833,68.46511292896932,63.35310965562276,-7.519535157185471,0.21006225328686312,-0.023906734415461983,0.012591182059985329,-7.548471962135832,-0.042496765541746,-0.13772772746207665,0.14413501307239054,-2.3489146319338485,,0.0,1.5856962077414778,0.8143037922585221
1028,8.516153700000359,325.9253764866965,301.6002138664341,68.46461898816466,63.35482051658297,-7.591638339881169,0.21006225328686312,-0.02440067522012157,0.010880321099776324,-7.630533693836611,-0.04545688363759398,-0.09445276847644263,0.1048220098209638,-4.342490234057397,,0.0,1.5856962077414778,0.8143037922585221
1030,8.532412800000202,325.9024557813951,301.58131944270195,68.45980421316212,63.35085151135924,-7.816615973048372,0.21006225328686312,-0.02921545022266514,0.014849326323506773,-7.703706836184391,-0.012090508740332975,-0.16012923486600136,0.16058503124628737,-5.779702724386189,7.816615973048372,0.39501972065720287,1.5856962077414778,0.8143037922585221
1032,8.548614299999826,325.9185956402679,301.56990752315227,68.46319458828468,63.3484542978243,-8.00577376978131,0.21006225328686312,-0.025825075100101458,0.017246539858447818,-7.745625400200821,0.03341448726113187,-0.04484861592000239,0.055927867015149395,-3.4555192056941886,,0.0,1.5856962077414778,0.8143037922585221
1034,8.56411290000051,325.9380579794699,301.59620805686694,68.46728289111168,63.353979047199054,-7.584970941025627,0.21006225328686312,-0.021736772273101224,0.011721790483690597,-7.837279501705918,0.04280777140762868,0.11611595980348802,0.12375549043970953,0.4850399847268463,,0.0,1.5856962077414778,0.8143037922585221
1035,8.576474000000417,325.9393789968206,301.60491596685347,68.467560386993,63.35580825039224,-7.729127977267626,0.21006225328686312,-0.02145927639178069,0.009892587290501353,-7.8238109001411225,0.07684956404755636,0.10181187001060803,0.1275598383871523,1.2756418104022422,,0.0,1.5856962077414778,0.8143037922585221
1036,8.580219899999975,325.9396405866075,301.59255894776805,68.46761533713307,63.35321250711925,-8.049908847406652,0.21006225328686312,-0.02140432625171229,0.012488330563492411,-7.770105652172281,-0.02181625124688969,0.1604410560660361,0.16191751384594674,2.043398090012953,,0.0,1.5856962077414778,0.8143037922585221
1038,8.595805300000393,325.93029812382116,301.5797538215646,68.46565283834893,63.350522633455334,-7.7492729652243915,0.21006225328686312,-0.023366825035850525,0.015178204227410674,-7.778637618034776,-0.033514304981505594,0.24084840962373721,0.2431690051315687,4.391151492147399,,0.0,1.5856962077414778,0.8143037922585221
1040,8.612726700000167,325.90741540703084,301.5442206825734,68.46084604329863,63.343058462212475,-7.737247529937101,0.21006225328686312,-0.02817362008615021,0.02264237547026937,-7.757461242572082,-0.019249491034475527,0.2781180883499018,0.2787834535486103,4.548510463121595,,0.0,1.5856962077414778,0.8143037922585221
1042,8.628318699999909,325.9226535569336,301.54083828606906,68.46404700340312,63.342347948381274,-7.62763077033811,0.21006225328686312,-0.024972659981656875,0.023352889301470725,-7.666636828609135,-0.008390677589984215,0.1456460375187868,0.14588753104821164,2.0406005543137793,,0.0,1.5856962077414778,0.8143037922585221
1044,8.644795500000328,325.9300089106629,301.5378288058432,68.46559208558122,63.34171577018381,-7.62324609995415,0.21006225328686312,-0.02342757780355953,0.023985067498934143,-7.635719916503741,0.038736275055510756,0.0180680193917645,0.04274286291203904,2.2334448933565243,7.62324609995415,0.37996987762845025,1.5856962077414778,0.8143037922585221
1046,8.660662100000081,325.9352179183666,301.5355178343008,68.46668630147686,63.34123032229432,-7.595786777591917,0.21006225328686312,-0.022333361907925564,0.024470515388422598,-7.60719930447265,0.10316448342616849,-0.08716871045508959,0.13506033734220954,1.845758168627892,,0.0,1.5856962077414778,0.8143037922585221
1048,8.67649160000019,325.9434856810551,301.5705811469924,68.46842304633684,63.348595800766034,-7.594688404697427,0.21006225328686312,-0.0205966170479428,0.017105036916710503,-7.6006017514619195,0.06597476516748174,-0.10880594015161117,0.1272454409838732,0.6261919755912745,,0.0,1.5856962077414778,0.8143037922585221
1050,8.693106499999885,325.9464972282349,301.5773101864331,68.4690556587233,63.3500093179534,-7.594644469781647,0.21006225328686312,-0.019964004661474632,0.01569151972934435,-7.612015827857115,0.02038840841795604,-0.1304035913314757,0.13198781697552203,-0.788817446991612,,0.0,1.5856962077414778,0.8143037922585221
1051,8.704831300000478,325.9475770658478,301.5808052077411,68.46928249184545,63.35074349000464,-7.594643005284454,0.21006225328686312,-0.019737171539333076,0.014957347678105748,-7.615213953881562,0.04925464615241142,-0.12127427412784614,0.1308948804683943,-2.9713524827476254,7.594643005284454,0.37926325523932414,1.5856962077414778,0.8143037922585221
1053,8.724631900000531,325.9349311929583,301.58736767777873,68.4666260712915,63.35212201724787,-7.680316481930128,0.21006225328686312,-0.02239359209328029,0.013578820434872796,-7.71815047267254,0.033003808118028846,-0.027420330321030542,0.04290834260614238,-3.4545805919296746,,0.0,1.5856962077414778,0.8143037922585221
1054,8.73628970000027,325.94676838173564,301.58313647510874,68.46911261783866,63.3512332012809,-7.6117774077141505,0.21006225328686312,-0.01990704554611966,0.014467636401846562,-7.8244130690529285,-0.08276806991098752,-0.02726727451933042,0.08714389052884111,-2.6664494512403345,,0.0,1.5856962077414778,0.8143037922585221
1056,8.752062000000478,325.9489053846983,301.5828384704902,68.46956152149627,63.351170601759236,-8.109370998652317,0.21006225328686312,-0.019458141888506475,0.014530235923508883,-7.855947449875131,-0.0648197150192793,0.04092749172132882,0.07665934407350497,-2.570958092003916,,0.0,1.5856962077414778,0.8143037922585221
1057,8.756940600000235,325.93634591404566,301.584796531685,68.4669232507909,63.35158191650589,-8.12595745168359,0.21006225328686312,-0.022096412593882064,0.014118921176851984,-7.84007405948302,-0.04261835684404722,0.09553304574776256,0.10460825574461435,-0.2068349382820105,8.12595745168359,0.41643398063527487,1.6164339806352748,0.7835660193647251
1059,8.773436200000106,325.944912305663,301.5629379515653,68.46872272631657,63.346990253912296,-7.752314909395469,0.21006225328686312,-0.020296937068209786,0.01871058377044932,-7.8366975608986955,-0.0844046101776962,0.06366970364347116,0.1057259163180736,2.7866618148454347,,0.0,1.6164339806352748,0.7835660193647251
1061,8.788982000000033,325.943198941101,301.5478846565187,68.46836281309598,63.34382812483542,-7.600949529969569,0.21006225328686312,-0.02065685028880182,0.02187271284732617,-7.7337539072053225,-0.0857131564510606,0.01801801344231519,0.08758649437676704,3.23024417926153,,0.0,1.6164339806352748,0.7835660193647251
1063,8.804211499999838,325.94351528721234,301.5539075554367,68.46842926547293,63.34509330855345,-7.594894914792533,0.21006225328686312,-0.020590397911846026,0.02060752912929331,-7.644625791053838,-0.006748064000070258,-0.011862142062893218,0.013647226167588225,2.5811305720901996,,0.0,1.6164339806352748,0.7835660193647251
1065,8.820523399999729,325.94521734033844,301.57132423930466,68.46878680258783,63.34875189641154,-7.594652730185452,0.21006225328686312,-0.020232860796951968,0.0169489412712025,-7.641060666407778,-0.021577095090892236,-0.07346880590543522,0.07657177334848606,2.5402707056607365,,0.0,1.5706667836859534,0.8293332163140466
1067,8.838108699999793,325.93299843179364,301.59088926825245,68.4662200711262,63.352861770477936,-7.680316870926168,0.21006225328686312,-0.022799592258579082,0.01283906720480843,-7.640918061421937,-0.0035649486143378654,-0.15645573498341847,0.1564963445829472,1.0093104787313072,,0.0,1.5706667836859534,0.8293332163140466
1069,8.852677699999731,325.935421929575,301.59294750126287,68.46672915653099,63.35329412754189,-7.734489286165172,0.21006225328686312,-0.022290506853792635,0.012406710140851374,-7.640912357222503,0.031681434949600504,-0.1488964020391811,0.15222960244538256,0.03634734438335413,,0.0,1.5706667836859534,0.8293332163140466
1071,8.869267400000354,325.9407060733572,301.60965290779376,68.46783915568056,63.35680330287985,-7.600236505040357,0.21006225328686312,-0.021180507704215756,0.008897534802898122,-7.658046894679525,0.05864346302978578,-0.07910934695754131,0.09847509599982374,0.3501074377657385,7.600236505040357,0.3801150490602009,1.5706667836859534,0.8293332163140466
1073,8.885924700000032,325.9550267345653,301.6132433061268,68.4708473860425,63.357557510043875,-7.594866393795364,0.21006225328686312,-0.018172277342287657,0.00814332763886938,-7.641597510552806,0.08335857693360757,-0.022386435408407995,0.08631225196164792,0.3622593898300531,,0.0,1.5706667836859534,0.8293332163140466
1075,8.901496399999814,325.9666448899045,301.60400344210655,68.47328792193208,63.35561656338772,-7.680325417470565,0.21006225328686312,-0.01573174145269718,0.010084274295024898,-7.6137652735970995,0.069961763957201,-0.03453176422085432,0.07801981258762279,0.362863541164788,,0.0,1.5706667836859534,0.8293332163140466
1077,8.917343199999777,325.964956321244,301.60023877103987,68.47293321739444,63.35482574810057,-7.598069950292572,0.21006225328686312,-0.01608644599033937,0.010875089582171427,-7.612673918910119,0.13398433572781177,0.05487279412679009,0.1447854473201781,0.10901453535434458,,0.0,1.5706667836859534,0.8293332163140466
1078,8.928850799999964,325.96320105540866,301.6051912235217,68.47256450229794,63.355866071428196,-7.59532810138664,0.21006225328686312,-0.016455161086838643,0.009834766254549265,-7.61263465168089,0.09194193354377554,0.08330765152342023,0.1240704797529036,-0.09560314179851098,7.59532810138664,0.3796835866374201,1.5706667836859534,0.8293332163140466
1079,8.933258799999749,325.9713224196139,301.6002495270718,68.47427049436266,63.35482800753688,-7.594779731605453,0.21006225328686312,-0.01474916902212442,0.010872830145864043,-7.622782250913596,-0.007099799697858213,0.08330147030475275,0.08360348145073453,0.2927926001126342,,0.0,1.5706667836859534,0.8293332163140466
1080,8.944670100000621,325.9697135394738,301.59498578264686,68.47393252937516,63.353722293522246,-7.594670057649216,0.21006225328686312,-0.015087134009618808,0.011978544160498927,-7.623188154882904,-0.010143357464622079,0.05315146224201339,0.05411067952926926,0.3162746636583652,,0.0,1.5706667836859534,0.8293332163140466
1082,8.964843599999767,325.93720736172,301.5830182917133,68.46710420843046,63.35120837541055,-7.731063413634094,0.21006225328686312,-0.021915454954324787,0.014492462272194473,-7.547954336226065,-0.00019232678413371807,0.08839070641009847,0.08839091564899708,0.317194032828195,,0.0,1.5706667836859534,0.8293332163140466
1084,8.981116400000246,325.93429453054205,301.590830504194,68.46649233254976,63.352849426367406,-7.600099470139114,0.21006225328686312,-0.022527330835018233,0.012851411315338623,-7.544923048688544,-0.07054686798753056,0.0284891901212992,0.0760821564929491,1.1052886673696536,7.600099470139114,0.38009718671301024,1.5706667836859534,0.8293332163140466
1086,8.996803300000465,325.9356173766647,301.5844237021664,68.46677021258705,63.35150359909713,-7.21915900810244,0.21006225328686312,-0.02224945079773022,0.01419723858561639,-7.544797410228793,-0.057252038669981055,-0.0102934252033343,0.05817001404749395,1.0580486810439762,,0.0,1.5706667836859534,0.8293332163140466
1088,9.01345930000025,325.93841230430326,301.5894992749645,68.46735732138457,63.35256978535582,-7.579623293917848,0.21006225328686312,-0.02166234200021222,0.013131052326926351,-7.517508449143527,0.0148494556998434,-0.036095517625424206,0.03903066393528198,-0.6537488333473324,,0.0,1.5706667836859534,0.8293332163140466
1090,9.029521500000556,325.9412305724858,301.59691755722434,68.46794933314936,63.354128086442834,-7.594041865350464,0.21006225328686312,-0.0210703302354176,0.011572751239910417,-7.521873677809492,0.021766726712196014,0.007491684616180043,0.02301989856953623,-1.7222902132671736,,0.0,1.5706667836859534,0.8293332163140466
1092,9.04511580000053,325.94286583595124,301.59724387076403,68.46829284027763,63.35419663260026,-7.594618608207769,0.21006225328686312,-0.02072682310715379,0.011504205082488284,-7.597188667815505,-0.01083538498898896,-0.014716725068885134,0.018275326662272263,-1.8344101772785626,,0.0,1.5706667836859534,0.8293332163140466
1094,9.062315000000126,325.94261899511804,301.5876569502968,68.468240988336,63.352182782484824,-7.621925613468936,0.21006225328686312,-0.020778675048774176,0.013518055197920376,-7.685875095540746,-0.009189407528141293,-0.022662642967667266,0.024454868574543973,-2.1847440197277974,,0.0,1.5706667836859534,0.8293332163140466
1096,9.078609600000163,325.93134830328376,301.5896155222842,68.4658734414132,63.35259420452973,-7.595733958132508,0.21006225328686312,-0.023146221971586556,0.013106633153014968,-7.694879339759131,-0.03806831190651454,0.048462519844644225,0.06162639208248534,-0.9872462213792115,,0.0,1.5706667836859534,0.8293332163140466
1098,9.094336799999837,325.9346035408058,301.5973825863537,68.46655724394206,63.3542257715096,-8.023055432544052,0.21006225328686312,-0.022462419442717874,0.011475066173147752,-7.696660963840897,-0.038705091695304304,0.02609106825555494,0.04667791732562562,0.20722252552499565,8.023055432544052,0.40910413375904064,1.6091041337590406,0.7908958662409593
1100,9.108425299999908,325.92739122166654,301.5800381328385,68.46504220793224,63.35058235652217,-7.639063086442388,0.21006225328686312,-0.023977455452538265,0.015118481160577346,-7.616135060835418,0.010299608112601749,0.0185138781169159,0.021185976734651373,2.055787575949739,,0.0,1.6091041337590406,0.7908958662409593
1101,9.121755300000586,325.928587002194,301.58741523389324,68.46529339628428,63.35213200699244,-7.603526728616602,0.21006225328686312,-0.023726267100499854,0.013568830690303457,-7.600902935412204,0.05066232134086972,0.048472176873633435,0.07011578092351498,3.2489607594281806,,0.0,1.6091041337590406,0.7908958662409593
1103,9.136781100000007,325.9458979394682,301.5817497680363,68.46892977077461,63.35094190646861,-7.219296098441539,0.21006225328686312,-0.02008989261017291,0.014758931214132076,-7.53950153995655,0.05233095100091585,0.10485416844549861,0.11718756364502698,3.312461286283242,,0.0,1.6091041337590406,0.7908958662409593
1104,9.141019000000597,325.947038144535,301.57923718566144,68.46916928482014,63.35041410775338,-7.519573331016433,0.21006225328686312,-0.01985037856464089,0.01528672992936464,-7.516560620857074,0.07883148604173827,0.03492488917525913,0.08622152327263134,0.8939931668852492,,0.0,1.6091041337590406,0.7908958662409593
1105,9.152472800000396,325.9498637841806,301.569522431181,68.46976284505108,63.34837340453709,-7.716048455265787,0.21006225328686312,-0.01925681833370163,0.01732743314565255,-7.514221529780064,0.07541268307049388,0.03361106742031979,0.08256377305467597,0.5082805702130789,7.716048455265787,0.3804809228156657,1.5804809228156658,0.8195190771843343
1107,9.168520600000193,325.9517710427857,301.57647726254453,68.47016348809127,63.34983435208454,-7.524358490945007,0.21006225328686312,-0.01885617529350725,0.015866485598202473,-7.616552282543234,0.023341161171224187,0.00783251298953467,0.024620277507621496,0.0017467413546223831,,0.0,1.5804809228156658,0.8195190771843343
1109,9.189013000000159,325.95194174486164,301.5884590281278,68.47019934615398,63.35235126876132,-7.59183127323155,0.21006225328686312,-0.018820317230805017,0.013349568921427135,-7.632656601956755,0.03922809960760319,-0.026839859090005126,0.04753127217732941,-1.2592600251899781,,0.0,1.5804809228156658,0.8195190771843343
1111,9.204612600000473,325.95057912272574,301.5921490200685,68.46991311067774,63.353126396783,-7.730949862257387,0.21006225328686312,-0.019106552707043534,0.012574440899747685,-7.608419057047021,0.02801598461486537,-0.07164287694326904,0.07692592027820508,-1.3066531466465756,7.730949862257387,0.386825605499348,1.5804809228156658,0.8195190771843343
1113,9.220377600000575,325.9607821973676,301.5958128721039,68.47205639152746,63.35389603379727,-7.6000949280840455,0.21006225328686312,-0.01696327185732116,0.011804803885475224,-7.622477631422506,0.01367955775176512,-0.07023939334059345,0.07155908521731172,0.3316634529436153,,0.0,1.5804809228156658,0.8195190771843343
1115,9.237550499999998,325.9604356976382,301.59956092108365,68.47198360501353,63.354683357411375,-7.594860730717112,0.21006225328686312,-0.017036058371246554,0.011017480271370061,-7.623039974397525,0.0014642735684064368,-0.023881330306857688,0.02392617884887541,0.5018928834634998,,0.0,1.5804809228156658,0.8195190771843343
1117,9.252570900000137,325.957095254784,301.6055687184564,68.4712819040606,63.355945368864795,-7.594651362822434,0.21006225328686312,-0.017737759324177205,0.009755468817949975,-7.59577853256965,0.0029883665811857546,-0.05216874912759485,0.052254269876838545,0.3812459130950697,,0.0,1.5804809228156658,0.8195190771843343
1119,9.26927539999997,325.95237750493766,301.59690337327265,68.47029088289744,63.354125106929985,-7.5946429881066475,0.21006225328686312,-0.018728780487336394,0.011575730752760194,-7.594688075343187,-0.02436272963738974,-0.06974192743320269,0.07387475236833392,0.6106529094246684,,0.0,1.5804809228156658,0.8195190771843343
1121,9.285132099999828,325.9515676614414,301.611330661269,68.4701207653478,63.35715573555531,-7.594642653118016,0.21006225328686312,-0.018898898036979972,0.0085451021274352,-7.579616380882254,-0.026426420947983996,-0.05779823114239206,0.06355305852049473,0.6187081897349826,,0.0,1.5804809228156658,0.8195190771843343
1122,9.29691290000028,325.9515225916299,301.61899630057115,68.47011129788164,63.35876599702001,-7.594642641951729,0.21006225328686312,-0.018908365503136793,0.006934840662736974,-7.57660902091989,0.04327211034170986,-0.09432572972657331,0.10377773760241486,0.2559627321892447,,0.0,1.5804809228156658,0.8195190771843343
1124,9.312887300000511,325.95041559654715,301.6179414191763,68.46987876000019,63.35854440625726,-7.5195022584124445,0.21006225328686312,-0.01914090338459573,0.007156431425485721,-7.576488726521396,0.06592832707007251,-0.0916715823055252,0.11291688674709881,0.24290924512075623,,0.0,1.5804809228156658,0.8195190771843343
1125,9.316787200000363,325.9560182057774,301.62289203204017,68.47105565671939,63.35958434315059,-7.5796145630106135,0.21006225328686312,-0.01796400666539455,0.006116494532157901,-7.576483914745456,0.06269418798572657,-0.08297625780234595,0.10399817578241936,-0.1403672392388851,7.5796145630106135,0.37868862102924505,1.5804809228156658,0.8195190771843343
1127,9.333116300000256,325.9602123347605,301.61338982793023,68.47193668490415,63.35758828874407,-7.594041516114174,0.21006225328686312,-0.017082978480630118,0.008112548938676412,-7.576483721827767,0.04943149158810963,-0.018325771342025482,0.0527191260920129,-0.2284397412985431,,0.0,1.5804809228156658,0.8195190771843343
1129,9.348675100000037,325.95821998173795,301.62432586265874,68.47151816673889,63.359885536841155,-7.594618594238317,0.21006225328686312,-0.017501496645891734,0.005815300841589988,-7.591511790282934,0.07863705677006955,-0.03979626989792469,0.08813359061814972,-0.23150357764500745,,0.0,1.5804809228156658,0.8195190771843343
1131,9.364914100000533,325.9530314490539,301.60990316365735,68.47042825187202,63.35685587219045,-7.594641677363283,0.21006225328686312,-0.018591411512758782,0.008844965492293966,-7.594517403973968,-0.014748395039494957,-0.008150349553170334,0.016850618804063647,0.006334414979108638,,0.0,1.5804809228156658,0.8195190771843343
1133,9.380349799999749,325.96269213585396,301.61677228329984,68.47245759750955,63.358298814940646,-7.594642600688282,0.21006225328686312,-0.016562065875234566,0.007402022742098779,-7.594637628521609,-0.03397308801287581,-0.03856171268513336,0.05139237681156011,0.7689461960228652,,0.0,1.5804809228156658,0.8195190771843343
1134,9.392969900000026,325.95277020193225,301.62328639357884,68.47037337371299,63.35966718362401,-7.594642631465781,0.21006225328686312,-0.018646289671792715,0.006033654058732907,-7.57961436133164,-0.0015305640804154468,0.010019283881061042,0.010135515571175825,1.1449561928949397,,0.0,1.5804809228156658,0.8195190771843343
1136,9.412833500000488,325.94878268046745,301.6261059733291,68.46953574596905,63.36025947089968,-7.594642638852381,0.21006225328686312,-0.019483917415726637,0.005441366783067281,-7.503873049784666,-0.00435145572121199,0.012925124530480364,0.013637962128635415,1.2192835669603472,,0.0,1.5804809228156658,0.8195190771843343
1138,9.429404200000135,325.959456845996,301.6185917673761,68.47177798523194,63.35868101986552,-7.519502258288471,0.21006225328686312,-0.01724167815284261,0.007019817817223384,-7.488724756697771,0.014455600768524163,0.02594989850514198,0.02970457247640717,1.222961086270222,7.519502258288471,0.37459542472580504,1.5804809228156658,0.8195190771843343
1140,9.445644600000378,325.95317741762085,301.60304453856156,68.4704589143581,63.35541513394838,-7.215935119628414,0.21006225328686312,-0.01856074902667615,0.010285703734368212,-7.4856950980803925,0.062156906425011066,-0.017329840442087678,0.06452754749776099,0.15244919452804728,,0.0,1.5804809228156658,0.8195190771843343
1141,9.457078500000534,325.9654519471786,301.60458803893727,68.47303732969505,63.35573936511525,-7.518901135253808,0.21006225328686312,-0.015982333689734673,0.009961472567496799,-7.485573911735697,0.05439614219521044,0.018181726555600252,0.05735429771398281,-1.5091342504682608,,0.0,1.5804809228156658,0.8195190771843343
1142,9.460688000000118,325.9667124130642,301.61016953170696,68.47330210599917,63.356911826063154,-7.579494338378886,0.21006225328686312,-0.015717557385613645,0.00878901161959078,-7.500597140453785,0.014056283315004836,-0.0013997561762001706,0.014125806808267407,-2.233857460897421,,0.0,1.5804809228156658,0.8195190771843343
1144,9.477538699999968,325.96021696539174,301.5983181671428,68.47193765762498,63.35442230171828,-7.594036707128906,0.21006225328686312,-0.017082005759803565,0.011278535964464709,-7.576338450461883,0.022661383223223155,-0.05855667650037909,0.06278871437097457,-2.387100603586167,,0.0,1.5804809228156658,0.8195190771843343
1146,9.493199499999719,325.9552676954688,301.5985158723849,68.47089800283284,63.354463832126925,-7.594618401878906,0.21006225328686312,-0.018121660551940977,0.01123700555582019,-7.618770679034097,0.026592906616964257,-0.05754326741806404,0.06339093237589594,-2.394344114773689,,0.0,1.5804809228156658,0.8195190771843343
1148,9.509722499999953,325.9522632824805,301.60517724629653,68.47026688907071,63.35586313534079,-7.594641669668906,0.21006225328686312,-0.0187527743140663,0.009837702341954468,-7.628348483411364,-0.006068781874195104,0.05315756788370013,0.0535028703598858,-1.9676500398518064,,0.0,1.5804809228156658,0.8195190771843343
1150,9.524676900000486,325.9697165741736,301.6068352661259,68.47393316685104,63.35621142272215,-7.731062278114882,0.21006225328686312,-0.015086496533740501,0.009489414960597742,-7.628731595586455,0.014740465058386366,-0.011434752664452031,0.018655692928291414,-1.153175129289491,,0.0,1.5804809228156658,0.8195190771843343
1152,9.540823500000442,325.9628022626925,301.5892577705391,68.47248073100138,63.35251905439204,-7.62738336026522,0.21006225328686312,-0.016538932383397764,0.01318178329070463,-7.661487642729709,0.013228302108942856,0.05066067659198906,0.05235926020718369,-1.3995720076248226,7.62738336026522,0.3820050573548356,1.5804809228156658,0.8195190771843343
1154,9.556841200000235,325.96456166180405,301.6026187870503,68.47285031434319,63.35532569962658,-7.595952268004359,0.21006225328686312,-0.016169349041589953,0.010375138056161859,-7.668254671724815,0.03831424570860469,0.11394430393207708,0.12021350100044874,-1.4270476047309368,,0.0,1.5804809228156658,0.8195190771843343
1156,9.573108700000375,325.95883513743206,301.5787803886682,68.47164738773012,63.35031815194768,-7.758398637595175,0.21006225328686312,-0.01737227565466526,0.015382685735062296,-7.732372032572119,0.05467351273147553,0.18551067030568108,0.19339959098111328,-1.466096643542852,,0.0,1.5804809228156658,0.8195190771843343
1158,9.589470500000061,325.9656297870319,301.56073088793926,68.47307468713535,63.346526633153864,-7.628476814644432,0.21006225328686312,-0.015944976249429033,0.019174204528880523,-7.744104146078756,0.058135500517489544,0.13970185609718544,0.15131538261993635,-0.9737062201206294,,0.0,1.5804809228156658,0.8195190771843343
1160,9.6048380000002,325.98954917309084,301.536256846878,68.47809924726813,63.341385560941504,-8.051649082351403,0.21006225328686312,-0.010920416116647402,0.02431527674124112,-7.747498271855445,-0.008178567805109102,0.0830980987797349,0.08349959875442124,-2.0189696188354795,,0.0,1.5804809228156658,0.8195190771843343
1161,9.61711860000014,325.9853023323352,301.5362782620125,68.47720714632965,63.341390059452905,-7.686043927798406,0.21006225328686312,-0.011812517055133753,0.024310778229839514,-7.7421772497771375,0.0015030702287750965,0.038876243613306966,0.03890528932669465,-0.6126303826318035,,0.0,1.5804809228156658,0.8195190771843343
1162,9.62122350000027,325.9792738863065,301.54523289558125,68.47594079737304,63.34327108995772,-7.612922896887806,0.21006225328686312,-0.01307886601173891,0.022429747725027482,-7.7653649635230275,0.010988371953172517,0.010826890192317511,0.015426142402356123,-0.46044994135677336,,0.0,1.5804809228156658,0.8195190771843343
1164,9.64886209999986,325.9759137090807,301.5338233786057,68.47523495097354,63.34087438111292,-7.731793527203638,0.21006225328686312,-0.01378471241123691,0.024826456569826405,-7.679954584653326,-0.04319799290024692,-0.11598458708164908,0.12376789176159712,-0.3612477922888756,,0.0,1.5804809228156658,0.8195190771843343
1167,9.669515800000227,325.9891537382217,301.5248285887099,68.4780161813285,63.33898491527957,-7.744415383373879,0.21006225328686312,-0.011003482056281655,0.026715922403177217,-7.679048728941418,-0.011039688360010319,-0.2496645734450835,0.24990853117211034,-0.447814057012731,,0.0,1.5531326041804205,0.8468673958195794
1168,9.680277600000409,325.9920241523289,301.5401732116306,68.47861914698372,63.34220824134612,-7.624597188002901,0.21006225328686312,-0.010400516401062987,0.023492596336623706,-7.676087653476518,0.04962352791637502,-0.2241433552489982,0.22957076953555272,0.644971370127268,,0.0,1.5531326041804205,0.8468673958195794
1170,9.696187499999724,325.99870042309476,301.5908248821234,68.48002157946435,63.35284824538259,-7.681514649238866,0.21006225328686312,-0.008998083920431554,0.012852592300156118,-7.676080406630823,0.012966643395140282,-0.16547611026036307,0.16598336334656125,-1.125021505859821,,0.0,1.5531326041804205,0.8468673958195794
1172,9.712445900000603,325.9982994374542,301.61641530940517,68.47993734751715,63.35822382819997,-7.598117519563305,0.21006225328686312,-0.009082315867630086,0.007477009482776964,-7.679085963890433,0.015549700698221681,-0.11277517747182607,0.1138421444176371,-1.0156943400602332,7.598117519563305,0.38591263542440396,1.585912635424404,0.8140873645755959
1173,9.717287299999953,325.9934866025276,301.607656073445,68.47892635256777,63.35638384335711,-7.7317572929751615,0.21006225328686312,-0.01009331081701248,0.00931699432563704,-7.70697101088923,0.09267490811629424,0.16399754529595512,0.18837153037936075,-1.042004881146932,,0.0,1.585912635424404,0.8140873645755959
1176,9.744416000000456,326.01254538011153,301.5618108149598,68.48292988233194,63.346753485057185,-7.759443169671927,0.21006225328686312,-0.006089781052835974,0.018947352625559688,-7.690951647144183,0.08246288597746934,0.29752046349931915,0.3087370301155707,-2.006523223997651,,0.0,1.585912635424404,0.8140873645755959
1177,9.74887839999974,326.02192754375835,301.53877576282196,68.48490072076831,63.34191469010053,-7.764022422996886,0.21006225328686312,-0.004118942616472054,0.023786147582214312,-7.690310872594379,0.05690438662980804,0.3511574002004767,0.35573814658154446,-1.9495383189264999,,0.0,1.585912635424404,0.8140873645755959
1179,9.764512100000502,326.02468780852104,301.5388614734576,68.48548054820402,63.34193269466978,-7.6014178305136255,0.21006225328686312,-0.003539115180757335,0.02376814301296548,-7.765698703642612,0.09663283321377673,0.25464679871904633,0.2723653732631593,-0.7936740698595854,7.6014178305136255,0.380135328329097,1.585912635424404,0.8140873645755959
1181,9.78013970000029,326.01479524633334,301.543507409596,68.4834024943001,63.342908630483635,-7.594913646814295,0.21006225328686312,-0.0056171690846866795,0.022792207199110237,-7.764134963559583,0.11069441374159317,0.2260495705849125,0.25169755977207714,-1.3237342763710118,,0.0,1.585912635424404,0.8140873645755959
1183,9.796084900000096,326.01402246595734,301.5512879386857,68.48324016231301,63.344543025955986,-8.108696448216323,0.21006225328686312,-0.005779501071771165,0.021157811726759235,-7.763822215542977,-0.0016364197552928145,0.07035682037554529,0.07037584843518589,-1.8967263144538555,,0.0,1.585912635424404,0.8140873645755959
1185,9.811931799999911,326.03045938141724,301.5352947295663,68.48669293781161,63.34118345641108,-7.751624469256779,0.21006225328686312,-0.002326725573169597,0.024517381271664362,-7.796463754569306,0.008007593762739514,-0.024672728299905675,0.025939643012771612,4.286861406765198,,0.0,1.585912635424404,0.8140873645755959
1186,9.824436200000491,326.0233161392996,301.51708631666895,68.4851924122766,63.337358556169086,-7.762458682913856,0.21006225328686312,-0.0038272511081771654,0.028342281513658918,-7.8304928040447574,0.06389646002179755,-0.006195155453517666,0.06419608675309128,4.244433631149871,7.762458682913856,0.3908003122043165,1.585912635424404,0.8140873645755959
1187,9.82832370000051,326.0248948917585,301.52590091266336,68.4855240485755,63.339210170065485,-7.764625525645272,0.21006225328686312,-0.003495614809281733,0.026490667617260044,-7.729045372273775,0.0936031343850088,-0.07163272506828645,0.11786769730255499,4.234462115042251,,0.0,1.585912635424404,0.8140873645755959
1188,9.840805300000284,326.03359799051776,301.52412201771665,68.48735224111145,63.33883649138462,-7.765058894191554,0.21006225328686312,-0.0016674222733286115,0.026864346298125952,-7.730444262112311,0.06265697475258801,-0.04756328551050007,0.07866487534916583,4.645392800910393,,0.0,1.585912635424404,0.8140873645755959
1190,9.856984699999884,326.04425418654114,301.5572174649745,68.48959070565958,63.345788595609136,-7.601459289361412,0.21006225328686312,0.0005710422747995381,0.019912242073608866,-7.730933586252135,0.11252170619497298,-0.1140301241824704,0.1601998863485784,5.542917143218615,,0.0,1.585912635424404,0.8140873645755959
1192,9.877605000000585,326.0504534171764,301.52459316614585,68.49089293001548,63.338935461885285,-7.758618918449457,0.21006225328686312,0.00187326663069598,0.026765375797459967,-7.731039832926985,0.09479110676855401,-0.00022166590917659795,0.09479136594744637,-0.01973898684074732,7.758618918449457,0.38786077591492624,1.585912635424404,0.8140873645755959
1194,9.893040300000393,326.0599560882073,301.5265366914144,68.49288908250446,63.339343723182516,-7.764905303612979,0.21006225328686312,0.0038694191196810834,0.026357114500228818,-7.70377714671508,0.02684584843994514,-0.06652130381158014,0.07173411628544016,-0.015143655069180768,,0.0,1.585912635424404,0.8140873645755959
1196,9.90892679999979,326.0597031423538,301.51952277050833,68.49283594812852,63.33787036315261,-7.765156759019519,0.21006225328686312,0.0038162847437348546,0.027830474530134097,-7.731061865180578,-0.04025866142898614,0.13396460285664047,0.13988307488252874,-2.706417346192282,,0.0,1.585912635424404,0.8140873645755959
1197,9.92117589999998,326.0484340863697,301.53710725512707,68.4904687448361,63.34156419961452,-7.628745463132029,0.21006225328686312,0.001449081451312395,0.024136638068227967,-7.732153253919198,-0.10186023322297583,0.12423339093738572,0.16065317468397672,-2.663550069618413,,0.0,1.585912635424404,0.8140873645755959
1198,9.92510399999992,326.0447470713971,301.5263971751099,68.48969424216304,63.33931441607322,-7.737882881688906,0.21006225328686312,0.0006745787782591606,0.02638642160952287,-7.785130014937493,-0.11313064062659453,0.05665196267791077,0.12652267276596346,-3.162233826603052,,0.0,1.585912635424404,0.8140873645755959
1200,9.941059900000255,326.02614836127384,301.5048484471016,68.48578735520631,63.334787841712334,-7.7640758621425565,0.21006225328686312,-0.0032323081784682017,0.03091299597041086,-7.78179229826885,-0.0841015235878024,-0.008627599757850615,0.08454289885833906,-2.81085560268986,,0.0,1.585912635424404,0.8140873645755959
1202,9.956936399999904,326.0316635694546,301.5323865392964,68.48694589226412,63.34057255541,-8.029789108704453,0.21006225328686312,-0.0020737711206635367,0.025128282272746105,-7.793337103391605,-0.044825368867665194,0.03774933776597662,0.058603124455032574,-3.5197875310276747,,0.0,1.585912635424404,0.8140873645755959
1204,9.9729083000002,326.04244528168465,301.5501522867578,68.48921072302944,63.34430446835306,-7.748468175676304,0.21006225328686312,0.00019105964466348269,0.021396369329686138,-7.792707605229415,0.02675146356114317,-0.07748770557038503,0.0819755165718756,-0.2207250431553035,,0.0,1.585912635424404,0.8140873645755959
1206,9.988970100000188,326.04268426321073,301.5554797938013,68.4892609240273,63.34542357648702,-7.686469488745802,0.21006225328686312,0.00024126064252527613,0.02027726119572293,-7.851072317881052,0.06177771017498341,-0.04839074099539516,0.07847387647203155,-0.30669232737539104,7.686469488745802,0.38289737570457516,1.585912635424404,0.8140873645755959
1208,10.005787500000224,326.055550914644,301.5557555425325,68.49196372181964,63.34548150088684,-7.734735390877957,0.21006225328686312,0.00294405843486345,0.02021933679590404,-7.800473800918368,0.051400757648758774,0.0464599009471765,0.06928607567821897,-0.3555374140686228,,0.0,1.585912635424404,0.8140873645755959
1210,10.021345199999814,326.05038698648656,301.5239696457247,68.49087897543508,63.338804483780656,-8.055899425400744,0.21006225328686312,0.0018593120502998772,0.026896353902088777,-7.803906647349235,0.04697646541442608,0.10689906459121828,0.11676556989673895,-0.448318147519012,,0.0,1.585912635424404,0.8140873645755959
1212,10.037567500000478,326.05201545862803,301.5154827830336,68.49122105596253,63.33702171428042,-7.77679652389103,0.21006225328686312,0.0022013925777457644,0.028679123402326923,-7.8196648037258,0.052592337138953976,0.16383306632812195,0.17206750869415238,0.27452438733757495,,0.0,1.585912635424404,0.8140873645755959
1214,10.051907300000494,326.0601853228537,301.510803870839,68.49293723605084,63.3360388514419,-7.765632407830642,0.21006225328686312,0.003917572666054525,0.02966198624084626,-7.825751917090238,0.030938520271654044,0.16876542107048728,0.17157785225867125,-0.3273113822693994,,0.0,1.585912635424404,0.8140873645755959
1215,10.064363999999841,326.0620357716314,301.4980546664402,68.49332594549065,63.33336072483827,-7.7652602706286284,0.21006225328686312,0.004306282105872583,0.03234011284447291,-7.825995401624817,0.013265964447879253,0.15644889782339416,0.15701032909616877,-0.28318571760569705,,0.0,1.585912635424404,0.8140873645755959
1217,10.084717300000193,326.0671172869965,301.49599886953337,68.49439338005837,63.33292887950771,-7.765170957700145,0.21006225328686312,0.005373716673588547,0.03277195817503298,-7.8260051410062,0.013492306907790918,0.12894639463418447,0.12965035686356155,-0.08871706423755615,,0.0,1.585912635424404,0.8140873645755959
1219,10.100786900000458,326.05502376415313,301.46787813369156,68.49185298739971,63.3270217743727,-8.057116848073631,0.21006225328686312,0.002833324014929417,0.038679063310041784,-7.826005530581455,0.0023972056318076473,0.09491378214862738,0.09494405003262851,-0.003811530067886087,8.057116848073631,0.4082259887772589,1.6082259887772588,0.791774011222741
1221,10.116361999999754,326.0566711782527,301.4699257482239,68.49219904691756,63.32745190089523,-7.776845220797946,0.21006225328686312,0.0031793835327817987,0.03824893678751806,-7.825990660676385,0.007450232319470198,0.022194961386730667,0.023412011288493427,9.805503202116722e-05,,0.0,1.6082259887772588,0.791774011222741
1223,10.132499700000153,326.0616035483722,301.4777327097279,68.49323515169891,63.32909184882008,-7.7656343557069185,0.21006225328686312,0.004215488314130766,0.0366089888626675,-7.825990065880182,0.0005405141330046357,0.02632522382304288,0.026330772204044495,0.35183166082480866,,0.0,1.6082259887772588,0.791774011222741
1225,10.148865500000284,326.0660030843221,301.48930996977305,68.49415932813396,63.331523794152055,-7.765185921103277,0.21006225328686312,0.0051396647491799285,0.03417704353068984,-7.825990042088334,0.001979818479327416,-0.09736012109873166,0.09738024882680665,0.5520777308636414,,0.0,1.6082259887772588,0.791774011222741
1227,10.164383700000144,326.06732518971836,301.4862169439116,68.49443705257258,63.33087406617012,-7.765167983719132,0.21006225328686312,0.005417389187797994,0.03482677151262692,-7.798706105589783,0.004471207940216833,-0.1299828657419307,0.13005974429826256,0.7628163627227782,,0.0,1.5833026846410676,0.8166973153589323
1229,10.181060900000375,326.05534574855176,301.50613089908234,68.491920624168,63.33505723646514,-8.05711672911439,0.21006225328686312,0.0029009607832222173,0.03064360121760501,-7.782008791098593,-0.019007454005252347,-0.2029631352888408,0.2038512143550734,0.8399006530655817,,0.0,1.5833026846410676,0.8166973153589323
1231,10.196491499999865,326.0578929319163,301.52014140567996,68.4924556912451,63.33800031505073,-7.640425538305201,0.21006225328686312,0.003436027860317381,0.027700522632017055,-7.765734941487695,-0.043209005029204696,-0.2071814468868728,0.21163924506043752,1.5491007060777167,,0.0,1.5833026846410676,0.8166973153589323
1233,10.212336900000082,326.05388075941664,301.55533217159524,68.49161288524924,63.345392566633784,-7.682147783250958,0.21006225328686312,0.002593221864458428,0.020308271048961046,-7.759627200393884,-0.025304080217611758,-0.21439279121998706,0.2158809056001857,0.16566557544901261,7.682147783250958,0.38249600709915776,1.5833026846410676,0.8166973153589323
1235,10.228872200000296,326.04880059189713,301.5686895839669,68.49054573381302,63.34819845477465,-7.6838166730487885,0.21006225328686312,0.0015260704282411552,0.017502382908091363,-7.700992998172007,0.02571251729234028,-0.168015097311475,0.1699711930595691,0.06772277339846232,,0.0,1.5833026846410676,0.8166973153589323
1237,10.245024300000296,326.0570604282289,301.5682426839589,68.49228081364465,63.34810457795198,-7.734629278250077,0.21006225328686312,0.003261150259874057,0.01759625973076595,-7.784321458208131,0.011245388285147158,-0.16933879295943935,0.16971177200961515,0.04650334936483899,,0.0,1.5833026846410676,0.8166973153589323
1239,10.26133900000059,326.0651526567692,301.5697139287338,68.49398068540594,63.34841363094453,-7.7639457180050035,0.21006225328686312,0.0049610220211633305,0.017287206738217265,-7.775976618093952,0.028843797279964965,-0.05289071253050509,0.0602444363697781,-0.09442128157140821,7.7639457180050035,0.38982788895404497,1.5833026846410676,0.8166973153589323
1241,10.27821060000042,326.0621279187336,301.5855643959365,68.49334530211858,63.35174321580078,-8.057067838485827,0.21006225328686312,0.004325638733803316,0.013957621881964144,-7.759973049057021,0.056427212068963256,-0.05647271831982299,0.07983231285830208,-0.8067960307305958,,0.0,1.5833026846410676,0.8166973153589323
1243,10.29330200000004,326.06462823417866,301.5772510035058,68.4938705240149,63.34999688585433,-7.640423582680058,0.21006225328686312,0.004850860630114084,0.015703951828413665,-7.764789693404919,0.005363856136556981,-0.0217959725224307,0.022446277438636322,1.075589213823143,,0.0,1.5833026846410676,0.8166973153589323
1244,10.305440699999963,326.06886854536106,301.58809174257567,68.4947612533365,63.35227411593064,-7.603798827864137,0.21006225328686312,0.0057415899517252456,0.013426721752104243,-7.764982359178834,-0.003418271191317296,0.04167719425753304,0.041817138820315465,0.7236314327253739,,0.0,1.5833026846410676,0.8166973153589323
1246,10.325583499999993,326.0546868982208,301.5709087185301,68.4917822245829,63.34866461118135,-7.758712499989566,0.21006225328686312,0.002762561198125013,0.017036226501396357,-7.679316237684791,0.017455490238683598,0.10664090679435254,0.10806006265681398,0.4753312101099054,,0.0,1.5833026846410676,0.8166973153589323
1248,10.341198000000077,326.0591678243273,301.5487261522079,68.49272349801765,63.344004891316025,-7.764909046874584,0.21006225328686312,0.0037038346328728267,0.021695946366719454,-7.6988077682019025,0.004146646922466896,0.10166402695846705,0.10174855801490024,0.7926332000316307,,0.0,1.5833026846410676,0.8166973153589323
1250,10.357485600000473,326.0643402314521,301.53884250365365,68.4938100255132,63.34192870983002,-7.6287372310156085,0.21006225328686312,0.004790362128417769,0.0237721278527232,-7.703579226339326,-0.016534755678835944,0.14875383889723046,0.1496699793947403,0.8365958381143596,,0.0,1.5833026846410676,0.8166973153589323
1251,10.369648900000357,326.0625022941912,301.53358300140167,68.49342394427077,63.3408238869358,-7.737881235265622,0.21006225328686312,0.004404280885992762,0.024876950746943294,-7.6881641276335735,-0.014317941146301772,0.12190206760174845,0.1227400404279313,-0.3714206582294216,,0.0,1.5833026846410676,0.8166973153589323
1253,10.385355399999753,326.06025710139477,301.5300053554343,68.4929523140129,63.34007235856243,-7.62765611855125,0.21006225328686312,0.003932650628115653,0.025628479120314296,-7.684960925750245,-0.03009062492797619,0.09368253970075457,0.09839646311397376,-0.1710994786342959,,0.0,1.5833026846410676,0.8166973153589323
1255,10.400550500000463,326.05036068858817,301.5267547902811,68.49087345123928,63.33938953752189,-7.6816370064608,0.21006225328686312,0.0018537878545004105,0.02631130016085592,-7.7121167332217855,-0.026681533686579866,0.07462531417444061,0.07925176184478212,-0.4618128258139328,,0.0,1.5833026846410676,0.8166973153589323
1258,10.42265099999986,326.048405751726,301.51020274208446,68.49046279279699,63.335912576981194,-7.748893037457937,0.21006225328686312,0.0014431294122090321,0.02978826070155094,-7.717568725690649,-0.003731547948911045,0.05977667292435291,0.05989303027899063,-0.5821691791517851,,0.0,1.5833026846410676,0.8166973153589323
1260,10.43839730000036,326.05468398985397,301.5077902287533,68.49178161364482,63.33540579899477,-7.764516268373318,0.21006225328686312,0.002761950260037338,0.03029503868797434,-7.745069907697297,0.011959616641709412,0.05090912148818332,0.05229503877917351,-0.09411467500723103,,0.0,1.5833026846410676,0.8166973153589323
1262,10.454290499999843,326.0609643649665,301.5065350918117,68.49310088339244,63.335142142100636,-7.765141197609934,0.21006225328686312,0.004081220007662978,0.03055869558210844,-7.734491976461936,0.022836437124770688,0.01825434324731521,0.029235661578702256,0.27795817552210744,,0.0,1.5833026846410676,0.8166973153589323
1263,10.465441600000304,326.0635351586244,301.5063487387732,68.49364091010096,63.335102996361464,-7.765162028584487,0.21006225328686312,0.004621246716183691,0.030597841321281294,-7.705006085247334,0.048957732212373144,-0.19736718070681045,0.20334862567407042,0.329386304961254,,0.0,1.5833026846410676,0.8166973153589323
1265,10.481549300000552,326.057214584499,301.51542288870263,68.4923131960581,63.337009132742295,-7.628747350284005,0.21006225328686312,0.003293532673325217,0.02869170494044937,-7.703826649598751,0.03440402824775485,-0.2037844483942854,0.20666818469961812,0.6788151675323577,,0.0,1.5833026846410676,0.8166973153589323
1266,10.486063999999715,326.05962224964037,301.5352125336991,68.49281895562287,63.341166190162006,-7.601463581384926,0.21006225328686312,0.0037992922380851724,0.024534647520738417,-7.7037794721728075,0.005963481209504622,-0.19343777171707743,0.1935296737841623,0.21856788645799885,7.601463581384926,0.3770136075764965,1.5833026846410676,0.8166973153589323
1268,10.501107199999751,326.06040897727246,301.5352055440984,68.49298421740198,63.34116472191073,-7.758619090130398,0.21006225328686312,0.003964554017201749,0.02453611577201542,-7.703770036687619,0.002762624524200799,-0.1823356583214683,0.1823565858141267,-0.9108106668283373,,0.0,1.5833026846410676,0.8166973153589323
1270,10.517786500000511,326.05570884965374,301.5297806077366,68.49199689800366,63.340025147554634,-7.764905310480216,0.21006225328686312,0.0029772346188821075,0.025675690128110773,-7.7310519184896584,0.0059634028979676235,-0.1350435170896619,0.13517512227502992,-1.5482864002245424,,0.0,1.5833026846410676,0.8166973153589323
1271,10.5286901999998,326.05739187305795,301.52671700252006,68.49235043769228,63.33938159973967,-7.765114851158543,0.21006225328686312,0.0033307743074999507,0.026319237943077667,-7.763792230396943,-0.0228253834466965,0.055910554745489345,0.060390299398472,-1.4688444976328894,,0.0,1.5833026846410676,0.8166973153589323
1272,10.532860700000128,326.0560731269559,301.52437181654795,68.49207341891457,63.338888964689986,-7.765156759294209,0.21006225328686312,0.0030537555297911467,0.026811872992759334,-7.7767798213888595,-0.01910110389224661,0.10279503519748837,0.10455463371441397,-1.467031052045802,,0.0,1.5833026846410676,0.8166973153589323
1273,10.544972000000598,326.0542328203132,301.52241222903933,68.49168683995447,63.338477329322416,-7.765165140921342,0.21006225328686312,0.0026671765696875127,0.027223508360329163,-7.771842537919159,0.013035058380810706,0.03332368170666628,0.03578240502647004,-1.1398222950481502,7.765165140921342,0.3910854816216208,1.5833026846410676,0.8166973153589323
1275,10.564479000000574,326.0569822331544,301.50063401016456,68.4922643878111,63.333902547593006,-7.823557045089979,0.21006225328686312,0.0032447244263238417,0.03179829008973911,-7.771653428207505,-0.03325659744111299,0.05427289208700322,0.06365177207939886,-0.5392877383185971,,0.0,1.5833026846410676,0.8166973153589323
1277,10.580361899999843,326.0646556736298,301.52173190163626,68.49387628800783,63.338334418215155,-7.740218893131725,0.21006225328686312,0.004856624623045036,0.02736641946759022,-7.771647540144466,-0.022408372506535528,0.09214233818399822,0.0948279792276834,0.2262413561137847,,0.0,1.5833026846410676,0.8166973153589323
1279,10.596197500000017,326.0496514074583,301.5093862742478,68.49072445804694,63.33574106790769,-7.764169302600269,0.21006225328686312,0.001704794662160225,0.029959769775054212,-7.77164763988703,-0.019503022806834094,0.1363988997260645,0.13778616674065974,0.08562011559455834,7.764169302600269,0.3881885973237165,1.5833026846410676,0.8166973153589323
1281,10.612565000000359,326.0487021967308,301.48542894255553,68.49052506470267,63.330708536829675,-7.765127318979012,0.21006225328686312,0.0015054013178854575,0.03499230085306948,-7.759969614266901,-0.018264880043479436,0.11699718976415703,0.11841430764782127,-0.8550045202718897,,0.0,1.5833026846410676,0.8166973153589323
1283,10.629453499999727,326.0473039123201,301.46490580671247,68.49023133792862,63.32639740066997,-7.765165639634161,0.21006225328686312,0.0012116745438390808,0.0393034370127765,-7.764959270132629,-0.014393152700531434,0.2483049525825296,0.2487217568321539,0.48959616556843966,,0.0,1.5833026846410676,0.8166973153589323
1284,10.641936800000622,326.04943126372456,301.45673395900235,68.49067821415818,63.32468080392646,-7.765166916989333,0.21006225328686312,0.00165855077339927,0.041020033756282714,-7.823548748945384,0.030261907635705607,0.28179924516721233,0.2834194729205504,-2.0286367876035727,,0.0,1.5833026846410676,0.8166973153589323
1285,10.645646300000408,326.0515652744272,301.45006758398887,68.49112648925491,63.323280450169875,-7.765167172460367,0.21006225328686312,0.0021068258701291143,0.042420387512869695,-7.798608392551019,0.027448999986743446,0.21308441575443904,0.21484509730892828,-4.926092033494271,7.765167172460367,0.38827738346242696,1.5833026846410676,0.8166973153589323
1287,10.66183809999984,326.0534337824105,301.42453539770537,68.49151899225217,63.317917101587824,-8.05711669666404,0.21006225328686312,0.0024993288673869074,0.047783736094920926,-8.002482116185869,-0.15071190655559197,0.5812399428103489,0.6004614474683608,-7.168202630033164,,0.0,1.5833026846410676,0.8166973153589323
1289,10.677756199999749,326.0514448512688,301.4272712248078,68.4911011928949,63.31849179559356,-7.640425537007187,0.21006225328686312,0.002081529510121527,0.04720904208918597,-8.221734644115962,-0.4362172826432563,1.3407076518229337,1.4098874158361834,-8.951294138042266,,0.0,1.5833026846410676,0.8166973153589323
1291,10.692213600000287,325.9889387986877,301.2830120534792,68.47797103064565,63.288188389006976,-8.784534257808414,0.21006225328686312,-0.011048632739132813,0.07751244867576901,-8.388081487592608,-1.1887618342483801,4.252314323645481,4.4153518326002175,-17.67070221339002,,0.0,1.5833026846410676,0.8166973153589323
1292,10.704914800000552,325.9047893261368,301.0450953595612,68.46029440282871,63.238211072188,-8.861429556639807,0.21006225328686312,-0.028725260556072385,0.12748976549474378,-8.560930673831674,-1.6222184772234067,7.042142862967583,7.226573800238278,-13.571214757986587,8.861429556639807,0.46240306933852965,1.6624030693385297,0.7375969306614703
1293,10.709828699999889,325.81959637938576,300.69571445268326,68.44239858047004,63.16481933163382,-8.596901389843588,0.21006225328686312,-0.046621082914739986,0.20088150604892263,-8.74212418229686,-1.8604636429184032,10.593716193685697,10.755842494150786,-8.106009914232745,,0.0,1.6624030693385297,0.7375969306614703
1295,10.724277299999812,325.67219263870186,299.7134746001921,68.41143461855907,62.958487814951376,-8.921362627859368,0.21006225328686312,-0.07758504482571027,0.4072130227313693,-8.627889704299129,-1.7100312061174163,13.049860925286744,13.161423817171954,-2.557565135327511,,0.0,1.6624030693385297,0.7375969306614703
1297,10.741146000000299,325.5744255225849,298.29035784854716,68.39089743785017,62.65954470341055,-8.546393079333125,0.21006225328686312,-0.0981222255346097,0.7061561342721916,-8.399281089949582,-1.5839140793928526,24.908861596805117,24.959170055506487,23.554509454631578,,0.0,1.6624030693385297,0.7375969306614703
1298,10.753187100000105,325.56548138064625,297.46625859055473,68.38901861124083,62.48643255634463,-8.213361867819751,0.21006225328686312,-0.10000105214395205,0.8792682813381134,-8.203779093642172,-0.8465945942816177,25.142768232151866,25.157017247336217,37.43263799133912,,0.0,1.6624030693385297,0.7375969306614703
1299,10.75614140000016,325.5547767172319,296.57699860759965,68.38676996552334,62.29963260056725,-7.718386484892076,0.21006225328686312,-0.10224969786143845,1.0660682371154948,-7.858269316524252,-0.3671353015880695,26.58659883916114,26.58913361063419,41.607697642200456,7.718386484892076,0.3634852673530767,1.5634852673530766,0.8365147326469233
1300,10.768728600000031,325.55745638633925,295.6119620542437,68.3873328628541,62.09691484766511,-7.61939140830654,0.21006225328686312,-0.10168680053068613,1.2687859900176335,-7.44897163051766,-0.014729228243300516,28.7649325355052,28.764936306592617,46.124834904391264,,0.0,1.5634852673530766,0.8365147326469233
1302,10.788770099999965,325.58171411679757,293.56074671286285,68.3924284963738,61.66603193107807,-7.193813742269762,0.21006225328686312,-0.09659116701098469,1.6996689066046784,-6.872145906257487,0.2441335071880949,31.780786246981506,31.781723925011693,50.04558494727934,,0.0,1.5634852673530766,0.8365147326469233
1304,10.804616000000351,325.622792450293,291.4023123708479,68.40105750366911,61.21262634962265,-6.499904649300166,0.21006225328686312,-0.08796215971567278,2.153074488060092,-6.299507992829347,0.5711179902384131,24.872849346689843,24.8794053462277,33.41710215460374,,0.0,1.5634852673530766,0.8365147326469233
1306,10.820449900000312,325.70859272577513,289.18199915269463,68.41908090286952,60.746222352014776,-5.329233246518882,0.21006225328686312,-0.0699387605152566,2.619478485667969,-5.732021425768719,0.649960254323575,25.511022732227627,25.519301110658088,31.606289610824795,,0.0,1.4631227890079381,0.9368772109920618
1308,10.836531099999775,325.77548440253867,286.98563909194087,68.4331323192166,60.28485000862357,-4.855196917751381,0.21006225328686312,-0.05588734416818397,3.080850829059173,-5.188330965547402,0.8003993223275103,33.50497162620019,33.51453062102559,28.081861327182814,,0.0,1.4631227890079381,0.9368772109920618
1309,10.848491800000374,325.80047663041984,285.88695084964536,68.43838224291999,60.05405708078719,-4.7819585730034015,0.21006225328686312,-0.05063742046479547,3.311643756895556,-4.9076980932323,0.6091893868268397,33.60173876480865,33.60726052101639,21.944542253428345,,0.0,1.4631227890079381,0.9368772109920618
1310,10.852213099999972,325.81830610828854,284.7980087695403,68.442127543216,59.825311453741435,-4.47536144116318,0.21006225328686312,-0.04689212016877775,3.54038938394131,-4.866170532245945,0.14299541411661415,33.297995841321644,33.298302880734504,15.4925492823907,,0.0,1.4631227890079381,0.9368772109920618
1312,10.867899900000339,325.7875771609429,282.62511472961484,68.43567255129544,59.3688684355611,-5.096740287724653,0.21006225328686312,-0.05334711208934095,3.9968324021216475,-4.780656646603367,-0.28440569333494253,32.98501460623162,32.986240694745966,9.223591317762448,5.096740287724653,0.23970656597031975,1.4397065659703197,0.9602934340296803
1314,10.884213700000146,325.69495073015173,280.4554534138871,68.41621523452953,58.91310449070999,-5.121595441587112,0.21006225328686312,-0.07280442885524963,4.452596346972754,-4.722253090590869,-0.8195862611894176,35.13658170869451,35.146139130938636,9.83315994892974,,0.0,1.4397065659703197,0.9602934340296803
1316,10.900677600000563,325.5959437284958,278.3294759702039,68.39541760067051,58.46651687845285,-4.427627489538485,0.21006225328686312,-0.09360206271426819,4.8991839592298945,-4.681681383389261,-1.3647925010600603,27.760731556778797,27.79425975158331,12.688382401675392,,0.0,1.4397065659703197,0.9602934340296803
1318,10.915338800000427,325.43981530016964,276.2318864223321,68.3626209112142,58.02589249155593,-4.4899407929409145,0.21006225328686312,-0.12639875217058716,5.339808346126816,-4.293001874476197,-1.700922624592692,27.2360491119814,27.289109714410145,17.510745968148306,,0.0,1.4397065659703197,0.9602934340296803
1320,10.932612000000518,325.2984158854598,274.20987406594656,68.3329182315468,57.601144019799705,-4.272502905155137,0.21006225328686312,-0.15610143183798186,5.76455681788304,-3.8536487859165485,-1.9047386993026167,26.564874593779727,26.63307326794759,22.37084636220701,,0.0,1.409657051729066,0.9903429482709338
1322,10.947711900000286,325.1480264506049,272.3068545406207,68.30132708799064,57.20139145026086,-3.153342743159331,0.21006225328686312,-0.18769257539413786,6.164309387421888,-3.407248246358537,-1.9857404645928987,26.18042266094392,26.25562217694312,31.41926575119121,,0.0,1.409657051729066,0.9903429482709338
1324,10.96362500000032,324.98047548433954,270.4447059814206,68.26613095447654,56.810224327960405,-2.9248299987888733,0.21006225328686312,-0.22288870890824342,6.5554765097223395,-2.9635828821746664,-1.7784080690378672,23.39553470667596,23.463030057332713,35.66297201636615,,0.0,1.409657051729066,0.9903429482709338
1326,10.979632000000493,324.8533539212624,268.5242064010605,68.23942751249521,56.40679985867348,-2.19562479174843,0.21006225328686312,-0.2495921508895691,6.958900979009265,-2.199946860024501,-1.692450064350485,21.202399027529616,21.269840425891978,38.002176684114005,2.19562479174843,0.06596421081489115,1.2659642108148912,1.1340357891851087
1327,10.9924646999998,324.78002701791326,267.538865626144,68.22402429795115,56.1998169552391,-2.271613972021561,0.21006225328686312,-0.26499536543363433,7.165883882443644,-1.5874512231688078,-2.2527694399008875,28.267110720121885,28.356736741257464,55.32951169907162,,0.0,1.2659642108148912,1.1340357891851087
1328,11.008198999999877,324.68341770418533,266.5183605105399,68.20373032782096,55.985447351164524,-0.4543227944043122,0.21006225328686312,-0.2852893355638173,7.380253486518221,-1.00321213988208,-2.1578807320616127,28.59105410363246,28.67237039399849,59.79810961059829,,0.0,1.2659642108148912,1.1340357891851087
1329,11.01197779999984,324.5953844553432,265.40668973700997,68.18523786520501,55.75192728356368,-0.09086455888086245,0.21006225328686312,-0.30378179817977013,7.613773554119064,-0.564116258191236,-2.017551910662895,28.23686188860899,28.308848175589876,52.38015827426495,,0.0,1.2659642108148912,1.1340357891851087
1331,11.027781100000539,324.4646826893476,263.4355362115905,68.1577823577314,55.33786233243972,-0.0036345823552344984,0.21006225328686312,-0.3312373056533744,8.027838505243025,0.22958079276342186,-2.361631509562278,29.874862038358206,29.9680610850601,49.768492335028725,,0.0,1.2659642108148912,1.1340357891851087
1333,11.044257399999879,324.3888678023616,261.59763651005056,68.14185651173844,54.95178897981899,-0.00014538329420937994,0.21006225328686312,-0.3471631516463418,8.413911857863752,0.4045034609443841,-2.964380352907587,32.73829771245826,32.87223278066542,53.157554570117725,,0.0,1.164238657611451,1.235761342388549
1335,11.060814899999968,324.158652153297,259.6807410300471,68.09349689375404,54.549121595974064,1.6968712827517278,0.21006225328686312,-0.3955227696307446,8.81657924170868,0.978567856638459,-2.661013199549243,25.855655376577985,25.992227803721278,43.145012676818446,,0.0,1.164238657611451,1.235761342388549
1337,11.076370499999939,323.8399652743516,257.6116056863262,68.0265528098698,54.11447436331656,0.4202905465004989,0.21006225328686312,-0.4624668535149823,9.251226474366185,1.819766012910558,-2.825831264576293,25.259208033889877,25.416784077360845,40.864721384585,,0.0,1.164238657611451,1.235761342388549
1339,11.091959000000315,323.5893687860679,255.57945269609363,67.97391194687515,53.68759572716467,2.7794574195895123,0.21006225328686312,-0.5151077165096325,9.678105110518075,2.8507443682385905,-3.067386972771871,24.606330538796772,24.796781352128207,50.54188304831983,-2.7794574195895123,-0.1931570532721416,1.0068429467278583,1.3931570532721416
1341,11.109245900000133,323.37857901836753,253.66866971196288,67.9296329733022,53.28621234797597,4.20235619900526,0.21006225328686312,-0.5593866900825759,10.079488489706776,3.521857167307669,-2.8358612294865244,23.31826812204462,23.49007741844346,51.66566334256524,,0.0,1.0068429467278583,1.3931570532721416
1343,11.126732200000333,323.1975770516851,251.98984521698304,67.89161129233153,52.93355469168733,5.1547463933459525,0.21006225328686312,-0.5974083710532483,10.432146145995418,4.553591384902938,-2.1355311245667523,19.033621076762763,19.153047394025343,45.59609186725498,,0.0,1.0068429467278583,1.3931570532721416
1345,11.14125630000035,323.07567444768836,250.75365590681093,67.86600415665444,52.67387797970344,5.05243527809712,0.21006225328686312,-0.62301550673034,10.691822857979304,5.138765340398741,-1.6632735614060583,14.725290834782465,14.818929418449931,33.882814459851396,,0.0,1.0068429467278583,1.3931570532721416
1346,11.153959600000235,323.02718124619946,250.35946881679064,67.85581756548059,52.59107415135718,5.578961634476846,0.21006225328686312,-0.6332020979041886,10.774626686325561,5.440202104251915,-1.528729641678796,10.770846772084088,10.878793798260062,33.42455561654123,-5.578961634476846,-0.32430892468547284,0.8756910753145271,1.5243089246854729
1348,11.168642600000567,322.9561913968572,249.9510842784664,67.84090527776726,52.505287975029276,5.705327197068527,0.21006225328686312,-0.648114385617518,10.860412862653469,5.551363044654674,-1.2129641473792883,6.516882835576919,6.628804108997688,21.935771975888244,,0.0,0.8756910753145271,1.5243089246854729
1349,11.172245900000235,322.92379363778855,249.89196113309316,67.83409973149585,52.49286843389077,5.709540018271127,0.21006225328686312,-0.6549199318889265,10.872832403791975,5.68299429672391,-0.8859511238489527,2.2585863953140635,2.42613311649361,13.89061125874751,,0.0,0.8756910753145271,1.5243089246854729
1351,11.189137800000026,322.87590383514987,249.98059040529097,67.8240398916441,52.51148609851582,5.710551095359751,0.21006225328686312,-0.6649797717406756,10.854214739166927,5.709320547137757,-0.7686891224037494,0.35631157943354563,0.8472549253561612,9.14873346706499,,0.0,0.8756910753145271,1.5243089246854729
1353,11.20557960000042,322.8658840501217,250.24768731384387,67.82193511302364,52.56759307697239,5.710591538443296,0.21006225328686312,-0.6670845503611389,10.798107760710351,5.710373749742201,-0.5614044070667726,-1.686679587757263,1.7776565866418084,7.634689820045437,-5.710591538443296,-0.2880836960322925,0.9119163039677074,1.4880836960322925
1354,11.216313699999773,322.8548682293273,250.4006326133731,67.81962110488577,52.599721111221136,5.710592886546081,0.21006225328686312,-0.6693985584990116,10.765979726461609,5.71058439026309,-0.1658858190852664,-2.8382305979434834,2.843074222048417,-0.2216901343141962,,0.0,0.9119163039677074,1.4880836960322925
1356,11.232972900000277,322.8565184061787,250.74739061255457,67.8199677447535,52.67256187787444,5.7105932100907495,0.21006225328686312,-0.6690519186312827,10.693138959808302,5.710592815797646,0.03231954327046187,-4.332986983068631,4.33310751635814,-0.6145396537664947,,0.0,0.9119163039677074,1.4880836960322925
1357,11.24869050000052,322.8631698237126,250.92031094049216,67.82136495650822,52.70888591160011,5.710593220875571,0.21006225328686312,-0.6676547068765615,10.656814926082632,5.667351346788756,0.0894733929768648,-4.386974364329944,4.387886685106956,-0.7314907675748392,,0.0,0.9119163039677074,1.4880836960322925
1358,11.252953400000479,322.8711955931352,251.09434699171484,67.8230508677175,52.7454443166731,5.710593223032536,0.21006225328686312,-0.6659687956672826,10.620256521009644,5.665621741952512,0.1749783245145769,-4.438575465258278,4.442023139836472,-0.7398802437666413,,0.0,0.9119163039677074,1.4880836960322925
1360,11.269695400000273,322.8837687248151,251.38783466763402,67.82569200808905,52.80709499918861,5.494384193398841,0.21006225328686312,-0.6633276552957312,10.558605838494138,5.656904196553008,0.2592987595230878,-4.026588558451396,4.034928904670057,-0.7401481265443257,,0.0,0.9119163039677074,1.4880836960322925
1362,11.285315500000252,322.8995291396613,251.62958348539166,67.82900267634437,52.85787730057621,5.70194486236486,0.21006225328686312,-0.6600169870404073,10.507823537106532,5.656555495168421,0.2766498126289275,-3.939762825114741,3.9494640442702735,0.38196520038002474,,0.0,0.9119163039677074,1.4880836960322925
1364,11.302046599999812,322.93476633233723,251.81376779870857,67.83640468043738,52.89656747245166,5.667005483093227,0.21006225328686312,-0.652614982947398,10.469133365231087,5.656541547199316,0.2166121897009698,-2.4487825322891252,2.4583443068804236,0.4850322908602903,,0.0,0.9119163039677074,1.4880836960322925
1366,11.317168999999922,322.9474113906441,251.94888695378893,67.83906092987827,52.92495090663005,5.7088497139526355,0.21006225328686312,-0.6499587335065087,10.440749931052693,5.699782795310825,0.225249330995076,-1.8688580483549648,1.8823835066252723,0.7003267741584976,-5.7088497139526355,-0.28540978302152664,0.9119163039677074,1.4880836960322925
1368,11.332949499999813,322.95457034387323,252.03310323276855,67.84056475572476,52.942641567955945,5.7105234831870115,0.21006225328686312,-0.6484549076600246,10.4230592697268,5.701512355967592,0.24203877795024437,-1.2876440712515111,1.310194651286905,0.5663623677187992,,0.0,0.9119163039677074,1.4880836960322925
1370,11.348634900000434,322.9695746632157,252.09155316683075,67.84371659685488,52.95491969280952,5.710590433956387,0.21006225328686312,-0.6453030665299053,10.410781144873226,5.71022988174638,0.2399131161972534,-0.98109592205002,1.0100037186004098,3.283044600633979,,0.0,0.9119163039677074,1.4880836960322925
1371,11.360626100000445,322.98646562625316,252.11124812447136,67.8472647506107,52.9590568599899,5.710592665648699,0.21006225328686312,-0.6417549127740756,10.406643977692845,5.701930221571477,0.26818223921103806,-0.6057512077498902,0.6624622548633976,2.7337430826164804,,0.0,0.9119163039677074,1.4880836960322925
1372,11.364116900000226,322.9936409426961,252.1242056163229,67.84877201375076,52.96177873992518,5.710593111987162,0.21006225328686312,-0.6402476496340199,10.403922097757565,5.749344283138113,0.3389617802516959,-0.37693279384213446,0.5069254575823116,2.8389514668416127,,0.0,0.9119163039677074,1.4880836960322925
1374,11.380914100000155,323.01898885042243,252.12422079016812,67.85409665236385,52.961781927377295,5.667351413078119,0.21006225328686312,-0.6349230110209305,10.40391891030545,5.75124084560078,0.42406620867043415,-0.24206051193875053,0.4882882763042404,2.225177081599469,,0.0,0.9289909889883682,1.4710090110116316
1376,11.396056499999759,323.0513691456807,252.12255948419997,67.8608985301479,52.96143294970223,5.9475937910201955,0.21006225328686312,-0.6281211332368741,10.404267887980517,5.760866006961704,0.38778971091256687,-0.17497914252999108,0.42543925560552487,2.3684851469683945,,0.0,0.9289909889883682,1.4710090110116316
1378,11.41249710000011,323.10039952119,252.1310444434705,67.87119796130689,52.963215319365645,5.720073246269714,0.21006225328686312,-0.6178217020778902,10.4024855183171,5.71954915690967,0.34984240378238474,0.0028012269845722818,0.34985361847043434,-1.1574288827898034,,0.0,0.9289909889883682,1.4710090110116316
1380,11.428278899999896,323.10900286008905,252.1317664419625,67.8730051980618,52.96336698399574,5.758718472453328,0.21006225328686312,-0.6160144653229764,10.402333853687004,5.71993414453461,0.4449688871724967,0.08514546365780931,0.4530420074706466,-1.2979473902746388,-5.758718472453328,-0.29306674384002823,0.9069332561599717,1.4930667438400282
1381,11.440399699999944,323.1229690988113,252.12546709266837,67.87593897763774,52.96204372848878,5.5040088617269936,0.21006225328686312,-0.6130806857470361,10.403657109193965,5.670881356150168,0.3073166300186219,0.1099210760680559,0.32638344634794497,-1.573781244420247,,0.0,0.9069332561599717,1.4930667438400282
1382,11.443727100000615,323.13552437919503,252.11894840768858,67.8785763681258,52.960674398833454,5.669276351202821,0.21006225328686312,-0.6104432952589747,10.40502643884929,5.668919244614791,0.16645946473372522,0.12490859967874987,0.20811273789257712,-0.6537807512034646,,0.0,0.9069332561599717,1.4930667438400282
1383,11.456675999999788,323.1207875279042,252.10989152086745,67.8754807119373,52.95877188878004,5.7023298490979855,0.21006225328686312,-0.6135389514474809,10.406928948902703,5.659291397970758,0.11910472968591358,0.16531648719437667,0.2037534725393485,-0.4313482010391252,,0.0,0.9069332561599717,1.4930667438400282
1385,11.476474099999905,323.1134528459823,252.11304650374564,67.87393997212564,52.959434631592515,5.710262688592826,0.21006225328686312,-0.6150796912591403,10.40626620609023,5.7006081279474285,0.09203841651391423,0.19959003417141216,0.2197891076803722,0.40219343950963804,,0.0,0.9069332561599717,1.4930667438400282
1387,11.492146499999762,323.10433125087195,252.09868966643285,67.87202386930319,52.95641880199652,5.710579239233166,0.21006225328686312,-0.6169957940815891,10.409282035686225,5.718420706320255,-0.08926892379259965,0.12820226958575748,0.15622023774795699,1.1006648185244523,,0.0,0.9069332561599717,1.4930667438400282
1389,11.509001100000205,323.11289353643144,252.07618019674237,67.8738224823011,52.95169041207305,5.710592511610342,0.21006225328686312,-0.6151971810836869,10.414010425609696,5.7204553188533955,-0.07395660522943265,0.1469154547399004,0.16448018208432852,1.2746725396165766,,0.0,0.9069332561599717,1.4930667438400282
1391,11.525478100000328,323.103958693317,252.07189802682277,67.87194560902371,52.950790889810776,5.758339243066953,0.21006225328686312,-0.6170740543610691,10.414909947871969,5.76828267503441,0.014467219045445526,0.17763326584139794,0.17822142845457628,0.8582722498246118,,0.0,0.9069332561599717,1.4930667438400282
1393,11.540601100000458,323.09225944225807,252.05458441647136,67.86948803798451,52.94715395380783,5.712502911763694,0.21006225328686312,-0.6195316254002705,10.418546883874917,5.770195921869541,0.12229015209399421,0.1483039501118546,0.19222107823532697,0.516895253081279,-5.712502911763694,-0.2856618387874115,0.9069332561599717,1.4930667438400282
1395,11.55621820000033,323.1193431041792,252.04565452987467,67.87517729303492,52.94527812170773,5.949399469497892,0.21006225328686312,-0.6138423703498574,10.420422715975015,5.770272482260524,0.12671408611386212,0.10838555651002166,0.16674498037319851,0.4879060556645597,,0.0,0.9069332561599717,1.4930667438400282
1397,11.57295620000059,323.1525585839038,252.04200650717723,67.88215461154986,52.94451180983987,5.720145473408822,0.21006225328686312,-0.6068650518349159,10.421189027842878,5.760726335081436,0.1973485647961974,0.12147075956628439,0.23173605989730858,-0.09282268116772592,,0.0,0.9069332561599717,1.4930667438400282
1399,11.588693700000476,323.1622105401561,252.03594201894222,67.88418212322885,52.94323788977619,5.710975313565259,0.21006225328686312,-0.604837540155927,10.422462947906553,5.760345008787043,0.25889655367033776,0.08698198263177928,0.2731177233445923,0.5269009011741416,,0.0,0.9069332561599717,1.4930667438400282
1401,11.604319500000202,323.1800085353467,252.0270142518553,67.88792081020259,52.941362502905086,5.710608507171516,0.21006225328686312,-0.6010988531821937,10.424338334777659,5.760329853550306,0.32470996848208555,-0.06055206051684858,0.330307607639414,7.313343810031392,,0.0,0.9069332561599717,1.4930667438400282
1402,11.61698140000044,323.188762814989,252.022912620581,67.88975975391014,52.94050090499746,5.710596280291725,0.21006225328686312,-0.5992599094746396,10.425199932685288,5.8011661308857585,0.2908996844316038,-0.10271888846335074,0.3085025063910388,8.955441714823056,,0.0,0.9069332561599717,1.4930667438400282
1403,11.620591500000046,323.2006788629269,252.03352585411986,67.89226286579026,52.94273034474929,5.949323693314205,0.21006225328686312,-0.5967567975945229,10.422970492933452,5.92368251654949,0.3037101940031202,-0.0019467892136431075,0.3037164334204774,10.529863113875205,,0.0,0.9069332561599717,1.4930667438400282
1405,11.63698530000056,323.2200180911644,252.04640688932,67.89632530765066,52.9454361640281,5.924326860086085,0.21006225328686312,-0.5926943557341247,10.420264673654643,6.048933799370621,0.24586738224157406,0.1034449168579734,0.2667426109081137,11.9039134716479,,0.0,0.9069332561599717,1.4930667438400282
1407,11.653026900000441,323.2347479873872,252.00174743833395,67.8994195028419,52.93605489912341,6.323557241883913,0.21006225328686312,-0.5896001605428864,10.429645938559332,6.174826296178587,0.24260619034521191,0.2679119003816152,0.3614340188193492,12.3271595740207,-6.323557241883913,-0.3279606401861568,0.8720393598138432,1.5279606401861567
1408,11.664406300000337,323.23204209938586,251.9666996769663,67.89885109791119,52.92869268739787,6.336864921277174,0.21006225328686312,-0.59016856547359,10.437008150284875,6.252994602669086,0.11692948128080784,0.4743133755020925,0.48851374778279044,4.208338004076447,,0.0,0.8720393598138432,1.5279606401861567
1410,11.679977599999802,323.2415991888288,251.900698308973,67.90085868165444,52.91482829131718,6.340058764331556,0.21006225328686312,-0.5881609817303399,10.450872546365567,6.336166534262615,0.15331688951222555,2.206468964664009,2.2117891763536526,-10.35750446364355,,0.0,0.8720393598138432,1.5279606401861567
1411,11.696202199999789,323.24661805892595,251.86868730307333,67.901912956816,52.908103987287916,6.340165225766702,0.21006225328686312,-0.5871067065687754,10.457596850394829,6.228159518704092,-0.031225418485900366,4.1796160659900305,4.179732705071174,-17.040133175072405,,0.0,0.8720393598138432,1.5279606401861567
1412,11.699634900000092,323.25364059871583,251.72985569417654,67.90338812734807,52.878940706695616,6.340186518053732,0.21006225328686312,-0.5856315360367148,10.486760130987129,6.004385064544589,-0.3088694489241756,8.319604348933051,8.325335840629162,-23.506284378034437,,0.0,0.8720393598138432,1.5279606401861567
1414,11.71630610000011,323.1957193281912,250.9004677036033,67.89122105474843,52.704717596546736,5.7835221640912895,0.21006225328686312,-0.5977986086363529,10.660983241136009,5.578181385572545,-0.644756278509896,15.047369477677586,15.061176542900656,-31.089316251594603,,0.0,0.9004053226637692,1.4995946773362308
1416,11.73287419999997,323.08228746594654,249.21678643362364,67.86739330217078,52.351039715157924,5.217992650479667,0.21006225328686312,-0.6216263612139983,11.01466112252482,5.156333136350402,-0.7889403117497111,19.76592333765445,19.781662018281896,-35.86166747635815,,0.0,0.9004053226637692,1.4995946773362308
1418,11.747872400000233,322.9715831674273,246.75144130298037,67.84413850777528,51.8331637618852,4.209040369471335,0.21006225328686312,-0.6448811556094967,11.532537075797542,4.667784790827262,-1.317551369839409,35.23932514531283,35.263947287693746,-51.49248512114674,,0.0,0.9004053226637692,1.4995946773362308
1419,11.76100630000019,322.93057126793104,245.25041754620406,67.83552345575553,51.51785532929966,4.230923979655985,0.21006225328686312,-0.6534962076292459,11.847845508383088,4.266954618480947,-1.4438223418773872,40.19348663157671,40.21941061922266,-50.77155852367342,,0.0,0.9004053226637692,1.4995946773362308
1420,11.764831600000434,322.8902661079984,243.6868300030061,67.827056863041,51.18940460676422,3.897444790438033,0.21006225328686312,-0.6619628003437867,12.176296230918524,3.718624109341,-1.5444975825746508,44.708377895018906,44.73504808074307,-52.1449582949215,-3.897444790438033,-0.1538177233781562,1.0461822766218438,1.353817723378156
1422,11.783331600000565,322.7703881069696,240.58491620166492,67.80187502002536,50.537809604152876,3.779371302359709,0.21006225328686312,-0.6871446433594173,12.827891233529868,3.312352380369445,-1.5702996303838566,46.05619101008065,46.08295315283318,-55.226168071951804,,0.0,1.0461822766218438,1.353817723378156
1424,11.797689699999864,322.63768020150985,237.58281809634428,67.7739980983755,49.907182111561,2.4763401047799354,0.21006225328686312,-0.7150215650092804,13.458518726121746,2.8481769326748534,-1.6666672419842712,48.30538541039758,48.334129136072725,-58.68192255968596,,0.0,1.0461822766218438,1.353817723378156
1426,11.81234349999977,322.5205183121549,234.70397144962504,67.74938680789825,49.30244509808383,2.177681724613561,0.21006225328686312,-0.7396328554865335,14.063255739598915,2.145089844234568,-1.2998366830786188,34.90215714665895,34.92635321491142,-32.2809527082938,,0.0,1.0461822766218438,1.353817723378156
1428,11.827837900000304,322.4365946656278,232.10366103451025,67.73175761760473,48.75621803303952,1.9100467411830289,0.21006225328686312,-0.7572620457800525,14.609482804643228,1.4044959576920906,-1.2126275073407151,41.889444371428276,41.90699243823808,-36.33371660270804,,0.0,1.1382724000687854,1.2617275999312145
1429,11.840383100000508,322.4139506073249,230.97811710188927,67.72700095569407,48.51978373837979,0.3820093482366058,0.21006225328686312,-0.7620187076907143,14.845917099302952,1.2622548468837118,-0.8676810554622173,38.37626818782576,38.38607599687594,-34.52827427004672,,0.0,1.1382724000687854,1.2617275999312145
1430,11.843581000000086,322.3998667411867,229.91006424861683,67.72404246703807,48.29542614939192,0.07640186964732117,0.21006225328686312,-0.764977196346706,15.070274688290823,1.127225267148642,-0.5143268428089645,34.42633209115426,34.43017387919601,-25.818729098262573,,0.0,1.1382724000687854,1.2617275999312145
1432,11.859459500000412,322.3834778468613,227.91786572513328,67.7205997789672,47.87694043855421,1.7651345507380414,0.21006225328686312,-0.7684198844175825,15.488760399128537,0.757236189519542,-0.24857859295459692,31.40034719646282,31.401331108334976,-16.446103199667153,,0.0,1.1382724000687854,1.2617275999312145
1434,11.876155300000391,322.39041290681064,226.20756268326028,67.72205657328684,47.51767032777499,1.502533825938213,0.21006225328686312,-0.7669630900979456,15.848030509907758,0.683238373993722,-0.1439298283758057,30.378651926443172,30.378992884285775,-14.58699356460657,-1.502533825938213,-0.06736512462655238,1.1382724000687854,1.2617275999312145
1436,11.892405700000381,322.405185795079,224.65082819748892,67.72515979948405,47.19065917392449,0.06010135303752853,0.21006225328686312,-0.7638598639007341,16.175041663758257,0.6680541622291178,0.0807833857296737,19.96394024146646,19.964103684369448,-9.116607779005545,,0.0,1.1382724000687854,1.2617275999312145
1437,11.905015100000128,322.4138345957424,223.8261706419015,67.72697658603963,47.017429749607764,0.012020270607505707,0.21006225328686312,-0.7620430773451545,16.34827108807498,0.6422964183923227,0.12468422507063759,19.106680972650896,19.107087793450923,-4.575236484097325,,0.0,1.1382724000687854,1.2617275999312145
1439,11.924340399999892,322.4320898667017,222.16245834273116,67.7308113293917,46.66794659522297,0.00048081082430022836,0.21006225328686312,-0.7582083339930819,16.697754242459773,0.35488041985711255,-0.07842331877785808,19.033606049330267,19.033767610697307,-3.712894071779916,,0.0,1.1382724000687854,1.2617275999312145
1441,11.94015810000019,322.4322924056093,220.50064646716044,67.73085387517101,46.318862648101714,1.6363458315540658,0.21006225328686312,-0.7581657882137733,17.04683818958103,0.3454783025800934,-0.6597107469734521,17.6491067783176,17.661432227940306,-3.5271654686103373,,0.0,1.2254198275099546,1.1745801724900453
1443,11.955775000000358,322.3632800246182,218.9280284565657,67.71635697891533,45.98851496523668,0.06545383326216263,0.21006225328686312,-0.7726626844694522,17.377185872446063,0.3435978791246895,-2.962704440499766,25.069805314592124,25.244261845284928,-23.676318646781077,,0.0,1.2254198275099546,1.1745801724900453
1444,11.968863000000056,322.19409149052956,218.10554989978596,67.68081685421437,45.8157432663194,0.013090766652432527,0.21006225328686312,-0.8082028091704103,17.549957571363343,0.3435226621864733,-3.7452164309314155,25.915833797381694,26.185054659634186,-19.9885145927742,,0.0,1.2254198275099546,1.1745801724900453
1445,11.97204690000035,322.0217436978277,217.3349468926711,67.64461308853039,45.65386866225522,0.0026181533304865056,0.21006225328686312,-0.8444065748543892,17.711832175427524,0.01625433368472598,-4.245323165816572,26.36392959281224,26.703549433679783,-19.730562050235857,,0.0,1.2254198275099546,1.1745801724900453
1447,11.988139000000047,321.73721789835054,215.62552459674652,67.58484495797398,45.2947835629545,0.00010472613321946023,0.21006225328686312,-0.9041747054107958,18.070917274728245,0.07364673958274204,-4.364261862077194,28.09026246840905,28.42726907645002,-19.678128241439623,-0.00010472613321946023,0.0,1.2,1.2
1449,12.004646299999877,321.5409300920356,213.71519983288994,67.54361229908673,44.89349643854909,4.189045328778409e-06,0.21006225328686312,-0.945407364298049,18.472204399133652,0.08512522076234526,-3.9604350104982937,29.986743747064676,30.247146080655327,-19.675427770845555,,0.0,1.2,1.2
1451,12.020840600000156,321.4235195107571,211.41899808525875,67.51894876782364,44.411151125440455,0.3524158627522429,0.21006225328686312,-0.9700708955611361,18.95454971224229,0.08742091699826589,-1.9976416357917592,33.34013556362384,33.39992831587912,0.882472310601836,,0.0,1.2,1.2
1452,12.032681200000297,321.38426885474007,210.14041312605102,67.51070368657773,44.14256868789058,0.07048317255044859,0.21006225328686312,-0.9783159768070533,19.223132149792164,0.08751274484770273,-1.3243766221029827,34.920653992255865,34.94575866516605,-0.7196525718797437,,0.0,1.2,1.2
1453,12.036379900000611,321.35685517755223,208.94998594142487,67.50494510777676,43.89250487111408,0.014096634510089717,0.21006225328686312,-0.9840745556080179,19.473195966568667,0.08751641796168019,-0.8227173943086282,36.382070836626866,36.39137181080473,-1.0311578470360132,,0.0,1.2,1.2
1455,12.052239700000428,321.33059583751304,206.66859081140254,67.49942901163831,43.41326986946391,0.0005638653804035887,0.21006225328686312,-0.9895906517464681,19.952430968218835,0.017033425848153337,-0.4732093286731952,36.956955453466314,36.95998489526527,-1.0949333082977293,,0.0,1.2,1.2
1457,12.068589900000006,321.331409386451,204.20769955388647,67.49959990756138,42.896329506816144,2.255461521614355e-05,0.21006225328686312,-0.9894197558234055,20.4693713308666,0.0029367985555404886,-0.2708510819998725,38.278844145479006,38.27980236916712,-1.0978330744644305,,0.0,1.2,1.2
1459,12.084507700000358,321.3484260993485,201.73288898273802,67.50317447661617,42.37646522178255,9.02184608645742e-07,0.21006225328686312,-0.9858451867686142,20.989235615900192,0.0001174730970179186,0.41185326643348924,28.999223380847717,29.00214784814009,-1.098113223417684,,0.0,1.2,1.2
1461,12.101230899999791,321.3735394028157,199.4008833049514,67.50844983372996,41.88659885442894,3.608738434582968e-08,0.21006225328686312,-0.9805698296548258,21.479101983253805,4.700309636275624e-06,0.7343761192169593,34.411793224528246,34.4196284293158,-0.2092965172297518,-3.608738434582968e-08,0.0,1.2,1.2
1462,12.112296100000094,321.47133742638755,198.28360476788825,67.52899350692846,41.6519008073844,7.217476869165937e-09,0.21006225328686312,-0.9600261564563226,21.713800030298344,1.894443328618675e-07,0.7510135787080602,31.62146983644521,31.630386908993355,-0.036862932554260444,,0.0,1.2,1.2
1463,12.116292100000464,321.49539783315936,197.19397476985293,67.53404769018995,41.42301067474814,1.4434953738331875e-09,0.21006225328686312,-0.9549719731948301,21.942690162934603,9.009720725317222e-09,0.7088038919195293,30.383965707705954,30.39223215040731,-0.0014393940889822529,,0.0,1.2,1.2
1464,12.128964300000007,321.50104672391484,196.1283086033519,67.53523430891062,41.199154438561365,2.886990747666375e-10,0.21006225328686312,-0.9537853544741637,22.16654639912138,1.792336239855211e-09,0.6444169329440159,28.243296919959803,28.25064767562818,-9.06982092559858e-05,,0.0,1.2,1.2
1466,12.144750100000238,321.50206241426326,194.1390016866963,67.53544766711384,40.78127614516954,1.1547962990665501e-11,0.21006225328686312,-0.9535719962709379,22.584424692513203,3.488593427628085e-10,0.27192895611280526,27.133784034889462,27.135146607475605,-9.166772724470538e-06,,0.0,1.2,1.2
1468,12.165496900000107,321.5014220832645,192.30303155378277,67.5353131577414,40.39560812208235,4.619185196266202e-13,0.21006225328686312,-0.9537065056433818,22.970092715600394,6.016396334432801e-11,0.015918915354749985,26.35714662249658,26.357151429766624,-1.361397923506172e-07,,0.0,1.2,1.2
1469,12.17669670000032,321.5011108308747,191.46793928493008,67.53524777536306,40.22018675838471,9.238370392532404e-14,0.21006225328686312,-0.9537718880217199,23.14551407929803,2.424296204926783e-12,-0.003931646665377406,26.476216402549394,26.476216694468853,-2.2232028143993913e-08,,0.0,1.2,1.2
1470,12.180293200000051,321.5008499123085,190.5537295111739,67.53519296622112,40.02814579333262,1.847674078506481e-14,0.21006225328686312,-0.9538266971636631,23.337555044350125,1.1470951935073353e-13,-0.007376579902408794,22.969492464900625,22.969493649383256,-3.943953440005079e-09,,0.0,1.2,1.2
1472,12.195978300000206,321.5004307745486,189.19024011349134,67.53510492119882,39.74172813812267,7.390696314025925e-16,0.21006225328686312,-0.9539147421859582,23.623972699560078,2.2326051927691563e-14,-0.0067029959735573925,19.892873576776307,19.89287470607906,-1.160967020595019e-09,,0.0,1.2,1.2
1474,12.21269410000059,321.50013564228135,188.47898156745697,67.53504292504975,39.59231956527315,2.95627852561037e-17,0.21006225328686312,-0.9539767383350295,23.773381272409594,3.8493206027180336e-15,-0.005745510186985634,16.552132307088637,16.552133304267905,-1.2988491142345874e-10,-2.95627852561037e-17,0.0,1.2,1.2
1476,12.227827100000468,321.49991120286234,188.24800637817845,67.53499577879967,39.543800396559945,1.1825114102441483e-18,0.21006225328686312,-0.9540238845851121,23.8219004411228,1.5397282410872128e-16,0.482979163307251,4.672567034348708,4.697462247072482,-1.4497490569779278e-12,,0.0,1.2,1.2
1478,12.244364300000598,321.4998285108478,188.329943986893,67.53497840832877,39.56101239527546,4.7300456409765936e-20,0.21006225328686312,-0.954041255056012,23.804688442407283,6.158912964348853e-18,0.8932126781912034,-0.2640917472752369,0.9314361703629455,-2.717745019037026e-13,,0.0,1.2,1.2
1480,12.25979019999977,321.67815662506763,188.77064152634145,67.57243841382618,39.653586313429976,1.8920182563906377e-21,0.21006225328686312,-0.9165812495586039,23.71211452425277,2.4635651857395414e-19,1.2066373845492993,-3.5825374117335365,3.780284127451586,-5.07055608434113e-14,,0.0,1.2,1.2
1482,12.276354200000242,321.83945433862726,189.2770974760726,67.60632097498655,39.759973591421044,7.568073025562552e-23,0.21006225328686312,-0.8826986883982357,23.6057272462617,9.854357614292895e-21,1.3328493387117775,-5.162179902677721,5.3314715330117055,-1.8672952820557946e-15,,0.0,1.2,1.2
1484,12.291707399999723,321.9537224574435,189.83652387637318,67.63032439350393,39.87748796161634,3.0272292102250214e-24,0.21006225328686312,-0.8586952698808545,23.488212876066406,3.942711759064431e-22,1.4869834495449332,-6.403369419225522,6.57375537256241,-7.964205336898952e-17,,0.0,1.2,1.2
1485,12.30550790000052,321.9949766348687,190.1447770262222,67.63899033897135,39.9422403128564,6.054458420450043e-25,0.21006225328686312,-0.8500293244134269,23.423460524826346,1.5868493341662745e-23,1.2264765830227145,-8.017276785084686,8.110546951800533,-2.9845674757220822e-18,,0.0,1.2,1.2
1487,12.320886900000005,322.0513217818668,190.67532358855294,67.65082632751157,40.05368811921319,2.4217833681800177e-26,0.21006225328686312,-0.8381933358732141,23.312012718469553,7.323860390715281e-25,0.866517222747306,-7.649644655835261,7.698565805256631,-1.2895249886806523e-19,,0.0,1.2,1.2
1488,12.324120899999798,322.06865472525186,190.89194872550738,67.65446732465512,40.099192883600416,4.843566736360036e-27,0.21006225328686312,-0.8345523387296652,23.26650795408233,1.2694794673330197e-25,0.5626691934921587,-6.526327458665425,6.550537895397249,-5.719807251483217e-21,-4.843566736360036e-27,0.0,1.2,1.2
1490,12.339721100000133,322.08690581900987,191.23242545287596,67.65830119053489,40.1707141921432,1.9374266945440146e-28,0.21006225328686312,-0.8307184728498953,23.194986645539544,5.8590883125722264e-27,0.4290633775124507,-6.06840158884451,6.083551037462656,-2.35921117571087e-22,,0.0,1.2,1.2
1491,12.35292010000012,322.0896814718423,191.36044782440064,67.6588842504232,40.1976068599768,3.8748533890880296e-29,0.21006225328686312,-0.8301354129615817,23.168093977705944,1.0155339757430354e-27,0.2520756523971305,-4.8562247978592055,4.862762735510969,-3.9080286220847957e-23,,0.0,1.2,1.2
1493,12.369035000000622,322.08660637372844,191.54474764692299,67.65823828838433,40.23632129597622,1.549941355635212e-30,0.21006225328686312,-0.8307813750004556,23.129379541706527,4.6821124452262284e-29,-0.008011559858441236,-2.167650065100784,2.167664870274646,-1.6383213152627336e-24,,0.0,1.2,1.2
1495,12.38790710000012,322.0762461045348,191.6512866800201,67.65606198689285,40.2587011253316,6.199765422540849e-32,0.21006225328686312,-0.8329576764919295,23.106999712351147,8.07261040063134e-30,-0.09396375027523007,-1.276274085870935,1.2797283808025344,-8.592373168898943e-26,,0.0,1.2,1.2
1497,12.404397199999948,322.0625408789699,191.70057461153203,67.65318303632888,40.26905465928484,2.4799061690163398e-33,0.21006225328686312,-0.8358366270558975,23.096646178397904,3.2290759030515e-31,-0.12702073182271947,-0.8511014626711256,0.8605277253370217,-1.2531192230192156e-26,,0.0,1.2,1.2
1499,12.420817700000043,322.04815738586825,191.71056161665092,67.65016160735782,40.271152552083706,9.91962467606536e-35,0.21006225328686312,-0.8388580560269645,23.09454828559904,1.292011274808161e-32,-0.19067608703503247,-0.2646163075709078,0.326158183094419,-5.086447060643479e-28,,0.0,1.2,1.2
1500,12.432767899999817,322.0412675569163,191.70553347056898,67.6487143143634,40.27009632838788,1.983924935213072e-35,0.21006225328686312,-0.8403053490213779,23.095604509294866,5.206136457988735e-34,-0.19854780319404114,0.0483081132387483,0.20434016726494922,-9.800158748890857e-29,,0.0,1.2,1.2
1501,12.436581599999954,322.0347614693072,191.69591080294498,67.64734763094016,40.26807496914415,3.967849870426144e-36,0.21006225328686312,-0.8416720324446203,23.097625868538593,2.4633681707564034e-35,-0.17885843256516387,0.22909080974353171,0.2906422853072387,-4.0094317942116294e-30,-3.967849870426144e-36,0.0,1.2,1.2
1503,12.452141499999925,322.02330410733464,191.66785546339207,67.64494087166747,40.26218160130094,1.5871399481704577e-37,0.21006225328686312,-0.8440787917173083,23.103519236381807,4.7944831439116603e-36,-0.1692767433752656,0.38532018915007304,0.42086371192392386,-2.3383105461594826e-31,,0.0,1.2,1.2
1505,12.477528600000369,322.014102228144,191.63449342312703,67.64300790419021,40.25517349594861,6.348559792681831e-39,0.21006225328686312,-0.8460117591945675,23.110527341734134,8.266353050246497e-37,-0.16074262234427453,0.4640191553033719,0.4910722626320579,-2.631201606735672e-32,,0.0,1.2,1.2
1507,12.488228600000184,322.0071699177014,191.6012117013722,67.64155168743817,40.248182262483525,2.539423917072733e-40,0.21006225328686312,-0.8474679759466142,23.11751857519922,3.306573724724736e-38,-0.09587863547339448,0.40892967729877594,0.4200192777908189,-3.0160522447665817e-34,-2.539423917072733e-40,0.0,1.2,1.2
1509,12.501295400000345,322.00229061863564,191.57123662000765,67.64052673088194,40.24188562934963,1.0157695668290933e-41,0.21006225328686312,-0.8484929325028361,23.123815208333113,1.3230195454035572e-39,-0.07683770606802576,0.4353320463511444,0.44206110850658564,-4.6603118307299914e-35,,0.0,1.2,1.2
1510,12.512179000000287,322.00052687829174,191.55804658175973,67.6401562356111,40.23911490019434,2.0315391336581867e-42,0.21006225328686312,-0.8488634277736793,23.126585937488407,5.331083732980467e-41,-0.0666612342044559,0.9292080998836045,0.9315961641371008,-1.5344373240997596e-35,,0.0,1.2,1.2
1511,12.51705099999981,321.9991475276784,191.54620033562549,67.63986648611319,40.23662645103839,4.063078267316373e-43,0.21006225328686312,-0.8491531772715888,23.129074386644355,2.522489006854559e-42,-0.041618053173857625,1.4849886120337386,1.4855716880110066,-5.1130231881045965e-37,,0.0,1.2,1.2
1513,12.532200200000261,321.9973260234584,191.3482063152271,67.63948385683236,40.19503538097617,1.6252313069265494e-44,0.21006225328686312,-0.8495358065524243,23.170665456706573,4.909550739365543e-43,-0.026348123736614174,2.6231800296127767,2.6233123510904544,-2.54503620375883e-38,,0.0,1.2,1.2
1515,12.54809860000023,321.99650264575325,191.08843617351027,67.6393108962563,40.14046747967049,6.500925227706198e-46,0.21006225328686312,-0.849708767128476,23.225233358012254,8.464828735295329e-44,-0.01923187049437206,3.9428758276366778,3.9429227302857877,-2.117902821014017e-39,,0.0,1.2,1.2
1517,12.564197200000308,321.9963424657746,190.61536670023648,67.63927724848907,40.04109344015337,2.6003700910824797e-47,0.21006225328686312,-0.8497424148957151,23.324607397529377,3.386930036233107e-45,-0.836769862137155,8.280394896682473,8.322567118815336,-3.300137375241761e-41,,0.0,1.2,1.2
1518,12.576219999999921,321.9964305871468,190.2231356508892,67.63929575946307,39.958700502118404,5.2007401821649594e-48,0.21006225328686312,-0.8497239039217135,23.40700033556434,1.3650902830146587e-46,-1.1617110463219018,9.456553464396059,9.527642729454513,-6.181114490681252e-42,,0.0,1.2,1.2
1519,12.580469000000448,321.9125445364351,189.7741219254176,67.62167446663123,39.86437966718912,1.0401480364329919e-48,0.21006225328686312,-0.867345196753547,23.501321170493625,6.498844931633334e-48,-1.3865755467110195,10.81579422350463,10.904310910457987,-1.0698359887952186e-42,,0.0,1.2,1.2
1520,12.592451999999867,321.8184223889916,189.28203908731143,67.60190295625506,39.76101163741274,2.080296072865984e-49,0.21006225328686312,-0.8871167071297208,23.604689200270002,1.2981713189427056e-48,-1.7945552942478704,16.075769243222553,16.175623186308872,-6.02924973166845e-44,,0.0,1.2,1.2
1521,12.608415200000309,321.73215534090025,188.50474820566575,67.58378150574858,39.59773216335491,4.160592145731968e-50,0.21006225328686312,-0.9052381576362052,23.767968674327832,2.5803659640458008e-49,-1.9319937548464434,18.437882260425397,18.538826880848614,-6.222211953089084e-45,-4.160592145731968e-50,0.0,1.2,1.2
1524,12.6277670999998,321.5440379458478,185.51321272335207,67.5442651418614,38.9693234791525,3.328473716585575e-52,0.21006225328686312,-0.9447545215233788,24.396377358530245,5.000752167377632e-50,-1.248202539113461,19.819328985759668,19.858595394045942,-1.0274919785467439e-46,,0.0,1.2,1.2
1525,12.640312200000153,321.5030901749385,184.3986049996857,67.53566356083712,38.7351864691882,6.656947433171151e-53,0.21006225328686312,-0.9533561025476587,24.630514368494545,8.40162151868843e-51,-0.9942157564477397,23.45071413668448,23.471780045213066,-1.5949184521628245e-47,,0.0,1.2,1.2
1527,12.656404500000463,321.4473042656944,182.16890428281727,67.52394504703966,38.266810512447485,2.662778973268461e-54,0.21006225328686312,-0.9650746163451203,25.09889032523526,8.044148767085088e-53,-0.8477489314185053,32.96643624282611,32.97733459215648,-2.91831154105267e-48,,0.0,1.2,1.2
1529,12.672102900000027,321.41890385852486,180.1673424826419,67.51797919351536,37.84635793060974,1.0651115893073845e-55,0.21006225328686312,-0.9710404698694219,25.519342907073003,1.3872183756993661e-53,-0.44469255138570435,30.39384172663575,30.397094702767934,-7.68357715445426e-49,,0.0,1.2,1.2
1530,12.675499900000432,321.4123889284984,179.2325208928773,67.51661065263399,37.64998720104258,2.130223178614769e-56,0.21006225328686312,-0.9724090107507948,25.715713636640167,5.582957073655301e-55,-0.2872656037725412,29.67035754377719,29.67174815043237,-1.0505677732651525e-49,,0.0,1.2,1.2
1532,12.692188400000305,321.41026718217665,177.67461537288247,67.51616495382075,37.32273005710442,8.520892714459077e-58,0.21006225328686312,-0.9728547095640323,26.042970780578322,2.574127605467229e-56,-0.1222251460327265,25.031064283096516,25.03136269024986,-1.638687104245976e-51,,0.0,1.2,1.2
1534,12.707761600000595,321.41779067044365,176.55914840038037,67.51774535471868,37.08841255139355,3.408357085783631e-59,0.21006225328686312,-0.9712743086660964,26.277288286289192,4.4393169370914637e-57,0.04200268047470533,22.889006684792943,22.889045223461444,-7.90594755158378e-52,,0.0,1.2,1.2
1535,12.720542099999875,321.4236920523765,176.19962825610094,67.51898501230501,37.0128909397842,6.816714171567263e-60,0.21006225328686312,-0.9700346510797715,26.352809897898545,1.7888148660459946e-58,0.15882694211109605,11.863400312383302,11.864463450548305,-6.733309017833707e-54,-6.816714171567263e-60,0.0,1.2,1.2
1536,12.723729800000001,321.4303859037191,175.95572218853695,67.5203911378012,36.96165548164137,1.3633428343134525e-60,0.21006225328686312,-0.9686285255835827,26.404045356041372,8.464068585124894e-60,0.20094817733002138,7.606572959528077,7.609226791113272,-3.510336064502922e-55,,0.0,1.2,1.2
1538,12.740445000000364,321.4448087411748,175.74254151282116,67.52342083153594,36.916874268543296,5.453371337253811e-62,0.21006225328686312,-0.9655988318488369,26.44882656913945,1.6473718643459103e-60,0.21289240710278695,3.630945170442023,3.637181052375351,-7.746492380477466e-56,,0.0,1.2,1.2
1540,12.756520800000544,321.458882318174,175.87068100031303,67.52637715883219,36.94379153802086,2.1813485349015244e-63,0.21006225328686312,-0.9626425045525906,26.421909299661884,2.8403252019011346e-61,0.21190391543927603,1.1992363049724766,1.217814018864348,-1.0794225892584208e-56,,0.0,1.2,1.2
1542,12.772848100000374,321.4714120021857,176.24624819759038,67.52900917248866,37.02268402974157,8.725394139606097e-65,0.21006225328686312,-0.9600104908961242,26.343016807941176,1.1364651358954148e-62,0.1811839550896069,-7.609594498551777,7.611751182084934,-1.0206370535951286e-58,-8.725394139606097e-65,0.0,1.2,1.2
1543,12.785319100000379,321.47687704839797,176.61726425887025,67.53015717241033,37.10062049957964,1.7450788279212195e-65,0.21006225328686312,-0.9588624909744539,26.265080338103104,4.5793660570777476e-64,0.16711617188722927,-11.30533823880672,11.306573331860173,-2.0501085627102664e-59,,0.0,1.2,1.2
1544,12.788875899999766,321.4817452020409,177.09087764919022,67.5311797877339,37.20010879553708,3.4901576558424394e-66,0.21006225328686312,-0.9578398756508761,26.16559204214566,2.167248297971921e-65,0.1403916214598667,-12.980873721428633,12.981632885698648,-3.539751095542089e-60,,0.0,1.2,1.2
1546,12.804057100000136,321.489761022149,178.23271823655827,67.53286360896776,37.43996640221401,1.396063062336976e-67,0.21006225328686312,-0.956156054417022,25.925734435468733,4.221918070596989e-66,0.12047153199239596,-14.534615134366653,14.535114395634483,-1.9973559709177065e-61,,0.0,1.2,1.2
1547,12.817302899999959,321.4929312833693,178.86656731548723,67.5335295611832,37.57311416797763,2.792126124673952e-68,0.21006225328686312,-0.9554901022015798,25.792586669705116,7.317693495581483e-67,0.10906073969108589,-15.366013067817002,15.366400093882264,-2.4822659250863964e-62,,0.0,1.2,1.2
1549,12.833734599999843,321.49775003870667,179.85222755011347,67.5345417997874,37.78016417783848,1.1168504498695808e-69,0.21006225328686312,-0.9544778635973756,25.585536659844266,3.373960535038009e-68,0.054890638075579784,-10.971284125797158,10.971421437130061,-2.9147419805195865e-64,-1.1168504498695808e-69,0.0,1.2,1.2
1551,12.852541899999778,321.500883623635,180.78393419716286,67.53520004769831,37.97588057552002,4.467401799478324e-71,0.21006225328686312,-0.95381961568647,25.389820262162722,5.818701495784527e-69,0.03971963832668427,-10.570235089202482,10.570309715929623,-6.158694965935343e-65,,0.0,1.2,1.2
1552,12.865542100000312,321.5019146314947,181.1551128827868,67.53541662353248,38.05385120659424,8.934803598956649e-72,0.21006225328686312,-0.9536030398522968,25.311849631088506,2.3446354212238076e-70,0.032007771257208245,-9.731210087210483,9.731262726843209,-3.7710631337469316,,0.0,1.2,1.2
1553,12.870103400000517,321.50267592349866,181.45464507250335,67.53557654224625,38.11677161329805,1.7869607197913298e-72,0.21006225328686312,-0.9534431211385339,25.248929224384696,1.1094023975894907e-71,0.020108260306963287,-7.767435160387455,7.767461188377826,-3.9101671138756964,,0.0,1.2,1.2
1555,12.884831999999733,321.50349747593157,181.86530744502218,67.5357491194015,38.20303627660948,7.14784287916532e-74,0.21006225328686312,-0.9532705439832796,25.162664561073264,-0.27771240234375,0.0818279122610608,-5.661687077038236,5.662278372309752,-4.632913425906519,-7.14784287916532e-74,0.0,1.2,1.2
1557,12.90080350000062,321.50365754183065,182.0768115889711,67.53578274320493,38.2474653136669,2.859137151666128e-75,0.21006225328686312,-0.9532369201798474,25.118235524015844,-0.2888208984375,0.07914953330281363,-4.403950576215369,4.404661772073962,-7.956435245028601,,0.0,1.2,1.2
1559,12.916296299999885,321.52899904314177,182.0677890055607,67.54110603607202,38.24557000946525,-1.38856201171875,0.21006225328686312,-0.947913627312758,25.120130828217498,-0.34480771875,0.0746542260935556,-1.2216170262236687,1.223895997310714,-8.113937214232823,,0.0,1.2,1.2
1561,12.9331430000002,321.5292610943712,182.04444849039882,67.54116108314375,38.240667048257464,-0.05554248046875,0.21006225328686312,-0.9478585802410322,25.12503378942528,-0.62475959390625,0.06954594866809524,0.30577460761252473,0.3135837202992828,-1.603117562601053,,0.0,1.2,1.2
1563,12.947362599999906,321.53011289127414,181.90112588526418,67.54134001352053,38.21056037887594,-0.27993410156250004,0.21006225328686312,-0.9476796498642557,25.155140458806805,-0.6359576689125,0.049777707107869065,1.0328338120410465,1.0340326413707435,-4.704962887504399,,0.0,1.294521836109389,1.1054781638906108
1565,12.96342150000055,321.5290560516763,181.7650472507636,67.54111801141325,38.18197539428854,-1.39975937578125,0.21006225328686312,-0.9479016519715344,25.183725443394202,-0.415970289178375,-0.01719512133501185,1.3711259529127067,1.3712337696208126,-3.4139424979964748,,0.0,1.294521836109389,1.1054781638906108
1567,12.980016200000136,321.52141401043195,181.69761956846813,67.53951270700973,38.167811383411646,-0.05599037503125001,0.21006225328686312,-0.9495069563750462,25.1978894542711,-0.68488319633276,-0.019006631332682183,1.5860589923366968,1.5861728717913173,3.484445657700436,,0.0,1.294521836109389,1.1054781638906108
1569,12.995778299999984,321.522069347942,181.56152076343454,67.53965036868377,38.13922216175664,-0.288625113048125,0.21006225328686312,-0.9493692947010146,25.226478675926103,-0.6400972321501853,-0.03860843033638697,1.2027336629749152,1.2033531796385035,3.776850945656403,0.288625113048125,-0.027237921095707364,1.1727620789042925,1.2272379210957074
1571,13.011315200000354,321.52164109877276,181.46050913310285,67.5395604096983,38.118003431080986,-1.400107016240675,0.21006225328686312,-0.9494592536864843,25.24769740660176,-0.3623855282199205,-0.04773759280935516,0.8284343753103185,0.8298086477996174,1.9185316296770258,,0.0,1.1727620789042925,1.2272379210957074
1573,13.027252599999883,321.5151598654262,181.44528668074324,67.53819894721745,38.114805768437776,-0.05600428064962701,0.21006225328686312,-0.9508207161673283,25.25089506924497,-0.3516354874588675,-0.07214605300341356,0.569501385294082,0.5740530296199557,19.605885873076964,,0.0,1.1727620789042925,1.2272379210957074
1574,13.040330200000426,321.5114575078604,181.45098231471707,67.5374212216447,38.116002206144216,-0.011200856129925402,0.21006225328686312,-0.9515984417400745,25.24969863153853,-0.2940000716982819,-0.08301900706517858,0.18548188596393944,0.20321339905337935,18.311843438905232,,0.0,1.1727620789042925,1.2272379210957074
1575,13.043460500000037,321.5081973237425,181.4575560645191,67.53673638002276,38.11738310284018,-0.0022401712259850805,0.21006225328686312,-0.9522832833620214,25.248317734842566,-0.06789216483348348,-0.05964509595533669,0.050733964927359,0.07830372065727026,14.736275960089618,,0.0,1.1727620789042925,1.2272379210957074
1576,13.056274000000485,321.5054138939239,181.4640403527997,67.53615168648321,38.11874520704736,-0.0004480342451970161,0.21006225328686312,-0.9528679769015724,25.246955630635384,-0.11439032902764154,-0.027122802402949137,0.15733450234746568,0.15965522866199564,11.270006989825466,0.0004480342451970161,0.0,1.2,1.2
1578,13.075610900000356,321.5156391191027,181.40034327369793,67.53829962032462,38.10536485508345,-0.2695674819166829,0.21006225328686312,-0.9507200430601586,25.260335982599294,-0.1144581186146198,-0.033706687441173534,0.06923217018462524,0.0770015205481676,9.734292564159452,,0.0,1.2,1.2
1580,13.092284299999847,321.52176563769297,181.342111489091,67.53958657062451,38.09313255519601,-0.2884951016204173,0.21006225328686312,-0.9494330927602732,25.272568282486738,-0.3921840788757655,0.03584573067709229,0.3739618707325978,0.3756759204016127,-8.747972275709781,,0.0,1.2,1.2
1582,13.1092634000006,321.5142978981322,181.3851123986712,67.53801788042541,38.1021654231558,-0.011539804064816694,0.21006225328686312,-0.9510017829593664,25.26353541452694,-0.44772927092799464,0.026974410296183315,0.293460045509392,0.29469716171215704,-8.46822014540308,0.011539804064816694,0.0,1.2,1.2
1583,13.120464200000242,321.5211754877166,181.3273915335057,67.5394626023907,38.090040448157474,-1.3908699725317133,0.21006225328686312,-0.9495570609940813,25.27566038952527,-0.6737535688444589,0.03814559561757618,0.23387670205637195,0.23696708258698007,-8.471829924458971,,0.0,1.2,1.2
1584,13.12451830000009,321.5194387693901,181.3372113477319,67.5390977834257,38.09210322046069,-0.27817399450634267,0.21006225328686312,-0.9499218799590778,25.273597617222052,-0.6827945407611175,0.045904625861201476,0.1883047263082459,0.19381925762286956,-5.1413287397387455,,0.0,1.2,1.2
1586,13.141296100000545,321.53277200621676,181.30573890961165,67.54189859319712,38.085492049192716,-1.3996889714990037,0.21006225328686312,-0.9471210701876629,25.28020878849003,-0.6831561796377836,0.03177608484351971,0.10858780053537309,0.113141636867656,-7.7826131775603145,,0.0,1.2,1.2
1588,13.15802960000019,321.54201101894324,181.26544847982436,67.54383936102859,38.0770285507257,-0.33369996120371015,0.21006225328686312,-0.9451803023561922,25.288672286957045,-0.683228507413117,0.04583802748901511,0.035911145761277394,0.05823001935403608,0.43896874431140986,,0.0,1.2,1.2
1590,13.174884199999724,321.5289299336791,181.3401150050867,67.54109151878257,38.092713169267405,-0.013347998448148407,0.21006225328686312,-0.9479281446022156,25.27298766841534,-0.9609553753119335,0.24031145289659706,0.7634222729800858,0.8003518984017931,-9.73765359773408,,0.0,1.2,1.2
1591,13.18496899999991,321.53849774220885,181.30559073247284,67.54310135420134,38.08546092276905,-1.3912316114083798,0.21006225328686312,-0.9459183091834404,25.280239914913693,-0.7498945281528863,0.23406136939064393,0.7566173574593735,0.7919940342261607,-13.480112786859964,,0.0,1.2,1.2
1592,13.188992999999755,321.5554008027397,181.245655800794,67.5466520491839,38.07287085597,-1.666808334000426,0.21006225328686312,-0.9423676142008759,25.292829981712742,-0.9636220161415245,0.2025310579095925,0.6193720204155667,0.651644480596314,-10.749717002721663,,0.0,1.2,1.2
1594,13.206233099999736,321.5665366621097,181.21610860687335,67.54899127289544,38.06666410583672,-0.34438473570376704,0.21006225328686312,-0.9400283904893456,25.299036731846023,-1.2865954730446458,0.24554314682991604,0.9580520970959455,0.9890173192139138,-1.2420069598569388,,0.0,1.2,1.2
1596,13.221848799999862,321.56343893688967,181.22952260366446,67.54834055775567,38.06948188022825,-1.4023374011469008,0.21006225328686312,-0.9406791056291155,25.296218957454492,-1.0734777620815201,0.11769979279067252,0.45765599047773114,0.4725486714012858,-14.70148506316588,,0.0,1.2,1.2
1597,13.232497500000136,321.5660764090271,181.19085309354307,67.54889459109583,38.06135887579865,-1.628215282963755,0.21006225328686312,-0.94012507228895,25.30434196188409,-0.7427212397341768,-0.11265308546825939,-0.4204463043069586,0.4352767079351922,-1.3508851862053501,1.628215282963755,0.1073709029506024,1.3073709029506024,1.0926290970493975
1598,13.23682749999989,321.5570082990341,181.22760295234085,67.54698972347765,38.069078633945686,-0.32564305659275106,0.21006225328686312,-0.9420299399071297,25.29662220373706,-0.9434980589184081,-0.13209116655352773,-0.49096751117196047,0.5084261729178199,6.533920316423389,,0.0,1.3073709029506024,1.0926290970493975
1600,13.253435999999965,321.53570947254707,181.3273641463133,67.54251564399341,38.09003469514213,-0.013025722263710043,0.21006225328686312,-0.9465040193913694,25.275666142540615,-0.7169613319540249,-0.13872131641744068,-0.5324157541703549,0.5501910022141179,4.8666323833549106,,0.0,1.3073709029506024,1.0926290970493975
1602,13.268653699999959,321.5384981689385,181.32682717961578,67.54310144384112,38.08992189870771,-1.3482688316249234,0.21006225328686312,-0.9459182195436568,25.275778938975037,-0.4021044260142732,-0.1688011442257775,-0.3261443502653631,0.3672382925321753,-1.313419061295946,,0.0,1.3073709029506024,1.0926290970493975
1603,13.280510000000504,321.5342751159651,181.34870890061683,67.54221433981779,38.09451842232698,-0.26965376632498467,0.21006225328686312,-0.9468053235669913,25.271182415355767,-0.3391330448263229,-0.14331059365406812,0.6513893869877465,0.6669678101181148,19.076617878630756,,0.0,1.3073709029506024,1.0926290970493975
1604,13.29620530000011,321.52692510223346,181.2146529636796,67.54067037937163,38.066358330147466,-0.05393075326499694,0.21006225328686312,-0.9483492840131476,25.29934250753528,-0.3366141895788049,-0.11941696752797268,1.3483992719929958,1.3536768480124117,17.008039481265246,0.05393075326499694,-0.026065563904840456,1.1739344360951596,1.2260655639048403
1605,13.301056500000414,321.519708875656,181.1429500451191,67.53915452255654,38.0512962535074,-0.010786150652999388,0.21006225328686312,-0.949865140828237,25.314404584175342,-0.066977681094865,-0.14353031697643692,2.1325717788414424,2.1373963937001275,13.062494587513767,,0.0,1.1739344360951596,1.2260655639048403
1607,13.317413400000078,321.50803531730173,180.96982991615002,67.53670234858477,38.01493024912684,-0.0004314460261199756,0.21006225328686312,-0.9523173148000126,25.350770588555903,-0.013050379398077022,-0.16918270183529044,5.572678591183088,5.575246135125392,12.119497471044975,,0.0,1.1739344360951596,1.2260655639048403
1608,13.328620199999932,321.50365677854415,180.76025685647892,67.53578258286726,37.97090685998411,-8.628920522399512e-05,0.21006225328686312,-0.9532370805175248,25.394793977698633,-0.00226436680780599,-0.1628686917849021,7.115863459628407,7.117727094152915,12.088547750222677,,0.0,1.1739344360951596,1.2260655639048403
1609,13.332238300000427,321.50015888457744,180.4706733449791,67.53504780737885,37.91007629504374,-1.7257841044799025e-05,0.21006225328686312,-0.9539718560059356,25.455624542639008,-0.00010714219971524666,-0.10662125826591282,9.265823648837298,9.26643707063652,0.9724798013167018,,0.0,1.1739344360951596,1.2260655639048403
1611,13.347281500000463,321.49537507310833,179.78962616761834,67.53404290916234,37.767013990372675,-6.903136417919611e-07,0.21006225328686312,-0.954976754222443,25.59868684731007,-2.0853215391616928e-05,-0.07861700060774134,12.37995561275673,12.380205232814657,0.31313951489188774,6.903136417919611e-07,0.0,1.2,1.2
1613,13.363492999999835,321.492964649955,178.72039979984382,67.53353657024338,37.54240989028423,-2.7612545671678444e-08,0.21006225328686312,-0.955483093141396,25.82329094739851,-3.5954185268909812e-06,-0.06208542773606822,14.370140712329581,14.370274830095953,0.12065121028882582,,0.0,1.2,1.2
1615,13.37968809999984,321.4922017395968,177.3485461438013,67.53337631157447,37.254235220116115,-1.1045018268671377e-09,0.21006225328686312,-0.9556433518103091,26.11146561756663,-1.4385915394579097e-07,-0.018619480455968496,21.97843856805593,21.978446454989964,0.0014052576728905755,,0.0,1.2,1.2
1616,13.392274400000133,321.4922368362664,176.51694610626282,67.53338368405997,37.07954744239735,-2.2090036537342756e-10,0.21006225328686312,-0.9556359793248106,26.286153395285396,-5.796779027983337e-09,-0.0027978735201014907,25.280901999218496,25.280902154040827,0.00025804469103990707,,0.0,1.2,1.2
1617,13.395778600000085,321.4924744922697,175.6018813324739,67.53343360661555,36.887326874111814,-4.418007307468552e-11,0.21006225328686312,-0.9555860567692349,26.47837396357093,-2.742840312710316e-10,0.0065361444206433,26.724626640208296,26.724627439493236,4.513714420519267e-05,,0.0,1.2,1.2
1619,13.411403000000064,321.49338990051785,173.66633786678793,67.53362589933482,36.48074225237515,-1.7672029229874208e-12,0.21006225328686312,-0.9553937640499583,26.884958585307594,-5.338649342228079e-11,0.010614683752351337,25.168400719825733,25.16840295817825,2.5125459671604264e-06,,0.0,1.2,1.2
1621,13.427910299999894,321.4946029668048,172.01034175723822,67.53388071877244,36.132879978168866,-7.068811691949684e-14,0.21006225328686312,-0.9551389446123437,27.23282085951388,-9.206985852530623e-12,0.017644044820900345,27.841859992729653,27.84186558345323,3.1871380482963744e-07,,0.0,1.2,1.2
1622,13.440666200000123,321.49524040234576,171.40231993637985,67.53401461991851,36.005157544431775,-1.4137623383899368e-14,0.21006225328686312,-0.9550050434662722,27.36054329325097,-3.7099385779093365e-13,0.017983369978581604,18.484122070916666,18.48413081900646,3.5210759692722416e-09,,0.0,1.2,1.2
1623,13.444294099999752,321.4958575249028,170.93175674190746,67.5341442540734,35.90630997948704,-2.827524676779874e-15,0.21006225328686312,-0.9548754093113843,27.459390858195704,-1.7554178001346024e-14,0.01818348684575669,13.925950908353027,13.925962779680704,6.935145074680605e-10,,0.0,1.2,1.2
1625,13.459802500000478,321.4970345675965,170.33628903373494,67.53439150631384,35.781224690948754,-1.1310098707119496e-16,0.21006225328686312,-0.9546281570709425,27.58447614673399,-3.4167355790259713e-15,0.016481000032395676,9.523345514765444,9.52335977567608,1.5825109285040648e-10,1.1310098707119496e-16,0.0,1.2,1.2
1627,13.475686200000382,321.49804082624627,170.09193710147366,67.53460288327321,35.72989557346295,-4.524039482847799e-18,0.21006225328686312,-0.9544167801115719,27.635805264219798,-5.8924709456196e-16,0.019034737232844413,5.1005103536555545,5.100545871665996,1.971272821985463e-11,,0.0,1.2,1.2
1628,13.488322199999857,321.49845735011627,170.14846874192114,67.53469037921589,35.74177073723735,-9.048078965695599e-19,0.21006225328686312,-0.9543292841688924,27.623930100445392,-2.3749397669157803e-17,0.012974192212487162,-1.418863371049536,1.4189226882989854,2.282100354099503e-13,,0.0,1.2,1.2
1629,13.491742199999862,321.4988361392869,170.34548968303886,67.53476994852258,35.783157400073236,-1.8096157931391199e-19,0.21006225328686312,-0.9542497148622004,27.58254343760951,-1.1294897934457128e-18,0.011096198933234174,-5.742834587697136,5.742845307622459,4.5892532273400944e-14,,0.0,1.2,1.2
1630,13.504260400000021,321.49915971841546,170.6643333887773,67.53483792028345,35.85013442734699,-3.61923158627824e-20,0.21006225328686312,-0.95418174310133,27.515566410335758,-2.2469347841722924e-19,0.009126371568108827,-9.017613924975663,9.017618543194926,1.0290504487955314e-14,,0.0,1.2,1.2
1632,13.519974400000137,321.49964993601424,171.6782748727483,67.53494089649685,36.063125260170956,-1.4476926345112962e-21,0.21006225328686312,-0.9540787668879318,27.30257557751179,-4.373236236496027e-20,0.008297794729748323,-11.716437402469207,11.716440340793648,1.340015225823541e-15,1.4476926345112962e-21,0.0,1.2,1.2
1634,13.539906800000608,321.4999781210009,172.92532579618495,67.53500983577464,36.32508358711153,-5.790770538045185e-23,0.21006225328686312,-0.9540098276101361,27.040617250571216,-7.540139154506481e-21,0.0038646063469727062,-10.925068552744092,10.925069236272149,1.721823212918502e-17,,0.0,1.2,1.2
1636,13.555716599999869,321.5001874600772,174.0116569055355,67.53505381001271,36.55328074775732,-2.3163082152180744e-24,0.21006225328686312,-0.9539658533720683,26.812420089925425,-3.0169451241572364e-22,0.003231928721676948,-14.57059327679464,14.57059363523451,2.7631755029354e-18,,0.0,1.2,1.2
1637,13.568206200000532,321.5002528586716,174.49590281280965,67.53506754778881,36.65500253418427,-4.632616430436149e-25,0.21006225328686312,-0.9539521155959676,26.710698303498475,-1.2156726732093322e-23,0.20384243062278176,-13.304086057777042,13.30564758173234,4.599974456901428e-19,,0.0,1.2,1.2
1638,13.571842899999865,321.5002920965038,174.90409655281178,67.53507579017626,36.74074863098671,-9.265232860872299e-26,0.21006225328686312,-0.9539438732085159,26.624952206696037,-5.75215304748107e-25,0.2100536924922274,-11.692166650719344,11.694053340990163,9.684900672205399e-20,9.265232860872299e-26,0.0,1.2,1.2
1640,13.589338200000384,321.58437837871213,175.50556265991696,67.55273914408745,36.8670939567209,-3.70609314434892e-27,0.21006225328686312,-0.9362805192973269,26.498606880961844,-1.1195484765429835e-25,0.144740006853788,-9.299438296312218,9.300564622457193,5.280160932050482e-21,,0.0,1.2,1.2
1642,13.604293700000198,321.58683569090584,175.86743121574432,67.55325533262389,36.94310888095166,-1.4824372577395682e-28,0.21006225328686312,-0.9357643307608896,26.422591956731083,-1.9302566483567618e-26,0.09302094393135177,-7.803142243378919,7.803696673142445,6.437072525124255e-22,,0.0,1.2,1.2
1644,13.619752200000221,321.5630081785576,176.04921815124038,67.54825007168981,36.981295454240076,-5.929749030958273e-30,0.21006225328686312,-0.9407695916949734,26.38440538344267,-7.7210265934270465e-28,0.0445082015364627,-3.014742530491848,3.0150710613782223,6.783435654126349e-24,,0.0,1.2,1.2
1646,13.637342400000307,321.5414460220241,176.10473972393007,67.54372067650266,36.992958440905305,-2.3718996123833097e-31,0.21006225328686312,-0.945298986882122,26.37274239677744,-3.0884409976858574e-29,-0.18158137846866218,-1.4570954748068934,1.4683661054755064,1.4876279811732848e-24,,0.0,1.2,1.2
1648,13.652306200000567,321.52432842874464,176.078809950397,67.54012491628752,36.98751157424972,-9.48759844953324e-33,0.21006225328686312,-0.9488947470972562,26.378189263433022,-1.2356800022247284e-30,0.2462804469977138,-0.21887310345808048,0.3294836778821757,2.48589000075637e-25,,0.0,1.2,1.2
1649,13.66424999999981,321.51745753443225,176.04659610332192,67.53868160074616,36.9807446609461,-1.8975196899066482e-33,0.21006225328686312,-0.9503380626386218,26.384956176736644,-4.973323206457728e-32,1.1423118331046371,0.7582222714327398,1.3710497208152226,8.844434983502288e-27,,0.0,1.2,1.2
1651,13.68046140000024,321.6852208108678,175.9610583517335,67.57392233261301,36.96277640810634,-7.590078759626593e-35,0.21006225328686312,-0.915097330771772,26.4029244295764,-2.2953612581712358e-33,1.3197799349027395,1.1451230291402739,1.7473196125607002,4.168124268145464e-28,,0.0,1.2,1.2
1652,13.684635800000251,321.76781704353726,175.91306274467166,67.59127268336056,36.952694342739065,-1.5180157519253187e-35,0.21006225328686312,-0.8977469800242233,26.41300649494368,-3.978464259149937e-34,1.1300405667661682,1.3049077661411812,1.726202757694695,2.0539877243297693e-29,1.5180157519253187e-35,0.0,1.2,1.2
1654,13.70061059999989,321.81571546341445,175.81637046817283,67.60133433336884,36.93238294526228,-6.072063007701276e-37,0.21006225328686312,-0.8876853300159411,26.43331789242046,-1.8343459463745245e-35,0.9966311662765668,1.336070037400298,1.6668403722110354,6.811448074552512e-31,,0.0,1.2,1.2
1656,13.716734700000416,321.7244498525718,175.7271057653448,67.58216287350763,36.913631800647245,-2.4288252030805107e-38,0.21006225328686312,-0.9068567898771533,26.4520690370355,-3.163340805695306e-36,0.3742324489491767,1.2894043523932714,1.3426144308092365,9.590539664464868e-32,,0.0,1.2,1.2
1657,13.728327700000591,321.68096750464684,175.68723908782056,67.57302887352431,36.90525731653544,-4.857650406161022e-39,0.21006225328686312,-0.9159907898604729,26.460443521147305,-1.2731085629279801e-37,-0.5669135922672062,0.9122847258986317,1.0740830704397355,4.993463669855772e-33,,0.0,1.2,1.2
1659,13.744749800000136,321.60762394560294,175.61883058629934,67.55762216024748,36.89088727256192,-1.943060162464409e-40,0.21006225328686312,-0.9313975031373047,26.474813565120826,-5.869658316697685e-39,-0.798769858438987,0.7641403728332851,1.1054156666812858,2.422061622907283e-34,1.943060162464409e-40,0.0,1.2,1.2
1661,13.765715200000159,321.55279468812853,175.56597202425357,67.54610460287635,36.879783683913075,-7.772240649857636e-42,0.21006225328686312,-0.942915060508426,26.48591715376967,-1.0120103976536708e-39,-0.6283314710218163,0.6026028367030918,0.8705921067176365,5.391562202544914e-35,,0.0,1.2,1.2
1663,13.780867000000399,321.51460643070334,175.52768949754858,67.53808269147251,36.87174197009191,-3.1088962599430547e-43,0.21006225328686312,-0.9509369719122702,26.493958867590834,-4.048041590614684e-41,-0.5050172941465636,0.497353951805673,0.7088042189235588,1.53868977922694e-36,,0.0,1.2,1.2
1665,13.796092000000499,321.49019550995115,175.50194230929503,67.5329548784545,36.86633345771157,-1.2435585039772222e-44,0.21006225328686312,-0.9560647849302768,26.499367379971176,-1.6192325537947245e-42,-0.330740553771268,0.3394860082009663,0.47396209096630454,5.969364348640344e-38,1.2435585039772222e-44,0.0,1.2,1.2
1667,13.81290700000045,321.4764818696405,175.48624257200427,67.53007416027009,36.86303553552026,-4.974234015908889e-46,0.21006225328686312,-0.9589455031146912,26.502665302162484,-6.47852197006399e-44,-0.004191243693210334,0.24737383005706834,0.24740933353614453,1.3354011532349408e-38,,0.0,1.2,1.2
1668,13.824811200000113,321.4726971275664,175.4813857772784,67.52927912882188,36.8620153062764,-9.948468031817778e-47,0.21006225328686312,-0.9597405345628971,26.503685531406347,-2.6073263368765052e-45,0.11082043634946276,0.14317155385670174,0.1810504430992307,5.300580536741943e-40,,0.0,1.2,1.2
1670,13.840516100000059,321.5536944188616,175.47622308568927,67.54629360234149,36.86093081964816,-3.979387212727112e-48,0.21006225328686312,-0.9427260610432882,26.504770018034584,-1.2021569594160093e-46,0.07511000739002209,0.06481721467631192,0.09921080852671385,1.9567278017119447e-41,,0.0,1.2,1.2
1672,13.857238399999915,321.5573262380929,175.475448375839,67.54705651047274,36.86076808235136,-1.5917548850908446e-49,0.21006225328686312,-0.941963152912038,26.50493275533138,-2.0731270304204773e-47,0.5221657178122802,0.018343831986219618,0.5224878305093358,1.0784702997474909e-42,1.5917548850908446e-49,0.0,1.2,1.2
1673,13.861385000000155,321.54715321479665,175.4761695280418,67.5449195422764,36.86091956920805,-3.1835097701816896e-50,0.21006225328686312,-0.9441001211083773,26.504781268474694,-8.343444278004815e-49,0.443230822307319,-0.009768454471462098,0.443338453719033,3.383282722915853e-44,,0.0,1.2,1.2
1675,13.877601300000606,321.7064859705781,175.4789669477365,67.57838933997826,36.86150720149251,-1.273403908072676e-51,0.21006225328686312,-0.9106303234065223,26.504193636190237,-3.8467392744309965e-50,0.3216581220623967,-0.03373654622530005,0.3234224822734491,2.1598518752662784e-45,,0.0,1.2,1.2
1677,13.891975999999886,321.6749079366377,175.48272092617688,67.57175598701436,36.862295770662485,-5.093615632290704e-53,0.21006225328686312,-0.9172636763704247,26.50340506702026,-6.632311342063102e-51,0.13593225916418003,-0.04544274036290441,0.14332697489714957,9.700136625128989e-46,,0.0,1.2,1.2
1679,13.90840130000015,321.71209026959946,175.48669204580108,67.57956659165878,36.86312995299881,-2.037446252916282e-54,0.21006225328686312,-0.9094530717260056,26.502570884683934,-2.652924536825241e-52,0.08809230626444936,-0.04624775826196942,0.0994942690171002,1.0339553862323719e-47,2.037446252916282e-54,0.0,1.2,1.2
1681,13.924297700000352,321.64526896277283,175.49038491240847,67.5655299573792,36.86390568487945,-8.149785011665129e-56,0.21006225328686312,-0.9234897060055829,26.501795152803297,-1.0611802464549116e-53,-0.4037189767356346,-0.04347294315262769,0.4060528401117513,5.237942361299506e-49,,0.0,1.2,1.2
1683,13.940666899999997,321.5864699809497,175.49354540407143,67.55317851076646,36.86456958487967,-3.259914004666052e-57,0.21006225328686312,-0.9358411526183232,26.501131252803077,-4.245764158301139e-55,-0.4111596214330294,-0.03847747397803796,0.412956111833549,8.086232881568188e-50,,0.0,1.2,1.2
1684,13.95335250000062,321.5626102320538,175.49489590301982,67.54816647815053,36.864853273731825,-6.519828009332104e-58,0.21006225328686312,-0.9408531852342463,26.50084756395092,-1.7087373881353878e-56,-0.5556052259099248,-0.03151416596184263,0.556498256704088,3.3353627021199564e-51,,0.0,1.2,1.2
1686,13.969010700000581,321.5254394761733,175.49712323942214,67.54035830541389,36.865321153035325,-2.607931203732842e-59,0.21006225328686312,-0.9486613579708916,26.50037968464742,-7.878122034034688e-58,-0.15630130275123771,-0.02481608624692455,0.15825907676449041,1.311087491318764e-52,2.607931203732842e-59,0.0,1.2,1.2
1688,13.990185100000417,321.5005714430909,175.49873301374316,67.53513447034979,36.86565930585648,-1.0431724814931369e-60,0.21006225328686312,-0.9538851930349921,26.500041531826263,-1.3582973628545243e-58,0.16679399090886618,-0.018463879198545228,0.16781284288863416,6.640591397240541e-54,,0.0,1.2,1.2
1690,14.005148899999767,321.5798925877518,175.49982353857868,67.55179684873055,36.865888383960694,-4.172689925972548e-62,0.21006225328686312,-0.9372228146542341,26.49981245372205,-5.433189451418097e-60,0.378776443804446,-0.0149604744734739,0.37907177444069096,2.1615942420452215e-55,,0.0,1.2,1.2
1692,14.021533400000408,321.6470430761632,175.50050967733793,67.56590263163557,36.86603251581453,-1.6690759703890195e-63,0.21006225328686312,-0.9231170317492143,26.499668321868214,-2.1732757805672394e-61,0.317529261794088,-0.009313698956825763,0.31766582611882704,7.967505533047223e-57,1.6690759703890195e-63,0.0,1.2,1.2
1694,14.037034200000562,321.6961008215327,175.5008672735348,67.57620781216906,36.866107633277416,-6.6763038815560785e-65,0.21006225328686312,-0.9128118512157215,26.49959320440533,-8.693103122268958e-63,0.4739097246485848,-0.006094584774478085,0.4739489118882654,1.809295487462151e-57,,0.0,1.2,1.2
1696,14.053022099999907,321.63483969062804,175.50099262012327,67.56333916097232,36.86613396386423,-2.6705215526224316e-66,0.21006225328686312,-0.9256805024124617,26.499566873818516,-3.477241248907584e-64,0.5480975366396565,0.20904393126195575,0.5866091329564457,6.646900148786717e-59,,0.0,1.2,1.2
1698,14.068619399999989,321.67457852741717,175.50098328814735,67.57168679057125,36.86613200356834,-1.0682086210489727e-67,0.21006225328686312,-0.9173328728135317,26.499568834114406,-1.3908964995630338e-65,0.4453100357045814,0.2179852399114095,0.4958009607881476,2.800762557492004e-60,,0.0,1.2,1.2
1700,14.085289900000134,321.7923843177536,175.4168314368935,67.59643334033956,36.84845487607569,-4.2728344841958915e-69,0.21006225328686312,-0.8925863230452222,26.517245961607053,-5.563585998252135e-67,0.05060570486794691,0.15964548986769705,0.16747423622837845,1.0884400970923122e-61,,0.0,1.2,1.2
1702,14.100659200000337,321.81777162422975,175.4142040873034,67.60176625514282,36.84790296910063,-1.7091337936783568e-70,0.21006225328686312,-0.8872534082419605,26.517797868582115,-2.2254343993008544e-68,-0.017366887481806537,0.10515806348212338,0.10658248963181531,4.447833061763947e-63,,0.0,1.2,1.2
1704,14.11738030000015,321.71359775654366,175.43780925661613,67.57988325776307,36.85286152415568,-6.836535174713428e-72,0.21006225328686312,-0.9091364056217088,26.512839313527067,-8.901737597203417e-70,-0.049724203374217416,0.06007756055958163,0.07798595824884588,1.674111154567644e-64,,0.0,1.2,1.2
1706,14.133750500000133,321.6243861604431,175.45916868919525,67.56114326886687,36.857348334692176,-2.734614069885371e-73,0.21006225328686312,-0.9278763945179094,26.50835250299057,-3.5606950388813684e-71,-0.5208435974101245,-0.18552926398664527,0.5529006789275505,7.216700829159591e-66,2.734614069885371e-73,0.0,1.2,1.2
1708,14.149534799999856,321.6524446214779,175.4760962288047,67.5670372924156,36.86090417180514,-1.0938456279541485e-74,0.21006225328686312,-0.9219823709691752,26.504796665877606,-1.4242780155525473e-72,-0.5027002802272688,-0.21636491990832182,0.5472854376899764,2.664272162320217e-67,,0.0,1.2,1.2
1710,14.16524980000031,321.58727322646445,175.48863834614843,67.55334724232922,36.86353879723535,-4.3753825118165944e-76,0.21006225328686312,-0.9356724210555569,26.502162040447395,-5.6971680671063395e-74,-0.2727442219690976,-0.1677411103753427,0.3201975807645668,1.0891788289246373e-68,,0.0,1.2,1.2
1712,14.180636799999775,321.6193347341247,175.49730148568457,67.56008215487212,36.86535859584685,-1.750153004726638e-77,0.21006225328686312,-0.9289375085126608,26.500342241835895,-2.279427275804048e-75,-0.13771466371923255,-0.1212069976762453,0.18345698375638536,4.512714787407261e-70,,0.0,1.2,1.2
1713,14.192779099999825,321.61014831976166,175.50038967195826,67.5581524359714,36.86600730721407,-3.5003060094532765e-78,0.21006225328686312,-0.9308672274133869,26.499693530468676,-9.173713999367448e-77,-0.32263366567593266,-0.08204700687273705,0.3329026788180961,1.814908958671671e-71,3.5003060094532765e-78,0.0,1.2,1.2
1715,14.213884100000541,321.5629660418357,175.50455049280305,67.54824122035505,36.86688133861625,-1.4001224037813108e-79,0.21006225328686312,-0.9407784430297284,26.498819499066492,-4.2295345612595045e-78,-0.21540184119370034,-0.050039983807330275,0.22113786009879444,7.478085285787156e-73,,0.0,1.2,1.2
1717,14.228663699999743,321.52418569804934,175.50662443265566,67.54009493395606,36.867316995094875,-5.600489615125244e-81,0.21006225328686312,-0.9489247294287253,26.49838384258787,-7.292375125896118e-79,-0.33424004701213034,-0.026110955234753017,0.33525839439146393,3.691989237420128e-74,,0.0,1.2,1.2
1719,14.244945299999927,321.4982214297365,175.50721467859125,67.53464082124931,36.8674409834861,-2.2401958460500975e-82,0.21006225328686312,-0.9543788421354691,26.498259854196647,-2.9176669130291836e-80,-0.3316442453813013,-0.013716392438450667,0.3319277706309889,8.85709507641457e-76,2.2401958460500975e-82,0.0,1.2,1.2
1720,14.256857500000478,321.4893472275513,175.50713661642516,67.53277668634217,36.86742458557159,-4.4803916921001954e-83,0.21006225328686312,-0.9562429770426064,26.498276252111154,-1.1742353919190337e-81,-0.24997355720389164,-0.0026653510032108745,0.2499877664949579,5.645060387906593e-77,,0.0,1.2,1.2
1722,14.272996800000328,321.4781340216682,175.50647993592648,67.5304212150478,36.86728664178635,-1.7921566768400784e-84,0.21006225328686312,-0.9585984483369856,26.498414195896395,-5.4138042384121675e-83,-0.14026426756094004,0.006307637906880036,0.1404060221300044,9.08411722058094e-78,,0.0,1.2,1.2
1724,14.288859700000103,321.47350787281425,175.50543467434014,67.5294494357955,36.867067071782245,-7.168626707360314e-86,0.21006225328686312,-0.9595702275892819,26.4986337659005,-9.334148402725179e-84,-0.06668093925643838,0.010781057956836584,0.06754686425578536,4.8471078480231905e-79,,0.0,1.2,1.2
1726,14.304592700000285,321.47331029124524,175.50428215677027,67.5294079313659,36.86682497134457,-2.867450682944126e-87,0.21006225328686312,-0.9596117320188853,26.498875866338174,-3.733659361090072e-85,0.19685349248273287,0.013109048430415753,0.19728949453379507,1.4563826186832827e-80,2.867450682944126e-87,0.0,1.2,1.2
1728,14.320610800000395,321.47582136463836,175.50315726797686,67.52993541310103,36.86658867466993,-1.1469802731776504e-88,0.21006225328686312,-0.9590842502837518,26.499112163012818,-1.493463744436029e-86,0.48372596975935644,0.013422887974792613,0.4839121694493885,6.834622530306257e-82,,0.0,1.2,1.2
1730,14.336520300000302,321.56376593489927,175.5021714350835,67.54840924769438,36.866381588390986,-4.587921092710602e-90,0.21006225328686312,-0.9406104156904007,26.49931924929176,-5.973913703134104e-88,1.2137223973324018,0.014263236097027333,1.2138062026906404,1.185743615645555e-82,,0.0,1.2,1.2
1732,14.35300830000051,321.6648950236412,175.50137739865266,67.56965265194835,36.86621479130913,-1.835168437084241e-91,0.21006225328686312,-0.9193670114364352,26.49948604637361,-2.390152735153509e-89,1.1138486504508318,0.012504588898821669,1.1139188394378954,4.663707302743031e-84,,0.0,1.2,1.2
1733,14.356907899999896,321.73151611430876,175.5010424392628,67.58364722837041,36.86614442898493,-3.670336874168482e-92,0.21006225328686312,-0.905372435014371,26.499556408697813,-9.619242369976752e-91,0.9730179099971159,0.010307398246365507,0.9730725027631624,1.883790507413079e-85,3.670336874168482e-92,0.0,1.2,1.2
1735,14.373911700000463,321.6908804321931,175.50050861101107,67.57511120542135,36.86603229181951,-1.468134749667393e-93,0.21006225328686312,-0.91390845796343,26.499668545863237,-4.4340488258674624e-92,0.48763673559888826,0.008908370704558972,0.48771809990418635,8.144392028675877e-87,,0.0,1.2,1.2
1738,14.401519600000029,321.60266340732676,175.50001366909294,67.55658013839965,36.86592832320494,-1.1745077997339147e-95,0.21006225328686312,-0.9324395249851278,26.499772514477804,-7.637213477613783e-93,0.15916352323090127,0.007138590866796021,0.15932352810190073,1.1879455378071332e-87,,0.0,1.2,1.2
1739,14.405470400000013,321.5788579905036,175.49990042044706,67.55157951890135,36.86590453393921,-2.3490155994678294e-96,0.21006225328686312,-0.9374401444834319,26.499796303743537,-2.965434877017779e-94,-0.6468389592690957,0.0037714593083288763,0.6468499541111843,1.1434996927571718e-89,,0.0,1.2,1.2
1740,14.41775030000008,321.5581666460634,175.4998263319184,67.5472330484647,36.86588897073593,-4.698031198935659e-97,0.21006225328686312,-0.9417866149200762,26.499811866946814,-2.916688105297623e-96,-0.5921197754964331,0.0025053730200969918,0.5921250758310411,6.423111074237405e-91,4.698031198935659e-97,0.0,1.2,1.2
1742,14.4332215000004,321.525665292088,175.49973737572537,67.54040574081375,36.86587028439758,-1.8792124795742638e-98,0.21006225328686312,-0.9486139225710275,26.499830553285165,-5.676785193097281e-97,-0.4934164484548499,0.001756356863621636,0.4934195743940748,3.7642261892801865e-91,,0.0,1.2,1.2
1744,14.45355010000003,321.50356102045276,175.49971178880264,67.5357624677068,36.865864909550936,-7.516849918297056e-100,0.21006225328686312,-0.9532571956779776,26.49983592813181,-9.787563995535966e-98,-0.26035768883698485,0.00044883103083708404,0.2603580757069588,4.818437185497773e-93,,0.0,1.2,1.2
1746,14.469684900000175,321.4899114370693,175.49971018961998,67.53289520546484,36.86586457362302,-3.0067399673188224e-101,0.21006225328686312,-0.956124457919941,26.499836264059724,-3.915025598214387e-99,-0.1963741766136266,7.909852912333536e-05,0.1963741925438705,3.620464849170322e-95,3.0067399673188224e-101,0.0,1.2,1.2
1748,14.484778200000619,321.4826954230688,175.4997472829694,67.53137939330415,36.86587236553559,-1.2026959869275293e-102,0.21006225328686312,-0.9576402700806312,26.499828472147158,-1.5660102392857548e-100,-0.10725051307592652,-0.0002739109914218791,0.10725086285098459,5.838494727391798e-96,,0.0,1.2,1.2
1750,14.501124399999753,321.48004715656873,175.49979251664797,67.53082309247584,36.86588186742403,-4.810783947710118e-104,0.21006225328686312,-0.9581965709089388,26.499818970258715,-6.264040957143021e-102,0.16930486529912098,-0.00041871212393465953,0.16930538306207582,1.21640990383724e-96,,0.0,1.2,1.2
1752,14.518368099999861,321.48040234608925,175.49983825909715,67.53089770438686,36.86589147618598,-1.9243135790840473e-105,0.21006225328686312,-0.9581219589979213,26.499809361496766,-2.5056114566144464e-103,0.46958635827367484,-0.0005202840770644817,0.4695866465012106,5.171485388013102e-98,1.9243135790840473e-105,0.0,1.2,1.2
1754,14.534058600000208,321.56662716689425,175.49987258925265,67.54901028453442,36.86589868765579,-7.697254316336191e-107,0.21006225328686312,-0.9400093788503625,26.49980215002695,-1.0021972907152593e-104,0.3719321751596447,-0.0005700791558918944,0.37193261205388894,1.9123162811780413e-99,,0.0,1.2,1.2
1757,14.560388400000193,321.73254358244174,175.49993363619072,67.5838630606416,36.865911511313165,-6.157803453068953e-109,0.21006225328686312,-0.9051566027431761,26.49978932636958,-4.00405996980908e-106,0.21979569146246913,-0.000503401328845885,0.2197962679354743,7.290446123422298e-101,,0.0,1.2,1.2
1758,14.564626999999746,321.7206648873097,175.49994907677228,67.58136779517605,36.86591475479652,-1.2315606906137907e-109,0.21006225328686312,-0.9076518682087311,26.499786082886224,-1.5543320574040624e-107,0.29054607726794657,-0.00042551954860860225,0.29054638886532014,3.1574849215730988e-102,,0.0,1.2,1.2
1760,14.580837299999985,321.6593375149295,175.49996820706878,67.56848522914572,36.865918773349705,-4.9262427624551634e-111,0.21006225328686312,-0.9205344342390589,26.49978206433304,-1.4881351776592954e-109,0.3984189136741873,-0.0004067264553630966,0.39841912127774315,9.143667750531374e-104,,0.0,1.2,1.2
1762,14.596658200000093,321.68630632722704,175.4999808468041,67.5741503586254,36.86592142848099,-1.9704971049820657e-112,0.21006225328686312,-0.9148693047593781,26.499779409201757,-2.5657511760457837e-110,-0.06983507050970703,-0.0003620057017911064,0.0698360087721505,1.835169244459324e-104,,0.0,1.2,1.2
1764,14.613548700000138,321.8224942888843,175.50001024701706,67.60275830872168,36.86592760435597,-7.881988419928264e-114,0.21006225328686312,-0.8862613546631053,26.499773233326778,-1.0263105593634911e-111,0.17834468432129646,-0.00021233068383842314,0.17834481071784003,1.917970854821097e-106,,0.0,1.2,1.2
1766,14.628702099999828,321.7490892274059,175.50002925066806,67.58733867610485,36.86593159630572,-3.152795367971306e-115,0.21006225328686312,-0.9016809872799314,26.499769241377024,-4.106251131971716e-113,0.13354646373028506,-0.00016351394969654783,0.1335465638332791,1.8622231779102586e-108,3.152795367971306e-115,0.0,1.2,1.2
1767,14.64054759999999,321.7858669723788,175.5000302008506,67.59506429208469,36.86593179590321,-6.305590735942612e-116,0.21006225328686312,-0.8939553713000947,26.499769041779537,-1.6525893979661945e-114,-0.11529991566622588,-0.00012998773869988414,0.1152999889395095,3.053464318839803e-109,,0.0,1.2,1.2
1769,14.656886400000076,321.70663125791725,175.50003049778266,67.57841985936409,36.86593185827742,-2.522236294377045e-117,0.21006225328686312,-0.9105998040206913,26.499768979405324,-7.619252109615598e-116,-0.6330767698698203,-5.686258662055729e-05,0.6330767724235025,1.368914444976949e-110,,0.0,1.2,1.2
1771,14.67706090000047,321.62152460681807,175.5000305163409,67.5605421644645,36.865931862175806,-1.0088945177508183e-118,0.21006225328686312,-0.9284774989202873,26.49976897550694,-1.313664602135442e-116,-0.5386146777253286,-4.175582375920684e-06,0.5386146777415141,6.854937744529029e-112,,0.0,1.2,1.2
1773,14.692131599999811,321.5573027006459,175.5000305175008,67.5470515661436,36.86593186241946,-4.035578071003274e-120,0.21006225328686312,-0.9419680972411868,26.499768975263287,-5.254658408541768e-118,-0.26999616175776403,-8.055807824460542e-07,0.26999616175896585,2.0094984598128955e-113,,0.0,1.2,1.2
1775,14.709219200000007,321.5129484079261,175.5000305175733,67.53773440347193,36.865931862434685,-1.61423122840131e-121,0.21006225328686312,-0.9512852599128507,26.49976897524806,-2.101863363416708e-119,0.0975277646539324,-4.207117393182255e-08,0.09752776465394147,7.986342397596164e-115,,0.0,1.2,1.2
1777,14.725053300000582,321.6633497112864,175.50003051757784,67.56932804015307,36.865931862435644,-6.45692491360524e-123,0.21006225328686312,-0.9196916232317136,26.4997689752471,-8.407536102305729e-121,0.44617003048516035,-3.424509932771081e-09,0.44617003048516035,1.7353007174338938e-115,,0.0,1.2,1.2
1779,14.740928500000336,321.72523811977277,175.50003051757812,67.58232845869206,36.8659318624357,-2.5827699654420964e-124,0.21006225328686312,-0.90669120469272,26.499768975247044,-3.363840927311233e-122,0.6893051141071462,-1.9105416057552047e-10,0.6893051141071462,6.16984283095955e-117,,0.0,1.2,1.2
1780,14.752795500000502,321.7736557213494,175.50003051757812,67.592499169178,36.8659318624357,-5.165539930884193e-125,0.21006225328686312,-0.8965204942067828,26.499768975247044,-1.3538673537250233e-123,1.146727383591907,-1.2832165360688166e-11,1.146727383591907,2.6559654283254457e-118,,0.0,1.2,1.2
1782,14.769405600000027,321.79900007377086,175.50003051757812,67.59782306095573,36.8659318624357,-2.0662159723536774e-126,0.21006225328686312,-0.8911966024290479,26.499768975247044,-6.248567694953097e-125,0.966779544341233,6.554975413087879e-05,0.9667795465634409,1.0730524415975752e-119,,0.0,1.2,1.2
1783,14.773552499999823,321.8333864930521,175.50003051757812,67.60504634967242,36.8659318624357,-4.132431944707355e-127,0.21006225328686312,-0.8839733137123602,26.499768975247044,-1.0830409878511265e-125,0.9883252977169774,0.0001531106226275009,0.9883253095768695,5.622777353427395e-121,,0.0,1.2,1.2
1785,14.790055800000118,321.9194572612845,175.50000476837158,67.62312656918945,36.865926453499355,-1.6529727778829423e-128,0.21006225328686312,-0.8658930941953287,26.49977438418339,-4.993353062557684e-127,0.9193351757247532,0.00016514662136977702,0.9193351905579756,1.8172523219126235e-122,1.6529727778829423e-128,0.0,1.2,1.2
1787,14.804555400000027,321.98341899020727,175.49997454881668,67.6365625140911,36.86592010551156,-6.61189111153177e-130,0.21006225328686312,-0.8524571492936843,26.499780732171182,-8.609232336554842e-128,0.6923236391626528,0.00016592589305695682,0.6923236590459848,2.6232099007125714e-123,,0.0,1.2,1.2
1789,14.821134700000584,322.0238374204084,175.49996979907155,67.64505290061346,36.86591910776939,-2.6447564446127083e-131,0.21006225328686312,-0.8439667627713163,26.49978172991335,-3.4436929346219374e-129,0.3603337010024735,0.00016597439212350703,0.36033373922745404,1.3194013515377612e-124,,0.0,1.2,1.2
1791,14.837139100000059,321.96177884024036,175.49996950221248,67.63201673542758,36.865919045410514,-1.0579025778450835e-132,0.21006225328686312,-0.8570029279571969,26.49978179227223,-1.3774771738487751e-130,-0.04746284093858186,0.00010042773409829901,0.04746294718715746,6.740096094140654e-126,,0.0,1.2,1.2
1793,14.853211300000112,321.9680453663578,175.4999694836588,67.63333309602409,36.86591904151308,-4.231610311380334e-134,0.21006225328686312,-0.8556865673606922,26.499781796169664,-5.509962860007087e-132,-0.17785629597959945,1.2867055061741749e-05,0.1778562964450345,1.0400389178173699e-126,,0.0,1.2,1.2
1795,14.868942799999786,321.89739210236513,175.49996948249918,67.61849151218772,36.86591904126949,-1.692644124552134e-135,0.21006225328686312,-0.870528151197064,26.499781796413252,-2.2046351193466633e-133,-0.22887582006138113,8.310959983140945e-07,0.22887582006289006,4.3029136995572753e-128,,0.0,1.2,1.2
1796,14.881847800000287,321.9142665436577,175.4999694824412,67.62203619534858,36.865919041257314,-3.3852882491042682e-136,0.21006225328686312,-0.8669834680361959,26.49978179642543,-8.883538011769455e-135,0.014924460186761107,5.183566307818005e-08,0.014924460186851125,1.716186877275795e-129,,0.0,1.2,1.2
1797,14.89721230000032,321.93306492693006,175.4999694824267,67.62598502609693,36.865919041254266,-6.770576498208537e-137,0.21006225328686312,-0.8630346372878535,26.49978179642848,-4.204257182327573e-136,-0.7417156478917117,3.3390517551129834e-09,0.7417156478917117,7.064381603142697e-131,,0.0,1.2,1.2
1799,14.913986999999906,321.96536382966167,175.49996948242216,67.63276980638342,36.86591904125331,-2.7082305992834153e-138,0.21006225328686312,-0.8562498570013588,26.49978179642943,-8.190122649128931e-137,-1.0264815051635046,2.424276940631294e-10,1.0264815051635046,3.396769944619088e-132,,0.0,1.2,1.2
1800,14.918038599999818,321.89397462440763,175.49996948242193,67.6177736290674,36.865919041253264,-5.416461198566831e-139,0.21006225328686312,-0.8712460343173802,26.49978179642948,-1.4195634835962302e-137,-0.9549174778026533,5.3683757752312986e-11,0.9549174778026533,1.177374278384619e-133,,0.0,1.2,1.2
1802,14.932412000000113,321.73199607943076,175.49996948242188,67.58374805092544,36.86591904125325,-2.1665844794267327e-140,0.21006225328686312,-0.9052716124593445,26.499781796429495,-6.544887726155615e-139,-1.0326960331289066,-3.257589408426975e-05,1.032696033642702,7.574395894175826e-135,,0.0,1.2,1.2
1804,14.949853300000541,321.78451165681986,175.49996948242188,67.59477959144445,36.86591904125325,-8.666337917706931e-142,0.21006225328686312,-0.894240071940331,26.499781796429495,-1.1284293008169176e-139,-1.18309503745996,-0.00010999424784760647,1.183095042573131,3.5383186561196467e-135,,0.0,1.2,1.2
1806,14.96461249999993,321.7752454337514,175.49998092651367,67.59283310774724,36.86592144522496,-3.4665351670827728e-143,0.21006225328686312,-0.8961865556375415,26.499779392457782,-4.513717203267672e-141,-0.2834438873235272,-0.00015622561348135186,0.28344393037691723,1.961550179290791e-136,,0.0,1.2,1.2
1808,14.980526500000451,321.7489170882667,175.5000102519989,67.5873025161694,36.86592760540247,-1.3866140668331092e-144,0.21006225328686312,-0.9017171472153791,26.499773232280276,-1.8055046299671243e-142,0.022932613976469785,-0.0001598056962272693,0.022933170771926064,7.735616481282403e-138,,0.0,1.2,1.2
1810,14.997791700000562,321.8144197752921,175.50002925097942,67.6010621582023,36.86593159637113,-5.546456267332437e-146,0.21006225328686312,-0.8879575051824844,26.49976924131162,-7.22372239123382e-144,0.1072839450586501,-0.00016044764798880972,0.10728406503668286,1.5245472902064692e-138,,0.0,1.2,1.2
1811,15.0089394000006,321.77008748776836,175.50003020092845,67.59174961799171,36.86593179591956,-1.1092912534664875e-146,0.21006225328686312,-0.8972700453930713,26.499769041763187,-2.9065560680028635e-145,0.2600226627152866,-0.00012788555397263504,0.2600226941639184,5.6592409515350485e-140,,0.0,1.2,1.2
1814,15.029338700000153,321.8724666723248,175.50003051263047,67.61325562018929,36.86593186139639,-8.874330027731902e-149,0.21006225328686312,-0.8757640431954883,26.499768976286354,-1.3333503380066626e-146,-0.2551661487746967,-5.047708871392493e-05,0.25516615376739743,2.135229770980653e-141,,0.0,1.2,1.2
1815,15.04062410000006,321.9064101251124,175.5000305163412,67.6203858583662,36.86593186217588,-1.7748660055463805e-149,0.21006225328686312,-0.8686338050185753,26.499768975506868,-2.2406192432578388e-147,-0.30858959254562895,-4.246455329866563e-06,0.30858959257484636,1.2741379150925366e-142,,0.0,1.2,1.2
1816,15.04456990000017,321.85149571975467,175.5000305172689,67.60885041463885,36.86593186237074,-3.5497320110927615e-150,0.21006225328686312,-0.8801692487459292,26.499768975312,-2.203787223910741e-149,-0.255131654598457,-6.664220818182773e-07,0.25513165459932735,3.0282371219972474e-144,,0.0,1.2,1.2
1818,15.061259699999937,321.8935924754046,175.5000305175588,67.61769335398674,36.865931862431644,-1.4198928044371048e-151,0.21006225328686312,-0.871326309398043,26.4997689752511,-4.2892576202133474e-150,-0.5658796973235793,-2.4473443159081515e-08,0.5658796973235799,3.093088510985757e-145,,0.0,1.2,1.2
1820,15.076710000000276,321.851809002369,175.50003051757693,67.60891622349074,36.86593186243545,-5.67957121774842e-153,0.21006225328686312,-0.880103439894043,26.499768975247292,-7.395346964345344e-151,-0.5782599048511932,-1.0659485024249442e-08,0.5782599048511933,1.1272107872446153e-145,,0.0,1.2,1.2
1822,15.092181900000469,321.81501975515295,175.50003051757807,67.6011881913238,36.865931862435694,-2.271828487099368e-154,0.21006225328686312,-0.8878314720609808,26.49976897524705,-2.959011167877185e-152,-0.5924334318713432,-7.823323415614175e-10,0.5924334318713432,2.6833906978527917e-148,,0.0,1.2,1.2
1823,15.104553199999827,321.84858373517494,175.50003051757812,67.60823871659649,36.8659318624357,-4.543656974198737e-155,0.21006225328686312,-0.8807809467882919,26.499768975247044,-1.1923282885413353e-153,-0.7430235142942326,-5.253788167756743e-11,0.7430235142942326,5.565122737943132e-149,,0.0,1.2,1.2
1824,15.10808150000048,321.7982894274461,175.50003051757812,67.59767378098746,36.8659318624357,-9.087313948397474e-156,0.21006225328686312,-0.8913458823973173,26.499768975247044,-5.642858469396895e-155,-0.35580415563378676,-3.2377507598424222e-12,0.35580415563378676,9.701516215386165e-150,,0.0,1.2,1.2
1826,15.136315599999762,321.76830167381013,175.50003051757812,67.59137448588768,36.8659318624357,-3.63492557935899e-157,0.21006225328686312,-0.8976451774970968,26.499768975247044,-1.099259654007428e-155,-0.5246495259152442,6.746917557727047e-05,0.5246495302534637,5.243262002392854e-151,3.63492557935899e-157,0.0,1.2,1.2
1827,15.139933100000235,321.79186026952675,175.50003051757812,67.5963232575882,36.8659318624357,-7.269851158717981e-158,0.21006225328686312,-0.8926964057965847,26.499768975247044,-1.9053058552005157e-156,-0.648615187498202,0.45766172591424487,0.7938236056077781,6.523574918225013e-152,,0.0,1.2,1.2
1829,15.15596689999984,321.6892961069333,175.50000476837158,67.57477839848733,36.865926453499355,-2.9079404634871925e-159,0.21006225328686312,-0.9142412648974556,26.49977438418339,-8.784325162921077e-158,-0.23727455063521916,0.5376018396413316,0.587635048618519,8.479205502853604e-154,,0.0,1.2,1.2
1831,15.172347200000331,321.68540354696654,175.32159262895584,67.57396071856967,36.82844879747996,-1.1631761853948771e-160,0.21006225328686312,-0.9150589448151152,26.537252040202787,-1.5144747486358548e-158,-0.08805874964903986,0.616951295932134,0.6232040155054297,5.2607602512226154e-154,,0.0,1.2,1.2
1834,15.200459700000465,321.5599199788222,175.26810095179826,67.54760135749478,36.81721221524414,-9.305409483159018e-163,0.21006225328686312,-0.9414183058899965,26.548488622438605,-6.050454666956891e-160,-0.28280073314662163,0.8699271291647286,0.9147401077492192,2.36690827257198e-155,,0.0,1.2,1.2
1836,15.216315600000598,321.59939471791466,175.23815370938974,67.55589351013646,36.81092143002408,-3.722163793263608e-164,0.21006225328686312,-0.9331261532483239,26.554779407658664,-2.345738590917485e-161,0.10807219377150276,0.861488788754755,0.8682410565140997,9.98693745239752e-157,,0.0,1.2,1.2
1838,15.232774500000232,321.6302890131314,175.13904728078705,67.5623832354034,36.790102910316584,-1.4888655173054432e-165,0.21006225328686312,-0.9266364279813786,26.57559792736616,-1.9386229656470022e-163,0.33705484827246335,0.6487523713928922,0.7310852276799706,1.110604560444201e-157,,0.0,1.2,1.2
1840,15.248526299999867,321.676079388394,175.14218578585974,67.57200206480991,36.79076219176411,-5.9554620692217734e-167,0.21006225328686312,-0.9170175985748727,26.574938645918635,-7.754110713015578e-165,0.3572524223621366,0.6830755918332004,0.7708576765148619,7.621049859243794e-159,5.9554620692217734e-167,0.0,1.2,1.2
1843,15.267864600000394,321.7768844458575,175.0294779032855,67.5931774023234,36.76708651998737,-4.7643696553774195e-169,0.21006225328686312,-0.8958422610613752,26.59861431769537,-3.09783278948193e-166,0.25591814886814335,0.6757896199119591,0.7226241826155885,2.851298730613074e-160,,0.0,1.2,1.2
1845,15.285029499999837,321.70851888565414,174.98279367815945,67.57881637869987,36.75727992646444,-1.9057478621509677e-170,0.21006225328686312,-0.9102032846849113,26.608420911218303,-1.2010181585497527e-167,0.2614119574601058,0.4523625417386276,0.5224634730498926,2.4436240595446913e-162,,0.0,1.2,1.2
1847,15.300462799999877,321.7097163140204,174.95632111214815,67.57906791320063,36.75171903959782,-7.622991448603871e-172,0.21006225328686312,-0.909951750184149,26.61398179808492,-9.925866673261308e-170,-0.025001095363185788,0.46743413672807277,0.4681022612080375,8.061563489692726e-164,7.622991448603871e-172,0.0,1.2,1.2
1849,15.31703220000054,321.7429847415501,174.94466730156492,67.58605635405084,36.74927101388733,-3.0491965794415483e-173,0.21006225328686312,-0.9029633093339413,26.616429823795414,-3.9713224122099435e-171,-0.45436684832038304,0.2176414689510655,0.5038025822281735,3.625131531625406e-165,,0.0,1.2,1.2
1850,15.328277000000526,321.6990137024774,174.94287382612364,67.57681969850385,36.74889427239492,-6.098393158883097e-174,0.21006225328686312,-0.9121999648809265,26.616806565287824,-1.5982707820517035e-172,-0.17611197853539268,0.08912969117459887,0.1973816881894822,1.555733741550477e-166,,0.0,1.2,1.2
1852,15.34486680000009,321.61594444466164,174.94482248217471,67.5593699830282,36.74930361147589,-2.439357263553239e-175,0.21006225328686312,-0.9296496803565759,26.616397226206857,-7.367264844979437e-174,0.14926503373602967,-0.0073787058496923505,0.1494473003979475,1.219843574750056e-168,,0.0,1.2,1.2
1855,15.376717400000416,321.7000390374959,174.95562455324932,67.57703508268823,36.75157271886599,-1.9514858108425914e-177,0.21006225328686312,-0.9119845806965543,26.614128118816758,-1.268872310571799e-174,0.06841052202507909,-0.059280771410458635,0.09052187239978458,6.968368634951917e-170,,0.0,1.2,1.2
1857,15.39238800000021,321.8226201614011,174.96474248001266,67.60278474978618,36.7534880511072,-7.805943243370367e-179,0.21006225328686312,-0.8862349135985994,26.612212786575547,-4.9193683790983176e-176,0.11630850750958818,-0.08819619500023501,0.14596656374535713,1.8924382804851583e-171,,0.0,1.2,1.2
1859,15.409214299999803,321.8240215634323,174.97369514767658,67.60307913145462,36.75536866864961,-3.1223772973481472e-180,0.21006225328686312,-0.8859405319301601,26.610332169033136,-4.065387197505515e-178,0.3310876531782551,-0.0995446216767441,0.3457284567284716,5.444389551787827e-173,,0.0,1.2,1.2
1862,15.430879300000015,321.7640040104821,174.98515083436922,67.59047170904513,36.75777507600922,-2.4979018378785183e-182,0.21006225328686312,-0.898547954339648,26.607925761673528,-1.624156557531903e-179,-0.0063524576973119085,-0.0974948105991185,0.09770154457609218,1.6150166501662277e-173,,0.0,1.2,1.2
1864,15.446002800000315,321.7655923527059,174.99101242550012,67.59080535979164,36.759006375050014,-9.991607351514076e-184,0.21006225328686312,-0.8982143035931358,26.60669446263273,-6.296794083097333e-181,-0.5571735676155943,-0.08112252018118836,0.5630481753189833,5.837092895612138e-175,,0.0,1.2,1.2
1866,15.461217000000033,321.6835630993146,174.9954299834419,67.57357410998884,36.759934337225296,-3.9966429406056306e-185,0.21006225328686312,-0.9154455533959407,26.60576650045745,-5.203961629361189e-183,-0.7198768580377396,-0.06391009070105044,0.7227082332668587,3.817752299185103e-177,,0.0,1.2,1.2
1868,15.477335100000346,321.59832190635365,174.99852704944118,67.5556681529226,36.76058491388768,-1.5986571762422524e-186,0.21006225328686312,-0.9333515104621739,26.60511592379506,-2.0815846517444756e-184,-0.7109813231947031,-0.04471839431578749,0.7123862552870269,2.1473228202856377e-178,,0.0,1.2,1.2
1870,15.49371710000014,321.5362430805729,175.000531643593,67.54262773489769,36.76100600345214,-6.394628704969011e-188,0.21006225328686312,-0.9463919284870883,26.604694834230607,-8.32632223672842e-186,-0.5065734081358642,-0.02939039665854122,0.5074252784855433,8.273644887030729e-180,,0.0,1.2,1.2
1872,15.509732600000461,321.495267130402,175.00168403796627,67.53402023447423,36.76124807801086,-2.5578514819876047e-189,0.21006225328686312,-0.9549994289105541,26.604452759671886,-3.3303651921965206e-187,-0.3536826644760494,-0.01704654599096159,0.3540932248449548,6.453189213315277e-182,,0.0,1.2,1.2
1875,15.537739899999906,321.63447566667986,175.0023208534985,67.56326269328152,36.76138184891649,-2.046281185590084e-191,0.21006225328686312,-0.9257569701032651,26.604318988766252,-1.330511671170054e-188,-0.3664808095255713,-0.007901663702950812,0.36656598320055916,2.5419402546942936e-183,,0.0,1.2,1.2
1877,15.553878000000623,321.6061944935718,175.00226507134903,67.55732188633284,36.76137013119248,-8.185124742360336e-193,0.21006225328686312,-0.9316977770519372,26.604330706490266,-5.158595636865094e-190,-0.16606007482851498,-0.0020948022468898274,0.16607328698049414,1.0228525784778484e-184,,0.0,1.2,1.2
1878,15.55811249999988,321.5825102322797,175.00215699659702,67.55234671703839,36.76134742876655,-1.6370249484720672e-193,0.21006225328686312,-0.9366729463463912,26.604353408916197,-4.289277765948242e-192,0.03633578074304346,0.0019038733199018634,0.036385624851371756,2.4658883995005986e-186,,0.0,1.2,1.2
1881,15.58931720000055,321.61312374844135,175.00166234038568,67.55877746122434,36.76124352016819,-1.309619958777654e-195,0.21006225328686312,-0.9302422021604428,26.60445731751455,-1.967158138464606e-193,0.18366030574876668,0.003799442593571357,0.18369960171909006,1.8268834236597683e-187,,0.0,1.2,1.2
1883,15.605667200000426,321.65005843923365,175.0012826377292,67.56653604559662,36.76116375897259,-5.2384798351106174e-197,0.21006225328686312,-0.9224836177881599,26.604537078710152,-3.301333576238939e-194,1.0524393986649592,0.004414920334752638,1.0524486587876023,2.419066429840013e-188,,0.0,1.2,1.2
1885,15.621555599999738,321.7847463892685,175.00092702765104,67.59482889987153,36.761089058718284,-2.095391934044247e-198,0.21006225328686312,-0.8941907635132509,26.60461177896446,-2.7283746347345217e-196,1.9388966192030268,0.0039964934636855425,1.9389007380257846,2.8648328538007616e-191,,0.0,1.2,1.2
1887,15.638110200000483,322.09806932388983,175.00062728279508,67.66064622152454,36.76102609363843,-8.381567736176988e-200,0.21006225328686312,-0.8283734418602364,26.604674744044317,-1.0913498538938089e-197,2.3116447924011565,0.0037908902786097237,2.3116479007592163,2.4179135875080783e-192,8.381567736176988e-200,0.0,1.2,1.2
1889,15.653469400000176,322.3362398826699,175.0003882499745,67.71067686576846,36.76097588186553,-3.3526270944707956e-201,0.21006225328686312,-0.7783427976163182,26.60472495581722,-4.365399415575236e-199,2.4677110769726824,0.0031483031682970593,2.4677130852727824,4.1543699832492263e-193,,0.0,1.2,1.2
1891,15.66971470000044,322.4963110131747,175.0002102321151,67.7443017681285,36.76093848703286,-1.3410508377883185e-202,0.21006225328686312,-0.7447178952562865,26.604762350649885,-1.7461597662300945e-200,2.240883636448918,0.002462750261803122,2.240884989740299,3.3061653600779944e-195,,0.0,1.2,1.2
1893,15.685913500000424,322.59307884078925,175.00008180405797,67.76462903604288,36.76091150914579,-5.364203351153274e-204,0.21006225328686312,-0.7243906273419043,26.604789328536953,-6.984639064920377e-202,1.4857588559216863,0.0018423720646726584,1.4857599982111993,1.4180091994378255e-196,,0.0,1.2,1.2
1895,15.701863400000548,322.6421737813091,174.99998508559298,67.77494202987346,36.7608911922471,-2.14568134046131e-205,0.21006225328686312,-0.714077633511323,26.604809645435644,-2.79385013302392e-203,0.8124911355300836,0.0011985940764855933,0.8124920196178698,5.3750904816778186e-198,,0.0,1.2,1.2
1897,15.718235800000002,322.65777349560915,174.99993040329878,67.77821894100995,36.760879705561166,-8.582725361845242e-207,0.21006225328686312,-0.7108007223748274,26.60482113212158,-1.1174851237672523e-204,0.33968755408902435,0.0007384779286123211,0.3396883568105255,2.157114646758295e-199,,0.0,1.2,1.2
1900,15.745780899999772,322.64348503203587,174.99992381069913,67.77521747415575,36.760878320704826,-6.866180289476194e-209,0.21006225328686312,-0.7138021892290283,26.60482251697792,-4.464456339548199e-206,-0.026991948333262128,0.0004054383967198597,0.026994993149082793,8.743940909307144e-201,,0.0,1.2,1.2
1902,15.761566300000595,322.62137740617703,174.99992371259498,67.77057349645303,36.76087830009685,-2.746472115790478e-210,0.21006225328686312,-0.7184461669317557,26.604822537585896,-1.7309374651268674e-207,-0.21319419830747027,0.00015068190305429614,0.2131942515571207,3.360462239740666e-202,,0.0,1.2,1.2
1903,15.766098000000056,322.608896597638,174.99992370768976,67.76795174968848,36.76087829906645,-5.492944231580956e-211,0.21006225328686312,-0.7210679136963023,26.604822538616297,-1.4392568532034564e-209,-0.2840396041091344,1.0364274957325028e-05,0.2840396042982246,8.409278553681543e-204,,0.0,1.2,1.2
1906,15.793653599999743,322.5715862864072,174.99992370608024,67.76011426164048,36.76087829872835,-4.3943553852647656e-213,0.21006225328686312,-0.7289054017442993,26.604822538954394,-6.602149840507946e-211,-0.31388120232878414,-2.9173921207082055e-05,0.31388120368458,6.195782090292211e-205,,0.0,1.2,1.2
1907,15.809122900000148,322.56023971125023,174.99992370606108,67.75773077449593,36.76087829872432,-8.788710770529531e-214,0.21006225328686312,-0.7312888888888551,26.604822538958423,-1.1092084213144378e-211,-0.29811650024974373,-0.0001083630855265081,0.2981165199443227,7.586534727913013e-206,8.788710770529531e-214,0.0,1.2,1.2
1909,15.825430400000187,322.5401972481885,174.99993515014688,67.75352060954377,36.76088070269478,-3.515484308211813e-215,0.21006225328686312,-0.7354990538410107,26.604820134987968,-1.0619687493744109e-213,-0.2133674661794478,-0.00012053727730044669,0.2133675002268926,1.0813264412521404e-208,,0.0,1.2,1.2
1911,15.841040000000248,322.52419315992097,174.99996447563174,67.75015875470048,36.760886862872205,-1.4061937232847255e-216,0.21006225328686312,-0.7388609086843019,26.60481397481054,-1.8309812230344895e-214,-0.17818262049673833,-0.00012129407374978583,0.17818266178092917,8.462582937509803e-210,,0.0,1.2,1.2
1913,15.85729900000024,322.51221229832515,174.9999691694975,67.74764202791735,36.760887848876216,-5.624774893138902e-218,0.21006225328686312,-0.7413776354674297,26.60481298880653,-7.323924892137959e-216,-0.16182933660756232,-0.00012134279585744404,0.16182938210015455,1.3608541323585737e-210,,0.0,1.2,1.2
1915,15.873637800000324,322.5037730647879,174.9999694628641,67.7458692635045,36.760887910501474,-2.2499099572555612e-219,0.21006225328686312,-0.7431503998802782,26.60481292718127,-2.9295641970856938e-217,-0.11855541611296488,-9.186231760894111e-05,0.11855545170258368,1.3512550691128564e-212,,0.0,1.2,1.2
1917,15.889465100000052,322.49832465321913,174.9999694811995,67.74472475789354,36.76088791435305,-8.999639829022245e-221,0.21006225328686312,-0.7442949054912447,26.604812923329696,-1.1717680811393718e-218,-0.07743761107735277,-4.235885949478996e-05,0.07743762266263296,2.2519136831702662e-213,,0.0,1.2,1.2
1920,15.909478200000194,322.49434189903104,174.99996948240278,67.7438881315745,36.76088791460581,-7.199711863217798e-223,0.21006225328686312,-0.7451315318102871,26.604812923076935,-4.681312555066912e-220,-0.04596839733486884,-0.00010800672783581143,0.04596852422027092,8.97366865920142e-215,,0.0,1.2,1.2
1922,15.92581810000047,322.4935810000371,174.99998092651248,67.74372829541731,36.76089031858128,-2.8798847452871197e-224,0.21006225328686312,-0.745291367967468,26.604810519101463,-1.814927327121023e-221,-0.02242916401639252,-0.00015767651065109835,0.022429718240679,3.672002236166384e-216,,0.0,1.2,1.2
1924,15.941658800000369,322.4937737697777,175.00001025199884,67.74376878906338,36.76089647875902,-1.1519538981148479e-225,0.21006225328686312,-0.7452508743213997,26.604804358923722,-1.499939817909855e-223,-0.005508653106320571,-0.0001606360601274992,0.005510994736850015,1.181587706995491e-217,,0.0,1.2,1.2
1926,15.95748840000033,322.49446674134845,175.00002925097942,67.74391435623299,36.760900469727694,-4.607815592459392e-227,0.21006225328686312,-0.745105307151789,26.60480036795505,-5.99975927163942e-225,0.0057166576213880695,-0.00016083371290376796,0.005718919639528143,5.736914417595031e-219,,0.0,1.2,1.2
1928,15.974071999999978,322.4954370235071,175.0000304384157,67.74411817588957,36.76090071916324,-1.843126236983757e-228,0.21006225328686312,-0.7449014874952127,26.604800118519506,-2.3999037086557688e-226,0.010210307354616553,-0.00013142130745267725,0.010211153109996414,2.291454251121995e-220,1.843126236983757e-228,0.0,1.2,1.2
1930,15.989647800000057,322.4964990241743,175.00003051263047,67.7443412621427,36.76090073475296,-7.372504947935029e-230,0.21006225328686312,-0.7446784012420835,26.604800102929786,-9.599709202686407e-228,0.011251942490413315,-5.364554615026099e-05,0.011252070371811152,1.8918467222280182e-222,,0.0,1.2,1.2
1932,16.005622100000437,322.497463760422,175.0000305172689,67.74454391681273,36.76090073572731,-2.949001979174012e-231,0.21006225328686312,-0.74447574657205,26.604800101955433,-3.8408273617079e-229,0.011393791177801624,-3.2216096708088965e-06,0.011393791633258833,7.254354280128108e-224,,0.0,1.2,1.2
1933,16.017453899999964,322.4979010963555,175.00003051750082,67.74463578458436,36.76090073577603,-5.898003958348024e-232,0.21006225328686312,-0.74438387880042,26.60480010190671,-1.545767751016517e-230,0.010163391035113257,-2.1339977369689317e-07,0.010163391037353624,3.080116189153945e-225,,0.0,1.2,1.2
1935,16.033579400000235,322.49866146683763,175.0000305175733,67.74479550972117,36.76090073579126,-2.35920158333921e-233,0.21006225328686312,-0.744224153663609,26.604800101891485,-7.126751637401752e-232,0.008399526144917612,-1.3221748068243115e-08,0.008399526144928018,1.2180204866197492e-226,2.35920158333921e-233,0.0,1.2,1.2
1937,16.053416300000208,322.49924114026135,175.00003051757784,67.74491727722673,36.76090073579221,-9.436806333356841e-235,0.21006225328686312,-0.7441023861580476,26.604800101890532,-1.228750698831754e-232,0.006627147114170248,-1.0227403787677647e-09,0.006627147114170327,6.421445854204328e-228,,0.0,1.2,1.2
1939,16.06943279999996,322.49966074692554,175.00003051757812,67.7450054207481,36.76090073579227,-3.7747225333427372e-236,0.21006225328686312,-0.7440142426366805,26.604800101890476,-4.915002795327016e-234,0.005527185889611574,-1.991646693572293e-10,0.0055271858896115775,1.9035811660840095e-229,,0.0,1.2,1.2
1941,16.085645099999965,322.49995590849926,175.00003051757812,67.74506742305336,36.76090073579227,-1.5098890133370953e-237,0.21006225328686312,-0.7439522403314243,26.604800101890476,-1.966001118130807e-235,0.0037405710205544052,6.787556029613257e-05,0.0037411867971937646,7.480131952767348e-231,1.5098890133370953e-237,0.0,1.2,1.2
1943,16.101686599999994,322.50012885133685,175.00003051757812,67.74510375181552,36.76090073579227,-6.0395560533483815e-239,0.21006225328686312,-0.7439159115692604,26.604800101890476,-7.86400447252323e-237,0.0026759922554041153,0.0001475951166961987,0.002680059489909761,4.602564063907623,,0.0,1.2,1.2
1945,16.11762439999984,322.5002026027691,175.00000476837158,67.74511924420756,36.76089532685592,-2.4158224213393525e-240,0.21006225328686312,-0.7439004191772227,26.60480551082682,-3.145595604503893e-238,0.0015904730340567993,0.2684526671733122,0.2684573785853858,7.751597271282935,,0.0,1.2,1.2
1947,16.133550200000172,322.5002644326926,174.99997454881668,67.7451322323406,36.76088897886813,-9.663289685357412e-242,0.21006225328686312,-0.7438874310441861,26.604811858814614,0.3664975738525391,0.2112425762856829,0.8642645193595849,0.8897058982942998,18.05348303273063,,0.0,1.2,1.2
1950,16.16148239999984,322.5002744984295,174.8215905027464,67.74513434677199,36.723417224200176,-7.730631748285932e-244,0.21006225328686312,-0.7438853166127899,26.64228361348257,0.8062947006225587,1.7465504078346497,2.40194287322179,2.9698094035355753,69.33895292020848,,0.0,1.2,1.2
1952,16.176671700000043,322.576349248437,174.6061790038948,67.7611147801768,36.67816739936751,1.8324878692626954,0.21006225328686312,-0.7279048832079837,26.687533438315235,1.5886868676147463,2.7944100012898208,3.35254778079859,4.364436261173501,79.20287339736092,,0.0,1.2,1.2
1953,16.180977099999836,322.73373269785145,174.44859904174518,67.79417510219085,36.645065797445504,2.1989856338500977,0.21006225328686312,-0.694844561193932,26.72063504023724,2.69270917782959,4.266056549405578,4.766124489351149,6.3964975674754205,89.19313433556754,,0.0,1.2,1.2
1956,16.20910079999976,323.43531415607606,173.81220588369365,67.9415508841698,36.51138361668885,3.9119608349609374,0.21006225328686312,-0.5474687792149808,26.85431722099389,4.079758879442285,5.648589394705524,5.9512816745249415,8.205139591714214,102.43244822617962,,0.0,0.9781856766367543,1.4218143233632456
1958,16.224533800000245,323.97597384312877,173.29290840606092,68.05512307629346,36.40229881841114,5.520111551074219,0.21006225328686312,-0.4338965870913256,26.963402019271605,5.205814220765801,8.638534293676532,8.366564944962398,12.025958744370412,174.74555250036803,,0.0,0.9781856766367543,1.4218143233632456
1960,16.240677400000095,324.5072282998879,172.73440460710486,68.16671958454897,36.28497825193316,6.935248508063477,0.21006225328686312,-0.32230007883580924,27.080722585749584,6.528648821808878,7.905553621405371,7.631714855739709,10.988214126974126,134.89761893894777,,0.0,0.9781856766367543,1.4218143233632456
1961,16.244417599999906,324.7921436838587,172.4663388837098,68.22656955210196,36.22866776204782,7.462764575880274,0.21006225328686312,-0.26245011128281703,27.137033075634925,8.073631750387243,8.818497736472679,8.901915188510639,12.530362977647941,144.01082273425027,,0.0,0.9781856766367543,1.4218143233632456
1963,16.273282199999812,325.3436927113203,171.9147567606762,68.34242918360873,36.11280117841063,8.813158639065485,0.21006225328686312,-0.14659047977605155,27.252899659272117,9.724331305567485,8.940542802024446,9.47489008299382,13.027158081471406,154.88390608565717,,0.0,0.7353579361399026,1.6646420638600974
1966,16.29232580000007,326.2325831044982,170.90806901432697,68.52915150252473,35.90133408205624,11.63687547785276,0.21006225328686312,0.04013183913994567,27.464366755626507,11.53129512456669,9.443367500522308,10.134211781263547,13.852055377359052,166.6160556572643,,0.0,0.7353579361399026,1.6646420638600974
1968,16.30910529999983,326.86915833123817,170.11462136356633,68.66287192904032,35.734660680672285,13.77360932697544,0.21006225328686312,0.17385226565554035,27.63104015701046,13.667821170625267,8.242755052435921,9.540542363351012,12.60813068782812,111.40526781154875,-13.77360932697544,-0.7987552683268643,0.4012447316731357,1.8
1970,16.325618800000484,327.61022678413013,169.28416616981764,68.81854243809461,35.56021339141966,15.970067603059487,0.21006225328686312,0.3295227747098295,27.805487446263086,15.989660279484212,9.494282890326426,11.103963775583583,14.609566014465232,124.37120939224513,,0.0,0.4012447316731357,1.8
1972,16.3415801000001,328.3699682450531,168.3657418385555,68.97813544129154,35.36728710692125,18.14539480617316,0.21006225328686312,0.4891157779067612,27.99841373076149,18.176693741501637,9.429552163743772,11.161632724178887,14.611587835626416,131.31800981757814,,0.0,0.4012447316731357,1.8
1974,16.357989300000554,329.172338713558,167.44153333390386,69.14668318987653,35.17314578592725,20.42235418336021,0.21006225328686312,0.6576635264917456,28.192555051755498,20.178901489894443,9.51996888939536,11.167766986578485,14.674768383915564,126.43019460383667,,0.0,0.4012447316731357,1.8
1976,16.37378330000047,329.8852142237966,166.5849469457347,69.29643142587027,34.99320931909358,22.57204278793988,0.21006225328686312,0.8074117624854864,28.372491518589165,22.226113823267656,8.99451444000392,10.94747177307499,14.168571848768412,114.07197642472228,,0.0,0.4012447316731357,1.8
1978,16.389855700000226,330.5295537942607,165.82258899978225,69.43178284792384,34.833066691155665,23.78464806893947,0.21006225328686312,0.9427631845390607,28.53263414652708,23.879810544141648,8.045404314857763,10.160317039088767,12.959960375106455,96.74934913356907,,0.0,0.4012447316731357,1.8
1980,16.405428699999902,331.03364261385025,165.12108916539165,69.53767288122354,34.68570805526321,26.20612926992555,0.21006225328686312,1.048653217838762,28.679992782419532,25.10714035877739,6.611228164823461,8.713830082043994,10.93796930632418,81.98471861281719,,0.0,0.4012447316731357,1.8
1982,16.421271299999717,331.42983131631973,164.5063254352027,69.62089717279108,34.55656940086069,26.41387841054312,0.21006225328686312,1.1318775094062943,28.809131436822057,25.905732151224097,4.863972219762054,6.701287397204357,8.280427436705605,58.63311755220855,-26.41387841054312,-0.8,0.4012447316731357,1.8
1984,16.43788829999994,331.6751093150581,164.14253572818893,69.67242082188774,34.480150915282806,26.559003256538915,0.21006225328686312,1.18340115850296,28.88554992239994,26.70657578630087,2.994817435700994,4.769098989848057,5.63145066995605,39.184537994586364,,0.0,0.4012447316731357,1.8
1987,16.46582320000016,331.7741899404697,163.96566753899634,69.69323392131878,34.44299758492624,26.56500175017341,0.21006225328686312,1.204214257933998,28.922703252756506,27.065863804164877,1.4000004098517942,2.7574515777991255,3.0924974295045224,25.90493262347074,,0.0,0.4012447316731357,1.8
1989,16.481754399999772,331.7040818328272,163.94269655974927,69.67850685425373,34.43817224926539,27.788866244323344,0.21006225328686312,1.1894871908689453,28.927528588417353,27.155836338063033,0.04006832144474709,0.8719149606358527,0.8728351327507504,15.94352977925553,-27.788866244323344,-0.8,0.4012447316731357,1.8
1991,16.501474200000303,331.5938250608408,163.99862724470114,69.65534606829011,34.449921174974264,28.00256935924559,0.21006225328686312,1.166326404905334,28.91577966270848,27.40062542496583,-0.8651639638644126,-0.3992568596067015,0.9528455931118053,3.272847198400538,,0.0,0.4012447316731357,1.8
1993,16.51770570000008,331.47432987135625,164.0972490645492,69.63024463953005,34.470637896674795,26.86374108003389,0.21006225328686312,1.141224976145267,28.89506294100795,27.410378288483017,-1.2265547544148028,-1.0722123725194408,1.6291334927995695,-2.867169291091386,,0.0,0.4012447316731357,1.8
1995,16.533826200000476,331.3649346184246,164.2320874354308,69.60726482620035,34.49896234869171,27.782948691052923,0.21006225328686312,1.118245162815569,28.866738488991032,27.16600479218386,-1.2025283720982907,-1.493575545823365,1.9175094254743386,-4.721547788760742,-27.782948691052923,-0.8,0.4012447316731357,1.8
1997,16.549942399999964,331.28346477046307,164.38819797722664,69.59015108636261,34.53175528086318,26.613766067759308,0.21006225328686312,1.1011314229778293,28.833945556819565,26.878516534460797,-1.1029150741219866,-1.6807407907639909,2.010301287484906,-10.37094527543271,,0.0,0.4012447316731357,1.8
1999,16.566424800000277,331.2203570816012,164.52974218619875,69.57689454304057,34.56148837633957,26.566998762827563,0.21006225328686312,1.0878748796557858,28.804212461343177,26.818778967042498,-0.9360771730281067,-1.7357246350343083,1.9720498174562617,-10.614444914929235,,0.0,0.4012447316731357,1.8
2001,16.58180850000008,331.1708195893286,164.64190882102463,69.56648858579159,34.5850503523947,26.565128070630294,0.21006225328686312,1.0774689224068084,28.780650485288042,26.57519927879889,-0.8090519239706113,-1.7169907678011378,1.8980575102970112,-7.587367687628683,,0.0,0.4012447316731357,1.8
2003,16.597609000000375,331.11724360714555,164.75859082841365,69.55523429425217,34.60956083778487,26.565053242942405,0.21006225328686312,1.0662146308673925,28.756139999897876,26.565456091269144,-0.7169217799528182,-1.5614353075006333,1.7181551321345563,-4.01987920078354,,0.0,0.4012447316731357,1.8
2005,16.61399110000002,331.0556046266917,164.88831234791843,69.54228627112774,34.63681043247184,26.565050249834886,0.21006225328686312,1.0532666077429553,28.728890405210905,26.565066363767954,-0.6265291038882975,-1.3468501734062484,1.4854440775820255,-3.2950218883662945,,0.0,0.4012447316731357,1.8
2007,16.629247200000464,331.01193819505204,164.979604185136,69.5331136021045,34.65598740150446,26.565050130110585,0.21006225328686312,1.0440939387197261,28.709713436178284,26.56505077466791,-0.530751586342889,-1.1213374466072623,1.2406026420934255,-0.12829783284273505,,0.0,0.4012447316731357,1.8
2009,16.64565010000024,330.9844268622884,165.03668531406123,69.52733450955324,34.66797799206665,26.565050125321616,0.21006225328686312,1.0383148461684613,28.69772284561609,26.565050151103907,-0.40414915341644375,-0.842216234802423,0.9341652553868605,-0.004970260319525765,-26.565050125321616,-0.8,0.4012447316731357,1.8
2011,16.66165000000001,330.9693807590932,165.06746121286614,69.52417389121288,34.67444284671654,26.565050125130057,0.21006225328686312,1.0351542278281016,28.691257990966207,26.56505012616135,-0.2461804445824649,-0.5079671199934372,0.5644779945128483,-0.00021229325785650352,,0.0,0.4012447316731357,1.8
2013,16.6777146000004,330.9633191465644,165.0793639545883,69.52290057522653,34.67694316346299,26.565050125122394,0.21006225328686312,1.0338809118417487,28.688757674219758,26.565050125163648,-0.12061202521746188,-0.24435553304305133,0.2725011690907241,-7.927817852703003e-06,,0.0,0.4012447316731357,1.8
2015,16.693980099999862,330.9632778964894,165.07875461209096,69.52289191014282,34.67681516360498,26.565050125122088,0.21006225328686312,1.0338722467580368,28.688885674077767,26.56505012512374,-0.029452457898162584,-0.05176255597474486,0.05955509614870616,-3.247262403492606e-07,,0.0,0.4012447316731357,1.8
2016,16.70560579999983,330.9647498330091,165.07537560370633,69.52320110844484,34.676105361489824,26.565050125122077,0.21006225328686312,1.0341814450600566,28.68959547619292,26.56505012512214,0.019389482476842197,0.04937352687385049,0.05304429457239117,-1.2942374708160883e-08,-26.565050125122077,-0.8,0.4012447316731357,1.8
2017,16.709884099999726,330.9668573190921,165.07065130449104,69.52364381172022,34.67511296455146,26.565050125122074,0.21006225328686312,1.034624148335439,28.690587873131285,26.565050125122077,0.0474491956377665,0.1068219193844875,0.11688604975640586,-5.212565108087266e-10,,0.0,0.4012447316731357,1.8
2018,16.721527400000014,330.9694441271363,165.06501847797824,69.5241872024468,34.67392972032181,26.565050125122074,0.21006225328686312,1.0351675390620159,28.691771117360936,26.565050125122074,0.06271501443614606,0.1378997664684232,0.15149098530200292,1.952638349386747,,0.0,0.4012447316731357,1.8
2020,16.741659000000254,330.97529362708667,165.0524063596466,69.52541596158697,34.67128039032634,26.565050125122074,0.21006225328686312,1.0363962982021917,28.694420447356407,26.565050125122074,0.07171356486228661,0.15626919227994526,0.17193863975582654,4.05376845164958,,0.0,0.4012447316731357,1.8
2022,16.758038699999815,330.98120388330915,165.03967619246083,69.52665748332657,34.668606262722584,26.565050125122074,0.21006225328686312,1.0376378199417928,28.69709457496016,26.724968276977542,0.007935053898939698,0.2734256189825467,0.27354073589936817,6.169228417930338,-26.565050125122074,-0.8,0.4012447316731357,1.8
2024,16.773914700000205,330.9866143967596,165.0281202496997,69.52779402797341,34.66617879534732,26.565050125122074,0.21006225328686312,1.0387743645886331,28.699522042335424,26.891755984497074,-0.028839048487796178,0.35780858694550016,0.35896890618773236,9.17191869356497,,0.0,0.4012447316731357,1.8
2026,16.78983900000003,330.97028423414804,164.96612919681962,69.52436367721869,34.653156815095706,27.364640884399417,0.21006225328686312,1.0353440138339067,28.71254402258704,27.0601920802002,-0.07388227536632604,0.44895866967245085,0.45499722821942823,11.270642942001768,,0.0,0.4012447316731357,1.8
2027,16.801062399999864,330.9629537489667,164.93815705506427,69.52282381898381,34.64728092396932,27.398988662719727,0.21006225328686312,1.0338041555990287,28.718419913713426,27.22869405039551,-0.0952965104343377,0.4879833201862146,0.4972013130321796,9.77305693722732,,0.0,0.4012447316731357,1.8
2029,16.817120200000318,330.95040334405167,164.8932581527335,69.52018745264769,34.63784935937561,27.4072306036377,0.21006225328686312,1.0311677892629092,28.727851478307137,27.39719852158301,-0.1639258868355849,0.5813445997189224,0.6040142713522481,7.813135685379626,-27.4072306036377,-0.8,0.4012447316731357,1.8
2031,16.833150000000387,330.9480167708929,164.86591011647943,69.51968612371232,34.63210456925711,27.407559976098636,0.21006225328686312,1.030666460327538,28.733596268425636,27.43367051195395,-0.11963372227181648,0.4264551521293056,0.4429178527472553,5.710545268688372,,0.0,0.4012447316731357,1.8
2032,16.83716220000042,330.9428299983873,164.85407365949095,69.51859657859252,34.62961817643118,27.40757248105957,0.21006225328686312,1.0295769152077412,28.736082661251565,27.4365033027016,-0.10569646834179096,0.3457429541234057,0.36153828807735794,2.708372674958226,,0.0,0.4012447316731357,1.8
2034,16.8528182,330.9432805125945,164.85084683546867,69.51869121462202,34.6289403425061,27.547000836254103,0.21006225328686312,1.029671551237243,28.736760495176647,27.437510731043204,-0.0731595440995665,0.2279380666955096,0.23939106320358536,0.7708289567039797,,0.0,0.4012447316731357,1.8
2036,16.868504400000347,330.93823893706644,164.8418875677197,69.51763216990648,34.62705833853495,27.413152616457978,0.21006225328686312,1.0286125065216964,28.738642499147794,27.43755133335265,-0.06703426605488418,0.1571606822246417,0.17085980470207673,0.01867669952181289,-27.413152616457978,-0.8,0.4012447316731357,1.8
2039,16.897341300000335,330.9380336825799,164.84211729613259,69.51758905368654,34.627106595803006,27.412267745345726,0.21006225328686312,1.0285693903017545,28.73859424187974,27.460791067506747,-0.003075372175955134,0.01493046579146191,0.015243907726388707,0.20159636498861522,,0.0,0.4012447316731357,1.8
2041,16.912984000000506,330.9379853967872,164.8417825690454,69.51757891066413,34.62703628227683,27.40776298764586,0.21006225328686312,1.0285592472793468,28.73866455540591,27.4375538434971,0.005210116042699784,-0.015115290086268836,0.01598803626373341,-7.0071078645361915,,0.0,0.4012447316731357,1.8
2043,16.92961650000052,330.94180470558535,164.84902292484756,69.51838120327626,34.628557207731234,27.523771151830054,0.21006225328686312,1.0293615398914824,28.73714362995151,27.464509181196867,0.01752808895467744,-0.05371811033703348,0.05650548009339261,-7.055146633359699,-27.523771151830054,-0.8,0.4012447316731357,1.8
2044,16.933358100000078,330.942650273076,164.85092760621188,69.51855882508866,34.628957309390415,27.430814716205855,0.21006225328686312,1.0295391617038803,28.73674352829233,27.329889506020507,0.04323198753535538,-0.11615386872851739,0.12393839585398374,-7.50598517129431,,0.0,0.4012447316731357,1.8
2046,16.960710800000015,330.9418788226092,164.860437766648,69.5183967724653,34.63095503512075,27.54792930495683,0.21006225328686312,1.0293771090805137,28.734745802561996,27.323390355849664,0.08365482267161223,-0.16976360652669867,0.1892559416693982,-8.546562729352711,,0.0,0.4012447316731357,1.8
2048,16.976935200000298,330.9516896920381,164.88467850635055,69.52045766580423,34.636047099524006,26.7391693694639,0.21006225328686312,1.0314380024194492,28.72965373815874,27.299892718944392,0.06069854388232008,-0.11334843926471846,0.1285775326920746,-9.32017701060049,,0.0,0.4012447316731357,1.8
2051,16.997786599999927,330.97168777839124,164.91083962693028,69.524658508885,34.64154256346149,27.37526723679165,0.21006225328686312,1.0356388455002161,28.724158274221253,27.16043047889477,0.05593231846347398,-0.1185329862524701,0.1310667504694754,-0.4601879879759243,,0.0,0.4012447316731357,1.8
2053,17.012676199999987,330.9669709494063,164.8973272188096,69.52366768116005,34.638704116564334,27.4062829673037,0.21006225328686312,1.0346480177752682,28.72699672111841,27.12696716263263,0.04231892388835899,-0.07992551144053507,0.0904377061744703,-0.3382882645211306,,0.0,0.4012447316731357,1.8
2055,17.028716200000417,330.96877613843947,164.90747188245,69.52404688323597,34.640835127467476,26.733503515957775,0.21006225328686312,1.0350272198511874,28.72486571021527,27.26043234091965,0.010337790153772872,0.01640115375344711,0.019387308985716806,-0.04511616924999374,,0.0,0.4012447316731357,1.8
2057,17.046086600000308,330.9626576547706,164.89754874924492,69.5227616207698,34.63875065174675,27.380612723646124,0.21006225328686312,1.0337419573850184,28.726950185935998,27.26689227426001,-0.03993124423534971,0.09142057091845096,0.09976083927693608,1.9893917236985539,,0.0,0.4012447316731357,1.8
2059,17.060775599999943,330.96035836416536,164.88581634028483,69.52227862660429,34.636286115484104,27.406495260898975,0.21006225328686312,1.0332589632195095,28.72941472219864,27.26715036641784,-0.027074070634935284,0.06625667663605034,0.07157480352470137,0.7942047523618654,,0.0,0.4012447316731357,1.8
2062,17.089081400000396,330.9536371340165,164.87078591815873,69.52086674985436,34.63312879114444,27.407566903493443,0.21006225328686312,1.0318470864695826,28.7325720465383,27.36577207926431,-0.008889228007460115,0.035647625610528116,0.03673923769264944,-2.730801413298963,,0.0,0.4012447316731357,1.8
2064,17.10499450000043,330.95346599885454,164.86587603181118,69.52083080081663,34.6320974093549,27.407573428092867,0.21006225328686312,1.0318111374318448,28.733603428327847,27.234912870629735,0.014954146291254798,-0.024850827560625795,0.02900327777593781,-3.143049193199473,,0.0,0.4012447316731357,1.8
2066,17.12015640000027,330.961735103322,164.88651185190275,69.52256782753372,34.636432216221756,27.226612080190126,0.21006225328686312,1.0335481641489395,28.72926862146099,27.093842624357443,0.04797873942923485,-0.12922484171879706,0.13784418433313234,-4.467392497924727,,0.0,0.4012447316731357,1.8
2068,17.136882300000252,330.96533610509044,164.90104240486744,69.5233242620793,34.63948453691902,26.726316680473232,0.21006225328686312,1.0343045986945185,28.726216300763724,27.065586796832445,0.053543761564895834,-0.13147487101926433,0.1419597693434679,-7.018969002533628,,0.0,0.4012447316731357,1.8
2071,17.157745000000432,330.9784699122866,164.93620937229286,69.52608317921315,34.64687178933767,26.701144029537538,0.21006225328686312,1.0370635158283648,28.71882904834507,26.92780647828222,0.05583367552458616,-0.1454613721248232,0.15580888967905865,-5.6781990381887075,,0.0,0.4012447316731357,1.8
2072,17.168972700000268,330.97729112309116,164.93084876030954,69.52583556009861,34.64574572710546,27.266287765868448,0.21006225328686312,1.0368158967138328,28.71995511057729,26.8236838153449,0.03923824256631365,-0.10444039094930446,0.11156807312729043,-3.8205017087094677,,0.0,0.4012447316731357,1.8
2074,17.189456699999937,330.97818732361117,164.93134794650615,69.52602381799923,34.64585058728272,26.718671835341773,0.21006225328686312,1.0370041546144506,28.71985025040002,26.79255809339772,0.055295297896391385,-0.14515921451969546,0.1553343733029674,-5.237774757532432,,0.0,0.4012447316731357,1.8
2076,17.205240199999935,330.98056076473256,164.93741876508926,69.52652238838924,34.64712583711359,26.70599876550352,0.21006225328686312,1.0375027250044582,28.718575000569153,26.792309148657303,0.027254784048469524,-0.07960362136109475,0.08414011996265068,-3.9428653563730065,-26.70599876550352,-0.8,0.4012447316731357,1.8
2078,17.221098600000005,330.99003603961705,164.9665657770051,69.52851278598199,34.65324852411321,26.570688070737333,0.21006225328686312,1.0394931225972073,28.712452313569536,26.653140413953736,0.046706474514413385,-0.14351022047611778,0.15091944256016016,-2.4372057584912445,,0.0,0.4012447316731357,1.8
2081,17.249805399999786,330.9889481072169,164.9701614033608,69.52828425245059,34.654003829487465,26.699899305835434,0.21006225328686312,1.0392645890658088,28.71169700819528,26.64942003907731,0.02857844912393411,-0.10609021977911864,0.10987202777372859,-2.147173065544101,,0.0,0.4012447316731357,1.8
2083,17.26583219999975,330.9946858436151,164.9868884064967,69.52948953428717,34.657517541456926,26.57044409235061,0.21006225328686312,1.0404698709023847,28.70818329622582,26.621446342738363,0.03761103946855607,-0.12983780242428666,0.13517560885112886,-2.4148523329275853,-26.57044409235061,-0.8,0.4012447316731357,1.8
2085,17.281966900000043,330.9884297670814,164.97291061268632,69.52817536875376,34.65458133459314,26.700069960959652,0.21006225328686312,1.0391557053689837,28.711119503089606,26.620327394884804,0.021500300929995317,-0.0750499631975664,0.07806894335160704,-0.6732171725886112,,0.0,0.4012447316731357,1.8
2088,17.301882800000385,330.9957064946211,164.991828362921,69.52970393453731,34.65855523983456,26.566130283808775,0.21006225328686312,1.0406842711525286,28.707145597848182,26.59335790439291,0.02867559339099917,-0.08289844852572023,0.08771797093126016,-0.9770825588582605,,0.0,0.4012447316731357,1.8
2090,17.317856399999982,330.9991251190486,165.0003561626362,69.53042205848769,34.66034660865831,26.56509333146954,0.21006225328686312,1.0414023951029066,28.705354229024437,26.59227912477324,0.01664712043197356,-0.04566326275309748,0.048603088213971045,1.3130722040411018,-26.56509333146954,-0.8,0.4012447316731357,1.8
2092,17.334233100000347,331.00130144481847,165.00546678683713,69.5308792223828,34.66142015789366,26.565051853375973,0.21006225328686312,1.0418595589980129,28.704280679789086,26.565275158158762,0.07927883163823274,0.006062712444560608,0.07951031145775171,3.009662930318764,,0.0,0.4012447316731357,1.8
2094,17.35049479999998,331.0024674334408,165.00802638181892,69.5311241525801,34.66195783218304,26.56505019425223,0.21006225328686312,1.0421044891953244,28.703743005499703,26.72310050827948,0.04285500329584909,0.10060690412881886,0.1093540144021818,4.95116140794643,,0.0,0.4012447316731357,1.8
2096,17.36617000000024,331.0197579438381,164.9751472634877,69.53475623615464,34.6550511705003,26.565050127887282,0.21006225328686312,1.0457365727698544,28.710649667182444,26.854985421698373,-0.012880431700034091,0.17288973682589948,0.17336887442822033,4.977898896919958,,0.0,0.4012447316731357,1.8
2098,17.38183410000056,331.0119007650446,164.95477604967112,69.53310573947279,34.6507719474238,27.355257034412368,0.21006225328686312,1.044086076088007,28.714928890258946,26.985832717649192,-0.04135291074791005,0.20856988646946162,0.21262986800825684,5.307987698149246,,0.0,0.4012447316731357,1.8
2100,17.39765770000031,330.99429505208775,164.93599911040425,69.52940744373836,34.64682762125157,27.224517898563995,0.21006225328686312,1.0403877803535835,28.718873216431177,26.98687948495597,-0.07286391077064691,0.440126461208713,0.44611708255669563,1.87141467626434,,0.0,0.4012447316731357,1.8
2102,17.425240600000507,330.9792672353111,164.92118133325525,69.52625066668428,34.643714965594945,27.219288333130063,0.21006225328686312,1.037231003299496,28.7219858720878,26.986921355648242,-0.20431806751261045,0.532014655037078,0.5698995226233382,-1.489478945321972,,0.0,0.4012447316731357,1.8
2105,17.44637590000002,330.96493035734494,164.8080183362618,69.5232390297936,34.619943691457806,26.570284030786137,0.21006225328686312,1.03421936640882,28.74575714622494,26.828881648639996,-0.24334485522658653,0.5952628744023717,0.6430821162239097,-4.796659688930195,,0.0,0.4012447316731357,1.8
2107,17.462094600000455,330.93308608617684,164.74066857307935,69.51654975043776,34.60579604844536,26.565259481348637,0.21006225328686312,1.0275300870529804,28.759904789237382,26.696988160945605,-0.04889864139517355,0.5217230749722545,0.5240095839665515,-0.753850593341725,,0.0,0.4012447316731357,1.8
2109,17.47808559999976,330.91021035169956,164.69579835472615,69.51174442210787,34.59637050927262,26.565058499371137,0.21006225328686312,1.0227247587230863,28.769330328410128,26.566140522023765,0.20984225667575954,0.6253414250570436,0.6596102414146929,6.896792571626957,,0.0,0.4012447316731357,1.8
2111,17.494171199999982,330.9667621093836,164.70486721131834,69.5236238117543,34.59827553372311,26.56505046009204,0.21006225328686312,1.0346041483695245,28.767425303959634,26.892359671173928,0.480765634535286,1.1044405201534588,1.2045432569679508,17.673216060311447,,0.0,0.4012447316731357,1.8
2113,17.5101480000003,331.05645343933156,164.65687959438415,69.54246457462348,34.588195146780045,26.565050138520874,0.21006225328686312,1.0534449112386994,28.7775056909027,27.503547902471965,0.951520306946363,1.9765280471452136,2.193639445233189,32.5844307713315,,0.0,0.4012447316731357,1.8
2115,17.52581850000024,331.1468770338059,164.3942740069366,69.56145915862905,34.53303162535509,28.201379776536932,0.21006225328686312,1.072439495244268,28.83266921232765,28.230731088462164,1.5500372445369286,3.3893174497721716,3.726940868162758,52.31075487997201,,0.0,0.4012447316731357,1.8
2117,17.54219480000029,331.29719899491073,163.98417009479388,69.59303612849723,34.446884273488635,29.621200637838825,0.21006225328686312,1.1040164651124513,28.91881656419411,29.31427239539396,2.1192115045718167,5.4318581442154,5.830620918906383,64.43315985592737,-29.621200637838825,-0.8,0.4012447316731357,1.8
2119,17.557851800000208,331.49785350163506,163.41372544415702,69.6351860663119,34.327055384800424,30.20097442932215,0.21006225328686312,1.146166402927122,29.03864545288232,30.73043302106889,2.714860559805576,7.265348967681517,7.756014664850675,63.94301291597301,,0.0,0.4012447316731357,1.8
2121,17.573975500000415,331.7729790945846,162.63892165251568,69.69297956830378,34.16429835447303,31.982756994751014,0.21006225328686312,1.203959904919003,29.201402483209712,32.03471495132014,3.816384237744218,10.168713846299752,10.861285832627315,101.40214015356706,,0.0,0.4012447316731357,1.8
2124,17.601515299999846,332.3180403609139,161.3543225215481,69.80747636608831,33.89445256645164,33.64585326689551,0.21006225328686312,1.3184567027035285,29.471248271231104,33.02074992625472,3.9052377596874006,10.384524551971984,11.094558672168857,98.89479921387974,-33.64585326689551,-0.8,0.4012447316731357,1.8
2125,17.605785700000524,332.45464741933006,160.98764374073858,69.83617235259409,33.81742719552231,34.72278942779317,0.21006225328686312,1.3471526892093095,29.54827364216043,34.01874338824039,3.989467864066984,10.372361982656303,11.113133983610428,81.37337375833752,,0.0,0.4012447316731357,1.8
2126,17.617363600000317,332.5854102068833,160.638230210087,69.8636406783936,33.74402860194472,34.55137551251176,0.21006225328686312,1.3746210150088132,29.621672235738025,34.63964884449325,3.6521696995282174,9.623658979948763,10.293354928132056,63.1628314037694,,0.0,0.4012447316731357,1.8
2128,17.633623900000202,332.82639641124564,160.05051236634088,69.91426278349299,33.62057126739052,35.19094173925047,0.21006225328686312,1.425243120108206,29.745129570292228,34.68585920458009,2.9354877465710065,10.172714764233898,10.587786075697357,50.72244137013942,,0.0,0.4012447316731357,1.8
2130,17.65380499999992,333.0087306167673,159.44038236469316,69.95256431755614,33.49240598444648,35.08728427601533,0.21006225328686312,1.4635446541713577,29.873294853236267,34.48080935741165,1.3808807862821553,9.522767400484756,9.62236617000509,-3.528141563984291,-35.08728427601533,-0.8,0.4012447316731357,1.8
2132,17.669758200000615,333.0523301789288,158.4877518641019,69.9617229398261,33.292294274942485,33.87690506732968,0.21006225328686312,1.4727032764413224,30.07340656274026,34.05967756472616,0.6992810216558003,10.866527845899485,10.8890046089143,-22.974949599753316,,0.0,0.4012447316731357,1.8
2134,17.685478700000203,332.9735045534194,157.38110952965334,69.94516465131485,33.05983049258559,33.697540191951,0.21006225328686312,1.4561449879300739,30.305870345097155,33.46933058403437,0.0017531329406503121,11.520129259967923,11.520129393363783,-28.245019962597183,,0.0,0.4012447316731357,1.8
2136,17.70168400000057,332.89361915055554,156.37372054494415,69.92838374358455,32.848216092521206,32.445716549084295,0.21006225328686312,1.4393640801997662,30.51748474516154,32.76268978830279,-0.5851174906252005,12.485943548627226,12.499645946079488,-32.883065362087194,,0.0,0.4012447316731357,1.8
2138,17.718543500000123,332.86356947388725,155.50205626452777,69.92207144079306,32.665112329667274,32.2392068357915,0.21006225328686312,1.4330517774082807,30.70058850801547,32.3663492663368,-0.9621140965478532,12.55712930695042,12.593933458862216,-28.80738938433023,,0.0,0.4012447316731357,1.8
2140,17.733820500000547,332.7881916895301,154.68899131713113,69.90623741356323,32.49431807474857,31.554080297357444,0.21006225328686312,1.4172177501784518,30.871382762934175,31.85685037605128,-0.8822628959722022,11.330484821941536,11.364782185235965,-22.075256179350312,,0.0,0.4012447316731357,1.8
2142,17.749587299999803,332.68979924255854,153.72077630516006,69.88556887444598,32.29093264766776,31.895202457499767,0.21006225328686312,1.396549211061199,31.074768190014986,31.761941001494545,-0.9499931827649777,10.904135914911734,10.94544047072423,-14.322756697891537,,0.0,0.4012447316731357,1.8
2143,17.761954499999774,332.6512934996045,153.21127622961032,69.87748027131656,32.18390591374796,31.150045740523392,0.21006225328686312,1.3884606079317763,31.18179492393479,31.713807627442957,-1.2768893838414233,11.306844164399358,11.378715720878994,-8.949252157693378,,0.0,0.4012447316731357,1.8
2145,17.777740999999878,332.54802243308075,152.39012546442387,69.85578691838325,32.01141313372466,31.971169676300626,0.21006225328686312,1.3667672549984644,31.354287703958086,31.637352995605895,-1.2768795182675556,9.928750163541743,10.010519522692185,-0.11562997487265658,,0.0,0.4012447316731357,1.8
2146,17.78231610000057,332.5042694022155,152.10973076796142,69.84659605813157,31.95251279197607,31.998539965533563,0.21006225328686312,1.3575763947467863,31.413188045706676,31.65272114089882,-1.150380301273756,7.635381553243991,7.721555950789797,1.174693625528173,,0.0,0.4012447316731357,1.8
2148,17.79810559999987,332.42636661486017,151.7873175769893,69.83023162308237,31.884785950591056,31.171807138172124,0.21006225328686312,1.3412119596975884,31.48091488709169,31.82352239588305,-1.097751599484298,5.81760357521995,5.920267724738661,1.971317435215684,,0.0,0.4012447316731357,1.8
2150,17.81382140000005,332.37561260459086,151.68012585136944,69.81957012132186,31.86226901517364,31.972043183964384,0.21006225328686312,1.330550457937079,31.503431822509103,31.830312357646953,-0.874569486953546,3.416867783097766,3.5270181789553665,7.0800057838826245,,0.0,0.4012447316731357,1.8
2152,17.82882840000002,332.3476869083924,151.71118901042496,69.8137039866538,31.868794212359052,32.004052015444515,0.21006225328686312,1.3246843232690253,31.496906625323692,31.831679500108702,-0.4933257024939481,0.4741056233742461,0.6842122410891447,6.530161343696067,,0.0,0.4012447316731357,1.8
2153,17.84048249999978,332.333358799852,151.77094453043827,69.81069419188847,31.881346591539376,32.005119485120154,0.21006225328686312,1.3216745285036922,31.48435424614337,32.07292406617826,-0.33431687686694583,-0.7354385719415892,0.8078599304691084,3.76438895043517,,0.0,0.4012447316731357,1.8
2155,17.85630519999995,332.32562542181694,151.90951788019828,69.8090697010729,31.910455621635474,32.00537567784231,0.21006225328686312,1.3200500376881195,31.45524521604727,32.08257372675074,-0.2528830847294409,-1.4950485413987877,1.5162849322211576,2.875983192483423,,0.0,0.4012447316731357,1.8
2157,17.877158299999792,332.30166453136843,152.08407226924578,69.80403642243454,31.9471229099199,32.37802996851995,0.21006225328686312,1.3150167590497546,31.418577927762843,32.019775300517715,-0.14726286902399371,-1.6850547838179137,1.6914774539025976,2.6263672931641446,-32.37802996851995,-0.8,0.4012447316731357,1.8
2159,17.893146600000364,332.2810210101392,152.26409984611252,69.79969999784936,31.984939908370304,32.020291486826736,0.21006225328686312,1.3106803344645783,31.38076092931244,31.955662506144467,-0.03186402171249067,-1.913187639753244,1.9134529680094785,-2.2884784178299142,,0.0,0.4012447316731357,1.8
2160,17.904237300000204,332.2882652012653,152.33721560483866,69.80122172896053,32.000298769399095,31.690059884279414,0.21006225328686312,1.3122020655757467,31.36540206828365,31.942830797160852,0.01980034532180598,-1.7382353712624288,1.7383481410760897,-4.12098716216598,,0.0,0.4012447316731357,1.8
2163,17.924139100000502,332.3184627886367,152.5473298458764,69.80756510220759,32.04443584031914,31.684555513253926,0.21006225328686312,1.3185454388228095,31.321264997363606,31.865734694828518,0.1619124888167302,-1.9698016131323062,1.9764448004266304,-6.222357917045052,,0.0,0.4012447316731357,1.8
2164,17.936760600000525,332.3278151600498,152.605307803266,69.8095296824202,32.05661482068937,31.941217132924223,0.21006225328686312,1.3205100190354244,31.309086016993376,31.75778702016882,0.26484226684473083,-1.6018264964380178,1.623573081508298,-5.689540355059058,-31.941217132924223,-0.8,0.4012447316731357,1.8
2165,17.94058440000026,332.336355950657,152.65839177015243,69.81132378014,32.06776575838694,31.992549456858285,0.21006225328686312,1.3223041167552196,31.297935079295804,31.706095664510222,0.2949320166201795,-1.356551760448195,1.3882426204387843,-6.838135320822038,,0.0,0.4012447316731357,1.8
2167,17.957311000000118,332.35573904379106,152.7002290373313,69.81539543635942,32.0765541890019,31.480553113528238,0.21006225328686312,1.326375772974643,31.28914664868085,31.68358343162921,0.3051727916476619,-0.9581944848366986,1.0056177720851465,-7.384165941432916,,0.0,0.4012447316731357,1.8
2169,17.971976499999982,332.375821794485,152.71129246729902,69.81961406422238,32.07887819803,31.431603105986444,0.21006225328686312,1.3305944008375974,31.286822639652748,31.582392156124218,0.30327493430063907,-0.754486532952155,0.8131578039847002,-5.733895749683949,,0.0,0.4012447316731357,1.8
2171,17.989019499999813,332.4058359690889,152.7296249991769,69.82591890937023,32.08272917098472,31.571994348848833,0.21006225328686312,1.3368992459854496,31.282971666698025,31.469840547084814,0.2138862182577117,-0.140678208436661,0.2560032669509007,-3.0324134291166223,-31.571994348848833,-0.8,0.4012447316731357,1.8
2173,18.00396030000047,332.4162319813444,152.72581262964826,69.82810271912982,32.08192833605117,31.435260755399266,0.21006225328686312,1.3390830557450357,31.283772501631574,31.46533842168808,0.2106017769187356,-0.01730157471720656,0.21131127023664392,-2.4624915988741987,,0.0,0.4012447316731357,1.8
2175,18.020467700000154,332.41798036492287,152.7138012471167,69.82846998852392,32.0794051979715,31.429791411661284,0.21006225328686312,1.3394503251391399,31.28629563971125,31.465158336672218,0.138253839392791,0.04629627159409955,0.14579941313449202,-0.9687948123623648,,0.0,0.4012447316731357,1.8
2177,18.03663400000005,332.4354503261524,152.7067620072661,69.83213976794464,32.077926519387056,31.458042486544578,0.21006225328686312,1.3431201045598584,31.28777431829569,31.489467844697366,0.06833288662166019,0.01585436756648309,0.07014801754135191,1.549289833464052,,0.0,0.4012447316731357,1.8
2179,18.053202500000225,332.4296070791004,152.69417987337894,69.83091232230237,32.07528348799156,31.430702680907096,0.21006225328686312,1.3418926589175868,31.290417349691182,31.498887532750715,-0.012949081101033953,-0.04319596277237966,0.04509512059185521,2.697271095877242,,0.0,0.4012447316731357,1.8
2181,18.06893769999988,332.4311301513061,152.72250725954223,69.83123226228182,32.08123400255875,31.69354188897457,0.21006225328686312,1.342212598897035,31.284466835123993,31.593085434651346,0.0014654058438556897,-0.08966578179101489,0.08967775553882415,2.5349048497385724,,0.0,0.4012447316731357,1.8
2182,18.081062100000054,332.41610925901796,152.73645490936798,69.82807693980139,32.0841638773092,31.482359195666007,0.21006225328686312,1.3390572764166109,31.281536960373543,31.659024897821816,-0.016685064723584664,-0.1500947964904549,0.15101933425340375,1.5006277080102208,,0.0,0.4012447316731357,1.8
2183,18.097472299999936,332.42347769317246,152.74266551567206,69.82962476968308,32.08546849126372,31.90078092116445,0.21006225328686312,1.3406051062982982,31.280232346419027,31.64552356033301,-0.02161561254329917,-0.10408304343504174,0.10630387874542874,1.9687207516131984,,0.0,0.4012447316731357,1.8
2184,18.101370999999745,332.4260064472189,152.74657565015826,69.8301559654561,32.086289862924545,31.787739802396956,0.21006225328686312,1.3411363020713196,31.2794109747582,31.63122441259518,0.004390476347893031,0.028098184440410907,0.028439132395499653,-0.20621012515890924,-31.787739802396956,-0.8,0.4012447316731357,1.8
2186,18.116416500000014,332.41893459179397,152.71867235356214,69.82867043557061,32.080428433567434,31.36319599346307,0.21006225328686312,1.3396507721858342,31.28527240411531,31.67499169901192,0.02749433051928468,0.0567884037423788,0.06309406477879746,-1.0080633659639044,,0.0,0.4012447316731357,1.8
2188,18.133473500000036,332.43114404431134,152.69571391235644,69.83123518067781,32.07560573167581,31.6220461502854,0.21006225328686312,1.3422155172930275,31.290095106006937,31.591613503463236,-0.00929200298024585,0.08526980326308183,0.08577459220485736,-0.5502614605291243,,0.0,0.4012447316731357,1.8
2190,18.149333500000466,332.4202169953232,152.703128153763,69.82893982014558,32.077163183932086,31.7011956277497,0.21006225328686312,1.3399201567607975,31.28853765375066,31.614282346775372,0.2423725476570991,-0.038087362482320586,0.24534689531080775,3.7185231286015545,,0.0,0.4012447316731357,1.8
2191,18.160958700000265,332.4152578010769,152.6996467845345,69.82789808062772,32.076431879667425,31.483889943421033,0.21006225328686312,1.3388784172429382,31.28926895801532,31.63132801652348,0.2487730553038519,-0.07845225647527423,0.2608501286012249,2.2792393264560014,-31.483889943421033,-0.8,0.4012447316731357,1.8
2192,18.16459880000002,332.4394238863044,152.71398564022542,69.83297446294372,32.07944393200341,31.901084018957647,0.21006225328686312,1.3439547995589436,31.286256905679338,31.695671342336844,0.23034198255859517,-0.16331971722923153,0.2823663559365037,3.0818172704660385,,0.0,0.4012447316731357,1.8
2194,18.18007469999975,332.43450744992526,152.7001531247309,69.83194170523979,32.07653824263,31.44842434220362,0.21006225328686312,1.3429220418550045,31.289162595052744,31.629319599295158,0.22875945028176842,-0.09560129987843227,0.24793243965173822,1.5813972577821267,,0.0,0.4012447316731357,1.8
2196,18.19672470000023,332.4391211321242,152.7113764144729,69.83291086571845,32.0788958321625,31.94376277935221,0.21006225328686312,1.3438912023336655,31.286805005520243,31.61474551899722,0.1822145635795167,-0.10643972968728184,0.2110250298812332,1.233051386319216,,0.0,0.4012447316731357,1.8
2198,18.212809600000583,332.42743324519626,152.69296909780397,69.8304556818542,32.07502914974606,31.36943691254128,0.21006225328686312,1.3414360184694232,31.290671687936687,31.51706528462708,-0.11303097444786728,0.10929046705027093,0.15722724755175477,-3.584892221559791,-31.36943691254128,-0.8,0.4012447316731357,1.8
2200,18.228954899999735,332.402658715398,152.69229929236764,69.82525148830065,32.07488844890684,31.41101954193134,0.21006225328686312,1.3362318249158704,31.290812388775905,31.512617893644855,-0.10454147763751574,0.09085667146213748,0.13850579517050537,-2.52166440343784,,0.0,0.4012447316731357,1.8
2202,18.24499410000044,332.3964239516948,152.67312004702052,69.82394179978846,32.070859613412885,31.412682847106943,0.21006225328686312,1.3349221364036765,31.29484122426986,31.409751033161815,-0.11947234239759065,0.13849420223415052,0.18290512472437975,-2.3002115233242826,,0.0,0.4012447316731357,1.8
2203,18.256678499999907,332.3950730899745,152.66780317459694,69.82365803473161,32.06974273921115,31.426187387292483,0.21006225328686312,1.334638371346827,31.295958098471594,31.421770953305256,-0.09021495834513617,0.11415552693353312,0.14549990734941123,-0.9300945801216254,,0.0,0.4012447316731357,1.8
2205,18.272667600000204,332.3938212490316,152.66045107731856,69.82339507020238,32.068198341090465,31.429428476937012,0.21006225328686312,1.3343754068175997,31.29750249659228,31.425479533314125,-0.024679097171545237,0.1204022590576255,0.12290549956524376,-0.5090935553156614,-31.429428476937012,-0.8,0.4012447316731357,1.8
2206,18.277008199999727,332.3936899924337,152.65799835892926,69.82336749814566,32.067683117538934,31.429536513258498,0.21006225328686312,1.3343478347608766,31.29801772014381,31.42885562514598,-0.006846154487352339,0.07291786621187005,0.07323854889439628,1.7925344137571453,,0.0,0.4012447316731357,1.8
2208,18.292938600000525,332.3940952943269,152.65496881527974,69.82345263677462,32.06704672477348,31.429562441975655,0.21006225328686312,1.3344329733898377,31.29865411290926,31.458001004235268,0.018574712221100773,0.05719464778909465,0.0601352448221116,1.7458221339378879,,0.0,0.4012447316731357,1.8
2209,18.304646200000207,332.3945138138161,152.6542016459586,69.82354055192157,32.066885571457235,31.429563306266225,0.21006225328686312,1.3345208885367867,31.29881526622551,31.51764741021915,0.06448014089183055,0.03610988624585589,0.07390272291410493,1.6720843391960476,,0.0,0.4012447316731357,1.8
2211,18.320929200000137,332.40248380403733,152.65288616091686,69.8252147460261,32.0666092377052,31.571914282738934,0.21006225328686312,1.336195082641325,31.299091599977544,31.530594899923084,0.09124603432826431,0.004825339609615269,0.09137353382124887,1.9213087339395893,,0.0,0.4012447316731357,1.8
2213,18.34074630000032,332.4225856576742,152.65371947044548,69.8294373866963,32.06678428458247,31.727660506856434,0.21006225328686312,1.3404177233115178,31.298916553100277,31.52788501630812,0.027544500785052703,-0.0498003641305457,0.05691024328741454,2.0569771018697125,,0.0,0.4012447316731357,1.8
2215,18.35757300000023,332.43279702535756,152.65674129411232,69.83158240960101,32.06741905567096,31.494273961778166,0.21006225328686312,1.342562746216231,31.298281782011784,31.561940840105454,0.04278578512253845,-0.05476807230646833,0.0694993895852228,0.6804986118789501,,0.0,0.4012447316731357,1.8
2217,18.372021799999857,332.41125658593546,152.67278022523016,69.82705757635922,32.07078822968188,31.416013023900817,0.21006225328686312,1.3380379129744426,31.294912608000864,31.598176791319066,0.07346694587401112,-0.056549337279322785,0.09271040762927044,0.4361072545069214,,0.0,0.4012447316731357,1.8
2219,18.387998199999856,332.4176236263427,152.67362244113986,69.82839505121393,32.07096514745363,31.59984242525291,0.21006225328686312,1.3393753878291506,31.294735690229118,31.569615487180112,0.10917171332337569,-0.05381453782711165,0.12171469702343655,0.9786477405821854,-31.59984242525291,-0.8,0.4012447316731357,1.8
2221,18.40376770000057,332.43685854146577,152.6730170443559,69.83243558082647,32.07083797644106,31.753094038806996,0.21006225328686312,1.343415917441689,31.294862861241683,31.562885017845165,0.08432326197213258,-0.12022200697305822,0.14684598554353115,0.1397488532661857,,0.0,0.4012447316731357,1.8
2223,18.420431700000336,332.4679240812049,152.67263302328007,69.83896127810364,32.07075730810856,31.584853986161654,0.21006225328686312,1.3499416147188583,31.294943529574184,31.605810777278073,0.1605445395879553,-0.0734243651767956,0.17653805989962615,-0.46035609065355865,,0.0,0.4012447316731357,1.8
2224,18.432415899999796,332.46810864481296,152.6937281715915,69.83900004795103,32.075188602496276,31.460621615103427,0.21006225328686312,1.3499803845662512,31.29051223518647,31.579798128644327,0.13140921982456202,-0.13865157551964136,0.1910304751838797,-0.5126980374407856,,0.0,0.4012447316731357,1.8
2227,18.453345900000386,332.4748783035627,152.69364766346297,69.84042209772198,32.075171690777395,31.63064182106536,0.21006225328686312,1.3514024343372029,31.29052914690535,31.569487211799107,0.006922897905305189,-0.2537733810491804,0.25386779127045594,0.9824004574508087,,0.0,0.4012447316731357,1.8
2228,18.464660399999957,332.47154092598834,152.71181065854154,69.83972104066864,32.07898705045004,31.469779182084167,0.21006225328686312,1.3507013772838548,31.286713787232706,31.546298957254205,-0.11842877689503223,-0.31016079394932966,0.3320016465322602,0.4051492615864446,,0.0,0.4012447316731357,1.8
2229,18.468670700000075,332.46454966020804,152.72264565779943,69.8382524396255,32.08126307480851,31.7015394545809,0.21006225328686312,1.3492327762407257,31.284437762874234,31.574566316800393,-0.11724329860292977,-0.22267567446362382,0.2516554133435749,0.8280409749872422,,0.0,0.4012447316731357,1.8
2231,18.48372819999986,332.4476935639681,152.74250822623208,69.83471161006771,32.08543545068954,31.468912713437142,0.21006225328686312,1.3456919466829333,31.280265386993207,31.56989400074937,-0.17506435607746568,-0.22055741192475464,0.28159030651598005,0.614782912367362,,0.0,0.4012447316731357,1.8
2233,18.50037390000034,332.44841961422753,152.73714639579234,69.83486412582121,32.08430913250562,31.601958412834364,0.21006225328686312,1.3458444624364319,31.28139170517712,31.568959842714946,-0.14703515147941615,-0.11547980548258283,0.18696235248003812,2.079891352818068,-31.601958412834364,-0.8,0.4012447316731357,1.8
2235,18.516091899999992,332.43187105926324,152.73629343623605,69.83138789907677,32.084129957899265,31.607280240810255,0.21006225328686312,1.3423682356919926,31.28157087978348,31.544456604858063,-0.10210640247406995,-0.03959907525129694,0.1095162279616799,4.220549284695636,,0.0,0.4012447316731357,1.8
2236,18.529463800000485,332.43684807487443,152.7243146005141,69.83243338219071,32.08161365667576,31.465108391912054,0.21006225328686312,1.3434137188059339,31.28408718100698,31.61500827466019,-0.021843520351186627,0.043251975498354814,0.04845485286163802,5.719613673249687,,0.0,0.4012447316731357,1.8
2237,18.533594999999877,332.4340640084647,152.7280146852848,69.83184855492738,32.082390904820045,31.579023265296478,0.21006225328686312,1.3428288915425952,31.2833099328627,31.688345250997482,0.04760001856797601,0.4202507813273267,0.4229379162169079,16.132046382080144,,0.0,0.4012447316731357,1.8
2239,18.56088809999983,332.455653017863,152.71019379655343,69.83638359088782,32.078647408777556,31.8216710624478,0.21006225328686312,1.3473639275030393,31.28705342890519,31.884446820871283,0.5641407675710037,1.3852785437047626,1.495744446516312,21.493405820185203,-31.8216710624478,-0.8,0.4012447316731357,1.8
2240,18.56493760000012,332.46252317878213,152.6725511957204,69.83782675237093,32.07074011922699,31.96864329452081,0.21006225328686312,1.348807088986149,31.294960718455755,32.095045293889996,1.615875325832738,3.3355264775486244,3.706317572883224,25.324131963376466,,0.0,0.4012447316731357,1.8
2242,18.58128880000004,332.6463450613448,152.29607612148544,69.87644079122548,31.991656916826862,32.587788090179274,0.21006225328686312,1.387421127840696,31.374043920855883,32.50787824473831,2.6022845046137615,5.485227977133794,6.0712116257040645,23.796976323783838,,0.0,0.4012447316731357,1.8
2244,18.59656950000044,333.03456770891216,151.57304634542243,69.95799171535047,31.83977565287357,32.51810075700561,0.21006225328686312,1.468972051965693,31.525925184809175,32.88118184597536,3.697980453332225,7.928006093940411,8.748047785579564,21.11969387659759,,0.0,0.4012447316731357,1.8
2246,18.613391699999738,333.4181989949906,150.72735134629593,70.03857816773544,31.662127055763627,33.64318801953804,0.21006225328686312,1.5495585043506566,31.70357378191912,33.05135860196402,4.902657863552559,10.521194645716479,11.60739380309408,6.605869872863968,-33.64318801953804,-0.8,0.4012447316731357,1.8
2248,18.62972979999995,333.85722454961365,149.76671857626997,70.13080086499008,31.46033437151077,33.688189068633086,0.21006225328686312,1.6417812016052977,31.905366466171976,32.95003969564107,5.3566249128576375,12.083899469418883,13.217944501474845,-6.073391824060514,,0.0,0.4012447316731357,1.8
2250,18.644412900000134,334.3031626396975,148.72392622815556,70.22447562501954,31.24128306115556,32.81952707446408,0.21006225328686312,1.7354559616347558,32.12441777652718,32.648109986263144,4.787296137536593,12.291410711806252,13.190791545422066,-20.67071236983101,,0.0,0.4012447316731357,1.8
2252,18.660503000000062,334.65791136432193,147.75497172287788,70.29899494146478,31.037742294444474,32.0811935585645,0.21006225328686312,1.8099752780800031,32.32795854323827,32.034297775447676,4.02115301799204,11.47525947465573,12.15941000233081,-33.5527798910048,,0.0,0.4012447316731357,1.8
2254,18.676717700000154,334.8501309196207,146.90765936549235,70.33937301437665,30.859753951414262,31.00845221011602,0.21006225328686312,1.8503533509918668,32.50594688626848,31.246962891037676,3.515369751141596,10.80762189757543,11.364968788702997,-36.75340388466863,,0.0,0.4012447316731357,1.8
2255,18.688038700000106,334.9018561551982,146.55845018072856,70.35023853391384,30.786398283194313,30.574126965460703,0.21006225328686312,1.8612188705290578,32.579302554488436,30.63229897021131,2.6170840230125973,8.688449100554429,9.074044112546119,-36.08643821383677,,0.0,0.4012447316731357,1.8
2258,18.70907989999978,335.21394730686836,145.65566339279275,70.41579710446457,30.596756856282905,29.751514646583065,0.21006225328686312,1.9267774410797927,32.76894398139984,30.165089465514825,2.853580627557777,8.572128759427919,9.034617527387878,-40.39605636353049,,0.0,0.4012447316731357,1.8
2259,18.72074210000028,335.3187837627522,145.41567442363765,70.43781928661414,30.546344232658196,29.74620747033224,0.21006225328686312,1.9487996232293625,32.81935660502455,29.96417018933087,2.869449455773301,7.328225680541632,7.869982960857511,-33.907764306388266,,0.0,0.4012447316731357,1.8
2260,18.724730699999782,335.429175615981,145.18652206049927,70.46100844804789,30.498207970911338,29.745146035082076,0.21006225328686312,1.971988784663111,32.86749286677141,29.72606460771605,3.1564625011988157,6.569453437355392,7.288413681114352,-25.12225158419044,-29.745146035082076,-0.8,0.4012447316731357,1.8
2262,18.740047600000253,335.6165375262918,144.83962717986765,70.5003661131079,30.425338450632182,30.003855829196254,0.21006225328686312,2.0113464497231206,32.94036238705056,29.479226673409748,3.084160309208011,5.238838457457864,6.079265843523669,-23.14884351320604,,0.0,0.4012447316731357,1.8
2264,18.756632399999944,335.80561390240007,144.62758236585597,70.54008392271653,30.380795839203095,29.383599057386604,0.21006225328686312,2.0510642593317527,32.98490499847965,29.30729913314762,3.4681975309811937,5.018336580789806,6.100171813317816,-22.32343648717262,,0.0,0.4012447316731357,1.8
2265,18.768371400000433,335.9595287807758,144.49570937320226,70.57241562888251,30.353094301218576,28.517324975051544,0.21006225328686312,2.083395965497729,33.01260653646417,29.162469594333473,3.0252902743876757,3.3902114539059784,4.543777607508971,-12.216483984919783,,0.0,0.4012447316731357,1.8
2267,18.788307100000566,336.32097213571257,144.19009762714595,70.64834123445608,30.288896809211053,28.886569769021598,0.21006225328686312,2.1593215710713025,33.07680402847169,28.901287740905914,3.578146594156993,3.642367811956967,5.10587664626335,-6.280018857865997,,0.0,0.4012447316731357,1.8
2268,18.801145899999938,336.5409592814867,143.95003218876892,70.69455222999156,30.238468122289277,29.020998341011353,0.21006225328686312,2.2055325666067773,33.12723271539347,28.783661633760993,3.825587481997619,3.989001344854434,5.5269567857608015,-2.1309401056981376,,0.0,0.4012447316731357,1.8
2270,18.816443000000618,336.92937880274917,143.51177340462033,70.77614450984855,30.14640649456826,28.697946562058426,0.21006225328686312,2.287124846463769,33.219294343114484,28.99119628782029,4.270785839713072,4.780165111513659,6.41011623779367,6.18666755078884,,0.0,0.4012447316731357,1.8
2272,18.832836300000054,337.212823647706,143.16692026314277,70.83568557266273,30.073965866616433,28.795468521662027,0.21006225328686312,2.346665909277945,33.29173497106631,29.161339409822503,3.7715480962257715,4.398156974175132,5.793820830128387,11.1167433328224,,0.0,0.4012447316731357,1.8
2273,18.83654269999988,337.30069584112573,143.05548586412553,70.85414420361373,30.050557705665202,29.55499824534803,0.21006225328686312,2.3651245402289476,33.31514313201754,29.26975372289468,3.249471323632472,3.8356298973168794,5.027038948755108,15.704165897052903,-29.55499824534803,-0.8,0.4012447316731357,1.8
2275,18.854546800000207,337.4131740595284,142.9431918350137,70.87777163161708,30.02696896887931,29.737285379032674,0.21006225328686312,2.388751968232299,33.338731868803436,29.477686059577728,2.102174051584225,2.5553096819280814,3.3088885314723777,13.481228255054868,,0.0,0.4012447316731357,1.8
2277,18.868326800000432,337.47804811016584,142.87003519067713,70.89139922087384,30.011601519327066,29.56306990637225,0.21006225328686312,2.4023795574890556,33.35409931835568,29.66751031105286,1.2263819833679341,1.4941461577351745,1.932999097207304,9.28500214981491,,0.0,0.4012447316731357,1.8
2279,18.8838123000005,337.4483655557135,142.89829599977134,70.88516403660226,30.017538048565104,29.737608245473645,0.21006225328686312,2.3961443732174814,33.34816278911764,29.70548447005931,0.06530907529588359,0.03325350999357235,0.07328759269409801,3.43563710184617,,0.0,0.4012447316731357,1.8
2281,18.90078859999994,337.3880024767487,142.96997139610386,70.87248403221959,30.032594343823945,29.7445897790377,0.21006225328686312,2.383464368834808,33.3331064938588,29.52549647841176,-0.27118812551800286,-0.3379162109604944,0.4332786228881659,1.139953465523392,,0.0,0.4012447316731357,1.8
2283,18.91700910000054,337.32428563148136,143.04632858792786,70.8590995281304,30.048634107593152,29.744869040380262,0.21006225328686312,2.3700798647456196,33.31706673008959,29.525557222172228,-0.5692188329046786,-0.6952456667890514,0.8985413829770541,-1.615113832848772,,0.0,0.4012447316731357,1.8
2285,18.9334630000003,337.29529226603006,143.08906954797595,70.85300911645334,30.057612369968496,28.8373454207949,0.21006225328686312,2.3639894530685552,33.30808846771425,29.52672129704965,-0.6478093775591022,-0.8060563454675156,1.0341101593746955,-2.105653151678924,,0.0,0.4012447316731357,1.8
2286,18.94514810000055,337.2674113233435,143.12642006643733,70.84715238280883,30.06545830403793,29.563373625174606,0.21006225328686312,2.3581327194240487,33.30024253364482,29.526721394239665,-0.5753506600637399,-0.7190761147748272,0.9209228202598966,0.014769887789746696,,0.0,0.4012447316731357,1.8
2289,18.965482700000393,337.19039513313453,143.21716429364062,70.83097418835396,30.084520240877026,29.743428619860776,0.21006225328686312,2.341954524969182,33.28118059680572,29.52671210496625,-0.6958045497346934,-0.8947293262671684,1.1334392523262993,-17.99649045205292,,0.0,0.4012447316731357,1.8
2290,18.976943700000447,337.1694096963696,143.24182540568555,70.82656594022092,30.089700609641742,29.74459026498778,0.21006225328686312,2.337546276836136,33.276000228041,29.52670987476311,-0.5840995513771414,-0.7690449897009677,0.9657134575551587,-27.48617171754522,,0.0,0.4012447316731357,1.8
2291,18.980417100000523,337.1458070139362,143.27269847788622,70.82160790756534,30.096185876754102,29.744822594013183,0.21006225328686312,2.332588244180556,33.269514960928646,29.213921323886428,-0.29326309832288744,-0.459216461470769,0.5448697122465826,-44.590134117865745,,0.0,0.4012447316731357,1.8
2292,18.99359210000057,337.15762179742933,143.26750781038953,70.824089747608,30.095095513443685,28.837334269779202,0.21006225328686312,2.3350700842232186,33.27060532423906,28.589720670904036,0.18618011204090223,0.06789274537432777,0.19817280084316874,-66.30307381607724,,0.0,0.4012447316731357,1.8
2294,19.00919729999987,337.2284163495219,143.2023052137963,70.838961010741,30.08139890908316,27.999430870791173,0.21006225328686312,2.3499413473562214,33.28430192859959,27.255167030511696,1.2833728878204285,1.2036195899951039,1.7594732412323093,-91.7605958939043,-27.999430870791173,-0.8,0.4012447316731357,1.8
2296,19.028860899999927,337.37834119213323,143.04334571313035,70.87045456100361,30.048007518191913,26.622425354948838,0.21006225328686312,2.3814348976188313,33.31769331949083,25.120385242510146,3.1686108557797583,3.5348499402624913,4.747131645060949,-98.76992655121076,,0.0,0.4012447316731357,1.8
2298,19.045165600000473,337.77429863774074,142.63766260591098,70.95363027423365,29.962788810568995,23.071822063026083,0.21006225328686312,2.4646106108488652,33.40291202711375,23.044995768587132,4.76042844076615,5.560506352226996,7.319898211916065,-109.59207805257576,,0.0,0.4012447316731357,1.8
2300,19.060448500000348,338.35624164154336,141.92547021535967,71.07587453289695,29.81318407223603,19.07091365400542,0.21006225328686312,2.586854869512166,33.55251676544671,21.13311705041593,5.451380981055244,6.522209975900962,8.500398671259651,-107.95877639894702,-19.07091365400542,-0.7818561747393626,0.4181438252606373,1.8
2302,19.076582900000176,338.9820295831873,141.1411834869707,71.20732895799841,29.64843503484766,18.460386900164124,0.21006225328686312,2.7183092946136327,33.71726580283509,19.495662348466425,6.0742869616308885,7.376038780758178,9.555255631718474,-87.83500602330986,,0.0,0.4181438252606373,1.8
2303,19.088571700000102,339.233590281539,140.81665649796338,71.2601723651326,29.580264164284383,18.44003727993517,0.21006225328686312,2.7711527017478232,33.785436673398365,18.568289160388442,5.591259019167272,7.044108553386271,8.99342219243092,-64.48058076799266,,0.0,0.4181438252606373,1.8
2305,19.104578200000105,339.5929551817808,140.36195697808316,71.3356613658296,29.484748958569888,18.435151845201315,0.21006225328686312,2.8466417024448134,33.88095187911286,18.441096654473277,4.56265423316786,5.882528187665624,7.444592099646911,-39.79245903448889,,0.0,0.4181438252606373,1.8
2307,19.12150870000005,339.8094557865078,140.07446690799298,71.38113997069651,29.424358146649148,18.43495612263618,0.21006225328686312,2.8921203073117283,33.9413426910336,18.263060956189793,3.2219765890157746,4.2150981201443765,5.305486339875957,-19.499136036317203,-18.43495612263618,-0.8,0.3999999999999999,1.8
2308,19.12629310000011,339.87449834604104,139.98379235566034,71.39480295731161,29.405310845870375,18.43495112442958,0.21006225328686312,2.905783293926831,33.96038999181237,18.255125543449296,2.297980399421209,2.9745879724298536,3.758841247226119,-4.028627287414204,,0.0,0.3999999999999999,1.8
2310,19.14083870000013,339.9744921909391,139.85403615552957,71.41580788968571,29.378053966092967,17.570208408746716,0.21006225328686312,2.9267882263009284,33.987646871589774,18.25480843211546,1.1424950197202934,1.4242705606194208,1.8258810202017088,-2.4394007761988954,,0.0,0.3999999999999999,1.8
2312,19.157226500000434,339.957933731294,139.89431773518447,71.41232958234171,29.38651560548123,18.400360216232684,0.21006225328686312,2.9233099189569316,33.979185232201516,18.25479611387304,0.37146149443539667,0.31300089911348616,0.4857501463654221,1.6667328447606198,,0.0,0.3999999999999999,1.8
2314,19.171644099999867,339.8850928735867,140.01678372105889,71.39702846764037,29.412241086425006,18.43356628853212,0.21006225328686312,2.908008804255587,33.95345975125774,18.254793650224556,-0.4050265412034795,-0.8586133552327794,0.9493489310381851,0.1734527289652188,,0.0,0.3999999999999999,1.8
2316,19.188912999999957,339.7889933076509,140.18032640261012,71.37684157628,29.446595230620233,18.4348945314241,0.21006225328686312,2.8878219128952196,33.91910560706251,18.42774150070317,-1.192510069453412,-2.0326789984317832,2.356663780944032,-0.037402683175395746,,0.0,0.3999999999999999,1.8
2317,19.200258400000166,339.73354135669786,140.28169964264472,71.36519321451365,29.467889921844893,18.434938806187166,0.21006225328686312,2.876173551128872,33.89781091583785,18.32421470276941,-1.2476684219400849,-2.1898261700379535,2.5203204451199364,-0.04002080284901053,,0.0,0.3999999999999999,1.8
2318,19.20410670000001,339.68786379376434,140.3549135886397,71.35559808271918,29.48326940831262,18.434947661139777,0.21006225328686312,2.8665784193344024,33.88243142937013,18.32007363085206,-1.2598487149269668,-2.222803476982295,2.5550096050284643,-0.04040204587883767,,0.0,0.3999999999999999,1.8
2319,19.21609520000038,339.6600106872106,140.42922446039233,71.34974719639547,29.49887931747669,17.882726226563893,0.21006225328686312,2.8607275330106887,33.86682152020606,18.319907682799588,-1.1466734813364758,-1.9695402128555441,2.2790236336763545,-2.043465645746107,,0.0,0.3999999999999999,1.8
2321,19.23222100000021,339.5738644222231,140.57885804580332,71.33165111785995,29.53031168559551,18.41286092894537,0.21006225328686312,2.8426314544751676,33.83538915208723,18.31987418801331,-1.013969723507891,-1.6584640457349356,1.9438718042057608,1.5962434412680078,,0.0,0.3999999999999999,1.8
2323,19.252607500000522,339.5153339183567,140.649029770746,71.31935606833176,29.545052116254002,18.434064791161724,0.21006225328686312,2.8303364049469764,33.82064872142874,18.319867489056055,-0.7060438183337544,-1.0069088033913585,1.2297817740372985,2.0421063392270242,,0.0,0.3999999999999999,1.8
2324,19.26477960000011,339.49428910703057,140.6676628687119,71.3149353478446,29.548966226798427,18.434771332255785,0.21006225328686312,2.8259156844598152,33.81673461088432,18.43031156683973,-0.7162398892869998,-0.9181659154443601,1.164486250365213,2.046967099045082,,0.0,0.3999999999999999,1.8
2325,19.268610300000546,339.47689716689433,140.68113309388696,71.31128195771055,29.551795812650983,18.4349141663535,0.21006225328686312,2.8222622943257676,33.81390502503176,18.43472926891592,-0.5296107717354247,-0.5273961966034034,0.7474184355031176,2.047847720736365,,0.0,0.3999999999999999,1.8
2327,19.28553069999998,339.433479244928,140.7502734550867,71.30216149118925,29.56631959271767,18.434946615482268,0.21006225328686312,2.813141827804472,33.799381244965076,18.434906282174747,-0.41798578443179196,-0.3375517777997191,0.5372646635344739,2.0480069154811416,,0.0,0.3999999999999999,1.8
2329,19.300856200000453,339.4196877439457,140.7499341212774,71.29926441741671,29.56624831149307,18.434949439326324,0.21006225328686312,2.8102447540319275,33.799452526189675,18.434941929524644,-0.36556047319788887,-0.2983272314315952,0.4718406474418085,0.2333053474692602,-18.434949439326324,-0.8,0.3999999999999999,1.8
2331,19.316000800000438,339.4164454040406,140.73362797028736,71.29858332419032,29.562823004673668,18.434949857455866,0.21006225328686312,2.809563660805537,33.80287783300908,18.434949007747395,-0.1588340590789695,-0.08850256613387633,0.1818267376811857,0.0026590391926126864,,0.0,0.3999999999999999,1.8
2333,19.332538399999976,339.40848938560407,140.7435036112411,71.29691206503036,29.564897504065062,18.43494956900527,0.21006225328686312,2.8078924016455744,33.80080333361768,18.434949596052085,-0.05340834116078686,0.07519863683412169,0.09223494938068283,0.0005667452747661266,,0.0,0.3999999999999999,1.8
2335,19.348362100000486,339.41450954473015,140.72011685625677,71.29817667322152,29.559984829615985,18.43494955746724,0.21006225328686312,2.8091570098367384,33.80571600806676,18.43494967044752,-0.034196971704171575,0.013410713946137201,0.03673254854051145,0.00010154276737125359,,0.0,0.3999999999999999,1.8
2337,19.364152699999977,339.41361551048607,140.72311265782514,71.2979888703737,29.56061413444384,18.434949557005723,0.21006225328686312,2.8089692069889196,33.805086703238906,18.434949671388956,-0.08800291676108131,-0.24677512353042927,0.26199708958672885,8.067653469482006e-06,,0.0,0.3999999999999999,1.8
2338,19.377046700000392,339.4079082721528,140.7417904325227,71.29678999502936,29.56453762988319,18.43494981130349,0.21006225328686312,2.8077703316445763,33.801163207799554,18.434949671426615,-0.08725972364411692,-0.29462959627266994,0.3072797721462383,1.7258798071455575e-06,,0.0,0.3999999999999999,1.8
2339,19.380451099999846,339.40281935319445,140.7592085944588,71.29572100524618,29.568196528227606,18.434949862163045,0.21006225328686312,2.806701341861398,33.797504309455135,18.43494967142812,-0.11371762288001458,-0.4033536739201263,0.4190774200769409,9.369031966062406e-07,,0.0,0.3999999999999999,1.8
2341,19.396243300000606,339.3955012980756,140.78662728733678,71.29418375809824,29.573956160635735,18.434949569193556,0.21006225328686312,2.8051640947134615,33.79174467704701,18.434949732463338,-0.11548756591022352,-0.42249921053518785,0.4379988136773035,-2.8470338143594105e-06,,0.0,0.3999999999999999,1.8
2343,19.412376600000243,339.39147908503594,140.80453434553425,71.29333884296393,29.577717757630435,18.434949557474773,0.21006225328686312,2.804319179579153,33.787983080052314,18.43494974467038,-0.09738633713894106,-0.37221908002424975,0.38474815424565495,-2.845960506261717e-06,-18.434949557474773,-0.8,0.3999999999999999,1.8
2345,19.42842389999987,339.38989446002665,140.8148917797746,71.29300597306386,29.57989346360523,18.434949862181803,0.21006225328686312,2.8039863096790754,33.785807374077514,18.43494944201726,-0.011795879797543117,-0.10017849783337285,0.10087058148116909,-2.1109751786518314e-06,,0.0,0.3999999999999999,1.8
2346,19.440207999999984,339.38975571949885,140.81785868713115,71.29297682891597,29.58051669884984,18.434949872338706,0.21006225328686312,2.8039571655311875,33.7851841388329,18.434949442114917,0.01198249630358092,-0.01922672536018981,0.022654959407191536,-2.857795161740791e-06,,0.0,0.3999999999999999,1.8
2348,19.456815600000482,339.39876463969523,140.79529112522107,71.29486926299211,29.57577610594382,18.434948348897457,0.21006225328686312,2.8058495996073276,33.78992473173892,18.434949503153977,0.04360231599221392,0.08284751583409052,0.09362089958852539,-3.0029281710165217e-06,,0.0,0.3999999999999999,1.8
2349,19.472495800000615,339.4003732277949,140.7923019377994,71.29520716663292,29.575148190498528,18.434949569681837,0.21006225328686312,2.8061875032481396,33.790552647184214,18.43494950520489,0.05392474438149856,0.11696342923499092,0.1287956592242871,1.4502702294686542e-05,-18.434949569681837,-0.8,0.3999999999999999,1.8
2351,19.488262400000167,339.40830884919814,140.77149515132487,71.29687414114612,29.57077747004803,18.434949862670088,0.21006225328686312,2.807854477761339,33.794923367634716,18.434949505693204,0.047678897203961866,0.10227484384080715,0.11284246063094977,1.5296468089437837e-05,,0.0,0.3999999999999999,1.8
2352,19.492706900000485,339.40896197792455,140.77075464720622,71.29701133883808,29.570621918084296,18.434949872436363,0.21006225328686312,2.8079916754532945,33.79507891959845,18.43494981088852,0.01844603571764895,0.023085818717477426,0.0295501482154153,1.4590613769147505e-05,,0.0,0.3999999999999999,1.8
2354,19.50805450000007,339.40649960726284,140.7799846425622,71.29649408770845,29.5725607917066,18.43494987478027,0.21006225328686312,2.8074744243236722,33.793140045976145,18.434949871927707,0.03450382385550874,0.07447428064793507,0.08207881784406602,1.3780077474380488e-05,,0.0,0.3999999999999999,1.8
2356,19.524766399999862,339.40393672777327,140.78877551415917,71.29595572346797,29.574407422002615,18.434949874874025,0.21006225328686312,2.8069360600831885,33.79129341568013,18.434949874369273,0.004454108678758298,-0.00818043849891241,0.009314432787705235,1.3619619845794009e-05,-18.434949874874025,-0.8,0.3999999999999999,1.8
2358,19.540204599999925,339.41142120112545,140.76694888314813,71.297527928805,29.569822470710776,18.434949874877773,0.21006225328686312,2.8085082654202154,33.79587836697197,18.434949813822428,0.010717183570133376,0.02189097260328629,0.02437360673338617,-1.4170489146243431e-07,,0.0,0.3999999999999999,1.8
2360,19.556005500000538,339.40807237609573,140.77718330574606,71.29682446707339,29.57197233658279,18.434949874877926,0.21006225328686312,2.8078048036886116,33.793728501099956,18.43494980163493,0.04890538658086797,0.14178251786087948,0.14998006270032943,-9.389299208195603e-07,,0.0,0.3999999999999999,1.8
2362,19.57362269999976,339.4132875740431,140.7616381503347,71.29791998330556,29.568706886209384,18.434949569702148,0.21006225328686312,2.808900319920781,33.79699395147336,18.434949799194307,0.04509340668399878,0.1342644900603567,0.14163463071415877,-1.791833907254183e-05,,0.0,0.3999999999999999,1.8
2363,19.58445910000046,339.4213989809131,140.73723113182194,71.29962388371,29.563579892904578,18.434949813842774,0.21006225328686312,2.8106042203252173,33.80212094477817,18.43494979909668,0.00907158607633464,0.02848037344887311,0.0298902215737459,-1.6532343415935168e-05,-18.434949813842774,-0.8,0.3999999999999999,1.8
2364,19.58806000000004,339.42052003331423,140.73976966650042,71.29943924999685,29.56411314321919,18.434949862670898,0.21006225328686312,2.8104195866120705,33.80158769446356,18.434949493916992,0.003763354820672988,0.013594232872216415,0.014105531074381141,-1.623582777786609e-05,,0.0,0.3999999999999999,1.8
2366,19.6042922000006,339.41447181787805,140.7576919029844,71.29816874823396,29.56787792859895,18.434949874389652,0.21006225328686312,2.8091490848491816,33.79782290908379,18.434949542744963,-0.01962597191454753,-0.05585053072315799,0.05919848440331072,-1.6178414472548655e-05,,0.0,0.3999999999999999,1.8
2368,19.620768200000384,339.4088981867375,140.7742014852085,71.29699793871758,29.57134596864177,18.434948348979493,0.21006225328686312,2.8079782753328004,33.79435486904097,18.434949554463707,-0.036319904721684906,-0.10556071782395596,0.11163422694900128,-2.0170695592018757e-05,,0.0,0.3999999999999999,1.8
2370,19.637073800000508,339.40464739948845,140.7867661176058,71.29610500876981,29.57398532363487,18.434949813841992,0.21006225328686312,2.8070853453850333,33.79171551404788,18.43494955688558,-0.004815242906291681,-0.011566998797514327,0.012529246802114254,6.372633389483661e-07,-18.434949813841992,-0.8,0.3999999999999999,1.8
2372,19.652350500000466,339.4100122184495,140.77043390682547,71.29723195472924,29.570554542637197,18.434949872436494,0.21006225328686312,2.8082122913444607,33.79514629504555,18.43494925180355,0.002312219607416892,0.00935154236929733,0.009633156502293847,-7.314280308392366e-07,,0.0,0.3999999999999999,1.8
2374,19.667539199999737,339.41769462656816,140.74716010715267,71.29884573868932,29.56566559583538,18.434949874780273,0.21006225328686312,2.8098260753045423,33.80003524184737,18.43494954477605,0.02494514789536679,0.07686981505816211,0.08081601865099375,-9.946205016742271e-07,,0.0,0.3999999999999999,1.8
2375,19.680397500000254,339.41508497256,140.75495485222763,71.29829754888807,29.567302977549623,18.434948348979493,0.21006225328686312,2.809277885503292,33.79839786013312,18.434949495459794,0.019066750477034378,0.05903548445960357,0.06203812859148465,-1.0302771497850197e-06,,0.0,0.3999999999999999,1.8
2377,19.699938400000065,339.4190015876405,140.74313137168463,71.29912028187714,29.564819310585065,18.434949813841992,0.21006225328686312,2.8101006184923563,33.80088152709768,18.434949483643393,0.021874786759597916,0.06680098794352032,0.07029138130673084,2.9635652837925673e-06,,0.0,0.3999999999999999,1.8
2379,19.7158244000002,339.4126374130703,140.76211629636262,71.29778340902661,29.56880732664141,18.434949567260713,0.21006225328686312,2.8087637456418264,33.79689351104133,18.434949483170737,0.013506515649050716,0.04121060176568284,0.04336749546454987,-1.5029895579693868e-06,,0.0,0.3999999999999999,1.8
2380,19.728948900000432,339.4181236477012,140.74565907897346,71.29893585983523,29.56535028647381,18.434949813354486,0.21006225328686312,2.8099161964504447,33.800350551208936,18.434949483154956,0.0024175325674142545,0.007825843105898511,0.008190743802161548,-1.7600463456813058e-08,,0.0,0.3999999999999999,1.8
2382,19.744991300000038,339.42304244172647,140.73084880199394,71.29996911279163,29.56223920631969,18.434949872416993,0.21006225328686312,2.8109494494068485,33.80346163136306,18.434949434323048,-0.04604657477357769,-0.1372628241524787,0.14478041974898737,-2.510585723436579e-06,,0.0,0.3999999999999999,1.8
2384,19.761441399999967,339.4153618902788,140.75389280995128,71.29835571884806,29.56707988255597,18.434948348900587,0.21006225328686312,2.8093360554632767,33.79862095512678,18.43494949340493,-0.019068059258648927,-0.05660003764343889,0.05972566571525215,-2.530418444668082e-06,,0.0,0.3999999999999999,1.8
2385,19.76517740000054,339.4118009828236,140.7645344512671,71.29760770660427,29.56931528970944,18.434949569682463,0.21006225328686312,2.808588043219487,33.7963855479733,18.4349494445768,-0.051809350346869024,-0.15476812685161398,0.16320962555107432,-2.5311131461794687e-06,,0.0,0.3999999999999999,1.8
2387,19.78032770000027,339.41546038552315,140.75355198840927,71.29837640898101,29.567008288814886,18.434949862670113,0.21006225328686312,2.809356745596233,33.79869254886786,18.434949442623676,-0.07726843198098057,-0.23135567846153304,0.24391773313393122,-1.3343270531796621e-06,,0.0,0.3999999999999999,1.8
2389,19.797036200000548,339.4094234579331,140.7716424780964,71.29710827836853,29.570808417841626,18.43494956921384,0.21006225328686312,2.8080886149837454,33.79489241984112,18.43494944254555,-0.043626212495484776,-0.13066196019891577,0.1377526560895442,-2.026406242188494e-06,,0.0,0.3999999999999999,1.8
2391,19.813644400000157,339.4044513471023,140.78658615250066,71.2960638255638,29.57394751975937,18.43494986265137,0.21006225328686312,2.807044162179025,33.79175331792338,18.4349494913737,-0.00837940252784053,-0.025453658704328745,0.026797446299228415,1.3118290751158817e-06,,0.0,0.3999999999999999,1.8
2393,19.82853260000047,339.40942203853956,140.77175875672367,71.29710798020751,29.57083284359208,18.434948348509963,0.21006225328686312,2.808088316822733,33.794867994090666,18.434949493326823,-0.02796053960859908,-0.08420596792068828,0.08872675362405649,1.368306573823299e-06,,0.0,0.3999999999999999,1.8
2395,19.845407499999965,339.40749538680814,140.77756689251007,71.29670326340351,29.572052913682764,18.434949813823213,0.21006225328686312,2.807683600018734,33.793647923999984,18.434949554440106,-0.019954552447495607,-0.06020779596824019,0.06342840734823076,5.312145897130699e-06,,0.0,0.3999999999999999,1.8
2397,19.861335800000234,339.40391885535223,140.78829538714174,71.29595196914694,29.57430656543947,18.43494987243574,0.21006225328686312,2.8069323057621602,33.791394272243274,18.434949556884636,0.03530346130528901,0.10562973994346841,0.11137314012210846,4.878057347373869e-06,-18.43494987243574,-0.8,0.3999999999999999,1.8
2399,19.876820500000576,339.40127489672125,140.79621575020954,71.29539657323932,29.575970334752345,18.434949874780244,0.21006225328686312,2.806376909854535,33.7897305029304,18.434949862158074,0.02016922782539694,0.06045781751799531,0.06373339352421137,4.8597520662727785e-06,,0.0,0.3999999999999999,1.8
2401,19.892687900000055,339.41739459193377,140.74785880604338,71.29878271273796,29.565812366098733,18.43494987487402,0.21006225328686312,2.8097630493531796,33.79988847158401,18.43494987436899,0.0009097312586714042,0.0034337663361372894,0.00355223341212167,4.136377172267107e-06,,0.0,0.3999999999999999,1.8
2402,19.90500350000002,339.41706990042485,140.74883527646202,71.29871450730796,29.56601748567514,18.434949874877148,0.21006225328686312,2.8096948439231824,33.799683352007605,18.43494987485742,0.0313673759178074,0.09486610685982756,0.09991741841495538,4.105696624141373e-06,,0.0,0.3999999999999999,1.8
2403,19.909182500000497,339.41467702100465,140.7559458491448,71.29821185366512,29.567511148595045,18.434949874877773,0.21006225328686312,2.809192190280342,33.7981896890877,18.434949874876956,0.06711141767985647,0.2020538874587142,0.21290776364467992,1.6279404229386716e-07,,0.0,0.3999999999999999,1.8
2404,19.92065629999979,339.42041882800504,140.7387034117491,71.29941799058156,29.563889163343546,18.4349498748779,0.21006225328686312,2.810398327196779,33.8018116743392,18.434949874877738,0.02639786210539486,0.0798713354605782,0.08412061193305514,8.882472389090298e-09,-18.4349498748779,-0.8,0.3999999999999999,1.8
2406,19.940291400000206,339.43377167540757,140.6986509960102,71.30222291979473,29.55547566264385,18.43494987487793,0.21006225328686312,2.813203256409949,33.810225175038894,18.43494987487789,0.005718636018425552,0.017716282518852017,0.01861637623703968,9.506516530806414e-10,,0.0,0.3999999999999999,1.8
2408,19.955794999999853,339.4344975094981,140.69649104278042,71.3023753901393,29.55502193800141,18.43494987487793,0.21006225328686312,2.813355726754523,33.810678899681335,18.434949874877923,0.010505575587236502,0.03145135521624131,0.03315953653713105,1.567330814187066e-11,,0.0,0.3999999999999999,1.8
2410,19.973395099999834,339.4253704345536,140.72392486284224,71.30045813621054,29.56078474805986,18.43494987487793,0.21006225328686312,2.811438472825756,33.804916089622886,18.43494987487793,0.01901588554667743,0.056794853785049164,0.05989373355860735,2.049277578601231e-12,-18.43494987487793,-0.8,0.3999999999999999,1.8
2411,19.98465010000018,339.4202082702595,140.7393956749391,71.29937376034708,29.5640345817091,18.43494987487793,0.21006225328686312,2.8103540969622998,33.80166625597364,18.43494987487793,0.007173456190612826,0.02142051374079658,0.022589751717057373,-5.3504874624350475e-06,,0.0,0.3999999999999999,1.8
2414,20.00501710000026,339.4345261500358,140.6965026938803,71.30238140643519,29.555024385457703,18.43494987487793,0.21006225328686312,2.8133617430504074,33.81067645222504,18.43494987487793,-0.12668807832118556,-0.3795542167886334,0.4001390666640134,-5.941727468966469e-06,,0.0,0.3999999999999999,1.8
2415,20.01642450000054,339.4390682440519,140.68283844202477,71.30333552893885,29.55215404192345,18.43494987487793,0.21006225328686312,2.8143158655540645,33.813546795759294,18.434949569702148,-0.11570114946217679,-0.34637810373246825,0.36519110987559583,-9.735191685669966e-06,,0.0,0.3999999999999999,1.8
2416,20.020553800000016,339.4261046464622,140.72167396597496,71.30061236641845,29.560311919592003,18.43494987487793,0.21006225328686312,2.811592703033668,33.80538891809074,18.43494955749512,-0.09405814209102033,-0.2814485386754152,0.29674941283200756,-1.0510339564188109e-05,,0.0,0.3999999999999999,1.8
2418,20.036669099999926,339.421961969481,140.73406755927482,71.29974214635715,29.562915345726893,18.434948348999026,0.21006225328686312,2.8107224829723663,33.80278549195585,18.434949251831057,-0.12064165081103256,-0.36123530561369643,0.3808482032676953,-1.4471283777483358e-05,,0.0,0.3999999999999999,1.8
2420,20.05244230000062,339.4228531833953,140.73137173801865,71.29992935676015,29.562349055439363,18.434949813842774,0.21006225328686312,2.810909693375365,33.80335178224338,18.434949190698244,-0.14808358596278362,-0.44387968386176974,0.4679293987097004,-9.332018961060908e-06,,0.0,0.3999999999999999,1.8
2422,20.06846889999997,339.42397890684794,140.72805612394598,71.30016582876517,29.561652570076227,18.43494834655762,0.21006225328686312,2.811146165380393,33.80404826760652,18.4349488732959,-0.060052407659249754,-0.18013282458007424,0.1898792409845492,-1.1672934391394507e-05,,0.0,0.3999999999999999,1.8
2423,20.0804904000006,339.4209132447784,140.73730425315446,71.29952184888303,29.56359525293645,18.43494956921387,0.21006225328686312,2.810502185498251,33.80210558474629,18.434948860599807,-0.07001951407639147,-0.21012878953485356,0.22148778869923452,-4.235597351841419e-06,,0.0,0.3999999999999999,1.8
2424,20.084688200000528,339.4165304962532,140.75043095220462,71.29860119885224,29.56635267691715,18.434948287866213,0.21006225328686312,2.8095815354674585,33.7993481607656,18.434948799056805,-0.062370338927058885,-0.18719437690178636,0.19731141356121354,-6.599788217706727e-06,-18.434948287866213,-0.8,0.3999999999999999,1.8
2426,20.100655500000357,339.40863775501487,140.7741110256993,71.2969432318431,29.57132696651344,18.434948285518555,0.21006225328686312,2.807923568458321,33.794373871169306,18.434949089970864,-0.07547228202658109,-0.2261587127260839,0.2384194385871654,2.4715403762179953e-06,,0.0,0.3999999999999999,1.8
2428,20.11624050000046,339.4123558844687,140.76293958681129,71.29772427049419,29.568980268888165,18.434949506127776,0.21006225328686312,2.808704607109405,33.79672056879458,18.434948845337892,-0.054109219856707864,-0.16183505759284536,0.1706411249950642,-1.3489109333473333,,0.0,0.3999999999999999,1.8
2429,20.12818370000059,339.4094701967031,140.77154544357782,71.29711809641987,29.570788034552006,18.4349498011279,0.21006225328686312,2.8080984330350844,33.79491280313074,18.434949150509606,-0.002275773440051091,-0.0067209552105721194,0.0070958004265169764,-1.5687129125977393,,0.0,0.3999999999999999,1.8
2431,20.1445590000003,339.4136209858047,140.7590713521865,71.29799002053147,29.56816769880664,18.434948346049023,0.21006225328686312,2.8089703571466913,33.797533138876105,18.32450482482207,0.036109794034794085,-0.036172526504310965,0.05111133826207576,-1.5828272997948634,-18.434948346049023,-0.8,0.3999999999999999,1.8
2433,20.164657600000282,339.41743380062644,140.7477145196313,71.29879094900429,29.565782056969894,18.434949813724774,0.21006225328686312,2.8097712856195045,33.79991878071285,18.302415969860224,0.10604331071242284,0.105019611614745,0.14924577907117956,-1.584987862477482,,0.0,0.3999999999999999,1.8
2434,20.17718490000061,339.4226873075785,140.7750748396246,71.2998945125123,29.571529427438335,17.882726657080894,0.21006225328686312,2.810874849127515,33.79417141024441,18.301532122285973,0.11934432392256747,0.17095106847734215,0.20848821421384864,-1.5850111672597684,,0.0,0.3999999999999999,1.8
2435,20.18042460000015,339.4288529792384,140.76186487079482,71.3011896873942,29.568754511620103,18.324505231318525,0.21006225328686312,2.8121700240094185,33.79694632606264,18.301497073558785,0.0872180124698568,0.10526267230235783,0.13670117731543377,1.1185014886573954,,0.0,0.3999999999999999,1.8
2437,20.196506299999783,339.4300587738489,140.74821527116052,71.30144297932708,29.565887245964458,18.43053056325665,0.21006225328686312,2.812423315942297,33.79981359171829,18.30149561057454,0.08048006637591246,0.11204689717274441,0.13795487758651678,0.20550424085669672,-18.43053056325665,-0.8,0.3999999999999999,1.8
2439,20.212812900000245,339.42172272854134,140.76128963090017,71.29969189086627,29.56863367543165,18.43477310241308,0.21006225328686312,2.81067222748149,33.797067162251096,18.411940134090198,0.03924277065963967,0.15350671613543776,0.15844338720101556,0.17398562458638767,,0.0,0.3999999999999999,1.8
2441,20.228412399999797,339.4221801955582,140.74995601391856,71.29978798741864,29.566252910310606,18.434942498803554,0.21006225328686312,2.810768324033859,33.79944792737214,18.32358439768005,-0.01873048037321267,-0.11403758553302157,0.11556557363338146,0.16315042119168394,,0.0,0.3999999999999999,1.8
2443,20.243903700000374,339.4134712231599,140.76850234730546,71.29795856105284,29.570148794892063,18.434949274659175,0.21006225328686312,2.8089388976680567,33.79555204279068,18.320050107188486,0.011419368542035978,-0.041917277122101554,0.04344490878376774,0.1627297537394072,,0.0,0.3999999999999999,1.8
2444,20.256955200000448,339.4203004840126,140.7983992379494,71.29939313097584,29.576429003107005,17.882726549267772,0.21006225328686312,2.810373467591063,33.78927183457574,18.319201831118292,-0.08216960268977268,-0.2651577240629389,0.27759766251975676,-2.214396348564673,-17.882726549267772,-0.8,0.3999999999999999,1.8
2446,20.27241839999988,339.43255692722346,140.7587298321326,71.301967747054,29.56809595833457,18.412859110798838,0.21006225328686312,2.8129480836692125,33.79760487934817,18.319167900075485,-0.08934123038169065,-0.2678250424990836,0.28233332930376864,0.32358926308678093,,0.0,0.3999999999999999,1.8
2447,20.27673909999976,339.4207231551457,140.78515288649993,71.29948191822646,29.573646444673695,18.430531722062113,0.21006225328686312,2.8104622548416813,33.79205439300905,18.297077736681427,-0.033279566739261614,-0.21517653949164334,0.21773486792416072,0.4258180154192597,,0.0,0.3999999999999999,1.8
2449,20.292332900000474,339.4185185553509,140.77481344181982,71.29901881502597,29.571474517626456,18.434772843589517,0.21006225328686312,2.8099991516411933,33.79422632005629,18.406638485290163,-0.0522153185599984,-0.05959497830963782,0.079233837039792,0.44936786032099646,,0.0,0.3999999999999999,1.8
2451,20.307818899999802,339.430477172893,140.77394692776022,71.30153086917306,29.571292495730596,18.324498457688893,0.21006225328686312,2.812511205788283,33.79440834195215,18.411020976269672,-0.08997017684659557,-0.1356516371087817,0.1627759176662822,0.4502149867801993,,0.0,0.3999999999999999,1.8
2453,20.32443349999994,339.4316823501613,140.7504781588151,71.30178403142564,29.56636259324411,18.430530292311463,0.21006225328686312,2.8127643680408596,33.79933824443863,18.411897474465572,0.03498423310199487,0.17888978438182293,0.18227849988934464,1.8663887521727687,,0.0,0.3999999999999999,1.8
2455,20.341638500000045,339.42985795450227,140.73748716031656,71.30140079476263,29.563633674827063,18.434771565696366,0.21006225328686312,2.8123811313778475,33.80206716285568,18.411932595428564,0.03897723087376851,0.17691323657700017,0.18115605924930217,0.4725904687087325,,0.0,0.3999999999999999,1.8
2456,20.35286189999988,339.4324995838404,140.7220953313389,71.30195570137374,29.56040043254981,18.43491421304162,0.21006225328686312,2.812936037988962,33.80530040513294,18.434022867454587,-0.019307158824576075,0.11386061184255236,0.11548595287322948,0.4163549794999468,,0.0,0.3999999999999999,1.8
2458,20.368389400000524,339.431780140616,140.7125303646418,71.30180457350892,29.558391194092803,18.434948448404477,0.21006225328686312,2.8127849101241367,33.807309643589946,18.43490678351141,-0.02587790750655712,0.05652988004821437,0.06217148409989447,0.1311650855518881,,0.0,0.3999999999999999,1.8
2460,20.387988999999834,339.41972460107365,140.74084891317096,71.29927215970805,29.564339852206654,18.434949817818993,0.21006225328686312,2.8102524963232725,33.801360985476094,18.434942445329458,0.007700668021223815,0.11822801590199218,0.11847853827632587,0.07621068856423413,,0.0,0.3999999999999999,1.8
2462,20.404069600000184,339.4183760370788,140.74007823407516,71.2989888773166,29.564177961619226,18.434949872595574,0.21006225328686312,2.809969213931822,33.801522876063515,18.412860649473338,0.018531300700748734,-0.06233534133791666,0.06503156068691687,-0.32850718338002594,,0.0,0.3999999999999999,1.8
2464,20.42026690000057,339.42960423657036,140.70406128611407,71.30134749820215,29.556612160374005,18.434949874786636,0.21006225328686312,2.812327834817367,33.809088677308736,18.40844314912335,0.027637266083523022,-0.04683676164936891,0.05438290832946732,-0.3404719689008512,,0.0,0.3999999999999999,1.8
2466,20.436228100000335,339.4374757225493,140.7507709125965,71.3030010002836,29.566424089763093,18.324505233761,0.21006225328686312,2.81398133689882,33.79927674791965,18.407559603406202,-0.004173111641754587,-0.06820515960445304,0.06833270562068694,-0.3409073061413061,-18.324505233761,-0.8,0.3999999999999999,1.8
2467,20.44842299999982,339.4395538671608,140.73876008044405,71.30343754002335,29.563901067297298,18.412860946654543,0.21006225328686312,2.814417876638572,33.80179977038544,18.407524261577514,-0.013208049785457747,-0.061941892409135696,0.06333443466519673,0.22526079184569786,,0.0,0.3999999999999999,1.8
2468,20.45238100000006,339.4341224755793,140.7464919305114,71.30229660966926,29.565525237144524,18.430532089233253,0.21006225328686312,2.813276946284475,33.800175600538225,18.407522847904367,-0.04682055952455174,-0.13359891764898146,0.14156565823380832,0.3350816554995066,,0.0,0.3999999999999999,1.8
2470,20.467534800000067,339.4295927529903,140.7435065223293,71.30134508593544,29.564898115574813,18.434773163452142,0.21006225328686312,2.812325422550657,33.80080272210793,18.429611719580095,-0.06757808527779542,0.014360355236264163,0.06908702781510208,0.3568110131838494,,0.0,0.3999999999999999,1.8
2472,20.48351939999975,339.4278848558998,140.7352261003946,71.30098632122423,29.56315871148504,18.4349428064209,0.21006225328686312,2.8119666578394487,33.80254212619771,18.434029441927713,-0.07961556712688209,-0.023096092969190792,0.08289793748566107,0.3578478384970423,,0.0,0.3999999999999999,1.8
2474,20.50009349999982,339.427869665066,140.72535875102562,71.30098313020346,29.561085953842625,18.43494959213965,0.21006225328686312,2.811963466818682,33.80461488384012,18.434912691348984,-0.025526207667987008,0.05890104792985362,0.06419439792648664,0.35793557428181816,,0.0,0.3999999999999999,1.8
2476,20.515526600000157,339.4260777152727,140.72391806708072,71.3006067091921,29.560783320526884,18.434949558392617,0.21006225328686312,2.8115870458073147,33.80491751715586,18.43494797209261,-0.03256636011065206,-0.0030005647828383955,0.03270429940959873,0.0664021207146837,,0.0,0.3999999999999999,1.8
2478,20.532840100000612,339.42460959353264,140.72394818729802,71.30029831223128,29.5607896476476,18.434948336339612,0.21006225328686312,2.8112786488464963,33.80491119003514,18.434949383322355,-0.007051554859785546,0.04234920139362497,0.042932263912101955,0.011128000284870137,,0.0,0.3999999999999999,1.8
2479,20.54440010000053,339.4192169735785,140.7387034164534,71.2991655263326,29.563889164331744,18.434949567170268,0.21006225328686312,2.81014586294782,33.801811673351,18.434949134201897,0.05060890747267852,0.19418241557558816,0.20066906097938605,0.00048675842834068373,,0.0,0.3999999999999999,1.8
2481,20.561121300000195,339.4275854144863,140.71199194631643,71.30092341988619,29.558278092726166,18.434949862569624,0.21006225328686312,2.8119037565014082,33.80742274495658,18.434949185272234,0.07659259110174879,0.2536305147138096,0.264943131644645,2.6581475176101773e-05,,0.0,0.3999999999999999,1.8
2482,20.56472389999999,339.43252654160983,140.69682733228223,71.30196136418353,29.555092579731916,18.434948346537364,0.21006225328686312,2.8129417007987456,33.81060825795083,18.434949490534553,0.045215289779936475,0.14832747893888243,0.15506599704077048,9.561811223115772e-06,,0.0,0.3999999999999999,1.8
2484,20.58114690000002,339.44077688162895,140.67205550770612,71.30369444919833,29.549888954443432,18.434949813744307,0.21006225328686312,2.8146747858135512,33.81581188323931,18.434949246802493,0.07777752993455915,0.2388526870194478,0.2511970347339545,1.8051351504361334e-05,,0.0,0.3999999999999999,1.8
2485,20.59747740000057,339.4271955631807,140.7130158605691,71.30084152684249,29.558493178461255,18.434949862651205,0.21006225328686312,2.811821863457709,33.80720765922149,18.434949188209437,0.043857118923137726,0.1319006175157973,0.13900079057792045,1.330580755820715e-05,-18.434949862651205,-0.8,0.3999999999999999,1.8
2487,20.611520100000234,339.4315287479674,140.7006818842299,71.30175176540268,29.555902275599458,18.434948348509955,0.21006225328686312,2.812732102017904,33.80979856208329,18.434949481666603,-0.08427121894427578,-0.2620468612970928,0.2752638658778371,-7.801867644789254e-06,,0.0,0.3999999999999999,1.8
2488,20.62571399999979,339.42717234812466,140.7141414183231,71.30083665023551,29.558729615659264,18.434949569604335,0.21006225328686312,2.8118169868507294,33.80697122202348,18.434949188229112,-0.10732735027747038,-0.3338983699064596,0.35072393922253686,-1.1196073362149577e-06,,0.0,0.3999999999999999,1.8
2489,20.629117899999983,339.42145983507805,140.73173130794993,71.299636666873,29.56242458750934,18.434949813823213,0.21006225328686312,2.8106170034882183,33.803276250173404,18.434949117412728,-0.07472009631376099,-0.23758814090893893,0.24906067030686224,3.2711819745123674e-07,,0.0,0.3999999999999999,1.8
2491,20.644767599999795,339.4207332532422,140.7348906927088,71.29948403945536,29.56308825499079,18.434948346556837,0.21006225328686312,2.810464376070584,33.80261258269195,18.43494940803398,-0.06752896214210588,-0.21536530605906895,0.22570417759072695,-3.6425302388421973e-06,,0.0,0.3999999999999999,1.8
2493,20.661353999999847,339.419812368855,140.7384698833822,71.29929059640597,29.56384010784859,18.434949508569307,0.21006225328686312,2.8102709330211866,33.801860729834154,18.43494946850261,-0.052503823386298505,-0.17087328708316055,0.17875774587072815,4.983827993331523e-07,,0.0,0.3999999999999999,1.8
2494,20.67288009999993,339.42534188615906,140.72224945937094,71.30045213927045,29.560432809031514,18.434949801616206,0.21006225328686312,2.811432475885667,33.80526802865123,18.43494948059633,0.07101536892986296,0.20235201638995265,0.21445167558525677,7.76835685244633e-06,,0.0,0.3999999999999999,1.8
2496,20.688448699999753,339.42613144478923,140.72052511269504,71.30061799573541,29.560070588883328,18.434949871947463,0.21006225328686312,2.811598332350627,33.80563024879942,18.434949481080082,0.04977287744945991,0.14017265787559946,0.14874714567180378,4.204031392843446e-06,,0.0,0.3999999999999999,1.8
2497,20.69237620000058,339.4310873045567,140.70593007578117,71.30165903480514,29.557004722542395,18.43494987429184,0.21006225328686312,2.81263937142036,33.80869611514035,18.434949542134586,0.07206640581765883,0.20839565307667834,0.22050468264581313,2.6241676336487095e-06,,0.0,0.3999999999999999,1.8
2499,20.708684000000176,339.4220845580973,140.7333582243408,71.29976789759812,29.56276634123232,18.43494834897558,0.21006225328686312,2.810748234213335,33.802934496450426,18.434949554345486,0.07068805260985214,0.205145099472582,0.21698228641847425,1.0245530632163259e-06,-18.43494834897558,-0.8,0.3999999999999999,1.8
2501,20.725769499999842,339.43020223007153,140.70930038889924,71.30147311406445,29.557712698110258,18.434949813841836,0.21006225328686312,2.8124534506796692,33.80798813957249,18.43494948166986,0.05158473162205891,0.14925159751696,0.15791460951376368,3.916155020541389e-06,,0.0,0.3999999999999999,1.8
2502,20.73637719999988,339.43494313564287,140.695193139217,71.3024689993714,29.55474929745433,18.434949862670713,0.21006225328686312,2.8134493359866184,33.810951540228416,18.434949407958797,0.003845649631683952,0.008856149067249165,0.009655071071256243,4.5870279876052297e-07,,0.0,0.3999999999999999,1.8
2505,20.756420900000194,339.4268456538528,140.71963934363646,71.30076802410062,29.559884522238992,18.434949508569336,0.21006225328686312,2.811748360715839,33.80581631544375,18.43494969837361,0.07443103362196435,0.2214203292232836,0.23359567838335812,-1.7958329111035992e-07,,0.0,0.3999999999999999,1.8
2508,20.784791799999766,339.4304069892814,140.70901853657355,71.30151612624546,29.557653491575632,18.434949505736526,0.21006225328686312,2.812496462860679,33.80804734610712,18.434949648955048,0.0492576893208776,0.1464379508560559,0.15450046410335713,1.6253014401511006e-06,,0.0,0.3999999999999999,1.8
2509,20.78883810000025,339.43497143726177,140.69535155797152,71.30247494447323,29.554782575254865,18.43494980104965,0.21006225328686312,2.8134552810884514,33.810918262427876,18.434949639071338,0.043245915742820336,0.12873776949613153,0.13580729922678755,-7.811542171704629e-07,,0.0,0.3999999999999999,1.8
2511,20.804091099999823,339.43307904063454,140.7010970685036,71.3020774233736,29.555989490143517,18.43494956674902,0.21006225328686312,2.8130577599888227,33.80971134753923,18.434949711840048,0.07750365617600675,0.2320047938016167,0.24460793337007564,-4.250188599908403e-06,,0.0,0.3999999999999999,1.8
2512,20.816284600000472,339.4367838592797,140.69001807205754,71.30285566592623,29.5536622111859,18.43494981325215,0.21006225328686312,2.81383600254145,33.81203862649684,18.43494948039395,0.05667495440900652,0.16973181458602035,0.17894395586307507,-3.1450967010948007e-06,,0.0,0.3999999999999999,1.8
2514,20.832491799999843,339.44345194530655,140.66994764744794,71.30425637910213,29.549446172567983,18.4349498724129,0.21006225328686312,2.8152367157173472,33.81625466511476,18.43494943410473,-0.18298983311122782,-0.5480120703448785,0.5777564437249966,-1.9727648433241637e-05,,0.0,0.3999999999999999,1.8
2515,20.848133999999845,339.4376604716782,140.68727756127606,71.30303980910192,29.553086533315987,18.43494834850602,0.21006225328686312,2.814020145717137,33.81261430436676,18.434949493288315,-0.21171159842796933,-0.6338237600143782,0.6682472294500665,-2.452177677974742e-05,,0.0,0.3999999999999999,1.8
2516,20.851566100000127,339.4219532648922,140.734319390319,71.2997403178516,29.562968245923482,18.43494956960355,0.21006225328686312,2.81072065446682,33.802732591759266,18.434949200340004,-0.24579332912582472,-0.7357832874623265,0.775752155492735,-1.7175508690446622e-05,,0.0,0.3999999999999999,1.8
2518,20.868071099999725,339.4086219112091,140.77424846226114,71.29693990365756,29.5713558367473,18.434949862666954,0.21006225328686312,2.8079202402727788,33.794345000935444,18.43494888344629,-0.2691698728430027,-0.8063183787685295,0.850059849884835,-1.9821459950037142e-05,,0.0,0.3999999999999999,1.8
2520,20.88455419999991,339.4002584892015,140.79927458498264,71.29518306438547,29.576612880477214,18.434948348510588,0.21006225328686312,2.8061634010006884,33.78908795720553,18.434949176025203,-0.23599241877127816,-0.7069188084360443,0.7452694971875308,-2.0694820162600983e-05,,0.0,0.3999999999999999,1.8
2522,20.899761900000158,339.3980534938319,140.80597425384656,71.29471987808964,29.578020228015042,18.43494828794433,0.21006225328686312,2.8057002147048564,33.7876806096677,18.43494893139648,-0.07802102663905233,-0.23363739522293844,0.24632034638732395,3.256604318748574e-07,,0.0,0.3999999999999999,1.8
2524,20.916539800000464,339.40509112717797,140.78486664648065,71.29619821920812,29.573586316450267,18.434949811400585,0.21006225328686312,2.8071785558233415,33.79211452123248,18.43494892161133,0.0011837943246829144,0.003989230478074063,0.004161169163870473,8.109598265888061e-06,,0.0,0.3999999999999999,1.8
2526,20.931875199999922,339.39257054530214,140.8223028378904,71.29356811756682,29.581450247172274,18.434948346459933,0.21006225328686312,2.80454845418204,33.78425059051047,18.43494922443933,0.02458134657567909,0.07392132676331445,0.0779012525568258,-1.781575929011657,-18.434948346459933,-0.8,0.3999999999999999,1.8
2528,20.947945200000504,339.40988684011165,140.7702860248413,71.29720561747308,29.570523478214383,18.434949813741213,0.21006225328686312,2.8081859540883016,33.79517735946836,18.43494954133696,0.013279748305907148,0.040301889641768236,0.04243340693092542,-2.0340578491086925,,0.0,0.3999999999999999,1.8
2529,20.96034370000052,339.4105008848326,140.76847253770447,71.29733460509078,29.57014253302011,18.434949862650587,0.21006225328686312,2.8083149417060014,33.795558304662634,18.324504912899577,0.025015952174020747,-0.01947329108909222,0.03170184425255748,-2.035317525482448,,0.0,0.3999999999999999,1.8
2530,20.9638429000006,339.40905222316127,140.77281424038316,71.29703029595585,29.571054560867896,18.434949872432462,0.21006225328686312,2.8080106325710688,33.794646276814845,18.320087432937868,0.07483456004276222,0.12380374341767879,0.14466367291419166,-2.035830031297548,,0.0,0.3999999999999999,1.8
2532,20.991895000000113,339.42865528726304,140.7774354496553,71.3011481597724,29.572025302500514,17.882726669213707,0.21006225328686312,2.812128496387615,33.79367553518223,18.3199107337394,0.061882359425560245,0.15917724350204365,0.1707829653594969,-2.0359800591060098,,0.0,0.3999999999999999,1.8
2534,21.00579310000012,339.43378863611804,140.763965615872,71.30222648259979,29.569195798864595,18.412860946651364,0.21006225328686312,2.8132068192150115,33.796505038818154,18.319875393899704,0.07689637530338776,0.2416329719381935,0.25357355079440613,2.053303185153098,,0.0,0.3999999999999999,1.8
2536,21.015887499999735,339.4415538521353,140.7227919107454,71.30385766137364,29.560546757589535,18.43406631774887,0.21006225328686312,2.8148379979888603,33.80515408009321,18.319868020755983,0.13111501639755122,0.4930291304950385,0.5101655329808393,2.546549489557931,,0.0,0.3999999999999999,1.8
2537,21.025459299999966,339.4454485826627,140.70260578408283,71.30467579724417,29.55630641433766,18.434773163452117,0.21006225328686312,2.8156561338593917,33.80939442334508,18.430312366943518,0.11375951974106918,0.5703547305505486,0.5815889845871461,2.5500457252702122,,0.0,0.3999999999999999,1.8
2538,21.02912910000032,339.4486653072868,140.68519963327657,71.3053515096669,29.552650039078245,18.434913006713863,0.21006225328686312,2.816331846282125,33.8130507986045,18.434730093599768,0.07326407582187021,0.4731986280296527,0.4788366802733249,2.551156945893215,,0.0,0.3999999999999999,1.8
2540,21.044904500000484,339.45317242582166,140.6587631637253,71.30629828514218,29.547096734715357,18.43494840015137,0.21006225328686312,2.8172786217573957,33.818604102967385,18.43490649749024,0.02565789778514506,0.2733488899238878,0.27455043861078543,2.5513789812051666,,0.0,0.3999999999999999,1.8
2541,21.056629100000464,339.44620173682654,140.67451363639032,71.30483400650489,29.550405314493702,18.43494957993262,0.21006225328686312,2.8158143431201097,33.81529552318904,18.43494182747399,0.01503409066278635,0.21811253251098012,0.21863005447652945,0.2436753388700263,,0.0,0.3999999999999999,1.8
2543,21.076044500000535,339.4391367693182,140.68767826621482,71.3033499235107,29.553170706298324,18.434948337201213,0.21006225328686312,2.8143302601259137,33.81253013138442,18.434949200614746,-0.032571011097858815,-0.005415262275176611,0.033018113656685374,0.0029103582961733238,,0.0,0.3999999999999999,1.8
2545,21.092124400000102,339.44161345225723,140.67490833554712,71.30387018110955,29.55048822588795,18.434949813370864,0.21006225328686312,2.8148505177247642,33.81521261179479,18.434949129329432,-0.06170346173930932,-0.12314701835401146,0.13774071772753924,0.0006767377242764082,-18.434949813370864,-0.8,0.3999999999999999,1.8
2547,21.109005299999808,339.4372821609565,140.6846559454712,71.30296034029926,29.552535830792767,18.434949872417647,0.21006225328686312,2.813940676914484,33.813165006889975,18.434948807458333,-0.0421969609624508,-0.08205369275170715,0.09226804435262598,7.418736693860512e-05,,0.0,0.3999999999999999,1.8
2549,21.12540170000011,339.4305970417981,140.70312653736343,71.30155604910536,29.55641580494519,18.43494804372483,0.21006225328686312,2.812536385720577,33.809285032737556,18.434949038821646,-0.05205854273495253,-0.12924610322258112,0.13933645276778425,-1.7662749072123788e-06,,0.0,0.3999999999999999,1.8
2551,21.141659300000356,339.42847977421883,140.7090645797278,71.30111129110685,29.55766316350436,18.43494797057712,0.21006225328686312,2.8120916277220687,33.80803767417839,18.434949048076177,-0.06599329847591254,-0.186444441834621,0.1977792843923606,2.9253235996978085e-06,,0.0,0.3999999999999999,1.8
2552,21.152457899999717,339.42201557343753,140.7285166026956,71.29975340652503,29.561749299279967,18.43494949401777,0.21006225328686312,2.810733743140247,33.80395153840278,18.43494904795886,-0.09042139196901348,-0.27204628547827636,0.28667962879866754,2.5689495329115273e-05,-18.43494949401777,-0.8,0.3999999999999999,1.8
2554,21.16849860000002,339.4191658140381,140.73761660010746,71.29915477964425,29.563660865241204,18.434949859643524,0.21006225328686312,2.810135116259474,33.80203997244154,18.434949353129948,-0.07055277921997354,-0.21867610934415582,0.22977583740149773,2.3059690144320162e-05,,0.0,0.3999999999999999,1.8
2555,21.172492300000158,339.415818980365,140.74806000329835,71.29845173622151,29.565854630047465,18.43494987183105,0.21006225328686312,2.809432072836728,33.799846207635284,18.43494973154773,-0.06440427683388247,-0.2037426242416447,0.21367959146200038,1.9144745579584886e-05,,0.0,0.3999999999999999,1.8
2557,21.188132199999927,339.41683875341147,140.74581037557238,71.2986659520455,29.56538206817829,18.434949569580276,0.21006225328686312,2.8096462886607156,33.80031876950446,18.43494974658691,-0.03033653774700579,-0.10333502219096669,0.10769601818861775,1.8400865552029274e-05,,0.0,0.3999999999999999,1.8
2559,21.204157799999848,339.41709703878746,140.7459673202262,71.29872020805357,29.56541503632592,18.434949862666024,0.21006225328686312,2.809700544668786,33.80028580135682,18.434949442012698,-0.04537445677214732,-0.14890872942982253,0.1556684008646956,1.522270968606236e-05,-18.434949862666024,-0.8,0.3999999999999999,1.8
2561,21.220487700000376,339.4205635753002,140.73635550908884,71.29944839652454,29.563395957620234,18.434949569213675,0.21006225328686312,2.8104287331397586,33.80230488006251,18.434949381097855,-0.022486831246587007,-0.07684972977185367,0.08007208343436191,-4.674271930402431e-06,,0.0,0.3999999999999999,1.8
2563,21.236044299999776,339.41223149726,140.76205615486492,71.29769814143685,29.568794693182884,18.434948336772454,0.21006225328686312,2.808678478052073,33.79690614449986,18.43494942985254,-0.0646475567871145,-0.20368874444390545,0.21370168743292087,-1.9228762200730625e-06,,0.0,0.3999999999999999,1.8
2564,21.248532600000544,339.4085693489244,140.7732929693803,71.2969288623056,29.571155123759752,18.434949567256837,0.21006225328686312,2.807909198920825,33.79454571392299,18.434949370767573,-0.03241427600033419,-0.10547219862167734,0.11034069952069543,4.798918701278415e-06,,0.0,0.3999999999999999,1.8
2565,21.25185000000056,339.4054565462155,140.78283129898568,71.29627497995453,29.57315876676925,18.43494981335371,0.21006225328686312,2.8072553165697514,33.7925420709135,18.434949419594954,-0.04607775332353587,-0.14515373049238492,0.15229170964698155,6.360492784111309e-06,,0.0,0.3999999999999999,1.8
2567,21.268701699999838,339.4186573030594,140.74360049439463,71.29904796068224,29.564917855558598,18.43494956724118,0.21006225328686312,2.810028297297464,33.80078298212415,18.434949665688674,0.005107797461374831,0.00958023161441747,0.010856815034452376,5.851819332612644e-06,,0.0,0.3999999999999999,1.8
2568,21.280772199999774,339.41729402547185,140.7478965835596,71.29876158752036,29.565820301728913,18.43494981335058,0.21006225328686312,2.8097419241355794,33.79988053595383,18.434949714907418,0.010300240339869308,0.02570755928413312,0.027694287414668933,7.571489663809593e-06,,0.0,0.3999999999999999,1.8
2570,21.297438100000363,339.42867258191427,140.71404852914827,71.3011517927258,29.558710103149892,18.434949567241055,0.21006225328686312,2.8121321293410233,33.80699073453285,18.434949724751167,0.0034985802745652536,0.007432749029237656,0.008214975475873949,5.229832876322894e-06,,0.0,0.3999999999999999,1.8
2571,21.31332300000031,339.4259776547559,140.7222438217402,71.30058569025448,29.560431624778097,18.434949813350556,0.21006225328686312,2.8115660268696985,33.80526921290465,18.434949786180074,-0.005532696470244545,-0.018825491376010445,0.019621668017273663,3.0643748236116676e-06,,0.0,0.3999999999999999,1.8
2572,21.317409500000394,339.4214815963062,140.73577106896045,71.29964123808563,29.56327318880995,18.434949862572456,0.21006225328686312,2.8106215747008463,33.80242764887279,18.434949798481604,-0.022148125567157464,-0.06811511802581766,0.07162547570389773,1.6482535487377767e-06,-18.434949862572456,-0.8,0.3999999999999999,1.8
2574,21.33370290000039,339.4307424715953,140.7080235412363,71.30158659841626,29.557444480613075,18.434949874385712,0.21006225328686312,2.8125669350314837,33.808256357069666,18.43494986000882,-0.028079730878609075,-0.08498176100648015,0.08950067591911036,1.5303729406517754e-06,,0.0,0.3999999999999999,1.8
2576,21.34992990000046,339.4224921594796,140.73283675269934,71.29985351926291,29.562656799724287,18.43494987485824,0.21006225328686312,2.81083385587813,33.80304403795846,18.434949811279136,-0.02189297729425543,-0.06598862448422561,0.06952554218506263,-3.5259250226787397e-06,,0.0,0.3999999999999999,1.8
2578,21.365692999999737,339.4310287915837,140.70715063993921,71.30164674343818,29.557261116999715,18.434949874877145,0.21006225328686312,2.812627080053403,33.808439720683026,18.434949811298825,0.024639042674242807,0.07418175850586356,0.07816658953111245,-4.85722550277478e-06,,0.0,0.3999999999999999,1.8
2580,21.37994030000027,339.4307097462513,140.70806009706408,71.30157972405677,29.55745215961263,18.43494956970212,0.21006225328686312,2.8125600606719843,33.808248678070115,18.434949506201956,-0.010910915021214758,-0.032321128884147024,0.03411309776238172,-5.6298133544266656e-06,,0.0,0.3999999999999999,1.8
2582,21.396679600000425,339.4308328570655,140.70762198116415,71.3016055849918,29.557360127999495,18.434949862670898,0.21006225328686312,2.812585921607024,33.80834070968325,18.434949445166833,0.0450012426995651,0.13536286226881675,0.14264717426613052,-1.5997857259997603e-06,,0.0,0.3999999999999999,1.8
2585,21.424827700000606,339.42301346352593,140.73104231695118,71.29996302556553,29.56227985650765,18.43494834890137,0.21006225328686312,2.810943362180751,33.803420981175094,18.434949442725426,0.04644417538900059,0.1396330424170476,0.14715450371023397,-1.5692276769503343e-06,,0.0,0.3999999999999999,1.8
2586,21.428381499999887,339.42593616617444,140.72229228700147,71.30057697506957,29.560441805500087,18.43494956968262,0.21006225328686312,2.811557311684794,33.80525903218266,18.434949503662924,0.045145223432194743,0.13573475822113548,0.14304550250914178,6.214131494307658e-06,-18.43494956968262,-0.8,0.3999999999999999,1.8
2588,21.4442054000001,339.43504920252457,140.69489874584286,71.30249128001957,29.554687456518803,18.43494986267012,0.21006225328686312,2.8134716166347857,33.811013381163946,18.434949506100427,0.05857162311872031,0.17571861805654138,0.1852232916413648,7.735236066436323e-06,,0.0,0.3999999999999999,1.8
2590,21.461642700000084,339.43411959127104,140.69762981816058,71.30229600378496,29.55526115172375,18.43494987438962,0.21006225328686312,2.8132763404001793,33.810439685959,18.43494981129558,0.06287276912872326,0.18870101318147503,0.1988996165748666,3.7431767734677006e-06,,0.0,0.3999999999999999,1.8
2592,21.477059300000292,339.43915983346324,140.68255411888407,71.30335476841697,29.552094316363853,18.434949874858397,0.21006225328686312,2.8143351050321854,33.81360652131889,18.434949872334613,0.03253916754484764,0.09791442523219818,0.10317961083985243,-4.897727910881481e-06,,0.0,0.3999999999999999,1.8
2594,21.492160499999954,339.43651082882485,140.69045244859237,71.30279831253367,29.55375345729958,18.434949874877148,0.21006225328686312,2.8137786491488868,33.81194738038316,18.43494956960039,0.02215542018398528,0.0666187858003688,0.07020630502344047,-5.725820754821625e-06,,0.0,0.3999999999999999,1.8
2595,21.504336900000453,339.43773335906167,140.6867847124899,71.30305511998992,29.552983004389436,18.434949874877773,0.21006225328686312,2.81403545660514,33.812717833293306,18.434949252315242,0.01571397261970428,0.04714328841241816,0.04969324479070828,-9.352980008948995e-06,,0.0,0.3999999999999999,1.8
2597,21.52025909999975,339.4429676946826,140.67108166019224,71.30415465632491,29.549684385840308,18.43494834899902,0.21006225328686312,2.8151349929401306,33.81601645184244,18.434949188842587,-0.026490302568204546,-0.0794143767483806,0.08371606395721647,-1.015362113605205e-05,,0.0,0.3999999999999999,1.8
2599,21.54030310000053,339.43882592281216,140.68351269500957,71.30328462639321,29.552295677024723,18.43494828796387,0.21006225328686312,2.8142649630084264,33.81340516065802,18.43494917614743,-0.08603605808530798,-0.2582292171149577,0.27218473848227137,7.0203868681132415e-06,-18.43494828796387,-0.8,0.3999999999999999,1.8
2600,21.551869900000383,339.4309879138085,140.70704531852778,71.30163815656061,29.557238992946708,18.43494955749512,0.21006225328686312,2.812618493175833,33.80846184473604,18.434949175639648,-0.0754018013092841,-0.22626467686276835,0.23849766379672935,1.6104288811564325e-05,,0.0,0.3999999999999999,1.8
2601,21.556505900000047,339.4236039120459,140.7292019729425,71.3000870565121,29.561893269698363,18.434949811401367,0.21006225328686312,2.811067393127317,33.80380756798438,18.43494948079512,-0.06948113454893143,-0.2085354754106845,0.21980598846020305,-44.857694964013035,,0.0,0.3999999999999999,1.8
2603,21.572897799999737,339.42939882848725,140.71179292726399,71.30130434971737,29.55823628633556,18.43494987233887,0.21006225328686312,2.812284686332589,33.80746455134718,18.434949798177122,-0.0666662903071225,-0.20012006912639935,0.21093230271930466,-75.32239190261046,,0.0,0.3999999999999999,1.8
2605,21.58933640000032,339.4371195617902,140.68864351394765,71.30292618435202,29.553373468412065,18.43494987477637,0.21006225328686312,2.8139065209672367,33.812327369270676,14.747959886678096,-0.03819739947104074,-0.11464585115692698,0.12084168367681129,-75.32239189383046,,0.0,0.3999999999999999,1.8
2607,21.61354140000003,339.4337397266402,140.6988067067433,71.30221620856467,29.55550837159131,18.43494987487387,0.21006225328686312,2.813196545179892,33.810192466091436,11.060969924397822,0.02871804697540736,0.08614261959354026,0.09080350837120277,-75.32240505843231,,0.0,0.3999999999999999,1.8
